feature_idx,seq_effect_obs,struct_effect_obs,seq_effect_shuffle,struct_effect_shuffle,seq_delta,struct_delta
0,0.09934901,-0.003949736,0.060978718,0.03356368,0.03837029,-0.037513416
1,0.012151908,0.028686369,0.022030726,0.016698584,-0.009878818,0.011987785
2,0.33178917,0.12572142,0.22507313,0.15024318,0.10671604,-0.024521753
3,0.6772086,0.1481638,0.23990084,0.18207568,0.43730778,-0.033911884
4,0.6807335,0.16435705,0.25642344,0.16297185,0.42431006,0.001385197
5,0.08547709,0.030578082,0.057536855,0.03444057,0.027940236,-0.0038624872
6,0.6587456,0.19722125,0.21501364,0.16068426,0.44373196,0.03653699
7,0.747076,0.21559425,0.31731543,0.2419926,0.42976055,-0.026398346
8,0.69011605,0.25563893,0.37504417,0.26284626,0.31507188,-0.007207334
9,0.029167295,-0.011071809,0.052214947,0.034948274,-0.023047652,-0.046020083
10,0.18351004,0.0491433,0.10035767,0.058877483,0.08315237,-0.009734184
11,0.16989844,-0.008428165,0.08754184,0.048348177,0.082356595,-0.05677634
12,0.7886883,0.24577986,0.31965873,0.23789877,0.46902958,0.00788109
13,0.782748,0.10227507,0.17968376,0.12490708,0.60306424,-0.022632003
14,0.14035346,-0.012343116,0.03455255,0.025770165,0.105800904,-0.03811328
15,0.12942605,0.17531241,0.06325993,0.047681786,0.06616612,0.12763062
16,0.85717696,0.1547432,0.28607702,0.18414012,0.57109994,-0.029396921
17,0.7756254,0.24380311,0.30712506,0.22158733,0.46850035,0.022215784
18,0.94288784,0.29264545,0.31020245,0.23205492,0.6326854,0.060590535
19,0.1681173,0.058441214,0.049916252,0.031925302,0.11820105,0.026515912
20,0.1578733,0.058675386,0.10627088,0.07109296,0.051602423,-0.012417577
21,0.068750285,-0.01834924,0.06227071,0.03575104,0.006479576,-0.054100282
22,0.84105104,0.3156303,0.4649003,0.30616048,0.37615073,0.009469807
23,0.73471797,0.1640514,0.16713463,0.116531655,0.5675833,0.047519743
24,0.43863812,0.12944935,0.2137009,0.1401775,0.22493722,-0.010728151
25,0.71406686,0.28610262,0.35740638,0.27056774,0.3566605,0.015534878
26,0.0038063743,0.011603598,0.036541723,0.023219196,-0.032735348,-0.011615599
27,0.18429999,0.07789388,0.0847749,0.061036162,0.099525094,0.01685772
28,0.3403794,0.148982,0.17568119,0.14286138,0.1646982,0.006120622
29,0.8864825,0.22910511,0.35727334,0.24017458,0.52920914,-0.011069462
30,0.16014187,0.05480342,0.0642725,0.03729636,0.09586937,0.017507061
31,0.19041203,0.0957344,0.055704344,0.038233653,0.13470769,0.05750075
32,0.525966,0.15889797,0.18196534,0.13366258,0.34400064,0.025235385
33,0.686476,0.27582175,0.373988,0.25695485,0.312488,0.018866897
34,0.9780929,0.26743355,0.4438077,0.28865665,0.5342852,-0.021223098
35,0.5859851,0.14667614,0.15929544,0.11744219,0.42668968,0.029233947
36,0.8419541,0.21730255,0.25175527,0.18505213,0.5901989,0.03225042
37,0.87396055,0.1993764,0.29542646,0.19647822,0.5785341,0.0028981864
38,0.44109803,0.16002624,0.1909761,0.14538297,0.25012195,0.014643267
39,0.740325,0.17300609,0.2131358,0.15417974,0.5271892,0.01882635
40,0.09412262,0.031246928,0.07149531,0.04830398,0.022627309,-0.017057052
41,0.7120819,0.3230713,0.4194753,0.31308156,0.29260662,0.009989738
42,0.13128686,0.101415314,0.09560513,0.06676235,0.035681732,0.034652963
43,1.0620953,0.30566466,0.45056298,0.31240734,0.61153233,-0.006742686
44,0.77982575,0.3950299,0.493613,0.3548231,0.28621274,0.04020679
45,0.06615252,0.032555066,0.022978527,0.018040668,0.04317399,0.014514398
46,0.7676929,0.310497,0.48614135,0.3277781,0.28155157,-0.017281115
47,0.66289145,0.13433,0.19975492,0.14657551,0.46313652,-0.012245506
48,0.8506268,0.2680123,0.33668208,0.25515607,0.51394475,0.012856215
49,0.6203038,0.1660213,0.19878285,0.13145156,0.42152095,0.03456974
50,0.08573951,0.078387804,0.06307375,0.05364351,0.022665761,0.024744295
51,0.842035,0.30242237,0.36545768,0.25864553,0.4765773,0.04377684
52,0.779104,0.16106944,0.24942394,0.1558615,0.5296801,0.005207941
53,0.93635166,0.20933144,0.2749149,0.18413326,0.6614368,0.025198177
54,0.37640548,0.1252199,0.20162176,0.13348418,0.17478372,-0.008264288
55,0.38143942,0.114289984,0.14774969,0.09671793,0.23368973,0.017572053
56,0.097192556,-0.003520069,0.054248527,0.033169042,0.04294403,-0.03668911
57,0.10057235,0.03001046,0.023232752,0.017322356,0.0773396,0.012688104
58,0.15838179,0.042053785,0.056658994,0.03657779,0.10172279,0.005475994
59,0.4591915,0.15114464,0.23635271,0.15208828,0.22283879,-0.00094364583
60,0.70781046,0.2846287,0.31403697,0.23344998,0.3937735,0.05117871
61,0.0647507,0.07788184,0.02811825,0.027048552,0.03663245,0.050833292
62,0.715116,0.10687521,0.18621777,0.13762037,0.52889824,-0.030745164
63,0.0007853676,0.031188592,0.036204923,0.024743188,-0.035419554,0.006445404
64,0.75591886,0.22353101,0.34872448,0.22929077,0.40719438,-0.0057597607
65,0.14082116,0.04382843,0.036173545,0.028148934,0.104647614,0.015679497
66,0.6998866,0.23740505,0.31195253,0.22995315,0.3879341,0.007451892
67,0.028969904,0.026673354,0.028545082,0.016368914,0.0004248228,0.01030444
68,0.7713321,0.21867532,0.2836285,0.2021907,0.4877036,0.016484618
69,0.3617861,0.08583368,0.11217542,0.08472316,0.24961068,0.0011105239
70,-0.016043643,0.11342983,0.013545841,0.0047891955,-0.029589484,0.10864063
71,0.96391475,0.24547696,0.37882304,0.25109875,0.5850917,-0.005621791
72,1.018472,0.33112317,0.39322934,0.27668744,0.6252426,0.05443573
73,-0.0046471125,0.042752367,0.006325886,0.006856746,-0.010972999,0.03589562
74,0.12029453,0.047372848,0.084175654,0.061215997,0.03611888,-0.013843149
75,0.09817609,0.047854174,0.075192906,0.055026073,0.022983186,-0.007171899
76,0.64940625,0.2335475,0.26806065,0.19522358,0.3813456,0.03832391
77,0.6781098,0.13791828,0.17052828,0.114676245,0.50758153,0.023242034
78,0.35312703,0.11991441,0.13915972,0.0944675,0.21396731,0.025446914
79,0.54549444,0.17070605,0.27665228,0.19000109,0.26884216,-0.019295037
80,1.03703,0.34421086,0.5585173,0.37085518,0.4785127,-0.02664432
81,0.01150829,0.068497375,0.054514166,0.036528714,-0.043005876,0.03196866
82,0.4249612,0.20634653,0.1836205,0.11705425,0.24134071,0.08929228
83,0.77946645,0.2486281,0.32257307,0.21868628,0.45689338,0.029941812
84,0.19662738,0.110952064,0.059547435,0.04117956,0.13707994,0.069772504
85,0.08840291,0.1698704,0.11111036,0.07804401,-0.022707447,0.091826394
86,0.64224154,0.21666919,0.3121336,0.20870638,0.33010793,0.007962808
87,0.7845446,0.29736456,0.4641894,0.31498346,0.32035518,-0.017618895
88,0.30964822,0.21602032,0.11833406,0.08102307,0.19131416,0.13499725
89,0.29277313,0.0645063,0.09770115,0.068818286,0.19507198,-0.0043119863
90,0.01934756,0.04162623,0.03187533,0.0196208,-0.012527771,0.02200543
91,0.058450516,0.039005302,0.029705975,0.026717551,0.028744541,0.012287751
92,0.039684016,0.15202811,0.05747449,0.044176936,-0.017790474,0.10785118
93,0.44228286,0.12313219,0.16625,0.12288574,0.27603287,0.0002464503
94,0.30696326,0.16159463,0.18314284,0.14656863,0.123820424,0.015026003
95,0.43749234,0.19525725,0.18062288,0.12354674,0.25686947,0.071710505
96,0.1267706,0.002554099,0.050154872,0.03266696,0.07661573,-0.030112859
97,0.38835537,0.12605616,0.2076788,0.1327867,0.18067658,-0.0067305416
98,0.96335584,0.19042976,0.3091691,0.2212844,0.6541867,-0.030854642
99,0.46778563,0.16063955,0.27856922,0.17588352,0.1892164,-0.015243962
100,0.6836942,0.1917694,0.22655798,0.16937377,0.4571362,0.02239564
101,0.25878915,0.10718243,0.16411892,0.12703466,0.094670236,-0.019852236
102,0.5104584,0.25971532,0.31966588,0.24137896,0.19079253,0.018336356
103,0.16154382,0.11610011,0.09175916,0.05316147,0.069784656,0.062938645
104,0.049450632,0.032162435,0.027819738,0.015908478,0.021630894,0.016253958
105,0.716955,0.2307309,0.20171504,0.13671663,0.51523995,0.09401427
106,0.23992176,0.05542804,0.1209807,0.07353353,0.11894106,-0.018105488
107,0.5324207,0.09455724,0.1660917,0.104758784,0.366329,-0.010201544
108,0.30665445,0.086173885,0.18070166,0.09962007,0.1259528,-0.013446182
109,0.018014705,-0.025727216,0.035558626,0.0180874,-0.017543921,-0.043814614
110,0.58812374,0.24288821,0.31945384,0.24068433,0.2686699,0.0022038817
111,0.8577532,0.38598397,0.5329487,0.37836397,0.32480454,0.007620007
112,0.055070944,0.03458864,0.051994972,0.033582814,0.0030759722,0.0010058247
113,0.75006276,0.2758439,0.36033347,0.23994541,0.3897293,0.035898477
114,0.13187443,0.02585027,0.06731973,0.043877136,0.0645547,-0.018026866
115,0.9318299,0.44576198,0.60070056,0.46131542,0.33112937,-0.015553445
116,-0.013984924,0.009320256,0.0246116,0.015874755,-0.038596526,-0.0065544983
117,0.43221548,0.082845725,0.13662347,0.0938093,0.295592,-0.010963574
118,0.4660174,0.19281301,0.2534794,0.18477292,0.212538,0.008040085
119,-0.042768568,0.111367665,0.004314274,-0.00048231657,-0.04708284,0.11184998
120,0.89465845,0.20059168,0.31581733,0.2052733,0.5788411,-0.004681617
121,0.407152,0.19128564,0.24988756,0.16301055,0.15726444,0.028275087
122,0.008916817,0.039546702,0.032176483,0.025684295,-0.023259666,0.013862407
123,0.6158949,0.14796437,0.22756281,0.15475155,0.3883321,-0.006787181
124,0.95077735,0.30332872,0.46576837,0.33166242,0.48500898,-0.028333694
125,0.087890014,0.02548608,0.06814803,0.034887694,0.019741982,-0.009401614
126,0.06872775,0.016288564,0.03820717,0.028508427,0.030520577,-0.012219863
127,0.49861434,0.10319268,0.13693331,0.10091081,0.36168104,0.002281867
128,0.848572,0.25134024,0.3577434,0.27957058,0.4908286,-0.02823034
129,0.14100137,0.039136555,0.078391254,0.057586983,0.06261012,-0.018450428
130,0.87523854,0.19693585,0.32132766,0.2050397,0.55391085,-0.0081038475
131,0.8222738,0.3786595,0.50032973,0.37163636,0.32194406,0.007023126
132,0.06427078,0.05598548,0.05751571,0.03975735,0.006755069,0.016228132
133,0.18525898,0.111145325,0.11353063,0.07690444,0.071728356,0.034240887
134,0.7100933,0.22457568,0.32025543,0.23758489,0.3898379,-0.013009205
135,0.890454,0.24878524,0.28265223,0.2064613,0.6078018,0.042323947
136,0.62022513,0.25612393,0.35007298,0.23915939,0.27015215,0.01696454
137,0.62645066,0.219762,0.31590384,0.22111394,0.31054682,-0.0013519377
138,0.9245379,0.23978129,0.32493827,0.23326738,0.5995996,0.0065139085
139,0.13169345,0.047438778,0.04212841,0.029987346,0.08956504,0.017451432
140,0.38316795,0.112108536,0.13435124,0.09710182,0.24881671,0.015006714
141,0.3650067,0.16121145,0.20543058,0.14315473,0.1595761,0.01805672
142,1.0977635,0.3216157,0.37825534,0.27299318,0.7195082,0.04862252
143,0.49583384,0.21659581,0.30514154,0.23113005,0.1906923,-0.014534235
144,0.05641241,0.06244562,0.04223512,0.032553017,0.014177289,0.029892601
145,0.19090205,0.04683995,0.090078555,0.057987634,0.1008235,-0.011147685
146,0.021433206,-0.054945067,0.012412479,0.0032925713,0.009020727,-0.05823764
147,0.727824,0.16283108,0.34672737,0.21393655,0.3810966,-0.05110547
148,0.4909059,0.09376502,0.12448778,0.089657076,0.36641812,0.0041079447
149,0.2684135,0.129876,0.11681622,0.08625013,0.15159729,0.043625876
150,0.87105036,0.2655965,0.38966164,0.2726907,0.48138872,-0.0070942044
151,0.12985548,0.10335223,0.07518869,0.051385593,0.054666795,0.051966634
152,0.07189924,0.053705133,0.045404974,0.030905686,0.026494268,0.022799447
153,1.164392,0.42295444,0.58312577,0.42505437,0.5812662,-0.0020999312
154,0.12303183,0.057504818,0.053637072,0.037338916,0.06939476,0.020165902
155,0.69533175,0.2597398,0.308632,0.23078951,0.38669977,0.028950274
156,0.57945436,0.28034568,0.35406375,0.27700612,0.22539061,0.0033395588
157,0.38985598,0.13215205,0.19673987,0.13251035,0.19311611,-0.00035829842
158,-0.04381809,0.10423539,0.0021712,-0.0023250978,-0.04598929,0.10656048
159,0.16489275,0.05461685,0.049034324,0.038726978,0.11585842,0.015889872
160,0.13348524,0.0135666495,0.06230764,0.032925837,0.0711776,-0.019359186
161,0.766023,0.21804065,0.2676073,0.20086078,0.49841568,0.017179862
162,0.04129265,0.23545909,0.021340854,0.014367666,0.019951794,0.22109142
163,0.1204975,0.03902153,0.11193566,0.07542097,0.008561842,-0.03639944
164,0.81832105,0.34002534,0.46707425,0.3411925,0.3512468,-0.0011671782
165,0.8701728,0.21770589,0.29505306,0.20047772,0.57511973,0.017228171
166,0.17212239,0.060240444,0.066519715,0.048427645,0.105602674,0.011812799
167,0.3994252,0.22444919,0.30660868,0.18650948,0.09281653,0.037939712
168,0.041697465,0.015286787,0.031764284,0.02352566,0.009933181,-0.008238873
169,0.7709015,0.251079,0.37049976,0.24966583,0.40040174,0.0014131665
170,0.7702603,0.22450507,0.3703518,0.24450281,0.39990848,-0.019997746
171,0.10451519,0.032958876,0.06199753,0.038757578,0.04251766,-0.005798701
172,1.052661,0.381383,0.62255836,0.3734905,0.4301026,0.007892489
173,0.0007602387,0.015183052,0.012667635,0.01234892,-0.011907397,0.002834132
174,0.98664254,0.3848064,0.53063524,0.38556197,0.4560073,-0.0007555783
175,0.60815877,0.07993356,0.18330202,0.1281567,0.42485675,-0.048223145
176,0.2762227,0.091939345,0.11221229,0.08826403,0.1640104,0.0036753118
177,0.855988,0.24065866,0.36627057,0.24445873,0.48971745,-0.0038000792
178,0.7904656,0.31755188,0.35419324,0.244948,0.43627235,0.07260388
179,0.83073443,0.2076004,0.24593537,0.18973282,0.58479905,0.01786758
180,0.969465,0.32868278,0.42294487,0.30438566,0.5465201,0.024297118
181,0.7302943,0.2430074,0.32321233,0.2213837,0.40708196,0.0216237
182,0.27544072,0.1508478,0.120706044,0.093485355,0.15473467,0.057362437
183,0.53767014,0.14904657,0.1979871,0.1455022,0.33968306,0.0035443753
184,0.5343655,0.116513796,0.21940227,0.14530493,0.31496322,-0.028791137
185,0.25499752,0.11203799,0.11688347,0.07481477,0.13811405,0.03722322
186,0.32072052,0.12491846,0.19641851,0.14655735,0.124302015,-0.021638885
187,0.643382,0.23600695,0.30070493,0.22414942,0.3426771,0.0118575245
188,0.88149214,0.2831685,0.3995345,0.29475063,0.48195764,-0.011582136
189,0.8768509,0.26115027,0.34349757,0.21975163,0.5333533,0.041398644
190,0.10565422,0.010931247,0.08323585,0.055926267,0.022418365,-0.04499502
191,0.03778952,0.040237397,0.032291476,0.02283231,0.005498044,0.017405087
192,0.39794764,0.18338817,0.29059157,0.2215531,0.10735607,-0.03816493
193,0.13041137,0.005765959,0.033072557,0.025191404,0.09733881,-0.019425444
194,0.9128221,0.16599584,0.25887698,0.17288794,0.65394515,-0.0068921
195,0.124093466,0.062321737,0.07645854,0.049734708,0.047634922,0.0125870295
196,0.7581365,0.21045773,0.26565248,0.20159715,0.49248403,0.008860573
197,0.780238,0.25350347,0.3295115,0.21629715,0.45072648,0.037206322
198,0.87192047,0.2711928,0.38846192,0.28490356,0.48345855,-0.013710767
199,0.107247256,0.1399919,0.107110694,0.073225,0.00013656169,0.066766895
200,0.52164245,0.15047956,0.19445659,0.13593291,0.32718587,0.014546648
201,0.5771617,0.16304353,0.19683859,0.12857385,0.38032314,0.03446968
202,0.3180246,0.08860828,0.27394444,0.16691762,0.044080168,-0.07830934
203,0.8109033,0.33326393,0.49542505,0.3352408,0.31547827,-0.0019768775
204,0.8936122,0.35393733,0.5556373,0.35147104,0.3379749,0.0024662912
205,0.21227533,0.13102141,0.13460478,0.08360878,0.077670544,0.047412634
206,0.9818733,0.1950776,0.367125,0.25842482,0.61474824,-0.06334722
207,0.8242062,0.31463915,0.45292056,0.33216724,0.37128562,-0.017528087
208,0.9101836,0.3575794,0.4699903,0.33840427,0.4401933,0.019175142
209,0.17783885,0.15414454,0.12510113,0.09500271,0.052737713,0.05914183
210,0.99087113,0.15750444,0.29717755,0.19812848,0.6936936,-0.040624037
211,0.43428954,0.08756337,0.15163532,0.10101917,0.28265423,-0.013455793
212,0.7966484,0.35942096,0.43296006,0.3150026,0.36368832,0.044418365
213,0.07807402,0.0569388,0.052161984,0.031298675,0.025912039,0.025640126
214,0.9368225,0.24943969,0.41698766,0.27872673,0.5198348,-0.02928704
215,0.67821807,0.1619697,0.2998667,0.19102362,0.37835136,-0.029053912
216,0.11319373,0.060276497,0.06624956,0.04192954,0.04694417,0.018346958
217,1.0183867,0.29293886,0.40495753,0.3008414,0.6134292,-0.007902533
218,0.5755346,0.1972422,0.25686312,0.18721531,0.31867146,0.010026887
219,0.36240453,0.15763916,0.21361178,0.14138523,0.14879274,0.016253933
220,0.98893434,0.35665897,0.4847265,0.33038163,0.50420785,0.026277333
221,0.79537493,0.3047343,0.3959114,0.28368565,0.39946353,0.021048635
222,1.1004324,0.2782577,0.32301632,0.23021433,0.7774161,0.04804337
223,-0.03809494,0.058743346,0.033577286,0.025205793,-0.07167223,0.03353755
224,0.94258326,0.30989543,0.40097558,0.2990939,0.5416077,0.010801524
225,0.098933734,0.03473191,0.03811223,0.028244156,0.060821503,0.0064877532
226,0.48626432,0.13764334,0.16697407,0.112278216,0.31929025,0.025365122
227,0.29741192,0.20005307,0.16026455,0.11077569,0.13714737,0.08927738
228,0.46517906,0.21479088,0.25437784,0.18488695,0.21080121,0.029903933
229,0.41382077,0.12383791,0.16385543,0.119980544,0.24996534,0.0038573667
230,0.08945378,0.010534995,0.050558858,0.027933868,0.03889492,-0.017398871
231,0.83566797,0.15546243,0.18320157,0.13598791,0.6524664,0.019474521
232,0.7742469,0.22381596,0.31781194,0.2299968,0.45643494,-0.0061808378
233,0.9356916,0.2775297,0.35877967,0.24195717,0.5769119,0.035572514
234,0.2155435,0.075889,0.08587037,0.06833025,0.12967312,0.007558748
235,0.18230678,0.06922512,0.07958435,0.05955133,0.10272243,0.009673789
236,0.040271416,0.011801398,0.017499054,0.012858231,0.022772362,-0.0010568323
237,1.1024804,0.36884016,0.4841845,0.35057503,0.6182959,0.018265128
238,0.6714141,0.20258237,0.29415885,0.21168146,0.37725523,-0.009099081
239,0.034018543,0.014083743,0.03816387,0.018229602,-0.004145328,-0.004145859
240,0.2938797,0.13572963,0.16001874,0.11568164,0.13386095,0.020047985
241,0.32425278,0.12821491,0.15772405,0.11645072,0.16652873,0.011764191
242,0.98571056,0.27497122,0.34382498,0.227152,0.6418856,0.047819212
243,0.15903181,0.13771899,0.08477139,0.062444463,0.07426042,0.07527453
244,0.16955444,0.04421659,0.08223902,0.06330145,0.087315425,-0.019084863
245,0.044879835,0.0012066885,0.048559472,0.030963123,-0.0036796369,-0.029756434
246,0.1192561,0.06187872,0.08937316,0.07014712,0.029882945,-0.008268401
247,0.51598316,0.23329635,0.18377016,0.13539118,0.33221298,0.097905174
248,0.08459699,0.031400297,0.10476369,0.05353361,-0.020166695,-0.022133313
249,0.20119898,0.16932324,0.05220117,0.041203238,0.14899781,0.12812
250,0.59830093,0.19194677,0.23251198,0.16431224,0.36578894,0.027634531
251,0.75674963,0.16934203,0.3147875,0.20236309,0.44196212,-0.033021063
252,0.13716736,0.076864734,0.06510066,0.043657392,0.0720667,0.033207342
253,0.70435023,0.22441572,0.29449105,0.21684961,0.40985918,0.0075661093
254,0.39746466,0.19300763,0.2292535,0.14798479,0.16821116,0.045022845
255,0.19739269,0.12984571,0.19903713,0.13889802,-0.0016444474,-0.009052306
256,0.0022018163,0.023049802,0.081032895,0.05256164,-0.07883108,-0.02951184
257,0.7203254,0.16377148,0.27681446,0.20513712,0.44351095,-0.04136564
258,-0.001940435,0.03393828,0.020904126,0.017173165,-0.02284456,0.016765116
259,0.8370088,0.27350843,0.36696813,0.26774064,0.47004065,0.0057677925
260,0.79057205,0.25378773,0.30058268,0.2227331,0.48998937,0.03105463
261,1.2807432,0.3263457,0.4295635,0.28796026,0.8511797,0.03838545
262,0.08175015,0.02432147,0.024693346,0.017489223,0.0570568,0.0068322476
263,0.7319809,0.22723423,0.2924209,0.20174877,0.43956003,0.025485456
264,0.8885815,0.22753155,0.41774073,0.27977717,0.47084078,-0.052245617
265,0.021258464,-0.039322406,0.01788533,0.010893003,0.0033731349,-0.05021541
266,0.31067693,0.106453516,0.13587937,0.10233739,0.17479756,0.0041161254
267,0.35411823,0.21052635,0.2460103,0.15034893,0.108107924,0.060177416
268,0.7986715,0.46834064,0.5272009,0.36545116,0.2714706,0.10288948
269,0.8733296,0.17620368,0.2887002,0.20286214,0.5846294,-0.02665846
270,0.12754603,0.0063877464,0.10372417,0.0700494,0.02382186,-0.06366165
271,0.6367563,0.19236417,0.2871599,0.18735762,0.3495964,0.0050065517
272,0.31739223,0.1793706,0.21883292,0.15066022,0.098559305,0.02871038
273,0.10479334,0.06464321,0.07587026,0.054818045,0.02892308,0.009825166
274,0.09520643,-0.0024555542,0.030112794,0.024963139,0.06509364,-0.027418694
275,0.5567484,0.22929697,0.32700244,0.2351748,0.22974595,-0.0058778375
276,0.6201638,0.17857046,0.25189662,0.17078894,0.36826718,0.0077815205
277,0.22607255,0.12764902,0.16680151,0.1140136,0.059271038,0.013635427
278,0.025957532,0.11534098,0.05070591,0.03675973,-0.024748378,0.078581244
279,0.66333765,0.25268504,0.3729496,0.2523389,0.29038805,0.00034615397
280,0.9085655,0.23206064,0.30888182,0.218748,0.5996837,0.013312638
281,0.6929976,0.22313571,0.32379168,0.22404902,0.3692059,-0.00091330707
282,0.4397543,0.17586899,0.27215332,0.19145252,0.16760099,-0.01558353
283,0.84758836,0.1950234,0.3255885,0.22206184,0.52199984,-0.02703844
284,0.42974728,0.20249598,0.2607659,0.19288178,0.16898137,0.009614199
285,0.84903985,0.36078686,0.47961462,0.39204463,0.36942524,-0.03125778
286,0.33477488,0.029506246,0.09623803,0.052258015,0.23853685,-0.022751769
287,0.7147675,0.309081,0.3757333,0.25862092,0.33903423,0.05046007
288,0.5019056,0.096448936,0.14403586,0.099586666,0.35786974,-0.00313773
289,0.68271893,0.31506017,0.37147442,0.2684131,0.31124452,0.04664707
290,0.715144,0.3055107,0.40307182,0.28890735,0.31207216,0.01660335
291,0.8210479,0.26355204,0.34466398,0.2562985,0.47638392,0.0072535276
292,-0.043224767,0.11898445,0.014590536,0.008895981,-0.057815302,0.110088475
293,0.81243086,0.20197557,0.299824,0.19554172,0.51260686,0.0064338446
294,0.18053468,0.091399744,0.07494413,0.039858863,0.105590545,0.05154088
295,0.24792805,0.12827843,0.10490803,0.053432487,0.14302003,0.07484595
296,0.2001546,0.105221026,0.13504167,0.09434393,0.06511293,0.010877095
297,0.60759723,0.22872294,0.3440772,0.2259231,0.26352003,0.0027998388
298,1.1376412,0.30700433,0.5878324,0.3631174,0.5498088,-0.056113064
299,0.6376706,0.16817097,0.19958189,0.14232685,0.4380887,0.025844127
300,0.9477849,0.2659523,0.39894554,0.27164185,0.54883933,-0.0056895614
301,0.104743026,-0.0077884705,0.043827537,0.0315375,0.06091549,-0.03932597
302,0.62946457,0.21769188,0.2873468,0.19850859,0.34211776,0.019183293
303,0.107721,-0.006530998,0.059989214,0.035901807,0.047731787,-0.042432804
304,0.22102453,0.050097223,0.064962395,0.04346086,0.15606213,0.0066363625
305,0.08407445,0.13310727,0.056013282,0.040038213,0.02806117,0.09306906
306,0.2032614,0.14329058,0.06277162,0.034253415,0.14048979,0.10903716
307,0.030585116,-0.004133984,0.021384936,0.01981343,0.00920018,-0.023947414
308,0.77702606,0.15722124,0.20429671,0.14462155,0.57272935,0.012599692
309,0.057835646,-0.021417083,0.05872657,0.035130676,-0.0008909255,-0.05654776
310,0.94270575,0.39528528,0.47997838,0.34726444,0.46272737,0.04802084
311,0.027020983,-0.0127861425,0.020066474,0.014371918,0.0069545098,-0.02715806
312,0.02686689,0.13016838,0.012145735,0.007318097,0.014721155,0.122850284
313,0.0482978,0.13223067,0.05217354,0.03164682,-0.0038757399,0.10058385
314,0.8395037,0.30215102,0.44299638,0.29061362,0.39650732,0.011537403
315,0.07155663,0.041108076,0.048463367,0.03809547,0.02309326,0.003012605
316,0.82518035,0.20201576,0.2969933,0.20479387,0.52818704,-0.002778113
317,0.61113566,0.1899324,0.23498394,0.16915421,0.37615174,0.020778194
318,0.830162,0.23367709,0.3562416,0.25815305,0.47392038,-0.024475962
319,0.78874254,0.2039517,0.26426303,0.18578988,0.5244795,0.018161818
320,0.93120253,0.49736822,0.5585057,0.41281998,0.37269682,0.084548235
321,0.0944266,0.0688335,0.034827016,0.020865949,0.059599586,0.047967553
322,0.7231011,0.18513936,0.29476312,0.18858467,0.42833796,-0.0034453124
323,1.0118128,0.43477896,0.5437111,0.38470173,0.46810168,0.05007723
324,0.14208215,0.08161327,0.055474278,0.043991894,0.08660787,0.03762138
325,0.21465053,0.066240594,0.08710467,0.060106706,0.12754586,0.006133888
326,0.191834,-0.030522844,0.042438682,0.02624626,0.14939532,-0.056769103
327,0.14127839,-0.001964869,0.071303755,0.052149586,0.06997463,-0.054114453
328,0.4083114,0.1499132,0.21500093,0.14064136,0.19331047,0.009271845
329,-0.0055905445,-0.00332241,0.017800959,0.012194207,-0.023391504,-0.015516616
330,0.024310822,-0.024673492,0.028643455,0.016325211,-0.0043326337,-0.040998705
331,0.452077,0.16776301,0.2602775,0.17710078,0.19179949,-0.009337768
332,0.08038577,0.042812362,0.0660217,0.044655763,0.014364064,-0.0018434003
333,0.02087143,0.11926286,0.03470403,0.025130646,-0.013832599,0.094132215
334,0.24280362,0.071086586,0.08379629,0.062570214,0.15900733,0.008516371
335,0.0038840438,0.031549107,0.02598233,0.019843524,-0.022098286,0.011705583
336,-0.03468477,0.0047790227,0.018498747,0.011702343,-0.05318352,-0.0069233202
337,0.9322056,0.25713432,0.3554232,0.24663305,0.5767824,0.0105012655
338,0.048166905,0.035574384,0.0258457,0.019771997,0.022321204,0.015802387
339,0.20453498,0.10296837,0.09261815,0.07933951,0.111916825,0.02362886
340,0.12817514,0.049915325,0.10452086,0.069370955,0.023654282,-0.01945563
341,0.63998055,0.3106956,0.36689523,0.28050008,0.27308533,0.030195504
342,0.17573303,0.046722166,0.045505654,0.03342544,0.13022737,0.013296727
343,0.6224049,0.14813827,0.24847433,0.18088926,0.37393054,-0.032750994
344,0.12581997,-0.024856606,0.038804334,0.023388239,0.08701563,-0.048244845
345,0.60813,0.14938998,0.27370226,0.17033467,0.3344277,-0.020944685
346,0.5375977,0.14692332,0.27895418,0.17792203,0.25864354,-0.030998707
347,1.2673697,0.46220174,0.6419072,0.42431188,0.62546253,0.037889868
348,0.04620305,0.15117265,0.044500694,0.030812733,0.0017023571,0.12035992
349,0.963613,0.20619848,0.34910643,0.2339139,0.61450654,-0.027715415
350,0.6208495,0.17506078,0.24563646,0.16630001,0.37521303,0.008760765
351,0.6687092,0.21236002,0.36776352,0.22690591,0.3009457,-0.014545888
352,0.48517233,0.16444503,0.26689252,0.1627462,0.21827981,0.0016988218
353,0.30532506,0.16405189,0.20300914,0.14908308,0.10231592,0.0149688125
354,0.9955049,0.43308794,0.5465516,0.41573712,0.44895333,0.017350823
355,0.9557043,0.2831196,0.3880461,0.2647963,0.5676582,0.018323302
356,0.84880817,0.28855854,0.35247222,0.2479898,0.49633595,0.04056874
357,0.6819413,0.1499682,0.16809303,0.121211015,0.51384825,0.028757192
358,0.48951697,0.22552663,0.29050955,0.2017878,0.19900742,0.023738831
359,-0.0034416479,0.06321906,0.078362204,0.04886662,-0.08180385,0.014352445
360,0.7352208,0.29506698,0.41611207,0.30458078,0.31910872,-0.009513795
361,0.4381621,0.16863608,0.16745102,0.12427867,0.27071106,0.04435741
362,0.20279457,-0.014971763,0.062397208,0.037773196,0.14039735,-0.05274496
363,0.88092226,0.23999281,0.43460155,0.30390579,0.4463207,-0.06391297
364,0.42456883,0.14745371,0.2003404,0.14930785,0.22422843,-0.0018541366
365,-0.007443576,-0.033368345,0.012126236,0.008534282,-0.019569812,-0.041902628
366,0.17283213,0.10644685,0.11379616,0.07303092,0.05903597,0.03341593
367,0.80285,0.19730131,0.20606509,0.15427595,0.59678495,0.04302536
368,0.5959567,0.12757051,0.12614925,0.0932857,0.46980745,0.034284808
369,0.02596183,0.11573521,0.015847927,0.011052161,0.010113902,0.10468305
370,0.565736,0.26409546,0.2997245,0.22043629,0.2660115,0.043659166
371,0.50534743,0.2157067,0.30072692,0.20961225,0.20462051,0.0060944557
372,0.29976058,0.17269821,0.16391347,0.109782666,0.1358471,0.06291555
373,0.25681955,0.19561507,0.17758146,0.1341217,0.07923809,0.061493367
374,0.75335115,0.13224088,0.17049135,0.1242106,0.5828598,0.008030273
375,0.7114981,0.23504871,0.28030336,0.2013159,0.43119472,0.033732817
376,0.7592918,0.19988781,0.30861554,0.21551764,0.4506763,-0.015629828
377,0.2665937,-0.0015640908,0.052090395,0.034407943,0.2145033,-0.035972033
378,0.94167763,0.2726802,0.45311028,0.32801655,0.48856735,-0.055336356
379,0.07422372,0.10327234,0.12986916,0.08936494,-0.055645443,0.013907403
380,0.80006295,0.27536982,0.34100994,0.23403071,0.459053,0.041339114
381,0.089145996,0.03398282,0.026138961,0.019970726,0.063007034,0.014012095
382,0.19453174,0.10055543,0.11133788,0.08388671,0.08319386,0.016668715
383,0.16099128,0.118021615,0.10402811,0.066353805,0.056963168,0.05166781
384,1.0664461,0.30524382,0.3823465,0.28587782,0.68409956,0.019365996
385,0.22326101,-0.026187671,0.072722726,0.040747724,0.1505383,-0.0669354
386,1.0542192,0.23774187,0.3748026,0.25588724,0.67941666,-0.018145368
387,0.085058026,0.04267305,0.012652684,0.011869091,0.07240534,0.03080396
388,0.21678492,0.0437527,0.042713746,0.032200836,0.17407118,0.011551864
389,0.6689827,0.21286291,0.2771015,0.20476244,0.3918812,0.008100465
390,0.0890402,0.13127512,0.061280612,0.043609276,0.027759586,0.08766584
391,0.19026983,0.07976832,0.087340385,0.05661953,0.10292944,0.023148794
392,0.530751,0.15274812,0.2110364,0.14918393,0.3197146,0.0035641938
393,0.8972529,0.34142947,0.39573327,0.26648217,0.5015197,0.0749473
394,0.17564647,0.07151721,0.099583454,0.06428954,0.076063015,0.0072276667
395,0.7252571,0.2944808,0.36645657,0.25387898,0.35880053,0.04060182
396,0.20216732,0.11849924,0.087305374,0.058570575,0.11486194,0.059928667
397,0.11674049,0.049785055,0.08918787,0.07356881,0.02755262,-0.023783758
398,0.19701706,-0.004792952,0.029994557,0.023306785,0.1670225,-0.028099738
399,0.8021452,0.3716494,0.53038144,0.35454175,0.27176374,0.017107666
400,0.047456358,0.06528374,0.06824193,0.05096426,-0.020785574,0.014319479
401,0.0669182,0.063357286,0.031451818,0.026050506,0.035466384,0.037306778
402,0.5256495,0.13990483,0.20685999,0.1330498,0.31878948,0.006855026
403,0.23850241,0.019248536,0.06443448,0.050510928,0.17406793,-0.03126239
404,0.9740194,0.31034294,0.49235156,0.3195979,0.48166785,-0.009254962
405,0.7969302,0.35272887,0.39905804,0.2984586,0.39787215,0.054270267
406,0.6187917,0.24943338,0.3466486,0.2609161,0.2721431,-0.0114827305
407,0.06129326,0.038739093,0.03509294,0.02868829,0.02620032,0.010050803
408,0.1730745,0.06792818,0.061922137,0.04874025,0.111152366,0.019187931
409,0.84035325,0.20165296,0.27519011,0.21008213,0.56516314,-0.00842917
410,0.042812116,0.04879145,0.02440176,0.020689793,0.018410357,0.028101657
411,0.66896594,0.24236012,0.29976344,0.20276815,0.3692025,0.039591968
412,0.19534956,0.06751296,0.09826082,0.060564432,0.09708874,0.006948527
413,0.24036117,0.10948947,0.16294248,0.10526246,0.077418685,0.0042270124
414,0.9973179,0.30671823,0.3978535,0.29707912,0.5994644,0.009639114
415,0.18296847,0.067696504,0.054185748,0.04105077,0.12878272,0.026645735
416,0.097345725,0.057424754,0.052906297,0.04302681,0.044439428,0.014397945
417,0.033249088,-0.020795882,0.01537215,0.0059777056,0.017876938,-0.026773587
418,0.98945683,0.39632866,0.54209936,0.3670865,0.44735748,0.029242158
419,0.21213512,0.028992785,0.09979255,0.06250949,0.11234257,-0.033516705
420,0.35651484,0.2149874,0.1909884,0.11950684,0.16552643,0.095480554
421,0.51411235,0.28874224,0.31994212,0.22163337,0.19417024,0.06710887
422,0.09362543,0.04859254,0.054350983,0.035309,0.039274443,0.01328354
423,0.2484023,0.12649335,0.14101548,0.107393906,0.10738681,0.019099444
424,0.7265278,0.18895131,0.34176528,0.22311556,0.38476253,-0.03416425
425,0.38753802,0.17546861,0.22425269,0.16962329,0.16328533,0.005845323
426,0.20994373,0.06955159,0.113263205,0.07781126,0.09668052,-0.008259676
427,0.75560063,0.31159517,0.38743144,0.2578489,0.3681692,0.053746283
428,0.05836311,0.057347603,0.058229715,0.04628224,0.0001333952,0.011065364
429,0.65033036,0.13809739,0.16883066,0.11307638,0.4814997,0.02502101
430,0.3672571,0.21809083,0.15512115,0.116336994,0.21213594,0.10175384
431,0.093155906,0.109291315,0.06850925,0.044111405,0.024646655,0.065179914
432,0.08854662,0.14401694,0.078187175,0.059767112,0.010359444,0.084249824
433,0.52658933,0.19276552,0.2439073,0.17747875,0.28268203,0.015286773
434,0.48187208,0.13904975,0.17940474,0.13950847,0.30246735,-0.00045871735
435,-0.03479525,0.19339482,0.009706923,0.005209767,-0.044502173,0.18818505
436,0.76510966,0.22098032,0.23671737,0.17553382,0.5283923,0.0454465
437,0.08279499,0.010928618,0.030590676,0.022047913,0.05220431,-0.011119295
438,0.8160305,0.33275023,0.4508322,0.34724426,0.3651983,-0.014494032
439,0.15123396,0.09567819,0.0853061,0.07331757,0.065927856,0.022360615
440,0.48070195,0.15646891,0.17910011,0.12785138,0.30160183,0.028617531
441,0.79010254,0.19418013,0.25511682,0.18057862,0.5349857,0.013601512
442,0.6880627,0.3017075,0.41976696,0.2871299,0.26829576,0.014577597
443,0.091211505,0.023269497,0.019275133,0.0136892935,0.07193637,0.009580203
444,1.0801405,0.38693646,0.5831568,0.378253,0.49698365,0.008683443
445,1.0143999,0.31544778,0.41647112,0.29144934,0.59792876,0.02399844
446,0.6278106,0.26889974,0.3519673,0.26638728,0.2758433,0.002512455
447,0.11454228,0.042825677,0.05879351,0.041252583,0.055748772,0.0015730932
448,0.1262888,0.023774544,0.06524864,0.043429397,0.061040163,-0.019654853
449,0.6041522,0.23662522,0.28818578,0.20878235,0.31596643,0.02784288
450,0.22760466,0.14780746,0.119877,0.09404355,0.107727654,0.05376391
451,0.9390383,0.28210074,0.36180577,0.2847003,0.5772325,-0.0025995672
452,0.4578299,0.14799905,0.18220833,0.1290343,0.27562156,0.018964753
453,0.78739345,0.30968505,0.42918044,0.30976775,0.358213,-8.2701445e-05
454,0.77226424,0.18718956,0.28117415,0.1959463,0.4910901,-0.008756742
455,0.8022233,0.33320555,0.39797574,0.29576087,0.40424758,0.03744468
456,0.15624306,0.07245478,0.11135396,0.07655107,0.044889092,-0.004096292
457,0.48029777,0.20509529,0.23699531,0.16523735,0.24330246,0.03985794
458,-0.054415047,0.05917852,0.015008133,0.015685199,-0.069423184,0.043493323
459,0.5030854,0.21997437,0.2689444,0.17270409,0.23414096,0.047270283
460,0.5068057,0.21045625,0.24576378,0.17338198,0.26104194,0.037074268
461,0.4337354,0.17163399,0.21227865,0.15559849,0.22145675,0.016035497
462,0.8119349,0.20609437,0.2707316,0.19335425,0.54120326,0.01274012
463,0.089515135,0.032614887,0.042973243,0.033407986,0.046541892,-0.0007930994
464,0.7936047,0.33391568,0.39868152,0.29395065,0.39492315,0.039965034
465,0.48405704,0.16165912,0.2588134,0.17252809,0.22524363,-0.010868967
466,0.37452453,0.09727372,0.12998606,0.08223189,0.24453847,0.015041836
467,0.048838817,0.14873925,0.03742613,0.02606865,0.011412688,0.1226706
468,0.7054036,0.15981287,0.26184088,0.17652714,0.44356275,-0.016714275
469,1.0752311,0.35378954,0.50114435,0.3468306,0.5740867,0.0069589317
470,0.9139409,0.2871117,0.3952861,0.29338786,0.5186548,-0.0062761605
471,0.0790595,0.20211966,0.02765906,0.014551279,0.051400438,0.18756838
472,0.9368966,0.32978794,0.44521374,0.30938154,0.4916829,0.020406395
473,0.16295293,0.06869061,0.07778671,0.05835131,0.08516622,0.010339301
474,0.084354125,0.045694094,0.07790403,0.05090311,0.0064500943,-0.0052090175
475,0.23679645,0.076639585,0.09734756,0.075840905,0.1394489,0.0007986799
476,0.39527938,0.121841766,0.15030436,0.11160275,0.24497502,0.010239013
477,0.60246736,0.18531205,0.27018073,0.16387299,0.33228663,0.02143906
478,0.076896064,0.06084234,0.050400414,0.041914,0.02649565,0.018928338
479,0.5144973,0.11992249,0.19151926,0.123652734,0.32297802,-0.003730245
480,0.7471759,0.19647253,0.31949437,0.22026187,0.4276815,-0.023789346
481,0.82320195,0.27153584,0.3499034,0.24656849,0.47329855,0.024967358
482,0.29471865,0.0805532,0.1579689,0.08702022,0.13674976,-0.006467022
483,0.6942384,0.27692002,0.27174157,0.19769707,0.42249686,0.07922295
484,0.9072425,0.3127704,0.4133696,0.30528224,0.49387288,0.0074881613
485,1.0138162,0.22163324,0.34556234,0.24639694,0.6682539,-0.024763703
486,0.13009094,0.046630982,0.04305026,0.032591835,0.08704068,0.014039148
487,0.4264103,0.2010382,0.2031664,0.1499421,0.22324389,0.051096097
488,0.73632383,0.24598405,0.33067742,0.21255277,0.4056464,0.033431277
489,0.20555079,0.09583411,0.13001978,0.08529878,0.075531006,0.010535337
490,0.025014332,-0.01857822,0.051225133,0.025740916,-0.026210802,-0.044319138
491,0.851852,0.18329854,0.29455984,0.19133039,0.55729216,-0.008031845
492,0.8897353,0.30481982,0.4169949,0.2947737,0.47274038,0.010046124
493,0.16268279,0.06803082,0.074587844,0.052493464,0.08809494,0.015537355
494,0.739514,0.29224724,0.44085112,0.29904288,0.29866287,-0.0067956448
495,0.85563403,0.252498,0.28758273,0.20875783,0.56805134,0.04374017
496,-0.016182378,0.1166297,0.013592878,0.0045737526,-0.029775256,0.11205594
497,0.14773816,0.079293735,0.083728746,0.059943832,0.06400941,0.019349903
498,0.10295891,0.055513103,0.058967017,0.04122041,0.043991894,0.014292691
499,0.048375353,0.1601906,0.071606845,0.041715574,-0.023231491,0.11847502
500,0.09907551,-0.011644042,0.04555221,0.029789377,0.053523302,-0.04143342
501,0.9847507,0.3071301,0.38265756,0.27570558,0.6020931,0.031424522
502,0.90191585,0.4021494,0.57463336,0.37028342,0.3272825,0.031865984
503,0.087493494,0.062354602,0.056410607,0.046623174,0.031082887,0.015731428
504,0.60299444,0.27754685,0.35836795,0.24690415,0.24462649,0.030642703
505,0.21615176,0.019177474,0.07667343,0.04707585,0.13947833,-0.027898375
506,0.2461828,0.0902725,0.098288104,0.06556615,0.1478947,0.024706349
507,0.40008518,0.1298738,0.21223362,0.16407892,0.18785156,-0.034205124
508,0.24626404,0.09090778,0.106792964,0.078080036,0.13947108,0.012827747
509,0.17877541,0.0790848,0.12096312,0.08707717,0.057812296,-0.007992372
510,1.0924294,0.21115714,0.24778509,0.17673647,0.8446443,0.03442067
511,0.4272126,0.3027688,0.3623802,0.2723755,0.06483239,0.030393302
512,0.057368275,0.031933516,0.031044366,0.020857532,0.026323909,0.011075985
513,0.026402988,0.04036519,0.028097868,0.023095606,-0.0016948804,0.017269583
514,0.06274797,0.2580273,0.024362711,0.021238081,0.038385257,0.2367892
515,0.44281694,0.09243111,0.19062728,0.12783965,0.25218967,-0.03540854
516,0.79138577,0.21838231,0.2587479,0.1804518,0.53263783,0.03793052
517,0.03243964,-0.016759196,0.022882307,0.012309164,0.009557335,-0.02906836
518,0.13688509,0.03428562,0.0691056,0.049411405,0.06777949,-0.015125785
519,1.0615208,0.522524,0.67087877,0.5089832,0.39064205,0.013540804
520,0.10157385,0.057873983,0.073671386,0.045578785,0.027902462,0.012295198
521,0.6593874,0.2232742,0.29554325,0.19395003,0.36384416,0.029324174
522,0.8236997,0.27852574,0.47059974,0.3051952,0.35309997,-0.026669472
523,0.73395854,0.20702556,0.31605464,0.2127458,0.4179039,-0.005720243
524,0.9832855,0.3525735,0.47133708,0.3216739,0.5119484,0.030899614
525,0.050048724,0.0031602948,0.02410703,0.015362647,0.025941694,-0.012202352
526,0.16888644,0.05046871,0.08623215,0.05915625,0.08265429,-0.008687541
527,0.66487896,0.2669847,0.325541,0.23084503,0.33933797,0.036139667
528,0.84780484,0.329741,0.45357296,0.31912842,0.3942319,0.010612577
529,0.49453056,0.19435517,0.2538439,0.18142685,0.24068666,0.012928322
530,0.6542408,0.18866764,0.26484364,0.18967672,0.38939714,-0.0010090768
531,0.8117063,0.27354148,0.44070858,0.29179683,0.37099773,-0.018255353
532,0.76330036,0.22474834,0.32588732,0.23765238,0.43741304,-0.012904033
533,0.76515734,0.19389287,0.29074854,0.18619202,0.4744088,0.0077008456
534,0.46338892,0.2788438,0.29249278,0.22659165,0.17089614,0.052252144
535,0.71050024,0.11832734,0.17842856,0.120478995,0.5320717,-0.0021516532
536,0.93443,0.19870058,0.29401216,0.20417334,0.6404178,-0.0054727644
537,0.7790474,0.24107939,0.33966774,0.21578902,0.4393797,0.02529037
538,0.023378743,0.12620412,0.03947448,0.027982544,-0.016095737,0.09822157
539,0.19542839,0.07116793,0.15577036,0.0915602,0.039658025,-0.020392269
540,0.025087582,-0.006745507,0.02323969,0.013241103,0.0018478911,-0.01998661
541,0.9375111,0.42395514,0.40650937,0.28440526,0.5310017,0.13954988
542,0.17894125,0.03829064,0.048107423,0.033072162,0.13083383,0.005218476
543,0.6200504,0.21363957,0.26213422,0.18301973,0.35791615,0.030619845
544,0.7547881,0.15311375,0.22632676,0.16539115,0.52846134,-0.0122773945
545,0.8591976,0.3501242,0.45272595,0.31315336,0.40647167,0.036970854
546,0.8332482,0.27958086,0.41904536,0.26738605,0.41420284,0.012194812
547,0.6094537,0.17917375,0.26613075,0.19136421,0.34332293,-0.012190461
548,-0.0019841637,0.042353068,0.029463021,0.024962263,-0.031447183,0.017390804
549,0.016290698,0.06082331,0.031040395,0.018439086,-0.0147496965,0.042384222
550,0.40573525,0.1987986,0.26285022,0.19915874,0.14288503,-0.00036014616
551,0.09337443,0.06941394,0.07632354,0.054275002,0.017050892,0.015138935
552,0.0928186,0.0011402924,0.0717523,0.045059294,0.0210663,-0.043919
553,0.7181641,0.23164822,0.32675278,0.22060457,0.3914113,0.011043653
554,0.7479183,0.2678149,0.4401915,0.2904282,0.3077268,-0.022613287
555,0.28061873,0.032799058,0.064484105,0.044452157,0.21613462,-0.011653099
556,0.23508382,0.015330818,0.04721242,0.038654618,0.1878714,-0.0233238
557,0.097376704,0.0052057113,0.04341119,0.028782478,0.053965513,-0.023576766
558,0.7525048,0.19112416,0.26661295,0.18002072,0.48589188,0.011103436
559,0.8031226,0.26116744,0.40247634,0.2907249,0.40064624,-0.029557467
560,1.0825783,0.43852746,0.60202414,0.43768224,0.48055416,0.00084522367
561,1.0423572,0.34609947,0.53857726,0.34423843,0.50377995,0.0018610358
562,0.029180046,0.10329565,0.047256872,0.031834707,-0.018076826,0.07146094
563,-0.014883351,0.101720355,0.034424115,0.022929847,-0.049307466,0.07879051
564,0.31342262,0.11423194,0.12177634,0.084311575,0.19164628,0.029920362
565,0.8261444,0.32603565,0.43880066,0.28366378,0.38734373,0.04237187
566,0.83059675,0.27530676,0.36008975,0.26226094,0.470507,0.013045818
567,0.66518384,0.1915283,0.2416383,0.16970696,0.42354554,0.02182135
568,0.5067765,0.20588952,0.2582632,0.18844187,0.24851331,0.01744765
569,0.6736547,0.18553859,0.21777086,0.15318191,0.4558838,0.03235668
570,0.052277897,0.069958866,0.019256353,0.015029744,0.033021543,0.054929122
571,0.009285841,0.023393039,0.022858648,0.020540683,-0.0135728065,0.002852356
572,0.4074205,0.11702181,0.16533819,0.10787316,0.2420823,0.00914865
573,0.7244933,0.194959,0.23774113,0.18354356,0.4867522,0.011415437
574,0.6517902,0.21547036,0.25811338,0.1940315,0.39367682,0.021438852
575,0.040811133,0.032197516,0.030151464,0.019340958,0.010659669,0.012856558
576,0.7137556,0.24378897,0.33445996,0.22850245,0.37929565,0.01528652
577,0.38038853,0.17376238,0.15701084,0.11637729,0.22337769,0.057385094
578,0.66592246,0.15879302,0.22227308,0.1446016,0.44364938,0.014191419
579,0.14509657,0.053067647,0.0553393,0.043261446,0.08975727,0.009806201
580,0.1317637,0.02014859,0.10406718,0.0709469,0.02769652,-0.05079831
581,0.11304458,0.05711766,0.04884023,0.03881928,0.06420435,0.01829838
582,0.44407877,0.10875729,0.15746322,0.109504566,0.28661555,-0.00074727833
583,0.37856692,0.10766658,0.12576507,0.092075735,0.25280184,0.015590847
584,0.54622805,0.18318987,0.22138965,0.16181563,0.3248384,0.02137424
585,0.79169315,0.03345106,0.0943875,0.06579592,0.6973057,-0.03234486
586,0.5006805,0.20520222,0.25314274,0.16541554,0.24753776,0.03978668
587,0.9176674,0.3324239,0.4092064,0.29857016,0.508461,0.03385374
588,0.13872136,0.10856487,0.044659134,0.026952991,0.094062224,0.08161188
589,0.094938464,0.10299412,0.087845705,0.06279262,0.007092759,0.0402015
590,0.085651025,0.05416295,0.04436376,0.03206073,0.041287266,0.022102218
591,1.0752047,0.27875575,0.39894256,0.2549659,0.67626214,0.023789853
592,0.6839755,0.2714757,0.32654968,0.23074095,0.35742584,0.040734753
593,0.2709667,0.06714959,0.10001094,0.07419784,0.17095578,-0.0070482567
594,0.12754677,0.101057954,0.062881425,0.043729406,0.06466535,0.05732855
595,0.60362816,0.319151,0.39090347,0.2933321,0.21272469,0.025818914
596,0.7805474,0.22254679,0.2527778,0.18363291,0.52776957,0.038913876
597,0.17405446,0.1400314,0.121706456,0.07340524,0.052348003,0.066626154
598,0.89362,0.35401273,0.48405415,0.3376115,0.40956587,0.016401231
599,0.9556518,0.40827814,0.55414045,0.3902655,0.40151137,0.018012643
600,0.6114027,0.16029032,0.22220789,0.14412922,0.3891948,0.0161611
601,0.2736006,0.1560967,0.14236626,0.07875759,0.13123435,0.077339105
602,0.55244476,0.2303638,0.30835816,0.20670852,0.2440866,0.02365528
603,0.6202917,0.19089575,0.2779716,0.20990705,0.3423201,-0.019011304
604,0.3721108,0.15338671,0.21577753,0.1523403,0.15633328,0.0010464191
605,0.018183444,0.111500226,0.02291855,0.017378358,-0.0047351066,0.094121866
606,0.9382999,0.3155286,0.4114218,0.29230976,0.5268781,0.02321884
607,0.46007946,0.1937648,0.27490905,0.20042503,0.18517041,-0.006660223
608,0.12197542,0.03382517,0.07046834,0.05157649,0.051507086,-0.017751321
609,0.1112181,0.13752678,0.07388012,0.057939272,0.03733798,0.079587504
610,0.7474148,0.2803046,0.36744952,0.26168668,0.3799653,0.018617928
611,0.92144287,0.3632522,0.42133778,0.31761962,0.5001051,0.04563257
612,0.054084916,0.15330309,0.035674825,0.028241847,0.01841009,0.12506124
613,0.7778556,0.20746276,0.31688854,0.18714657,0.46096703,0.020316184
614,0.15831222,0.019529046,0.07437502,0.042239416,0.0839372,-0.02271037
615,0.5701093,0.20151451,0.28508428,0.19369623,0.28502503,0.007818282
616,0.2502248,0.11509699,0.13963081,0.104882166,0.11059399,0.0102148205
617,0.0762788,0.08080216,0.0414287,0.028132753,0.0348501,0.052669406
618,0.18402079,0.083610706,0.11589804,0.08625254,0.068122745,-0.0026418343
619,0.13359976,0.07229726,0.077766195,0.060600415,0.055833563,0.011696845
620,0.6847871,0.22843519,0.32849655,0.22711013,0.35629055,0.001325056
621,0.12341167,0.021605607,0.023831114,0.015547484,0.099580556,0.006058123
622,0.83938617,0.19984876,0.24717326,0.18507922,0.5922129,0.014769539
623,0.5668959,0.2463274,0.34467506,0.23407452,0.22222084,0.012252882
624,0.046746694,0.03054761,0.059073348,0.0345827,-0.012326654,-0.004035091
625,0.5623603,0.1572426,0.20422888,0.15762201,0.3581314,-0.00037941337
626,0.17345476,0.052806452,0.051942345,0.04118112,0.12151241,0.011625331
627,0.6997821,0.24350083,0.3545624,0.23945768,0.34521967,0.004043147
628,0.055063613,0.060160607,0.11665127,0.09348637,-0.061587654,-0.03332576
629,0.1569577,0.09356638,0.077822566,0.05124612,0.079135135,0.04232026
630,0.1978318,0.07595318,0.12205904,0.08249307,0.075772755,-0.0065398887
631,0.93835276,0.49465495,0.57515454,0.4314284,0.36319822,0.06322655
632,0.19298922,0.07797259,0.08719139,0.06544384,0.10579783,0.012528747
633,-0.019246709,0.12192731,0.03942486,0.024935145,-0.058671568,0.096992165
634,0.2601207,0.13283674,0.168337,0.11504889,0.09178369,0.017787851
635,0.72992283,0.20164737,0.33096316,0.2088081,0.39895967,-0.007160723
636,0.29650292,0.12703826,0.12270741,0.09276778,0.1737955,0.034270473
637,0.53649,0.15735772,0.20500162,0.15330221,0.3314884,0.004055515
638,0.13325039,0.07084994,0.037719347,0.028620992,0.09553104,0.04222895
639,0.63873386,0.17732169,0.19487879,0.13820955,0.44385508,0.039112136
640,0.07161037,0.015756702,0.048283342,0.031061392,0.023327027,-0.01530469
641,0.009039029,0.0312208,0.024891514,0.01665081,-0.015852485,0.0145699885
642,0.70125824,0.35640687,0.46566367,0.35422608,0.23559457,0.002180785
643,0.13173741,0.07446386,0.09335324,0.059600063,0.03838417,0.0148637965
644,0.065249726,0.022063373,0.060331646,0.044293314,0.00491808,-0.022229942
645,0.6258949,0.2065188,0.28473365,0.20561703,0.34116125,0.0009017736
646,0.13934195,0.06016895,0.08891044,0.068186246,0.050431512,-0.008017294
647,0.4415761,0.08359402,0.16091293,0.11366824,0.28066316,-0.030074224
648,-0.06342332,0.040092275,0.014708972,0.014098724,-0.078132294,0.02599355
649,0.5315483,0.14525104,0.2768093,0.18039444,0.25473902,-0.035143405
650,0.6629648,0.2359046,0.3325817,0.22773015,0.33038312,0.008174449
651,0.34306413,0.088093705,0.1435844,0.084728755,0.19947973,0.0033649504
652,0.9111565,0.2759707,0.38216838,0.25273383,0.5289881,0.02323687
653,0.81260234,0.40199253,0.5323398,0.33902308,0.28026253,0.062969446
654,0.16645335,0.14382714,0.0897654,0.056822214,0.07668795,0.08700493
655,0.0025852204,0.033647448,0.028096998,0.022004321,-0.025511777,0.011643127
656,0.6564305,0.31166008,0.4204689,0.29742894,0.23596159,0.014231145
657,0.8455452,0.26131603,0.34222507,0.25473768,0.5033201,0.006578356
658,0.64109886,0.34283295,0.3730253,0.30570543,0.26807356,0.037127525
659,0.45273325,0.09981059,0.14610866,0.105667174,0.3066246,-0.005856581
660,0.20218365,0.05554346,0.097828686,0.061851617,0.10435496,-0.006308157
661,0.02229185,-0.011077285,0.009778737,0.006853729,0.012513113,-0.017931014
662,0.17654297,0.0948175,0.11001152,0.08578252,0.06653145,0.009034976
663,0.047452796,-0.021485742,0.036181252,0.019819088,0.011271544,-0.04130483
664,0.55688876,0.27969345,0.28000918,0.21456452,0.27687958,0.06512894
665,0.21246335,0.14227147,0.13920498,0.092847936,0.07325837,0.04942354
666,-0.015755422,-0.0076310067,0.045752984,0.030920265,-0.061508406,-0.03855127
667,0.028765261,-0.009750818,0.043753143,0.026973225,-0.014987882,-0.036724042
668,0.18231724,0.03872665,0.0445648,0.028967006,0.13775244,0.009759644
669,0.10199367,0.03251579,0.08507582,0.05315876,0.016917855,-0.02064297
670,0.57577217,0.12156409,0.14379735,0.10039483,0.43197483,0.02116926
671,0.6229618,0.20185699,0.30653483,0.20851523,0.316427,-0.006658241
672,0.20425881,0.064733565,0.07837472,0.06191285,0.12588409,0.0028207153
673,0.79574895,0.11975885,0.2455035,0.14939657,0.55024546,-0.029637717
674,0.5506343,0.21307075,0.3035484,0.19662243,0.24708593,0.016448319
675,0.10158318,0.056984864,0.07036267,0.04759261,0.03122051,0.009392254
676,0.43557477,0.3184692,0.33021653,0.24028425,0.10535824,0.07818495
677,0.37166494,0.102319196,0.12550668,0.08986246,0.24615826,0.012456737
678,0.08680944,0.037944246,0.045762703,0.027123615,0.04104674,0.010820631
679,0.06878884,0.05693587,0.05688469,0.043269977,0.01190415,0.013665892
680,0.104222186,0.1716766,0.11892652,0.084104165,-0.014704332,0.08757244
681,0.05038186,0.110937975,0.014997667,0.0101394495,0.035384193,0.100798525
682,0.021734655,0.10866622,0.04388719,0.035051428,-0.022152536,0.07361479
683,0.17622171,0.10689691,0.12954254,0.08312194,0.04667917,0.023774967
684,0.6870514,0.19593224,0.27234897,0.19845165,0.41470245,-0.0025194138
685,0.16381578,0.04234888,0.08325155,0.0614333,0.08056423,-0.01908442
686,0.8763148,0.3692165,0.5088354,0.38137168,0.36747944,-0.012155175
687,0.39065892,0.22649746,0.27076447,0.21371496,0.119894445,0.012782499
688,0.8647919,0.526205,0.68209624,0.49669787,0.18269569,0.02950713
689,0.3978964,0.17093922,0.19564438,0.14916831,0.20225203,0.02177091
690,0.5957752,0.2149554,0.2163024,0.15879875,0.3794728,0.05615665
691,0.75640076,0.46386972,0.6397706,0.4577208,0.11663014,0.0061489344
692,0.49708316,0.12654792,0.1590626,0.10895613,0.33802056,0.01759179
693,0.29259646,0.14083293,0.055082485,0.041230645,0.23751397,0.09960228
694,0.36181453,0.123450816,0.1485681,0.108916484,0.21324643,0.014534332
695,0.19697353,0.09943772,0.12602426,0.08080237,0.07094927,0.018635347
696,0.9726072,0.26493782,0.40203786,0.2706244,0.57056934,-0.005686581
697,0.52710694,0.22800164,0.34935614,0.26159576,0.1777508,-0.033594117
698,0.017117295,0.08347954,0.04197122,0.02603262,-0.024853926,0.05744692
699,0.35252818,0.19724195,0.25193802,0.18381496,0.10059017,0.013426989
700,0.18541886,0.061935857,0.10864748,0.07167002,0.07677138,-0.009734161
701,0.7990715,0.3075949,0.57270414,0.3644841,0.22636735,-0.056889206
702,0.9265808,0.3529185,0.38758984,0.30110133,0.538991,0.05181718
703,0.08270991,0.09799706,0.07643699,0.05035629,0.0062729195,0.04764077
704,0.25810984,0.08932796,0.15285306,0.0959627,0.10525678,-0.006634742
705,0.80231434,0.23498373,0.2847848,0.22543609,0.51752955,0.009547636
706,0.64602447,0.21237762,0.30301315,0.19625542,0.34301132,0.016122207
707,0.8040453,0.34739682,0.5147665,0.3098023,0.2892788,0.037594527
708,0.9262051,0.33225518,0.41125473,0.2507003,0.5149504,0.08155489
709,0.7989409,0.23176312,0.27435482,0.19733272,0.5245861,0.0344304
710,0.21761824,0.083176866,0.082192704,0.06398224,0.13542554,0.019194625
711,0.42252427,0.12351239,0.13874452,0.09550643,0.28377974,0.028005958
712,0.9403969,0.32691348,0.42742574,0.30740985,0.51297116,0.019503623
713,1.035136,0.25504887,0.339203,0.24494112,0.695933,0.010107756
714,0.70010525,0.23032516,0.38141084,0.26905322,0.3186944,-0.03872806
715,1.0551162,0.29426354,0.35506985,0.25749215,0.7000463,0.036771387
716,0.080539875,0.051441025,0.047146935,0.03463876,0.03339294,0.016802266
717,0.08571312,-0.062613435,0.0155405495,0.0052790707,0.07017257,-0.06789251
718,0.7666121,0.3233877,0.3447741,0.2677421,0.42183802,0.055645615
719,0.49081644,0.11730693,0.13643157,0.10518589,0.35438487,0.012121044
720,0.74686825,0.25112903,0.27411887,0.19663914,0.47274938,0.054489896
721,0.9751682,0.3611642,0.4407592,0.34320205,0.53440905,0.017962158
722,0.12643743,0.101528704,0.06585347,0.04384177,0.060583957,0.057686932
723,0.14261651,0.10390367,0.0770506,0.056950644,0.065565914,0.04695303
724,0.5658599,0.23848109,0.28382838,0.20063531,0.28203154,0.037845775
725,0.8806722,0.14384447,0.25467426,0.18933946,0.62599796,-0.04549499
726,-0.017818676,0.1103091,0.008799432,0.0023112916,-0.026618108,0.10799781
727,0.5192608,0.20126686,0.19568066,0.13508822,0.32358015,0.066178635
728,0.4451788,0.14325526,0.114042684,0.07044223,0.3311361,0.072813034
729,0.8739794,0.31878674,0.34297693,0.25989696,0.53100246,0.058889776
730,0.79962635,0.25668555,0.32957625,0.2601652,0.4700501,-0.0034796596
731,0.058097076,-0.028635968,0.03166583,0.016193388,0.026431244,-0.044829354
732,0.65078294,0.2745917,0.36029148,0.25846502,0.29049146,0.016126692
733,0.098992206,0.026193459,0.06001235,0.044674173,0.038979854,-0.018480714
734,0.19568,0.12389652,0.13738304,0.10540887,0.058296964,0.018487647
735,1.0613813,0.4412319,0.54894334,0.403721,0.512438,0.0375109
736,0.008814382,0.01387581,0.01819335,0.012817865,-0.009378967,0.0010579452
737,0.6114154,0.19924076,0.25769818,0.1893446,0.3537172,0.009896159
738,-0.020610934,-0.027211852,0.006433566,0.0041838773,-0.027044501,-0.03139573
739,0.2935469,0.036828857,0.099546105,0.060811773,0.19400078,-0.023982916
740,0.13484237,0.050399985,0.088065855,0.065093964,0.04677651,-0.014693979
741,-0.031752523,-0.006416567,0.0049462104,0.0015203736,-0.036698733,-0.0079369405
742,0.060500953,0.047117114,0.05566739,0.040811226,0.004833564,0.0063058883
743,0.6335783,0.18321952,0.25132835,0.1910342,0.38224995,-0.007814676
744,0.77069896,0.29457805,0.34668022,0.25277048,0.42401874,0.041807562
745,0.3078304,0.07136961,0.06998525,0.05806496,0.23784515,0.013304651
746,0.8195321,0.3507581,0.43025947,0.3141507,0.38927263,0.036607414
747,0.12786381,0.049960442,0.110883504,0.07290417,0.016980305,-0.022943728
748,0.10697109,0.1606829,0.04778305,0.036975037,0.05918804,0.12370786
749,0.16254494,0.054192625,0.081738144,0.046540756,0.08080679,0.007651869
750,0.09273567,-0.033040944,0.025139347,0.014286976,0.067596324,-0.04732792
751,0.9565813,0.4478215,0.56670094,0.39810884,0.38988036,0.049712658
752,0.08134021,0.04830907,0.06432425,0.04456029,0.017015956,0.0037487783
753,0.067540556,0.035571147,0.099724434,0.07101767,-0.032183878,-0.03544652
754,0.53396964,0.22170852,0.2807849,0.21389702,0.25318474,0.0078115016
755,0.03771469,-0.017547537,0.042833656,0.02177627,-0.005118966,-0.039323807
756,0.8441995,0.30909455,0.40775,0.2941676,0.43644947,0.01492694
757,1.0491785,0.4523835,0.49721813,0.34050065,0.55196035,0.111882836
758,0.16097337,0.041583534,0.06731593,0.041401047,0.09365744,0.00018248707
759,0.664937,0.24223149,0.33632073,0.22732994,0.3286163,0.014901549
760,1.0117602,0.14517601,0.32394698,0.19269703,0.6878133,-0.047521025
761,0.88223064,0.23311107,0.3573785,0.23302323,0.52485216,8.7842345e-05
762,0.8985304,0.28118998,0.35870004,0.28164166,0.5398304,-0.000451684
763,0.8160804,0.19591415,0.24068704,0.16733988,0.5753933,0.028574273
764,0.029694803,0.039179984,0.03259848,0.02654578,-0.0029036775,0.012634205
765,0.11156954,0.14682363,0.07495927,0.054626476,0.036610268,0.09219715
766,0.36337972,0.2699669,0.18688418,0.15080461,0.17649554,0.11916229
767,0.6151724,0.2934141,0.3860682,0.29597172,0.22910419,-0.0025576353
768,0.85849196,0.3266544,0.44951943,0.31915158,0.40897253,0.007502824
769,0.61576366,0.15513341,0.22841734,0.14542127,0.38734633,0.009712145
770,0.908079,0.2970781,0.37199214,0.29127875,0.5360869,0.005799353
771,0.07654123,-0.016812984,0.043967225,0.028139658,0.032574005,-0.044952642
772,1.2011566,0.43591133,0.6162792,0.42445096,0.58487743,0.011460364
773,0.62839144,0.12459405,0.21400021,0.14209484,0.41439122,-0.017500788
774,0.07252856,0.056796808,0.05322327,0.041544758,0.019305293,0.01525205
775,0.35605145,0.13352056,0.15890327,0.11729534,0.19714817,0.016225219
776,0.31883383,0.10119982,0.08656131,0.0690343,0.23227252,0.03216552
777,0.7832916,0.33759907,0.39415228,0.2699156,0.3891393,0.06768346
778,0.20947367,0.095806375,0.104301736,0.07914701,0.105171934,0.016659364
779,0.21868674,0.09087801,0.121470034,0.08571492,0.09721671,0.0051630884
780,0.38101232,0.1376237,0.15743694,0.10971468,0.22357538,0.027909018
781,0.49770266,0.22320877,0.24354526,0.16654955,0.2541574,0.05665922
782,0.0633745,-0.021077855,0.033556137,0.020426365,0.02981836,-0.04150422
783,0.034604914,0.022469133,0.032640256,0.019138282,0.0019646585,0.003330851
784,0.9511641,0.25203332,0.28417802,0.21217628,0.6669861,0.039857045
785,0.0053239786,-0.02394084,0.027342591,0.015557668,-0.022018613,-0.039498508
786,0.59067065,0.19086605,0.27441296,0.1941116,0.3162577,-0.0032455474
787,0.8717563,0.28062737,0.4172211,0.27109438,0.45453522,0.009532988
788,0.4975744,0.2903137,0.3426429,0.20295452,0.15493149,0.087359175
789,0.045632884,0.029776005,0.017150545,0.013977727,0.028482338,0.015798278
790,0.5900147,0.14100009,0.2053151,0.14227612,0.38469958,-0.0012760311
791,0.12716462,0.064268395,0.079221115,0.049270134,0.047943503,0.014998261
792,0.0034721154,-0.0268169,0.027182965,0.019229658,-0.023710849,-0.04604656
793,0.96025676,0.2629997,0.39110315,0.24703985,0.5691536,0.015959859
794,1.0137343,0.49454844,0.61212665,0.47525626,0.4016077,0.019292176
795,0.2934956,0.04090856,0.09491557,0.06234164,0.19858003,-0.021433081
796,-0.034786645,0.042876035,0.015966974,0.015037734,-0.05075362,0.0278383
797,-0.0043752915,0.0110397125,0.010230161,0.0076040085,-0.014605453,0.003435704
798,0.72376055,0.3257914,0.5563948,0.3426258,0.16736573,-0.016834408
799,0.8335474,0.21597439,0.26886308,0.17945158,0.56468433,0.036522806
800,0.41035676,0.12417724,0.16879526,0.11988499,0.2415615,0.0042922497
801,0.76177496,0.20742881,0.28327718,0.19968905,0.47849777,0.0077397674
802,1.115143,0.4409554,0.60012,0.4595051,0.51502293,-0.01854971
803,-0.08568338,-0.038384143,0.034847282,0.022236587,-0.120530665,-0.060620733
804,0.19760257,0.07283341,0.055535987,0.043367643,0.14206658,0.029465768
805,0.86866367,0.26378635,0.50397325,0.31487018,0.36469042,-0.051083833
806,0.61973417,0.17964362,0.22347513,0.15447353,0.39625904,0.025170088
807,0.6120312,0.30076307,0.39301765,0.268327,0.21901357,0.032436073
808,0.66830444,0.32141703,0.47858223,0.3263772,0.18972221,-0.0049601793
809,0.554483,0.15687686,0.19857746,0.15002501,0.35590553,0.006851852
810,0.953529,0.36918998,0.51734084,0.3571264,0.43618816,0.012063563
811,0.3594294,0.12555876,0.16100919,0.12715042,0.1984202,-0.0015916526
812,0.6806485,0.18706766,0.22430073,0.16312388,0.45634776,0.023943782
813,0.84226435,0.40975994,0.6300837,0.41289288,0.21218067,-0.0031329393
814,0.7643844,0.1996648,0.27365363,0.18929303,0.49073076,0.010371774
815,-0.0592569,0.1127323,0.012917246,0.0049805874,-0.07217415,0.10775171
816,0.16714425,0.07820518,0.1017534,0.062121335,0.065390855,0.016083848
817,1.0398642,0.35911727,0.5634181,0.36682937,0.4764461,-0.007712096
818,0.567508,0.11976326,0.2221615,0.13944155,0.34534648,-0.019678287
819,0.12525679,0.106157646,0.08621304,0.054566827,0.039043754,0.05159082
820,0.032977294,0.041488845,0.03702449,0.028897338,-0.0040471964,0.012591507
821,0.050055202,-0.054132342,0.01673413,0.009178084,0.03332107,-0.06331043
822,0.94021934,0.26938918,0.37434593,0.252747,0.5658734,0.016642183
823,0.8182063,0.24749048,0.33652073,0.24388717,0.48168558,0.0036033094
824,0.83977205,0.30184677,0.45274138,0.30809638,0.38703066,-0.0062496066
825,0.6360355,0.29067105,0.3967659,0.2932035,0.23926961,-0.0025324523
826,0.85899353,0.22638744,0.27302113,0.1968971,0.5859724,0.029490337
827,1.0439258,0.22413588,0.36128947,0.23491144,0.68263626,-0.010775566
828,0.5099999,0.21463794,0.2530505,0.19056185,0.25694937,0.02407609
829,0.86280745,0.18297738,0.19632542,0.1553364,0.66648203,0.027640983
830,0.001890598,0.00971152,0.06298647,0.044570457,-0.06109587,-0.03485894
831,0.52481043,0.1917568,0.24758679,0.17749745,0.27722365,0.014259353
832,0.6433418,0.29724962,0.31735724,0.25810793,0.32598454,0.039141685
833,-0.03385635,0.114864595,0.00908856,0.0027636527,-0.042944912,0.112100944
834,0.81770164,0.47741532,0.6179119,0.46141595,0.19978976,0.015999377
835,0.8301112,0.22134097,0.32978198,0.2270469,0.50032926,-0.0057059377
836,0.5977824,0.2188984,0.29354283,0.21047993,0.30423954,0.008418471
837,0.63390064,0.15648165,0.25793484,0.16997479,0.3759658,-0.013493136
838,0.093582764,0.0053875525,0.040656094,0.029336868,0.05292667,-0.023949316
839,0.067580245,-0.0069450834,0.043332968,0.027731061,0.024247278,-0.034676146
840,0.16287918,0.014058725,0.069639266,0.048976272,0.09323992,-0.03491755
841,0.60634375,0.29723182,0.40663016,0.2932544,0.19971359,0.003977418
842,0.2268725,0.041148186,0.06438505,0.05089338,0.16248745,-0.0097451955
843,0.7482471,0.20279217,0.24243388,0.18386841,0.50581324,0.01892376
844,0.59694564,0.21243471,0.29736477,0.22306637,0.29958087,-0.010631666
845,-0.008906362,0.104445815,0.01898133,0.006240044,-0.02788769,0.098205775
846,0.8286351,0.15447734,0.2784348,0.18818986,0.5502003,-0.03371252
847,0.76334757,0.23503776,0.39529675,0.27379918,0.3680508,-0.038761422
848,0.81409717,0.4350794,0.5318329,0.39886028,0.2822643,0.03621912
849,0.10483959,0.14832887,0.020901056,0.01737683,0.08393854,0.13095205
850,-0.029064234,0.112771966,0.0055874866,-0.000775581,-0.03465172,0.11354755
851,0.419606,0.18880026,0.17330714,0.12059422,0.24629886,0.06820604
852,0.038592868,0.04653676,0.009643231,0.010324616,0.028949637,0.036212143
853,-0.032340407,0.110564634,0.0037773699,-0.0012619178,-0.036117777,0.111826554
854,0.39357877,0.17173663,0.1827165,0.12578169,0.21086226,0.045954943
855,0.1677006,0.0538031,0.065354355,0.043710385,0.10234625,0.010092717
856,0.44157618,0.12406508,0.15495712,0.10841222,0.28661907,0.015652858
857,0.9744489,0.41544744,0.5197871,0.3937697,0.45466185,0.021677732
858,0.2009874,0.05050725,0.037716683,0.027249206,0.16327071,0.023258045
859,0.14464022,0.05975372,0.07447779,0.05988973,0.07016243,-0.00013601035
860,0.5242893,0.19199878,0.26947,0.20293725,0.2548193,-0.010938466
861,0.07032065,0.06115431,0.037264418,0.028410347,0.033056233,0.03274396
862,0.11809631,0.06870541,0.06938181,0.053093888,0.048714496,0.015611522
863,0.08837418,0.043485466,0.048425093,0.03322898,0.03994909,0.010256488
864,0.04234445,0.15622829,0.060641136,0.04057466,-0.018296685,0.115653634
865,0.26582658,0.051993273,0.09679161,0.067304485,0.16903497,-0.015311211
866,0.9071186,0.3660534,0.4735516,0.32704785,0.43356702,0.039005548
867,0.8383833,0.20226331,0.2823649,0.19302115,0.5560184,0.009242162
868,1.0189037,0.39335218,0.46888256,0.34871984,0.5500212,0.044632345
869,0.8349264,0.21715993,0.2838766,0.19689018,0.5510498,0.020269752
870,0.044583693,0.048107654,0.033293385,0.02711639,0.011290308,0.020991264
871,0.055910446,0.108738616,0.084417,0.07444545,-0.028506555,0.034293167
872,0.09168957,0.1283943,0.11876155,0.09182928,-0.027071975,0.036565028
873,0.0090627065,0.04492436,0.020366123,0.015305703,-0.011303416,0.029618658
874,0.031135047,0.12567931,0.027704155,0.021835286,0.0034308918,0.10384403
875,0.9759869,0.26454934,0.35597295,0.27201885,0.62001395,-0.007469505
876,0.07615277,0.04520448,0.04194456,0.03204883,0.034208212,0.01315565
877,0.62344956,0.2667235,0.33258638,0.22796184,0.2908632,0.038761675
878,0.8463761,0.21799795,0.29285067,0.2169776,0.55352545,0.001020357
879,0.84452564,0.2439243,0.34804088,0.23930345,0.49648476,0.00462085
880,0.89962983,0.32715878,0.322845,0.23755121,0.57678485,0.08960757
881,0.6643825,0.21293327,0.23876756,0.17728643,0.42561495,0.03564684
882,0.4706507,0.13989408,0.17381388,0.123673484,0.29683682,0.0162206
883,0.81756705,0.12144928,0.16702825,0.12536982,0.6505388,-0.00392054
884,0.63087404,0.26653448,0.3979743,0.25981033,0.23289973,0.006724149
885,0.7336902,0.18145508,0.22678684,0.16750208,0.50690335,0.013953
886,0.50783557,0.09174573,0.0901778,0.05877272,0.41765776,0.032973006
887,0.17001896,0.16819943,0.1757675,0.14998625,-0.00574854,0.018213183
888,0.75804347,0.20801291,0.2845231,0.19677463,0.47352037,0.011238277
889,0.074166015,0.040363517,0.0692592,0.04619331,0.0049068183,-0.0058297925
890,0.16283834,0.16369171,0.06859557,0.05361701,0.09424277,0.1100747
891,0.10018814,0.109083995,0.028551053,0.021951957,0.071637094,0.08713204
892,1.1115134,0.33113354,0.45980158,0.32913628,0.6517118,0.0019972622
893,0.0371327,0.12937872,0.05138526,0.0339984,-0.014252562,0.09538032
894,0.9672029,0.28523383,0.24452323,0.16098109,0.7226797,0.12425274
895,-0.055643644,0.114565514,0.0047491984,0.00042818926,-0.06039284,0.11413732
896,0.28336072,0.14803793,0.1312711,0.106490955,0.15208963,0.04154697
897,0.3893241,0.2859509,0.22757109,0.15988189,0.16175301,0.12606901
898,0.8329701,0.23115608,0.28100786,0.21261781,0.55196226,0.018538266
899,0.1390209,0.028454911,0.053981036,0.043228816,0.08503987,-0.014773905
900,0.7446561,0.23990893,0.27683756,0.1991236,0.46781853,0.040785328
901,0.74661034,0.2619351,0.30845687,0.21507381,0.43815348,0.046861306
902,0.45302132,0.22939126,0.2665218,0.19181785,0.1864995,0.037573412
903,0.8863505,0.33844146,0.40934905,0.30285713,0.47700146,0.03558433
904,0.38510823,0.13764238,0.080242425,0.06753088,0.3048658,0.070111506
905,1.1556617,0.48755932,0.6685415,0.49041393,0.4871202,-0.0028546154
906,0.7648591,0.21207601,0.34682673,0.2375262,0.41803235,-0.025450185
907,0.10031993,0.021291334,0.05160449,0.03553654,0.04871544,-0.014245205
908,0.7126588,0.23332024,0.33753255,0.22019339,0.37512627,0.01312685
909,0.07458477,0.03531869,0.012683762,0.012595721,0.061901003,0.02272297
910,0.10308181,0.11883913,0.08523719,0.05866584,0.017844617,0.060173288
911,0.004495647,0.025631046,0.042173997,0.02740723,-0.03767835,-0.0017761849
912,0.147732,0.11714715,0.085974485,0.06818752,0.06175752,0.048959628
913,0.28231665,0.12385634,0.12085231,0.087706216,0.16146435,0.036150128
914,0.24573325,0.107106574,0.15241824,0.117651604,0.093315005,-0.01054503
915,0.10134633,0.028172988,0.040731624,0.030414958,0.060614705,-0.002241969
916,0.9378622,0.39465097,0.53453386,0.37761393,0.40332836,0.017037034
917,0.13658679,0.010119826,0.052588515,0.03736641,0.08399827,-0.027246583
918,0.22159873,0.054771334,0.09227178,0.06350812,0.12932694,-0.008736789
919,0.29550758,0.12769584,0.12753412,0.099193424,0.16797346,0.02850242
920,0.51819247,0.19993618,0.25448123,0.16256216,0.26371124,0.03737402
921,0.70918024,0.28249943,0.27716932,0.20859751,0.43201092,0.07390192
922,-0.064457715,0.12211706,0.013635072,0.005849185,-0.07809278,0.116267875
923,0.33403838,0.11507865,0.1700679,0.12648165,0.16397047,-0.011403002
924,0.8227304,0.25206825,0.3559613,0.25883093,0.46676913,-0.0067626834
925,0.71312916,0.22269487,0.36617935,0.248941,0.34694982,-0.02624613
926,0.050049156,0.031174451,0.028302407,0.018412836,0.021746749,0.012761615
927,0.08168427,0.048867133,0.057582628,0.04449195,0.024101641,0.004375182
928,0.17366602,0.098600306,0.0957768,0.05866572,0.07788922,0.039934587
929,0.014568326,0.008039535,0.033610757,0.022575941,-0.019042432,-0.014536406
930,1.1058908,0.15901524,0.24309513,0.162311,0.8627956,-0.0032957643
931,0.711766,0.13917153,0.16502331,0.124046296,0.5467427,0.01512523
932,0.17550036,0.2117847,0.12540866,0.101730235,0.0500917,0.11005447
933,0.66328657,0.35699248,0.46224687,0.34011388,0.2010397,0.016878605
934,0.102394216,0.069242775,0.082583055,0.062113147,0.01981116,0.007129628
935,0.104954004,0.02910807,0.03703527,0.02157473,0.06791873,0.00753334
936,0.06356683,0.1352638,0.021702902,0.01731003,0.041863926,0.11795377
937,0.86030525,0.23811954,0.3240125,0.21825193,0.5362928,0.019867614
938,0.3593719,0.15274605,0.20296837,0.12873234,0.15640353,0.024013713
939,1.037878,0.34697533,0.4364032,0.31132883,0.6014749,0.0356465
940,0.15541914,0.008904457,0.04395878,0.03605698,0.11146036,-0.027152523
941,0.5874052,0.23011114,0.33591533,0.21292208,0.25148988,0.017189056
942,0.35383853,0.0723698,0.123161465,0.0818952,0.23067707,-0.009525403
943,0.47562584,0.28773484,0.30955645,0.23077916,0.16606939,0.05695568
944,0.9210795,0.32651365,0.51566577,0.34179506,0.40541375,-0.015281409
945,0.15405145,0.08301659,0.04394826,0.034000214,0.11010319,0.049016375
946,0.77692276,0.2506121,0.37885743,0.25533828,0.39806533,-0.0047261715
947,0.45788452,0.1794066,0.23888834,0.17671055,0.21899618,0.0026960522
948,0.061665755,0.17121644,0.1021906,0.07915726,-0.040524844,0.09205918
949,0.45558837,0.19386034,0.2785111,0.20904519,0.17707726,-0.0151848495
950,0.7435252,0.24581453,0.22918427,0.1572633,0.51434094,0.08855124
951,0.49137637,0.111384004,0.15981114,0.10784504,0.33156523,0.0035389662
952,0.81007063,0.2130554,0.2966412,0.19580625,0.5134294,0.017249152
953,0.03928851,-0.024010915,0.034097236,0.019391125,0.005191274,-0.04340204
954,0.60515046,0.18155052,0.25731942,0.19176081,0.34783104,-0.010210291
955,0.056434236,0.13790616,0.057174694,0.03365307,-0.0007404573,0.1042531
956,0.47250256,0.1092997,0.13378131,0.09289113,0.33872125,0.01640857
957,0.14013448,0.062446553,0.07510275,0.056925103,0.06503174,0.00552145
958,0.11993756,0.023125626,0.05519313,0.038414665,0.06474443,-0.015289038
959,0.5232031,0.1786725,0.24045078,0.17162614,0.28275228,0.0070463717
960,0.68611634,0.21035706,0.30259064,0.21360731,0.3835257,-0.0032502562
961,0.29443657,0.13565578,0.19996794,0.09815627,0.09446864,0.037499502
962,0.27688852,0.0708216,0.07894704,0.05969112,0.19794148,0.011130478
963,0.13197803,0.15206185,0.025907028,0.020346375,0.10607101,0.13171548
964,0.8499954,0.1350438,0.24102272,0.15355964,0.60897267,-0.01851584
965,0.2989155,0.07375946,0.14229679,0.10106396,0.15661871,-0.0273045
966,0.27930245,0.09168623,0.118392564,0.084059164,0.16090989,0.0076270625
967,1.065941,0.3363718,0.44688824,0.3214525,0.61905277,0.014919311
968,0.017229397,0.12521896,0.03349435,0.023702111,-0.016264953,0.10151684
969,0.6950404,0.3105958,0.4194994,0.29840404,0.275541,0.012191772
970,0.09382887,-0.022921437,0.05936946,0.037991557,0.034459412,-0.060912997
971,0.8995243,0.35625193,0.4533768,0.30527115,0.44614747,0.050980777
972,0.9483223,0.43137977,0.51512027,0.37974098,0.43320203,0.051638782
973,0.3152376,0.1080217,0.12032062,0.08250914,0.194917,0.025512561
974,0.79605377,0.26594067,0.31953153,0.22725637,0.47652224,0.038684294
975,0.5181135,0.20851481,0.25587475,0.18185776,0.26223874,0.026657045
976,0.9619226,0.1849797,0.26361674,0.18072334,0.69830585,0.0042563677
977,0.032844484,-0.048604876,0.030070595,0.014839718,0.0027738884,-0.06344459
978,0.01815298,0.04703362,0.019775545,0.019997114,-0.0016225651,0.027036505
979,0.70985883,0.26945794,0.3447625,0.24312341,0.36509633,0.026334524
980,0.15718508,0.012947546,0.10598139,0.06816405,0.05120369,-0.055216506
981,0.05669607,0.044671204,0.03350904,0.02613451,0.02318703,0.018536694
982,0.70675755,0.23935497,0.31226653,0.22830215,0.39449102,0.011052817
983,0.11567504,0.04688973,0.05096314,0.032551695,0.0647119,0.014338035
984,0.8042941,0.345173,0.44862446,0.3383623,0.35566965,0.006810695
985,0.9344622,0.293623,0.39495155,0.28402728,0.5395106,0.009595722
986,0.65336365,0.21753798,0.27958137,0.20606011,0.37378228,0.011477873
987,0.36577272,0.088554576,0.14666656,0.07934226,0.21910617,0.009212315
988,0.68637407,0.1776676,0.2183028,0.15293218,0.46807128,0.024735421
989,0.28495854,0.087949805,0.104578495,0.07785638,0.18038005,0.010093428
990,0.22375233,0.07381334,0.05237642,0.03851245,0.17137592,0.03530089
991,0.37319437,0.16968188,0.22907612,0.15841769,0.14411825,0.01126419
992,0.94942033,0.29051086,0.30085418,0.22522631,0.6485661,0.06528455
993,0.040581625,0.07897559,0.050514866,0.03580265,-0.009933241,0.043172937
994,0.4624378,0.14126323,0.13097204,0.0999012,0.33146578,0.041362032
995,1.046869,0.27964833,0.40188926,0.29444963,0.6449798,-0.014801294
996,0.7717718,0.22872184,0.3114567,0.21283284,0.46031508,0.015889004
997,0.26535046,0.17670058,0.093239896,0.07136621,0.17211056,0.105334364
998,0.21516247,0.05054585,0.053969573,0.028904729,0.1611929,0.02164112
999,0.2908054,0.19432893,0.11691234,0.085102424,0.17389306,0.10922651
1000,0.25973335,0.15877454,0.13861157,0.099531196,0.12112178,0.059243344
1001,0.039270665,0.020623052,0.03741716,0.026526501,0.001853507,-0.005903449
1002,1.1364746,0.20912296,0.39084288,0.25152028,0.7456317,-0.04239732
1003,0.9058388,0.31171706,0.42702076,0.30288544,0.47881803,0.00883162
1004,0.9615576,0.29157338,0.3804854,0.27927983,0.5810722,0.012293547
1005,0.83595526,0.31329325,0.45522133,0.3265549,0.38073394,-0.013261646
1006,1.0461868,0.41711423,0.53079736,0.36075595,0.51538944,0.056358278
1007,1.1950608,0.45211044,0.661177,0.4625766,0.53388387,-0.010466158
1008,0.5858379,0.10976721,0.17429799,0.13282657,0.4115399,-0.023059353
1009,0.59927255,0.18111427,0.27089763,0.1938536,0.32837492,-0.0127393305
1010,0.13841142,0.04843232,0.04298196,0.03208589,0.09542946,0.016346429
1011,0.731631,0.21446629,0.27606958,0.20227563,0.4555614,0.012190655
1012,0.59933436,0.21556863,0.34038883,0.23155655,0.25894552,-0.015987918
1013,0.3664553,0.16088797,0.17092341,0.124152556,0.19553187,0.036735415
1014,0.85115993,0.24522986,0.33790767,0.23834115,0.51325226,0.0068887025
1015,0.10537602,0.10265292,0.09394963,0.059052654,0.011426389,0.04360027
1016,0.3489227,0.12733667,0.21418859,0.13992447,0.13473411,-0.012587801
1017,0.5879628,0.1405658,0.22521,0.15272476,0.3627528,-0.01215896
1018,0.7068645,0.14486061,0.18575701,0.13496763,0.52110744,0.009892985
1019,0.82372326,0.22199504,0.3253089,0.23085363,0.49841437,-0.008858591
1020,0.7280112,0.20825088,0.21943767,0.17471687,0.50857353,0.033534005
1021,-0.010028093,0.014130879,0.017492741,0.012888556,-0.027520835,0.0012423228
1022,0.8526105,0.30768135,0.4005548,0.27218756,0.45205572,0.03549379
1023,0.6638807,0.19192567,0.2337802,0.17203496,0.4301005,0.01989071
1024,0.21019569,0.051436644,0.083622,0.05247827,0.12657368,-0.0010416247
1025,0.9285149,0.17986095,0.34037772,0.23455805,0.58813715,-0.054697096
1026,0.5421096,0.1824811,0.21557592,0.15987319,0.32653368,0.022607908
1027,0.6450901,0.22451489,0.28371805,0.20849147,0.36137205,0.016023412
1028,0.70670414,0.25352678,0.38176656,0.27254653,0.32493758,-0.019019753
1029,0.17458673,0.056656208,0.056409642,0.040820397,0.118177086,0.01583581
1030,0.26030615,0.07203168,0.076470576,0.06246153,0.18383557,0.009570148
1031,0.019868463,0.06430045,0.07365642,0.04932089,-0.053787954,0.014979556
1032,0.76201946,0.36833915,0.44760388,0.33545262,0.31441557,0.032886535
1033,0.23186076,0.012656388,0.07881923,0.049935788,0.15304153,-0.0372794
1034,0.7732664,0.3336395,0.4430325,0.3226138,0.33023387,0.011025697
1035,0.06442587,-0.043425743,0.05707096,0.031005258,0.0073549114,-0.074431
1036,0.89106756,0.40036154,0.516549,0.35849917,0.37451857,0.04186237
1037,0.033664502,-0.028771454,0.037406005,0.024009204,-0.0037415028,-0.052780658
1038,0.6164291,0.18140414,0.28220874,0.1988098,0.33422035,-0.017405659
1039,0.743273,0.24577394,0.29370034,0.2227003,0.44957268,0.023073643
1040,0.26408073,0.12530603,0.1532252,0.11182355,0.110855535,0.013482474
1041,0.088327274,0.09369341,0.1506789,0.09132327,-0.06235163,0.0023701414
1042,0.014919662,0.057887107,0.021210384,0.016351782,-0.0062907217,0.041535325
1043,0.94629854,0.25110087,0.3947804,0.2621089,0.55151814,-0.011008024
1044,0.39619803,0.14434364,0.19308506,0.13950355,0.20311297,0.004840091
1045,0.058061868,0.027759617,0.009622752,0.00803599,0.048439115,0.019723628
1046,0.098639145,0.15734987,0.104955666,0.08007158,-0.0063165203,0.077278286
1047,0.13162535,0.07034236,0.1153138,0.08302038,0.016311556,-0.01267802
1048,0.83859473,0.24053656,0.34597546,0.23928355,0.49261928,0.0012530088
1049,0.06071784,0.01535593,0.06826601,0.039711054,-0.007548172,-0.024355125
1050,0.5471533,0.10732983,0.14975138,0.10623553,0.39740193,0.001094304
1051,0.22582534,0.06274423,0.07221926,0.052293196,0.15360609,0.010451034
1052,0.13509573,0.03916321,0.044210624,0.034950186,0.0908851,0.004213024
1053,0.024052758,-0.041777104,0.031542987,0.017598683,-0.007490229,-0.059375785
1054,0.2265795,0.031055603,0.06393166,0.04288058,0.16264784,-0.011824977
1055,0.8429331,0.25263494,0.36930522,0.25352597,0.4736279,-0.00089102983
1056,-0.05372734,-0.05013155,0.012046843,0.0036908672,-0.06577418,-0.053822417
1057,0.15098815,0.1313416,0.12437801,0.08746643,0.026610136,0.043875173
1058,1.2242055,0.4695895,0.5836424,0.40302464,0.6405631,0.06656486
1059,0.13353297,0.037064083,0.03958296,0.031663064,0.09395001,0.005401019
1060,0.5165579,0.19901155,0.3015377,0.17336048,0.21502018,0.025651067
1061,1.0897056,0.4115261,0.64337975,0.41090053,0.44632584,0.00062558055
1062,0.72979057,0.23065318,0.30047092,0.20898685,0.42931965,0.021666333
1063,-0.04169066,0.11316577,0.017725453,0.009628575,-0.05941611,0.1035372
1064,0.8262246,0.22010034,0.33438548,0.22207575,0.49183914,-0.0019754022
1065,0.26449195,0.12636602,0.15682274,0.10627259,0.107669204,0.020093426
1066,0.7821372,0.27581763,0.32736015,0.23601966,0.45477706,0.039797977
1067,0.009218383,0.036195196,0.028873153,0.02145683,-0.01965477,0.014738366
1068,0.35158277,0.13964194,0.11546309,0.08416516,0.23611967,0.055476777
1069,0.5758238,0.26971912,0.30221212,0.20626245,0.27361166,0.06345667
1070,0.72837317,0.2523198,0.3572833,0.24353622,0.37108988,0.008783594
1071,0.75979924,0.16615121,0.23722701,0.16723421,0.5225722,-0.0010830015
1072,0.64475745,0.21921664,0.28219652,0.19698067,0.36256093,0.022235975
1073,0.64699274,0.17656995,0.31710467,0.19388878,0.32988808,-0.01731883
1074,1.0563321,0.3134105,0.39604133,0.29159176,0.6602908,0.021818727
1075,0.62944955,0.13117257,0.1739336,0.12942469,0.45551595,0.0017478764
1076,0.069568805,-0.017497951,0.07015768,0.04546534,-0.00058887154,-0.06296329
1077,0.27342784,0.050277896,0.16358936,0.086194076,0.109838486,-0.03591618
1078,0.29130718,0.21030644,0.21201882,0.15411049,0.07928836,0.056195945
1079,0.580625,0.15077563,0.19961804,0.1379307,0.38100696,0.01284492
1080,0.74404794,0.29915333,0.3731256,0.27968347,0.37092233,0.019469857
1081,0.17232524,0.04552086,0.09891928,0.07123791,0.07340596,-0.025717046
1082,0.32009146,0.073323354,0.10140218,0.067930974,0.21868928,0.00539238
1083,0.66728586,0.16305374,0.2304249,0.15396278,0.43686098,0.00909096
1084,0.05414813,0.052457307,0.040453993,0.032399453,0.013694137,0.020057853
1085,0.047987554,0.0100260535,0.015492346,0.00858873,0.032495208,0.0014373232
1086,0.72151595,0.23982686,0.32068917,0.23989363,0.40082678,-6.67721e-05
1087,0.98328185,0.22052965,0.21127594,0.14021309,0.7720059,0.08031656
1088,0.7562091,0.3230196,0.4112729,0.2619025,0.34493616,0.061117083
1089,0.62342316,0.24247979,0.33219907,0.23759516,0.2912241,0.0048846304
1090,0.8293495,0.22336982,0.3079722,0.2050735,0.5213773,0.018296316
1091,0.7804485,0.31066382,0.57906115,0.32224447,0.20138735,-0.011580646
1092,-0.0024212317,0.09389768,0.040846538,0.026453387,-0.043267768,0.067444295
1093,0.6544243,0.15484826,0.27021682,0.17007658,0.3842075,-0.015228316
1094,0.1681733,0.066503346,0.0996581,0.067908816,0.0685152,-0.0014054701
1095,0.19063832,0.070014216,0.08228812,0.059022136,0.108350195,0.01099208
1096,0.6725004,0.15167369,0.22760564,0.16297472,0.44489473,-0.011301026
1097,0.055382237,-0.01685082,0.035848867,0.017905552,0.01953337,-0.03475637
1098,0.32606524,0.21575801,0.2307342,0.15413465,0.09533104,0.061623365
1099,0.6003793,0.17342433,0.22859633,0.15738353,0.37178296,0.016040802
1100,-0.0082013775,0.110103115,0.043203495,0.031782616,-0.05140487,0.0783205
1101,1.2304895,0.3314755,0.42861894,0.30535012,0.8018706,0.026125371
1102,0.8648319,0.1303934,0.22242144,0.16373014,0.6424105,-0.033336744
1103,0.11422775,0.020301456,0.03408589,0.0272002,0.08014186,-0.006898744
1104,0.1751033,0.071166314,0.0672439,0.05049856,0.10785941,0.020667754
1105,1.5760274,0.34009683,0.49784932,0.32578045,1.078178,0.01431638
1106,0.11072707,0.044597417,0.02038147,0.019440206,0.090345606,0.025157211
1107,0.1777502,0.06504724,0.07146943,0.048377648,0.10628077,0.016669594
1108,0.11422448,0.015114818,0.036578726,0.023953443,0.07764575,-0.008838626
1109,0.6293676,0.14852619,0.2099922,0.13854681,0.4193754,0.009979382
1110,0.19285928,0.060887944,0.1114631,0.08174012,0.08139618,-0.020852175
1111,0.58255154,0.1706976,0.217734,0.16178595,0.36481756,0.008911654
1112,0.0014529389,-0.018246567,0.01923256,0.012688666,-0.01777962,-0.030935232
1113,0.72021085,0.14625342,0.22951066,0.14848004,0.4907002,-0.002226621
1114,0.081206575,0.062946506,0.034727324,0.022588484,0.04647925,0.04035802
1115,0.9858007,0.21788383,0.27947825,0.17957672,0.70632243,0.0383071
1116,0.25517452,0.061509274,0.14319803,0.09508982,0.11197649,-0.03358055
1117,0.021778213,0.03835488,0.018309869,0.012636316,0.003468344,0.025718566
1118,0.23650616,0.12275576,0.13644367,0.10394725,0.10006249,0.018808506
1119,-0.07486315,0.1392895,0.0014200963,-0.0026791177,-0.07628325,0.14196862
1120,0.15691143,0.08727381,0.095747,0.053166866,0.06116443,0.03410694
1121,0.81095225,0.28269488,0.40819412,0.3020888,0.40275812,-0.01939392
1122,0.1786904,0.11498989,0.098269634,0.06738883,0.08042077,0.04760106
1123,0.6903335,0.21762635,0.3101384,0.20839739,0.38019508,0.00922896
1124,1.0029728,0.27205473,0.39867124,0.27364334,0.6043016,-0.0015886128
1125,0.98216295,0.40529278,0.6278596,0.41823024,0.35430336,-0.012937456
1126,0.3174932,0.09006748,0.123406485,0.08803193,0.19408672,0.0020355508
1127,0.6563206,0.091012254,0.13754703,0.09413222,0.51877356,-0.0031199679
1128,0.894604,0.22546352,0.36292666,0.24208947,0.53167737,-0.01662594
1129,0.2931676,0.033715528,0.08058908,0.058194965,0.2125785,-0.024479438
1130,0.08240888,0.10078183,0.040410057,0.03184612,0.041998826,0.06893571
1131,0.8263582,0.23643067,0.3288612,0.2361042,0.497497,0.00032646954
1132,0.208007,0.05498247,0.055097327,0.03892304,0.15290967,0.016059428
1133,0.810549,0.18908045,0.24196126,0.17919907,0.5685878,0.009881377
1134,0.28072572,0.086276986,0.13149744,0.10312527,0.14922827,-0.016848281
1135,0.78134674,0.2695152,0.31112295,0.23335718,0.47022378,0.03615801
1136,0.8109837,0.30862454,0.3413705,0.24347399,0.46961322,0.065150544
1137,0.9722261,0.27229288,0.3987162,0.28621766,0.5735099,-0.0139247775
1138,0.71475536,0.17504938,0.25170812,0.1810594,0.46304724,-0.0060100257
1139,0.6450902,0.3062217,0.3814331,0.27236378,0.26365712,0.03385791
1140,0.4361097,0.08557345,0.13557169,0.09325634,0.300538,-0.0076828897
1141,0.6539813,0.20263356,0.3106421,0.21061058,0.34333923,-0.007977024
1142,0.7537185,0.362087,0.3877358,0.27674836,0.36598268,0.08533865
1143,0.61722684,0.23184901,0.34165108,0.23928906,0.27557576,-0.0074400455
1144,0.23218521,0.07177803,0.07917131,0.0563597,0.15301391,0.015418328
1145,0.5586546,0.1502872,0.2063406,0.13787822,0.352314,0.012408972
1146,0.84483606,0.22684143,0.33647215,0.23082915,0.5083639,-0.0039877146
1147,0.9698152,0.31558806,0.444667,0.30436355,0.52514815,0.011224508
1148,0.9573739,0.25380415,0.353,0.2396138,0.60437393,0.014190346
1149,0.5420883,0.16202185,0.2579286,0.17932679,0.28415972,-0.017304942
1150,0.12376313,0.05994548,0.06547005,0.03805457,0.05829308,0.021890908
1151,0.74929553,0.27735278,0.44018745,0.25432196,0.30910808,0.023030818
1152,-0.069768324,0.09417852,0.028247723,0.019093597,-0.098016046,0.075084925
1153,0.036782794,0.057544164,0.025512006,0.023463879,0.011270788,0.034080286
1154,0.055638637,0.030381877,0.036752686,0.027839221,0.018885951,0.002542656
1155,0.20262308,0.07531525,0.077513665,0.05745663,0.12510942,0.01785862
1156,0.0358401,-0.029157568,0.055813223,0.029174183,-0.019973122,-0.05833175
1157,0.061915338,0.209458,0.047735464,0.03333252,0.014179874,0.17612547
1158,0.7763702,0.18884738,0.26936063,0.17497234,0.5070096,0.013875037
1159,-0.0012111237,0.13364509,0.025958782,0.014202914,-0.027169906,0.11944217
1160,0.70199597,0.33055502,0.40244973,0.312783,0.29954624,0.017772019
1161,0.59793705,0.18885255,0.24992739,0.16483192,0.34800965,0.024020627
1162,0.1348849,0.0071909283,0.027663762,0.021285877,0.107221134,-0.014094949
1163,0.8162026,0.19545707,0.35802177,0.22073773,0.45818081,-0.025280654
1164,1.23809,0.49906626,0.607544,0.42408413,0.63054603,0.07498214
1165,0.7933085,0.22035056,0.3281437,0.23140416,0.4651648,-0.011053592
1166,-0.024381204,-0.02941898,0.016843542,0.009685869,-0.041224748,-0.03910485
1167,1.476292,0.42466828,0.6528182,0.4745677,0.8234738,-0.04989943
1168,0.50932515,0.13983162,0.15995246,0.107310444,0.34937268,0.032521173
1169,0.23215686,0.15301575,0.12679864,0.08989164,0.10535821,0.063124105
1170,0.08439453,0.04859114,0.07226277,0.057314407,0.012131758,-0.008723266
1171,0.015880201,0.14349426,0.023561044,0.012551952,-0.0076808427,0.13094231
1172,0.8071486,0.2896712,0.34620452,0.25122333,0.46094406,0.038447887
1173,0.82743126,0.3134679,0.41554603,0.30249852,0.41188523,0.010969371
1174,0.098361015,-0.0053381007,0.0882724,0.051925078,0.010088615,-0.05726318
1175,0.07937705,-0.03825577,0.05208498,0.028821252,0.027292069,-0.067077026
1176,0.05119201,0.050428744,0.062823504,0.051695224,-0.0116314925,-0.0012664795
1177,0.8398033,0.34636852,0.45640114,0.3229967,0.38340214,0.023371816
1178,0.5413242,0.22010389,0.2758036,0.20731613,0.2655206,0.012787759
1179,1.1669523,0.35140708,0.49070847,0.3063794,0.6762438,0.045027673
1180,0.83908576,0.3561643,0.43429294,0.32358658,0.40479282,0.032577723
1181,1.1786739,0.4639585,0.6413646,0.42481706,0.5373093,0.039141446
1182,0.9940253,0.3173368,0.355466,0.27037284,0.6385593,0.04696396
1183,0.15498683,0.13051784,0.106204584,0.05698535,0.048782244,0.07353249
1184,0.21423706,0.08239379,0.11294804,0.087876216,0.10128903,-0.005482428
1185,0.75815636,0.38149074,0.5415169,0.40554473,0.21663946,-0.02405399
1186,0.0307051,0.021503499,0.050652765,0.038355075,-0.019947665,-0.016851576
1187,0.7294381,0.16045736,0.2053385,0.14446808,0.52409965,0.015989274
1188,0.19325246,0.0786279,0.06472412,0.05260282,0.12852834,0.02602508
1189,0.07626757,0.03621985,0.072432764,0.04118172,0.0038348064,-0.0049618706
1190,0.7242752,0.21556693,0.2889483,0.20487212,0.43532687,0.010694817
1191,0.34331322,0.1439187,0.1496714,0.10930265,0.19364181,0.034616046
1192,0.51025605,0.18216331,0.19758168,0.1513684,0.31267437,0.030794919
1193,0.08314003,0.07467158,0.059058804,0.04921803,0.024081226,0.025453553
1194,0.027243802,0.019986749,0.01587393,0.0101438,0.011369873,0.009842949
1195,0.9768709,0.16622688,0.21772383,0.16301909,0.75914705,0.0032077879
1196,0.18455306,0.050857242,0.11333575,0.07366279,0.071217306,-0.022805545
1197,0.9415703,0.29732856,0.44312766,0.28364015,0.49844262,0.013688415
1198,0.72992915,0.32818708,0.39169765,0.26644918,0.3382315,0.061737895
1199,0.5204228,0.28075063,0.3418501,0.26073003,0.17857271,0.020020604
1200,0.43681625,0.22214933,0.272737,0.1832437,0.16407925,0.03890562
1201,0.121924736,0.07062825,0.080832206,0.057682443,0.04109253,0.012945805
1202,0.63435614,0.23571302,0.40612683,0.23078825,0.22822931,0.004924774
1203,0.018062089,-0.061350215,0.011460671,0.0021583752,0.0066014174,-0.06350859
1204,0.10386324,0.009131835,0.065292284,0.03540458,0.038570955,-0.026272748
1205,0.0065797726,-0.06553702,0.02375176,0.010313222,-0.017171986,-0.07585024
1206,0.046484955,-0.037593976,0.019923996,0.010802543,0.026560958,-0.04839652
1207,0.10779988,0.027728423,0.016156377,0.012874217,0.091643505,0.014854207
1208,0.28077433,0.06885182,0.104797184,0.07560955,0.17597714,-0.0067577288
1209,0.96125233,0.35261133,0.510697,0.3432119,0.45055532,0.009399444
1210,0.9836449,0.28662753,0.37664837,0.28628075,0.60699654,0.00034677982
1211,0.18379223,0.07700864,0.06181769,0.044383083,0.12197454,0.03262556
1212,0.06095839,-0.0642548,0.0054559223,-0.00018354946,0.055502467,-0.064071245
1213,0.8498364,0.30716154,0.41861066,0.2830422,0.43122575,0.024119347
1214,0.1606172,0.06077899,0.041980773,0.02851755,0.11863643,0.03226144
1215,0.66181517,0.18578017,0.26674384,0.19537371,0.39507133,-0.009593546
1216,0.584345,0.246065,0.3581329,0.24395601,0.22621208,0.0021089911
1217,1.0178477,0.4269811,0.5848415,0.41304246,0.43300617,0.013938636
1218,0.05300149,0.15708624,0.06998978,0.04721623,-0.016988289,0.10987001
1219,0.72687167,0.18926144,0.23353495,0.14850587,0.49333674,0.04075557
1220,0.7603638,0.3595613,0.42715096,0.3329119,0.33321285,0.026649386
1221,0.025277419,0.021732435,0.036528353,0.023420706,-0.011250934,-0.0016882718
1222,0.07677484,0.021465894,0.06251786,0.042770732,0.014256984,-0.021304838
1223,0.4180631,0.15492424,0.1994316,0.14566532,0.2186315,0.009258926
1224,0.26337677,0.13365489,0.11523901,0.08510392,0.14813776,0.04855097
1225,0.8651929,0.16249631,0.28343418,0.18965311,0.58175874,-0.0271568
1226,0.61781174,0.26572907,0.26702082,0.20875779,0.35079092,0.05697128
1227,0.17513835,0.012557002,0.059269015,0.041305292,0.11586934,-0.02874829
1228,0.51480305,0.17173758,0.23550312,0.1846283,0.2792999,-0.012890711
1229,0.88073957,0.28947544,0.45479938,0.29965827,0.4259402,-0.010182828
1230,0.055926107,0.03829463,0.029033396,0.023124898,0.02689271,0.01516973
1231,1.0909444,0.33636716,0.4259883,0.31130493,0.6649561,0.025062233
1232,0.027880868,-0.0077419556,0.0017076115,0.004207639,0.026173256,-0.011949595
1233,0.21540727,0.09527582,0.09628959,0.06172291,0.11911768,0.03355291
1234,0.97665006,0.25067723,0.38582593,0.26349983,0.5908241,-0.012822598
1235,0.018987155,0.017691053,0.022321181,0.015172002,-0.0033340268,0.0025190515
1236,0.6189947,0.19599538,0.22497442,0.17091724,0.3940203,0.025078133
1237,0.22706777,0.13743751,0.055230994,0.037213538,0.17183678,0.10022397
1238,0.7681073,0.1981642,0.2761521,0.19103234,0.4919552,0.0071318597
1239,0.6902233,0.116690174,0.26262912,0.1704039,0.42759416,-0.053713724
1240,0.554904,0.2324416,0.34637666,0.2347773,0.20852733,-0.0023356974
1241,0.13233332,0.060370907,0.09118926,0.04882843,0.041144066,0.011542477
1242,0.9162622,0.19134077,0.23193973,0.16873938,0.6843225,0.022601396
1243,0.9541059,0.30315426,0.34163994,0.26033634,0.612466,0.04281792
1244,0.91090876,0.26116922,0.3763597,0.23533697,0.53454906,0.02583225
1245,0.79588395,0.3162884,0.32313278,0.2309451,0.47275117,0.085343316
1246,0.6549784,0.20286031,0.27298126,0.20460366,0.38199714,-0.0017433465
1247,0.14281689,0.037346575,0.03922599,0.026202602,0.10359089,0.011143973
1248,0.072637685,0.042521097,0.03938689,0.029699404,0.033250794,0.012821693
1249,0.19314198,0.08596132,0.07679596,0.059966218,0.116346024,0.025995102
1250,0.7049823,0.20777062,0.2789644,0.21425,0.42601788,-0.0064793825
1251,0.73059636,0.21661174,0.2676191,0.19562274,0.46297726,0.020989
1252,0.20296147,0.0052368357,0.07288735,0.04709125,0.13007411,-0.041854415
1253,0.038849734,0.13631672,0.032330748,0.019962199,0.006518986,0.11635452
1254,0.18799496,0.1623216,0.17306748,0.11828695,0.014927477,0.044034645
1255,0.7557955,0.18034717,0.1972828,0.144988,0.5585127,0.035359174
1256,0.11229421,0.024698025,0.059252035,0.0374588,0.053042177,-0.012760775
1257,0.85979915,0.2517928,0.31866875,0.23337665,0.5411304,0.018416137
1258,0.025610408,0.020052522,0.019503677,0.015099836,0.0061067306,0.004952687
1259,0.7514286,0.29254162,0.39659363,0.2655722,0.35483497,0.026969433
1260,0.5962425,0.17105776,0.22242098,0.16046791,0.3738215,0.010589853
1261,0.41736245,0.16901296,0.20094742,0.1536361,0.21641503,0.015376866
1262,0.78568304,0.28097928,0.43187362,0.28279552,0.35380942,-0.0018162429
1263,0.4863408,0.10175931,0.13073367,0.09540807,0.35560712,0.00635124
1264,0.82968473,0.29867333,0.42641982,0.29045752,0.4032649,0.008215815
1265,0.94177276,0.36690846,0.45249206,0.32513168,0.4892807,0.041776776
1266,0.5631364,0.16375244,0.24244028,0.16116546,0.32069612,0.0025869757
1267,0.061903317,0.054345727,0.05505657,0.044648938,0.0068467483,0.009696789
1268,0.099901095,0.023386545,0.048802532,0.027557844,0.051098563,-0.004171299
1269,0.64486593,0.24466725,0.31932718,0.23431408,0.32553875,0.010353163
1270,0.6239127,0.17042027,0.28848666,0.17635442,0.33542603,-0.005934149
1271,0.23069988,0.064886935,0.01870525,0.014150798,0.21199463,0.050736137
1272,0.8246134,0.26180208,0.33277637,0.2537078,0.49183702,0.008094281
1273,0.41697136,0.14805277,0.197081,0.14313309,0.21989036,0.004919678
1274,0.7636576,0.3178913,0.43517017,0.2941101,0.32848746,0.02378121
1275,0.86610967,0.3823315,0.5496994,0.39792362,0.31641024,-0.015592128
1276,0.8157395,0.24866292,0.3410139,0.23074684,0.4747256,0.017916083
1277,0.16075249,-0.009749772,0.06194719,0.033849873,0.0988053,-0.043599643
1278,0.58474445,0.13841584,0.18431686,0.13324265,0.40042758,0.0051731914
1279,0.6347743,0.22350283,0.24047035,0.14409186,0.39430398,0.07941097
1280,0.3725342,0.14244041,0.16889441,0.11989332,0.20363978,0.022547089
1281,0.29103133,0.11933663,0.18462357,0.11046703,0.10640776,0.008869596
1282,0.7218008,0.29182068,0.35566506,0.2740445,0.36613575,0.017776161
1283,0.087191656,0.01249403,0.041260287,0.028519936,0.04593137,-0.016025905
1284,0.5156762,0.12089591,0.1846554,0.12578759,0.3310208,-0.0048916787
1285,0.0986831,0.10164053,0.0624924,0.05263483,0.036190696,0.0490057
1286,0.029721115,-0.063022114,0.013817756,0.005351539,0.015903357,-0.06837365
1287,0.623422,0.10614129,0.12997104,0.09551892,0.493451,0.010622375
1288,0.32264644,0.20042026,0.2530163,0.16585018,0.069630146,0.034570083
1289,0.9235637,0.36282766,0.47532478,0.35461602,0.44823894,0.0082116425
1290,0.8284091,0.34221983,0.4526646,0.33542153,0.37574446,0.006798297
1291,0.86787975,0.30600414,0.3626766,0.2618243,0.5052031,0.044179827
1292,0.64918804,0.20081699,0.32747215,0.20051184,0.3217159,0.00030514598
1293,0.77852273,0.30283776,0.39013612,0.299296,0.3883866,0.0035417676
1294,0.5621002,0.22248429,0.2658071,0.20050265,0.29629308,0.021981642
1295,0.77252346,0.27286288,0.33961728,0.24258497,0.43290618,0.030277908
1296,0.48787332,0.22284926,0.31395394,0.22096737,0.17391938,0.0018818974
1297,0.83742905,0.3388675,0.48873857,0.31535137,0.34869048,0.023516119
1298,0.80977654,0.24583645,0.38854432,0.24789782,0.42123222,-0.002061367
1299,-0.004465038,-0.06665051,0.02930791,0.016073396,-0.033772945,-0.08272391
1300,0.7317905,0.16724838,0.18046802,0.13887316,0.55132246,0.028375223
1301,0.9594991,0.33477792,0.5253871,0.3132268,0.434112,0.021551132
1302,0.98529446,0.25485152,0.33669606,0.23603985,0.64859843,0.018811673
1303,0.4101993,0.16617054,0.21945497,0.15801741,0.19074434,0.008153126
1304,0.73584855,0.25101063,0.4235279,0.2637211,0.31232065,-0.012710482
1305,0.40066347,0.18880065,0.0646331,0.041521214,0.33603036,0.14727944
1306,0.16256788,-0.0009734395,0.09338565,0.049801044,0.06918223,-0.050774485
1307,0.5074601,0.33163685,0.3087096,0.24957064,0.19875053,0.08206621
1308,0.570188,0.26514518,0.33258584,0.2280091,0.23760214,0.037136078
1309,0.16110529,0.05474144,0.06695862,0.0495893,0.09414667,0.00515214
1310,1.200282,0.26485914,0.39901185,0.28787115,0.8012701,-0.023012012
1311,0.49836874,0.12772949,0.1629916,0.11471378,0.33537716,0.01301571
1312,0.21752082,0.18640234,0.18225668,0.13218041,0.035264134,0.054221928
1313,1.0551434,0.36111394,0.53162885,0.35693577,0.5235145,0.0041781664
1314,0.9902692,0.29340535,0.34789163,0.25620535,0.64237756,0.037200004
1315,0.7954603,0.23171672,0.41250545,0.3048504,0.38295484,-0.07313368
1316,0.4815663,0.19401222,0.25817683,0.19488664,0.22338948,-0.00087441504
1317,0.12632822,0.011595329,0.08815403,0.060323305,0.038174182,-0.048727974
1318,0.21131992,0.13779612,0.14156242,0.08644846,0.069757506,0.051347658
1319,0.76122934,0.19439328,0.2673465,0.1883301,0.49388283,0.006063178
1320,0.65195435,0.3560235,0.44465682,0.32645074,0.20729753,0.029572755
1321,0.80608845,0.29220572,0.4398073,0.30741206,0.36628115,-0.015206337
1322,0.76375926,0.20116031,0.23537315,0.1709274,0.5283861,0.030232906
1323,1.0925034,0.3564962,0.52652764,0.3535558,0.5659758,0.0029404163
1324,0.78116435,0.24263512,0.38183093,0.26632747,0.39933342,-0.023692355
1325,0.5877351,0.16553554,0.20932022,0.14212395,0.3784149,0.023411587
1326,0.12134139,0.041668076,0.05591736,0.046502076,0.06542403,-0.004834
1327,0.35420373,0.13020125,0.17628376,0.10696367,0.17791997,0.023237579
1328,0.5476568,0.20007023,0.25063023,0.18253905,0.29702654,0.017531186
1329,0.124129824,0.07671444,0.0400244,0.025717922,0.084105425,0.05099652
1330,-0.061679237,-0.017932413,0.030570917,0.021449862,-0.09225015,-0.039382275
1331,0.7672406,0.32546622,0.38914976,0.28980017,0.37809083,0.03566605
1332,0.13213713,0.04425212,0.0579548,0.037911102,0.07418233,0.006341018
1333,0.051943563,0.07138352,0.06276404,0.047296435,-0.010820478,0.024087086
1334,0.8321427,0.22862001,0.35199305,0.23734358,0.48014966,-0.008723572
1335,0.0066363937,0.04604354,0.025673563,0.019078804,-0.019037168,0.026964737
1336,0.5437038,0.2163175,0.2965336,0.20455591,0.24717018,0.011761591
1337,0.44743243,0.14386106,0.18451746,0.11803947,0.26291496,0.025821589
1338,0.23384623,0.12275762,0.12925129,0.10095172,0.104594946,0.021805905
1339,0.24190933,0.12440797,0.110075176,0.08466112,0.13183415,0.03974685
1340,0.08596884,0.045697782,0.035610136,0.029030629,0.0503587,0.016667154
1341,0.92472064,0.22314207,0.31417358,0.23545946,0.61054707,-0.012317389
1342,0.10889909,-0.019417763,0.037388697,0.023322036,0.07151039,-0.0427398
1343,0.5103568,0.1402826,0.21113795,0.13640621,0.29921883,0.003876388
1344,0.8522981,0.20474121,0.30761573,0.22203024,0.5446824,-0.017289028
1345,0.7082114,0.1900912,0.2656702,0.1953247,0.4425412,-0.0052335113
1346,0.8876354,0.21674153,0.31075546,0.2143565,0.57688,0.0023850352
1347,0.82632107,0.20883997,0.22925897,0.16212408,0.5970621,0.046715885
1348,0.16590281,0.06610161,0.08194442,0.05698562,0.08395839,0.00911599
1349,0.8362516,0.1736834,0.23318467,0.17437544,0.6030669,-0.0006920397
1350,0.058686186,-0.010123881,0.04141698,0.025095131,0.017269205,-0.035219014
1351,0.02313649,0.1158222,0.019157765,0.010609307,0.0039787237,0.1052129
1352,0.15901545,0.08102557,0.04180997,0.033956718,0.11720548,0.047068853
1353,0.07369181,0.051847983,0.048354886,0.03352416,0.025336921,0.018323824
1354,0.79464173,0.27348655,0.28620496,0.2044513,0.5084368,0.06903526
1355,0.71679664,0.26770768,0.40742603,0.27542686,0.3093706,-0.007719189
1356,0.5343456,0.26409146,0.31363654,0.22522104,0.22070909,0.038870424
1357,0.11557845,0.054670803,0.05233981,0.040260028,0.063238636,0.014410775
1358,0.83056265,0.25461572,0.3570371,0.25431767,0.47352555,0.00029805303
1359,1.141608,0.39718455,0.63808453,0.41079575,0.50352347,-0.0136111975
1360,0.060461488,0.055777654,0.04437128,0.035862673,0.016090207,0.019914981
1361,0.9907028,0.45466638,0.534263,0.42380595,0.4564398,0.030860424
1362,0.42749113,0.07321609,0.11495161,0.0737754,0.31253952,-0.0005593151
1363,0.11064362,-0.002928757,0.058175612,0.032280415,0.052468006,-0.03520917
1364,0.7096174,0.29276434,0.3755682,0.27383164,0.33404917,0.0189327
1365,0.9699884,0.1501155,0.28287897,0.18733789,0.6871095,-0.037222385
1366,0.18593326,0.15176137,0.114095084,0.0786827,0.07183818,0.07307867
1367,1.1795757,0.30486763,0.5080481,0.3011897,0.67152756,0.0036779344
1368,0.9327761,0.38534304,0.41744953,0.31836763,0.51532656,0.066975415
1369,0.2647494,0.08731325,0.10609435,0.06576551,0.15865505,0.021547742
1370,0.20263425,0.044394568,0.077562265,0.058114897,0.12507197,-0.01372033
1371,0.8633223,0.24130979,0.3846017,0.26670468,0.4787206,-0.025394887
1372,0.9947521,0.336738,0.48653072,0.34731683,0.5082214,-0.010578841
1373,1.0008061,0.25360346,0.3294994,0.23927948,0.6713067,0.01432398
1374,0.16800486,0.13993938,0.14207865,0.09570033,0.025926203,0.04423905
1375,1.0932878,0.29316345,0.469749,0.3113411,0.62353885,-0.018177658
1376,0.82688147,0.25270337,0.33481923,0.24676046,0.49206224,0.005942911
1377,0.2588158,0.031937778,0.052637555,0.039479837,0.20617825,-0.007542059
1378,1.266104,0.21885517,0.3876863,0.23524731,0.8784177,-0.016392142
1379,1.2361397,0.43920866,0.50976217,0.38588607,0.7263775,0.053322583
1380,0.6378117,0.21832553,0.29079357,0.21053402,0.34701815,0.0077915043
1381,0.56618094,0.23073365,0.30713043,0.232407,0.25905052,-0.0016733557
1382,0.043081615,-0.02203821,0.026945606,0.010201983,0.01613601,-0.032240193
1383,0.08971215,0.05326947,0.049091727,0.031520378,0.040620424,0.02174909
1384,0.7952506,0.32620218,0.39674863,0.31427333,0.39850196,0.011928856
1385,0.07821072,0.09269708,0.12716244,0.083569594,-0.048951723,0.009127483
1386,0.73770916,0.20592766,0.27690682,0.19245933,0.46080235,0.013468325
1387,0.9234172,0.35617688,0.47993645,0.3362722,0.44348076,0.019904673
1388,0.15826544,0.09403448,0.1227145,0.06100261,0.035550945,0.03303187
1389,-0.013732634,0.065779544,0.019500403,0.01590029,-0.033233035,0.049879253
1390,0.825413,0.2864263,0.38173467,0.27413696,0.44367832,0.012289345
1391,0.750151,0.17438138,0.24962321,0.17111589,0.50052774,0.0032654852
1392,0.989455,0.20454827,0.32010558,0.23057453,0.66934943,-0.026026264
1393,0.025016245,0.032550987,0.027877707,0.024270799,-0.0028614625,0.008280188
1394,0.076527216,0.11756553,0.07870238,0.062188573,-0.0021751672,0.055376954
1395,0.18760687,0.052796517,0.10337446,0.068020485,0.08423241,-0.015223969
1396,0.657163,0.27530795,0.47674882,0.2791839,0.1804142,-0.003875941
1397,0.7586881,0.26283327,0.37680557,0.25881702,0.38188252,0.0040162504
1398,0.027575178,-0.023325134,0.04086944,0.028165748,-0.013294263,-0.05149088
1399,0.94734496,0.3361911,0.38360375,0.2889246,0.5637412,0.047266483
1400,0.6570391,0.13335595,0.17096879,0.11598019,0.48607033,0.017375752
1401,0.78448975,0.29390016,0.46538964,0.31904447,0.3191001,-0.025144309
1402,0.094738,0.032956567,0.034432054,0.027991772,0.060305946,0.004964795
1403,-0.033672974,0.019165104,0.015530862,0.012615292,-0.049203835,0.006549812
1404,0.9112866,0.48410884,0.5795174,0.43096474,0.33176917,0.053144097
1405,0.9870776,0.16361181,0.2775352,0.18812436,0.7095424,-0.024512544
1406,0.16396128,0.05903496,0.07775339,0.048904613,0.08620789,0.010130346
1407,0.5560677,0.16360556,0.1864302,0.12759353,0.3696375,0.036012024
1408,0.7444921,0.31755632,0.43972576,0.26949295,0.30476636,0.048063368
1409,0.65315706,0.21872343,0.2997851,0.20814121,0.35337195,0.010582224
1410,-0.013041555,-0.0330831,0.014029091,0.0074943667,-0.027070645,-0.040577468
1411,0.058489773,0.09400142,0.032807384,0.025579812,0.02568239,0.06842161
1412,0.18928976,0.005419898,0.06721971,0.049064115,0.12207005,-0.043644216
1413,0.74121463,0.13545215,0.2104552,0.13977307,0.53075945,-0.0043209195
1414,0.22485591,0.06729739,0.05907219,0.039205786,0.16578373,0.028091606
1415,0.36223912,0.021135522,0.1109359,0.07497523,0.25130323,-0.053839706
1416,0.6320484,0.1928262,0.22091626,0.1477618,0.41113216,0.04506439
1417,0.16174713,0.088527836,0.08912908,0.059671354,0.072618045,0.028856482
1418,0.6661906,0.2587228,0.33600646,0.25220573,0.33018416,0.0065170825
1419,0.54860985,0.16720392,0.19987577,0.13334848,0.34873408,0.03385544
1420,0.5881693,0.11903677,0.15065059,0.10729278,0.4375187,0.011743993
1421,0.13023372,0.012418057,0.08888484,0.05767477,0.041348882,-0.04525671
1422,0.16817547,0.024400644,0.093064174,0.0495121,0.0751113,-0.025111455
1423,0.23841475,0.22294313,0.10928792,0.08523364,0.12912683,0.13770948
1424,0.71912897,0.18215543,0.19101463,0.13614313,0.5281143,0.046012297
1425,0.005868832,0.007676706,0.016319865,0.014090039,-0.010451034,-0.0064133327
1426,0.07186453,0.06476511,0.039883718,0.031632252,0.031980813,0.03313286
1427,0.043192197,0.05294377,0.041619916,0.029202027,0.0015722811,0.023741743
1428,1.0401075,0.31910697,0.56635356,0.36049026,0.47375393,-0.041383296
1429,-0.032795373,0.11049699,0.009112851,0.0024784934,-0.041908223,0.108018495
1430,0.20119388,-0.0036611846,0.07517641,0.051556557,0.12601748,-0.055217743
1431,0.78166264,0.24263717,0.3448245,0.25118533,0.43683815,-0.008548155
1432,0.12874484,0.026801573,0.054040395,0.038797718,0.074704446,-0.011996144
1433,0.021216515,0.14927216,0.03202126,0.028922938,-0.010804746,0.12034922
1434,0.80144864,0.24986558,0.35604954,0.2553419,0.4453991,-0.005476311
1435,0.6905611,0.18204357,0.24915625,0.18242021,0.44140488,-0.00037664175
1436,0.74707776,0.2473167,0.3665318,0.25344533,0.38054597,-0.006128624
1437,0.4936908,0.27644116,0.2893269,0.21468736,0.20436388,0.061753795
1438,0.055968877,0.10537324,0.058159456,0.039703712,-0.0021905787,0.06566953
1439,0.74435544,0.14785317,0.31253278,0.19839396,0.43182266,-0.05054079
1440,0.7014733,0.22651005,0.27479875,0.1851327,0.42667454,0.04137735
1441,0.9797795,0.42770422,0.4007711,0.29601195,0.57900834,0.13169226
1442,0.58678967,0.1873875,0.26597068,0.18834299,0.320819,-0.00095549226
1443,0.23600179,0.100702286,0.1382252,0.08748589,0.09777659,0.013216399
1444,0.011492965,0.1226964,0.02070512,0.010432385,-0.009212156,0.112264015
1445,0.03732088,0.02552393,0.011778964,0.0095749,0.025541915,0.01594903
1446,0.099381186,0.011384342,0.07429178,0.051721383,0.025089405,-0.04033704
1447,-0.016660053,-0.03927592,0.01803144,0.011643311,-0.034691494,-0.050919227
1448,1.0179331,0.37028947,0.61814666,0.43451706,0.39978647,-0.06422758
1449,0.52043384,0.123294204,0.18587707,0.13720079,0.33455676,-0.013906583
1450,0.9409439,0.26763043,0.35225266,0.23976393,0.58869123,0.027866498
1451,0.78983444,0.24571232,0.36607772,0.26421198,0.42375672,-0.018499658
1452,0.05496768,0.008483906,0.074365765,0.048714325,-0.019398086,-0.04023042
1453,0.5839743,0.20337042,0.30166543,0.19444036,0.28230888,0.008930057
1454,0.50563353,0.24712367,0.29282555,0.22014228,0.21280798,0.026981398
1455,0.50949323,0.17354886,0.2502943,0.18425524,0.25919893,-0.01070638
1456,0.6168394,0.21638608,0.3457669,0.22634655,0.2710725,-0.009960473
1457,0.544296,0.27356142,0.3449861,0.2495744,0.19930992,0.023987025
1458,0.106028624,0.061429385,0.06330231,0.044251524,0.042726316,0.017177861
1459,0.8026827,0.36320168,0.4866317,0.36354455,0.316051,-0.00034287572
1460,0.70645446,0.11535617,0.1425387,0.10084394,0.5639157,0.014512226
1461,0.5385835,0.2534394,0.33284584,0.20517348,0.20573768,0.04826592
1462,0.81358516,0.3277739,0.4475253,0.34446365,0.36605987,-0.016689748
1463,0.7220069,0.24007489,0.29222167,0.19734906,0.42978525,0.04272583
1464,0.7021723,0.19427735,0.23982824,0.16333143,0.46234405,0.030945912
1465,0.8095065,0.25351417,0.39448443,0.26302868,0.41502205,-0.009514511
1466,0.049913123,0.05697616,0.037146762,0.032538436,0.012766361,0.024437722
1467,0.16887018,0.09162828,0.18916468,0.12860546,-0.020294502,-0.036977172
1468,0.75442165,0.2934825,0.37575546,0.27443048,0.3786662,0.019052029
1469,0.66619784,0.2024669,0.2730914,0.19265793,0.39310643,0.0098089725
1470,0.5184179,0.1914664,0.27678984,0.17918369,0.24162805,0.012282714
1471,0.9305889,0.34533316,0.44337276,0.29547727,0.48721614,0.049855888
1472,0.55354226,0.1927895,0.29229903,0.21852632,0.26124322,-0.025736824
1473,0.49465063,0.14965403,0.21839386,0.1496429,0.27625677,1.1131167e-05
1474,0.8180752,0.30913642,0.45618933,0.3042116,0.36188585,0.004924834
1475,0.069637604,0.17747508,0.050618004,0.042361364,0.0190196,0.13511372
1476,0.18690963,0.0066348435,0.09483975,0.058078576,0.09206988,-0.051443733
1477,0.3152987,0.10676284,0.13338655,0.098145716,0.18191215,0.008617125
1478,0.80525553,0.29474133,0.41941276,0.29531848,0.38584277,-0.0005771518
1479,1.0063146,0.35527304,0.44372967,0.30889893,0.562585,0.046374112
1480,0.42192954,0.20426804,0.25183475,0.18270406,0.17009479,0.021563977
1481,0.5703018,0.18391393,0.24284512,0.15667477,0.32745665,0.027239159
1482,0.13108231,0.06342669,0.05877316,0.046003066,0.07230915,0.017423622
1483,-0.0037212125,0.038000446,0.010911123,0.0083650835,-0.014632335,0.029635362
1484,1.2796111,0.49019578,0.6548138,0.42836547,0.6247973,0.061830312
1485,0.7994262,0.22728932,0.33449265,0.22616538,0.46493354,0.001123935
1486,0.8641457,0.23830165,0.33744633,0.244798,0.52669936,-0.006496355
1487,0.63919854,0.18529923,0.22212562,0.15905906,0.41707292,0.02624017
1488,0.0989997,0.039236464,0.09048347,0.06517914,0.00851623,-0.025942676
1489,0.6098385,0.19670926,0.24394384,0.16994205,0.36589465,0.02676721
1490,0.3076616,0.07697788,0.12866549,0.0874872,0.1789961,-0.01050932
1491,0.44773912,0.04169396,0.09374151,0.055591807,0.35399762,-0.013897847
1492,0.04074759,0.16216485,0.062217187,0.054021116,-0.021469597,0.10814373
1493,-0.1544453,0.2005012,0.051313277,0.028739195,-0.20575859,0.171762
1494,0.87513816,0.27024776,0.36465615,0.2461073,0.510482,0.024140462
1495,0.7889863,0.2516864,0.43384323,0.26946104,0.3551431,-0.017774642
1496,0.21948378,0.07349948,0.07157822,0.054272972,0.14790556,0.019226506
1497,0.09013664,0.02155808,0.030811764,0.017429883,0.059324875,0.004128197
1498,0.91075957,0.3327092,0.35552233,0.26031435,0.55523723,0.07239485
1499,0.6670493,0.21046586,0.28268233,0.20308867,0.38436696,0.0073771924
1500,0.1458358,0.06870408,0.09262496,0.07312303,0.05321084,-0.004418947
1501,0.061446156,-0.031423613,0.035878614,0.022009784,0.025567543,-0.053433396
1502,0.4020967,0.10213785,0.12569062,0.07747887,0.27640605,0.024658978
1503,0.94047135,0.28959098,0.3509805,0.2614925,0.5894909,0.028098494
1504,0.31558222,0.053654145,0.12533112,0.07622376,0.1902511,-0.022569615
1505,0.86162084,0.34459177,0.48461697,0.35014006,0.37700388,-0.0055482984
1506,0.66109157,0.37022343,0.40567496,0.3001654,0.2554166,0.07005802
1507,0.01015979,0.04091558,0.015349624,0.010640475,-0.005189834,0.030275103
1508,0.61578363,0.16208886,0.20156322,0.14641869,0.4142204,0.015670165
1509,0.746472,0.23165415,0.32851088,0.21700387,0.41796112,0.014650285
1510,0.022245334,0.1136449,0.044766303,0.036480665,-0.022520969,0.07716423
1511,0.56990963,0.13225798,0.19090687,0.13454856,0.37900275,-0.0022905767
1512,0.59016633,0.20021081,0.26497853,0.20191377,0.3251878,-0.0017029643
1513,0.5086952,0.16802701,0.27987581,0.16933411,0.22881937,-0.0013071
1514,0.79660046,0.18976073,0.27803627,0.18306084,0.5185642,0.00669989
1515,0.5256287,0.25310054,0.26319,0.19651243,0.26243868,0.056588113
1516,1.0392243,0.23870933,0.35531044,0.23550557,0.6839138,0.0032037646
1517,0.4922721,0.14670114,0.20229529,0.14945771,0.28997684,-0.0027565658
1518,0.8312107,0.28342932,0.41048768,0.29714194,0.420723,-0.013712615
1519,0.894278,0.24484897,0.31941926,0.22777256,0.5748587,0.017076403
1520,0.74030095,0.1949663,0.32707092,0.22183323,0.41323003,-0.026866928
1521,0.78421307,0.28724068,0.32233375,0.24261932,0.4618793,0.044621363
1522,0.5236149,0.22356294,0.29277596,0.20743127,0.23083892,0.01613167
1523,-0.020278385,0.059223447,0.034556773,0.030415963,-0.054835156,0.028807484
1524,0.5810864,0.23794997,0.2718428,0.1745566,0.3092436,0.06339337
1525,0.91502464,0.15226857,0.1857754,0.13611637,0.72924924,0.016152203
1526,0.051804043,0.12978905,0.050456606,0.039433826,0.0013474375,0.09035523
1527,1.1168513,0.33064097,0.44005,0.2927158,0.6768013,0.037925184
1528,0.14332795,0.1706565,0.05257414,0.040710796,0.09075381,0.12994571
1529,0.44915026,0.22198421,0.30262357,0.19703306,0.1465267,0.024951145
1530,0.05122778,0.026094032,0.033089474,0.022059256,0.018138304,0.0040347762
1531,0.80038404,0.27064103,0.35044184,0.24589083,0.4499422,0.024750203
1532,0.015885629,0.1362081,0.01686713,0.014502129,-0.0009815004,0.12170597
1533,0.54396564,0.2048766,0.31053013,0.22893001,0.23343551,-0.02405341
1534,0.101933055,0.029565884,0.03886632,0.029346528,0.063066736,0.00021935627
1535,0.115912005,-0.022552013,0.04499783,0.027045034,0.07091418,-0.049597047
1536,0.65501624,0.2582361,0.3387735,0.23191309,0.31624275,0.02632302
1537,0.5867962,0.16344725,0.25925502,0.15721361,0.3275412,0.0062336326
1538,0.3694642,0.2104449,0.27716872,0.20189705,0.09229547,0.0085478425
1539,0.7827682,0.2760495,0.38637888,0.2784217,0.3963893,-0.0023722053
1540,0.42430255,0.08262928,0.15037574,0.094092704,0.2739268,-0.011463426
1541,0.9532982,0.3674515,0.4612406,0.34210393,0.49205762,0.02534756
1542,1.1438165,0.39832067,0.58681947,0.3920159,0.556997,0.0063047707
1543,0.7523253,0.22922067,0.30531123,0.20073666,0.44701406,0.028484017
1544,0.18036622,0.015886648,0.038766872,0.025026906,0.14159934,-0.009140259
1545,0.90747595,0.2647992,0.36586803,0.2678229,0.5416079,-0.003023684
1546,1.162563,0.39683196,0.55112684,0.40397123,0.6114361,-0.0071392655
1547,0.3017633,0.06248783,0.09664045,0.07204857,0.20512284,-0.009560738
1548,0.21381795,0.00046848226,0.06548261,0.042486593,0.14833534,-0.04201811
1549,0.72183037,0.2483999,0.34465957,0.2312215,0.3771708,0.017178401
1550,0.12680022,0.17517255,0.13201581,0.090024985,-0.005215585,0.08514757
1551,0.030063596,0.11785014,0.022754421,0.016317569,0.007309174,0.10153257
1552,0.4976206,0.20483318,0.2479802,0.1880396,0.2496404,0.016793579
1553,0.28327978,0.1449813,0.13956662,0.109109476,0.14371316,0.03587182
1554,1.0470665,0.4901755,0.68364495,0.45623168,0.3634215,0.033943802
1555,0.062478554,-0.056655984,0.0342439,0.017964184,0.028234653,-0.07462017
1556,0.9803548,0.29337433,0.36407933,0.2416994,0.6162754,0.051674932
1557,0.76636845,0.24427728,0.3821053,0.2657426,0.38426316,-0.021465316
1558,0.7016935,0.22882411,0.32768363,0.22012316,0.37400985,0.008700952
1559,0.75632787,0.23720849,0.32130277,0.22630909,0.4350251,0.010899395
1560,0.8798619,0.35565677,0.5596939,0.37341586,0.32016802,-0.017759085
1561,0.47098407,0.15944436,0.17960256,0.12710744,0.2913815,0.03233692
1562,0.88364965,0.31310436,0.3332322,0.25296795,0.5504174,0.060136408
1563,0.47190925,0.057112038,0.06997511,0.051272392,0.40193415,0.005839646
1564,0.91480577,0.24212646,0.35364106,0.27036187,0.56116474,-0.028235406
1565,0.3421764,0.25724402,0.27963588,0.21069328,0.06254053,0.046550736
1566,0.32967594,0.09758757,0.16812837,0.11117591,0.16154757,-0.013588339
1567,0.5289919,0.21216916,0.27109647,0.18328579,0.2578954,0.028883368
1568,0.794052,0.27057472,0.36684334,0.25227106,0.42720866,0.018303663
1569,-0.009509433,-4.2344378e-05,0.024902487,0.013473731,-0.034411922,-0.013516076
1570,0.6768698,0.23417485,0.25948822,0.20158434,0.41738158,0.03259051
1571,0.9292803,0.4446035,0.6326059,0.43924662,0.29667437,0.005356878
1572,0.49399653,0.23375818,0.30785906,0.21229687,0.18613747,0.021461308
1573,0.26638454,0.08695716,0.07094553,0.051095918,0.19543901,0.03586124
1574,0.5817388,0.27924064,0.35261756,0.23165235,0.22912127,0.04758829
1575,0.08421652,0.10663828,0.025143173,0.021837236,0.059073348,0.08480105
1576,0.6753956,0.27625534,0.3212495,0.24455588,0.3541461,0.031699464
1577,0.74120337,0.14837736,0.1977917,0.14373006,0.5434117,0.0046472996
1578,0.18897508,0.06922486,0.09973201,0.07316229,0.08924307,-0.0039374307
1579,0.28281185,0.08295783,0.1406644,0.095022105,0.14214745,-0.012064278
1580,0.049036533,0.030268122,0.039652023,0.027063014,0.009384509,0.0032051075
1581,0.5887677,0.27304,0.31980184,0.25009274,0.26896587,0.022947252
1582,0.8358244,0.3055917,0.37510383,0.2570987,0.46072054,0.048492998
1583,0.7935849,0.2295049,0.33167243,0.23212582,0.46191245,-0.0026209205
1584,0.6349547,0.17559113,0.25527698,0.16525158,0.3796777,0.010339543
1585,0.7834498,0.13944489,0.30207428,0.1790813,0.48137555,-0.03963642
1586,0.51737833,0.16680412,0.2015581,0.14802775,0.31582022,0.018776372
1587,0.04663601,0.13108051,0.07570238,0.058222547,-0.029066365,0.07285796
1588,0.6104246,0.17916028,0.2661321,0.17310522,0.3442925,0.006055057
1589,0.058312472,0.15344019,0.061376974,0.04777089,-0.003064502,0.105669305
1590,0.080181815,0.087210685,0.11021356,0.08040138,-0.030031748,0.0068093017
1591,0.56783986,0.16773549,0.20463952,0.13757035,0.36320034,0.030165136
1592,0.6100642,0.17604046,0.25089186,0.164749,0.35917234,0.011291459
1593,0.89820707,0.3059881,0.4902991,0.31296387,0.40790796,-0.00697577
1594,0.7250266,0.2234549,0.34452865,0.23423944,0.38049796,-0.0107845515
1595,0.9384388,0.39591125,0.3952729,0.311637,0.54316586,0.08427423
1596,0.8764339,0.2743576,0.43504483,0.28209913,0.44138908,-0.0077415407
1597,0.3376603,0.13926043,0.19787394,0.13277036,0.13978638,0.0064900666
1598,0.7467713,0.30286208,0.3513675,0.2582789,0.39540377,0.04458317
1599,0.058994666,-0.0018499055,0.033439383,0.021330476,0.025555283,-0.02318038
1600,0.03720542,0.07537958,0.009746913,0.009946147,0.027458508,0.065433435
1601,0.6599676,0.25471976,0.31578374,0.24098574,0.34418386,0.013734028
1602,0.9692626,0.23230663,0.34130383,0.23994935,0.6279588,-0.007642716
1603,0.13408569,0.025903933,0.045356285,0.027405333,0.0887294,-0.0015014
1604,0.7893347,0.2855759,0.4055458,0.28752086,0.3837889,-0.0019449592
1605,0.52472293,0.21046048,0.25587204,0.17435394,0.2688509,0.03610654
1606,0.546707,0.16287717,0.2403817,0.16025436,0.30632526,0.002622813
1607,0.47319058,0.16417721,0.22453243,0.16047074,0.24865815,0.0037064701
1608,1.081685,0.20895222,0.36035705,0.2525093,0.7213279,-0.043557078
1609,0.78340286,0.28229055,0.40195134,0.27851278,0.38145152,0.0037777722
1610,0.82968855,0.21421556,0.22854756,0.16365816,0.601141,0.050557405
1611,0.23817812,0.10531258,0.13432904,0.09027399,0.10384908,0.015038587
1612,0.4978466,0.22165035,0.30531356,0.22166939,0.19253305,-1.9043684e-05
1613,0.49622223,0.15317228,0.18721229,0.14848037,0.30900994,0.0046919137
1614,0.5165741,0.1374893,0.22331186,0.1580561,0.29326224,-0.020566791
1615,0.089382306,0.03544957,0.055976316,0.042469535,0.03340599,-0.007019967
1616,0.105364345,0.053493507,0.042191073,0.03223818,0.06317327,0.021255326
1617,0.8843123,0.15934698,0.22278641,0.16718583,0.66152585,-0.007838845
1618,0.63755596,0.17051381,0.32679626,0.20627752,0.3107597,-0.03576371
1619,0.9110315,0.33284673,0.45936257,0.29948837,0.45166892,0.033358365
1620,0.95336443,0.32231867,0.3981305,0.30983746,0.55523396,0.012481213
1621,0.24420649,0.15963964,0.16121359,0.12888728,0.0829929,0.03075236
1622,0.10317886,-0.002570325,0.05682724,0.03281721,0.04635162,-0.035387535
1623,0.98302805,0.30410868,0.38081506,0.28685075,0.602213,0.017257929
1624,0.07656958,0.07312143,0.0760719,0.058140267,0.00049767643,0.014981162
1625,0.7728444,0.24909635,0.3308757,0.22582676,0.44196868,0.023269594
1626,0.36098456,0.13251857,0.19904253,0.1254107,0.16194203,0.007107869
1627,0.09381579,0.114083804,0.09198448,0.066930264,0.001831308,0.04715354
1628,1.0999591,0.2667711,0.39288452,0.2605276,0.70707464,0.006243497
1629,0.5100456,0.13176662,0.28956205,0.1742721,0.22048354,-0.042505488
1630,0.792151,0.18604402,0.31379372,0.18722896,0.47835726,-0.0011849403
1631,1.1478459,0.3523647,0.4579946,0.32462117,0.6898513,0.027743518
1632,0.56551236,0.14830163,0.23472662,0.16452564,0.33078575,-0.016224012
1633,0.8755176,0.28537595,0.39567146,0.29107773,0.47984615,-0.0057017803
1634,0.95693755,0.316091,0.49517635,0.32525936,0.4617612,-0.009168357
1635,0.9486542,0.4227919,0.57625055,0.40990362,0.37240362,0.012888283
1636,0.111476414,0.028770262,0.03724914,0.031739116,0.07422727,-0.0029688533
1637,0.82128537,0.15087996,0.23354532,0.16460158,0.58774006,-0.013721615
1638,0.7087934,0.37782675,0.48111793,0.35466617,0.22767547,0.023160577
1639,0.6335325,0.25639188,0.30656186,0.22555329,0.32697067,0.030838594
1640,0.7054775,0.13524158,0.22140841,0.14825939,0.48406905,-0.013017803
1641,0.662777,0.2651724,0.34838954,0.2297254,0.31438747,0.035446987
1642,0.19462733,-0.00085662596,0.08882668,0.052497044,0.10580065,-0.05335367
1643,0.2981048,0.17524414,0.17608432,0.12590982,0.12202047,0.049334317
1644,0.5983484,0.1512445,0.2268711,0.15994784,0.37147728,-0.008703336
1645,0.6253373,0.22452104,0.27716422,0.20869249,0.34817308,0.01582855
1646,0.99785095,0.34154487,0.4635656,0.3142499,0.53428537,0.027294964
1647,0.77241147,0.16229557,0.28055248,0.20118175,0.491859,-0.03888619
1648,0.14739887,0.06087791,0.053934738,0.04394383,0.093464136,0.016934082
1649,0.8129394,0.2579819,0.33634675,0.23591857,0.47659266,0.02206333
1650,0.7199879,0.3409826,0.46237865,0.3075336,0.25760928,0.033448994
1651,0.78875273,0.27434963,0.35753882,0.25865668,0.43121392,0.01569295
1652,0.6388942,0.2063905,0.28997815,0.22109677,0.34891605,-0.014706269
1653,0.87506634,0.1813731,0.24873604,0.17590445,0.6263303,0.0054686517
1654,1.0075587,0.33597046,0.4733677,0.32819438,0.534191,0.0077760816
1655,0.06850353,0.06649021,0.054769937,0.042727318,0.013733592,0.023762893
1656,0.24784392,0.19916292,0.19184576,0.13242425,0.05599816,0.066738665
1657,0.61357063,0.19583856,0.28529552,0.20769064,0.3282751,-0.011852086
1658,0.24826398,0.044407584,0.04252156,0.02806083,0.20574242,0.016346755
1659,1.0601317,0.34032494,0.42337334,0.27840054,0.6367583,0.061924398
1660,0.65691894,0.16112164,0.21640375,0.14752515,0.4405152,0.01359649
1661,0.005781855,0.09284871,0.031306494,0.02077835,-0.025524639,0.07207036
1662,0.057497922,0.0699707,0.067694195,0.059337605,-0.010196272,0.010633092
1663,0.7352812,0.18795958,0.3167771,0.21791705,0.41850412,-0.029957473
1664,0.40797326,0.14457186,0.17867628,0.12655097,0.22929698,0.018020883
1665,0.20141506,0.00044972036,0.060621753,0.045154724,0.14079331,-0.044705003
1666,1.0231396,0.22257231,0.32430992,0.2219792,0.69882965,0.0005931109
1667,0.6706287,0.10903074,0.18622887,0.1169993,0.48439986,-0.00796856
1668,0.023742901,0.029846271,0.016311936,0.014086736,0.007430965,0.015759535
1669,0.14074387,0.027476251,0.11398144,0.077476576,0.026762426,-0.050000325
1670,0.6816091,0.3313758,0.45521176,0.3146037,0.22639734,0.016772121
1671,0.2175807,0.04408329,0.054845776,0.042819362,0.16273493,0.0012639277
1672,0.668593,0.2159444,0.27257773,0.20334712,0.39601526,0.012597278
1673,0.15411097,0.0841257,0.106606334,0.06588237,0.047504634,0.018243328
1674,1.1665138,0.34726697,0.40531486,0.29591945,0.76119894,0.051347524
1675,0.16831967,0.10104037,0.12756318,0.09292683,0.040756494,0.008113541
1676,0.98274785,0.2889249,0.4212495,0.2897847,0.56149834,-0.000859797
1677,0.7210213,0.27335578,0.3697786,0.27331698,0.3512427,3.8802624e-05
1678,-0.0037565315,-0.0003798793,0.03630678,0.022028469,-0.04006331,-0.022408348
1679,0.8356196,0.2969073,0.39342734,0.29433832,0.4421923,0.00256899
1680,0.8481735,0.3427276,0.35631153,0.28077865,0.49186197,0.061948955
1681,0.7287897,0.1518233,0.2348353,0.15556636,0.4939544,-0.0037430674
1682,0.77695394,0.28010315,0.40039197,0.29067117,0.37656197,-0.010568023
1683,1.4180826,0.41213953,0.67292845,0.42848235,0.74515414,-0.016342819
1684,0.81001717,0.26251718,0.38950053,0.2846696,0.42051664,-0.022152424
1685,0.9904375,0.14579658,0.24575628,0.17084573,0.74468124,-0.02504915
1686,0.051499773,0.05224191,0.06400112,0.046607126,-0.012501348,0.0056347847
1687,0.11114509,0.088295266,0.05609963,0.046820167,0.055045456,0.0414751
1688,0.5656953,0.14179035,0.23568138,0.14782198,0.3300139,-0.0060316324
1689,0.47834152,0.14496209,0.16542001,0.12406919,0.31292152,0.020892896
1690,0.8214492,0.3292062,0.4624529,0.33795863,0.35899633,-0.008752435
1691,0.27038407,0.06315217,0.08376071,0.055586945,0.18662336,0.0075652264
1692,0.43408316,0.15630202,0.18736467,0.12826465,0.2467185,0.02803737
1693,0.4699311,0.09829648,0.14819194,0.10493824,0.32173914,-0.0066417605
1694,0.10088563,0.03527885,0.03966761,0.029205019,0.06121802,0.0060738306
1695,1.5802836,0.59813374,0.7491995,0.53072035,0.83108413,0.06741339
1696,0.80655223,0.24237636,0.36240265,0.26449546,0.44414958,-0.022119105
1697,0.14838918,0.08925631,0.0987895,0.08155771,0.049599677,0.0076985955
1698,0.6047497,0.16217962,0.2469171,0.1623363,0.35783258,-0.00015668571
1699,0.72711515,0.29599178,0.33991483,0.23238972,0.38720033,0.06360206
1700,0.20006937,0.07908521,0.11204788,0.08156886,0.08802149,-0.002483651
1701,0.25107628,0.06887899,0.051463887,0.036136232,0.1996124,0.03274276
1702,0.6686928,0.199309,0.22120272,0.16249423,0.4474901,0.03681478
1703,0.091441244,0.023976756,0.022486622,0.014525402,0.068954624,0.009451354
1704,0.09413777,0.1289009,0.056378786,0.036007803,0.037758987,0.092893094
1705,0.097363606,0.12659925,0.095613785,0.06749905,0.001749821,0.059100203
1706,0.37815836,0.08695637,0.11772688,0.07351299,0.26043147,0.013443381
1707,0.35905325,0.13889454,0.1361209,0.09600417,0.22293235,0.04289037
1708,0.07763199,-0.010088073,0.07305355,0.03714679,0.004578434,-0.047234863
1709,1.0174944,0.16524702,0.27250558,0.18805288,0.74498886,-0.022805855
1710,0.29087684,0.13588086,0.1728004,0.11953303,0.11807643,0.016347826
1711,0.15546508,0.10114982,0.068339124,0.047671612,0.08712596,0.053478207
1712,0.8956994,0.1971704,0.2530162,0.17025054,0.64268315,0.026919872
1713,0.76822424,0.29487744,0.41819298,0.27451777,0.35003126,0.020359665
1714,0.7833029,0.18652073,0.26053822,0.18237612,0.5227647,0.004144609
1715,0.1910936,0.14468578,0.108580835,0.08135292,0.08251276,0.063332856
1716,0.81431454,0.091721535,0.16968605,0.1136347,0.6446285,-0.021913163
1717,0.81319,0.14285237,0.22046421,0.15625359,0.59272575,-0.013401225
1718,0.013065498,-0.016556345,0.02684592,0.018290477,-0.0137804225,-0.03484682
1719,0.7642118,0.3099392,0.39572406,0.28399882,0.36848772,0.025940388
1720,-0.041078046,0.09946361,-0.0006527142,-0.0048873024,-0.04042533,0.10435092
1721,-0.032224033,0.1716429,0.015466702,0.01574681,-0.047690734,0.1558961
1722,0.8103809,0.27931952,0.41864213,0.27325767,0.39173874,0.006061852
1723,0.90844333,0.2584481,0.4369097,0.26896057,0.47153363,-0.010512471
1724,-0.051128704,0.11808932,0.01463736,0.005258404,-0.06576607,0.112830915
1725,0.40622562,0.18097852,0.25416434,0.17991088,0.15206128,0.0010676384
1726,0.80936384,0.24064253,0.3413293,0.22567692,0.46803454,0.014965609
1727,0.036146186,-0.026439937,0.059221167,0.030847535,-0.02307498,-0.05728747
1728,0.04281323,0.051232163,0.02213515,0.020987399,0.02067808,0.030244764
1729,0.6034181,0.23423187,0.34465888,0.2272721,0.25875923,0.006959781
1730,0.78555256,0.37919363,0.47814998,0.3225435,0.30740258,0.056650132
1731,0.047912944,0.04134059,0.035726864,0.028740086,0.01218608,0.012600504
1732,0.8310926,0.30169097,0.41295043,0.2924291,0.41814217,0.009261876
1733,0.06559998,-0.025166381,0.03687195,0.025532652,0.028728027,-0.050699033
1734,0.66583246,0.3662399,0.43286026,0.33566993,0.2329722,0.03056997
1735,0.7522215,0.19947548,0.30200723,0.22423987,0.4502143,-0.024764389
1736,0.9247887,0.336768,0.40662628,0.314571,0.5181624,0.022197008
1737,0.15002735,0.19563033,0.14958845,0.10626683,0.0004388988,0.0893635
1738,0.44659582,0.090057515,0.13596316,0.09445395,0.31063265,-0.0043964386
1739,0.052556977,-0.033172652,0.016975729,0.008203373,0.035581246,-0.041376024
1740,0.7391943,0.2181802,0.2678637,0.18933535,0.47133058,0.028844848
1741,0.40752968,0.18165964,0.22993414,0.16696581,0.17759554,0.014693826
1742,0.12193705,-0.0018681767,0.08244987,0.049109865,0.039487183,-0.050978042
1743,0.13552621,0.0891037,0.046319984,0.03090312,0.089206226,0.05820058
1744,0.014678681,-0.035406686,0.028009703,0.016380223,-0.013331022,-0.051786907
1745,0.40922943,0.12331117,0.15481845,0.11469566,0.25441098,0.008615509
1746,0.6930765,0.23679933,0.3372101,0.2273243,0.3558664,0.009475023
1747,0.122334965,0.18222512,0.023523802,0.01126689,0.098811164,0.17095824
1748,0.11721524,0.09690707,0.09487111,0.076613605,0.022344127,0.020293467
1749,0.82875735,0.27512708,0.40870914,0.31374294,0.4200482,-0.038615853
1750,1.1964004,0.40553597,0.5446065,0.40951008,0.6517939,-0.00397411
1751,0.70894825,0.27841485,0.40889698,0.27624762,0.30005127,0.002167225
1752,0.58600444,0.22100928,0.3202237,0.21578678,0.26578075,0.0052224994
1753,0.86618036,0.3023261,0.40447843,0.30479747,0.46170193,-0.0024713576
1754,0.091779575,0.042707544,0.036390625,0.028635398,0.05538895,0.014072146
1755,0.62264323,0.2938557,0.3598917,0.26885167,0.26275152,0.02500403
1756,0.35620752,0.120348796,0.19350618,0.118502095,0.16270134,0.0018467009
1757,0.68076193,0.16326503,0.23856111,0.16176845,0.44220084,0.0014965832
1758,0.14847898,0.05097417,0.09399042,0.06396831,0.054488562,-0.012994137
1759,0.00013765148,0.0051969895,0.02706527,0.017233336,-0.026927618,-0.012036347
1760,0.035004184,0.052632347,0.02671764,0.015060875,0.008286543,0.03757147
1761,0.7494475,0.16894104,0.20980734,0.14363721,0.5396402,0.025303826
1762,0.51893896,0.16303258,0.22277251,0.1692541,0.29616645,-0.006221518
1763,0.4875274,0.22192341,0.34766987,0.23959877,0.13985753,-0.017675355
1764,0.76335347,0.25392374,0.30931073,0.22481777,0.45404273,0.029105976
1765,0.030719357,0.0048174835,0.070833325,0.046947684,-0.04011397,-0.042130202
1766,0.09468859,-0.01691626,0.06287395,0.03322352,0.031814635,-0.05013978
1767,0.84563315,0.32476047,0.36815822,0.25728843,0.47747493,0.06747204
1768,0.06189052,0.15352076,0.044957776,0.03025898,0.016932745,0.12326178
1769,0.8525478,0.17696314,0.21000421,0.139783,0.6425436,0.03718014
1770,0.39427894,0.20242342,0.21062092,0.15395018,0.18365802,0.04847324
1771,0.10595711,0.091625705,0.10953414,0.08749197,-0.0035770237,0.0041337386
1772,0.25163496,0.047413986,0.14675623,0.06874128,0.10487872,-0.02132729
1773,0.13689984,0.029101545,0.034481816,0.022961268,0.10241803,0.006140277
1774,0.885836,0.27387962,0.39294383,0.27105078,0.49289218,0.0028288364
1775,0.8844608,0.25389934,0.40813768,0.2868875,0.47632313,-0.03298816
1776,-0.008378977,0.020036658,0.037426,0.024981199,-0.045804977,-0.0049445406
1777,0.0313846,-0.021274015,0.036046952,0.021115834,-0.0046623535,-0.042389847
1778,0.37077403,0.10790094,0.15691599,0.12236606,0.21385804,-0.014465123
1779,0.07416225,0.07407996,0.046544284,0.029168498,0.027617969,0.044911463
1780,0.53023905,0.15591906,0.20377357,0.1533771,0.3264655,0.0025419593
1781,0.92902565,0.1685698,0.3033915,0.18765885,0.6256342,-0.019089043
1782,0.9061334,0.39775127,0.49408972,0.3534782,0.4120437,0.04427308
1783,0.58357704,0.2533647,0.36121753,0.2763899,0.22235951,-0.023025185
1784,1.0913863,0.3131626,0.55091035,0.3279085,0.54047596,-0.014745891
1785,0.14345211,-0.022995194,0.051220387,0.029817846,0.09223172,-0.05281304
1786,0.093814075,0.13752882,0.050209116,0.03085911,0.04360496,0.10666971
1787,0.6072379,0.3074476,0.32979104,0.24818385,0.27744684,0.059263766
1788,0.48413825,0.14417487,0.19207656,0.1395627,0.2920617,0.0046121776
1789,0.2284272,0.1278813,0.12424511,0.089012936,0.104182094,0.038868368
1790,0.13070557,0.09158413,0.0763699,0.05970285,0.05433567,0.03188128
1791,-0.039186366,0.046116646,0.013727495,0.011619601,-0.05291386,0.034497045
1792,0.13332775,0.13156493,0.1353,0.09586767,-0.0019722432,0.03569726
1793,0.038763624,0.032861806,0.018403945,0.014572517,0.020359678,0.01828929
1794,0.80336785,0.21958327,0.38179222,0.2494658,0.42157564,-0.02988252
1795,0.23191781,0.0871674,0.10221423,0.08038668,0.12970358,0.006780714
1796,-0.0034395733,-0.010319297,0.007789787,0.004689517,-0.0112293605,-0.015008815
1797,0.10228645,0.026315078,0.04634685,0.036698923,0.0559396,-0.010383844
1798,0.52787143,0.27173832,0.35395896,0.23235334,0.17391247,0.039384976
1799,0.104980975,0.019280031,0.07838197,0.049807772,0.026599005,-0.03052774
1800,0.092085,-0.016704328,0.03300008,0.01784867,0.059084915,-0.034553
1801,-0.0290814,0.10792507,0.045309953,0.031022279,-0.07439135,0.07690279
1802,0.71593326,0.21944544,0.2906948,0.21049201,0.42523846,0.008953422
1803,1.0058776,0.33300465,0.4353448,0.305072,0.5705328,0.027932644
1804,1.2543083,0.32210147,0.53126615,0.32757354,0.7230422,-0.005472064
1805,0.7255431,0.18479715,0.2530766,0.17458344,0.47246647,0.010213718
1806,0.2052311,0.14145584,0.10247257,0.06934509,0.10275853,0.07211076
1807,1.0676805,0.37074375,0.42040375,0.2950704,0.64727676,0.07567334
1808,0.036714327,0.021608159,0.008617262,0.009018222,0.028097063,0.012589937
1809,0.81533074,0.34922886,0.45892826,0.32898313,0.3564025,0.02024573
1810,-0.025747001,-0.047939148,0.011141476,0.00507435,-0.036888476,-0.053013496
1811,0.7498327,0.10148773,0.13903193,0.098751366,0.61080074,0.0027363673
1812,0.01312992,0.1507518,0.03890418,0.02642632,-0.02577426,0.12432548
1813,0.8325304,0.31318825,0.36633176,0.26630965,0.46619862,0.046878606
1814,0.27300757,0.046860114,0.0582328,0.041060213,0.21477477,0.0057999007
1815,0.3599512,0.18224302,0.24012274,0.17868194,0.11982846,0.0035610795
1816,0.5769419,0.2002634,0.32338595,0.2296912,0.25355595,-0.029427812
1817,0.08591241,0.026396617,0.060122434,0.035780482,0.025789972,-0.009383865
1818,0.27460602,0.1892885,0.20482363,0.11938817,0.06978239,0.06990033
1819,0.31753084,0.11565236,0.15837441,0.111714676,0.15915643,0.003937684
1820,0.14595506,0.07419943,0.0933312,0.062272944,0.052623853,0.011926487
1821,0.90808886,0.21208757,0.32203147,0.22841068,0.5860574,-0.016323105
1822,0.30697647,0.11660496,0.14550555,0.08832622,0.16147092,0.028278738
1823,0.80709237,0.29517475,0.4409102,0.2736063,0.36618218,0.021568447
1824,0.436646,0.11785048,0.15548246,0.12208621,0.28116357,-0.0042357296
1825,-0.00538251,0.12825914,0.021166775,0.013500862,-0.026549285,0.114758275
1826,0.12757276,0.02673197,0.048165753,0.025772827,0.07940701,0.00095914304
1827,0.06442969,-0.028096618,0.040114,0.026640771,0.024315692,-0.05473739
1828,0.18557288,0.099740215,0.07992859,0.057268076,0.105644286,0.04247214
1829,0.08687163,-0.003888675,0.039083887,0.02441182,0.047787745,-0.028300494
1830,0.22245038,0.071292095,0.11413642,0.0773094,0.108313955,-0.006017305
1831,0.74358714,0.28352016,0.3840854,0.27689844,0.35950175,0.0066217184
1832,0.70624375,0.30625552,0.40438747,0.2865663,0.30185628,0.019689232
1833,0.9919584,0.4194005,0.5616448,0.4020829,0.4303136,0.017317623
1834,0.10951506,0.08128075,0.08556625,0.06229098,0.023948811,0.018989772
1835,0.8090558,0.22253838,0.28547597,0.21672735,0.52357984,0.0058110356
1836,0.5118191,0.16608666,0.20383306,0.1576619,0.30798608,0.008424759
1837,1.1009285,0.25049606,0.31740505,0.21947846,0.7835235,0.031017601
1838,0.1960082,0.095458455,0.10677141,0.07029824,0.089236796,0.025160216
1839,0.7288516,0.2688337,0.33595207,0.25139278,0.39289954,0.017440915
1840,0.77928007,0.29182887,0.35945302,0.27362192,0.41982704,0.018206954
1841,0.10848511,0.044762764,0.09669931,0.060165122,0.011785798,-0.015402358
1842,-0.017885307,0.018049965,0.014062886,0.010359129,-0.031948194,0.0076908357
1843,0.6407323,0.20138744,0.21301019,0.14909016,0.4277221,0.05229728
1844,0.16343254,0.081573136,0.06313446,0.05080467,0.10029808,0.030768465
1845,0.076249994,-0.036090612,0.016216025,0.008462543,0.06003397,-0.044553153
1846,0.570793,0.21348847,0.2994913,0.20914574,0.2713017,0.004342735
1847,0.9035132,0.3872705,0.47412372,0.34598005,0.42938948,0.041290462
1848,0.044287685,-0.0017912367,0.043990716,0.031203838,0.00029696897,-0.032995075
1849,0.06260018,-0.020146668,0.05023697,0.029870503,0.01236321,-0.05001717
1850,0.6229135,0.20679602,0.26069847,0.19473198,0.362215,0.01206404
1851,0.8193297,0.35109374,0.4974059,0.33172277,0.3219238,0.019370973
1852,0.037552428,-0.023209298,0.04994965,0.027891085,-0.012397222,-0.05110038
1853,0.19617082,-0.005754412,0.07517309,0.050496407,0.120997734,-0.056250818
1854,0.40920168,0.19007729,0.23719727,0.17000173,0.17200442,0.02007556
1855,0.98865795,0.11628373,0.22107098,0.14968638,0.76758695,-0.03340265
1856,0.33703488,0.13635293,0.1562875,0.1243377,0.18074737,0.0120152235
1857,1.023869,0.23836863,0.40084526,0.24592131,0.62302375,-0.0075526834
1858,0.053321153,0.012219857,0.054417234,0.034453277,-0.001096081,-0.02223342
1859,0.7052007,0.13342597,0.2280151,0.14932422,0.47718558,-0.015898257
1860,-0.022591194,0.11682113,0.013272399,0.004888947,-0.035863593,0.11193219
1861,0.7274751,0.15756951,0.309773,0.20003937,0.4177021,-0.04246986
1862,0.5395416,0.23567325,0.3368488,0.24799682,0.2026928,-0.012323573
1863,0.29200596,0.06296126,0.06816155,0.053873453,0.22384441,0.009087805
1864,0.21839195,0.070682034,0.06031658,0.04158148,0.15807538,0.029100552
1865,0.7599717,0.22372538,0.29444945,0.21097912,0.46552223,0.01274626
1866,0.14580907,0.032173857,0.06720363,0.04129617,0.078605436,-0.009122312
1867,0.86254704,0.29093954,0.40259066,0.2819071,0.45995638,0.009032428
1868,0.90204716,0.21492279,0.37633052,0.23742974,0.52571666,-0.022506952
1869,1.0158631,0.25483817,0.27983966,0.20682846,0.7360234,0.04800971
1870,0.42893913,0.21378367,0.23690297,0.16676843,0.19203617,0.047015235
1871,1.3857915,0.5736968,0.7121729,0.546577,0.6736186,0.027119815
1872,0.9501406,0.32203507,0.424372,0.30797723,0.52576864,0.014057845
1873,0.8661447,0.21448827,0.25784385,0.19136284,0.60830086,0.023125425
1874,0.021777578,0.0028638828,0.019793473,0.014451196,0.0019841045,-0.011587313
1875,0.13539559,0.046722624,0.04720039,0.037888147,0.0881952,0.0088344775
1876,0.22745566,0.038620498,0.091886826,0.06497572,0.13556883,-0.026355226
1877,0.40168256,0.2232948,0.26770446,0.19708428,0.1339781,0.026210517
1878,0.01543059,0.118719235,0.015703505,0.008567729,-0.00027291477,0.11015151
1879,0.81450933,0.29353943,0.36054516,0.25106692,0.45396417,0.04247251
1880,0.17216961,0.064645156,0.106169425,0.06656281,0.066000186,-0.0019176528
1881,0.854735,0.17222539,0.23109402,0.162801,0.623641,0.009424388
1882,0.41796833,0.19152704,0.22015177,0.15458606,0.19781657,0.036940977
1883,0.79800117,0.23398706,0.34676418,0.2552305,0.451237,-0.021243423
1884,0.41267616,0.14649051,0.13982856,0.0944832,0.2728476,0.052007318
1885,0.02501657,0.03949252,0.017615788,0.015808828,0.007400783,0.023683693
1886,0.5727751,0.20136526,0.2727515,0.20559432,0.30002362,-0.004229054
1887,1.1178344,0.1775757,0.39860022,0.23900248,0.7192342,-0.061426774
1888,0.9079974,0.23826599,0.33748773,0.23937634,0.5705097,-0.0011103451
1889,0.70789367,0.18708603,0.26873586,0.18894018,0.4391578,-0.0018541515
1890,0.5286189,0.22714032,0.26080462,0.18636777,0.26781425,0.040772557
1891,0.47342664,0.11172611,0.15742259,0.10991944,0.31600404,0.0018066764
1892,0.081005834,-0.028860241,0.03963992,0.024528446,0.041365914,-0.053388685
1893,0.13794054,0.055219833,0.0654573,0.043570455,0.07248324,0.011649378
1894,0.028709788,-0.017576728,0.03335688,0.020855688,-0.004647091,-0.038432416
1895,0.33320028,0.1156179,0.1752803,0.12847653,0.15791997,-0.012858629
1896,0.007987022,0.120454825,0.04955137,0.030026905,-0.04156435,0.09042792
1897,0.6169783,0.1332754,0.25249675,0.18041445,0.36448154,-0.04713905
1898,0.18554862,0.005646164,0.10195261,0.0601792,0.083596006,-0.054533035
1899,0.8695222,0.19477798,0.3339029,0.22652619,0.5356193,-0.031748205
1900,0.927706,0.27522802,0.4719603,0.30025363,0.4557457,-0.025025606
1901,0.4927613,0.25739664,0.28491625,0.21117306,0.20784506,0.04622358
1902,1.0603523,0.34744376,0.38359416,0.2775997,0.67675817,0.06984407
1903,0.4363522,0.1474342,0.17258894,0.124945745,0.26376325,0.02248846
1904,0.53916216,0.12598906,0.18251802,0.1422845,0.35664415,-0.016295433
1905,0.896352,0.36661035,0.4460923,0.32709208,0.4502597,0.039518267
1906,0.3273297,0.09235263,0.11474654,0.07560765,0.21258315,0.016744979
1907,0.018593159,0.009493804,0.050359625,0.026053073,-0.031766467,-0.01655927
1908,0.23211117,0.049286474,0.13536355,0.09679213,0.09674762,-0.047505658
1909,0.37141988,0.15264371,0.20409606,0.12695847,0.16732381,0.025685236
1910,0.5246374,0.16778575,0.21885066,0.1631336,0.30578673,0.0046521425
1911,0.17442106,0.07783845,0.08304269,0.06339396,0.09137837,0.014444493
1912,0.90790075,0.28498578,0.46626255,0.301328,0.4416382,-0.016342223
1913,0.13033795,0.09372947,0.019773494,0.012155842,0.110564455,0.081573635
1914,0.8932491,0.2074046,0.3438181,0.21612078,0.54943097,-0.008716181
1915,0.72981185,0.2318513,0.345511,0.20774683,0.38430086,0.024104461
1916,0.10346904,0.054944005,0.09623354,0.0669373,0.0072354972,-0.011993293
1917,1.017496,0.2967573,0.4470591,0.2885902,0.5704369,0.008167118
1918,0.103969336,0.11640902,0.059936386,0.03717936,0.04403295,0.07922966
1919,0.4708544,0.23433074,0.2706568,0.18506119,0.2001976,0.049269557
1920,0.3045483,0.065503985,0.11795072,0.06959778,0.18659757,-0.004093796
1921,0.46258277,0.19253254,0.29985124,0.20411213,0.16273153,-0.011579588
1922,0.36706957,0.090052396,0.12296523,0.0920854,0.24410434,-0.0020330027
1923,0.0475305,-0.005334135,0.029288135,0.019244216,0.018242363,-0.024578352
1924,0.35959238,0.27583,0.18631044,0.11481274,0.17328194,0.16101727
1925,0.119341955,0.051113177,0.08514693,0.06283402,0.03419503,-0.01172084
1926,0.4488327,0.053182863,0.095034406,0.060518526,0.35379827,-0.007335663
1927,0.13488986,0.10114995,0.05799512,0.04176371,0.07689474,0.059386235
1928,0.5210252,0.26511773,0.31775382,0.22520016,0.20327136,0.039917573
1929,0.9811391,0.28954232,0.47488216,0.3000682,0.50625694,-0.010525882
1930,1.0913401,0.33543843,0.4839532,0.3269058,0.6073868,0.008532643
1931,0.0008242991,0.04482184,0.021745466,0.020027807,-0.020921167,0.024794033
1932,0.15129055,0.10936065,0.080053695,0.059702307,0.07123686,0.049658343
1933,0.08297569,0.0842444,0.08964034,0.06623832,-0.0066646487,0.018006079
1934,0.824052,0.1894278,0.26189414,0.1668784,0.56215787,0.02254939
1935,0.6722406,0.2738074,0.38858998,0.26967332,0.28365064,0.0041340888
1936,1.0685933,0.33973977,0.4189317,0.3121726,0.64966154,0.027567178
1937,0.7941971,0.2513795,0.37833947,0.2495945,0.4158576,0.0017849952
1938,0.7730476,0.32869378,0.41838276,0.27741024,0.35466486,0.05128354
1939,0.13670902,0.07106343,0.07657477,0.05552954,0.060134247,0.015533891
1940,0.7359837,0.18998419,0.26245347,0.18644133,0.47353026,0.0035428554
1941,0.4900001,0.23575798,0.3241552,0.2124745,0.16584489,0.023283482
1942,1.4582832,0.43668142,0.5985128,0.40081197,0.85977036,0.03586945
1943,0.21582326,0.049163148,0.09487795,0.06583635,0.12094531,-0.0166732
1944,0.7085548,0.1330219,0.20067175,0.14302796,0.5078831,-0.010006055
1945,0.9598179,0.26904008,0.3276029,0.2400525,0.632215,0.028987572
1946,0.8582158,0.24532154,0.32027507,0.22108841,0.53794074,0.024233133
1947,1.0115926,0.38815278,0.52478325,0.3775847,0.48680937,0.010568082
1948,0.27141568,0.12745209,0.08550646,0.06273221,0.18590921,0.06471988
1949,0.11162273,-0.009730763,0.067460656,0.045336377,0.044162072,-0.05506714
1950,0.026566988,0.028931998,0.017729584,0.015222981,0.008837404,0.013709017
1951,0.4721596,0.13709083,0.21788524,0.13804437,0.25427437,-0.0009535402
1952,0.87219876,0.17653604,0.22610283,0.15487273,0.64609593,0.021663308
1953,0.8302414,0.14923605,0.22287412,0.14314018,0.6073673,0.0060958713
1954,0.7271345,0.24572563,0.35585856,0.25130418,0.37127596,-0.0055785477
1955,0.6290628,0.33352464,0.32739377,0.26549852,0.301669,0.068026125
1956,0.04743786,0.12761714,0.031802233,0.025463717,0.015635628,0.10215342
1957,0.15689147,0.037074104,0.06967571,0.035578556,0.08721576,0.0014955476
1958,-0.038193814,0.19035125,0.011935604,0.012695035,-0.050129417,0.17765622
1959,0.18954465,0.15768042,0.09219753,0.07057482,0.09734712,0.0871056
1960,0.91758394,0.20601588,0.29316163,0.20974343,0.6244223,-0.0037275404
1961,0.8053415,0.23215625,0.28874224,0.19935293,0.51659924,0.032803312
1962,0.70728916,0.24502146,0.26208484,0.18558018,0.44520432,0.059441283
1963,0.7196118,0.17244335,0.27325994,0.18671232,0.4463519,-0.014268979
1964,0.19134058,0.06603899,0.03631121,0.02842886,0.15502937,0.03761013
1965,0.8167374,0.26385957,0.34985325,0.23801723,0.46688417,0.025842339
1966,0.93202615,0.19057159,0.33198375,0.19205415,0.6000424,-0.0014825612
1967,0.7440942,0.17587623,0.2674535,0.18901251,0.4766407,-0.013136283
1968,0.74233806,0.15145771,0.25088152,0.18619278,0.49145654,-0.03473507
1969,0.05314823,0.051734317,0.035475112,0.024451,0.017673116,0.027283316
1970,0.7621472,0.39401922,0.49762383,0.3664159,0.26452336,0.027603328
1971,0.081821114,0.050222073,0.061314125,0.04711874,0.02050699,0.0031033345
1972,0.61459863,0.204575,0.24796253,0.18672712,0.3666361,0.01784788
1973,0.7433643,0.1744532,0.28929815,0.17617722,0.45406613,-0.0017240196
1974,0.73563695,0.18879583,0.18767676,0.1399209,0.54796016,0.04887493
1975,0.6303562,0.20555599,0.2534287,0.1971134,0.3769275,0.008442596
1976,0.20563987,0.08949661,0.096419,0.0730041,0.10922087,0.016492516
1977,0.07143126,0.00408117,0.04662102,0.029822113,0.024810236,-0.025740944
1978,0.06562763,0.015723828,0.034058183,0.025316639,0.031569444,-0.009592811
1979,1.1597492,0.28100237,0.35566577,0.25892216,0.80408335,0.022080213
1980,0.5677726,0.21867311,0.27133283,0.19649826,0.2964398,0.02217485
1981,1.2444444,0.42143476,0.5875993,0.40910134,0.6568451,0.012333423
1982,0.61205244,0.2410412,0.34759772,0.23586199,0.26445472,0.0051792115
1983,0.45021373,0.19885792,0.28501144,0.18042815,0.16520229,0.018429771
1984,0.12437638,0.015544808,0.07233517,0.040197242,0.05204121,-0.024652435
1985,0.85251504,0.27183756,0.36773708,0.25454956,0.48477796,0.017288
1986,0.35176677,0.2069986,0.23465174,0.16708928,0.11711502,0.039909318
1987,1.0289795,0.2905972,0.32210732,0.24288088,0.7068722,0.04771632
1988,0.2465693,0.048315108,0.12911437,0.09436836,0.11745493,-0.046053253
1989,-0.019415863,0.015736835,0.012279574,0.010955503,-0.031695437,0.004781332
1990,0.54502034,0.17072041,0.24290188,0.16621424,0.30211848,0.0045061707
1991,0.08962147,-0.0050567095,0.06086874,0.038049858,0.02875273,-0.043106567
1992,0.11160849,0.075358525,0.043782476,0.035020195,0.06782602,0.04033833
1993,0.47812766,0.16929854,0.15232892,0.09767669,0.32579875,0.07162186
1994,0.3622681,0.1299974,0.18469743,0.13936919,0.17757066,-0.009371787
1995,0.71774256,0.28102422,0.33807534,0.24324295,0.37966722,0.03778127
1996,0.70896715,0.17228611,0.24306878,0.16588765,0.46589836,0.0063984543
1997,0.21368505,0.17319056,0.05826538,0.038092297,0.15541968,0.13509826
1998,0.77516425,0.31650305,0.38087726,0.30417275,0.394287,0.012330294
1999,0.051243618,0.021858225,0.061586067,0.042671427,-0.010342449,-0.020813202
2000,0.95546573,0.30103686,0.510175,0.32526824,0.44529074,-0.024231374
2001,0.62790245,0.17775461,0.16807494,0.11363461,0.4598275,0.06412
2002,0.09701983,0.037476376,0.05710234,0.036080353,0.039917488,0.0013960227
2003,0.13111082,0.069202684,0.12204631,0.08809348,0.00906451,-0.018890798
2004,0.5002409,0.16832596,0.22154768,0.15533112,0.27869326,0.012994841
2005,0.93842673,0.40408882,0.55682147,0.40940258,0.38160527,-0.005313754
2006,0.88770276,0.29831535,0.38254347,0.27175567,0.50515926,0.02655968
2007,0.58894813,0.18721254,0.28912714,0.18216155,0.299821,0.005050987
2008,0.87192905,0.17235346,0.24475986,0.17253706,0.6271692,-0.0001835972
2009,0.7487643,0.27657583,0.26819205,0.18543549,0.48057222,0.091140345
2010,0.8850244,0.15595143,0.27309343,0.16395059,0.61193097,-0.007999167
2011,0.031702954,-0.022915356,0.07638798,0.04303955,-0.044685025,-0.06595491
2012,0.91401047,0.38161212,0.5908703,0.38238952,0.32314014,-0.0007773936
2013,0.044511236,0.040213373,0.02938834,0.022789655,0.015122896,0.017423717
2014,0.50894654,0.15045847,0.20878452,0.15261249,0.30016202,-0.0021540225
2015,0.7477105,0.22025408,0.30474186,0.19405976,0.44296867,0.02619432
2016,-0.008257931,-0.0060724183,0.033076946,0.022377824,-0.041334875,-0.028450243
2017,0.032606415,0.037732873,0.03321711,0.026589094,-0.0006106943,0.011143779
2018,0.071431555,0.03593189,0.052007724,0.029623477,0.019423831,0.006308412
2019,0.58848995,0.20385996,0.28087807,0.20263292,0.30761188,0.0012270361
2020,0.013279382,0.0063101863,0.047618657,0.03327398,-0.034339275,-0.026963793
2021,0.28357103,0.036235373,0.047417693,0.035629846,0.23615333,0.0006055273
2022,0.27958277,0.193643,0.14446443,0.10437978,0.13511834,0.08926322
2023,0.6653243,0.10360181,0.12368294,0.09458245,0.54164135,0.00901936
2024,0.047672365,0.15312605,0.09879384,0.06758648,-0.051121477,0.085539564
2025,0.69694614,0.44112393,0.58928907,0.38095015,0.107657075,0.06017378
2026,0.19074415,0.07068601,0.08542603,0.057133723,0.105318114,0.013552289
2027,0.22176586,0.09554366,0.11835228,0.08510798,0.10341358,0.010435678
2028,0.44143602,0.07115998,0.17237887,0.12438549,0.26905715,-0.05322551
2029,0.83534384,0.20407753,0.28497633,0.19603585,0.5503675,0.00804168
2030,0.13427554,0.062438186,0.05604616,0.04275819,0.07822938,0.019679997
2031,1.1842453,0.38808975,0.4759028,0.3270348,0.70834255,0.061054945
2032,0.86895406,0.37307847,0.44600332,0.3394526,0.42295074,0.03362587
2033,0.7220936,0.2759441,0.3928724,0.2971666,0.3292212,-0.021222472
2034,0.67114735,0.18611409,0.35888112,0.2511015,0.31226623,-0.064987406
2035,0.19005331,0.066753834,0.062791415,0.045823723,0.1272619,0.020930111
2036,0.8271577,0.2553283,0.3125629,0.22982183,0.5145948,0.025506467
2037,0.0023021968,-0.02078073,0.028861955,0.02020777,-0.026559759,-0.040988497
2038,0.47575033,0.13895078,0.23780502,0.1623633,0.2379453,-0.023412526
2039,0.732018,0.18797971,0.22705993,0.16188937,0.50495803,0.026090339
2040,0.09477742,-0.00036758813,0.061783098,0.036556076,0.032994322,-0.036923666
2041,0.15243264,0.095360994,0.10822649,0.083699875,0.044206142,0.01166112
2042,0.8187322,0.3273769,0.44726273,0.29668382,0.37146947,0.030693084
2043,0.07922507,0.028538574,0.054047704,0.03939207,0.025177367,-0.010853495
2044,0.79667604,0.17986326,0.26437607,0.20029642,0.5323,-0.020433158
2045,0.6609186,0.1739817,0.21696511,0.15451247,0.44395348,0.019469231
2046,0.6171711,0.13215366,0.17853463,0.11286416,0.43863648,0.019289501
2047,1.2136248,0.5787516,0.7003907,0.5516296,0.51323414,0.02712202
2048,0.840045,0.29888144,0.46491024,0.3232303,0.37513474,-0.024348855
2049,0.60081196,0.12825164,0.17500202,0.13306198,0.42580992,-0.0048103333
2050,0.7613283,0.22138198,0.29517633,0.22751899,0.46615195,-0.0061370134
2051,0.26644206,0.11561878,0.13266559,0.100207664,0.13377647,0.015411116
2052,0.06461214,0.035021666,0.04589636,0.036189206,0.018715784,-0.0011675395
2053,0.098611556,0.113995954,0.08998476,0.05115059,0.008626796,0.062845364
2054,0.072108194,0.059657477,0.056335974,0.045414157,0.01577222,0.01424332
2055,0.7576927,0.115173906,0.18602462,0.12534326,0.5716681,-0.010169357
2056,0.7492857,0.24485248,0.34380913,0.25206086,0.40547657,-0.007208377
2057,1.1545576,0.40179732,0.5390553,0.3825688,0.6155023,0.019228518
2058,0.7316378,0.29399362,0.41053796,0.29102623,0.32109982,0.0029673874
2059,0.6269547,0.13083017,0.22239555,0.14185168,0.40455914,-0.01102151
2060,0.20140684,0.05610477,0.073994905,0.043290704,0.12741193,0.012814067
2061,0.8294076,0.11078609,0.18108267,0.12359151,0.6483249,-0.012805425
2062,1.1406655,0.41447762,0.56646025,0.39951226,0.5742053,0.014965355
2063,0.30364534,0.26655516,0.15286818,0.12982301,0.15077716,0.13673215
2064,0.7211945,0.25347382,0.3954197,0.2750442,0.32577482,-0.021570385
2065,0.3616227,0.12986197,0.16045004,0.121395014,0.20117265,0.008466952
2066,0.29775295,0.1997822,0.24177894,0.17913719,0.055974007,0.020645007
2067,0.75758725,0.264149,0.34509426,0.23992546,0.412493,0.024223551
2068,1.0129397,0.34695652,0.44710577,0.31551322,0.5658339,0.031443298
2069,0.7630284,0.12988847,0.20773524,0.1376285,0.55529314,-0.0077400208
2070,1.1888409,0.518709,0.7546226,0.5220358,0.4342183,-0.0033267736
2071,0.9763095,0.39967033,0.46762216,0.32970187,0.5086873,0.06996846
2072,0.49897867,0.04940817,0.049764622,0.03194655,0.44921404,0.01746162
2073,0.6563145,0.15345046,0.22785753,0.14855875,0.42845696,0.0048917085
2074,0.77541447,0.27633044,0.46151868,0.3075369,0.3138958,-0.031206459
2075,0.057710487,0.019138085,0.067806214,0.043600935,-0.010095727,-0.02446285
2076,0.066151716,0.06401462,0.05097275,0.0376206,0.015178967,0.02639402
2077,0.41282946,0.16013554,0.2306151,0.16435295,0.18221436,-0.004217416
2078,0.21885394,0.20446664,0.10299268,0.082473285,0.11586125,0.121993355
2079,0.67212504,0.2805181,0.2952082,0.2219974,0.37691686,0.05852072
2080,0.62855166,0.18514663,0.2687564,0.1913599,0.35979527,-0.0062132776
2081,0.84048325,0.25017142,0.2932892,0.22825712,0.547194,0.021914303
2082,0.10940671,0.055290055,0.03851527,0.02813907,0.07089144,0.027150985
2083,0.9783522,0.3008133,0.44228324,0.30731902,0.5360689,-0.006505728
2084,0.06647648,0.01167487,0.059030034,0.0377959,0.0074464455,-0.026121031
2085,0.7448617,0.4316543,0.554563,0.38026702,0.19029874,0.05138728
2086,0.12050396,0.067910455,0.09197326,0.06214368,0.028530702,0.0057667755
2087,0.7741717,0.3273456,0.36286166,0.2804047,0.41131005,0.046940923
2088,0.91143495,0.3035672,0.37438184,0.28426942,0.5370531,0.019297779
2089,0.49358255,0.18671307,0.24425057,0.168203,0.24933198,0.018510073
2090,0.123487726,0.07030118,0.08242,0.064457946,0.041067727,0.005843237
2091,0.042867597,0.048498344,0.02131977,0.01970201,0.021547828,0.028796334
2092,0.77587605,0.3734616,0.42774215,0.34028235,0.3481339,0.033179253
2093,0.72722673,0.20558307,0.27610692,0.17757525,0.4511198,0.02800782
2094,0.9107483,0.44023177,0.47495747,0.37627032,0.43579084,0.06396145
2095,0.64105576,0.22732107,0.2796229,0.19704369,0.36143285,0.030277386
2096,0.8098561,0.24400221,0.277264,0.19296685,0.5325921,0.05103536
2097,-0.03916296,0.114068955,0.011393243,0.0039022458,-0.050556205,0.110166706
2098,-0.018314857,-0.034144733,0.018572804,0.009891547,-0.03688766,-0.04403628
2099,0.14793617,0.06349321,0.06352095,0.049747836,0.08441521,0.013745371
2100,0.4484796,0.24135306,0.19777061,0.13515079,0.250709,0.106202275
2101,0.649273,0.27619728,0.31874505,0.24046597,0.33052793,0.035731316
2102,0.113171905,0.06623945,0.07363923,0.059324518,0.039532676,0.0069149286
2103,0.18110578,0.20252511,0.16793062,0.1111518,0.01317516,0.09137331
2104,0.05648161,0.04501847,0.028254662,0.021615172,0.02822695,0.0234033
2105,0.169508,0.07141573,0.08515459,0.05167246,0.0843534,0.019743271
2106,0.11692383,0.23483285,0.05557203,0.03108715,0.061351802,0.20374571
2107,0.06334439,0.15958183,0.111158244,0.0844449,-0.047813855,0.07513692
2108,0.07256582,0.0736691,0.048550628,0.042936746,0.024015188,0.030732352
2109,0.76249486,0.21745346,0.36176002,0.22412083,0.40073484,-0.0066673607
2110,-0.003934404,0.12566288,0.01847961,0.009710551,-0.022414014,0.11595233
2111,0.63045,0.2242462,0.29563838,0.21704444,0.33481163,0.007201761
2112,0.14049949,0.06269639,0.062951036,0.0478935,0.07754845,0.014802888
2113,0.6683231,0.2127605,0.29979208,0.21158987,0.36853102,0.0011706203
2114,0.5881778,0.29501674,0.37742293,0.26990446,0.21075487,0.025112271
2115,0.9418688,0.31287926,0.463921,0.31762064,0.47794777,-0.0047413707
2116,0.5063916,0.1710226,0.18762411,0.13683124,0.3187675,0.034191355
2117,0.20744155,0.08586712,0.10517127,0.076545894,0.10227028,0.009321228
2118,0.19899696,0.11115829,0.08634775,0.057685394,0.11264921,0.053472895
2119,0.95960647,0.29390377,0.41380912,0.28381133,0.54579735,0.010092437
2120,0.88377005,0.24865729,0.35353938,0.23155016,0.53023064,0.01710713
2121,0.6019876,0.16193068,0.20315951,0.1403427,0.3988281,0.021587983
2122,0.9028137,0.2299571,0.33136043,0.24516445,0.5714532,-0.01520735
2123,0.7452426,0.16554281,0.24735953,0.17146732,0.49788308,-0.005924508
2124,0.13541435,-0.017005801,0.04895909,0.02642216,0.086455256,-0.04342796
2125,0.91137815,0.32721156,0.50896597,0.32790497,0.40241218,-0.00069341063
2126,0.63033104,0.2365459,0.25189063,0.18438725,0.3784404,0.052158654
2127,0.000837461,-0.04882132,0.018318847,0.006163972,-0.017481387,-0.054985292
2128,0.06007364,0.058057707,0.047493815,0.034802143,0.012579825,0.023255564
2129,0.1723822,0.01750337,0.06713689,0.042995766,0.105245315,-0.025492396
2130,0.8628857,0.38481504,0.48783016,0.35286805,0.37505555,0.031946987
2131,0.24667853,-0.0006786308,0.06524847,0.044201225,0.18143007,-0.044879857
2132,0.65040183,0.15575705,0.21274576,0.14689177,0.43765607,0.008865282
2133,0.73052734,0.29913956,0.3305112,0.24612162,0.40001613,0.053017944
2134,0.26719937,0.128118,0.13230465,0.092795044,0.13489471,0.03532295
2135,-0.053212766,-0.011832514,0.04804285,0.029466083,-0.10125561,-0.041298598
2136,0.91299504,0.29133424,0.46649086,0.3369925,0.44650418,-0.04565826
2137,0.33096096,0.13476713,0.17079937,0.117835194,0.16016158,0.016931936
2138,0.2342375,0.08941426,0.11814047,0.07006619,0.11609704,0.01934807
2139,0.6977744,0.30352575,0.30741957,0.23411834,0.39035484,0.0694074
2140,0.08886354,-0.0059172194,0.060955845,0.043780126,0.027907692,-0.049697347
2141,0.7428786,0.23927343,0.2656973,0.19360715,0.47718132,0.045666277
2142,0.4405132,0.21370628,0.25516295,0.18428205,0.18535024,0.029424235
2143,0.58266157,0.20766762,0.31188875,0.21355648,0.2707728,-0.0058888644
2144,0.12854204,0.086012185,0.11119212,0.07456055,0.017349914,0.011451632
2145,0.7936204,0.26686695,0.43733156,0.28742293,0.35628885,-0.020555973
2146,0.053647056,0.025879255,0.06765988,0.049113806,-0.014012821,-0.023234552
2147,0.46703804,0.09398698,0.1548234,0.10967735,0.31221464,-0.015690371
2148,0.5127648,0.23093568,0.3524513,0.23612675,0.16031352,-0.005191073
2149,-0.028327676,-0.02986889,0.0067605916,0.0027043258,-0.035088267,-0.032573216
2150,0.9298147,0.51029354,0.6302156,0.44649327,0.2995991,0.063800275
2151,0.32352203,0.109080695,0.16457349,0.104428254,0.15894854,0.0046524405
2152,0.17722078,0.08179519,0.14124958,0.07535988,0.035971195,0.0064353123
2153,0.15080687,0.084129095,0.069115676,0.042006038,0.0816912,0.042123057
2154,0.8054024,0.28653792,0.41935766,0.2921991,0.38604474,-0.0056611896
2155,0.3824951,0.15471813,0.22662231,0.16482046,0.15587279,-0.010102332
2156,0.56873745,0.26609507,0.35390308,0.25485688,0.21483436,0.011238188
2157,0.6064223,0.18047313,0.28460082,0.19242969,0.32182148,-0.011956558
2158,0.9315505,0.3040642,0.43363613,0.318499,0.49791437,-0.014434785
2159,0.16769621,0.051860858,0.14411728,0.090606414,0.023578927,-0.038745556
2160,0.5963361,0.18293129,0.23673478,0.15934676,0.35960135,0.02358453
2161,0.12459077,0.05497381,0.050536644,0.037338875,0.07405412,0.017634936
2162,0.116006665,0.06733045,0.10627175,0.0718481,0.009734914,-0.004517652
2163,0.777269,0.18514022,0.24865994,0.17318043,0.52860904,0.011959791
2164,0.63851774,0.21834415,0.31305128,0.20540985,0.32546645,0.012934297
2165,0.7553254,0.22635013,0.33356017,0.23726554,0.4217652,-0.0109154135
2166,1.0164088,0.20822118,0.3181417,0.22802545,0.6982671,-0.01980427
2167,0.74170405,0.18288045,0.33114806,0.20257154,0.410556,-0.019691095
2168,0.51018614,0.25519696,0.2661988,0.18635717,0.24398732,0.06883979
2169,0.85168666,0.16886236,0.3312239,0.21976273,0.52046275,-0.05090037
2170,0.93708754,0.39470762,0.57793933,0.35951257,0.3591482,0.035195053
2171,0.77299,0.2270948,0.24370866,0.18129201,0.5292813,0.045802787
2172,0.74526405,0.26368415,0.31581628,0.22738442,0.42944777,0.036299735
2173,0.37264156,0.15956727,0.18610793,0.1474635,0.18653363,0.012103766
2174,-0.01721068,0.016542077,0.013338571,0.011440827,-0.03054925,0.0051012505
2175,0.39889798,0.17878592,0.23867762,0.17199925,0.16022035,0.0067866743
2176,0.79841816,0.33242083,0.41652793,0.30641234,0.38189024,0.026008487
2177,-0.037205987,0.0058146124,0.020729404,0.012684003,-0.05793539,-0.006869391
2178,-0.01855173,0.11576162,0.012009511,0.004238525,-0.03056124,0.1115231
2179,0.85011154,0.3018919,0.4114862,0.2804524,0.43862534,0.021439493
2180,0.08892863,0.049933583,0.04372452,0.032529578,0.045204114,0.017404005
2181,0.43585336,0.24598202,0.30801922,0.21272607,0.12783414,0.03325595
2182,0.35988453,0.21858896,0.26003796,0.18551514,0.09984657,0.033073828
2183,0.78404135,0.25284287,0.34825218,0.24553822,0.43578917,0.0073046535
2184,0.16717006,0.042752944,0.10270289,0.07100097,0.06446717,-0.028248027
2185,0.29125324,0.10388196,0.110562526,0.07511775,0.1806907,0.02876421
2186,0.07169088,0.049970683,0.037387874,0.027985463,0.034303006,0.02198522
2187,0.27225944,0.11921114,0.108609006,0.06595047,0.16365044,0.05326067
2188,0.670223,0.20838726,0.30014956,0.22015706,0.37007344,-0.011769801
2189,0.36206922,0.14931539,0.18623106,0.14790112,0.17583816,0.0014142692
2190,0.11046255,0.030662125,0.04069172,0.025516115,0.06977083,0.00514601
2191,0.26869786,0.103510186,0.11929152,0.08579425,0.14940634,0.017715938
2192,0.6532829,0.1434804,0.14337109,0.1039926,0.5099118,0.0394878
2193,0.14652056,0.045431666,0.014614936,0.013587154,0.13190562,0.03184451
2194,-0.03534558,0.041612662,0.028839786,0.02198437,-0.064185366,0.019628292
2195,0.93821394,0.30297583,0.39406228,0.29271793,0.54415166,0.0102579
2196,-0.0073766615,0.10959812,0.004671311,-0.0011335488,-0.0120479725,0.11073167
2197,1.0049115,0.22579338,0.28454578,0.21197422,0.72036576,0.013819158
2198,0.78383636,0.22777845,0.36492497,0.25751337,0.4189114,-0.029734924
2199,0.9384671,0.17491038,0.22991295,0.16221246,0.70855415,0.01269792
2200,0.6403724,0.3007865,0.39669845,0.27502438,0.24367395,0.025762111
2201,0.5963243,0.287179,0.36943215,0.25693828,0.22689217,0.030240715
2202,0.6575766,0.11570754,0.17620297,0.112310074,0.48137367,0.0033974648
2203,0.8593853,0.23363727,0.38921928,0.26772726,0.47016603,-0.034089983
2204,-0.01680914,-0.061311115,0.008643141,0.0022424208,-0.02545228,-0.063553534
2205,0.04470701,-0.009377597,0.035023943,0.022232557,0.009683069,-0.031610154
2206,0.0919261,0.061404135,0.059540913,0.04543395,0.032385185,0.015970185
2207,0.1643566,0.09713694,0.08184473,0.057371773,0.08251187,0.039765164
2208,-0.01801866,-0.03322071,0.018561257,0.0077293767,-0.036579914,-0.040950086
2209,0.98660856,0.33938193,0.5349864,0.34792605,0.4516222,-0.008544117
2210,0.06676836,0.117595375,0.039961442,0.02744139,0.02680692,0.090153985
2211,0.5986739,0.13836306,0.2116325,0.14874677,0.3870414,-0.01038371
2212,0.22923458,0.10968704,0.14046203,0.101908445,0.08877255,0.0077785924
2213,1.1346853,0.4575457,0.47554508,0.335569,0.6591402,0.1219767
2214,0.5086696,0.2184611,0.34111986,0.23021846,0.16754976,-0.011757359
2215,0.78754425,0.24439657,0.41295734,0.2602224,0.3745869,-0.015825838
2216,0.61505145,0.23728748,0.29886386,0.21237133,0.3161876,0.024916142
2217,0.7369027,0.17238796,0.23148637,0.16134833,0.50541633,0.01103963
2218,0.043610852,0.02906042,0.016025174,0.011078576,0.027585678,0.017981844
2219,0.059579615,0.13217066,0.011014011,0.0022210225,0.048565604,0.12994964
2220,0.4880916,0.037161734,0.08607082,0.053275313,0.40202075,-0.01611358
2221,1.0121907,0.44677177,0.61197966,0.44688937,0.40021104,-0.000117599964
2222,0.1423633,0.06892516,0.09505149,0.074866384,0.047311805,-0.005941227
2223,0.6379259,0.23797287,0.29050356,0.2023797,0.34742236,0.035593167
2224,1.0048947,0.32383415,0.30552337,0.22922611,0.69937134,0.09460804
2225,1.0625689,0.42390424,0.5765894,0.40545386,0.4859795,0.01845038
2226,0.6803238,0.2986139,0.4098026,0.29312593,0.2705212,0.0054879785
2227,0.6644815,0.11496453,0.22795683,0.13544132,0.4365247,-0.020476788
2228,0.025069633,0.034410134,0.039519805,0.035432026,-0.014450172,-0.0010218918
2229,0.28956398,0.0776717,0.052250486,0.039310567,0.2373135,0.038361132
2230,0.8003462,0.24693893,0.4004339,0.26501882,0.3999123,-0.018079892
2231,0.13623497,0.18697302,0.18977417,0.15746346,-0.0535392,0.02950956
2232,0.23940954,0.077538356,0.11424207,0.08687846,0.12516746,-0.009340107
2233,1.0044004,0.317907,0.47745332,0.33879918,0.526947,-0.020892173
2234,0.7908935,0.19724718,0.2566775,0.18676648,0.534216,0.010480702
2235,1.2222983,0.27037513,0.39243904,0.28300464,0.82985926,-0.012629509
2236,1.0764909,0.27066845,0.51477695,0.33047917,0.56171393,-0.059810728
2237,0.51463914,0.28794754,0.27954504,0.20192651,0.2350941,0.08602102
2238,0.11208021,0.05902821,0.07598529,0.053675976,0.03609492,0.0053522326
2239,0.3397035,0.14086358,0.14267027,0.11097774,0.19703323,0.029885843
2240,0.06877432,0.052514967,0.059484147,0.042668484,0.009290174,0.009846482
2241,0.55600363,0.20083733,0.2852233,0.18690449,0.27078032,0.013932839
2242,0.13530591,0.05153309,0.053775076,0.04083197,0.08153084,0.010701124
2243,0.005337966,0.0057007116,0.0131416805,0.01110879,-0.0078037144,-0.005408078
2244,0.7311083,0.23524247,0.32814378,0.2258648,0.40296453,0.009377673
2245,0.103993684,0.067270435,0.06441527,0.04441438,0.039578415,0.022856057
2246,0.025724234,0.045534983,0.0369966,0.028915202,-0.011272365,0.016619781
2247,0.057017267,0.11871592,0.035163797,0.019246358,0.02185347,0.09946956
2248,0.9074372,0.34918198,0.4197781,0.32852557,0.4876591,0.020656407
2249,0.26444748,0.057240307,0.10350007,0.07139193,0.16094741,-0.014151625
2250,0.06627458,0.044236355,0.05921233,0.035095837,0.0070622526,0.009140518
2251,0.7320114,0.23017164,0.29058453,0.19482028,0.44142684,0.03535135
2252,0.5206015,0.13451567,0.1709785,0.12327126,0.34962302,0.011244416
2253,0.27470326,0.18054134,0.097883634,0.07108459,0.17681962,0.10945675
2254,0.46377486,0.18907662,0.25675774,0.18282756,0.20701712,0.0062490553
2255,0.6583585,0.22471362,0.3467007,0.2418557,0.31165782,-0.017142072
2256,0.012484871,0.14466316,0.07259863,0.058251914,-0.060113758,0.08641124
2257,0.4371575,0.14974718,0.1851863,0.13011001,0.25197122,0.019637167
2258,0.3207319,0.19537506,0.21453856,0.13745795,0.10619335,0.057917103
2259,0.013300516,0.021675661,0.0132612595,0.011568763,3.9256178e-05,0.010106898
2260,1.1883051,0.42740873,0.5636624,0.40913257,0.6246427,0.018276155
2261,0.956321,0.258421,0.3498851,0.23529562,0.6064359,0.02312538
2262,0.047666878,-0.020711599,0.049911708,0.029421583,-0.0022448301,-0.050133184
2263,0.72188187,0.31521302,0.37881842,0.2811815,0.34306344,0.03403151
2264,0.025751993,0.12966287,0.05698548,0.03477598,-0.031233486,0.09488689
2265,0.202927,0.08863143,0.11772904,0.082225636,0.085197955,0.006405793
2266,0.7586839,0.28495768,0.34891492,0.25160393,0.409769,0.033353746
2267,0.71660304,0.24348004,0.30262372,0.19684696,0.41397932,0.04663308
2268,0.8791851,0.2393426,0.33063483,0.2177983,0.54855025,0.021544307
2269,0.96097136,0.29829937,0.3536288,0.24223438,0.60734254,0.056064993
2270,1.0448676,0.32634434,0.42726722,0.3342631,0.61760044,-0.007918745
2271,0.9900772,0.22903593,0.38024753,0.2751916,0.60982966,-0.046155676
2272,1.1172625,0.40103287,0.57412905,0.37921318,0.54313344,0.02181968
2273,0.11590418,0.04313379,0.058136474,0.039323036,0.057767708,0.003810756
2274,0.948583,0.3309931,0.5180266,0.33483285,0.43055642,-0.003839761
2275,0.25474793,0.051973816,0.08669799,0.061630744,0.16804993,-0.0096569285
2276,0.25272995,0.11104845,0.11149615,0.09295008,0.1412338,0.01809837
2277,0.11321176,0.024747875,0.04880251,0.032916244,0.06440925,-0.0081683695
2278,0.2639451,0.12989238,0.12501766,0.07764626,0.13892744,0.052246116
2279,0.694303,0.16722666,0.28958645,0.20255774,0.40471652,-0.035331085
2280,0.045269858,0.044918,0.03951733,0.027143309,0.00575253,0.017774692
2281,0.048601903,-0.01969743,0.04303501,0.022622876,0.0055668913,-0.042320304
2282,0.69449383,0.30784842,0.37110052,0.25222802,0.32339332,0.055620402
2283,0.82098395,0.18537582,0.26252654,0.18983744,0.5584574,-0.0044616163
2284,1.0095404,0.32868776,0.3961243,0.29102644,0.61341614,0.037661314
2285,0.4341239,0.18836376,0.24325205,0.17915078,0.19087185,0.009212986
2286,0.77678764,0.24629591,0.36335868,0.25483203,0.41342896,-0.008536115
2287,0.6123872,0.12434554,0.17133111,0.11833406,0.44105607,0.0060114786
2288,0.37466004,0.018198796,0.05069623,0.037289687,0.32396382,-0.01909089
2289,0.6539062,0.15578233,0.2215702,0.16426767,0.43233603,-0.008485347
2290,0.694565,0.19352326,0.27808738,0.19793886,0.41647762,-0.0044156015
2291,0.76872456,0.08446806,0.17264305,0.1096904,0.5960815,-0.025222339
2292,0.7361289,0.24932994,0.3791229,0.25027287,0.357006,-0.0009429306
2293,0.17045087,0.069643036,0.07557637,0.05592697,0.094874494,0.013716064
2294,0.72083855,0.23939314,0.35381287,0.2116774,0.36702567,0.027715743
2295,0.2509319,0.056074012,0.08700867,0.06391075,0.16392322,-0.00783674
2296,1.0901375,0.31872967,0.41745296,0.290309,0.67268455,0.028420657
2297,0.05312501,0.03761811,0.0267472,0.024426503,0.026377808,0.013191609
2298,0.76867694,0.16082442,0.22121625,0.15727855,0.5474607,0.0035458654
2299,0.13069826,0.042350795,0.035906926,0.028072774,0.09479134,0.014278021
2300,0.3164914,0.15225714,0.22157572,0.1516071,0.09491567,0.00065004826
2301,0.8424797,0.21532743,0.29885444,0.20598169,0.54362524,0.00934574
2302,0.1088813,0.17586038,0.11681002,0.08738367,-0.007928714,0.0884767
2303,0.7102351,0.20583528,0.297684,0.21350509,0.4125511,-0.0076698065
2304,0.5800694,0.24344082,0.33185533,0.24906902,0.2482141,-0.0056281984
2305,0.673585,0.20010342,0.24056344,0.17170838,0.43302155,0.028395042
2306,0.6725185,0.22518435,0.2998918,0.2086645,0.3726267,0.016519845
2307,0.23589343,0.08333105,0.11742607,0.08006015,0.11846736,0.0032709017
2308,0.5958307,0.18999189,0.21452351,0.1647707,0.38130718,0.025221199
2309,0.8340861,0.24892853,0.36198303,0.26406753,0.4721031,-0.015138999
2310,0.07895763,-0.025465317,0.043823265,0.03053541,0.035134368,-0.056000724
2311,0.028557654,-0.0074100643,0.05062892,0.030883279,-0.022071265,-0.038293343
2312,0.106458016,-0.009814898,0.049534716,0.028403692,0.0569233,-0.038218588
2313,0.024919052,0.1403001,0.018841175,0.009551424,0.0060778763,0.13074867
2314,1.0089691,0.36950785,0.49327174,0.34385785,0.51569736,0.025649995
2315,0.037227355,0.06005429,0.037087645,0.032425877,0.00013970956,0.027628414
2316,0.19544762,0.04867891,0.039645605,0.028118465,0.15580201,0.020560443
2317,0.6831553,0.16638936,0.19250181,0.14431068,0.49065349,0.022078678
2318,0.050082367,0.036745574,0.011038304,0.011485127,0.039044064,0.025260448
2319,0.82606494,0.3076804,0.36726177,0.26115313,0.45880318,0.046527267
2320,0.5675016,0.18033998,0.22908285,0.16102307,0.33841875,0.019316912
2321,0.7692759,0.18017231,0.28037897,0.1989703,0.48889694,-0.018797994
2322,0.02505465,0.089941315,0.03606371,0.028627573,-0.011009058,0.06131374
2323,0.8028035,0.20414491,0.30381402,0.21191974,0.4989895,-0.00777483
2324,0.35916832,0.16374363,0.24004188,0.16812447,0.11912644,-0.004380837
2325,0.5780744,0.13574296,0.17654325,0.12509157,0.40153116,0.010651395
2326,0.75022095,0.16501206,0.25284523,0.1813484,0.49737573,-0.016336337
2327,0.07999282,0.022395391,0.022702107,0.014565703,0.057290718,0.007829688
2328,0.9233836,0.41553625,0.5356452,0.3916877,0.3877384,0.023848563
2329,0.4496726,0.13622469,0.117051184,0.090027705,0.33262143,0.046196982
2330,0.001198022,0.028076774,0.007258122,0.008393746,-0.0060600997,0.019683028
2331,0.5071755,0.2659133,0.37453908,0.25644094,0.13263643,0.00947237
2332,0.5691144,0.1631342,0.22233607,0.158954,0.34677833,0.004180208
2333,0.05691523,0.09756967,0.030189658,0.021773245,0.026725573,0.075796425
2334,0.06465055,0.08999752,0.056111857,0.039943073,0.008538693,0.05005445
2335,0.18247747,-0.043404877,0.035809062,0.017479587,0.1466684,-0.060884465
2336,0.07120654,0.05784413,0.03985958,0.029438997,0.031346958,0.028405132
2337,0.11132457,0.19076838,0.041354895,0.03633096,0.06996968,0.15443742
2338,0.66188854,0.112237774,0.14983279,0.10735975,0.51205575,0.004878022
2339,0.012861885,0.10661878,0.016243806,0.015188086,-0.003381921,0.091430694
2340,0.19187841,0.09762857,0.1090372,0.05997944,0.08284121,0.037649132
2341,0.06720764,0.1466181,0.041715804,0.03404844,0.025491837,0.11256966
2342,0.14643238,0.14585,0.061138056,0.048801184,0.08529433,0.09704882
2343,0.14594105,0.027887955,0.030744521,0.022540277,0.115196526,0.0053476784
2344,1.0159405,0.20159599,0.35068622,0.21760687,0.66525435,-0.01601088
2345,0.34148785,0.09670239,0.14569075,0.099149376,0.1957971,-0.0024469867
2346,0.054163218,0.068917505,0.065376915,0.053074326,-0.0112136975,0.01584318
2347,1.0078012,0.3278513,0.4049046,0.31082794,0.6028966,0.017023355
2348,0.743157,0.2174723,0.17938028,0.14057614,0.56377673,0.07689616
2349,1.0179472,0.28334332,0.42060086,0.27826092,0.5973463,0.0050823987
2350,0.11715382,0.030989822,0.047340192,0.032639556,0.06981363,-0.0016497336
2351,0.12688494,0.0076038125,0.021790905,0.017360147,0.10509403,-0.009756334
2352,0.06687398,0.036360864,0.04129078,0.031528033,0.025583204,0.0048328303
2353,0.8080338,0.31047913,0.41801372,0.30788335,0.3900201,0.0025957823
2354,0.63732904,0.13799447,0.18668064,0.1424029,0.4506484,-0.004408434
2355,0.05725478,0.060012605,0.068984,0.053335875,-0.011729222,0.00667673
2356,0.19404149,0.061122596,0.09725941,0.06311953,0.09678208,-0.0019969344
2357,0.8685152,0.3298724,0.4229667,0.3198261,0.4455485,0.010046303
2358,0.4129783,0.14120507,0.14766392,0.10778392,0.26531437,0.03342115
2359,0.720127,0.1742748,0.23194034,0.1554923,0.48818666,0.018782496
2360,0.015282605,-0.060598362,0.010382915,0.003513896,0.00489969,-0.06411226
2361,0.99875736,0.2131058,0.30786714,0.20042153,0.6908902,0.012684271
2362,0.9105948,0.47799352,0.6021711,0.41849196,0.3084237,0.05950156
2363,0.4842069,0.13063079,0.24302198,0.16823204,0.2411849,-0.037601247
2364,0.796418,0.30621174,0.4073266,0.29684705,0.3890914,0.009364694
2365,1.2237073,0.21335869,0.39051282,0.26369354,0.8331945,-0.050334856
2366,0.70893705,0.26722407,0.35234603,0.24823952,0.35659102,0.018984556
2367,1.3139355,0.37032324,0.5335966,0.36469173,0.78033894,0.0056315064
2368,0.719219,0.25349346,0.33590525,0.26324221,0.38331378,-0.009748757
2369,0.07088179,0.019938547,0.03529632,0.02533974,0.03558547,-0.0054011922
2370,0.8957352,0.23292361,0.29131705,0.21494171,0.60441816,0.017981902
2371,0.09065959,0.060400583,0.059750892,0.045568958,0.030908696,0.014831625
2372,0.58566135,0.15997404,0.2563461,0.18452111,0.32931525,-0.02454707
2373,0.77464336,0.19667442,0.2548206,0.18813714,0.5198228,0.008537278
2374,0.27541035,0.0751738,0.115954734,0.08453938,0.15945563,-0.009365581
2375,0.6392495,0.26075694,0.41946572,0.24939017,0.21978378,0.01136677
2376,0.46225908,0.16196316,0.26780194,0.1668028,0.19445714,-0.004839629
2377,0.7720471,0.37655222,0.41524705,0.30927128,0.35680005,0.06728095
2378,0.45228896,0.19054605,0.3085495,0.20633705,0.14373946,-0.015790999
2379,0.6368789,0.17695451,0.24145404,0.16708355,0.39542487,0.009870961
2380,0.23822533,0.06796552,0.061677776,0.047825094,0.17654756,0.020140428
2381,0.93711,0.3402864,0.34678078,0.25541112,0.59032923,0.084875286
2382,0.3454082,0.18121792,0.17522722,0.121732004,0.17018098,0.05948592
2383,0.1343693,0.015810112,0.042837463,0.03228272,0.091531835,-0.01647261
2384,0.37007123,0.11887596,0.13088527,0.09121762,0.23918596,0.027658336
2385,0.6082653,0.23347099,0.28584397,0.20420635,0.3224213,0.029264644
2386,0.9226442,0.3679319,0.45308945,0.3229283,0.46955475,0.045003593
2387,0.6221765,0.21246895,0.30142415,0.19767013,0.32075238,0.01479882
2388,0.060119525,0.02300026,0.039126944,0.019242685,0.02099258,0.0037575755
2389,0.09763723,0.019558122,0.05105417,0.035313558,0.04658306,-0.015755435
2390,0.15912676,0.054293264,0.04501888,0.03731955,0.11410788,0.016973715
2391,-0.042603977,-0.019319754,0.03790455,0.019638818,-0.08050853,-0.03895857
2392,0.84835887,0.29938394,0.40236434,0.28904602,0.44599453,0.010337919
2393,0.7576143,0.3349764,0.44298443,0.29342473,0.31462988,0.04155168
2394,0.6426341,0.1163979,0.18579508,0.11665752,0.45683903,-0.00025961548
2395,0.7410436,0.20852108,0.24145165,0.18967709,0.49959198,0.018843994
2396,-0.042321093,-0.03565611,0.016089093,0.0077698613,-0.058410186,-0.04342597
2397,0.07103946,0.06613378,0.0601354,0.047683552,0.010904059,0.01845023
2398,0.43777832,0.19121489,0.18703917,0.12318019,0.25073916,0.0680347
2399,0.6133372,0.29618394,0.3427519,0.23822722,0.27058533,0.057956725
2400,0.09857679,-0.0004955326,0.034575358,0.023739703,0.06400143,-0.024235236
2401,0.23018202,0.061250616,0.13148701,0.08434334,0.09869501,-0.02309272
2402,0.08947056,0.066713,0.0713438,0.05142364,0.018126756,0.015289359
2403,0.39634228,0.09697544,0.13973808,0.094930984,0.2566042,0.0020444542
2404,0.012560908,-0.044945206,0.04079492,0.021722341,-0.028234012,-0.06666755
2405,0.09893379,0.0669623,0.060307633,0.04814363,0.03862616,0.018818673
2406,-0.018538903,0.17727311,0.028070083,0.025236573,-0.046608984,0.15203653
2407,0.78679913,0.207403,0.32919106,0.22286306,0.45760807,-0.015460059
2408,1.125901,0.27976698,0.45956203,0.31006005,0.6663389,-0.030293077
2409,0.92700565,0.29403397,0.38034233,0.27595708,0.5466633,0.018076897
2410,0.076427326,0.07043099,0.04542469,0.035752676,0.031002637,0.03467831
2411,0.20936033,0.072202705,0.14606968,0.08852911,0.063290656,-0.016326405
2412,0.60577077,0.21562874,0.18727778,0.12442266,0.41849297,0.09120608
2413,0.53381664,0.20754987,0.28578722,0.19584467,0.24802941,0.011705205
2414,0.17813154,0.13843633,0.11106611,0.075006984,0.067065425,0.06342935
2415,0.08300676,-0.0126681775,0.0137041975,0.009290265,0.06930257,-0.021958442
2416,1.0783765,0.32639682,0.60843384,0.38373336,0.4699427,-0.05733654
2417,0.89180154,0.32677293,0.48980892,0.3371705,0.40199262,-0.010397583
2418,0.9158617,0.3453397,0.4382928,0.30865863,0.47756892,0.036681056
2419,1.1663065,0.4275323,0.59758186,0.40826863,0.56872463,0.019263655
2420,0.81960404,0.20230404,0.31718814,0.23716658,0.5024159,-0.034862548
2421,0.57243806,0.19301389,0.23133664,0.17880411,0.3411014,0.014209777
2422,0.1365517,0.020169742,0.0442598,0.028292198,0.09229189,-0.008122455
2423,0.1315937,0.06723328,0.061857514,0.04203382,0.06973619,0.025199458
2424,0.75332075,0.23728068,0.33176342,0.24211912,0.42155734,-0.004838437
2425,0.04305803,-0.04509983,0.012460108,0.0069411523,0.030597921,-0.05204098
2426,0.9096186,0.2248979,0.27041924,0.19750015,0.6391994,0.027397752
2427,1.0326478,0.23203218,0.3873223,0.25325778,0.64532554,-0.021225601
2428,0.15177728,0.09010066,0.11931311,0.08130103,0.03246417,0.008799627
2429,0.09083863,0.055332117,0.021987846,0.021385279,0.068850785,0.03394684
2430,0.62055206,0.17398639,0.197209,0.13854721,0.42334306,0.03543918
2431,0.7935534,0.2479903,0.36910808,0.24265309,0.42444533,0.0053372085
2432,0.04661872,0.112778604,0.030515915,0.02482782,0.016102804,0.08795078
2433,0.24691136,0.07864587,0.1144847,0.0782699,0.13242666,0.0003759712
2434,1.1227354,0.32874176,0.5543581,0.39156327,0.56837726,-0.06282151
2435,0.108788036,0.06025986,0.048457723,0.034960438,0.060330313,0.025299422
2436,0.3828833,0.0838525,0.13616921,0.08931978,0.2467141,-0.0054672807
2437,-0.055419445,0.11620988,0.012953868,0.007965381,-0.068373315,0.1082445
2438,0.9354112,0.3507365,0.51263297,0.3411938,0.42277825,0.009542704
2439,0.25363886,0.08803968,0.08329486,0.059867196,0.170344,0.028172486
2440,0.6345067,0.13138828,0.18479231,0.12938772,0.4497144,0.0020005554
2441,0.64189684,0.15062381,0.19606462,0.13455343,0.44583222,0.01607038
2442,0.59547365,0.24883851,0.32931888,0.21202025,0.26615477,0.036818266
2443,0.5677161,0.29163802,0.29700944,0.21346647,0.27070668,0.07817155
2444,0.40739205,0.1364314,0.16847326,0.122993276,0.2389188,0.0134381205
2445,0.74688256,0.13169825,0.19140406,0.14541,0.5554785,-0.0137117505
2446,0.600711,0.16222991,0.25359556,0.17494126,0.34711543,-0.012711346
2447,0.7859804,0.19579004,0.36863622,0.2311063,0.41734418,-0.03531626
2448,0.81793755,0.19517449,0.32988313,0.22105867,0.48805442,-0.025884181
2449,0.1976044,0.08405249,0.11542136,0.08348237,0.08218304,0.0005701184
2450,1.0454282,0.4415026,0.62275743,0.41224366,0.42267072,0.029258937
2451,0.23516165,0.06345108,0.08121207,0.06443845,0.15394957,-0.0009873658
2452,0.5863712,0.34321976,0.38402474,0.28576723,0.20234644,0.05745253
2453,0.6890261,0.09165072,0.13167965,0.08961091,0.55734646,0.002039805
2454,0.69646573,0.25526857,0.3259463,0.22091301,0.37051943,0.034355566
2455,-0.022629911,0.1865003,0.032371677,0.0224678,-0.055001587,0.16403249
2456,0.24948649,0.08802534,0.12182955,0.085730456,0.12765694,0.0022948831
2457,0.20992734,0.19845013,0.1487921,0.10958549,0.061135232,0.08886465
2458,0.1245283,0.11565063,0.09481628,0.054597598,0.029712014,0.061053034
2459,0.61235434,0.21803668,0.2925026,0.20963599,0.31985173,0.008400694
2460,0.36136964,0.17639531,0.16856587,0.11402061,0.19280377,0.062374704
2461,0.6745645,0.23179047,0.28344926,0.20583935,0.39111522,0.025951117
2462,0.667157,0.19245851,0.32389462,0.22432747,0.34326237,-0.031868964
2463,0.17299084,0.21774547,0.17328413,0.10071046,-0.00029328465,0.11703501
2464,0.6964043,0.23477691,0.40063766,0.2446557,0.29576662,-0.009878784
2465,0.3464235,0.19754152,0.23363075,0.16578421,0.11279276,0.03175731
2466,0.5387141,0.13945465,0.2503997,0.1565693,0.2883144,-0.017114654
2467,0.1367634,0.13967042,0.02302875,0.017891059,0.11373465,0.12177936
2468,0.67053723,0.2603194,0.3684681,0.26637578,0.30206913,-0.0060563684
2469,0.13205875,0.05192707,0.03958703,0.030881176,0.092471726,0.021045895
2470,-0.007345099,0.030813767,0.023046343,0.019559326,-0.030391442,0.011254441
2471,0.67974085,0.30429858,0.34006554,0.22873469,0.3396753,0.07556389
2472,0.12661426,0.029192984,0.030205034,0.020255964,0.096409224,0.00893702
2473,0.13907476,0.0632378,0.036451947,0.03059106,0.10262281,0.03264674
2474,0.3601284,0.12578559,0.14373037,0.10044129,0.21639803,0.025344297
2475,0.1694285,0.035598826,0.060940165,0.0444355,0.108488336,-0.008836675
2476,0.802937,0.27558932,0.41464123,0.27884173,0.38829574,-0.0032524168
2477,0.022023283,0.020778075,0.015865754,0.011495309,0.0061575286,0.009282766
2478,0.72905844,0.13563535,0.18897137,0.13575801,0.5400871,-0.00012266636
2479,0.10377941,0.096991345,0.04401646,0.032647595,0.05976295,0.06434375
2480,0.5678042,0.20356259,0.2641494,0.18028402,0.30365482,0.023278564
2481,0.6179492,0.23659079,0.2878483,0.22060457,0.3301009,0.015986219
2482,0.69616854,0.17510626,0.25520304,0.17232417,0.4409655,0.0027820915
2483,0.91978276,0.23742971,0.36834952,0.24021797,0.5514332,-0.0027882606
2484,1.2066333,0.5147422,0.6400948,0.46600065,0.5665385,0.04874155
2485,0.12533084,0.019205693,0.05335201,0.03154159,0.07197882,-0.0123358965
2486,0.0033896079,0.104012944,0.0076136603,0.0011231963,-0.0042240527,0.10288975
2487,0.29230222,0.14382905,0.111874335,0.07988529,0.18042788,0.06394376
2488,0.07169584,0.051714536,0.044667665,0.032632038,0.027028177,0.019082498
2489,0.23286194,0.06394953,0.08444491,0.053805813,0.14841703,0.01014372
2490,0.28247634,0.067008406,0.05121337,0.036068153,0.23126297,0.030940253
2491,0.78811425,0.33049193,0.4302866,0.29375613,0.35782766,0.036735803
2492,0.6639443,0.21375805,0.27752826,0.22104397,0.38641605,-0.0072859228
2493,0.5666857,0.25898486,0.33450544,0.23407045,0.23218024,0.024914414
2494,0.7293863,0.14077193,0.20096086,0.14121607,0.52842546,-0.000444144
2495,0.906116,0.15240225,0.24633911,0.16759036,0.6597769,-0.015188113
2496,0.065654695,0.024479989,0.01232011,0.011668401,0.053334586,0.012811588
2497,0.08704002,0.0690729,0.12031303,0.078114405,-0.03327301,-0.009041503
2498,0.20019278,0.08408329,0.11551321,0.08330015,0.08467957,0.000783138
2499,0.46692207,0.12888272,0.2167736,0.14776306,0.25014848,-0.018880337
2500,1.205414,0.2318592,0.3336243,0.2367085,0.87178975,-0.0048493
2501,0.8154058,0.25382733,0.3536214,0.2400132,0.4617844,0.013814136
2502,1.0172404,0.36901245,0.5465693,0.39226243,0.47067112,-0.023249984
2503,0.78543484,0.19047849,0.25825477,0.18577431,0.5271801,0.0047041774
2504,0.64862496,0.31165868,0.38514578,0.2772711,0.26347917,0.03438759
2505,1.0866007,0.36415452,0.44280857,0.32009047,0.6437921,0.044064045
2506,1.0735139,0.31464863,0.38044956,0.27753717,0.69306433,0.03711146
2507,0.4261997,0.1404696,0.22711863,0.15370332,0.19908108,-0.013233721
2508,0.055459764,0.049844164,0.068599574,0.04426077,-0.01313981,0.0055833943
2509,0.547589,0.3065385,0.37312248,0.2603664,0.17446652,0.046172082
2510,0.22716469,0.08896644,0.15464191,0.10364925,0.072522774,-0.0146828145
2511,0.55096835,0.20946327,0.24309888,0.17557344,0.30786946,0.03388983
2512,0.24030858,0.10982717,0.13786286,0.08234252,0.10244572,0.027484648
2513,0.7664214,0.29226995,0.41073897,0.27763757,0.3556824,0.014632374
2514,-0.008703217,-0.024102692,0.030167006,0.018523294,-0.038870223,-0.042625986
2515,0.049432762,-0.039459076,0.020469546,0.011669593,0.028963216,-0.05112867
2516,0.69250005,0.3211963,0.44304043,0.3131108,0.24945962,0.008085489
2517,0.7897182,0.24574806,0.2621659,0.19291691,0.5275523,0.052831143
2518,0.20840943,0.08381832,0.08583073,0.057459343,0.122578695,0.026358973
2519,0.29367298,0.18787609,0.17678526,0.11694465,0.11688772,0.07093144
2520,0.38305238,0.24228904,0.22161694,0.15463889,0.16143544,0.08765015
2521,0.85286504,0.32681993,0.3852544,0.26509625,0.46761063,0.06172368
2522,1.0643512,0.4380937,0.60159326,0.42917207,0.46275795,0.008921623
2523,0.07049995,0.042769596,0.033106707,0.028052814,0.037393242,0.014716782
2524,0.09647265,0.07512286,0.10841779,0.075721815,-0.011945136,-0.0005989522
2525,0.5818692,0.1990004,0.28269655,0.1941377,0.29917264,0.004862696
2526,1.0084765,0.2516124,0.3729653,0.2635808,0.63551116,-0.011968404
2527,0.3363108,0.14343306,0.18071441,0.1358999,0.15559639,0.007533163
2528,0.33860248,0.0657452,0.12041361,0.070403956,0.21818888,-0.0046587586
2529,0.95567745,0.23966758,0.32313102,0.22988372,0.6325464,0.009783864
2530,-0.008841506,0.17806889,0.12432694,0.08247462,-0.13316844,0.09559427
2531,0.80267626,0.38742363,0.5008601,0.34714454,0.30181617,0.04027909
2532,0.6585435,0.21309376,0.29271334,0.21826832,0.36583018,-0.0051745623
2533,0.49889165,0.19776833,0.27798724,0.18356602,0.22090441,0.014202312
2534,0.22068812,0.14161979,0.08433996,0.05430344,0.13634816,0.08731635
2535,0.06597811,0.12411884,0.039576024,0.017117647,0.026402086,0.10700119
2536,0.8472163,0.32685366,0.49795255,0.33108166,0.34926376,-0.004227996
2537,0.73174095,0.20700027,0.3307089,0.2154223,0.40103206,-0.008422032
2538,1.0369773,0.2901338,0.41712743,0.2883104,0.61984986,0.0018233955
2539,0.4905925,0.14961891,0.17723969,0.12372229,0.31335282,0.025896616
2540,0.11730446,0.05345921,0.06039611,0.045956112,0.05690835,0.007503096
2541,0.0028460391,-0.035463244,0.02292912,0.010041542,-0.020083081,-0.045504786
2542,0.5295109,0.12441604,0.19943184,0.13071026,0.33007908,-0.0062942207
2543,0.2741465,0.094753996,0.16429724,0.10094047,0.10984926,-0.006186478
2544,0.040107235,-0.006669834,0.040438294,0.029238136,-0.0003310591,-0.03590797
2545,0.060648035,0.013770603,0.0740236,0.054832544,-0.013375562,-0.04106194
2546,0.2911248,0.21680138,0.20036444,0.1287994,0.09076035,0.08800198
2547,0.77323484,0.19757183,0.34319347,0.20775072,0.43004137,-0.010178894
2548,0.41989052,0.0737917,0.11286831,0.08435788,0.3070222,-0.010566182
2549,0.18630835,0.13034867,0.123533,0.09534687,0.06277535,0.0350018
2550,0.29398552,0.07328163,0.0699675,0.05058597,0.22401801,0.02269566
2551,1.1473528,0.35550153,0.46058765,0.30849385,0.6867652,0.04700768
2552,0.48783752,0.12270413,0.14566107,0.11650003,0.34217644,0.006204106
2553,0.7687152,0.19735558,0.22464855,0.16420814,0.54406667,0.03314744
2554,0.13514708,0.007482911,0.04786023,0.032945048,0.087286845,-0.025462138
2555,0.6830294,0.21971479,0.28167197,0.2066042,0.40135744,0.013110593
2556,0.15751724,0.06239305,0.07880542,0.0578019,0.07871182,0.004591152
2557,0.7693725,0.27021176,0.37411353,0.2610114,0.395259,0.009200364
2558,0.788528,0.20834814,0.23072647,0.16825105,0.55780154,0.040097088
2559,0.3494878,0.13649014,0.15820876,0.11723902,0.19127905,0.019251116
