feature_idx,seq_effect_obs,struct_effect_obs,seq_effect_shuffle,struct_effect_shuffle,seq_delta,struct_delta
0,2.1783042,1.0396966,1.7637033,1.0971534,0.41460085,-0.05745685
1,0.08094981,-0.010676657,0.08032018,0.04793601,0.00062963367,-0.058612667
2,0.1749296,0.30072308,0.1610603,0.10879134,0.0138693005,0.19193174
3,4.8584538,3.6032927,4.6797585,3.3089592,0.1786952,0.29433346
4,0.0083516175,-0.06566234,0.014390369,0.00898408,-0.0060387515,-0.07464642
5,0.11807436,0.096969,0.11208441,0.083238825,0.0059899464,0.013730176
6,0.22140563,0.17489237,0.20906143,0.14816602,0.012344196,0.02672635
7,1.9962251,1.391447,1.8727562,1.3898662,0.123468876,0.0015807152
8,1.8095831,1.2386941,1.513624,1.2153698,0.29595912,0.023324251
9,0.28982615,0.21630116,0.28834766,0.18327606,0.0014784932,0.0330251
10,0.9269944,0.6384181,0.83034104,0.59867513,0.09665334,0.039742947
11,2.3320692,1.4376942,2.0261633,1.4025848,0.30590582,0.0351094
12,0.13653769,0.10910786,0.13711324,0.100049995,-0.00057555735,0.009057865
13,2.172196,1.3116337,1.6659069,1.245981,0.506289,0.06565273
14,0.03139807,-0.009395776,0.044971354,0.03243719,-0.013573285,-0.04183297
15,3.155024,2.3565688,2.653864,2.0102568,0.50116014,0.34631205
16,0.11658839,0.035063975,0.10591392,0.055850793,0.010674469,-0.020786818
17,-0.017007338,0.022336168,0.021801513,0.01945104,-0.038808852,0.0028851274
18,0.62540525,0.44906062,0.6055144,0.45552987,0.019890845,-0.0064692497
19,0.05833114,0.067894,0.062478296,0.044046517,-0.004147157,0.02384748
20,0.07700191,0.046590224,0.08699238,0.06345527,-0.009990476,-0.016865045
21,-0.0069107073,-0.041751042,0.006110447,0.006528274,-0.013021154,-0.048279315
22,0.07086057,0.086668916,0.057038106,0.038509917,0.013822466,0.048159
23,0.13974918,0.10087766,0.12508342,0.09543875,0.014665768,0.005438909
24,1.4846077,1.1347882,1.4130183,0.97677404,0.07158935,0.15801412
25,0.114415705,0.057029113,0.09908093,0.065878764,0.0153347775,-0.008849651
26,0.050829865,0.008015236,0.059060812,0.040052094,-0.008230947,-0.032036856
27,5.3643174,4.721117,3.9606514,2.5335958,1.403666,2.1875212
28,2.093853,1.4807857,1.3553438,1.0416127,0.7385092,0.43917298
29,2.1719675,1.459781,1.8068726,1.3375891,0.3650949,0.122191906
30,-0.03606364,0.1272802,0.015123954,0.010961105,-0.051187597,0.1163191
31,0.054219343,0.022281863,0.037994374,0.03051447,0.01622497,-0.008232607
32,2.517029,1.7079831,2.3521676,1.7403622,0.16486144,-0.03237903
33,-0.013215911,0.111437075,0.011502114,0.0064909942,-0.024718024,0.10494608
34,2.0569506,1.0548047,1.5398748,1.0862018,0.5170758,-0.031397104
35,1.4427382,1.0050133,1.4173893,0.9757841,0.025348902,0.029229224
36,2.5054314,2.0134852,2.346219,1.953376,0.15921235,0.06010914
37,0.066062324,0.1086346,0.055422414,0.056216188,0.01063991,0.05241841
38,0.10648383,0.096755065,0.10522203,0.071264766,0.0012618005,0.025490299
39,0.05073195,0.03801121,0.039260786,0.02836138,0.0114711635,0.009649828
40,0.036134433,-0.0055271666,0.036926944,0.03164414,-0.0007925108,-0.037171304
41,1.2097166,0.84039575,1.1113847,0.783517,0.09833181,0.056878746
42,-0.027352797,-0.04990284,-0.006578408,-0.005723956,-0.020774389,-0.044178884
43,0.0522426,0.030812722,0.065625064,0.051011525,-0.013382465,-0.020198803
44,-0.0316009,0.122697,0.008043715,0.004763219,-0.039644614,0.11793379
45,4.401826,0.507142,1.3606217,0.96802217,3.0412042,-0.46088016
46,0.06523072,0.09185247,0.06735448,0.039375268,-0.0021237582,0.052477203
47,0.01676312,0.08996027,0.01327495,0.014964512,0.003488171,0.074995756
48,1.9105188,1.0612684,1.6471657,1.0423576,0.2633531,0.018910885
49,0.035891242,0.111594915,0.048411332,0.033186782,-0.01252009,0.07840814
50,1.791673,1.2690154,1.6048073,1.2226913,0.18686569,0.046324134
51,2.6944928,2.027868,2.6334922,2.0006423,0.061000586,0.027225733
52,0.031046467,0.013784391,0.025384363,0.014143625,0.005662104,-0.0003592344
53,0.024820369,0.0066977767,0.0289298,0.024667826,-0.004109431,-0.017970048
54,1.5914931,1.1481957,1.4388037,1.0164135,0.15268946,0.1317823
55,1.4547763,1.2105056,1.384732,1.0791553,0.07004428,0.13135028
56,0.049810857,0.010394493,0.056348395,0.03744764,-0.006537538,-0.027053146
57,0.06759176,0.055275895,0.060126953,0.044166528,0.0074648038,0.011109367
58,-0.027865326,0.11906519,0.01062808,0.0060130777,-0.038493406,0.11305211
59,1.6342348,1.2342342,1.6076336,1.2054099,0.026601195,0.02882433
60,0.10947585,0.08861766,0.10229276,0.07808348,0.00718309,0.010534182
61,1.5047178,1.0409752,1.3965188,1.0239093,0.108199,0.017065883
62,0.0042614187,0.038702056,0.015480647,0.016770732,-0.011219228,0.021931324
63,0.93339443,0.5778853,0.68283343,0.51233304,0.250561,0.065552294
64,1.2093154,0.68196476,0.9887522,0.69131964,0.22056323,-0.009354889
65,1.821302,1.1970471,1.5512096,1.1570575,0.2700925,0.03998959
66,0.10858848,0.08971789,0.10738337,0.07540788,0.0012051091,0.01431001
67,0.04835856,0.030588036,0.028281096,0.024129445,0.020077463,0.0064585917
68,0.0902533,0.08242983,0.08728297,0.059573412,0.0029703304,0.022856422
69,0.026453387,0.05312121,0.019709378,0.014456481,0.0067440085,0.03866473
70,0.08312487,0.04820306,0.064310476,0.04239372,0.018814392,0.005809337
71,1.3543856,0.9431815,1.2921537,0.88087785,0.0622319,0.062303662
72,1.0220461,0.68089205,0.94408625,0.66779983,0.077959836,0.01309222
73,1.1495419,0.8263417,1.0385494,0.8123339,0.11099243,0.014007807
74,0.6000337,0.4844685,0.573043,0.41614637,0.026990712,0.06832212
75,0.0043709828,0.14692831,0.01520714,0.012010381,-0.010836157,0.13491793
76,1.6757443,1.0689687,1.5440582,1.0395676,0.13168609,0.029401064
77,1.3402672,0.9611889,1.2404977,0.87287205,0.09976947,0.08831686
78,1.7966566,1.2724379,1.6435875,1.2368767,0.15306914,0.035561204
79,0.047446504,-0.0053765844,0.0473957,0.030434947,5.080551e-05,-0.035811532
80,1.2300127,0.85274005,1.1737897,0.82993335,0.056222916,0.022806704
81,0.12133945,0.11039625,0.11562298,0.08364768,0.0057164654,0.026748568
82,0.022266338,0.050379004,0.01730999,0.013462407,0.004956348,0.0369166
83,0.2271109,0.14744706,0.21448532,0.15826611,0.01262559,-0.010819048
84,0.07386754,0.09194669,0.07186025,0.059621356,0.0020072907,0.032325335
85,0.025645008,-0.07317216,0.023845514,0.013462486,0.001799494,-0.08663464
86,1.3332855,0.9470146,1.1408217,0.7680774,0.19246376,0.1789372
87,1.8491731,1.1272713,1.6733024,1.1306546,0.17587066,-0.0033832788
88,0.012321257,0.22759262,0.038471535,0.025962899,-0.026150279,0.20162971
89,1.6470312,1.23721,1.5237669,1.0915596,0.12326431,0.14565039
90,0.0464506,0.06000093,0.02748618,0.026755273,0.01896442,0.033245657
91,0.04864037,0.01847468,0.05485009,0.03455124,-0.00620972,-0.016076561
92,2.0791917,1.2113051,1.9515072,1.2293613,0.12768447,-0.018056154
93,4.2666373,1.6705829,3.4387841,2.338139,0.8278532,-0.66755617
94,1.4047136,1.0285032,1.3358383,0.9415539,0.06887531,0.08694929
95,0.08122031,0.044913936,0.061741788,0.04181347,0.019478519,0.003100466
96,0.04286509,0.08055309,0.02494422,0.021332499,0.01792087,0.059220593
97,0.063711174,0.029568182,0.06210975,0.038041905,0.0016014241,-0.008473722
98,0.023913005,-0.029825687,0.023668936,0.01838551,0.00024406984,-0.0482112
99,0.044688225,0.0048397863,0.04315602,0.028899241,0.0015322044,-0.024059456
100,0.04057873,-0.023296809,0.04297544,0.030226454,-0.0023967102,-0.053523265
101,2.52464,1.7520801,1.7293247,1.265482,0.7953154,0.48659813
102,1.9968393,1.5151554,1.8761995,1.3405977,0.1206398,0.17455769
103,0.06657987,0.05079762,0.04307174,0.03253795,0.023508132,0.01825967
104,0.06202213,0.07080296,0.059757642,0.048700087,0.0022644885,0.02210287
105,1.8913479,1.4811122,1.8303684,1.3853873,0.060979486,0.09572494
106,3.1512551,1.630848,1.8139982,1.2942712,1.3372569,0.33657682
107,0.029156934,-0.0067609865,0.03860374,0.026087891,-0.009446807,-0.03284888
108,0.0850476,0.0762001,0.08122204,0.05439973,0.0038255602,0.021800369
109,1.5869092,1.0894161,1.518027,1.1155802,0.06888223,-0.026164055
110,0.060859952,0.08957648,0.043794326,0.037669294,0.017065626,0.05190719
111,0.047046937,0.029832454,0.028835103,0.023454968,0.018211834,0.0063774865
112,0.10997156,0.092668444,0.1021945,0.07806276,0.0077770576,0.014605686
113,0.044524964,0.029183226,0.03669382,0.030568957,0.007831145,-0.0013857316
114,2.0245156,1.3881086,1.9606793,1.4813061,0.063836336,-0.093197465
115,3.566639,2.3182862,3.2803483,2.2470734,0.28629065,0.07121277
116,0.020850299,-0.01522655,0.02593027,0.014916089,-0.0050799716,-0.030142639
117,0.024289621,0.067942075,0.0064290343,0.008361758,0.017860588,0.05958032
118,0.08226247,0.04712907,0.06240179,0.046034332,0.019860681,0.0010947362
119,0.14866008,0.10300541,0.14419611,0.0924403,0.0044639707,0.01056511
120,0.00962282,0.015424752,0.023248818,0.022099003,-0.013625998,-0.0066742515
121,0.02014753,0.041517857,0.020072047,0.014139237,7.5483695e-05,0.02737862
122,0.029135715,0.08731441,0.038118146,0.02901429,-0.008982431,0.058300123
123,0.96047676,0.58381903,0.8737152,0.5638367,0.086761534,0.019982338
124,0.028666895,0.0029884782,0.030947398,0.019800225,-0.0022805035,-0.016811747
125,0.07733215,0.053873915,0.0805411,0.052066125,-0.0032089502,0.0018077902
126,0.014502632,0.1295642,0.021486703,0.017153412,-0.006984071,0.112410784
127,0.97073215,0.60817236,0.8417407,0.6099976,0.12899143,-0.0018252134
128,0.01676373,0.0132194115,0.026729489,0.024431046,-0.009965759,-0.011211635
129,1.053516,0.71853626,1.0197773,0.726423,0.033738732,-0.007886767
130,0.024430374,0.0071356995,0.017397616,0.017308528,0.0070327576,-0.010172828
131,0.053847827,0.03674972,0.04405301,0.032391153,0.009794816,0.0043585673
132,-0.0030662997,-0.0159232,0.024873104,0.014686217,-0.027939403,-0.030609418
133,0.01591068,-0.024989614,0.023314495,0.020015312,-0.007403815,-0.045004927
134,0.21023685,0.18706307,0.2020187,0.16196953,0.008218154,0.02509354
135,0.044693485,0.13935106,0.040811248,0.036309272,0.0038822368,0.10304178
136,0.03181989,-0.0021992587,0.028289586,0.021421652,0.0035303049,-0.023620911
137,1.2569315,0.9118417,1.2146237,0.8453418,0.042307854,0.06649989
138,-0.023065543,0.11597705,0.012293705,0.0075649815,-0.03535925,0.108412065
139,0.02374432,0.01626855,0.024407376,0.01661069,-0.0006630551,-0.00034213997
140,2.4653363,1.0577333,1.4769089,1.0154034,0.9884274,0.042329907
141,0.058943294,0.07096691,0.05176084,0.04124683,0.007182453,0.029720075
142,0.1889926,0.18075532,0.18613258,0.14311358,0.0028600246,0.037641734
143,2.358497,0.990803,1.7774754,1.0357311,0.58102155,-0.044928074
144,0.104448035,0.08992413,0.08317236,0.06532763,0.021275677,0.024596497
145,0.046825193,0.07811152,0.040172007,0.03563688,0.006653186,0.042474642
146,0.1262972,0.107137926,0.12993751,0.09340219,-0.003640309,0.013735734
147,3.0544841,2.012039,2.4128232,1.6340405,0.6416609,0.37799847
148,0.09269156,0.02721033,0.088938914,0.06365686,0.0037526488,-0.036446527
149,2.8335693,1.3427532,2.0584586,1.2811658,0.7751107,0.061587334
150,0.059383478,-0.003374646,0.061314978,0.032050084,-0.0019314997,-0.03542473
151,2.6959395,1.6525805,2.359112,1.7314072,0.33682752,-0.078826666
152,0.06621461,0.10811093,0.075844824,0.053579163,-0.009630211,0.054531764
153,1.7817346,1.0801907,1.6696199,1.1263974,0.11211467,-0.046206713
154,1.2754982,0.95991385,1.2297251,0.9321216,0.04577303,0.027792275
155,0.06755232,0.12743653,0.07982378,0.061218597,-0.012271456,0.06621794
156,0.009116118,0.017410306,0.016190113,0.020673525,-0.0070739957,-0.0032632183
157,0.043715842,0.023116136,0.038935743,0.023358023,0.004780099,-0.00024188682
158,0.30169705,0.3240609,0.2666213,0.17399897,0.035075754,0.15006192
159,0.17426185,0.1607506,0.17671883,0.13869461,-0.002456978,0.022055984
160,-0.023610588,0.13800423,0.017101672,0.013352573,-0.04071226,0.124651656
161,0.21336365,0.1976815,0.19527754,0.13443859,0.018086106,0.06324291
162,0.22923952,0.3802669,0.20133758,0.14275578,0.027901947,0.23751113
163,0.08344066,0.16734149,0.10596919,0.07491088,-0.02252853,0.09243061
164,0.041531466,0.004102269,0.036857568,0.023658633,0.004673898,-0.019556364
165,1.961061,1.3672833,1.8668697,1.3870747,0.09419131,-0.019791365
166,2.2921848,1.1583158,2.0292897,1.2608355,0.2628951,-0.10251975
167,0.045974176,0.014727358,0.0489918,0.028181965,-0.003017623,-0.013454607
168,0.052700795,0.051086504,0.049982578,0.036442567,0.0027182177,0.014643937
169,0.04436452,0.02500687,0.057617296,0.04134354,-0.013252776,-0.01633667
170,2.1974783,1.3327928,1.677489,1.2474927,0.51998925,0.08530009
171,0.23495878,0.20681676,0.23448852,0.16782124,0.00047026575,0.03899552
172,0.09357579,0.13497664,0.09881667,0.07793358,-0.00524088,0.05704306
173,2.5622983,1.2145603,1.7236185,1.1401657,0.8386798,0.07439458
174,0.22440572,0.15716414,0.20263028,0.14653559,0.02177544,0.010628551
175,0.009816735,0.0460919,0.01696891,0.00926505,-0.0071521746,0.03682685
176,0.09524273,0.019277234,0.091065794,0.0510005,0.004176937,-0.031723265
177,0.035016343,0.023794541,0.022468451,0.019348087,0.012547892,0.0044464543
178,1.901538,1.1723918,1.599851,1.177294,0.301687,-0.0049022436
179,2.7696466,1.1200686,1.0384061,0.75178534,1.7312405,0.3682832
180,0.08671113,0.050776776,0.06612233,0.044596255,0.0205888,0.006180521
181,0.08625481,0.13354784,0.09637196,0.06329975,-0.010117151,0.07024809
182,0.15907678,0.14796071,0.15351461,0.10225376,0.0055621713,0.04570695
183,0.0098230755,0.11184121,0.011069922,0.008750934,-0.0012468463,0.10309027
184,0.020932872,0.0406593,0.021185437,0.016408864,-0.00025256537,0.024250437
185,0.07903401,0.022067213,0.07604343,0.045442272,0.002990581,-0.023375059
186,0.010753668,-0.053922735,0.018744608,0.011567923,-0.0079909405,-0.065490656
187,0.051804125,0.033853866,0.03863186,0.029146498,0.013172265,0.004707368
188,0.033326242,0.073364295,0.022623982,0.025468236,0.01070226,0.047896057
189,2.3369443,0.8193881,1.1719193,0.8075824,1.165025,0.011805713
190,0.057398047,0.043699246,0.04581219,0.037228066,0.011585858,0.0064711794
191,0.020562824,0.086218104,0.024679538,0.017285122,-0.004116714,0.06893298
192,0.061047193,0.04964706,0.053337414,0.036098674,0.007709779,0.013548385
193,0.4461455,0.38993505,0.41870338,0.30662948,0.027442127,0.08330557
194,0.048356578,0.06341165,0.034661546,0.032415133,0.013695031,0.03099652
195,0.02830221,-0.021092104,0.032416668,0.024518695,-0.0041144583,-0.0456108
196,0.040948063,0.07515858,0.04012533,0.034438495,0.0008227341,0.040720087
197,0.094635926,0.03079741,0.09276931,0.06500496,0.0018666163,-0.03420755
198,0.024957195,-0.044667173,0.016933044,0.006910323,0.0080241505,-0.051577497
199,1.8906565,1.4719324,1.8262825,1.4344661,0.06437397,0.037466288
200,0.13513613,0.108998835,0.13612488,0.09999939,-0.0009887516,0.008999445
201,1.222455,0.81353307,1.124388,0.75313485,0.098067045,0.06039822
202,3.3913627,1.718702,2.7365508,1.8701923,0.65481186,-0.15149033
203,2.3511362,1.4943925,2.075274,1.3975891,0.27586222,0.09680343
204,1.1503481,0.8523273,1.0447829,0.7838906,0.10556519,0.06843668
205,2.0386705,1.3136672,1.8563763,1.328315,0.18229425,-0.014647841
206,-0.031442497,0.12260991,0.007308523,0.0030592843,-0.03875102,0.11955063
207,0.05218404,0.016948575,0.029566795,0.024056721,0.022617247,-0.0071081463
208,0.027475135,0.04796732,0.027793437,0.02477907,-0.00031830184,0.023188248
209,0.069706656,0.054095473,0.0480407,0.038882565,0.021665957,0.015212908
210,2.2896297,1.3965282,2.190942,1.422348,0.09868765,-0.025819778
211,0.053785004,0.081287794,0.057903808,0.03980752,-0.004118804,0.041480273
212,1.4905307,1.0281817,1.3870939,0.929463,0.10343683,0.09871864
213,0.090977825,0.10439593,0.09103894,0.06468408,-6.111711e-05,0.039711855
214,1.1155488,0.9874589,1.0386074,0.8223141,0.07694149,0.1651448
215,0.06859909,0.043118056,0.0439247,0.032012492,0.02467439,0.0111055635
216,1.245077,0.7097325,1.1442401,0.7529209,0.10083687,-0.043188453
217,0.10902634,0.14759605,0.116569005,0.08336087,-0.0075426623,0.06423517
218,0.048045423,0.023644757,0.045535848,0.029851615,0.0025095753,-0.006206859
219,0.08033145,0.08338502,0.076347545,0.05669728,0.0039839074,0.026687741
220,0.034204796,0.014113407,0.020965174,0.019247068,0.013239622,-0.0051336614
221,0.18742874,0.32443035,0.17093557,0.11285458,0.016493171,0.21157578
222,-0.02231103,0.11282986,0.009458308,0.0046033524,-0.03176934,0.10822651
223,0.0541482,0.062220365,0.033201296,0.03108387,0.020946905,0.031136494
224,0.09423854,0.09538493,0.09405494,0.07196407,0.00018360466,0.023420863
225,1.5476393,0.98995835,1.378292,0.9828044,0.16934729,0.0071539283
226,0.0477185,0.047662817,0.042269982,0.031993214,0.0054485165,0.015669603
227,0.039336797,0.030776864,0.01644962,0.017002176,0.022887178,0.013774687
228,0.06853555,0.093232915,0.046923183,0.035463266,0.021612369,0.05776965
229,0.082633674,0.056745157,0.07066764,0.054605056,0.011966035,0.002140101
230,0.050226714,0.033497736,0.042956788,0.038728997,0.0072699264,-0.0052312613
231,1.7188588,1.0919888,1.6335003,1.0641344,0.0853585,0.027854443
232,1.5499091,1.5289453,1.3627074,1.0103319,0.18720174,0.51861346
233,0.2591024,0.18254347,0.25701398,0.20340574,0.0020884275,-0.020862266
234,0.014011412,0.2196901,0.04725405,0.03694235,-0.033242635,0.18274775
235,0.014248042,-0.017794687,0.02714293,0.021482112,-0.012894888,-0.0392768
236,0.0158929,0.030430274,0.014998065,0.0132735595,0.0008948352,0.017156715
237,1.1644357,0.70011073,1.0640794,0.7551273,0.10035634,-0.055016577
238,2.1768465,0.70359826,1.84319,1.2237884,0.33365655,-0.5201901
239,-0.0029455738,0.003172663,0.020852018,0.017086796,-0.023797592,-0.013914133
240,1.4508475,0.99918115,1.3602667,0.96589357,0.09058082,0.033287585
241,0.055033103,0.05462829,0.03639856,0.02803201,0.018634543,0.02659628
242,0.03229739,0.008673988,0.022148091,0.01839746,0.0101493,-0.0097234715
243,0.14163174,0.13109924,0.14274974,0.11486024,-0.0011180043,0.016239002
244,-0.04406651,0.14682746,0.010619467,0.00495236,-0.05468598,0.1418751
245,0.038113225,0.06623263,0.0345575,0.028755715,0.0035557263,0.037476912
246,2.1346614,1.5713159,1.938587,1.4898472,0.19607449,0.0814687
247,0.032546166,-0.01019426,0.04146116,0.027543265,-0.008914992,-0.037737526
248,0.07866181,0.10006895,0.06367284,0.04120633,0.014988966,0.05886262
249,0.010116615,-0.0010664668,0.026399389,0.021401197,-0.016282775,-0.022467664
250,0.004826403,0.14308505,0.0154080065,0.012147337,-0.010581603,0.13093771
251,0.035085164,0.020947022,0.04730157,0.037153427,-0.012216408,-0.016206404
252,0.16578904,0.13487391,0.15063325,0.093736544,0.015155792,0.041137367
253,1.8641994,1.031143,1.4756528,0.95869446,0.3885466,0.07244849
254,0.0859317,0.16463977,0.082518056,0.049600594,0.0034136474,0.11503918
255,0.07282895,0.07195351,0.06932895,0.051411696,0.0034999996,0.020541817
256,1.8993461,1.2881565,1.743056,1.3466032,0.15629005,-0.058446646
257,0.13918793,0.058876924,0.12963024,0.078758374,0.009557694,-0.01988145
258,0.07272398,0.08569923,0.06642894,0.052969683,0.0062950402,0.032729547
259,0.010077782,0.042511314,0.018789414,0.01776641,-0.008711632,0.024744904
260,0.05840482,0.08645484,0.035890162,0.02744865,0.022514656,0.059006188
261,0.015244511,-0.022181055,0.03307133,0.02460633,-0.017826822,-0.046787385
262,0.11595291,0.08772974,0.091240235,0.065598026,0.024712674,0.022131711
263,0.059039168,0.06943913,0.037202455,0.035079353,0.021836713,0.034359775
264,0.033590518,-0.0064928657,0.046054978,0.03520871,-0.01246446,-0.041701574
265,1.6548856,1.2229807,1.552518,1.1639394,0.10236764,0.05904138
266,0.18361092,0.08793793,0.14018293,0.092109285,0.04342799,-0.0041713566
267,3.16423,1.8672823,2.502264,1.7075176,0.6619661,0.15976465
268,1.1659049,0.81844103,1.1342264,0.847791,0.03167844,-0.029349983
269,1.2978708,0.87213904,1.1988804,0.85231,0.09899032,0.019829035
270,0.036000073,-0.015670016,0.054386366,0.03664843,-0.018386293,-0.052318446
271,2.0669065,1.659793,1.1290611,1.1341667,0.93784535,0.5256263
272,-0.030402038,0.11690138,0.008891493,0.0046754456,-0.03929353,0.112225935
273,0.18151566,0.1355205,0.17540915,0.11805849,0.0061065108,0.017462015
274,2.5099218,1.8914193,2.3350177,1.8722956,0.17490411,0.019123673
275,0.55813426,0.37288713,0.53581345,0.36740816,0.022320807,0.005478978
276,0.012811088,0.0037401542,0.027337337,0.01946935,-0.014526249,-0.015729196
277,1.0469927,0.7615217,0.9773072,0.7203409,0.06968546,0.04118079
278,0.07644031,0.1529046,0.09628707,0.07044045,-0.01984676,0.08246415
279,0.060689654,0.1632985,0.06780683,0.05026167,-0.0071171783,0.11303683
280,3.1144068,1.5736654,1.9461368,1.3912407,1.16827,0.18242466
281,0.023848884,0.043007817,0.018571297,0.0146653,0.005277587,0.028342517
282,-0.011322073,0.17075159,0.037620485,0.021095451,-0.04894256,0.14965613
283,1.7813369,1.2403299,1.7011007,1.2333921,0.0802362,0.0069377422
284,1.4871325,0.81425446,1.1712058,0.87272704,0.3159268,-0.058472574
285,0.0076020584,0.115008906,0.037252486,0.024290316,-0.029650427,0.09071859
286,0.09518054,0.026509158,0.101447836,0.072976515,-0.0062672943,-0.046467356
287,0.067201644,0.083832,0.06163721,0.041677237,0.0055644326,0.042154767
288,0.00023127833,-0.061558526,0.02320142,0.015911814,-0.022970142,-0.07747034
289,1.5661011,1.1384159,1.4421333,1.0763477,0.12396777,0.062068224
290,-0.02863337,0.12023359,0.011291742,0.0050091846,-0.039925113,0.115224406
291,0.03588115,0.031701803,0.048802517,0.04147185,-0.012921367,-0.009770047
292,0.04303062,0.07057442,0.047739826,0.033180133,-0.0047092065,0.037394285
293,0.043827124,0.0761461,0.04849252,0.03781783,-0.004665397,0.038328275
294,0.11190807,0.07976759,0.092507854,0.07686393,0.019400217,0.0029036626
295,6.7293954,4.303677,5.942384,4.8110003,0.7870116,-0.50732327
296,0.09448025,0.03336674,0.07403093,0.057988722,0.020449318,-0.024621982
297,0.06780568,-0.006857466,0.06845302,0.04412148,-0.0006473437,-0.050978947
298,0.04216865,-0.027756017,0.053610392,0.03449878,-0.011441741,-0.062254798
299,0.056529682,0.07942646,0.033864822,0.028105278,0.02266486,0.051321182
300,1.3344669,0.90204364,1.2376686,0.9134949,0.0967983,-0.011451244
301,0.065325305,0.032870937,0.05298372,0.03551079,0.012341585,-0.0026398525
302,0.07449865,0.093598165,0.071597,0.06319477,0.002901651,0.030403398
303,0.14358975,0.15876578,0.14491889,0.09404429,-0.0013291389,0.06472149
304,1.5429454,1.2082065,1.4316723,1.0885066,0.11127305,0.119699955
305,2.347865,1.2858784,1.9653962,1.2818464,0.38246894,0.004032016
306,0.028046522,0.07247115,0.037481286,0.02598096,-0.009434763,0.04649019
307,0.031458013,0.0998456,0.02721841,0.016227502,0.004239602,0.083618104
308,4.0622644,2.4409893,3.384687,2.375548,0.6775775,0.06544137
309,0.0043353806,0.006107047,0.02344722,0.016516253,-0.019111838,-0.010409206
310,0.60574687,0.38788727,0.57437485,0.37265378,0.03137201,0.015233487
311,1.5281328,0.9803399,1.4120405,0.9854515,0.116092324,-0.0051116347
312,0.118332595,0.08060352,0.10881178,0.08637273,0.009520814,-0.0057692155
313,2.1247444,1.408668,1.7217029,1.2594526,0.40304148,0.14921546
314,0.023739975,0.06919542,0.016148299,0.020789135,0.007591676,0.048406284
315,0.0078120367,-0.0005009248,0.02148449,0.019832958,-0.013672454,-0.020333882
316,3.136692,1.5447075,1.5480908,1.1318586,1.5886012,0.41284895
317,1.7892951,1.2653651,1.623297,1.2646481,0.1659981,0.0007170439
318,1.2797924,0.969399,1.2463826,0.9171629,0.033409834,0.05223608
319,0.012657103,0.083275214,0.030843396,0.018142361,-0.018186294,0.06513286
320,0.3092865,0.25370833,0.29216996,0.21655855,0.017116547,0.037149787
321,0.066123426,0.04550546,0.059444893,0.036020618,0.006678533,0.009484842
322,0.020374728,-0.03221087,0.027461639,0.013194704,-0.0070869103,-0.045405574
323,0.06367848,0.04946561,0.060657483,0.04745124,0.003020998,0.0020143725
324,1.2130767,0.90156424,1.1752831,0.8411096,0.037793636,0.060454667
325,0.07638171,0.07382147,0.07745822,0.06669532,-0.0010765046,0.0071261525
326,0.0334444,0.13854204,0.03424313,0.030741397,-0.0007987283,0.10780065
327,0.045978997,0.029921755,0.047255043,0.031304855,-0.001276046,-0.0013830997
328,0.1341397,0.10431276,0.12570839,0.09841362,0.008431315,0.005899146
329,1.0870554,0.7304923,0.99184024,0.749618,0.0952152,-0.0191257
330,0.2172089,0.19411181,0.20776403,0.16026689,0.0094448775,0.033844918
331,0.0049559628,-0.03342915,0.012887409,0.006118213,-0.007931447,-0.03954736
332,0.039891563,0.05429826,0.016132284,0.020456586,0.02375928,0.033841673
333,0.4956425,0.35036016,0.46846646,0.33942097,0.027176052,0.010939181
334,0.15518776,0.26526865,0.12467158,0.10025749,0.030516177,0.16501117
335,0.0018532914,0.012413132,0.034930814,0.028944641,-0.033077523,-0.016531508
336,1.636288,0.8105493,1.3378565,0.8834096,0.29843152,-0.0728603
337,0.008714052,-0.014440424,0.034016788,0.023917405,-0.025302736,-0.038357828
338,1.53005,0.95450115,1.4457266,1.0251796,0.084323406,-0.07067847
339,0.050660852,0.07297447,0.048217278,0.027313907,0.0024435744,0.045660567
340,0.026307745,0.06198706,0.034166638,0.024996823,-0.007858893,0.03699024
341,1.1875769,0.91859263,1.1289676,0.8536218,0.058609247,0.06497085
342,0.028756937,-0.009223746,0.04260842,0.028671628,-0.013851484,-0.037895374
343,0.026091056,0.024176262,0.025023881,0.022168804,0.0010671746,0.0020074584
344,2.2100077,1.5111339,1.8330967,1.3222755,0.37691092,0.18885839
345,2.1236513,1.6400443,2.0008116,1.5289354,0.12283969,0.1111089
346,2.3923638,1.4100993,1.9896133,1.4564289,0.4027505,-0.046329618
347,4.3548083,3.1203692,3.959763,2.682283,0.39504528,0.43808627
348,2.989193,1.9356661,2.4333892,1.8217663,0.5558038,0.11389983
349,1.1167778,0.78461623,1.0453246,0.71751124,0.07145321,0.067104995
350,0.21298444,0.15203255,0.19464447,0.13711329,0.018339977,0.014919266
351,0.01917868,0.018072957,0.033679944,0.02578229,-0.014501264,-0.0077093337
352,0.087791435,0.06380485,0.07362443,0.05417364,0.014167003,0.009631209
353,0.034688897,0.14392056,0.030034613,0.02069026,0.0046542846,0.12323029
354,0.89963055,0.6210369,0.8608038,0.615879,0.038826764,0.005157888
355,2.1303813,1.3157957,1.959894,1.2658852,0.1704874,0.049910426
356,0.01128687,0.018059408,0.008889874,0.008901551,0.0023969952,0.009157857
357,0.0774449,0.0046829446,0.07476558,0.054841973,0.0026793256,-0.05015903
358,0.066989824,0.025789447,0.044138417,0.035634637,0.022851408,-0.00984519
359,1.7510555,1.1124564,1.599144,1.0528997,0.1519115,0.059556723
360,0.28287253,0.33919752,0.2674369,0.21064226,0.015435636,0.12855525
361,0.03882109,0.06562303,0.042494506,0.031180477,-0.0036734156,0.03444255
362,0.006498288,-0.045769468,0.017674211,0.013639554,-0.011175923,-0.059409022
363,0.06970371,0.0058048987,0.07815409,0.056007244,-0.008450374,-0.050202344
364,0.0129598435,0.0016952492,0.026244765,0.025139546,-0.013284922,-0.023444297
365,0.1045679,0.029972479,0.08722833,0.048692875,0.017339572,-0.018720396
366,0.1679766,0.08019635,0.15464878,0.086883366,0.013327822,-0.0066870153
367,1.8005953,1.1004422,1.6456864,1.1430264,0.1549089,-0.04258418
368,0.13634944,0.102722175,0.11832367,0.08302583,0.01802577,0.019696347
369,1.7589179,1.2680814,1.670421,1.2701728,0.08849692,-0.0020914078
370,0.24281941,0.2313618,0.25011054,0.18433686,-0.0072911233,0.04702495
371,0.017077837,0.053226102,0.015219456,0.012987834,0.0018583816,0.04023827
372,0.12022734,0.066516995,0.11478585,0.076408565,0.005441487,-0.00989157
373,1.3372438,0.92417127,1.1922281,0.91606426,0.14501572,0.008107007
374,4.0289097,2.0071812,2.1411033,1.4753536,1.8878064,0.53182757
375,1.9029695,1.3066787,1.8574173,1.2996285,0.045552135,0.0070501566
376,2.8092384,1.8138711,2.1720784,1.5713426,0.63716006,0.24252856
377,0.2936654,0.15002914,0.27283424,0.17744336,0.020831168,-0.027414218
378,0.013674951,0.11586708,0.01459868,0.012898894,-0.00092372857,0.102968186
379,0.15023495,0.15655825,0.1405264,0.09587423,0.009708554,0.060684018
380,0.6671233,0.45531973,0.6117188,0.42668957,0.055404544,0.028630167
381,2.0720072,1.5095936,2.0208545,1.4749882,0.051152706,0.034605384
382,0.04917872,0.06964415,0.05379166,0.040296342,-0.0046129413,0.02934781
383,0.024137657,0.09417126,0.04204161,0.025195297,-0.017903954,0.06897597
384,3.022987,1.9556376,2.435798,1.8198465,0.58718896,0.13579106
385,0.025223758,-0.0038881386,0.04006329,0.040737662,-0.014839534,-0.0446258
386,0.04199425,0.13956898,0.03878116,0.03138935,0.0032130927,0.10817964
387,0.09576347,0.023586208,0.091215685,0.046318263,0.0045477822,-0.022732055
388,0.044485763,0.09140844,0.0380449,0.027289325,0.006440863,0.064119115
389,0.02142678,-0.0053332215,0.012431069,0.009544585,0.008995711,-0.014877806
390,0.42666095,0.3768992,0.41580778,0.33745122,0.010853171,0.039447993
391,1.4743315,1.0139235,1.4084717,1.0125669,0.065859795,0.0013566017
392,0.059460633,0.050498195,0.044756763,0.027732838,0.01470387,0.022765357
393,0.060113776,0.038450845,0.059390485,0.047803484,0.0007232912,-0.009352639
394,0.35865024,0.25367716,0.2927471,0.20532282,0.06590313,0.048354343
395,0.09063264,0.10104325,0.0878453,0.052735478,0.0027873367,0.04830777
396,0.2227456,0.16838919,0.21209951,0.16075322,0.01064609,0.007635966
397,0.9265748,0.65661705,0.88373756,0.66972095,0.042837262,-0.013103902
398,0.07114576,0.061232414,0.06746608,0.048306953,0.0036796778,0.012925461
399,-0.02990313,0.11718553,0.009990127,0.003157211,-0.03989326,0.11402832
400,1.614986,1.2354134,1.5163053,1.1324481,0.098680615,0.102965355
401,2.3409424,1.634942,2.255252,1.6087103,0.0856905,0.026231766
402,0.06669952,0.05555789,0.056302957,0.04445126,0.0103965625,0.011106633
403,4.430924,2.9599109,4.095649,2.8720443,0.33527517,0.087866545
404,3.1813266,2.3130693,2.4054344,1.7060077,0.77589226,0.6070616
405,1.2909405,0.92381805,1.2509351,0.8744521,0.040005445,0.049365938
406,2.3599586,1.4761615,1.8745779,1.3226023,0.48538077,0.15355921
407,0.05126078,0.013708683,0.037572145,0.027954772,0.013688635,-0.014246089
408,0.12358542,0.053463608,0.10611073,0.06850141,0.017474689,-0.015037805
409,0.027817044,0.008575389,0.03932806,0.028382584,-0.011511017,-0.019807195
410,2.916607,1.2095771,1.7337015,1.0228502,1.1829054,0.18672693
411,0.051636312,0.03744074,0.02965773,0.02273975,0.021978581,0.01470099
412,1.211692,0.90969765,1.136369,0.7783661,0.075322986,0.13133156
413,0.09187677,0.08311969,0.09274702,0.07028205,-0.00087025017,0.012837641
414,0.044976458,-0.022231003,0.033946697,0.0172611,0.011029761,-0.0394921
415,0.0015191964,-0.022671074,0.021756321,0.01603373,-0.020237125,-0.038704805
416,0.0425612,-0.009675617,0.035959978,0.023579722,0.006601222,-0.03325534
417,0.0014469945,0.07670612,0.031156342,0.028214533,-0.029709348,0.048491586
418,0.31522575,0.21004903,0.28319687,0.1841292,0.032028884,0.02591984
419,1.0470319,0.80596644,1.0003875,0.77674615,0.04664433,0.029220283
420,2.1596127,1.3405237,1.8621609,1.2121928,0.29745173,0.12833095
421,0.028578982,-0.027201582,0.02921311,0.020438233,-0.0006341282,-0.047639817
422,0.0018280805,0.07848712,0.023485342,0.02121136,-0.021657262,0.05727576
423,1.7191048,1.2283388,1.6470875,1.2013967,0.07201731,0.026942134
424,0.66818446,0.44881022,0.65134746,0.37617123,0.016837,0.07263899
425,0.072392896,0.022064969,0.048413046,0.03755848,0.02397985,-0.015493512
426,0.02328016,0.03277537,0.01799688,0.017493252,0.005283281,0.015282117
427,1.5190976,1.0903069,1.4666584,1.0929838,0.052439213,-0.0026769638
428,0.050283372,0.04465856,0.04689329,0.033159304,0.0033900812,0.011499256
429,0.044714104,0.01702713,0.03571523,0.021585088,0.008998875,-0.004557958
430,-0.024576077,0.123935744,0.010936101,0.005523936,-0.03551218,0.11841181
431,2.545871,1.9670122,2.2047555,1.7385601,0.34111547,0.22845209
432,0.058904145,0.080072425,0.054627467,0.04684944,0.004276678,0.033222985
433,1.7092775,0.8449775,1.3226159,0.8236802,0.38666165,0.021297276
434,3.3894343,2.1888711,1.8198509,1.2162273,1.5695834,0.97264385
435,0.09053626,0.039287683,0.079907775,0.061674915,0.010628484,-0.022387233
436,5.7089157,3.631373,4.0548153,2.805736,1.6541004,0.82563686
437,1.5471476,1.1656506,1.4925058,1.144254,0.054641843,0.021396637
438,0.063426375,0.066430025,0.039608996,0.038786322,0.023817379,0.027643703
439,1.3145212,0.98508793,1.2387445,0.9160593,0.075776696,0.069028616
440,0.004258447,0.1321537,0.01122128,0.009520141,-0.0069628335,0.12263356
441,0.02381502,-0.019095963,0.024423111,0.016901404,-0.0006080903,-0.03599737
442,0.03849157,-0.026174223,0.04726366,0.029719198,-0.00877209,-0.05589342
443,0.25159612,0.35175467,0.2188019,0.16174164,0.032794222,0.19001302
444,0.047622856,0.041744128,0.04144878,0.03215409,0.0061740763,0.009590037
445,2.0676992,1.5311232,1.9374621,1.4095695,0.1302371,0.12155366
446,0.016720168,0.039510194,0.02168192,0.020946803,-0.0049617514,0.018563392
447,1.3939643,0.9039807,1.2930028,0.9364971,0.10096145,-0.03251642
448,0.02983619,0.06053308,0.025865551,0.026027873,0.00397064,0.034505207
449,2.9741726,2.1726434,2.776448,1.9723002,0.19772458,0.20034325
450,1.618516,0.96234685,1.277637,0.8544766,0.34087896,0.10787028
451,0.03481994,0.06926772,0.019126382,0.013018069,0.015693557,0.056249652
452,0.009488482,-0.025575384,0.0144064445,0.007818702,-0.0049179625,-0.033394087
453,0.021951912,0.05698742,0.02231474,0.017803198,-0.00036282837,0.03918422
454,0.13505542,0.05916213,0.123493955,0.08999729,0.011561468,-0.030835163
455,0.07114111,0.040797673,0.05035611,0.033982098,0.020785,0.006815575
456,1.5380964,1.0550839,1.441681,0.9951595,0.0964154,0.059924364
457,0.97422194,0.6172437,0.78582823,0.5647878,0.18839371,0.052455902
458,1.595168,1.0670762,1.522349,1.1137363,0.072818995,-0.046660066
459,0.13973685,0.10272559,0.13531077,0.08391839,0.004426077,0.018807195
460,0.070116766,0.07035148,0.06416787,0.054249395,0.0059488937,0.016102087
461,0.08945648,0.01610427,0.10388513,0.07010116,-0.014428645,-0.053996887
462,3.5729399,1.4058262,1.7716904,1.2044713,1.8012495,0.20135486
463,2.2721965,1.3669164,1.9338493,1.2915254,0.3383472,0.075391054
464,0.007818676,0.115074985,0.034206327,0.02806949,-0.02638765,0.087005496
465,0.093666784,0.07965643,0.091640316,0.0666215,0.0020264685,0.013034932
466,0.022353888,0.054494426,0.018168319,0.014069261,0.0041855685,0.040425166
467,-0.028581657,0.16822833,0.01989584,0.012873751,-0.048477497,0.15535457
468,0.046794366,0.05694168,0.03963762,0.027975893,0.0071567446,0.028965788
469,1.1349386,0.77908623,1.0634072,0.7807778,0.071531415,-0.0016915798
470,0.20611048,0.12766784,0.18546362,0.13021657,0.020646855,-0.0025487244
471,0.018570535,-0.0014271677,0.009844286,0.009003731,0.0087262485,-0.010430899
472,1.3174804,1.0238395,1.2950418,1.0178015,0.022438645,0.0060379505
473,0.024315188,0.042785555,0.022441039,0.018939061,0.0018741488,0.023846494
474,0.08925824,0.05627774,0.07586424,0.057426464,0.013393998,-0.0011487231
475,0.049347002,0.061207082,0.0443436,0.029129898,0.005003404,0.032077186
476,0.027670743,0.027231602,0.024712125,0.018674497,0.002958618,0.008557105
477,0.030364044,-0.011946012,0.057713617,0.03986017,-0.027349573,-0.05180618
478,0.055669986,0.07962738,0.04665094,0.030031845,0.009019047,0.049595535
479,0.026476603,0.060585964,0.026825216,0.023576487,-0.00034861267,0.037009478
480,0.044139106,0.04100615,0.031020228,0.025283864,0.013118878,0.015722288
481,0.23940895,0.15984656,0.22209673,0.13754964,0.017312229,0.02229692
482,0.08190751,0.080053575,0.08101859,0.070538774,0.0008889213,0.009514801
483,0.08721409,0.041389167,0.06645976,0.03492624,0.02075433,0.006462928
484,0.07036612,0.07181877,0.062054146,0.054706264,0.008311976,0.017112505
485,0.09227039,0.050161645,0.10133046,0.079805076,-0.00906007,-0.029643431
486,0.06523493,0.024708385,0.039892368,0.032527797,0.025342561,-0.007819412
487,0.024177501,0.04723562,0.02959947,0.022682214,-0.005421968,0.024553405
488,0.017981235,0.055749804,0.01734318,0.016594127,0.0006380547,0.039155677
489,-0.00985984,0.09959605,0.018236168,0.01281659,-0.028096009,0.08677946
490,0.056025922,0.07200201,0.041716516,0.038045175,0.014309406,0.033956833
491,0.069073394,0.04536379,0.04953236,0.040410787,0.019541033,0.0049530044
492,2.0806446,1.3403465,1.9304495,1.3296831,0.15019512,0.01066339
493,0.03502912,0.030196205,0.031455923,0.024310458,0.0035731979,0.0058857463
494,1.5472066,0.96763885,1.4919055,0.9807345,0.05530119,-0.013095677
495,1.3030971,0.9187885,1.2452236,0.89351064,0.057873487,0.025277853
496,1.6247311,0.99137926,1.3160843,0.8647321,0.3086468,0.12664717
497,0.09276571,0.07168592,0.09190039,0.061051242,0.0008653179,0.010634676
498,0.1483948,0.14581104,0.14572698,0.10356204,0.0026678145,0.042248994
499,-0.003130765,0.12639521,0.008079184,0.0096839685,-0.011209949,0.116711244
500,0.11098194,0.08664251,0.102654055,0.08368997,0.008327886,0.0029525384
501,0.0950497,0.027796676,0.101211466,0.07224062,-0.0061617643,-0.044443943
502,0.006690384,0.03646437,0.022452641,0.021393936,-0.015762258,0.015070435
503,0.052941944,0.0518257,0.02704975,0.022336116,0.025892194,0.029489582
504,0.9936083,0.6946833,0.8689415,0.65419286,0.12466681,0.04049045
505,0.04387232,-0.024097156,0.044308636,0.028527241,-0.00043631718,-0.052624397
506,0.06437541,0.14776316,0.0636819,0.04683723,0.0006935075,0.10092594
507,2.1475844,1.5945938,1.8762524,1.3724363,0.27133203,0.22215748
508,1.4442925,1.0185776,1.2436644,0.93573105,0.20062816,0.08284652
509,1.9027696,1.1850461,1.6627123,1.1839195,0.24005723,0.0011265278
510,1.1618692,0.8475802,1.063151,0.78064686,0.09871817,0.066933334
511,0.039584484,0.04805016,0.041245006,0.032931205,-0.0016605221,0.015118957
512,0.022938602,0.053728577,0.019520883,0.016487325,0.0034177192,0.03724125
513,0.056604825,0.039385267,0.03955589,0.031831283,0.017048936,0.0075539835
514,1.4631631,1.0322131,1.2615031,0.8835856,0.20166004,0.14862752
515,0.05495091,0.15395744,0.053345274,0.03985395,0.0016056374,0.114103496
516,0.08967626,0.05699639,0.0715452,0.056901135,0.018131062,9.525567e-05
517,0.063561164,0.06411864,0.060899425,0.045934398,0.0026617385,0.01818424
518,2.6581094,1.6848242,2.1390696,1.6229767,0.51903987,0.061847568
519,0.02165427,-0.03510569,0.016837375,0.012032981,0.0048168954,-0.047138672
520,2.9199028,2.1049328,2.7956097,2.0635195,0.12429309,0.041413307
521,0.07431417,0.055246938,0.06816631,0.04242122,0.0061478615,0.012825716
522,0.078372285,0.11815186,0.06893585,0.0663841,0.009436436,0.05176776
523,0.07796083,0.075187705,0.07451431,0.06129117,0.0034465194,0.013896536
524,-0.008857743,0.12004119,0.025881525,0.014925485,-0.034739267,0.105115704
525,1.8114635,1.2343779,1.4086597,1.1169274,0.40280378,0.117450476
526,0.047578286,0.008095366,0.0506666,0.02981779,-0.003088314,-0.021722425
527,0.14021493,0.16564305,0.12655441,0.08890877,0.01366052,0.07673428
528,0.037148543,0.0047450345,0.05008453,0.0209536,-0.012935989,-0.016208565
529,0.08427133,0.089089565,0.08296305,0.057911597,0.0013082772,0.031177968
530,1.8589307,1.2559172,1.5092243,1.1923358,0.3497064,0.06358135
531,1.9941343,1.3599395,1.9047709,1.441982,0.089363456,-0.082042575
532,1.3307649,0.91011536,1.1854355,0.8398329,0.14532936,0.07028246
533,0.0146268215,0.0014819262,0.026482573,0.020504417,-0.011855751,-0.01902249
534,1.0372996,0.6335356,0.94200194,0.6407689,0.095297694,-0.007233262
535,0.04309956,-0.028606007,0.038292613,0.029390356,0.004806947,-0.057996362
536,1.152815,0.7905476,1.1344621,0.79383785,0.018352866,-0.003290236
537,1.0988476,0.7921938,1.0536283,0.71301043,0.045219302,0.07918334
538,2.8629007,1.7495837,2.5945153,1.828062,0.2683854,-0.07847834
539,1.4173927,0.9117417,1.1015581,0.836408,0.31583464,0.075333655
540,0.011915714,0.036388826,0.013928987,0.015100056,-0.0020132735,0.02128877
541,-0.02343933,0.12660986,0.014726135,0.008994895,-0.038165465,0.11761497
542,1.1834223,0.61010695,0.7967393,0.5809083,0.38668305,0.029198647
543,0.15388088,0.11625738,0.1475322,0.10363221,0.0063486844,0.012625165
544,0.08202963,-0.00062623183,0.07533274,0.043040864,0.0066968948,-0.043667097
545,0.048811633,-0.033689264,0.054736607,0.025441295,-0.0059249736,-0.059130557
546,0.087941416,0.022519311,0.09092674,0.06492001,-0.002985321,-0.042400695
547,0.015905887,0.034169324,0.026712144,0.019688789,-0.010806257,0.014480535
548,-0.02202502,0.12005015,0.014964481,0.00742463,-0.036989503,0.11262552
549,0.017386548,0.07213643,0.01283935,0.011133427,0.0045471983,0.061003007
550,2.8999193,1.1933788,1.2414337,0.8745171,1.6584855,0.31886172
551,3.4519737,2.4690392,2.7364106,2.0764809,0.71556306,0.39255834
552,-0.030161658,0.116526976,0.00917382,0.0030544878,-0.039335478,0.11347249
553,0.030640578,-0.028895613,0.025289815,0.015769968,0.005350763,-0.044665582
554,0.07460039,0.06494535,0.056314252,0.041870814,0.018286139,0.023074534
555,0.04144777,0.027954113,0.045298148,0.023860915,-0.003850378,0.004093198
556,0.0055596298,0.05686975,0.021591578,0.015128014,-0.016031947,0.041741736
557,0.101507805,0.09969212,0.10015281,0.072175175,0.0013549924,0.027516946
558,0.011977465,0.14219314,0.03320054,0.024241159,-0.021223076,0.11795198
559,4.5445094,2.7824006,3.5540638,2.1182806,0.9904456,0.66411996
560,0.019599658,0.09202769,0.012357527,0.015943665,0.00724213,0.07608402
561,-0.015121199,-0.022041827,0.014188526,0.0074262274,-0.029309725,-0.029468056
562,2.0129428,1.2834246,1.9611838,1.1938232,0.051759005,0.0896014
563,2.969356,2.0946076,2.536436,1.7798731,0.43291998,0.31473446
564,0.016631057,-0.0015199523,0.016410697,0.011566783,0.00022036023,-0.013086735
565,0.24361256,0.21046239,0.2129477,0.14113271,0.030664861,0.06932968
566,3.6077495,2.0729847,3.2286477,2.2061265,0.37910175,-0.13314176
567,0.39510107,0.35138246,0.39255267,0.2985005,0.0025483966,0.052881956
568,0.3398571,0.25695872,0.33692825,0.23429088,0.002928853,0.02266784
569,0.09432067,0.09041739,0.084125236,0.068660185,0.010195434,0.021757208
570,0.015007838,0.014818964,0.018331531,0.008711576,-0.0033236938,0.006107387
571,1.5309877,1.068927,1.4311632,1.0284067,0.09982455,0.04052031
572,1.8792163,1.3383108,1.6973288,1.2897704,0.1818875,0.048540473
573,0.19415388,0.16837813,0.1832512,0.14799735,0.010902673,0.02038078
574,0.039208718,0.017393516,0.03776847,0.036230605,0.0014402494,-0.018837089
575,-0.016145172,0.10493182,0.018862871,0.012670514,-0.035008043,0.0922613
576,0.2555369,0.18844867,0.25444025,0.18401578,0.0010966659,0.004432887
577,0.05629953,0.058806542,0.055282753,0.046176013,0.001016777,0.01263053
578,0.6834546,0.55786365,0.6765784,0.50049263,0.0068761706,0.05737102
579,1.8749156,1.2968554,1.7822882,1.2914358,0.092627406,0.005419612
580,2.048025,1.4959921,1.981897,1.4929712,0.0661279,0.0030208826
581,0.10981263,0.079468414,0.08786711,0.05323999,0.021945521,0.026228424
582,1.593576,1.0654601,1.4284087,1.0493231,0.16516721,0.016137004
583,2.0784962,1.4533075,1.9227434,1.2775149,0.15575278,0.17579257
584,1.2492611,0.81307036,1.1749387,0.81701076,0.07432246,-0.0039404035
585,1.4077976,0.94684815,1.2712204,0.9718326,0.13657713,-0.02498442
586,0.03605161,0.06970993,0.041187905,0.03184184,-0.005136296,0.037868086
587,1.750918,0.92121947,1.362065,0.97170675,0.38885307,-0.05048728
588,2.5043354,1.7765329,2.3409781,1.651386,0.16335726,0.12514687
589,0.025876783,0.046339743,0.025194902,0.018022297,0.00068188086,0.028317446
590,0.11342151,0.052139476,0.105201624,0.063506074,0.008219883,-0.011366598
591,0.05542684,0.16162904,0.05490735,0.037264265,0.000519488,0.12436477
592,0.074657194,0.16152817,0.0742322,0.053494833,0.00042499602,0.10803334
593,1.9276904,1.2684262,1.7372034,1.2851686,0.19048703,-0.016742468
594,0.02612862,0.050175656,0.024449889,0.018905686,0.0016787313,0.031269968
595,0.15401825,0.09206294,0.14881334,0.109020755,0.005204916,-0.016957812
596,1.34735,0.9157064,1.2090623,0.9090891,0.13828766,0.0066173077
597,0.06956264,0.016125917,0.06962888,0.049741026,-6.624311e-05,-0.03361511
598,0.022839593,0.045986995,0.02008653,0.016699636,0.0027530622,0.029287359
599,-0.0018758976,0.18972944,0.021584656,0.01694355,-0.023460554,0.1727859
600,3.2547445,1.0718275,1.3185189,0.9771491,1.9362257,0.0946784
601,0.29732236,0.23847137,0.2834522,0.2029486,0.01387015,0.035522774
602,1.2201227,0.80425966,1.1217202,0.8124331,0.0984025,-0.008173466
603,2.0389094,1.164189,1.5748422,1.0910428,0.46406722,0.073146224
604,0.20112424,0.13479877,0.18855715,0.110638894,0.012567088,0.024159871
605,0.038406137,-0.0021794506,0.043344863,0.031618364,-0.0049387254,-0.033797815
606,2.7583911,1.9222087,2.6419713,1.8420862,0.11641979,0.08012247
607,-0.026262155,0.10746192,0.008019472,0.0036835528,-0.034281626,0.10377837
608,0.021469638,0.049934085,0.014437871,0.016960245,0.0070317667,0.03297384
609,0.15168019,0.07902786,0.13783252,0.08569588,0.013847664,-0.0066680163
610,0.023680083,-0.056743655,0.028789759,0.018735837,-0.005109675,-0.07547949
611,3.0466623,2.0381606,2.2984746,1.649424,0.7481878,0.3887366
612,0.040694293,0.02925517,0.039053734,0.025384447,0.0016405582,0.0038707238
613,0.18664828,0.08196492,0.17301825,0.102159545,0.013630033,-0.020194627
614,0.023069538,0.071932584,0.011753435,0.010553069,0.011316103,0.061379515
615,2.722179,1.552811,2.5138059,1.4092458,0.20837307,0.14356518
616,0.05863678,0.07494706,0.07317687,0.06397252,-0.014540087,0.010974541
617,0.050472513,-0.0052837,0.059078258,0.045249224,-0.008605745,-0.050532922
618,1.1560751,0.88473606,1.0608524,0.7580213,0.09522271,0.12671477
619,0.3494292,0.25548106,0.33413938,0.23639436,0.015289813,0.019086704
620,0.09050219,0.07002405,0.07088258,0.052408338,0.019619606,0.017615713
621,0.032845747,-0.015470852,0.038701057,0.026254991,-0.0058553107,-0.041725844
622,3.4191606,2.1181693,2.9754665,2.0094547,0.4436941,0.10871458
623,3.242444,1.6411113,1.9827921,1.3480062,1.2596519,0.293105
624,0.0915684,0.07638591,0.082124844,0.07167442,0.009443559,0.0047114864
625,1.6587446,1.260269,1.5603136,1.1149775,0.09843099,0.14529157
626,0.06345695,0.15586759,0.060860783,0.048576936,0.0025961697,0.107290655
627,0.042830206,-0.01845186,0.03666074,0.016069507,0.006169468,-0.034521367
628,2.0056918,1.3747052,1.9239712,1.3869818,0.08172059,-0.0122766495
629,-0.0057513574,0.014841278,0.011379343,0.0111818295,-0.0171307,0.0036594486
630,1.4206028,0.8159392,1.2047589,0.7917332,0.21584392,0.024205983
631,2.091887,1.4846159,1.7956097,1.3297741,0.29627728,0.15484178
632,0.052968137,0.012276004,0.0556129,0.03596563,-0.0026447624,-0.023689624
633,0.066092424,0.049246784,0.044830155,0.03469817,0.02126227,0.014548615
634,0.22941431,0.20788315,0.22033128,0.16361423,0.009083033,0.04426892
635,0.019582253,-0.00819887,0.018366916,0.013651848,0.0012153368,-0.021850718
636,0.38375792,0.27541384,0.36698478,0.2674224,0.016773134,0.007991433
637,0.07593362,0.12738617,0.09120121,0.06518115,-0.015267588,0.062205017
638,5.9619737,4.216801,4.2578187,3.0456455,1.704155,1.1711557
639,0.15424594,0.11661361,0.140505,0.10568843,0.013740942,0.010925181
640,1.4168552,1.1055156,1.281984,0.90663356,0.13487124,0.19888204
641,-0.03075468,0.1168843,0.011016679,0.0046756305,-0.04177136,0.112208664
642,0.42425036,0.2624715,0.40377998,0.23915692,0.02047038,0.02331458
643,0.020972755,-0.03333131,0.02097708,0.012598607,-4.325062e-06,-0.045929916
644,0.03207504,0.054172795,0.019071974,0.017708544,0.013003066,0.03646425
645,3.596044,2.315441,1.6368713,1.1792197,1.9591727,1.1362212
646,0.008603113,0.090642914,0.008810419,0.008017826,-0.00020730589,0.08262509
647,0.16164596,0.1688147,0.15226527,0.0899076,0.009380698,0.0789071
648,1.6327469,1.1204251,1.5173016,1.0966154,0.115445375,0.023809671
649,0.02015954,-0.0044829804,0.01784935,0.014112893,0.0023101903,-0.018595872
650,0.091549166,0.059405237,0.08156965,0.060855508,0.009979516,-0.0014502704
651,0.16632357,0.11106547,0.15868351,0.11393144,0.0076400638,-0.0028659701
652,0.030618696,-0.014499991,0.026723888,0.017948547,0.0038948078,-0.032448538
653,0.017971795,-0.004710522,0.024478665,0.016333785,-0.0065068696,-0.021044306
654,2.2197874,1.5429596,2.00369,1.4038752,0.21609735,0.13908434
655,1.6967218,1.0591235,1.640768,1.0791013,0.05595374,-0.019977808
656,1.5589879,1.1718284,1.4778817,1.1678439,0.081106186,0.0039844513
657,0.101488106,0.05272813,0.0906211,0.040219862,0.010867007,0.012508269
658,0.061797272,-0.028097343,0.046893544,0.029477675,0.014903728,-0.057575017
659,0.06001874,0.012574519,0.06901766,0.054787178,-0.008998923,-0.042212658
660,0.059640896,0.03415849,0.056747247,0.04460701,0.002893649,-0.010448519
661,0.02093846,0.085330114,0.023765689,0.01934735,-0.002827229,0.06598277
662,0.036367662,0.13233033,0.037231095,0.026147928,-0.0008634329,0.1061824
663,0.0950747,0.083127744,0.09246118,0.07493259,0.0026135147,0.008195154
664,0.11883877,0.114195086,0.115138665,0.08993101,0.0037001073,0.024264075
665,0.01695272,-0.05229863,0.025178675,0.017430205,-0.008225955,-0.06972884
666,0.08174469,0.091448694,0.07471727,0.055927686,0.007027425,0.035521008
667,1.8680923,1.3644733,1.7368,1.2846035,0.13129234,0.07986987
668,0.014230079,0.041656278,0.015142548,0.0146609945,-0.0009124689,0.026995283
669,1.7135425,1.025631,1.355811,0.9387802,0.35773146,0.08685076
670,0.31741437,0.20877174,0.29918993,0.20903711,0.018224448,-0.00026537478
671,0.94457465,0.68488914,0.88383615,0.6589446,0.060738504,0.025944531
672,0.052119937,0.11730058,0.043999594,0.04016865,0.008120343,0.07713193
673,2.9398928,1.4981672,2.491352,1.7531841,0.4485407,-0.25501692
674,0.046514623,0.04969575,0.040289454,0.03274867,0.0062251687,0.01694708
675,0.024973938,0.07018415,0.035675954,0.019299138,-0.010702016,0.05088501
676,0.007822896,0.10594937,0.015647467,0.0139649585,-0.007824571,0.09198441
677,0.7872602,0.54697204,0.74973536,0.54529727,0.03752482,0.0016747713
678,0.016991116,0.00045478033,0.0098912725,0.010231369,0.0070998436,-0.0097765885
679,0.14431576,0.1745146,0.15075622,0.10845896,-0.0064404607,0.06605565
680,0.056400858,0.09334018,0.03840711,0.027636826,0.017993748,0.065703355
681,0.029928738,0.12406418,0.026878133,0.020693334,0.0030506048,0.103370845
682,0.0114669325,-0.03561202,0.017528871,0.011340378,-0.0060619386,-0.046952397
683,-0.0011107026,0.14415364,0.041309845,0.02955609,-0.042420547,0.11459755
684,3.2973316,1.8626835,2.6137931,1.7684307,0.68353844,0.094252825
685,1.9152517,1.41465,1.8668982,1.3092955,0.048353553,0.10535443
686,3.4962785,2.705907,3.23039,2.52826,0.26588845,0.17764711
687,0.07142606,0.039354295,0.05179901,0.029843703,0.019627046,0.009510592
688,1.3303192,0.91824424,1.1047183,0.86664546,0.22560084,0.051598787
689,0.051414087,0.048831258,0.03621847,0.016932229,0.015195616,0.031899028
690,0.040746145,0.049717657,0.04293272,0.034991607,-0.002186574,0.01472605
691,0.031885114,0.08235766,0.038425937,0.03214555,-0.0065408237,0.05021211
692,0.09021286,0.088452265,0.0815934,0.06444959,0.0086194575,0.024002671
693,0.2664216,0.1984492,0.24393034,0.18084545,0.022491246,0.01760374
694,0.062080644,0.06539472,0.057219356,0.044372693,0.004861288,0.02102203
695,2.2007189,1.3013247,1.7036941,1.157947,0.49702477,0.14337778
696,-0.024877219,0.12035506,0.013580149,0.0053913784,-0.038457368,0.11496368
697,0.027678758,0.0369346,0.022133846,0.020611523,0.005544912,0.016323077
698,1.932167,1.3909062,1.7804047,1.3354876,0.15176237,0.05541861
699,1.9030734,1.4880686,1.8351854,1.347443,0.06788802,0.1406256
700,0.042102285,-0.044950254,0.029984307,0.020821664,0.012117978,-0.06577192
701,0.03965772,0.032474548,0.036769077,0.02437191,0.0028886423,0.008102637
702,0.013876995,0.010578525,0.02036319,0.020031746,-0.006486194,-0.009453221
703,0.15649357,0.055224687,0.1404481,0.06947184,0.016045481,-0.014247157
704,1.352422,1.027173,1.3259289,1.0092062,0.026493073,0.017966866
705,0.12318104,0.10562136,0.11337823,0.08850296,0.009802811,0.017118402
706,0.0103590675,0.010011568,0.018389374,0.025440957,-0.008030307,-0.01542939
707,0.08728744,0.06317727,0.07747247,0.046441656,0.00981497,0.016735617
708,1.2238765,0.88412404,1.157238,0.82733476,0.06663847,0.05678928
709,2.572319,1.7464317,2.406056,1.8504997,0.1662631,-0.10406804
710,0.047129057,0.021495054,0.034817506,0.027752662,0.012311552,-0.0062576085
711,-0.0032769723,0.1881327,0.026556576,0.016218001,-0.029833548,0.1719147
712,0.06051276,0.051818203,0.038928233,0.03119815,0.021584526,0.020620054
713,3.2705455,2.189438,2.8992915,2.1988952,0.37125397,-0.009457111
714,-0.0011921388,0.13236098,0.008115385,0.009957914,-0.009307523,0.12240306
715,-0.032175742,0.12226666,0.01028095,0.004325359,-0.042456694,0.1179413
716,0.023598943,-0.014663636,0.03630031,0.025829043,-0.012701366,-0.04049268
717,1.0593327,0.6718246,0.9610693,0.66785485,0.09826344,0.003969729
718,1.3957783,1.0529488,1.3321135,0.9880697,0.063664794,0.06487912
719,0.16045585,0.118674636,0.14556338,0.11069101,0.014892474,0.007983625
720,0.04076515,0.07006235,0.037178766,0.029290715,0.0035863854,0.040771633
721,1.850799,1.2339461,1.7664969,1.2286886,0.08430207,0.0052574873
722,1.5646894,0.9898863,1.5134223,1.0713536,0.051267147,-0.08146727
723,1.854536,1.4185853,1.8146143,1.3322235,0.03992176,0.086361766
724,3.3363621,2.524191,3.2476773,1.7578831,0.0886848,0.76630783
725,1.9202216,1.3140774,1.8170135,1.3867248,0.103208065,-0.07264745
726,2.058327,1.4633211,1.9016148,1.3762866,0.15671217,0.087034464
727,1.3563099,0.79989284,1.2391624,0.777774,0.117147446,0.022118866
728,0.010774437,-0.0046153865,0.025291556,0.014953306,-0.014517119,-0.019568693
729,0.12058257,0.08719429,0.11790005,0.07079063,0.002682522,0.016403653
730,0.37814307,0.2636233,0.3436909,0.23358595,0.03445217,0.030037344
731,-0.015086003,-0.018958785,0.018554963,0.00938042,-0.033640966,-0.028339203
732,2.3990765,1.5440017,1.9911226,1.5335116,0.40795386,0.01049006
733,0.16835403,0.15725537,0.16739109,0.114756025,0.00096294284,0.04249934
734,0.57985634,0.37163302,0.5722562,0.33959883,0.0076001287,0.03203419
735,0.09061973,0.06531989,0.069648154,0.053184815,0.020971574,0.012135074
736,0.060905498,-0.0033203654,0.05942132,0.045542877,0.001484178,-0.048863243
737,0.022483893,-0.04259308,0.028226916,0.016012179,-0.005743023,-0.05860526
738,0.05679545,0.058995523,0.053249586,0.03475352,0.0035458654,0.024242003
739,0.075821675,0.1058269,0.07786538,0.06386988,-0.0020437017,0.04195702
740,0.28074616,0.20721301,0.2469416,0.18453082,0.033804566,0.02268219
741,0.12399431,0.15274252,0.13521281,0.108027816,-0.011218496,0.044714704
742,1.5472306,1.1015406,1.3913944,1.0147521,0.15583622,0.086788416
743,0.36248523,0.30050394,0.35847175,0.28475854,0.0040134788,0.015745401
744,0.072395705,0.0194246,0.07664338,0.048846066,-0.004247673,-0.029421465
745,-0.02816731,0.1133843,0.009777425,0.0027511015,-0.037944734,0.110633194
746,0.4463638,0.36080843,0.42289105,0.2970379,0.023472756,0.06377053
747,0.12311244,0.116078205,0.119049646,0.092876874,0.004062794,0.023201331
748,0.040964812,0.014361922,0.047880776,0.03399169,-0.006915964,-0.019629769
749,0.02174717,0.007916845,0.021392668,0.01563419,0.00035450235,-0.007717345
750,1.9879758,1.3254545,1.871844,1.2740573,0.11613178,0.051397204
751,0.0508139,-0.008307472,0.049759746,0.032169227,0.0010541528,-0.0404767
752,1.6687938,0.95416236,1.2543246,0.91204035,0.41446924,0.042122006
753,0.022010392,0.008394167,0.025246492,0.023347821,-0.0032361,-0.014953654
754,3.0277405,1.9705297,2.7656496,2.009366,0.26209092,-0.03883636
755,0.08957691,0.022333035,0.08926633,0.059530396,0.00031057745,-0.03719736
756,0.049613923,0.0759854,0.033148903,0.02255999,0.01646502,0.053425413
757,0.092059955,0.13059708,0.08685976,0.061132144,0.0052001923,0.06946494
758,1.8417863,1.1635855,1.767087,1.1146715,0.07469928,0.048914075
759,2.6510415,1.8389257,2.3173532,1.7382225,0.33368826,0.10070324
760,0.030830335,0.008142467,0.037127167,0.023422759,-0.006296832,-0.015280292
761,0.07723949,0.17018916,0.07593628,0.06627308,0.0013032109,0.10391608
762,-0.038289484,0.17107189,0.0237392,0.017687324,-0.062028684,0.15338457
763,0.06359049,0.043126434,0.07197259,0.058802538,-0.008382104,-0.015676104
764,1.9310439,1.3870301,1.6578547,1.2343684,0.2731892,0.15266168
765,0.053919114,-0.00846906,0.065331794,0.048519794,-0.01141268,-0.056988854
766,0.15267934,0.16808824,0.13228759,0.098775245,0.020391747,0.069313
767,0.31700465,0.20796773,0.29583782,0.1905748,0.021166831,0.017392933
768,0.045209505,0.1205551,0.056132965,0.03487504,-0.01092346,0.08568007
769,0.02125252,0.06641767,0.01903251,0.01944981,0.0022200104,0.046967864
770,-0.03442369,0.1278953,0.010138909,0.006089368,-0.0445626,0.12180593
771,0.045652505,0.037119128,0.040514518,0.03187134,0.0051379874,0.0052477866
772,1.3235469,0.9754921,1.2922333,0.9734436,0.03131354,0.0020484924
773,2.5726485,1.5489656,2.4330597,1.6172193,0.13958883,-0.068253756
774,0.001733302,0.10107624,0.024926286,0.020156302,-0.023192985,0.08091994
775,1.2711219,0.7582827,1.1452339,0.72031933,0.12588799,0.03796339
776,0.038501825,-0.021646833,0.03918418,0.03145876,-0.000682354,-0.053105593
777,1.6761492,1.1419508,1.5452375,1.1241537,0.13091171,0.017797112
778,0.014874363,-0.024323443,0.029379304,0.020163067,-0.014504941,-0.044486508
779,0.04521287,-0.01694955,0.050466042,0.034202125,-0.0052531734,-0.051151674
780,1.6993643,1.1017026,1.3758569,0.9545916,0.32350743,0.147111
781,2.5433383,1.6532283,2.3177242,1.6346565,0.22561407,0.018571734
782,0.07251795,0.038312424,0.046015736,0.03697127,0.02650221,0.0013411529
783,2.3822994,2.0454948,2.2696853,1.7014691,0.112614155,0.34402573
784,4.3118596,3.1267364,4.080816,3.0733771,0.23104382,0.05335927
785,1.2932967,0.9334979,1.2313379,0.85742646,0.06195879,0.07607144
786,0.03512147,-0.015841644,0.041289896,0.02427198,-0.006168425,-0.040113624
787,0.021934249,0.09727666,0.019016318,0.020879958,0.0029179305,0.0763967
788,2.508573,1.7898812,2.316616,1.6374785,0.191957,0.15240276
789,0.04860779,0.06799347,0.05050256,0.035628565,-0.001894772,0.032364905
790,0.026221024,0.059050668,0.022019971,0.024032062,0.0042010527,0.035018608
791,0.03917899,0.061299596,0.04045342,0.03613364,-0.0012744293,0.025165956
792,0.033769757,0.06091014,0.029358441,0.024397062,0.0044113155,0.036513075
793,1.3647113,0.9401678,1.2955316,0.90348643,0.069179654,0.036681354
794,0.097705565,0.09350262,0.09592651,0.06849807,0.0017790571,0.02500455
795,1.8291612,1.4182563,1.6586853,1.1878918,0.17047584,0.23036444
796,1.6621985,1.2122637,1.3841655,0.9837569,0.27803302,0.2285068
797,1.7148173,1.1671084,1.6287079,1.1750944,0.0861094,-0.0079859495
798,0.085899174,0.039152045,0.074979015,0.050157797,0.0109201595,-0.011005752
799,-0.017015574,0.13901553,0.024067882,0.014770272,-0.041083455,0.124245256
800,-0.023751892,0.122691035,0.014850637,0.008565883,-0.03860253,0.114125155
801,0.044375062,0.03809068,0.02901313,0.028047046,0.015361931,0.010043634
802,0.023363762,0.031274676,0.016087696,0.014178997,0.0072760656,0.01709568
803,1.514618,1.1683835,1.3656096,1.0263126,0.1490084,0.14207089
804,0.02992417,0.096365325,0.046661053,0.030050348,-0.016736884,0.06631498
805,0.086592756,0.08722098,0.082801595,0.06638719,0.0037911609,0.02083379
806,0.03827808,0.037019543,0.022253748,0.019748393,0.016024332,0.01727115
807,2.264642,1.4930693,1.8662837,1.372495,0.39835835,0.120574236
808,0.050692968,0.0057138847,0.056065936,0.043896515,-0.0053729676,-0.03818263
809,0.07554767,0.04328302,0.068598166,0.038221546,0.0069495067,0.0050614737
810,0.15357822,0.13344052,0.15566637,0.11522721,-0.0020881444,0.018213317
811,1.8808484,1.3252916,1.6010637,1.2816802,0.27978468,0.043611407
812,0.041635208,0.0132313,0.03478114,0.026579132,0.0068540685,-0.0133478325
813,0.00067227316,0.113902755,0.0103411935,0.012472469,-0.00966892,0.10143028
814,-0.025056368,0.1253389,0.01116626,0.005721678,-0.03622263,0.11961722
815,0.34209552,0.33823037,0.30980125,0.22273195,0.032294273,0.11549842
816,0.12088057,0.026964448,0.125998,0.06377753,-0.0051174387,-0.03681308
817,2.8587053,1.7634585,2.0274067,1.6281465,0.8312986,0.13531196
818,0.04467667,0.02683698,0.039287027,0.026814735,0.005389642,2.2245571e-05
819,1.5212156,1.1639214,1.4432186,1.0845441,0.07799697,0.07937729
820,0.02477946,0.07480219,0.022028495,0.022841215,0.0027509648,0.051960975
821,0.12456685,0.17652667,0.14437744,0.106457055,-0.019810587,0.07006961
822,0.1578078,0.04500713,0.15371054,0.10782957,0.004097253,-0.062822446
823,0.043477643,0.06824995,0.02751869,0.021158965,0.015958954,0.047090985
824,2.9585483,1.5675257,1.8192772,1.3617263,1.1392711,0.20579946
825,1.5282502,1.0146573,1.3223841,0.9139494,0.2058661,0.10070789
826,0.019297073,0.042510133,0.014532407,0.013157132,0.004764666,0.029353
827,0.17924449,0.14343625,0.1716089,0.10943369,0.0076355934,0.034002565
828,0.20571777,0.1363756,0.19133902,0.12973182,0.014378756,0.006643787
829,1.918414,1.2846453,1.8344514,1.2753277,0.08396256,0.0093176365
830,0.045774408,0.04926802,0.04169906,0.030400764,0.0040753484,0.018867254
831,0.59794956,0.47446233,0.57741606,0.48544335,0.020533502,-0.010981023
832,0.025458194,0.0077623078,0.022271426,0.020352047,0.003186768,-0.01258974
833,1.2144287,0.8469476,1.082195,0.7162343,0.13223362,0.13071328
834,2.0991075,1.3126973,1.8106334,1.2683218,0.28847408,0.04437554
835,0.057156824,0.08012671,0.04826938,0.039225735,0.008887444,0.040900975
836,0.11539741,0.21124256,0.11590543,0.08716342,-0.00050801784,0.12407914
837,1.6953603,1.008623,1.2655035,0.8967271,0.42985678,0.11189592
838,0.068491615,0.026322603,0.06830679,0.041074324,0.00018482655,-0.014751721
839,1.1235591,0.8222779,1.0613266,0.7665162,0.062232494,0.055761695
840,0.21709473,0.25864395,0.17998958,0.13207556,0.037105158,0.12656839
841,2.5043182,1.6307193,2.384795,1.622797,0.11952329,0.007922292
842,1.081346,0.81457514,1.0500011,0.75483686,0.03134489,0.05973828
843,0.028131306,-0.014371179,0.042654745,0.026440402,-0.014523439,-0.040811583
844,0.18220632,0.12245845,0.16358082,0.12596591,0.018625498,-0.0035074577
845,0.17122386,0.15858987,0.16236055,0.111552015,0.008863315,0.047037855
846,0.19028427,0.15498443,0.17621121,0.10761942,0.014073059,0.04736501
847,0.06380804,0.046253607,0.05724118,0.047088664,0.00656686,-0.00083505735
848,0.039392423,0.08026468,0.03221229,0.032124422,0.007180132,0.048140258
849,0.026802944,0.021135155,0.008620871,0.009521368,0.018182073,0.011613787
850,0.05976992,0.04525073,0.03722794,0.030225566,0.022541981,0.015025163
851,1.6405464,1.119921,1.5302593,1.0590217,0.11028719,0.060899258
852,0.10259709,0.079604805,0.08431308,0.06473805,0.018284008,0.014866754
853,0.014662426,-0.025465518,0.024312597,0.012184404,-0.009650171,-0.037649922
854,0.05127445,0.06549916,0.05210922,0.043323003,-0.0008347705,0.022176154
855,2.117966,0.88853073,1.380728,0.93666327,0.73723793,-0.04813254
856,2.9561133,1.0173632,2.057139,1.7268677,0.8989744,-0.7095045
857,0.052880418,0.06310724,0.03746497,0.02839597,0.015415449,0.034711268
858,0.01836244,0.020873498,0.013602145,0.012867118,0.004760295,0.00800638
859,0.048447482,0.10855894,0.04660184,0.043745685,0.0018456429,0.064813256
860,3.722765,1.5833755,2.8949242,1.9258788,0.8278408,-0.3425033
861,1.2276082,0.84284693,1.124181,0.83740026,0.10342717,0.0054466724
862,5.003738,2.8432472,3.9827664,3.2410781,1.0209715,-0.39783096
863,0.004079204,0.15463403,0.041108306,0.032782726,-0.037029102,0.1218513
864,0.043888003,0.17600025,0.042422727,0.03276801,0.0014652759,0.14323224
865,0.049988583,0.07088484,0.04354568,0.034092735,0.0064429045,0.036792103
866,0.051405545,0.018486915,0.027528822,0.02157854,0.023876723,-0.003091624
867,0.0170205,-0.035554193,0.02622715,0.020123426,-0.009206651,-0.05567762
868,0.14499982,0.16783796,0.14045899,0.099447146,0.004540831,0.06839082
869,0.007244423,-0.0036257291,0.014648171,0.0106194075,-0.007403748,-0.014245137
870,0.24348189,0.24650827,0.24470039,0.18865918,-0.0012184978,0.057849094
871,-0.028924169,0.11603955,0.008356807,0.003924287,-0.037280977,0.112115264
872,0.022696497,-0.014455938,0.023833994,0.014804949,-0.0011374969,-0.029260887
873,0.114530966,0.037418485,0.11360836,0.07186489,0.0009226054,-0.034446403
874,0.06038903,0.03592246,0.047118016,0.03587415,0.013271015,4.8309565e-05
875,2.595909,1.6946802,2.484526,1.5499535,0.1113832,0.14472675
876,-0.029399263,0.12451748,0.010952501,0.0040688566,-0.040351763,0.12044862
877,0.070823774,0.056038566,0.05710419,0.037397917,0.013719585,0.018640649
878,1.8863183,1.243319,1.753136,1.1698611,0.13318229,0.07345796
879,1.0674057,0.55132806,0.76126826,0.5437809,0.30613744,0.00754714
880,3.0094957,1.6544386,2.2580152,1.6588933,0.7514806,-0.004454732
881,0.06295397,0.057758845,0.06841922,0.06177794,-0.0054652467,-0.004019093
882,0.08257779,0.067100614,0.080047,0.056513947,0.0025307909,0.010586668
883,1.8379788,1.3905342,1.6139488,1.187919,0.22403002,0.20261514
884,-0.008759983,-0.03810687,0.007310184,0.007816819,-0.016070167,-0.045923688
885,0.008645015,-0.052004028,0.016071651,0.010486585,-0.0074266363,-0.062490612
886,-0.030578952,0.115502544,0.007521796,0.0038758435,-0.03810075,0.1116267
887,0.244874,0.214911,0.23138824,0.18978353,0.0134857595,0.02512747
888,2.3344681,1.7771857,2.1533215,1.5881554,0.18114662,0.18903029
889,0.04187431,-0.02151312,0.050334364,0.032290284,-0.008460056,-0.053803403
890,0.19662729,0.14421606,0.19196364,0.13079305,0.004663646,0.013423011
891,2.296514,1.4562542,1.7581072,1.2224805,0.53840685,0.23377371
892,0.24100341,0.19422366,0.23442121,0.18093164,0.0065822005,0.013292015
893,4.7149734,3.0949938,4.133138,3.1590362,0.58183527,-0.06404233
894,1.1169342,0.7678943,1.0692118,0.74071157,0.04772234,0.027182758
895,0.031709295,0.022397952,0.009114428,0.010385096,0.022594865,0.012012856
896,0.080347255,0.08258693,0.06601219,0.04919968,0.014335066,0.033387247
897,0.036348645,0.0074832193,0.05001565,0.04218108,-0.013667006,-0.03469786
898,0.011459396,0.09867612,0.018476535,0.010865884,-0.0070171384,0.08781024
899,0.047942948,0.040306687,0.03766193,0.032225043,0.010281019,0.008081645
900,0.028175853,0.07006384,0.026876148,0.0229229,0.0012997054,0.047140937
901,2.443606,1.576797,2.3238356,1.724591,0.11977029,-0.14779401
902,0.027282523,0.038640995,0.030913275,0.023999473,-0.0036307517,0.0146415215
903,0.091407806,0.07021554,0.082122386,0.062341057,0.00928542,0.007874481
904,2.017048,1.593399,1.9024,1.5184414,0.114647865,0.07495761
905,1.2973155,0.9132713,1.2019318,0.9053003,0.095383644,0.007970989
906,0.068230405,0.03427864,0.06557764,0.038424805,0.0026527643,-0.004146166
907,0.15102157,0.048978444,0.15606703,0.09689716,-0.0050454587,-0.04791872
908,1.6668484,1.1320417,1.5538137,1.1182687,0.113034725,0.0137729645
909,0.040141918,0.04646003,0.0428972,0.03475176,-0.0027552806,0.011708267
910,0.019346468,0.12027371,0.016274428,0.016865475,0.0030720402,0.10340823
911,-0.0009928119,0.13748036,0.037137784,0.024344865,-0.038130596,0.1131355
912,1.3222369,0.9645023,1.2374988,0.8476117,0.084738135,0.11689055
913,0.30019873,0.3009431,0.28216666,0.21899645,0.018032074,0.081946656
914,0.36944315,0.2921169,0.36060205,0.27742082,0.008841097,0.014696091
915,0.04525766,-0.019778745,0.047524564,0.032774944,-0.0022669025,-0.05255369
916,2.532957,1.7024274,2.116926,1.5751665,0.41603112,0.12726092
917,3.4356043,2.7212272,3.0273771,2.434571,0.4082272,0.28665614
918,0.010904861,0.005723602,0.023115125,0.018862456,-0.012210264,-0.013138854
919,0.046914715,0.05977307,0.037037443,0.031025868,0.009877272,0.028747201
920,1.5255599,1.1224976,1.4495447,1.0973746,0.076015234,0.025123
921,0.033325143,0.023302361,0.011155387,0.011895962,0.022169756,0.011406399
922,0.01951657,0.09364301,0.045974,0.032897983,-0.02645743,0.060745027
923,2.0202029,1.3141215,1.8160843,1.2283274,0.20411861,0.08579409
924,0.028158575,0.050135892,0.032655727,0.014386499,-0.004497152,0.03574939
925,0.06862946,0.017680284,0.075547054,0.05632826,-0.006917596,-0.038647976
926,0.7445193,0.49013242,0.72658753,0.4942123,0.01793176,-0.0040798783
927,0.030732574,0.008997435,0.01808649,0.01784424,0.012646085,-0.0088468045
928,2.4832997,1.0189301,1.478267,1.0187085,1.0050328,0.00022161007
929,0.019255215,0.027388876,0.0127680395,0.011336175,0.006487176,0.0160527
930,0.10904181,0.17888112,0.1304216,0.06700249,-0.021379784,0.11187863
931,3.8272424,1.5124166,1.9732345,1.4346817,1.8540078,0.07773495
932,0.02795675,-0.010582021,0.03504443,0.0248174,-0.0070876814,-0.035399422
933,0.025604278,0.040414903,0.02403706,0.02143662,0.0015672185,0.018978283
934,0.112978965,0.07107535,0.10457577,0.071284726,0.008403197,-0.00020937622
935,0.025406118,0.030181633,0.015470268,0.011624815,0.00993585,0.018556818
936,0.0578588,0.04562485,0.049057513,0.043223284,0.008801285,0.0024015643
937,0.029161347,0.03304705,0.018904401,0.020618716,0.010256946,0.012428334
938,0.072816014,0.053815935,0.08700083,0.07181435,-0.014184818,-0.017998416
939,0.027342914,0.047426194,0.029195687,0.023451487,-0.0018527731,0.023974707
940,0.22373521,0.20323786,0.21494198,0.15800494,0.008793235,0.04523292
941,1.6402328,1.2467618,1.58555,1.2091539,0.05468285,0.03760791
942,0.09171724,0.014693434,0.09044118,0.064218014,0.0012760609,-0.04952458
943,1.8000978,1.2930342,1.6553023,1.2338846,0.14479554,0.059149623
944,0.020445453,0.055602122,0.015910499,0.014018178,0.004534954,0.041583944
945,1.834997,0.9777322,1.3227777,0.8783325,0.5122193,0.099399686
946,0.0070046005,0.0053496966,0.0142527,0.015683774,-0.0072480994,-0.010334077
947,0.04543295,0.043203782,0.032630928,0.027055446,0.012802023,0.016148336
948,0.05767876,0.05165354,0.07213591,0.06417877,-0.014457151,-0.012525231
949,-0.027749902,0.12369022,0.01381056,0.007348576,-0.041560464,0.11634164
950,0.017873034,0.064349085,0.02740109,0.018398937,-0.009528056,0.04595015
951,0.04820718,0.038533606,0.028915573,0.02360994,0.019291606,0.014923666
952,3.124643,2.296106,2.9981465,2.382479,0.12649655,-0.08637285
953,0.066055335,0.04124101,0.048544187,0.03636755,0.017511148,0.0048734583
954,0.0038443478,-0.021755375,0.0131572755,0.016529154,-0.009312928,-0.03828453
955,0.009753677,0.111413814,0.03176335,0.020305676,-0.02200967,0.091108136
956,0.025263675,0.0373946,0.02032398,0.013797188,0.004939694,0.023597414
957,1.2287868,0.9160032,1.1669694,0.8430973,0.061817408,0.0729059
958,0.017244041,0.098202705,0.033474036,0.02758221,-0.016229995,0.07062049
959,0.17209254,0.12637317,0.15655848,0.110745594,0.015534058,0.015627578
960,0.018771855,0.016007075,0.022319442,0.018399209,-0.0035475865,-0.0023921337
961,0.018292883,0.057314057,0.029837927,0.021733802,-0.011545043,0.035580255
962,2.9319544,1.7897615,2.8088634,1.8282175,0.12309098,-0.038455963
963,0.037830144,0.046472598,0.03457893,0.025809933,0.0032512136,0.020662665
964,0.1558996,0.05831574,0.14450188,0.09057379,0.011397719,-0.03225805
965,0.077162534,0.12201482,0.095125854,0.04653334,-0.01796332,0.07548148
966,0.07342561,0.11788955,0.060896736,0.06373126,0.012528878,0.054158293
967,0.05531931,0.06982757,0.054332066,0.041570764,0.0009872429,0.028256807
968,0.06364045,0.069033936,0.063209444,0.045364153,0.00043100864,0.023669783
969,2.4050486,1.5570611,2.204389,1.53226,0.20065951,0.024801135
970,0.12918769,0.03704282,0.12327085,0.07606809,0.0059168413,-0.03902527
971,1.0069208,0.5951113,0.9427721,0.62135404,0.064148724,-0.026242733
972,1.8001645,1.2488917,1.4751081,1.0755838,0.3250563,0.1733079
973,0.04208431,0.03838116,0.030036438,0.029114801,0.012047872,0.009266358
974,0.011688788,-0.047551557,0.015167576,0.008231516,-0.0034787878,-0.055783074
975,0.043520216,0.04868236,0.04446811,0.037615485,-0.00094789267,0.011066876
976,2.9170375,2.2369688,2.859632,2.029027,0.05740547,0.20794177
977,0.0019568338,0.19810538,0.020289868,0.013866785,-0.018333035,0.1842386
978,1.9945643,1.3460685,1.8155054,1.2596312,0.17905891,0.086437345
979,1.7151495,1.2500079,1.5397621,1.1895682,0.17538738,0.060439706
980,1.0391766,0.74842983,0.9740094,0.7212203,0.06516719,0.02720952
981,5.27628,3.1748366,2.6724923,2.113148,2.6037877,1.0616887
982,0.04155215,-0.012719184,0.051971503,0.03309112,-0.010419354,-0.045810305
983,0.11601768,0.06172219,0.11046331,0.07157046,0.0055543706,-0.009848274
984,0.113700666,0.05984889,0.08946756,0.06561337,0.024233103,-0.005764477
985,1.3033181,0.88572705,1.2432075,0.88703346,0.06011069,-0.0013064146
986,-0.0035930078,0.11284341,0.017982947,0.0075251944,-0.021575954,0.10531822
987,1.4003732,0.9703871,1.3318086,0.93409747,0.06856465,0.036289632
988,0.041446473,-0.009472825,0.054834403,0.034590267,-0.01338793,-0.04406309
989,-0.02296936,0.12390298,0.013827572,0.0068737837,-0.03679693,0.11702919
990,0.534405,0.40229282,0.51612216,0.38107088,0.01828283,0.021221936
991,0.0069395714,0.14305887,0.045992725,0.02740489,-0.039053153,0.11565398
992,0.021079127,0.0409156,0.025569096,0.022516813,-0.0044899695,0.018398788
993,0.05767497,0.062945195,0.050955355,0.041024648,0.0067196153,0.021920547
994,1.8795177,1.0763592,1.516537,1.1088645,0.36298072,-0.032505393
995,2.4838457,1.8386741,2.1362784,1.7379547,0.34756732,0.10071933
996,1.3888386,0.93416864,1.2395155,0.9236296,0.1493231,0.010539055
997,0.20966491,0.15244548,0.20087726,0.13177659,0.008787647,0.020668894
998,0.017663626,-0.041975506,0.018065775,0.011893472,-0.0004021488,-0.05386898
999,0.07139197,0.03374432,0.0466944,0.03504333,0.024697568,-0.0012990087
1000,0.09545055,0.076226205,0.08676605,0.05234921,0.008684501,0.023876995
1001,0.22739187,0.16329616,0.2168636,0.16019852,0.010528266,0.0030976385
1002,0.0032131788,0.010067591,0.022002265,0.021012433,-0.018789086,-0.010944841
1003,0.2269209,0.19577235,0.20961313,0.14317572,0.017307773,0.05259663
1004,0.035246346,0.053964477,0.02545993,0.01703944,0.009786416,0.036925036
1005,4.320098,2.726893,3.8263383,2.4396703,0.49375963,0.28722262
1006,0.02885163,0.0907339,0.022391122,0.023466099,0.0064605083,0.067267805
1007,0.041509353,0.059084725,0.030676078,0.022919811,0.010833275,0.036164913
1008,0.025262047,0.046381388,0.029771548,0.028016686,-0.004509501,0.018364701
1009,0.04906149,-0.0053089317,0.052668292,0.032101408,-0.0036068037,-0.03741034
1010,0.077567406,0.02545011,0.06062395,0.04960372,0.016943455,-0.024153609
1011,6.757473,4.7317233,5.8857903,4.343564,0.87168264,0.38815928
1012,0.011553273,0.12559418,0.010959473,0.010977482,0.00059379917,0.1146167
1013,2.8033195,2.0666664,2.7550194,2.0747967,0.048300028,-0.008130312
1014,0.032427944,0.034296125,0.03624042,0.028380726,-0.003812477,0.0059153996
1015,2.0402186,1.2874184,1.9627947,1.2724335,0.07742393,0.014984846
1016,0.04371012,0.09581703,0.046805352,0.039736778,-0.003095232,0.056080252
1017,0.20036043,0.13767134,0.16671243,0.12101054,0.033648,0.016660795
1018,3.056189,1.6806806,2.8436046,1.9143568,0.2125845,-0.2336762
1019,0.09422087,0.11266866,0.08723077,0.060679477,0.0069900975,0.051989187
1020,1.9779619,1.2719918,1.8091952,1.225861,0.16876674,0.046130896
1021,1.7606266,1.3477427,1.6319729,1.3174824,0.12865365,0.030260324
1022,0.032360125,-0.008334043,0.027142188,0.016755765,0.0052179378,-0.025089808
1023,0.024447637,0.02936623,0.024999317,0.019884061,-0.0005516801,0.0094821695
1024,0.08926536,0.040132962,0.10172804,0.062917344,-0.012462676,-0.022784382
1025,-0.011190767,-0.021092108,0.015860323,0.007181816,-0.027051091,-0.028273923
1026,0.9104457,0.66170734,0.8360568,0.5921639,0.07438886,0.06954342
1027,0.28767082,0.2151733,0.27256516,0.20156741,0.015105665,0.013605893
1028,4.0957355,2.8596075,3.7078946,2.9422376,0.387841,-0.08263016
1029,0.032968525,0.06506199,0.0271721,0.028397948,0.005796425,0.03666404
1030,0.025989665,0.018564088,0.021306822,0.012446811,0.0046828426,0.006117277
1031,0.062108863,0.017775215,0.06544986,0.048657153,-0.0033410005,-0.030881938
1032,0.9795587,0.7041644,0.8568133,0.62131226,0.122745395,0.082852125
1033,0.045157026,0.03035193,0.036305744,0.036019437,0.008851282,-0.0056675076
1034,0.033475097,0.05475181,0.020829383,0.013923687,0.012645714,0.040828124
1035,5.3148246,2.7951171,5.27033,3.016473,0.04449463,-0.22135592
1036,0.040622134,0.0849978,0.041883636,0.029133197,-0.0012615025,0.055864606
1037,0.01591958,0.014698979,0.018258892,0.013156881,-0.0023393128,0.0015420988
1038,1.0962709,0.7771368,1.0638975,0.73512095,0.03237343,0.04201585
1039,-0.007021501,0.11496703,0.015811495,0.008920675,-0.022832997,0.106046356
1040,-0.0006144108,0.07990029,0.0044891504,0.0065576285,-0.005103561,0.07334266
1041,2.4943986,1.3332883,1.9822359,1.6887562,0.5121627,-0.35546792
1042,0.0364736,-0.011990503,0.036717538,0.021372566,-0.00024393946,-0.03336307
1043,0.09615887,0.036383618,0.10239389,0.07474554,-0.0062350184,-0.038361926
1044,1.8836195,1.2561706,1.4910834,1.1660904,0.39253616,0.09008026
1045,1.2832202,0.9547727,1.2611992,0.9449528,0.022020936,0.009819925
1046,1.609594,1.0733423,1.4544185,1.0572727,0.15517545,0.01606965
1047,1.6932852,1.2836604,1.4828691,1.0624506,0.21041608,0.22120976
1048,0.002039591,0.21339734,0.025305381,0.01950731,-0.02326579,0.19389004
1049,0.035961457,0.01813763,0.046634145,0.03938832,-0.0106726885,-0.021250691
1050,0.04741216,0.1610625,0.0449663,0.037598714,0.0024458617,0.12346378
1051,0.018532244,0.0032797905,0.021358464,0.016776383,-0.0028262194,-0.013496593
1052,0.032922048,0.05412254,0.030295545,0.021937095,0.002626503,0.032185446
1053,4.014069,2.3942857,3.5304532,1.907844,0.48361588,0.48644173
1054,1.5856607,0.8335134,1.1041622,0.69734555,0.48149848,0.13616782
1055,0.03479901,-0.0016295605,0.026613647,0.023768108,0.008185362,-0.02539767
1056,5.489555,3.8415675,4.0351553,3.6073375,1.4543996,0.23423004
1057,1.451421,0.81669754,1.2843158,0.8150032,0.1671052,0.0016943216
1058,0.11676233,0.035016347,0.109237984,0.06555188,0.007524349,-0.03053553
1059,1.5490243,1.0684735,1.3306129,1.055625,0.21841145,0.012848496
1060,0.023105511,0.0023154728,0.03706399,0.025777912,-0.013958478,-0.023462439
1061,0.17470141,0.2032075,0.17917547,0.13591182,-0.0044740587,0.06729567
1062,0.09782664,0.11566254,0.09703789,0.08392211,0.00078874826,0.031740427
1063,1.6333344,1.0941693,1.4701743,1.0499673,0.16316009,0.04420197
1064,0.43991032,0.41799212,0.3992821,0.2910035,0.040628225,0.12698862
1065,1.1929064,0.7642192,1.1368997,0.78541213,0.05600667,-0.021192908
1066,2.0711002,1.5225495,1.8323567,1.3478222,0.23874354,0.17472732
1067,0.33214572,0.2247151,0.3134233,0.22896841,0.018722415,-0.004253313
1068,1.3708931,1.018099,1.215784,0.89082545,0.15510917,0.1272735
1069,1.2394717,0.81092966,1.0950595,0.7333775,0.14441216,0.07755214
1070,0.080810055,0.08000409,0.07834102,0.059774846,0.002469033,0.020229243
1071,1.2038027,0.6649839,1.0956873,0.7248751,0.108115435,-0.059891164
1072,0.10034179,0.17035781,0.11754668,0.08507943,-0.017204888,0.08527838
1073,0.02447337,0.10009511,0.020002775,0.009394559,0.004470594,0.09070055
1074,0.056925263,-0.023726143,0.06409701,0.03922257,-0.0071717463,-0.06294871
1075,0.13985252,0.11078288,0.13657834,0.08342114,0.0032741874,0.027361736
1076,2.1126645,1.3298708,1.9459683,1.2803209,0.16669619,0.049549937
1077,0.22246353,0.18958126,0.2085785,0.16248755,0.013885036,0.027093709
1078,0.037737787,0.06331423,0.037639603,0.028199473,9.818375e-05,0.035114758
1079,1.5123721,1.0533876,1.4290879,1.046427,0.08328426,0.0069606304
1080,1.6083682,1.1171153,1.5096538,1.0293021,0.09871435,0.08781314
1081,0.02202176,0.001836803,0.014196235,0.014487607,0.007825525,-0.012650805
1082,1.9882993,1.3147418,1.8227532,1.2846313,0.16554606,0.030110598
1083,0.046653222,-0.014776874,0.045125347,0.024959559,0.0015278757,-0.039736435
1084,1.138325,0.6987724,1.0866976,0.7470671,0.051627398,-0.048294723
1085,1.2476304,1.0208571,1.1726568,0.8967291,0.07497358,0.124127984
1086,0.03987305,0.046822313,0.057649493,0.04903888,-0.017776445,-0.0022165664
1087,0.079540856,0.059600323,0.069424346,0.04741987,0.01011651,0.012180455
1088,0.02997983,0.011372172,0.022491273,0.015969958,0.007488558,-0.004597786
1089,0.091310255,0.0072696474,0.09709021,0.059300043,-0.005779952,-0.052030396
1090,0.015204402,0.008476658,0.03284756,0.03266139,-0.01764316,-0.024184732
1091,0.039868794,0.13178167,0.057321172,0.045060016,-0.017452378,0.08672165
1092,0.0034773569,0.21519949,0.029241353,0.019532125,-0.025763996,0.19566736
1093,0.0076606385,-0.03493472,0.019655447,0.016556196,-0.011994809,-0.051490914
1094,0.03620575,0.05028015,0.024664208,0.017355029,0.011541542,0.03292512
1095,3.2365797,2.3337145,2.990497,2.2320619,0.24608254,0.10165262
1096,2.491504,1.7237327,2.3350747,1.706455,0.15642929,0.017277718
1097,0.05411014,0.042840637,0.037183035,0.020781262,0.016927104,0.022059375
1098,0.063509524,0.058669426,0.062247705,0.04388018,0.0012618192,0.014789246
1099,1.3180444,0.90816927,1.0345873,0.7077193,0.28345716,0.20044994
1100,0.086177014,0.04718128,0.0760361,0.04555382,0.010140911,0.0016274601
1101,0.06656226,0.064675316,0.063115284,0.04640433,0.0034469739,0.018270988
1102,1.7337329,1.2202548,1.5231979,1.1814468,0.21053505,0.03880799
1103,-0.018460229,0.12723222,0.023648439,0.02122688,-0.04210867,0.10600534
1104,1.8200577,1.2389673,1.6640829,1.1055648,0.15597486,0.13340247
1105,0.026236627,0.10417316,0.04609252,0.034882497,-0.019855894,0.06929067
1106,1.8465586,1.0618532,1.5860474,1.1120441,0.26051116,-0.050190926
1107,0.0595941,0.14595012,0.05737137,0.043026976,0.002222728,0.10292315
1108,1.9634701,1.2503122,1.4762653,1.0790148,0.4872048,0.17129743
1109,0.01585716,-0.011428488,0.017434444,0.014429232,-0.0015772842,-0.02585772
1110,1.1739175,0.7247063,1.0672516,0.74590594,0.10666597,-0.021199644
1111,0.0211743,0.005288048,0.035676904,0.027574116,-0.014502604,-0.022286069
1112,-0.030944204,0.12096834,0.0098565975,0.0042062597,-0.040800802,0.11676208
1113,1.5113153,0.8747597,0.93665725,0.6895042,0.5746581,0.18525547
1114,1.7641706,1.2170631,1.6627471,1.1916603,0.1014235,0.025402784
1115,0.025691884,0.02884463,0.031322442,0.02570417,-0.0056305584,0.0031404607
1116,0.18600252,0.18359903,0.18639933,0.14535388,-0.00039680302,0.03824514
1117,0.39097884,0.23527953,0.34614223,0.23892443,0.04483661,-0.0036448985
1118,-0.037966903,0.14818119,0.015015112,0.0072996123,-0.052982017,0.14088157
1119,1.0302284,0.7673955,1.0020485,0.7215504,0.028179884,0.04584509
1120,0.13456295,0.15631486,0.14862634,0.107581116,-0.014063388,0.04873375
1121,0.016948357,0.08836137,0.031112019,0.021473456,-0.014163662,0.066887915
1122,1.281275,0.91861117,1.263588,0.8859948,0.017687082,0.032616377
1123,0.055045485,0.079623215,0.03470152,0.02614564,0.020343967,0.053477574
1124,0.06845786,0.046161693,0.044998534,0.030292314,0.023459323,0.015869379
1125,1.6817447,1.0692396,1.5814846,1.1710565,0.10026014,-0.10181689
1126,0.07994158,0.015566906,0.08372507,0.064217605,-0.0037834942,-0.048650697
1127,3.7255173,2.65945,3.4940753,2.8133643,0.23144197,-0.15391421
1128,1.7876682,1.3055499,1.7463577,1.2769387,0.04131055,0.028611183
1129,0.25972962,0.171747,0.2377528,0.16369191,0.021976829,0.008055091
1130,2.61399,1.551271,2.225776,1.3780714,0.3882141,0.17319953
1131,0.03608068,0.013225081,0.04491823,0.032624908,-0.008837551,-0.019399825
1132,0.03500527,-0.0025092151,0.042927913,0.02763327,-0.007922642,-0.030142486
1133,0.14721684,0.11490442,0.12433486,0.08268441,0.022881985,0.032220006
1134,0.021899363,-0.0015560811,0.037290435,0.037320904,-0.015391072,-0.038876984
1135,0.13775305,0.16187601,0.13425171,0.09074871,0.0035013407,0.071127295
1136,0.070692115,0.13151313,0.060572676,0.039943248,0.010119438,0.091569886
1137,0.09411079,0.064085364,0.076564886,0.061160713,0.017545901,0.002924651
1138,0.12838648,0.08698329,0.11953467,0.06958335,0.008851811,0.017399944
1139,0.12500708,0.14366588,0.12493565,0.08384217,7.1428716e-05,0.059823707
1140,1.8155572,1.1454091,1.5372298,1.1151483,0.27832747,0.030260801
1141,0.028466675,0.028769568,0.032264024,0.03243234,-0.0037973486,-0.0036627725
1142,0.32286462,0.24594003,0.30507752,0.21442756,0.017787099,0.03151247
1143,0.6955191,0.57048124,0.64473724,0.45385295,0.050781846,0.11662829
1144,0.0052181464,0.010914783,0.009288358,0.014607286,-0.004070211,-0.003692503
1145,0.01678263,0.01791934,0.020793306,0.021189395,-0.0040106755,-0.003270056
1146,4.590324,2.7018018,3.576772,1.2791599,1.013552,1.4226419
1147,1.8829861,1.204524,1.4043916,1.0597717,0.47859442,0.14475238
1148,0.07799155,0.057320714,0.058351636,0.04478673,0.019639917,0.012533985
1149,1.9763759,1.2340541,1.7843415,1.2619529,0.19203448,-0.027898788
1150,1.4113033,0.88057125,1.1932976,0.8103441,0.21800566,0.070227146
1151,0.07516305,0.13919707,0.09227426,0.05977744,-0.017111212,0.07941963
1152,0.046670754,0.010563318,0.041873623,0.035473373,0.004797131,-0.024910055
1153,0.076052845,0.050694063,0.076373026,0.04442899,-0.00032018125,0.006265074
1154,1.1999805,0.6878549,1.0589057,0.6866603,0.14107478,0.0011945963
1155,0.007437309,0.12953433,0.02030787,0.020084469,-0.012870561,0.10944986
1156,1.8739063,1.2821748,1.7157099,1.3046067,0.15819633,-0.02243185
1157,0.037826966,0.14974026,0.030550903,0.024351692,0.007276064,0.12538858
1158,0.12064248,0.090245955,0.11184414,0.08469151,0.008798346,0.005554445
1159,0.023305641,0.12028522,0.023723066,0.01596297,-0.00041742437,0.104322255
1160,0.053196453,0.038909536,0.03098756,0.025260335,0.022208892,0.013649201
1161,0.015484449,-0.0025987818,0.014798796,0.009487258,0.00068565365,-0.01208604
1162,1.0004302,0.7089097,0.9688916,0.68242675,0.031538606,0.02648294
1163,1.452157,1.0975691,1.4185349,1.1122963,0.033622146,-0.014727235
1164,-0.0060519893,-0.018920612,0.0017926864,0.0056463527,-0.007844675,-0.024566963
1165,1.5880985,1.0776085,1.5460231,1.0137272,0.042075396,0.06388128
1166,4.2339497,2.4469123,3.7128556,2.2695937,0.5210941,0.17731857
1167,1.2606535,0.9170078,1.2211263,0.86602956,0.039527178,0.050978243
1168,0.039327048,0.06905954,0.031390734,0.031604804,0.007936314,0.03745474
1169,0.49090567,0.35768068,0.45400292,0.3236362,0.036902755,0.034044474
1170,0.044149734,0.024869943,0.037396237,0.0256258,0.006753497,-0.0007558577
1171,0.047334604,-0.015889673,0.050990842,0.034767583,-0.0036562383,-0.050657257
1172,0.0539145,0.13632455,0.08022742,0.05678596,-0.026312921,0.0795386
1173,2.6048412,1.3920764,1.6253624,1.1612058,0.97947884,0.2308706
1174,0.013082375,0.13483758,0.04029651,0.02895614,-0.027214136,0.105881445
1175,0.04874247,0.03346187,0.06812917,0.05668529,-0.019386698,-0.023223422
1176,1.9274611,1.0999956,1.6692101,1.1598532,0.25825107,-0.059857607
1177,1.688634,1.1511029,1.4704237,0.9995753,0.21821034,0.15152758
1178,0.12042003,0.04320563,0.10974683,0.057281148,0.010673203,-0.014075518
1179,0.11250018,0.08408962,0.10442732,0.075119816,0.008072861,0.008969806
1180,0.03184419,-0.07130407,0.023589512,0.009636184,0.008254679,-0.080940254
1181,2.8132882,1.170308,2.0252166,1.2374393,0.78807163,-0.06713128
1182,0.068496265,0.063342765,0.05896177,0.052030247,0.009534493,0.011312518
1183,1.0654984,0.7126797,0.96790206,0.71794,0.09759629,-0.0052602887
1184,0.19285642,0.17765415,0.18922824,0.13600823,0.0036281794,0.041645914
1185,3.0410774,1.0018786,2.0851839,0.77315474,0.9558935,0.22872388
1186,0.036529113,0.08128465,0.035493582,0.036661394,0.0010355301,0.044623256
1187,0.057894606,0.034843862,0.06470972,0.050568737,-0.006815117,-0.015724875
1188,0.1831252,0.1042359,0.17226747,0.12312176,0.010857731,-0.018885858
1189,1.6169772,0.9163055,1.2543886,0.8696227,0.36258864,0.046682775
1190,3.406014,1.4934804,2.643197,1.8247652,0.7628169,-0.33128476
1191,0.060055867,0.030306825,0.05285261,0.041502967,0.0072032586,-0.011196142
1192,0.13198957,0.079371005,0.14242914,0.09220368,-0.010439575,-0.012832671
1193,0.03941222,0.05902686,0.041446976,0.03177131,-0.0020347573,0.02725555
1194,0.010037569,-0.019516496,0.022476476,0.018695813,-0.012438906,-0.038212307
1195,1.8506405,1.1829787,1.6949116,1.1282952,0.15572894,0.054683566
1196,2.0001037,1.1287223,1.6030735,1.104994,0.39703023,0.023728251
1197,2.1040685,1.634318,1.9961569,1.5870821,0.10791159,0.047235847
1198,2.2699564,1.4329689,1.8127203,1.5137784,0.45723605,-0.08080959
1199,0.041045308,0.1531873,0.03984449,0.031369545,0.0012008175,0.12181776
1200,0.018863317,-0.029116621,0.023514923,0.013184363,-0.004651606,-0.042300984
1201,0.09386072,0.15618448,0.08122142,0.06463672,0.0126393065,0.09154776
1202,1.4798533,1.0068635,1.4293047,0.9977214,0.050548553,0.009142101
1203,-0.021640401,0.14069094,0.016850919,0.0104602445,-0.03849132,0.1302307
1204,1.4333621,1.0286815,1.3551836,0.9496994,0.078178525,0.078982115
1205,2.942612,2.101668,2.7783787,2.0600286,0.16423321,0.041639328
1206,-0.025010502,0.12276213,0.0135280965,0.0064344867,-0.038538598,0.11632764
1207,1.5359898,1.0699778,1.4697535,1.0771191,0.06623626,-0.0071413517
1208,0.02948793,-0.0007946147,0.009398131,0.0053189876,0.0200898,-0.0061136023
1209,1.8262792,1.2913945,1.6329587,1.169109,0.19332051,0.122285485
1210,2.7956944,2.0367942,2.6662185,1.889933,0.12947583,0.1468612
1211,1.429546,1.0931468,1.4082582,1.1025256,0.021287799,-0.009378791
1212,0.026237354,0.056368563,0.021434236,0.01858352,0.0048031174,0.037785046
1213,0.018434137,-0.03339587,0.0129056275,0.01104069,0.0055285096,-0.044436563
1214,0.96551,0.65422666,0.885039,0.61194456,0.08047104,0.042282104
1215,0.042082407,0.04078358,0.04178073,0.027108341,0.00030167773,0.013675239
1216,0.14726269,0.17303309,0.14937659,0.10709258,-0.0021138936,0.06594051
1217,0.002516748,0.13084126,0.013209301,0.0098877335,-0.010692554,0.12095352
1218,0.029923454,0.13652603,0.02669915,0.015880948,0.003224304,0.12064508
1219,0.27535602,0.19536863,0.270562,0.18034923,0.0047940314,0.015019402
1220,0.03381902,0.146267,0.031671196,0.026545892,0.0021478236,0.11972111
1221,0.041324947,-0.013045765,0.036671866,0.016739432,0.0046530813,-0.029785197
1222,0.26297346,0.2111469,0.25814533,0.18334651,0.0048281252,0.027800396
1223,0.04686364,0.03714842,0.03596317,0.029796412,0.010900471,0.0073520076
1224,0.06636108,0.0033172786,0.07417794,0.045364685,-0.007816866,-0.042047407
1225,1.1343061,0.74804443,1.0192149,0.7510087,0.115091205,-0.0029642582
1226,0.0437391,0.047011152,0.040954966,0.042251028,0.002784133,0.004760124
1227,0.15584981,0.12849708,0.15254116,0.11411244,0.0033086538,0.014384642
1228,0.10156907,0.044744585,0.09384183,0.062539026,0.007727243,-0.017794441
1229,0.011575531,-0.026221255,0.029024681,0.02025874,-0.01744915,-0.046479993
1230,1.8569267,1.349498,1.7479913,1.3125207,0.108935356,0.03697729
1231,2.080028,1.1810583,1.444188,1.0190524,0.63584006,0.1620059
1232,1.2170287,0.8643552,1.1464913,0.84046334,0.07053745,0.023891866
1233,0.06803013,0.028639212,0.07026897,0.04933133,-0.0022388473,-0.020692118
1234,1.172148,0.8394728,1.1130425,0.7948381,0.059105515,0.0446347
1235,2.8264098,2.0576103,2.3379102,1.7765453,0.48849964,0.281065
1236,0.014618018,0.07274497,0.007102205,0.009339221,0.0075158128,0.06340575
1237,0.23302343,0.18170846,0.20900862,0.15921769,0.024014816,0.02249077
1238,0.049188368,0.061412558,0.044831593,0.0319954,0.0043567754,0.029417157
1239,2.7699132,1.6696475,2.4419663,1.862558,0.3279469,-0.19291055
1240,-0.04058348,0.21578169,0.011627434,0.009040581,-0.052210912,0.20674111
1241,0.020074554,-0.044653144,0.019816447,0.012448551,0.00025810674,-0.057101697
1242,1.198812,0.8543068,1.1679586,0.8300133,0.03085339,0.024293542
1243,0.05454452,0.14379719,0.07960378,0.05057187,-0.025059257,0.093225315
1244,0.07875512,0.018943653,0.08397789,0.05773715,-0.005222775,-0.038793497
1245,0.05253056,0.020208554,0.060745217,0.05954664,-0.008214656,-0.039338082
1246,0.2813872,0.20578541,0.26365492,0.19376239,0.017732292,0.012023017
1247,0.022203475,0.048408013,0.018410208,0.015963275,0.0037932675,0.032444738
1248,2.6390834,1.4320003,1.7879393,0.8577956,0.8511441,0.5742047
1249,-0.021093119,0.17947598,0.008771518,0.00394155,-0.029864637,0.17553443
1250,0.04310495,0.07204847,0.039343614,0.036157034,0.0037613362,0.035891436
1251,0.15176728,0.15144223,0.15207803,0.107807174,-0.00031074882,0.043635055
1252,1.1313074,0.77154887,1.0031465,0.71274453,0.12816083,0.058804333
1253,0.11333045,0.16365373,0.13563436,0.08252143,-0.022303909,0.0811323
1254,0.040733397,0.16677731,0.031820755,0.030920666,0.008912642,0.13585664
1255,0.080279455,0.09517359,0.07712434,0.060471773,0.0031551123,0.034701817
1256,0.016922629,-0.0066647776,0.028447568,0.021779472,-0.01152494,-0.02844425
1257,0.09176196,0.084717564,0.081185564,0.07027589,0.010576397,0.014441676
1258,-0.005287432,0.09377958,0.02482988,0.023782598,-0.03011731,0.06999698
1259,5.0988717,2.5586267,3.305963,1.7177169,1.7929087,0.8409097
1260,0.26512536,0.24314888,0.26176313,0.20372581,0.0033622384,0.039423063
1261,1.0051005,0.8310674,0.9491474,0.72946763,0.055953085,0.10159975
1262,0.9598442,0.70751584,0.8805453,0.6627549,0.079298854,0.044760942
1263,1.2942568,0.9705995,1.2323974,0.91778624,0.06185937,0.052813232
1264,0.14133869,0.062828474,0.13063034,0.09834594,0.010708347,-0.03551747
1265,0.1630419,0.19342408,0.16127005,0.122757874,0.0017718524,0.0706662
1266,0.055215206,0.119093224,0.061903737,0.03405717,-0.0066885315,0.085036054
1267,0.031090733,-0.008205953,0.026511312,0.02452467,0.004579421,-0.032730624
1268,1.5538598,1.1712067,1.5017116,1.1223408,0.052148223,0.048865914
1269,1.1200875,0.8283137,1.0728143,0.768695,0.04727316,0.05961871
1270,0.13751227,0.124427386,0.13482423,0.100056514,0.0026880354,0.024370871
1271,0.07411178,0.03434365,0.050925124,0.042208355,0.023186658,-0.007864706
1272,0.096456856,0.021287434,0.09204319,0.05410099,0.0044136643,-0.032813556
1273,3.2344246,1.7920485,2.7576401,1.83255,0.47678447,-0.040501595
1274,2.9560642,1.1595708,2.4624875,1.406955,0.49357677,-0.24738419
1275,2.239981,1.6596025,2.1416073,1.5651133,0.09837365,0.09448922
1276,5.748684,1.9237157,3.9018548,2.561655,1.8468292,-0.63793933
1277,0.037785277,0.051829636,0.031161744,0.026986409,0.0066235326,0.024843227
1278,0.011441972,-0.06780255,0.016582085,0.012571441,-0.0051401127,-0.08037399
1279,0.029261693,-0.020182569,0.030699719,0.01897848,-0.0014380254,-0.03916105
1280,0.012687727,0.00094920304,0.018444879,0.011739183,-0.005757152,-0.01078998
1281,0.018679453,-0.0067090797,0.017203176,0.010465784,0.0014762767,-0.017174864
1282,1.2897993,0.98229825,1.2108426,0.89209616,0.07895672,0.09020209
1283,-0.0042355526,-0.038761646,0.0076849014,0.0074964417,-0.011920454,-0.04625809
1284,0.06311768,0.047535878,0.03230921,0.0350908,0.030808471,0.012445077
1285,0.12449176,0.055961628,0.12071252,0.07614004,0.00377924,-0.020178411
1286,-0.0019280032,-0.0111656515,0.0070231073,0.0075891623,-0.008951111,-0.018754814
1287,-0.009108158,0.14521013,0.008597878,0.011610997,-0.017706037,0.13359913
1288,1.7195549,0.9884558,1.1370972,0.8489216,0.58245766,0.13953418
1289,0.029894182,0.009578086,0.04010891,0.02915065,-0.010214729,-0.019572563
1290,0.14669155,0.11453731,0.14829515,0.093526736,-0.0016036034,0.021010578
1291,1.8465447,1.3680353,1.7254784,1.2374413,0.12106633,0.13059402
1292,1.3756706,0.9082289,1.1447091,0.8452379,0.23096144,0.06299096
1293,-0.018545568,0.007355537,0.015034812,0.012247783,-0.033580378,-0.0048922463
1294,1.2734538,0.98916465,1.214346,0.9128879,0.05910778,0.07627678
1295,0.18083145,0.21974164,0.15789971,0.11616415,0.02293174,0.103577495
1296,-0.016758598,0.118863665,0.014200324,0.007236498,-0.030958923,0.11162717
1297,2.6239805,1.9699506,2.5428681,1.9017258,0.081112385,0.06822479
1298,1.8682252,1.2749574,1.7503402,1.2832462,0.11788499,-0.008288741
1299,0.058819298,0.063714616,0.04736281,0.037935905,0.01145649,0.02577871
1300,0.12701747,0.053678952,0.11013281,0.063348696,0.016884655,-0.0096697435
1301,-0.01933105,0.12714529,0.020546531,0.010252294,-0.03987758,0.11689299
1302,4.2830763,2.7336416,3.4836555,2.282352,0.79942083,0.45128965
1303,1.2195026,0.7911175,1.1233709,0.7363047,0.09613168,0.05481279
1304,2.7066422,1.5422724,2.6135378,1.5891883,0.09310436,-0.04691589
1305,1.8187287,1.3610044,1.7550749,1.1885729,0.06365383,0.17243147
1306,0.01694054,-0.0045169173,0.008248745,0.0052379263,0.008691794,-0.009754844
1307,0.021020185,0.1198594,0.019159457,0.020511959,0.0018607285,0.09934744
1308,-0.02490091,0.12161795,0.0133873345,0.005700919,-0.038288243,0.115917034
1309,3.1608453,2.1425982,2.5757096,1.9686495,0.5851357,0.17394865
1310,0.06501587,0.04792022,0.057820417,0.045280878,0.0071954504,0.002639342
1311,0.02279449,-0.031249506,0.029773762,0.013720879,-0.006979272,-0.044970386
1312,0.005259881,0.18398114,0.018875608,0.013253282,-0.013615727,0.17072785
1313,1.2239068,0.8641185,1.1200893,0.84465015,0.10381746,0.019468367
1314,0.028417021,0.009977944,0.024689259,0.014344623,0.003727762,-0.004366679
1315,1.1589686,0.8544033,1.0898317,0.7827806,0.06913686,0.07162273
1316,1.8502655,1.384055,1.7475067,1.2991223,0.102758765,0.084932685
1317,-0.016362175,-0.041274566,0.0105227325,0.009220624,-0.026884908,-0.050495192
1318,1.3649244,0.9534214,1.3361771,0.9585025,0.02874732,-0.0050810575
1319,0.018643936,0.04364346,0.015598458,0.01327193,0.003045478,0.03037153
1320,-0.038690917,0.17764415,0.024598042,0.017172445,-0.06328896,0.16047171
1321,2.1310766,1.4758056,1.8061609,1.4060047,0.32491565,0.06980097
1322,-0.016838152,0.14352065,0.015895043,0.0118878465,-0.032733195,0.1316328
1323,0.0440463,0.059663,0.029839624,0.023208043,0.014206678,0.03645496
1324,1.3345784,0.94123065,1.1867687,0.92531526,0.14780974,0.015915394
1325,1.3404807,0.8721804,1.2943928,0.8539826,0.04608786,0.018197775
1326,0.25713068,0.15677735,0.23873535,0.16119543,0.018395334,-0.004418075
1327,0.1436916,0.08361126,0.13120382,0.09158474,0.012487784,-0.007973485
1328,1.1563015,0.68288493,1.0900452,0.6886569,0.066256285,-0.0057719946
1329,1.5716515,1.2233653,1.4709402,1.0954589,0.10071123,0.12790644
1330,-0.028417345,0.16939588,0.020252114,0.011378708,-0.048669457,0.15801717
1331,0.27242354,0.23757458,0.2595914,0.1678802,0.012832135,0.06969437
1332,0.16357994,0.1115582,0.12956467,0.096446544,0.034015268,0.015111655
1333,0.02995663,0.13199574,0.06142827,0.040741716,-0.03147164,0.091254026
1334,-0.023283133,-0.057060756,0.00904056,0.008093583,-0.032323692,-0.06515434
1335,-0.024446558,0.1387002,0.022806896,0.01697677,-0.047253452,0.12172343
1336,0.42674845,0.3461846,0.38773152,0.27493316,0.039016932,0.07125145
1337,2.1614618,1.1817226,1.6766971,1.103189,0.4847647,0.07853365
1338,0.05248273,0.0139065245,0.053934656,0.050009977,-0.0014519244,-0.036103453
1339,-0.02723545,0.11999463,0.011029147,0.005093337,-0.038264595,0.1149013
1340,0.23241389,0.19394998,0.21394598,0.14799276,0.018467903,0.045957223
1341,-0.020314373,0.018278075,0.007403857,0.009406345,-0.027718231,0.00887173
1342,0.40163168,0.3448829,0.38130414,0.2691249,0.020327538,0.07575801
1343,0.05613904,0.07356112,0.049439527,0.04218343,0.0066995136,0.031377688
1344,1.3996089,0.98872703,1.3722699,0.97512376,0.027338982,0.01360327
1345,0.055614512,0.036291014,0.035809413,0.028427407,0.0198051,0.007863607
1346,1.4413816,1.0728357,1.3668494,0.9802367,0.07453215,0.092598975
1347,2.7385528,1.3981204,1.7896249,1.072036,0.9489279,0.32608438
1348,1.3507916,0.90823036,1.2409732,0.8757615,0.10981834,0.032468855
1349,0.015255709,-0.04036932,0.020127406,0.013254985,-0.004871697,-0.053624306
1350,-0.0048133987,-0.045448013,0.017675918,0.012151133,-0.022489317,-0.057599146
1351,0.12892206,0.036568645,0.13262527,0.08035473,-0.0037032068,-0.043786082
1352,0.9577183,0.63906336,0.84524393,0.6131158,0.11247438,0.02594757
1353,0.034802537,-0.02048216,0.050304692,0.034478053,-0.015502155,-0.054960214
1354,3.276871,2.153685,3.1315494,2.2201355,0.14532161,-0.06645036
1355,0.045979425,0.02171773,0.034701787,0.030585628,0.011277638,-0.008867897
1356,0.011314671,-0.022569029,0.02650992,0.01884994,-0.01519525,-0.04141897
1357,0.037479337,-0.003420798,0.027078608,0.023328302,0.010400729,-0.0267491
1358,0.08977712,0.06980571,0.08510159,0.06603824,0.00467553,0.003767468
1359,0.08593803,0.09113054,0.083417214,0.070752844,0.0025208145,0.020377696
1360,-0.025159625,0.12106046,0.012772465,0.00716726,-0.03793209,0.1138932
1361,-0.0018917038,-0.03245862,0.0128524555,0.008295139,-0.014744159,-0.04075376
1362,0.05851039,0.09415708,0.050190546,0.050547887,0.008319844,0.04360919
1363,1.9342761,1.2288684,1.6207072,1.2409217,0.31356895,-0.0120533705
1364,0.028547907,-0.02084639,0.025432482,0.011573228,0.003115425,-0.03241962
1365,0.048060182,0.042308647,0.03779504,0.02668566,0.010265142,0.0156229865
1366,0.04534508,0.06245876,0.05069651,0.04222047,-0.0053514317,0.020238291
1367,0.04622702,0.003950926,0.039998136,0.023067934,0.006228883,-0.019117009
1368,0.33977392,0.27108058,0.32617348,0.23698187,0.013600439,0.034098715
1369,0.06737702,0.022652738,0.078505166,0.05182171,-0.0111281425,-0.02916897
1370,4.5957727,2.88374,3.5443368,2.6878736,1.051436,0.19586635
1371,3.0485766,2.3699806,2.8701591,2.248927,0.17841744,0.12105346
1372,1.6887938,1.265859,1.6242411,1.2050455,0.064552665,0.060813546
1373,1.4724058,1.0681279,1.3282349,0.96194494,0.14417088,0.10618293
1374,4.933575,3.5438983,3.9349742,2.7990925,0.99860096,0.7448058
1375,0.0088105025,-0.0009196199,0.026034255,0.023546582,-0.017223753,-0.024466202
1376,0.04684219,0.031230235,0.055469513,0.02622066,-0.008627322,0.005009575
1377,-0.007111882,0.178662,0.02396543,0.011817728,-0.03107731,0.16684428
1378,1.4183327,0.98900115,1.3415744,0.92025316,0.076758265,0.068748
1379,0.05954745,0.07506649,0.056595527,0.04710224,0.0029519238,0.027964253
1380,0.04500373,0.060681995,0.043868467,0.028170472,0.0011352636,0.032511525
1381,1.8185092,1.2957761,1.6392114,1.2307816,0.1792978,0.06499457
1382,1.3600537,0.90476084,1.3310858,0.9207185,0.028967857,-0.015957654
1383,1.6777787,1.2341408,1.6174757,1.2225391,0.060302973,0.0116016865
1384,0.05316873,0.037117478,0.03255991,0.02465164,0.02060882,0.012465838
1385,3.8481393,2.7461104,2.5746264,2.0186267,1.2735128,0.72748375
1386,0.036625408,0.045645166,0.03686472,0.028817082,-0.00023931265,0.016828084
1387,0.09312766,0.14267056,0.11217366,0.06598515,-0.019046001,0.076685406
1388,0.26106402,0.19004826,0.2519246,0.19850305,0.009139419,-0.008454785
1389,1.6683608,1.4301615,1.5918413,1.2284696,0.07651949,0.20169187
1390,0.45686024,0.2944441,0.43921933,0.30138236,0.017640918,-0.006938249
1391,0.17434299,0.10179684,0.15822765,0.08941016,0.016115338,0.01238668
1392,0.03235485,0.061186895,0.023912542,0.02628105,0.008442309,0.034905843
1393,0.17866369,0.11943408,0.15527907,0.10576658,0.023384616,0.0136675015
1394,0.10037341,0.06995418,0.110581,0.085109,-0.010207593,-0.015154824
1395,-0.010523575,-0.017792858,0.0178485,0.010062484,-0.028372075,-0.027855342
1396,1.4133713,1.0902828,1.318897,1.0220313,0.094474316,0.06825149
1397,0.008918443,-0.018701106,0.024509484,0.019519847,-0.015591041,-0.038220953
1398,0.030078623,0.03741004,0.027768364,0.02434653,0.0023102593,0.013063509
1399,0.06062663,0.045242753,0.039197423,0.030294016,0.021429207,0.014948737
1400,0.096740596,0.0749691,0.07876748,0.061870217,0.017973118,0.013098881
1401,1.8891803,1.4465842,1.785738,1.2816935,0.10344231,0.16489077
1402,2.5634975,1.5340937,2.2655149,1.5095279,0.2979827,0.024565816
1403,0.053617187,-0.00698566,0.054333843,0.042427905,-0.00071665645,-0.049413566
1404,0.023833165,0.026868392,0.007260578,0.011093142,0.016572587,0.015775248
1405,1.7002691,1.0939139,1.49806,1.0611145,0.20220912,0.032799363
1406,0.044161733,0.014501735,0.055553544,0.03922789,-0.011391811,-0.024726156
1407,0.07113912,0.07889232,0.07336949,0.04865392,-0.0022303686,0.030238401
1408,0.9574419,0.58295536,0.8863858,0.59447944,0.07105613,-0.011524081
1409,1.4311743,1.0498407,1.3570168,1.024271,0.07415748,0.025569677
1410,1.6307038,1.186526,1.5907137,1.1817944,0.039990067,0.004731536
1411,0.055949442,-0.004755267,0.06721237,0.041083142,-0.011262931,-0.04583841
1412,1.7440668,1.1759024,1.5632727,1.1038094,0.18079412,0.07209301
1413,1.2696744,0.757642,0.9032944,0.7151495,0.36638004,0.04249245
1414,1.7067089,1.2369787,1.6268082,1.2240262,0.07990074,0.012952447
1415,2.5654602,1.3021767,2.2137208,1.3442045,0.3517394,-0.04202783
1416,0.10238686,0.09027525,0.093972996,0.06673339,0.008413866,0.02354186
1417,0.12963933,0.10639721,0.12566036,0.09222732,0.0039789677,0.014169894
1418,2.1816676,1.6454352,2.162465,1.6289132,0.01920247,0.01652205
1419,0.0649114,0.11783151,0.071215615,0.04495085,-0.006304212,0.07288066
1420,0.030655025,0.07113169,0.04041485,0.017553017,-0.009759827,0.053578675
1421,0.009889115,-0.03379595,0.016662966,0.009153284,-0.006773852,-0.042949233
1422,0.04617252,0.013851323,0.031949636,0.019146962,0.014222883,-0.005295639
1423,0.059785716,0.013385571,0.066567086,0.045500103,-0.0067813694,-0.03211453
1424,2.7593858,1.6440666,2.6414652,1.5276467,0.11792064,0.11641991
1425,0.26078537,0.17343405,0.24901481,0.18575202,0.011770561,-0.01231797
1426,0.13013054,0.11934677,0.1229949,0.090604976,0.0071356446,0.028741792
1427,2.4151938,1.201146,2.2834086,1.0988228,0.13178515,0.102323174
1428,0.027687557,0.058154125,0.026507646,0.026231632,0.0011799112,0.031922493
1429,0.027165852,0.022985058,0.021467473,0.015919702,0.005698379,0.007065356
1430,0.04526578,0.014291082,0.037214715,0.014459801,0.008051064,-0.00016871933
1431,0.18764772,0.31996015,0.14093277,0.10156925,0.046714947,0.2183909
1432,0.033807103,-0.052822858,0.032926,0.012892949,0.00088110194,-0.065715805
1433,1.5577713,1.0167809,1.3446681,0.836055,0.21310318,0.18072587
1434,0.0705023,0.054014757,0.06207143,0.047157433,0.008430872,0.0068573244
1435,1.6231775,0.9359019,1.2486223,0.9473427,0.37455523,-0.011440814
1436,0.39420262,0.32989073,0.3819992,0.27868453,0.012203425,0.0512062
1437,0.0367958,0.050788853,0.025879806,0.019487271,0.010915993,0.03130158
1438,0.028038427,0.05391442,0.025393639,0.01979443,0.0026447885,0.03411999
1439,1.3687848,0.8881047,1.3137143,0.88482416,0.05507052,0.0032805204
1440,1.5017107,0.9552262,1.3365953,0.8592292,0.16511536,0.095996976
1441,1.8048807,0.9709732,1.5561239,1.0215342,0.24875689,-0.05056101
1442,0.13462189,0.111565515,0.13029826,0.09596453,0.0043236315,0.015600987
1443,2.0399084,0.91814804,1.2026079,0.775904,0.83730054,0.14224404
1444,0.035459206,-0.027902946,0.044950593,0.028020438,-0.009491388,-0.055923384
1445,0.43017408,0.3168324,0.40383738,0.24393797,0.0263367,0.072894424
1446,0.17027514,0.07215779,0.16086657,0.096357726,0.009408563,-0.024199933
1447,0.095430695,0.10629045,0.08785789,0.068734065,0.0075728074,0.037556387
1448,0.032951675,0.13633932,0.058162265,0.038354713,-0.02521059,0.09798461
1449,1.9590967,1.207081,1.6588335,1.1003273,0.30026317,0.10675371
1450,0.023761285,0.008746175,0.028127614,0.019909088,-0.004366329,-0.0111629125
1451,0.035987776,0.039892297,0.022976441,0.024330545,0.013011334,0.015561752
1452,0.003302908,0.046779484,0.017813409,0.010906924,-0.014510501,0.03587256
1453,4.464058,2.3741667,3.0673575,2.2576303,1.3967004,0.11653638
1454,0.17210951,0.10575339,0.16150191,0.11130545,0.0106076,-0.005552061
1455,0.047543526,0.11984005,0.06846473,0.04486662,-0.020921208,0.07497343
1456,1.9978192,1.3321595,1.6590439,1.2326645,0.33877528,0.09949505
1457,0.028968945,0.044555,0.016602218,0.010227473,0.012366727,0.03432753
1458,0.35035896,0.31087005,0.2888608,0.19472937,0.061498165,0.11614068
1459,0.118262276,0.048871566,0.108244516,0.06358363,0.01001776,-0.014712062
1460,0.045369778,0.038871493,0.018276898,0.022214692,0.02709288,0.016656801
1461,0.019985268,-0.02945757,0.024477007,0.016056065,-0.004491739,-0.045513634
1462,1.2373546,0.842819,1.2128092,0.8240959,0.024545431,0.01872307
1463,0.04512001,0.04476807,0.042028278,0.026092734,0.0030917302,0.018675335
1464,0.008303221,-0.0012918251,0.008276744,0.006534035,2.64775e-05,-0.00782586
1465,0.086145036,0.17968662,0.09050665,0.0732646,-0.0043616146,0.10642202
1466,1.9112507,1.1135954,1.506492,1.0155944,0.4047587,0.098001
1467,0.05613258,0.061699178,0.037344,0.034266472,0.01878858,0.027432706
1468,2.1084132,1.3996156,2.077233,1.3240306,0.031180143,0.07558501
1469,0.050022967,0.10563912,0.034187723,0.028074643,0.015835244,0.07756448
1470,0.016693871,0.0021525784,0.032648273,0.017680371,-0.015954401,-0.015527792
1471,0.049564853,-0.007954642,0.06512711,0.048265018,-0.015562259,-0.05621966
1472,1.5281568,0.9208807,1.4791336,0.9403933,0.04902315,-0.019512653
1473,0.0144345695,0.038822874,0.013978446,0.01486015,0.0004561236,0.023962725
1474,0.061002888,0.041177563,0.043839023,0.034005277,0.017163865,0.0071722865
1475,0.024914304,0.13064608,0.019787122,0.021249108,0.005127182,0.10939697
1476,0.025878614,0.016297465,0.01780584,0.015406258,0.008072773,0.0008912068
1477,0.09509676,0.023388851,0.10644005,0.067166485,-0.011343293,-0.043777633
1478,1.431077,0.9737607,1.3497299,0.99328136,0.08134711,-0.01952064
1479,0.012470179,-0.04371541,0.017168153,0.011571924,-0.004697974,-0.055287335
1480,2.3298578,1.7088693,2.0839708,1.4864622,0.24588704,0.2224071
1481,0.16480625,0.10705706,0.14047019,0.108399846,0.024336055,-0.0013427883
1482,0.045873567,-0.009005632,0.0386921,0.017053332,0.0071814656,-0.026058964
1483,0.057951435,0.046904426,0.05417028,0.044159345,0.0037811548,0.0027450807
1484,0.101839796,0.038055368,0.08862199,0.05119611,0.013217807,-0.013140742
1485,2.1357625,1.5100768,2.037991,1.4003028,0.097771406,0.10977399
1486,1.3729062,0.89002216,1.0896727,0.8169303,0.28323352,0.073091865
1487,1.5662048,1.1048685,1.4290406,0.9493254,0.13716424,0.15554315
1488,0.035704453,0.09359572,0.027271098,0.027229419,0.008433355,0.0663663
1489,0.028849265,0.059127685,0.019949708,0.017989237,0.0088995565,0.041138448
1490,0.07644816,0.058322623,0.056364764,0.038409796,0.020083394,0.019912828
1491,0.035916664,0.09175565,0.025394138,0.02111682,0.010522526,0.070638835
1492,0.10742672,0.06870368,0.099235736,0.071597114,0.008190982,-0.002893433
1493,0.36984077,0.3825537,0.34867153,0.2625853,0.021169245,0.119968385
1494,0.9670678,0.67745686,0.8998041,0.6549101,0.06726366,0.022546768
1495,0.022939105,-0.04704398,0.023537192,0.011371268,-0.0005980879,-0.05841525
1496,0.026451029,0.15578075,0.024322858,0.020403158,0.0021281708,0.13537759
1497,1.2919558,0.92187744,1.0717937,0.80905294,0.22016215,0.1128245
1498,0.024655469,0.010719815,0.030870115,0.024099333,-0.0062146466,-0.013379518
1499,0.068849504,0.07817105,0.06929426,0.051410366,-0.00044475496,0.026760686
1500,1.2517686,0.89775485,1.1636741,0.88148373,0.08809447,0.016271114
1501,0.052935902,0.08198853,0.04556501,0.040361695,0.007370893,0.041626833
1502,0.009359517,0.08694674,0.0324218,0.029068649,-0.023062285,0.057878092
1503,0.05455733,-0.022496864,0.04887646,0.028010484,0.0056808703,-0.050507348
1504,3.767274,2.7016354,3.4492736,2.5937088,0.31800032,0.10792661
1505,1.5366324,1.0355338,1.4891822,1.0041964,0.047450185,0.03133738
1506,0.9433028,0.6666615,0.863692,0.6194332,0.079610825,0.047228277
1507,0.091237135,0.022921078,0.08831433,0.05533262,0.0029228032,-0.03241154
1508,0.06085503,0.05287798,0.04186775,0.032499697,0.01898728,0.020378284
1509,0.01799737,-0.019680522,0.022891909,0.016242046,-0.0048945397,-0.03592257
1510,0.06699129,0.0011861619,0.060549192,0.046683386,0.0064421,-0.045497224
1511,-0.019613229,0.10252999,0.013230014,0.009605402,-0.032843243,0.09292459
1512,0.022970205,0.050139997,0.019539146,0.01650307,0.0034310594,0.033636928
1513,0.07157079,0.05484995,0.05586329,0.045525957,0.0157075,0.009323992
1514,0.026565598,0.010048332,0.02065079,0.01191366,0.005914809,-0.0018653283
1515,2.0289128,1.3569201,1.7820791,1.2780714,0.24683368,0.07884872
1516,0.08643566,0.034102272,0.09661343,0.06632791,-0.010177769,-0.032225635
1517,5.951171,4.3047094,4.788793,3.8786883,1.1623778,0.4260211
1518,0.9939639,0.7789989,0.95360595,0.707291,0.040357947,0.071707904
1519,1.8548759,1.1196662,1.6322076,1.0139759,0.22266829,0.10569036
1520,0.011003498,0.024362324,0.016171942,0.016122142,-0.0051684435,0.008240182
1521,0.65012306,0.47104737,0.5703367,0.43358055,0.07978636,0.037466824
1522,0.93499374,0.7204578,0.9128119,0.6566301,0.022181869,0.06382769
1523,1.111746,0.7350044,1.0713065,0.72463095,0.040439487,0.010373473
1524,0.10073416,0.10042122,0.09753611,0.061080664,0.00319805,0.039340556
1525,0.028386194,-0.042315874,0.029461805,0.019346487,-0.0010756105,-0.06166236
1526,0.32955363,0.22851954,0.29767737,0.21219769,0.031876266,0.016321853
1527,0.03466812,-0.03192657,0.040843513,0.028949177,-0.0061753914,-0.060875744
1528,1.007676,0.7047022,0.8774104,0.6135153,0.1302656,0.09118688
1529,0.0036436438,-0.0037145114,0.019517737,0.021891473,-0.015874093,-0.025605984
1530,0.019627364,0.046744913,0.016468586,0.014297547,0.003158778,0.032447368
1531,1.9967356,0.634066,1.0482708,0.709826,0.94846475,-0.07576001
1532,-0.0015562694,0.21107236,0.026281515,0.017266506,-0.027837785,0.19380584
1533,0.060600333,0.0030135654,0.0628811,0.04642086,-0.0022807643,-0.043407295
1534,1.2545869,0.7435621,1.2165717,0.73788613,0.038015246,0.0056759715
1535,2.0504882,1.4788791,1.9442654,1.4199795,0.10622287,0.05889964
1536,2.124569,1.2872051,1.964282,1.2831539,0.1602869,0.0040512085
1537,0.011080349,0.022155551,0.03003217,0.030358652,-0.01895182,-0.0082031
1538,0.026942726,0.011030207,0.02815334,0.015101088,-0.0012106132,-0.004070881
1539,1.282788,0.87287444,1.207115,0.8864027,0.075672984,-0.013528287
1540,0.049818203,-0.010108618,0.036827385,0.016548347,0.012990817,-0.026656965
1541,1.7179058,0.9928835,1.4290916,0.92168456,0.2888142,0.07119894
1542,0.195523,0.449609,0.16814412,0.12404086,0.027378872,0.32556814
1543,0.06523459,0.00773292,0.07178505,0.051094264,-0.006550461,-0.043361343
1544,0.062891774,0.060128838,0.046147007,0.038006533,0.016744766,0.022122305
1545,0.0002281965,0.10751661,0.016918946,0.010325588,-0.01669075,0.09719102
1546,0.36280444,0.25509918,0.3322165,0.25805402,0.030587941,-0.0029548407
1547,-0.023145974,0.1343954,0.013994271,0.0068913014,-0.037140243,0.12750411
1548,0.015274849,0.013002624,0.028741023,0.02001268,-0.013466174,-0.0070100566
1549,0.045699444,0.055295527,0.04549232,0.03234488,0.00020712242,0.022950646
1550,0.28255057,0.18722057,0.24122488,0.16274849,0.04132569,0.024472088
1551,1.8250232,1.4947716,1.8195095,1.3772914,0.005513668,0.11748016
1552,1.5115082,0.9066616,1.3833916,0.9261931,0.12811661,-0.019531488
1553,0.101096846,0.05325369,0.07868917,0.05091098,0.022407673,0.0023427121
1554,0.10129635,0.084974624,0.10262158,0.06859012,-0.0013252273,0.016384505
1555,0.00081356015,0.02660272,0.030314118,0.02611113,-0.029500557,0.00049159117
1556,0.1466827,0.0977006,0.13831101,0.09966774,0.008371681,-0.0019671395
1557,0.023198178,-0.02590696,0.019517755,0.018587263,0.003680423,-0.044494223
1558,0.055046424,0.003828995,0.0441638,0.027617443,0.0108826235,-0.023788448
1559,0.11131955,0.08695767,0.09984921,0.07190347,0.01147034,0.015054204
1560,0.052195434,0.042861246,0.031393953,0.023659537,0.02080148,0.019201709
1561,1.6959025,1.292163,1.6399677,1.2486238,0.055934787,0.043539166
1562,0.047354285,0.058794286,0.046558518,0.036132548,0.0007957667,0.022661738
1563,0.057207715,0.029358406,0.03632189,0.028277641,0.020885825,0.0010807645
1564,0.060111545,-0.005378871,0.05520957,0.04145654,0.0049019754,-0.04683541
1565,0.0050208247,-0.056253426,0.012811872,0.011914591,-0.0077910475,-0.068168014
1566,0.0022138143,-0.040432073,0.017860128,0.009605618,-0.015646312,-0.05003769
1567,0.024149457,0.005899006,0.012973936,0.011080892,0.011175521,-0.005181886
1568,0.021460937,-0.0015178139,0.014826697,0.01572036,0.00663424,-0.017238174
1569,3.439082,2.8481357,3.1067526,2.565928,0.33232927,0.28220773
1570,1.66694,1.2403513,1.5427538,0.9948842,0.12418616,0.24546713
1571,0.031001661,0.010968366,0.038512394,0.025599524,-0.007510733,-0.014631159
1572,1.2043064,0.82187796,1.1366314,0.82143307,0.067674994,0.00044488907
1573,1.0403596,0.78202957,0.9827398,0.68784636,0.05761981,0.09418321
1574,0.45476112,0.3024538,0.43491596,0.29649702,0.019845158,0.005956769
1575,1.1647948,0.69077635,1.0051589,0.70259446,0.1596359,-0.011818111
1576,0.05548821,0.15727068,0.056095343,0.04108844,-0.0006071329,0.116182245
1577,0.031296358,0.0055984952,0.029851627,0.02057121,0.0014447309,-0.014972715
1578,1.8787621,1.3288069,1.6036625,1.1084852,0.27509964,0.22032166
1579,0.07279012,0.058106314,0.05529762,0.036475096,0.017492503,0.021631218
1580,0.01809677,0.035573754,0.018516002,0.019277181,-0.000419233,0.016296573
1581,0.050474007,-0.002390758,0.059241574,0.03753933,-0.008767568,-0.039930087
1582,-0.024562756,0.117419146,0.013150066,0.0089933695,-0.03771282,0.10842577
1583,2.054519,1.639683,1.9449667,1.3903841,0.109552264,0.24929893
1584,0.031711224,0.019545894,0.0088276,0.010295838,0.022883624,0.009250056
1585,2.0182662,1.3415378,1.7916145,1.3533407,0.22665167,-0.011802912
1586,0.018572273,0.0014422381,0.031506155,0.027203139,-0.012933882,-0.0257609
1587,0.1050542,0.08747494,0.099329896,0.07296801,0.0057243034,0.014506929
1588,0.0026422138,0.025958385,0.0029043357,0.0072319573,-0.0002621219,0.018726427
1589,-0.0138518475,0.109726414,0.01464062,0.010201683,-0.028492467,0.09952473
1590,-0.04323145,0.16083467,0.014926463,0.006635554,-0.058157913,0.15419912
1591,0.05369806,-0.014947191,0.04266308,0.0334997,0.01103498,-0.04844689
1592,0.02848939,0.042558286,0.033846527,0.027178237,-0.005357137,0.015380049
1593,1.0501441,0.6709662,0.90480804,0.675293,0.14533603,-0.0043268204
1594,0.01637842,0.07413702,0.030623322,0.025008995,-0.014244903,0.049128022
1595,1.3615243,0.9168339,1.2603889,0.88324773,0.10113549,0.033586144
1596,2.0295422,1.2906721,1.794482,1.2691815,0.23506021,0.021490574
1597,0.0142739145,-0.010180269,0.012472677,0.013653326,0.0018012375,-0.023833595
1598,1.144054,0.8461339,1.0477207,0.81649286,0.096333385,0.029641032
1599,1.4281217,1.0543259,1.3781977,1.0273131,0.049924016,0.027012825
1600,0.013024541,0.021905255,0.014248498,0.016431186,-0.0012239572,0.005474068
1601,-0.0019442787,0.13197924,0.033529542,0.01967192,-0.03547382,0.112307325
1602,-0.035217263,0.117094256,0.0034906082,0.00082666316,-0.03870787,0.11626759
1603,0.032193076,0.0027880834,0.025875539,0.018712902,0.0063175373,-0.015924819
1604,2.7306468,1.5428942,2.2630255,1.6186997,0.46762133,-0.075805426
1605,0.21825933,0.07780355,0.21955366,0.121846914,-0.0012943298,-0.044043362
1606,-0.005744648,-0.0682275,0.015604029,0.0064659184,-0.021348678,-0.07469342
1607,0.09144417,0.030509273,0.09782338,0.07120167,-0.0063792095,-0.040692396
1608,1.4596941,0.9407234,1.3575157,0.97293633,0.102178454,-0.032212913
1609,0.014187952,0.09469452,0.018988986,0.0197229,-0.004801034,0.074971616
1610,3.889672,1.5524567,2.9852002,1.6307805,0.9044719,-0.07832372
1611,0.021426562,0.006653211,0.023161624,0.01874805,-0.0017350614,-0.0120948395
1612,0.2544408,0.15744948,0.24412307,0.18182239,0.010317743,-0.024372905
1613,0.043774657,0.014348658,0.038550854,0.024600912,0.005223803,-0.010252254
1614,3.3096263,2.1956174,2.942387,2.1924949,0.36723924,0.0031225681
1615,0.003455411,-0.06199832,0.029747864,0.020790923,-0.026292453,-0.08278924
1616,0.028486196,0.049564213,0.034767006,0.03145523,-0.0062808096,0.018108983
1617,3.7596736,2.838831,3.1959882,2.1072612,0.5636854,0.73156977
1618,0.023269476,0.10569928,0.027463615,0.027323997,-0.0041941386,0.07837528
1619,1.9941537,1.191064,1.7866465,1.2389753,0.20750725,-0.047911286
1620,1.6002702,1.1406347,1.4505025,1.0712507,0.14976764,0.06938398
1621,0.25317505,0.23739234,0.25113222,0.19089207,0.00204283,0.046500266
1622,6.727613,4.8506346,6.0855074,4.282933,0.6421056,0.56770134
1623,0.069266245,0.052374687,0.058925964,0.045934565,0.010340281,0.0064401217
1624,0.045155678,0.0029333779,0.035225954,0.023150137,0.009929724,-0.02021676
1625,2.0757494,1.2659775,1.8557012,1.3344698,0.22004819,-0.06849229
1626,0.12863687,0.124969594,0.11860611,0.09083438,0.010030754,0.034135215
1627,0.038891807,0.077613324,0.041218273,0.033423685,-0.0023264661,0.04418964
1628,1.5270371,1.0821712,1.4616352,1.0555017,0.06540191,0.026669502
1629,1.7176713,1.1853439,1.6505337,1.0678519,0.0671376,0.11749196
1630,0.032125644,-0.0046635205,0.029593006,0.019537758,0.0025326386,-0.024201278
1631,0.065291725,0.038237132,0.044764932,0.02808173,0.020526793,0.010155402
1632,6.103542,2.34907,3.621904,3.4916923,2.481638,-1.1426222
1633,0.018221969,0.0130541595,0.03423258,0.020863907,-0.01601061,-0.007809748
1634,1.2123123,0.86716205,1.1417536,0.85463035,0.07055879,0.012531698
1635,0.0085320035,-0.0032124792,0.034385897,0.029339513,-0.025853895,-0.032551993
1636,0.05764795,0.047704227,0.037390165,0.025375014,0.020257786,0.022329213
1637,1.7346821,1.1592777,1.6748444,1.2096531,0.0598377,-0.05037546
1638,0.08394534,0.068556726,0.08025996,0.05458591,0.003685385,0.013970815
1639,0.03264428,0.03184884,0.02023862,0.014029564,0.01240566,0.017819276
1640,2.3750968,1.5220882,2.168619,1.4892942,0.20647788,0.032794
1641,-0.027264183,0.11880854,0.0122342855,0.0053551197,-0.03949847,0.11345342
1642,0.023590153,0.07465474,0.019132763,0.016152961,0.00445739,0.05850178
1643,0.033794645,0.01894155,0.05293722,0.028040314,-0.019142576,-0.0090987645
1644,1.0540898,0.7626408,0.95046014,0.7170751,0.10362965,0.045565665
1645,0.07839324,0.05958841,0.055918373,0.044937234,0.02247487,0.014651176
1646,0.25674456,0.17291163,0.24012537,0.15820685,0.01661919,0.014704779
1647,1.0834826,0.7865335,1.0477268,0.78024447,0.035755873,0.0062890053
1648,0.051426064,0.05970919,0.052025817,0.050996363,-0.0005997531,0.008712828
1649,1.0590723,0.7147601,0.99895513,0.7152525,0.060117126,-0.00049239397
1650,1.4897637,1.089225,1.4444293,1.0810152,0.04533446,0.008209825
1651,0.07375342,0.048535068,0.05019154,0.036161005,0.023561876,0.012374062
1652,0.060364313,0.024526715,0.03953545,0.029565865,0.020828862,-0.00503915
1653,0.008452487,0.058323063,0.008092363,0.008948111,0.0003601238,0.049374953
1654,1.4089206,1.0331229,1.3637953,0.93504465,0.045125365,0.09807825
1655,0.012327741,-0.022130573,0.036798548,0.028728485,-0.024470806,-0.050859056
1656,0.07971104,0.059305202,0.0706545,0.048653558,0.009056546,0.010651644
1657,0.019918054,0.107790224,0.019034445,0.017894179,0.00088360906,0.089896046
1658,0.03208433,0.009443165,0.048106242,0.03474982,-0.016021911,-0.025306657
1659,0.021689571,0.11380909,0.023255575,0.01881596,-0.001566004,0.09499313
1660,0.03706634,0.010893206,0.047143184,0.03396245,-0.010076843,-0.023069244
1661,0.046995334,0.041385308,0.03318199,0.02698054,0.013813343,0.014404768
1662,1.2167146,0.8907707,1.1530453,0.8478092,0.063669324,0.04296148
1663,0.1723539,0.20509633,0.17850205,0.124143854,-0.0061481595,0.08095248
1664,4.4108033,4.433558,2.173109,1.5991768,2.2376943,2.834381
1665,1.968917,1.253061,1.8281864,1.3710039,0.14073062,-0.11794281
1666,0.0021680729,0.018219495,0.017653577,0.019580051,-0.015485505,-0.0013605561
1667,0.067562155,-0.016543893,0.074328296,0.04538416,-0.0067661405,-0.061928056
1668,0.09111562,0.0647564,0.07372303,0.056977402,0.01739259,0.0077789985
1669,0.044972688,0.068036854,0.044293303,0.038106978,0.0006793849,0.029929876
1670,0.019844599,-0.00436928,0.01865806,0.0155449975,0.0011865385,-0.019914277
1671,0.09649639,0.06873002,0.079490796,0.054163832,0.017005593,0.014566187
1672,2.6784568,1.7040213,2.4937606,1.8693489,0.1846962,-0.16532755
1673,0.02258199,0.15912692,0.06047765,0.033961836,-0.03789566,0.12516509
1674,-0.022068352,0.12069398,0.017174918,0.009229439,-0.03924327,0.111464545
1675,0.032860674,0.041976333,0.030140352,0.024022158,0.0027203225,0.017954174
1676,0.0007629204,0.12694778,0.008292867,0.005734711,-0.0075299465,0.12121306
1677,0.2877153,0.23836268,0.27864522,0.20708482,0.009070069,0.031277865
1678,2.497639,1.6800611,2.2202713,1.6373447,0.2773676,0.042716384
1679,0.037775207,0.04901224,0.041828137,0.03016882,-0.0040529296,0.01884342
1680,0.05655181,0.08671696,0.056992657,0.03969399,-0.00044084713,0.04702297
1681,0.034311417,0.039486006,0.020732582,0.01959244,0.013578836,0.019893566
1682,0.030450454,0.13731402,0.032203745,0.02662968,-0.0017532911,0.11068434
1683,1.5889444,1.0932554,1.4706228,1.0223703,0.11832166,0.07088506
1684,0.14601119,0.08933996,0.12806843,0.09100284,0.017942756,-0.0016628802
1685,0.05954847,-0.0074254083,0.06799467,0.03949862,-0.008446198,-0.04692403
1686,0.05123428,0.06462393,0.051980007,0.039996795,-0.0007457286,0.024627134
1687,0.83196205,0.6568234,0.82984513,0.59878445,0.0021169186,0.05803895
1688,0.04265466,0.021903664,0.05165412,0.038616896,-0.008999459,-0.016713232
1689,3.5138814,2.1654458,3.044505,2.0764885,0.46937656,0.08895731
1690,0.013580639,-0.022902282,0.026486915,0.01787001,-0.012906276,-0.040772293
1691,0.34009686,0.24091323,0.33530146,0.22982785,0.0047954023,0.011085376
1692,0.19804123,0.1459971,0.19583412,0.13487324,0.0022071153,0.011123866
1693,0.07123231,0.0049058218,0.07174642,0.041235447,-0.00051410496,-0.036329627
1694,0.07180067,0.026698247,0.05936908,0.03239934,0.012431592,-0.005701095
1695,0.43246856,0.31731793,0.41092363,0.29436392,0.021544933,0.022954017
1696,1.8074883,1.2960347,1.7134804,1.2145587,0.09400797,0.08147597
1697,4.357121,2.3710778,2.2503457,1.4366915,2.1067753,0.93438625
1698,-0.0052617094,0.19693083,0.016149038,0.011059124,-0.021410748,0.1858717
1699,-0.014454932,-0.020053351,0.015148754,0.009466583,-0.029603686,-0.029519934
1700,2.1314569,1.4248537,1.683034,1.2624117,0.4484229,0.16244197
1701,0.028941864,-0.02417296,0.041861657,0.021137904,-0.012919793,-0.045310862
1702,0.14545648,0.123661764,0.14205435,0.1082961,0.0034021288,0.015365668
1703,0.07054403,0.027141102,0.072491065,0.06428674,-0.0019470379,-0.037145637
1704,0.100030445,0.08019424,0.07921332,0.06577547,0.020817123,0.014418773
1705,1.5778744,1.0946664,1.5088551,1.0629267,0.06901932,0.03173971
1706,0.025324188,-0.010246338,0.03532729,0.025443086,-0.010003101,-0.035689425
1707,0.056429278,0.062266875,0.040904604,0.03516958,0.015524674,0.027097296
1708,3.1465619,1.6898869,2.419602,1.7601391,0.72695994,-0.07025218
1709,0.10082266,0.040474612,0.09804067,0.054208446,0.0027819872,-0.013733834
1710,0.049784467,-0.016331125,0.04942073,0.038279586,0.00036373734,-0.05461071
1711,0.037363946,0.014306986,0.020100571,0.019869912,0.017263375,-0.0055629266
1712,0.024393821,0.033198778,0.017274661,0.015410649,0.00711916,0.017788129
1713,0.30962586,0.24174404,0.29252633,0.22040696,0.01709953,0.021337077
1714,0.034900736,0.026613072,0.015145208,0.014379603,0.019755527,0.012233469
1715,1.629436,1.0729207,1.3799921,0.9402194,0.24944389,0.13270128
1716,0.05408399,0.033810433,0.04650175,0.034829587,0.0075822435,-0.0010191537
1717,0.037762344,0.027125131,0.018038783,0.016136255,0.01972356,0.010988876
1718,0.0765545,0.04942036,0.05594374,0.04199791,0.02061076,0.007422451
1719,0.09249491,0.032935936,0.07899709,0.049033873,0.013497822,-0.016097937
1720,0.09454899,0.08871431,0.094183005,0.07550522,0.00036598742,0.01320909
1721,1.2146889,0.91340566,1.1168455,0.8653208,0.09784341,0.048084855
1722,1.3782266,0.88686514,1.2193847,0.9060769,0.15884197,-0.01921177
1723,0.2835868,0.2704834,0.26766807,0.20141082,0.015918732,0.06907259
1724,1.5835387,1.0714426,1.5415447,1.086005,0.041993976,-0.014562368
1725,0.24690858,0.15595165,0.23742378,0.17505175,0.009484798,-0.0191001
1726,0.0121670365,0.006700949,0.025228858,0.014659318,-0.013061821,-0.007958369
1727,0.11293944,0.07146733,0.11004307,0.061029874,0.0028963685,0.010437459
1728,1.874974,1.4141438,1.7504597,1.2644851,0.12451434,0.14965868
1729,1.8005797,1.3360891,1.6525303,1.2659632,0.14804935,0.07012594
1730,1.7538662,1.1393968,1.4275557,1.0674931,0.32631052,0.071903706
1731,-0.031878266,0.0965979,0.0071603567,0.0011114988,-0.039038625,0.0954864
1732,0.040842656,0.024762265,0.05752171,0.04098346,-0.016679052,-0.016221195
1733,1.8584856,1.3089746,1.6265177,1.1779418,0.23196793,0.13103282
1734,0.063182436,0.047478765,0.042721234,0.029664809,0.020461202,0.017813956
1735,0.14427361,0.10754442,0.12282071,0.08508653,0.021452896,0.02245789
1736,0.20675687,0.117397815,0.19073309,0.13355507,0.016023785,-0.016157255
1737,0.06778029,0.03179812,0.04478871,0.034453906,0.022991583,-0.0026557855
1738,1.5649893,1.1164244,1.4113156,1.0729339,0.15367377,0.04349053
1739,0.025690071,0.00083261327,0.021417785,0.01461138,0.004272286,-0.013778767
1740,0.09322304,0.08893194,0.09157562,0.069781095,0.0016474202,0.019150846
1741,0.043759692,-0.016079577,0.06184432,0.034335826,-0.018084627,-0.050415404
1742,0.047481555,0.022650568,0.04944737,0.03625693,-0.0019658133,-0.013606364
1743,0.23304445,0.23540875,0.23231435,0.17366132,0.0007300973,0.06174743
1744,1.401251,0.967199,1.3645309,0.99105054,0.036720037,-0.023851514
1745,-0.0015794983,-0.023623953,0.0071108937,0.009531992,-0.008690392,-0.033155944
1746,1.6625497,1.1304609,1.5709225,1.1417376,0.09162724,-0.011276722
1747,0.022432033,0.033194285,0.025210708,0.019962016,-0.0027786754,0.013232268
1748,0.02673154,-0.0050479504,0.025198963,0.018496063,0.001532577,-0.023544014
1749,0.040771384,0.045153063,0.038144477,0.02671707,0.002626907,0.018435992
1750,0.040165897,0.0035025168,0.031852003,0.015865823,0.008313894,-0.012363306
1751,0.0694491,0.08638408,0.06810866,0.05592534,0.001340434,0.03045874
1752,0.19931464,0.14687136,0.18458213,0.13632569,0.01473251,0.010545671
1753,0.06464215,0.045080315,0.041128114,0.03145063,0.02351404,0.013629686
1754,0.028122675,0.03466519,0.028843474,0.020736463,-0.00072079897,0.013928726
1755,0.15055647,0.13007574,0.13542898,0.0944402,0.015127495,0.03563554
1756,0.0370844,0.06745333,0.02844829,0.024485903,0.008636111,0.04296743
1757,0.2072308,0.158428,0.20157146,0.14007695,0.005659342,0.018351048
1758,1.6013715,0.569042,0.94467294,0.6990609,0.6566986,-0.13001889
1759,2.4176824,1.7446258,2.187868,1.4903326,0.22981429,0.2542932
1760,0.01843436,0.07100043,0.021075778,0.015624049,-0.002641417,0.055376377
1761,1.9138452,1.5406753,1.8294213,1.2542884,0.0844239,0.28638685
1762,7.87502,4.567579,5.3333755,4.2955017,2.5416446,0.27207708
1763,0.06496533,0.068835646,0.06013497,0.03643642,0.0048303604,0.032399226
1764,2.8520696,2.0618227,2.6894689,1.9782127,0.16260076,0.08360994
1765,1.9087204,1.3692672,1.8104622,1.4251598,0.09825814,-0.055892587
1766,0.0068111843,0.0153962895,0.016731486,0.011992132,-0.009920301,0.0034041572
1767,1.5531596,1.258615,1.490434,1.1481117,0.062725544,0.110503316
1768,2.1103642,1.261903,1.5767949,1.0763104,0.53356934,0.18559265
1769,1.5141803,1.0842516,1.4576149,1.0813357,0.056565404,0.0029159784
1770,1.4685096,1.1180401,1.3651037,1.0533636,0.10340583,0.06467652
1771,0.37098357,0.26202905,0.35699195,0.24617743,0.013991624,0.015851617
1772,0.8673718,0.66952133,0.8476508,0.67427194,0.019720972,-0.0047506094
1773,0.013027547,-0.02563641,0.0033087947,0.006231527,0.0097187525,-0.031867936
1774,0.024674099,0.008585263,0.019627472,0.014508797,0.0050466266,-0.005923534
1775,0.053766474,0.04875843,0.055309303,0.039110728,-0.001542829,0.009647701
1776,0.06995036,0.02869792,0.04478245,0.036192246,0.025167909,-0.0074943267
1777,0.27993792,0.19043528,0.26443616,0.18418783,0.015501767,0.006247446
1778,2.858349,2.2477627,3.8581898,2.1337142,-0.99984074,0.11404848
1779,1.6103182,0.9708144,1.5249727,1.0404494,0.08534551,-0.069634974
1780,3.8275287,1.2265451,1.4646282,1.2619894,2.3629005,-0.03544426
1781,0.06279681,0.08130381,0.058180083,0.04942263,0.004616726,0.031881183
1782,0.05148745,0.06466799,0.0465714,0.039381076,0.0049160495,0.025286917
1783,3.4302843,2.5423293,3.0014257,2.3838363,0.42885852,0.15849304
1784,0.10888589,0.1453496,0.1190341,0.08627813,-0.010148205,0.059071474
1785,0.1460483,0.17348917,0.15014757,0.10900204,-0.0040992647,0.06448713
1786,3.541803,1.5253907,2.2373857,2.1374235,1.3044171,-0.6120328
1787,0.24390912,0.23525885,0.22374451,0.1596944,0.020164609,0.075564444
1788,0.050403316,0.13541847,0.04622284,0.030719077,0.004180476,0.104699396
1789,0.088267975,0.07412455,0.082121246,0.062077522,0.006146729,0.01204703
1790,1.5802131,1.0212195,1.3253795,0.9024588,0.25483358,0.118760705
1791,1.443325,1.0043801,1.3709956,0.98807365,0.0723294,0.01630646
1792,2.7327611,0.2681085,1.585734,1.1409026,1.1470271,-0.87279415
1793,0.04324401,0.12861198,0.069023475,0.040918,-0.025779463,0.08769398
1794,1.486327,1.0450245,1.3725088,1.0528755,0.11381829,-0.007851005
1795,-0.031289395,0.11404378,0.0073518483,0.0017096155,-0.038641244,0.11233416
1796,0.005246725,0.057442363,0.022675369,0.014226211,-0.017428644,0.043216154
1797,1.9754556,1.4338213,1.8444849,1.3463032,0.13097072,0.087518096
1798,0.024441924,0.032563206,0.017273193,0.015720528,0.0071687307,0.016842678
1799,0.04921481,0.04132202,0.041251417,0.03250522,0.007963393,0.008816797
1800,0.098698445,0.056445353,0.1062835,0.07167834,-0.007585056,-0.015232988
1801,1.48318,1.1622691,1.4092879,1.0987651,0.07389212,0.06350398
1802,0.08900433,0.059366725,0.096300766,0.07028096,-0.0072964355,-0.010914236
1803,0.13762131,0.099052325,0.121986054,0.08824269,0.01563526,0.010809638
1804,-0.0031362795,-0.03124043,0.018614214,0.015524594,-0.021750493,-0.046765022
1805,0.0098538725,-0.028599998,0.025960702,0.015033001,-0.016106829,-0.043633
1806,0.13467422,0.14269231,0.14441928,0.108867206,-0.009745061,0.033825107
1807,0.034085773,0.05379313,0.028614461,0.020966986,0.0054713115,0.03282614
1808,0.057828993,0.039584294,0.040033102,0.031740546,0.01779589,0.007843748
1809,0.043989968,-0.014800784,0.038031477,0.015130101,0.00595849,-0.029930886
1810,0.041084792,0.03788679,0.03525733,0.029534552,0.005827464,0.008352239
1811,0.021997567,0.049065623,0.017959772,0.015373187,0.0040377956,0.033692434
1812,0.023928743,0.12521355,0.020922367,0.017838234,0.0030063763,0.10737532
1813,0.009988602,0.09023522,0.008656603,0.009459714,0.001331999,0.08077551
1814,0.0957097,0.0969557,0.0865617,0.04954015,0.009147994,0.04741555
1815,0.21277536,0.17807446,0.20856126,0.14813161,0.004214108,0.029942855
1816,3.6638358,2.5383456,3.5053837,2.389745,0.15845203,0.14860058
1817,1.1460356,0.87439555,1.1281569,0.8316866,0.017878652,0.042708933
1818,0.05124677,0.03758991,0.031649016,0.027414132,0.019597754,0.010175779
1819,1.5171692,0.9644774,1.4788126,0.96497947,0.03835666,-0.0005020499
1820,1.7030146,1.212013,1.6939051,1.1290274,0.009109497,0.08298564
1821,0.05683582,0.04427263,0.04105597,0.030282265,0.01577985,0.013990367
1822,-0.037948884,0.12819926,0.0068571614,0.0038490905,-0.044806045,0.124350175
1823,0.018793698,0.05582096,0.01426589,0.0152474595,0.004527808,0.0405735
1824,1.0997545,0.64367545,0.9209899,0.62748206,0.17876458,0.01619339
1825,1.5980835,1.145808,1.4005613,0.98659486,0.19752216,0.15921313
1826,0.09364122,0.029574392,0.07900493,0.03884067,0.014636293,-0.009266278
1827,1.2501615,0.87961435,1.1998277,0.8503668,0.050333858,0.029247582
1828,0.07830363,0.18013915,0.07710954,0.056386344,0.0011940897,0.12375281
1829,0.08790699,0.09449361,0.07053328,0.05481429,0.017373703,0.039679322
1830,0.0048933486,-0.0013496808,0.01177409,0.00886658,-0.0068807416,-0.010216261
1831,0.093158044,0.07769234,0.08941741,0.062838405,0.003740631,0.014853932
1832,-0.0040965513,-0.034823015,0.01673754,0.0131137315,-0.02083409,-0.047936745
1833,1.5824562,1.0814149,1.4752123,1.0819933,0.107243896,-0.0005784035
1834,0.055551834,0.048119664,0.035805006,0.028343234,0.019746829,0.01977643
1835,0.14674036,0.17082776,0.15509552,0.120373346,-0.008355156,0.050454415
1836,1.1744198,0.6987669,0.94278175,0.70886815,0.23163801,-0.010101259
1837,1.5523593,1.1092538,1.4830973,1.0799397,0.06926203,0.029314041
1838,0.05160142,0.029055566,0.027960772,0.021329673,0.02364065,0.0077258926
1839,0.06559676,0.050600063,0.057949267,0.044247355,0.007647492,0.0063527077
1840,0.1034696,0.08167856,0.09244293,0.07002617,0.011026673,0.011652395
1841,3.9889092,2.3733318,3.1082697,2.4340882,0.88063955,-0.060756445
1842,1.8546174,1.3776804,1.7771091,1.3495274,0.07750821,0.028153062
1843,0.048468925,0.035655636,0.03923428,0.027585214,0.0092346445,0.008070422
1844,1.1750337,0.84932244,1.0765908,0.7723203,0.09844291,0.07700217
1845,1.2856933,0.7921689,1.1316836,0.74030316,0.1540097,0.051865757
1846,-0.017638123,0.0963565,0.008161454,0.0043398454,-0.025799576,0.09201666
1847,0.033037934,0.028396254,0.034273546,0.025963098,-0.0012356117,0.0024331566
1848,0.31439433,0.21651956,0.30258596,0.19359598,0.011808366,0.022923589
1849,0.047828827,-0.019531902,0.044705022,0.025905382,0.003123805,-0.045437284
1850,2.0235896,1.2325021,1.6643175,1.1518795,0.35927212,0.080622554
1851,0.05478691,0.0022778532,0.06139149,0.038414873,-0.006604582,-0.03613702
1852,-0.00035577465,0.11638409,0.026580105,0.022038952,-0.02693588,0.09434514
1853,0.115699336,0.12791577,0.117566824,0.082919076,-0.001867488,0.044996694
1854,0.11407154,0.08761822,0.10345119,0.07435942,0.010620348,0.0132588
1855,1.3945913,0.9546607,1.2476544,0.92836416,0.1469369,0.026296556
1856,1.0431877,0.69735426,0.94304544,0.66840047,0.1001423,0.02895379
1857,0.01425181,-0.07367757,0.010067161,0.009996543,0.0041846484,-0.08367411
1858,0.052597493,0.04587997,0.044226803,0.036503833,0.00837069,0.009376138
1859,0.008847899,0.010854131,0.016946469,0.01679838,-0.00809857,-0.00594425
1860,1.5648338,1.0359269,1.474881,0.979414,0.08995271,0.05651295
1861,0.0069205654,-0.05581278,0.015243587,0.010082866,-0.008323021,-0.06589565
1862,-0.022700636,0.12595531,0.016596418,0.01077463,-0.03929705,0.115180686
1863,0.024665946,0.08448136,0.026820559,0.023477372,-0.002154613,0.061003987
1864,0.040547308,0.043884598,0.043858808,0.032636944,-0.0033115,0.0112476535
1865,0.07134104,0.047715615,0.050803207,0.039303117,0.02053783,0.008412499
1866,-0.013432883,0.021841435,0.004093192,0.007819598,-0.017526075,0.014021837
1867,0.054172553,0.08059331,0.051840983,0.034208577,0.0023315698,0.046384733
1868,0.03820162,0.06826325,0.04277628,0.030497765,-0.00457466,0.03776548
1869,0.004877775,-0.014555815,0.0056115864,0.0044348156,-0.0007338114,-0.01899063
1870,0.04066747,0.15180705,0.040355187,0.032135673,0.00031228364,0.11967138
1871,-0.0015429171,0.005772009,0.010973157,0.010122573,-0.012516075,-0.004350564
1872,0.004049499,0.0037135687,0.019338083,0.0160936,-0.015288584,-0.012380032
1873,0.059832647,0.14528714,0.08041168,0.063628264,-0.020579033,0.08165888
1874,2.1052933,1.3883063,1.7357252,1.3815322,0.3695681,0.006774068
1875,0.15261836,0.07207789,0.13704628,0.09008519,0.015572086,-0.0180073
1876,0.10358205,0.06373794,0.08488573,0.051836677,0.018696316,0.011901259
1877,0.007799778,0.038024537,0.008780353,0.014228167,-0.0009805746,0.02379637
1878,3.0266051,1.2558917,1.4253995,0.7993439,1.6012056,0.4565478
1879,0.008340391,-0.03607998,0.017076466,0.01032342,-0.008736075,-0.0464034
1880,0.058801077,0.063933335,0.059060317,0.045771092,-0.00025923923,0.018162243
1881,0.05341404,0.07159329,0.048829712,0.03990341,0.0045843273,0.031689882
1882,0.021967765,-0.030135848,0.030990407,0.013037503,-0.009022642,-0.04317335
1883,2.2317069,1.5407573,1.9811023,1.4499685,0.2506045,0.09078884
1884,0.023054456,0.067128085,0.016489636,0.017943883,0.00656482,0.049184203
1885,1.6799444,1.0942905,1.6335335,1.1612976,0.04641092,-0.067007065
1886,2.875626,2.3899992,2.7551286,2.2352135,0.120497465,0.15478563
1887,0.02448111,0.046467505,0.03082808,0.027732829,-0.006346969,0.018734677
1888,-0.031857144,0.12224753,0.0092991395,0.004435168,-0.041156285,0.117812365
1889,3.058882,1.8298712,2.2194836,1.5730929,0.8393984,0.25677824
1890,1.6399761,1.1788516,1.5811532,1.126803,0.05882299,0.052048564
1891,2.1260462,1.4277608,1.7449105,1.1704895,0.3811357,0.2572713
1892,-0.00062690687,0.16614841,0.027354285,0.021501476,-0.027981192,0.14464693
1893,0.0874536,0.0901861,0.08818425,0.079748556,-0.0007306561,0.010437541
1894,0.08348108,0.047721725,0.08727493,0.069046065,-0.0037938505,-0.02132434
1895,0.0032750487,-0.0059057404,0.023201821,0.021921193,-0.019926773,-0.027826933
1896,0.009596908,0.039267853,0.0110323485,0.013694657,-0.00143544,0.025573196
1897,3.3376749,1.7391084,2.8260517,1.8109219,0.51162314,-0.071813464
1898,0.022425648,0.14716615,0.021923777,0.014883178,0.0005018711,0.13228297
1899,0.022526573,0.047324207,0.03762623,0.034826666,-0.015099656,0.012497541
1900,0.02534595,0.04554504,0.015017578,0.012534236,0.010328371,0.033010807
1901,1.2937905,0.9924069,1.2841461,0.92483884,0.009644389,0.067568064
1902,2.4212916,1.6731153,2.095456,1.5871335,0.3258357,0.08598173
1903,1.7167203,1.1361798,1.6025034,1.1838467,0.11421692,-0.047666907
1904,0.8154798,0.6358679,0.7794453,0.54547966,0.036034524,0.09038824
1905,1.273658,0.9601237,1.2089946,0.8973463,0.06466341,0.0627774
1906,0.037640356,-0.021956956,0.045987047,0.024776712,-0.008346692,-0.04673367
1907,1.2519212,0.90470845,1.2028927,0.8862756,0.049028516,0.018432856
1908,1.5296274,1.0278271,1.3120618,0.9613408,0.21756566,0.06648636
1909,1.5820612,1.0408758,1.3524861,0.8875655,0.22957504,0.1533103
1910,0.030408647,0.013362959,0.04269401,0.03051213,-0.012285363,-0.01714917
1911,0.05157201,-0.012074718,0.056276023,0.034336843,-0.0047040135,-0.04641156
1912,3.2927463,2.2100368,2.6641803,2.1473365,0.628566,0.06270027
1913,1.7589825,1.3053098,1.7033703,1.2317998,0.055612206,0.07350993
1914,0.26726928,0.30456504,0.24023883,0.19858572,0.027030453,0.10597932
1915,2.0070314,1.4656606,1.9319302,1.4163595,0.07510126,0.04930103
1916,1.4541687,0.9318684,1.3327987,0.9207279,0.12136996,0.011140466
1917,0.067198716,0.051068842,0.048163015,0.0377012,0.0190357,0.013367642
1918,0.14599186,0.09638945,0.14500605,0.08516307,0.0009858161,0.011226378
1919,0.044181444,-0.02560173,0.039835356,0.021611715,0.0043460876,-0.047213443
1920,0.020571271,0.020338843,0.03332736,0.030195227,-0.012756089,-0.009856384
1921,1.6921424,1.1564435,1.5699828,1.1206039,0.1221596,0.035839558
1922,0.046745896,0.03502851,0.031235162,0.021437187,0.015510734,0.013591323
1923,0.07578538,0.078193896,0.07605205,0.05621957,-0.00026666373,0.021974325
1924,2.2154748,1.7628597,2.0882726,1.4984257,0.12720227,0.26443398
1925,0.018503899,-0.02023351,0.02473405,0.020995332,-0.0062301513,-0.041228842
1926,0.070315175,0.017021833,0.050400626,0.030045992,0.019914549,-0.013024159
1927,0.05137128,0.030313201,0.04836769,0.027687943,0.0030035898,0.0026252586
1928,0.11484042,0.04405684,0.09270346,0.056489516,0.022136956,-0.012432676
1929,0.019092117,0.011183204,0.034304976,0.028269773,-0.01521286,-0.01708657
1930,0.0042879647,-0.00290382,0.019058824,0.015409222,-0.014770859,-0.018313043
1931,0.045101475,0.03117581,0.055223323,0.040848535,-0.010121848,-0.009672724
1932,0.12719311,0.06971468,0.11394016,0.08481522,0.013252951,-0.015100539
1933,0.024510955,-0.033241764,0.031485897,0.01933382,-0.006974941,-0.052575585
1934,1.7749406,1.2218733,1.566239,1.2274885,0.20870161,-0.0056152344
1935,0.039796498,0.035535637,0.051208287,0.04220636,-0.01141179,-0.006670721
1936,2.396162,1.4384555,1.9508804,1.3525971,0.44528162,0.085858345
1937,0.046788234,0.0013675488,0.035450585,0.024169158,0.011337649,-0.02280161
1938,1.0515082,0.7484723,0.9748349,0.70588094,0.07667327,0.042591333
1939,0.33931762,0.25353682,0.33549142,0.2359893,0.003826201,0.017547518
1940,0.029063191,0.065631,0.024702543,0.023500608,0.004360648,0.042130396
1941,3.4941335,1.9565016,2.3894305,1.7086875,1.104703,0.24781406
1942,-0.029088922,0.1171024,0.009778018,0.004935185,-0.03886694,0.11216722
1943,0.15366279,0.13031298,0.1379385,0.09893837,0.015724286,0.03137461
1944,0.02950648,0.033519417,0.026582524,0.01719543,0.0029239561,0.016323987
1945,0.03599674,0.007578132,0.022618802,0.01877054,0.013377937,-0.011192407
1946,0.02634608,0.026211375,0.020922113,0.015308517,0.005423967,0.010902858
1947,0.04368533,0.093177564,0.050443716,0.031555444,-0.006758388,0.06162212
1948,5.0173807,2.0571601,2.700524,2.0795672,2.3168566,-0.022407055
1949,1.1647834,0.8651645,1.1182996,0.8604992,0.046483755,0.004665315
1950,0.00520816,-0.054815095,0.010296059,0.0048851753,-0.005087899,-0.05970027
1951,0.04806643,0.03390559,0.037001915,0.027067328,0.0110645145,0.006838264
1952,-0.026021894,0.12256562,0.013572907,0.0061277263,-0.0395948,0.1164379
1953,0.03754632,0.03621232,0.014142491,0.015450789,0.02340383,0.020761533
1954,0.032061882,0.061717864,0.027893106,0.022998577,0.004168777,0.03871929
1955,0.017394634,-0.03379759,0.022853047,0.009563317,-0.0054584127,-0.043360904
1956,0.19634481,0.13397929,0.16061023,0.12031581,0.03573458,0.013663478
1957,1.6688306,1.1858616,1.5904162,1.1630266,0.07841444,0.022835016
1958,1.6221998,1.0809431,1.4600581,1.0294491,0.16214168,0.051494002
1959,3.9582107,2.6586933,3.259105,2.552018,0.69910574,0.10667539
1960,0.057129085,0.0054929946,0.06173662,0.03683935,-0.004607536,-0.03134636
1961,0.28508976,0.27024633,0.2944469,0.2211216,-0.009357125,0.049124733
1962,0.7927301,0.55785704,0.75944453,0.5017163,0.03328556,0.05614072
1963,0.018667266,-0.006808866,0.014737,0.009877161,0.003930266,-0.016686026
1964,2.2138782,1.6278557,1.8550193,1.5362711,0.35885882,0.09158456
1965,1.8004013,1.3206106,1.592041,1.1947272,0.20836031,0.12588346
1966,0.13817653,0.1831975,0.15437949,0.103121735,-0.016202956,0.08007576
1967,2.8916237,1.7650443,2.1242225,1.592816,0.7674012,0.17222834
1968,0.0113145895,-0.042178996,0.017035773,0.011342623,-0.0057211835,-0.05352162
1969,0.05787478,0.04291608,0.038218144,0.030702472,0.019656636,0.01221361
1970,1.744071,1.2514701,1.59075,1.1434056,0.15332103,0.10806453
1971,0.07043942,0.07545689,0.06799807,0.0518805,0.002441354,0.023576386
1972,-0.018762045,0.0996728,0.010555296,0.0057225986,-0.029317342,0.093950205
1973,0.024879355,0.115849055,0.021482447,0.02671374,0.0033969078,0.08913532
1974,0.07486346,0.06163343,0.049408145,0.045564704,0.025455318,0.016068727
1975,0.021181798,0.09159957,0.017122898,0.016347896,0.0040588994,0.07525167
1976,0.035067372,-0.019422488,0.039158445,0.023948755,-0.004091073,-0.043371245
1977,0.10608715,0.083834395,0.09483298,0.06377154,0.011254169,0.020062856
1978,0.105668016,0.09800853,0.10324792,0.08279038,0.0024200976,0.015218146
1979,0.105017915,0.025125192,0.11083472,0.06468804,-0.0058168024,-0.03956285
1980,0.026658854,0.05143251,0.031060774,0.024280207,-0.0044019204,0.027152302
1981,1.6269323,1.2362173,1.5466549,1.2081099,0.08027732,0.028107405
1982,1.3040684,0.91386306,1.1492217,0.8686352,0.15484679,0.045227885
1983,0.0017965054,-0.03916438,0.01217518,0.010461004,-0.010378675,-0.04962538
1984,2.2137127,1.27566,1.7741852,1.1564668,0.4395275,0.1191932
1985,0.090760656,0.052766684,0.08453041,0.06523885,0.0062302426,-0.012472164
1986,0.41110754,0.30624855,0.3860139,0.2744059,0.025093645,0.03184265
1987,0.053286705,0.037083656,0.035145413,0.023132045,0.018141292,0.013951611
1988,1.1945738,0.83410335,1.0825424,0.83187675,0.11203134,0.002226591
1989,1.7886734,1.3072116,1.6586163,1.0894201,0.1300571,0.21779156
1990,1.6954528,1.1374217,1.5744126,1.0939,0.121040225,0.043521762
1991,2.8110409,2.0625226,2.6432047,1.9336468,0.16783619,0.12887585
1992,0.044327285,-0.012979603,0.049653865,0.033562925,-0.0053265803,-0.04654253
1993,1.40485,1.0370886,1.3604301,1.0115663,0.044419885,0.025522351
1994,0.10505336,0.043387856,0.100234725,0.06847434,0.004818633,-0.025086481
1995,0.25500026,0.22544895,0.25030178,0.19068618,0.004698485,0.03476277
1996,2.1248026,1.2610142,1.8037065,1.2493985,0.32109606,0.011615753
1997,1.277022,0.85123116,1.2028632,0.8814424,0.07415879,-0.03021127
1998,-0.00817016,0.096316874,0.0157783,0.010156304,-0.02394846,0.08616057
1999,0.032402206,-0.02521967,0.025190094,0.01717642,0.0072121117,-0.04239609
2000,0.5681968,0.38120198,0.55737174,0.34498778,0.010825038,0.036214203
2001,0.18449603,0.24802768,0.15009044,0.10712451,0.03440559,0.14090317
2002,0.067539915,0.10762064,0.0513479,0.041326582,0.016192015,0.06629406
2003,0.030682549,0.10687221,0.024196979,0.023648992,0.00648557,0.083223216
2004,1.991927,1.4735802,1.8736817,1.3895957,0.11824536,0.083984494
2005,0.032093912,0.029795315,0.018300671,0.018223364,0.013793241,0.011571951
2006,1.2694341,0.7454706,1.0279328,0.7518795,0.24150133,-0.00640893
2007,0.07939406,0.028394379,0.07187335,0.04677049,0.0075207055,-0.018376112
2008,0.09118463,0.075284466,0.08829189,0.064015895,0.00289274,0.011268571
2009,0.14255135,0.07292035,0.13103363,0.09851266,0.011517718,-0.025592305
2010,-0.025512705,0.12179586,0.012300024,0.00782481,-0.03781273,0.113971055
2011,1.7004992,1.2073082,1.6151187,1.1869831,0.085380435,0.020325065
2012,1.4486094,0.9894341,1.4068437,1.0107586,0.04176569,-0.021324515
2013,0.18654683,0.13571703,0.15558736,0.12229431,0.030959472,0.013422728
2014,0.15386063,0.13733472,0.1484671,0.09748778,0.005393535,0.03984694
2015,0.011246068,0.0011073335,0.00902725,0.0110794455,0.0022188183,-0.009972112
2016,2.742349,2.1352909,2.7594175,2.0082142,-0.017068624,0.12707663
2017,0.08488306,0.058881573,0.06882648,0.054816045,0.016056575,0.0040655285
2018,1.8887128,1.2538036,1.7390461,1.2822884,0.14966667,-0.028484821
2019,3.6202981,2.8492785,3.2479286,2.6573174,0.37236953,0.19196105
2020,0.039034523,0.14062633,0.03681952,0.027947579,0.0022150017,0.11267875
2021,0.045615397,0.051630862,0.04609306,0.03331132,-0.00047766417,0.018319543
2022,0.046090096,-0.012691855,0.047750987,0.032754403,-0.0016608909,-0.045446258
2023,2.0262973,1.5731807,1.9500206,1.4905794,0.07627678,0.08260131
2024,0.0082763145,-0.00010000036,0.026641574,0.0180019,-0.01836526,-0.018101899
2025,0.057254773,0.12989783,0.07414766,0.048989467,-0.016892884,0.080908366
2026,0.0916907,0.077716894,0.08892541,0.06259631,0.0027652904,0.015120581
2027,0.0017466986,-0.037605632,0.013467672,0.011425637,-0.011720974,-0.04903127
2028,2.0117161,1.3798041,1.831164,1.3361394,0.18055212,0.043664694
2029,2.2307136,1.5344492,2.0517445,1.4911149,0.17896914,0.043334365
2030,1.6644692,1.1237334,1.6199315,1.1437367,0.044537783,-0.020003319
2031,0.91524804,0.54325897,0.80136555,0.580459,0.11388248,-0.037200034
2032,1.5389185,0.9815114,1.3819172,0.9498137,0.15700126,0.03169769
2033,0.03606372,0.14371195,0.03555517,0.026997048,0.00050855055,0.11671491
2034,2.8335235,1.8228569,2.7064188,1.7391198,0.12710476,0.083737135
2035,0.017956527,0.0223685,0.01954045,0.009184603,-0.0015839227,0.013183897
2036,-0.013877437,-0.05551811,0.017240733,0.010021011,-0.03111817,-0.06553912
2037,1.5096028,1.0925105,1.366971,0.9718642,0.14263177,0.12064624
2038,0.029928613,0.05418244,0.023665579,0.025919383,0.0062630344,0.028263057
2039,0.045007583,0.07040228,0.044884127,0.0442451,0.00012345612,0.026157178
2040,0.022455618,0.008272198,0.026767964,0.017569125,-0.0043123458,-0.009296927
2041,0.046397876,0.029669488,0.051900465,0.03865555,-0.005502589,-0.008986061
2042,0.15527977,0.07830498,0.15239297,0.11467435,0.002886802,-0.03636937
2043,0.07558515,0.18767235,0.07291346,0.04523617,0.0026716888,0.14243618
2044,2.259603,1.5797232,2.1587825,1.5323994,0.10082054,0.047323823
2045,0.023693344,0.09013686,0.016715301,0.009196379,0.0069780424,0.080940485
2046,0.09805171,0.015207169,0.093563296,0.04692847,0.004488416,-0.0317213
2047,3.1058505,1.7127832,2.8457198,1.9281762,0.26013064,-0.21539295
2048,0.041908942,0.037691202,0.03847814,0.029097175,0.0034308024,0.008594027
2049,0.021769162,0.058255464,0.016549129,0.01927419,0.005220033,0.038981274
2050,2.3760674,1.567472,2.2438,1.5702317,0.13226748,-0.002759695
2051,0.12045929,0.06416438,0.10270649,0.07053725,0.017752796,-0.006372869
2052,0.0504389,0.03311531,0.035451055,0.026710879,0.014987845,0.0064044297
2053,0.00086631055,0.14038491,0.011069936,0.008920265,-0.010203625,0.13146465
2054,0.11322291,0.09067939,0.10254331,0.07210731,0.010679603,0.018572085
2055,1.775386,1.1762522,1.6065983,1.1948665,0.16878772,-0.018614292
2056,0.19604672,0.15809056,0.17887612,0.13663487,0.017170608,0.02145569
2057,2.021986,1.5009357,1.77351,1.3386253,0.24847603,0.16231036
2058,0.38631943,0.2762149,0.38104233,0.25788647,0.005277097,0.018328428
2059,0.15063669,0.12766205,0.15269414,0.104537144,-0.002057448,0.023124903
2060,2.5769775,1.8108753,2.4242883,1.6536906,0.15268922,0.15718472
2061,1.7155365,1.2503122,1.6406682,1.2535702,0.07486832,-0.0032579899
2062,5.758358,3.4922853,4.6967254,3.0426946,1.0616326,0.44959068
2063,1.2770293,0.9243349,1.2335625,0.8853113,0.043466806,0.03902358
2064,0.01768913,0.04739328,0.027344191,0.01664989,-0.009655062,0.03074339
2065,1.1180928,0.7151807,1.0618589,0.7038468,0.056233883,0.011333883
2066,0.07969919,0.007470373,0.08424657,0.06183418,-0.00454738,-0.054363806
2067,0.106919736,0.09446102,0.107447706,0.079246916,-0.0005279705,0.0152141005
2068,0.01915408,0.048848882,0.015740493,0.0143841775,0.003413586,0.034464706
2069,0.042899024,-0.0003286277,0.03451734,0.021237826,0.008381683,-0.021566454
2070,0.04785153,0.036507964,0.040487774,0.028448677,0.0073637553,0.008059287
2071,0.07313882,0.01070461,0.08339769,0.05645152,-0.010258868,-0.04574691
2072,0.01732273,0.05045342,0.014153573,0.011764279,0.0031691575,0.038689144
2073,1.5791831,0.99389327,1.5188643,1.0028604,0.060318828,-0.008967161
2074,1.9448895,1.0399292,0.934923,0.65930873,1.0099666,0.38062042
2075,1.9120954,1.3152181,1.6203585,1.214042,0.29173696,0.10117614
2076,-0.033859737,-0.08343955,-0.00066142547,0.0049637547,-0.033198312,-0.08840331
2077,1.5686966,1.1672624,1.3158981,0.9437698,0.25279856,0.22349262
2078,0.26868042,0.19053006,0.25003114,0.16197026,0.01864928,0.028559804
2079,3.5818522,2.1507268,2.9428577,1.778656,0.63899446,0.3720708
2080,0.33406523,0.3242332,0.2804069,0.20161918,0.053658336,0.122614026
2081,2.8821466,2.1358564,2.508517,2.0488636,0.37362957,0.08699274
2082,0.07000106,0.059333995,0.039545346,0.040239856,0.030455712,0.01909414
2083,1.9987888,1.2976915,1.4554801,0.9526266,0.54330873,0.34506488
2084,0.029093038,0.0924698,0.020873383,0.018910913,0.008219656,0.07355888
2085,0.029316671,0.041574083,0.03559123,0.023373583,-0.0062745586,0.0182005
2086,2.7168071,1.9923728,2.0597343,1.3168223,0.6570728,0.67555046
2087,-0.02781208,0.118953235,0.010556377,0.0063835545,-0.038368456,0.11256968
2088,1.6447092,1.2432513,1.5610354,1.2332913,0.083673835,0.009960055
2089,-0.006142717,-0.0072849193,0.011274195,0.013431713,-0.017416913,-0.020716632
2090,0.07579116,0.09156091,0.0676536,0.056778125,0.008137561,0.034782782
2091,3.980339,2.7211585,3.5600276,2.16485,0.42031145,0.5563085
2092,2.5101657,2.764699,2.1539304,1.5548599,0.35623527,1.2098391
2093,-0.008840143,-0.030504309,0.015155794,0.012672953,-0.023995936,-0.043177262
2094,0.37267363,0.28946996,0.34802538,0.23661979,0.02464825,0.052850172
2095,1.9620597,1.1369265,1.6077516,1.1619552,0.35430813,-0.025028706
2096,0.06650065,0.06606264,0.06738676,0.051136248,-0.00088611245,0.014926389
2097,1.7254553,1.1403519,1.6426163,1.2050661,0.08283901,-0.06471419
2098,0.017488629,0.039833546,0.018306252,0.014858598,-0.000817623,0.024974948
2099,0.05839862,0.08150447,0.06347047,0.045697886,-0.0050718486,0.035806585
2100,0.21989755,0.15205131,0.19770847,0.14157423,0.02218908,0.010477081
2101,0.0057164244,0.031352982,0.007974574,0.011491331,-0.00225815,0.01986165
2102,0.010605822,-0.023463923,0.018428301,0.009981077,-0.007822479,-0.033445
2103,2.8526387,2.179892,1.9745792,1.3998655,0.8780595,0.78002656
2104,0.048522286,0.04996776,0.041853897,0.036007695,0.006668389,0.013960063
2105,0.023630675,0.049197752,0.021051874,0.017913386,0.0025788005,0.031284366
2106,0.09814303,0.16949028,0.114094175,0.080721796,-0.015951142,0.08876848
2107,1.2021886,0.85501117,1.1498511,0.82978886,0.052337527,0.025222301
2108,0.034712147,0.035731234,0.030165294,0.027093183,0.004546853,0.00863805
2109,0.20627524,0.09021032,0.2035459,0.12223576,0.0027293414,-0.03202544
2110,0.09946753,0.09242296,0.08953426,0.062165868,0.0099332705,0.030257095
2111,1.521661,1.1018509,1.4978615,1.0948883,0.023799539,0.0069625378
2112,0.06365646,0.0067274426,0.063679725,0.046633117,-2.3268163e-05,-0.039905675
2113,0.04577318,0.043054212,0.041741725,0.042112816,0.0040314533,0.00094139576
2114,0.007286573,0.035225913,0.017944396,0.012786862,-0.010657823,0.022439051
2115,0.03620121,0.07466086,0.01967873,0.015072194,0.016522478,0.059588667
2116,0.077078246,0.081559576,0.074587874,0.06278311,0.0024903715,0.018776469
2117,1.273694,0.95589674,1.2473147,0.92205703,0.026379347,0.033839703
2118,1.915825,1.2495503,1.699572,1.2651685,0.21625304,-0.015618205
2119,2.324433,1.4988353,2.088646,1.4984022,0.23578715,0.00043308735
2120,1.9867147,1.4243286,1.7602739,1.2592891,0.22644079,0.16503942
2121,0.051828247,0.01674348,0.040822975,0.036410917,0.011005271,-0.019667437
2122,0.41854328,0.32282126,0.40105414,0.292512,0.017489135,0.03030926
2123,0.17303927,0.15900682,0.17052896,0.13744922,0.0025103092,0.0215576
2124,0.053237595,0.0407411,0.0664187,0.06109754,-0.013181105,-0.020356439
2125,0.090340406,0.15246078,0.10641967,0.08233164,-0.016079262,0.07012914
2126,1.1313885,0.7815482,1.0841881,0.78227484,0.04720044,-0.0007266402
2127,2.5501375,1.8524382,2.3939884,1.8448145,0.15614915,0.0076236725
2128,1.0304958,0.70067537,0.87368476,0.6002207,0.156811,0.10045469
2129,2.8939059,1.9674453,2.8337424,1.9411621,0.060163498,0.026283145
2130,0.05120532,0.04406449,0.031460572,0.024488265,0.019744746,0.019576224
2131,0.008303425,-0.04557036,0.017602898,0.0092909075,-0.009299473,-0.054861266
2132,0.00499717,0.10720966,0.021346029,0.014490329,-0.01634886,0.09271933
2133,-0.014981433,0.10581795,0.016568039,0.008449392,-0.031549472,0.09736856
2134,0.0022053407,-0.054751143,0.007341744,0.0053467774,-0.0051364033,-0.06009792
2135,2.3238506,1.7407259,2.1905441,1.6287769,0.1333065,0.11194897
2136,0.039989192,0.03929524,0.027210604,0.027724307,0.012778588,0.011570934
2137,1.5610104,1.0309441,1.4207138,1.0482833,0.14029658,-0.01733923
2138,0.12711196,0.08163345,0.09377692,0.063268125,0.033335038,0.018365324
2139,0.011945641,0.02002794,0.018640157,0.012206285,-0.006694516,0.007821654
2140,0.037328795,0.058311783,0.024033207,0.020320896,0.013295587,0.037990887
2141,0.03631221,0.07384435,0.026314706,0.02561824,0.009997506,0.04822611
2142,0.06640932,0.060168453,0.052952677,0.04503785,0.013456643,0.015130602
2143,0.04604486,0.06506739,0.0390945,0.030285707,0.00695036,0.03478168
2144,0.049529776,-0.023870675,0.049267966,0.028020266,0.00026180968,-0.05189094
2145,0.021435201,0.0198355,0.028420752,0.026855493,-0.0069855507,-0.007019993
2146,1.484239,0.9869636,1.4625295,1.0125271,0.021709442,-0.025563478
2147,0.22036776,0.19042899,0.21884775,0.15557934,0.0015200078,0.034849644
2148,1.5041577,1.0561603,1.4144177,1.0690237,0.08973992,-0.012863398
2149,0.053391814,0.072925135,0.033918224,0.024905495,0.01947359,0.04801964
2150,0.08701261,0.06520392,0.06650627,0.04695156,0.020506345,0.018252362
2151,0.034478,0.026881475,0.025254142,0.021620799,0.00922386,0.005260676
2152,1.7041517,1.3134449,1.6657536,1.1896975,0.038398147,0.12374735
2153,1.6974921,1.0996838,1.4723387,1.1378188,0.22515345,-0.03813505
2154,0.19679108,0.14591618,0.19683796,0.14151607,-4.6879053e-05,0.0044001043
2155,5.284462,2.8986173,3.8623672,3.0534005,1.4220948,-0.15478325
2156,0.052576642,0.0556542,0.03600953,0.026536142,0.016567111,0.02911806
2157,0.026664404,-0.0016946873,0.025564421,0.02344944,0.0010999832,-0.025144126
2158,-0.004180705,-0.028533421,0.021235969,0.016930405,-0.025416674,-0.045463827
2159,0.02881252,0.060002875,0.0236266,0.019781465,0.0051859207,0.040221408
2160,1.1891896,0.7965565,1.1322361,0.77175677,0.05695343,0.024799705
2161,0.012800813,0.1300648,0.019461194,0.02103552,-0.0066603813,0.10902928
2162,0.10915398,0.17216451,0.13028072,0.09234091,-0.02112674,0.079823606
2163,2.0357761,1.5201421,1.9658254,1.4200495,0.0699507,0.10009253
2164,0.1689616,0.12788591,0.15653746,0.11491497,0.012424141,0.012970939
2165,0.03329491,-0.016784055,0.038978104,0.03074025,-0.005683195,-0.047524303
2166,1.3648684,0.8849788,1.2852385,0.818941,0.0796299,0.066037774
2167,3.2261627,2.1428387,2.8655612,1.9352386,0.36060143,0.20760012
2168,2.8188,2.2648153,2.5542326,1.8824457,0.26456738,0.38236964
2169,2.1000128,1.4094663,1.785558,1.3484862,0.3144548,0.06098008
2170,0.0190218,0.02001948,0.010215992,0.013431147,0.008805808,0.0065883324
2171,0.03450382,-0.01190272,0.03668219,0.030080056,-0.0021783672,-0.041982777
2172,2.7694094,1.8748006,2.3893943,1.7859507,0.38001513,0.0888499
2173,0.022449119,-0.02015655,0.036029764,0.024856543,-0.0135806445,-0.045013092
2174,0.23624158,0.15831098,0.22440997,0.16647086,0.011831611,-0.008159876
2175,3.1413207,2.1396022,3.028786,2.1733432,0.11253476,-0.033740997
2176,2.3692636,1.5539317,2.0733674,1.5058086,0.2958963,0.04812312
2177,0.13767575,0.14167356,0.1331907,0.108340874,0.004485041,0.03333269
2178,0.08764597,0.01726365,0.06960971,0.051753335,0.018036261,-0.034489684
2179,1.0822664,0.7390968,0.9647465,0.74736655,0.117519975,-0.008269727
2180,2.6979833,2.0245337,2.6222115,1.9785982,0.07577181,0.04593551
2181,0.97057295,0.6997924,0.90497124,0.68209285,0.06560171,0.01769954
2182,0.5257124,0.3574286,0.5060953,0.34324047,0.01961708,0.014188141
2183,1.6046741,1.0831318,1.5327542,1.0733341,0.07191992,0.009797692
2184,-0.03177371,0.11604566,0.008070794,0.0032085371,-0.0398445,0.11283712
2185,1.6240996,0.883828,1.528768,0.8784723,0.09533167,0.005355656
2186,4.441225,2.6977355,3.2564514,2.5177195,1.1847737,0.18001604
2187,1.0577104,0.82737625,1.0129613,0.7105215,0.04474914,0.11685473
2188,0.35953608,0.26882607,0.35086513,0.23816872,0.008670956,0.030657351
2189,0.009950457,-0.044785537,0.013009846,0.009312493,-0.003059389,-0.05409803
2190,0.04932826,0.15455648,0.04843647,0.035713613,0.0008917898,0.11884287
2191,1.2894205,0.7671867,1.2426444,0.8012332,0.046776056,-0.03404647
2192,2.4124777,1.7375727,1.8607521,1.4386147,0.5517256,0.29895794
2193,0.016780803,-0.007995426,0.012471417,0.009617044,0.004309386,-0.017612468
2194,0.30635798,0.22430979,0.30406612,0.23218246,0.0022918582,-0.007872671
2195,-0.028584575,0.11604792,0.010002272,0.004269955,-0.038586847,0.11177796
2196,0.07301117,0.06187528,0.053913943,0.05107833,0.019097224,0.010796949
2197,3.2037697,2.406755,2.4211118,1.7789427,0.78265786,0.62781227
2198,0.03368569,0.058016166,0.02389763,0.021415174,0.009788062,0.036600992
2199,1.9605775,1.4536734,1.9106197,1.3381864,0.049957752,0.11548698
2200,-0.0039887796,0.01942973,0.016215205,0.013500598,-0.020203985,0.005929132
2201,0.03571879,0.034553066,0.04342499,0.0245072,-0.007706199,0.010045866
2202,2.3320324,1.710235,2.154063,1.6701438,0.17796946,0.040091157
2203,0.051687676,0.07854133,0.042060353,0.033777155,0.009627324,0.044764176
2204,0.09593696,0.13516125,0.10423442,0.06951207,-0.008297458,0.06564918
2205,0.098639615,0.041533556,0.10388768,0.079831585,-0.0052480623,-0.03829803
2206,1.4138906,0.95443696,1.274971,0.9258323,0.13891959,0.028604686
2207,2.859615,2.0956907,2.4866033,1.8221285,0.37301183,0.2735622
2208,0.030506391,-0.060861863,0.0325755,0.019746661,-0.0020691082,-0.080608524
2209,-0.017639134,-0.029132726,0.003680402,0.0043894025,-0.021319536,-0.03352213
2210,2.00586,1.232227,1.9158643,1.2036365,0.08999574,0.02859044
2211,1.9993114,1.4227085,1.6055996,1.2355039,0.3937118,0.1872046
2212,0.090046294,0.06789518,0.06879512,0.050581664,0.021251172,0.017313518
2213,1.2794433,0.9063523,1.1974623,0.8687579,0.08198094,0.037594378
2214,1.2060859,0.95355535,1.1604167,0.8950054,0.045669198,0.05854994
2215,0.019051377,0.0030472474,0.020992417,0.014731412,-0.0019410402,-0.011684164
2216,1.6307505,1.0860233,1.5048376,1.0461447,0.1259129,0.039878607
2217,0.13095161,0.04579501,0.13226421,0.09303537,-0.0013125986,-0.04724036
2218,0.044435993,0.06482814,0.035071302,0.031690463,0.009364691,0.03313768
2219,0.034267526,0.035639025,0.036431734,0.022701493,-0.0021642074,0.012937533
2220,0.035818446,0.0033321963,0.040447958,0.029508492,-0.0046295114,-0.026176296
2221,1.4759417,1.1583627,1.3354878,0.9946577,0.14045382,0.16370505
2222,0.09463134,0.088388704,0.092995405,0.069262646,0.0016359314,0.019126058
2223,0.252237,0.15590522,0.23311909,0.17612247,0.019117907,-0.020217255
2224,1.9803131,1.293053,1.5996946,1.2636368,0.38061845,0.029416203
2225,0.31800303,0.21012835,0.30018955,0.19256513,0.017813474,0.017563224
2226,0.05833097,0.004755147,0.056467623,0.045705516,0.0018633492,-0.04095037
2227,0.070943,0.02660779,0.077835634,0.058791228,-0.0068926364,-0.03218344
2228,0.063643515,0.03892438,0.04505948,0.035604097,0.018584035,0.0033202842
2229,-0.002088489,0.028242972,0.02191228,0.020500544,-0.02400077,0.0077424273
2230,0.0367113,0.030288417,0.030096496,0.018791512,0.006614806,0.011496905
2231,3.5415764,2.2522125,2.5669475,2.0670533,0.9746289,0.1851592
2232,2.3463004,1.6783005,1.9206034,1.2409607,0.42569697,0.43733978
2233,1.3555151,0.9944547,1.2947795,0.96361923,0.060735583,0.03083545
2234,0.07308937,0.04985451,0.055557184,0.040776186,0.017532185,0.009078324
2235,0.08194634,0.044179745,0.07944364,0.05461497,0.0025027022,-0.010435224
2236,0.019527828,0.02942653,0.02413174,0.019039443,-0.004603911,0.010387087
2237,1.3676574,1.0372463,1.2879263,0.9583205,0.07973111,0.07892585
2238,-0.028810458,0.13393004,0.015621322,0.00980025,-0.04443178,0.124129795
2239,-0.021726936,0.12441404,0.015658792,0.0079017375,-0.03738573,0.116512306
2240,1.8180612,1.4066836,1.7869682,1.3351575,0.031093001,0.07152605
2241,0.022190392,0.03805376,0.027312765,0.020729749,-0.005122373,0.01732401
2242,1.9064002,1.1580259,1.4500496,1.0159466,0.45635056,0.14207923
2243,1.3608925,0.9421215,1.2657905,0.9278513,0.09510207,0.014270186
2244,1.8457059,1.2922424,1.6624279,1.2078965,0.18327796,0.08434594
2245,2.1992495,1.5365645,2.1342452,1.5825961,0.06500435,-0.046031594
2246,1.967301,1.3289392,1.8146436,1.3510615,0.15265739,-0.022122264
2247,0.037986692,0.12949553,0.064669795,0.04621937,-0.026683103,0.08327616
2248,1.1688001,0.9729432,0.97599757,0.7328373,0.19280255,0.24010587
2249,0.015947549,-0.008261312,0.012262074,0.01108635,0.0036854744,-0.019347662
2250,1.1868982,0.94216174,1.1849822,0.87423944,0.0019160509,0.067922294
2251,-0.013063327,0.18213615,0.013419874,0.009457742,-0.0264832,0.17267841
2252,-0.007492041,0.053854175,0.013612862,0.0083238995,-0.021104902,0.045530275
2253,0.10002401,0.08005383,0.09555448,0.073554,0.004469529,0.006499827
2254,0.056123618,0.050465513,0.053417496,0.0411055,0.0027061217,0.009360012
2255,0.15623084,0.09806803,0.13879296,0.08866541,0.017437875,0.009402618
2256,0.01267748,0.12879778,0.03341165,0.023698093,-0.020734172,0.10509969
2257,0.1832106,0.33143967,0.17550923,0.13059703,0.007701367,0.20084265
2258,0.037567988,0.03639292,0.04382422,0.026393062,-0.00625623,0.009999858
2259,0.037942577,0.056465086,0.039917596,0.029940844,-0.0019750185,0.026524242
2260,1.2666954,0.85810864,1.1836264,0.8751647,0.08306897,-0.017056048
2261,2.5400314,1.7956455,2.340117,1.6823689,0.19991446,0.1132766
2262,2.0013392,1.4700527,1.8886998,1.324617,0.11263943,0.14543569
2263,0.073999144,0.0015963396,0.07615764,0.0521264,-0.0021584928,-0.05053006
2264,1.0349239,0.73899746,0.97763264,0.6924681,0.05729127,0.046529353
2265,1.7619468,1.0418379,1.4209712,1.0100662,0.34097564,0.03177178
2266,-0.0025588877,-0.0296482,0.014968941,0.014242525,-0.017527828,-0.043890726
2267,1.2335203,0.6676587,1.0123683,0.655618,0.22115195,0.012040675
2268,1.881334,1.2822981,1.7562119,1.3091955,0.12512207,-0.02689743
2269,0.022364534,-0.014734531,0.021628883,0.019033555,0.0007356517,-0.033768088
2270,0.04853186,0.046029367,0.054804683,0.043936245,-0.0062728226,0.0020931214
2271,0.23195703,0.15558663,0.18601829,0.14605102,0.045938745,0.009535611
2272,0.066118,0.044560164,0.0436169,0.035036612,0.022501104,0.009523552
2273,1.3019189,0.91479886,1.2290514,0.9267465,0.07286751,-0.011947632
2274,0.039973326,0.13261534,0.06873082,0.04802365,-0.028757498,0.084591694
2275,0.14823376,0.11024681,0.121183455,0.09017337,0.027050301,0.020073436
2276,0.034390498,0.068776466,0.038380943,0.02552469,-0.0039904453,0.043251775
2277,1.1044455,0.82702297,1.0913458,0.8026903,0.01309967,0.024332643
2278,0.027517196,0.06536163,0.02298535,0.027003566,0.0045318455,0.038358063
2279,0.30741638,0.22284673,0.30402666,0.20392652,0.0033897161,0.018920213
2280,3.285387,2.381293,3.0199213,2.300385,0.26546574,0.08090806
2281,0.012932676,-0.041910358,0.012636194,0.009958306,0.00029648189,-0.051868662
2282,0.036050025,0.060799945,0.030058373,0.022523412,0.0059916526,0.03827653
2283,0.039741766,-0.048043463,0.029500002,0.019814942,0.010241764,-0.067858405
2284,0.045549348,0.0382937,0.039285854,0.030689364,0.0062634945,0.0076043364
2285,1.2326268,0.8923919,1.1620423,0.8250483,0.070584536,0.06734359
2286,2.255962,0.8523322,0.5963358,1.4056494,1.659626,-0.55331725
2287,0.15669051,0.078636646,0.1455342,0.08480877,0.011156306,-0.0061721206
2288,-0.014719263,0.115998924,0.015971038,0.009355115,-0.030690301,0.10664381
2289,0.28074566,0.23156698,0.27970406,0.21211854,0.0010415912,0.019448444
2290,0.052805085,0.06171238,0.040031377,0.03215394,0.0127737075,0.029558439
2291,0.059654694,0.018648032,0.037641674,0.030509878,0.02201302,-0.011861846
2292,0.045387134,0.039140668,0.055645384,0.05651179,-0.01025825,-0.017371122
2293,1.3362404,0.76993424,0.943195,0.6416812,0.39304543,0.12825304
2294,0.08954727,0.087913,0.08436702,0.057883322,0.005180247,0.030029677
2295,0.114597775,0.13096501,0.11565032,0.08274265,-0.0010525435,0.048222363
2296,1.8843938,1.0148535,1.1737831,0.7627567,0.71061075,0.25209677
2297,0.077061966,-0.0014173465,0.07037643,0.043120265,0.0066855326,-0.04453761
2298,0.043767933,0.015662173,0.056907855,0.033315852,-0.013139922,-0.01765368
2299,0.039782934,-0.028922303,0.040808283,0.026264388,-0.0010253489,-0.05518669
2300,2.0283275,1.3972839,1.9352138,1.3267083,0.09311366,0.070575595
2301,0.19156258,0.10225714,0.19074973,0.12251867,0.00081284344,-0.020261534
2302,2.6880863,0.84732074,1.5314968,1.1461471,1.1565895,-0.2988264
2303,1.28447,0.8944158,1.19811,0.8750471,0.08635998,0.019368708
2304,0.12940593,0.039725173,0.12251471,0.07736985,0.006891221,-0.037644673
2305,0.043416582,0.014149154,0.03699813,0.022924934,0.0064184517,-0.00877578
2306,0.20466535,0.18126391,0.1953111,0.14817968,0.009354249,0.03308423
2307,1.8500379,1.2697589,1.6306555,1.2416393,0.2193824,0.028119683
2308,0.02657233,0.057659492,0.020308997,0.017623022,0.0062633324,0.04003647
2309,1.3624686,0.8657778,1.2007301,0.844831,0.16173851,0.0209468
2310,0.16248298,0.08217914,0.15676293,0.10297354,0.005720049,-0.020794407
2311,1.389449,0.9420118,1.2797194,0.91620207,0.10972965,0.025809705
2312,1.4450914,0.9987567,1.2848884,0.9017707,0.16020298,0.096985996
2313,0.32352263,0.24425437,0.29700595,0.22420385,0.026516676,0.02005051
2314,1.7818696,1.1924555,1.4118993,1.0763592,0.36997032,0.11609638
2315,0.042069346,0.0799635,0.03963834,0.03502082,0.0024310052,0.044942677
2316,1.8174227,1.2984775,1.7160511,1.3089226,0.101371646,-0.010445118
2317,0.21452834,0.1733103,0.19521587,0.14557774,0.019312471,0.027732551
2318,1.5622797,0.90117604,1.1384382,0.8360344,0.42384148,0.06514162
2319,0.0014034412,-0.026831225,0.033327345,0.02210749,-0.031923905,-0.048938714
2320,1.1966087,0.8759237,1.1356523,0.8109749,0.06095636,0.0649488
2321,1.6395519,0.9639402,1.4627717,0.95365953,0.17678022,0.010280669
2322,0.2168285,0.12118805,0.20000663,0.14128523,0.016821861,-0.020097174
2323,1.5201207,1.0427445,1.4667194,1.003603,0.05340135,0.039141536
2324,0.031275265,0.04188812,0.031127414,0.024614131,0.00014785118,0.01727399
2325,-0.018962853,0.0014185562,0.010099459,0.0093056485,-0.029062312,-0.007887092
2326,0.048479833,0.046997804,0.02956416,0.021441998,0.018915672,0.025555806
2327,0.1266232,0.10238861,0.123059645,0.08767153,0.003563553,0.01471708
2328,1.4583274,0.78718525,1.1589445,0.82850397,0.29938293,-0.041318715
2329,3.203793,1.9981357,2.4892514,1.841705,0.7145417,0.15643072
2330,0.12579733,0.20406798,0.14803831,0.09835938,-0.022240981,0.10570859
2331,0.012823661,0.08296892,0.029605025,0.01628529,-0.016781364,0.066683635
2332,-0.0058771847,0.112495646,0.00730366,0.00981283,-0.0131808445,0.102682814
2333,1.5105916,1.0440328,1.3672602,0.9455738,0.14333141,0.098459005
2334,0.092595115,0.015243811,0.100412205,0.06559215,-0.00781709,-0.050348338
2335,1.3733062,0.9461492,1.2531717,0.8415289,0.12013447,0.10462028
2336,2.5153632,1.4499953,2.2798047,1.4755882,0.23555851,-0.025592923
2337,0.035935294,-0.020549871,0.03231702,0.017200943,0.003618274,-0.037750814
2338,0.036692232,-0.018215565,0.049100317,0.03483796,-0.012408085,-0.053053528
2339,0.052370623,0.06617019,0.048369322,0.034491193,0.004001301,0.031679
2340,0.022098145,-0.056120817,0.02038164,0.012260556,0.0017165039,-0.06838137
2341,1.4354247,0.924218,1.2826452,0.9173568,0.15277946,0.00686121
2342,1.3747194,1.0287706,1.326092,0.9489705,0.048627377,0.07980007
2343,2.0765522,1.3896023,1.7735767,1.2982814,0.30297542,0.09132087
2344,0.017709097,0.045137595,0.014195189,0.012698127,0.003513908,0.03243947
2345,0.22799098,0.18711382,0.21618938,0.14147761,0.0118016,0.045636207
2346,0.03987609,0.13679251,0.033956725,0.027597055,0.0059193633,0.109195456
2347,0.21946454,0.2724328,0.19692045,0.15701899,0.022544086,0.115413815
2348,0.035113376,0.043701854,0.022588337,0.018533504,0.012525039,0.02516835
2349,-0.033677053,0.119776435,0.006477581,0.0025463544,-0.040154632,0.11723008
2350,0.06610774,0.026444318,0.06256194,0.041372053,0.0035458058,-0.014927736
2351,0.029653955,0.030247604,0.03305951,0.029709857,-0.003405556,0.0005377475
2352,2.0397766,1.6017836,1.962334,1.3798348,0.07744253,0.22194886
2353,0.039397955,-0.02635646,0.050963532,0.02928411,-0.011565577,-0.05564057
2354,0.27015042,0.25169507,0.2572133,0.19626096,0.012937129,0.055434108
2355,0.16474965,0.13609423,0.15469775,0.106905855,0.010051906,0.029188372
2356,1.8493483,1.2126381,1.4745657,1.0459489,0.37478256,0.16668928
2357,0.027741017,0.13763417,0.030646732,0.02168306,-0.0029057153,0.11595111
2358,0.417748,0.29545447,0.39968792,0.29099455,0.018060088,0.0044599175
2359,1.6721544,1.140947,1.5792307,1.1346065,0.09292376,0.0063405037
2360,0.032567397,0.06614993,0.012874815,0.013109374,0.019692581,0.053040553
2361,2.538326,1.3436377,1.725425,1.2993188,0.812901,0.044318914
2362,0.96363175,0.62694526,0.89419717,0.6039168,0.06943458,0.023028433
2363,0.049652092,0.030208115,0.025734756,0.020111244,0.023917336,0.01009687
2364,1.9962871,1.4863192,1.8268535,1.3767335,0.1694336,0.10958564
2365,3.3018255,1.9380373,2.3643956,1.821327,0.9374299,0.116710305
2366,0.030528374,0.059694406,0.036023565,0.017743966,-0.0054951906,0.041950442
2367,0.09332509,0.05055528,0.10369478,0.063165165,-0.010369688,-0.012609884
2368,0.9975853,0.82106,0.8387458,0.6129862,0.15883952,0.2080738
2369,1.7541243,1.2075921,1.6337887,1.1172282,0.12033558,0.09036398
2370,0.93668354,0.66838086,0.8134154,0.6253934,0.12326813,0.042987466
2371,0.037815835,0.064924195,0.03779415,0.029574942,2.1684915e-05,0.035349254
2372,1.9207573,1.4203762,1.8793074,1.3753718,0.041449904,0.045004368
2373,0.049617887,-0.014474006,0.057573773,0.032711625,-0.007955886,-0.04718563
2374,0.06076784,0.053157598,0.044052478,0.040522702,0.016715363,0.012634896
2375,0.04046742,0.021456199,0.054261915,0.041747503,-0.013794497,-0.020291304
2376,0.26115373,0.18676832,0.24393141,0.17654154,0.017222315,0.010226786
2377,-0.025969945,0.11935251,0.01281547,0.0069756983,-0.038785413,0.11237682
2378,1.7085217,1.2347562,1.4801773,1.145174,0.22834444,0.089582205
2379,0.03706352,0.02572141,0.052135557,0.046390973,-0.015072037,-0.020669563
2380,2.3140874,1.8084258,2.2297359,1.591107,0.08435154,0.21731877
2381,2.779258,1.6193334,2.3604066,1.6644453,0.41885138,-0.045111895
2382,0.013461353,-0.020053849,0.025297085,0.021067701,-0.011835732,-0.04112155
2383,0.60629743,0.42057553,0.585983,0.4112379,0.020314455,0.009337634
2384,0.8904951,0.5441341,0.7494741,0.5401219,0.14102101,0.0040121675
2385,0.028145393,0.012219741,0.038477514,0.025183165,-0.010332121,-0.012963424
2386,-0.02220159,0.12159748,0.016001908,0.008255723,-0.0382035,0.113341756
2387,0.3341184,0.23012456,0.3057163,0.23108375,0.02840209,-0.00095918775
2388,0.017087443,-0.008131352,0.01694494,0.016339852,0.00014250353,-0.024471205
2389,1.949745,1.1894217,1.5231785,1.064414,0.4265666,0.12500763
2390,0.55746555,0.42101803,0.5361017,0.39662132,0.021363854,0.024396718
2391,0.03463541,0.014682233,0.05344946,0.038220342,-0.01881405,-0.023538109
2392,0.033228796,0.03093762,0.03806464,0.030062279,-0.004835844,0.0008753408
2393,-0.0019407705,-0.038358912,0.0068761483,0.008080545,-0.008816918,-0.046439458
2394,10.289952,5.139043,8.66527,4.9866858,1.6246824,0.1523571
2395,3.061387,-0.008256258,2.1240227,0.95412445,0.93736434,-0.9623807
2396,2.187427,1.3403983,1.8559669,1.3159997,0.33146012,0.024398565
2397,0.026759876,0.040615737,0.017298257,0.010483176,0.009461619,0.030132562
2398,1.3109374,0.8227523,1.1930969,0.830598,0.11784053,-0.0078457
2399,4.0168133,1.6154948,2.2123852,1.7538121,1.8044281,-0.13831723
2400,0.31265834,0.25547323,0.2891285,0.20372996,0.023529828,0.05174327
2401,0.044110518,-0.017650995,0.041034628,0.023460295,0.0030758902,-0.04111129
2402,0.063210934,-0.00045425582,0.0629894,0.039717574,0.00022153556,-0.040171828
2403,2.4642303,1.4552839,2.0751495,1.4652469,0.38908076,-0.009963036
2404,0.042896036,-0.02590809,0.04441626,0.027066544,-0.0015202239,-0.052974634
2405,0.06339745,0.037959166,0.041283477,0.028762355,0.022113975,0.00919681
2406,0.15110883,0.07287588,0.13942352,0.08577079,0.011685312,-0.012894914
2407,1.8352543,1.3139229,1.6542994,1.2394205,0.18095493,0.07450235
2408,0.09224909,0.079989,0.09116684,0.0673186,0.001082249,0.012670398
2409,1.7732892,1.2432458,1.6092727,1.202089,0.16401649,0.041156888
2410,0.20715071,0.19051293,0.2065378,0.16469291,0.00061291456,0.025820017
2411,1.9212148,1.3594129,1.8264315,1.3300986,0.094783306,0.02931428
2412,0.06434127,0.055703696,0.05672136,0.044139016,0.00761991,0.011564679
2413,1.2976047,0.98028815,1.2625802,0.95189553,0.035024524,0.028392613
2414,2.208189,1.382762,1.9950447,1.3815271,0.2131443,0.001234889
2415,1.9376494,0.9096711,1.3485835,0.85508966,0.5890659,0.054581463
2416,0.0060000992,-0.06126273,0.025415769,0.015592677,-0.01941567,-0.076855406
2417,2.3621237,1.4628139,2.171838,1.4170449,0.19028568,0.045768976
2418,0.11795997,0.10645491,0.11791984,0.093885034,4.0128827e-05,0.0125698745
2419,3.532672,2.4887857,2.903246,2.0435922,0.629426,0.44519353
2420,0.054051585,0.04223482,0.037490316,0.027528245,0.01656127,0.014706574
2421,0.03136982,0.0073942738,0.028844869,0.019997291,0.0025249515,-0.0126030175
2422,0.0631092,0.03790579,0.041627247,0.03088997,0.02148195,0.0070158206
2423,2.9203775,1.390761,1.7370985,1.2253687,1.183279,0.16539228
2424,0.059646063,0.040772837,0.05522164,0.039610375,0.004424423,0.0011624619
2425,0.07227241,0.09031182,0.06678644,0.058291577,0.0054859743,0.03202024
2426,-0.0082726125,0.12672561,0.024201019,0.020745268,-0.03247363,0.105980344
2427,0.059446458,0.046031132,0.03910753,0.030169314,0.020338926,0.015861819
2428,3.227621,2.4701874,2.9243267,2.267304,0.30329442,0.20288348
2429,0.010587086,-0.03224475,0.018794265,0.010581834,-0.008207179,-0.042826585
2430,0.056697752,0.014754173,0.057009805,0.05273238,-0.00031205267,-0.037978206
2431,0.009011846,0.0073630014,0.017624786,0.012895642,-0.00861294,-0.0055326405
2432,0.022007877,0.043669134,0.011580979,0.007998151,0.010426898,0.035670985
2433,0.081993036,0.08188222,0.07428369,0.050286673,0.0077093467,0.03159555
2434,1.3614444,0.91358036,1.209594,0.8414856,0.15185034,0.07209474
2435,0.013104154,0.020355197,0.017398026,0.014615042,-0.004293872,0.0057401545
2436,0.11908475,0.13682416,0.11029532,0.07790269,0.008789435,0.05892147
2437,0.07504178,0.03041506,0.050749116,0.038880475,0.024292663,-0.008465415
2438,2.966782,1.8380984,2.8380253,1.9091768,0.12875676,-0.07107842
2439,1.8229675,1.1528085,1.6180156,1.1979882,0.20495188,-0.045179605
2440,1.7651839,1.1530318,1.6197084,1.1081864,0.1454755,0.04484546
2441,0.050639026,0.07111266,0.04648352,0.037842423,0.0041555054,0.03327024
2442,0.068840206,0.045681372,0.08217323,0.060688265,-0.013333023,-0.015006892
2443,0.16054446,0.09087228,0.15144067,0.10797612,0.00910379,-0.017103843
2444,0.11748203,0.1087971,0.11499107,0.09243345,0.00249096,0.01636365
2445,1.5075655,1.0282013,1.3520398,0.9155591,0.15552568,0.11264223
2446,2.8183634,1.7810829,2.4890413,1.8510958,0.3293221,-0.07001293
2447,0.10948229,0.10106664,0.10593344,0.08631211,0.0035488456,0.014754534
2448,-0.005040958,0.016498597,0.017518288,0.01424247,-0.022559246,0.002256127
2449,0.06268842,0.06736481,0.060800415,0.04037752,0.0018880032,0.026987292
2450,1.3647207,0.90904176,1.3318062,0.89025927,0.03291452,0.018782496
2451,0.021770295,-0.019773556,0.027909776,0.021159545,-0.0061394814,-0.040933102
2452,3.352993,2.3701913,2.833475,1.4584322,0.5195179,0.91175914
2453,0.116420664,0.15637183,0.12550487,0.09508347,-0.009084202,0.061288364
2454,0.032327827,-0.018474953,0.040816743,0.030582765,-0.008488916,-0.04905772
2455,2.515806,1.7125933,2.1654897,1.5508493,0.3503163,0.161744
2456,0.005687776,-0.060057893,0.015590407,0.01118758,-0.009902631,-0.07124548
2457,1.7098439,0.9775557,1.5430411,1.0015986,0.16680276,-0.024042904
2458,0.072538935,0.00961848,0.057101347,0.04201421,0.015437588,-0.03239573
2459,1.0613145,0.80116457,0.9605751,0.6488179,0.10073936,0.15234667
2460,0.0017408043,0.14650403,0.01636954,0.008715126,-0.014628736,0.1377889
2461,0.25862086,0.20213321,0.26018763,0.1836399,-0.0015667677,0.01849331
2462,0.0681093,0.050265554,0.046266824,0.036972146,0.02184248,0.013293408
2463,0.027499259,0.14017761,0.026191425,0.02049784,0.0013078339,0.119679764
2464,1.6223711,1.1458215,1.4922235,1.1029537,0.13014758,0.04286778
2465,0.07819186,0.06063952,0.05928337,0.048094265,0.018908493,0.012545254
2466,0.08524749,0.09586282,0.07912843,0.064002275,0.0061190575,0.031860545
2467,0.020796925,0.09366618,0.03546526,0.027257446,-0.014668334,0.06640874
2468,2.8505344,1.9484836,2.7746458,1.89156,0.075888634,0.056923628
2469,0.062994316,0.07644872,0.041307848,0.01703598,0.021686468,0.059412744
2470,2.452325,1.8604382,2.3446116,1.7944247,0.10771346,0.066013575
2471,-0.024796871,0.120627396,0.0139460955,0.007979302,-0.038742967,0.11264809
2472,0.018106552,0.05045987,0.016078185,0.013465403,0.0020283666,0.036994465
2473,0.09504309,0.07208283,0.07774851,0.0643561,0.017294586,0.007726729
2474,0.008034717,0.10273612,0.024116404,0.014324097,-0.016081687,0.088412024
2475,3.1982846,1.7861036,2.82821,1.9094808,0.3700745,-0.123377204
2476,2.2367065,1.6777817,2.010164,1.5166845,0.22654247,0.16109717
2477,-0.018934635,0.10465715,0.011714479,0.0058626076,-0.030649114,0.09879454
2478,0.064545706,0.04121326,0.04339675,0.031885765,0.021148957,0.009327494
2479,0.18652442,0.15121439,0.17315699,0.120487735,0.013367429,0.030726656
2480,0.18452227,0.106886126,0.18302321,0.0930745,0.0014990568,0.013811626
2481,0.040792387,-0.0021829512,0.051901437,0.033688255,-0.01110905,-0.035871208
2482,0.020078974,0.058994073,0.03181835,0.02086123,-0.011739375,0.038132843
2483,0.010847525,-0.03117118,0.021025177,0.021441415,-0.010177652,-0.052612595
2484,0.030683702,0.0022090238,0.028266707,0.019557681,0.0024169944,-0.017348656
2485,0.039563503,-0.03972826,0.058712877,0.04032628,-0.019149374,-0.08005454
2486,3.260466,1.8399609,1.4406933,1.1382377,1.8197728,0.7017232
2487,2.5037155,1.7628067,2.4243758,1.5592879,0.07933974,0.20351875
2488,3.288683,2.7523055,2.8046298,2.04899,0.48405313,0.7033155
2489,0.0011372075,0.0033675604,0.018772516,0.018306008,-0.017635308,-0.014938448
2490,0.0038180302,-0.0028037503,0.01295791,0.008539378,-0.00913988,-0.011343128
2491,1.4257888,1.0199376,1.2408822,0.900998,0.1849066,0.11893964
2492,0.017108846,0.06495564,0.014869342,0.016436553,0.0022395048,0.048519082
2493,0.55046934,0.46875894,0.5370066,0.3507743,0.013462722,0.11798465
2494,-0.006694609,0.012395516,0.021166742,0.015861329,-0.027861351,-0.0034658127
2495,0.06065839,0.036133964,0.055683415,0.040407877,0.004974976,-0.004273914
2496,0.07287567,0.028505,0.06490277,0.05213239,0.007972904,-0.023627391
2497,4.2903695,3.2685819,3.8059776,2.904307,0.48439193,0.36427498
2498,0.05139762,0.008103064,0.05431165,0.038821504,-0.00291403,-0.030718438
2499,0.08222014,0.08795262,0.08249351,0.06370482,-0.00027336925,0.024247803
2500,2.4298022,1.6365018,1.9728987,1.3217235,0.45690346,0.31477833
2501,1.2886595,0.86972904,1.2334468,0.887884,0.055212617,-0.018154979
2502,-0.029905012,0.11789446,0.010953857,0.00393551,-0.04085887,0.113958955
2503,0.11068681,0.08362636,0.10391581,0.071267925,0.0067709982,0.0123584345
2504,0.01799611,0.045028836,0.018195007,0.015341932,-0.00019889697,0.029686904
2505,0.05739198,0.021605518,0.0380039,0.03501947,0.01938808,-0.013413951
2506,0.2603692,0.20048866,0.25195768,0.16664,0.008411527,0.03384866
2507,2.8682055,2.033493,2.6642735,1.9492668,0.20393205,0.08422625
2508,0.66380334,0.4383193,0.6051752,0.45568067,0.058628142,-0.017361373
2509,0.22534609,0.17003836,0.22204575,0.16959926,0.003300339,0.00043909252
2510,1.187147,0.81463563,1.0737654,0.7360321,0.113381624,0.078603506
2511,0.06901485,0.0057038707,0.068006255,0.04685526,0.0010085925,-0.04115139
2512,0.1600754,0.15386902,0.15581813,0.11769327,0.0042572618,0.03617575
2513,1.8968805,1.1165663,1.5574057,1.1462625,0.3394748,-0.029696226
2514,0.071422406,0.04688567,0.057265777,0.043086775,0.014156628,0.0037988946
2515,1.7096657,1.1572475,1.5503135,1.0654838,0.15935218,0.091763735
2516,0.100653425,0.03643635,0.1020393,0.07060099,-0.001385875,-0.034164637
2517,0.10409214,0.07905037,0.08413504,0.06440352,0.019957103,0.0146468505
2518,0.021677218,0.03275412,0.025487706,0.020353926,-0.0038104877,0.012400193
2519,1.3021876,0.98081404,1.2609692,0.94728357,0.0412184,0.033530474
2520,3.5841985,2.271047,3.3513904,2.5338454,0.23280811,-0.2627983
2521,0.04921501,0.057024386,0.05240642,0.033940118,-0.0031914078,0.023084268
2522,0.05707919,0.03529989,0.052415807,0.035201747,0.0046633817,9.814277e-05
2523,0.021853916,-0.009186302,0.014521147,0.008503833,0.007332769,-0.017690135
2524,2.2130182,1.5539876,1.7966856,1.3788443,0.4163326,0.17514336
2525,0.4424296,0.33198616,0.42836124,0.32058638,0.014068365,0.011399776
2526,0.026687803,-0.014021211,0.027877698,0.01913216,-0.001189895,-0.03315337
2527,0.04924458,0.04763528,0.05070017,0.040012784,-0.0014555901,0.0076224953
2528,1.3542119,0.81506246,1.2611351,0.83748853,0.093076825,-0.022426069
2529,0.028147668,0.060667917,0.025106793,0.021513904,0.0030408744,0.039154015
2530,0.041913625,0.042057566,0.026402062,0.021762492,0.015511563,0.020295074
2531,0.018964866,0.090891086,0.04109811,0.02718727,-0.022133244,0.06370382
2532,1.2188028,0.90256476,1.1574144,0.83445853,0.061388373,0.068106234
2533,0.007741847,0.009496365,0.04571327,0.030376798,-0.037971422,-0.020880433
2534,0.04025967,0.027229177,0.04599957,0.033755764,-0.005739901,-0.0065265875
2535,2.3613167,1.4691762,2.0284302,1.4313414,0.33288646,0.037834764
2536,0.18148082,0.15716533,0.18225703,0.1362804,-0.0007762015,0.020884931
2537,2.1302986,1.2170787,1.7375267,1.1901724,0.39277196,0.026906252
2538,0.026576705,-0.025845423,0.040374223,0.022626044,-0.013797518,-0.048471466
2539,0.06075227,0.15122634,0.06184436,0.04530752,-0.0010920912,0.105918825
2540,0.26531684,0.19282198,0.24958615,0.18584545,0.015730694,0.00697653
2541,0.04344692,-0.011059409,0.04614228,0.028291833,-0.0026953593,-0.03935124
2542,4.3703346,3.611063,3.9668083,3.1646233,0.4035263,0.44643974
2543,0.957261,0.67623496,0.91353595,0.66857094,0.043725073,0.007664025
2544,-0.021690486,0.10770579,0.009709359,0.0042678267,-0.031399846,0.10343796
2545,0.07335408,0.061562024,0.05665975,0.04201265,0.01669433,0.019549374
2546,1.823297,1.364447,1.773249,1.28604,0.050047994,0.07840705
2547,0.17209546,0.14875743,0.16732378,0.12329924,0.0047716796,0.025458187
2548,0.2675526,0.17932913,0.24632576,0.15614992,0.021226853,0.023179203
2549,0.20443943,0.1381328,0.18580562,0.13217507,0.018633813,0.0059577227
2550,0.23233625,0.09834361,0.21729419,0.12440004,0.015042067,-0.026056431
2551,0.060597405,0.0063771224,0.0530205,0.035185672,0.007576905,-0.028808549
2552,1.2689389,0.78958374,1.0731449,0.8166343,0.19579399,-0.027050555
2553,0.01556698,0.06998795,0.027132416,0.01649518,-0.011565437,0.053492773
2554,3.172012,1.8384094,2.7729726,1.8293663,0.3990395,0.0090430975
2555,-0.0024245842,0.11373453,0.02425674,0.015381438,-0.026681324,0.09835309
2556,0.305729,0.28334317,0.3066281,0.21666262,-0.00089910626,0.06668055
2557,0.1354307,0.12670216,0.13050897,0.097154155,0.0049217194,0.029548004
2558,2.317581,1.4326969,1.8189579,1.389314,0.498623,0.043382883
2559,0.176046,0.07178632,0.16800974,0.101274624,0.008036256,-0.029488303
