feature_idx,seq_effect_obs,struct_effect_obs,seq_effect_shuffle,struct_effect_shuffle,seq_delta,struct_delta
0,0.90528154,0.31710592,0.45195192,0.30794448,0.45332962,0.0091614425
1,0.52056354,0.12831567,0.2126617,0.13568914,0.30790186,-0.007373467
2,0.85631996,0.30609164,0.3806736,0.29133418,0.47564638,0.014757454
3,1.5697587,0.55776125,0.74789655,0.5288237,0.8218621,0.028937578
4,1.7264603,0.5734325,0.6909161,0.4783713,1.0355442,0.09506121
5,1.6095698,0.5754887,0.7031311,0.52472,0.9064387,0.050768673
6,0.88085973,0.44197553,0.4917415,0.3818345,0.38911822,0.060141027
7,1.5262014,0.47367638,0.5582716,0.41611928,0.9679298,0.057557106
8,0.34423435,0.17785884,0.19522859,0.14963779,0.14900576,0.028221056
9,0.63511926,0.23516896,0.28462473,0.212748,0.35049453,0.022420958
10,1.2569206,0.5550642,0.5515243,0.37620082,0.7053963,0.17886338
11,3.454882,1.0832334,1.0415064,0.75601214,2.4133754,0.3272212
12,1.5598438,0.54509777,0.6651845,0.47841293,0.8946593,0.06668484
13,2.348829,0.8542716,1.0042084,0.7560932,1.3446206,0.09817839
14,0.62475896,0.22692843,0.35391816,0.25892058,0.2708408,-0.031992152
15,0.9785229,0.4869768,0.52808875,0.3904664,0.45043415,0.09651041
16,1.1176909,0.34490198,0.44020826,0.30896387,0.67748266,0.035938114
17,0.72673863,0.17320852,0.17370778,0.11330061,0.55303085,0.059907913
18,1.7729257,0.72433114,0.83363515,0.6073209,0.9392906,0.117010236
19,1.6566234,0.524907,0.62261695,0.46257767,1.0340064,0.062329322
20,2.2292964,0.7151846,0.87396467,0.6415776,1.3553318,0.07360703
21,1.3565795,0.449258,0.57973117,0.42338887,0.7768484,0.025869131
22,1.3022163,0.46723884,0.6368861,0.45768672,0.6653302,0.009552121
23,0.42539716,0.15261874,0.23552811,0.17602003,0.18986905,-0.02340129
24,1.428707,0.5160076,0.6700998,0.4748725,0.7586072,0.041135103
25,0.230971,0.075694494,0.10962002,0.076905504,0.121350974,-0.0012110099
26,0.9739864,0.3021195,0.46147352,0.31262395,0.51251286,-0.010504454
27,0.96792567,0.41405118,0.5010153,0.33174515,0.46691036,0.08230603
28,2.6872382,1.0253779,0.98963106,0.7400907,1.6976072,0.28528714
29,0.40697318,0.18068309,0.19513662,0.1492773,0.21183656,0.03140579
30,0.76429904,0.27061546,0.3832981,0.27722707,0.38100094,-0.0066116154
31,0.5236938,0.2953999,0.30100292,0.22876212,0.22269088,0.066637784
32,0.2314607,0.051062305,0.12450214,0.08438357,0.10695857,-0.033321265
33,1.4898577,0.49387723,0.6869716,0.49834317,0.80288607,-0.0044659376
34,1.2127489,0.41335878,0.58585864,0.356895,0.62689024,0.056463778
35,1.7607822,0.6015294,0.73375463,0.5415691,1.0270276,0.059960306
36,0.8369785,0.2805682,0.34911278,0.24198595,0.48786572,0.038582265
37,0.94729376,0.36294356,0.511129,0.34594643,0.43616474,0.016997129
38,1.9884876,0.49957833,0.6458775,0.4523992,1.3426101,0.047179133
39,2.6023002,0.7207039,0.9348507,0.65267646,1.6674495,0.06802744
40,1.6438259,0.49785313,0.64044684,0.4333737,1.0033791,0.06447944
41,2.8355918,0.7031047,0.8440355,0.61416376,1.9915563,0.08894092
42,1.5017815,0.6094889,0.68423283,0.51496756,0.81754863,0.09452134
43,0.26587754,0.116422795,0.15610567,0.12743853,0.10977188,-0.011015736
44,2.5201936,0.5715385,0.7231928,0.50049984,1.7970008,0.07103866
45,1.5447733,0.76965714,0.87659156,0.62066257,0.6681818,0.14899457
46,0.2805733,0.143804,0.1374949,0.10401976,0.1430784,0.039784238
47,0.5786858,0.19762337,0.2884013,0.2066252,0.2902845,-0.009001821
48,1.3646415,0.5484469,0.6885928,0.47787586,0.67604876,0.070571035
49,1.4552168,0.49343845,0.66503775,0.43777925,0.790179,0.055659205
50,0.87985945,0.38433418,0.43607736,0.31178382,0.4437821,0.07255036
51,0.6754588,0.22153108,0.28843272,0.1847538,0.38702607,0.036777273
52,1.09488,0.34452483,0.52573407,0.34513652,0.5691459,-0.00061169267
53,1.6430585,0.49013,0.609458,0.45865375,1.0336006,0.03147626
54,1.4111577,0.5149284,0.7041995,0.48610538,0.70695823,0.028823018
55,1.4743778,0.63260394,0.6999174,0.48306817,0.7744604,0.14953578
56,2.4000099,0.6765046,0.85093385,0.6102258,1.5490761,0.066278815
57,1.059632,0.32252797,0.39234716,0.27737144,0.6672848,0.04515654
58,1.0728425,0.36090112,0.4328963,0.30764088,0.6399462,0.053260237
59,1.6028683,0.6154107,0.764091,0.53331345,0.8387773,0.08209723
60,0.833013,0.41298223,0.4307732,0.32314527,0.4022398,0.089836955
61,0.5012103,0.14904256,0.26495937,0.20009306,0.2362509,-0.0510505
62,2.166783,0.6523523,0.75453025,0.57943636,1.4122529,0.07291591
63,1.3947009,0.4517318,0.58786553,0.41419083,0.80683535,0.037540972
64,1.0192965,0.13653082,0.17076132,0.12704763,0.8485352,0.009483188
65,1.5330119,0.38731626,0.47694692,0.33327118,1.056065,0.05404508
66,2.0783901,0.75454015,0.85247135,0.6177432,1.2259188,0.13679695
67,1.3002405,0.46737322,0.5034809,0.3458516,0.7967596,0.12152162
68,0.87448627,0.27147526,0.34830374,0.2481548,0.52618253,0.023320451
69,0.94080544,0.44553214,0.4934644,0.3630434,0.44734102,0.082488745
70,0.1892197,0.07344241,0.082790256,0.058379985,0.10642944,0.015062422
71,0.07240301,0.18339656,0.07580097,0.051841654,-0.0033979565,0.1315549
72,0.7890345,0.28356245,0.38311902,0.2791118,0.40591547,0.004450649
73,0.39055157,0.13286492,0.2255619,0.15342867,0.16498967,-0.020563751
74,1.3697971,0.5795249,0.6557405,0.48962134,0.7140566,0.08990353
75,0.49059895,0.21018226,0.26712856,0.19296223,0.22347039,0.017220035
76,1.3358749,0.72814834,0.80386287,0.6248437,0.53201205,0.103304625
77,2.2995117,0.75465834,0.9924059,0.70437247,1.3071058,0.050285876
78,0.8830771,0.30112636,0.390767,0.28971595,0.49231008,0.011410415
79,1.3974137,0.6311387,0.81764793,0.5892791,0.5797658,0.041859567
80,0.44747603,0.20739684,0.14410272,0.10224471,0.3033733,0.10515212
81,0.12828787,0.04886038,0.06708625,0.049755752,0.061201617,-0.0008953735
82,0.27342403,0.040797267,0.1401163,0.09040329,0.13330773,-0.04960602
83,0.8027597,0.29647985,0.4083199,0.28502744,0.39443982,0.011452407
84,1.0121077,0.3166837,0.38949314,0.27972427,0.6226146,0.03695944
85,1.2685972,0.4004426,0.4794201,0.3417046,0.7891772,0.058737993
86,1.1690643,0.5285814,0.6081146,0.45733374,0.5609497,0.07124764
87,1.4126,0.5346172,0.65879023,0.47741145,0.7538098,0.057205737
88,1.2011274,0.4600767,0.508386,0.3575876,0.6927414,0.102489084
89,1.7298875,0.90190566,0.90573055,0.7042681,0.82415694,0.19763756
90,1.0771425,0.40737605,0.5229169,0.37835672,0.55422556,0.029019326
91,0.13099566,0.1982084,0.10536852,0.07153461,0.025627144,0.12667379
92,1.4540153,0.38443318,0.6189467,0.42475182,0.8350686,-0.040318638
93,1.0207568,0.3799494,0.47244972,0.33662882,0.5483071,0.043320566
94,1.4866494,0.8108309,0.92175615,0.693508,0.56489325,0.11732286
95,0.6887184,0.15746558,0.20064044,0.14180475,0.48807794,0.015660822
96,2.1617713,0.7679436,0.90692675,0.6493934,1.2548445,0.11855024
97,1.7439125,0.5452253,0.67280596,0.5089835,1.0711064,0.03624183
98,0.9007004,0.34196654,0.4271412,0.31545642,0.4735592,0.02651012
99,1.3702328,0.6078449,0.6942937,0.5204489,0.67593914,0.087395966
100,0.89025223,0.36423376,0.45941764,0.34855402,0.4308346,0.015679747
101,1.2362458,0.3889757,0.536472,0.38571018,0.6997737,0.0032655299
102,0.4612129,0.1489482,0.2486629,0.18007033,0.21255,-0.031122133
103,1.3453088,0.57781255,0.7115787,0.52981794,0.63373005,0.047994614
104,1.4847165,0.51431966,0.61900884,0.45466965,0.8657077,0.059650004
105,0.20224768,0.02950571,0.11065845,0.06755958,0.09158923,-0.03805387
106,0.5578565,0.22910064,0.31765065,0.22488868,0.24020585,0.004211962
107,3.2139313,0.82949364,0.9830656,0.73588485,2.2308657,0.0936088
108,0.16145124,0.06751824,0.058740746,0.04092197,0.102710485,0.02659627
109,1.2528464,0.46096545,0.6222636,0.3915761,0.63058275,0.06938934
110,0.44469705,0.1774127,0.22791728,0.17125018,0.21677977,0.006162524
111,1.9808135,0.60916394,0.7642482,0.5236335,1.2165654,0.08553046
112,1.6402876,0.78566116,0.9500655,0.70986885,0.69022214,0.07579231
113,2.187757,0.70847607,0.88584137,0.6205248,1.3019156,0.08795124
114,2.236811,0.8871956,1.1727531,0.8354251,1.0640578,0.05177051
115,1.7543565,0.58757585,0.68573415,0.4786946,1.0686224,0.108881265
116,2.7741601,1.0967141,1.3759196,1.0232048,1.3982406,0.073509336
117,0.89289284,0.28075644,0.38472125,0.27405313,0.50817156,0.006703317
118,0.7770189,0.4174765,0.47976422,0.35533932,0.29725468,0.062137187
119,1.0854993,0.4749513,0.5028153,0.36264995,0.582684,0.11230135
120,0.75077385,0.29037535,0.35244003,0.25683668,0.39833382,0.03353867
121,0.27398637,0.19831905,0.15939097,0.11743238,0.1145954,0.08088667
122,0.6938608,0.33483106,0.33754864,0.25596786,0.3563122,0.0788632
123,1.4413247,0.44158757,0.5802062,0.4122108,0.8611185,0.029376775
124,1.0390066,0.43889835,0.5360225,0.3631321,0.5029841,0.075766265
125,0.5559379,0.20473579,0.18312891,0.12957837,0.372809,0.07515742
126,0.86642504,0.43267372,0.48261514,0.3715988,0.3838099,0.061074913
127,2.340644,0.72039604,0.91641855,0.65383476,1.4242253,0.06656128
128,1.8566927,0.73880434,0.821314,0.5849639,1.0353787,0.15384042
129,1.5998514,0.9012393,1.0651575,0.82524747,0.53469384,0.07599181
130,0.27736706,0.19371575,0.1299385,0.09021668,0.14742856,0.10349907
131,0.68704396,0.21672902,0.25188726,0.19270076,0.4351567,0.024028257
132,1.0799705,0.41441023,0.54579675,0.37478724,0.5341737,0.039622992
133,0.49002892,0.19424528,0.24390452,0.17354417,0.2461244,0.02070111
134,1.0189692,0.3435821,0.45763683,0.34063447,0.56133235,0.0029476285
135,1.0816948,0.42913985,0.5351307,0.375264,0.54656416,0.053875864
136,0.9651537,0.60675514,0.6004979,0.46880132,0.3646558,0.13795382
137,0.7700964,0.25434145,0.34967536,0.2409236,0.42042106,0.013417855
138,1.2018657,0.5292343,0.69154996,0.4999427,0.5103157,0.0292916
139,2.050335,0.6441977,0.7602371,0.56497097,1.2900978,0.07922673
140,1.7283462,0.7150488,0.8795373,0.6757647,0.84880894,0.03928411
141,1.3712494,0.42163998,0.56698334,0.40461788,0.8042661,0.017022103
142,1.4894526,0.6036428,0.7014858,0.51330537,0.7879668,0.090337455
143,0.9477104,0.3651194,0.47596604,0.3268649,0.47174436,0.0382545
144,1.8076456,0.70208734,0.81506413,0.6006853,0.9925814,0.101402044
145,1.5100538,0.5312436,0.64898086,0.48053545,0.8610729,0.050708175
146,0.50726825,0.18758063,0.23981729,0.17964967,0.26745096,0.007930964
147,1.3339391,0.52812153,0.657413,0.48045558,0.67652607,0.047665954
148,2.1332817,0.7283302,0.85090387,0.6149209,1.2823778,0.11340928
149,1.0604653,0.45010182,0.54738605,0.40752655,0.5130793,0.04257527
150,1.2382941,0.55609417,0.68740475,0.51532114,0.5508894,0.040773034
151,1.6848695,0.595814,0.74240553,0.5298944,0.942464,0.06591958
152,1.0554162,0.40784824,0.5255444,0.38471928,0.5298718,0.023128957
153,1.0885986,0.34648472,0.49507385,0.35017735,0.59352475,-0.003692627
154,0.5927906,0.19916904,0.2701705,0.19407316,0.3226201,0.005095884
155,0.8553015,0.35231116,0.38781315,0.29349887,0.46748835,0.05881229
156,1.2630426,0.54879147,0.6266809,0.46914396,0.63636166,0.07964751
157,0.64438796,0.22370222,0.32064924,0.24127953,0.32373872,-0.017577305
158,1.3979911,0.48494223,0.57341176,0.41274127,0.8245793,0.072200954
159,0.6570772,0.23633654,0.30766585,0.22033949,0.34941134,0.015997052
160,0.9928817,0.49909362,0.55221033,0.41426286,0.44067138,0.08483076
161,0.50417864,0.35658908,0.31218675,0.21713252,0.1919919,0.13945656
162,1.0724565,0.49301487,0.57774526,0.44377017,0.49471122,0.0492447
163,1.0569351,0.32729712,0.5939105,0.37687835,0.46302456,-0.04958123
164,1.1651772,0.2628086,0.37518662,0.25638303,0.7899906,0.0064255595
165,0.88145846,0.3596824,0.45411596,0.33430973,0.4273425,0.025372684
166,1.5506896,0.5314746,0.6493906,0.46953535,0.901299,0.06193924
167,0.8749248,0.3894045,0.4021451,0.27977782,0.4727797,0.10962668
168,1.5067972,0.7353526,0.94159925,0.7114773,0.56519794,0.023875296
169,1.2632136,0.38887304,0.5417473,0.38921285,0.72146636,-0.00033980608
170,1.3153306,0.56288034,0.6755087,0.5053956,0.63982195,0.057484746
171,1.7740002,0.57663876,0.72387016,0.5102465,1.05013,0.06639224
172,1.355376,0.47169045,0.58982503,0.41101298,0.765551,0.06067747
173,0.6130382,0.33215007,0.36040345,0.28318843,0.25263473,0.04896164
174,1.1358789,0.4936818,0.5918554,0.44779953,0.5440235,0.045882255
175,0.3628678,0.21858284,0.21264514,0.15677263,0.15022266,0.06181021
176,2.0384333,0.6552243,0.84613764,0.6012313,1.1922957,0.053993046
177,1.4680046,0.59594,0.68847114,0.4837361,0.77953345,0.112203896
178,1.5014755,0.35199732,0.52912,0.3702373,0.9723554,-0.018239975
179,2.7517934,0.7615602,0.91218793,0.62280935,1.8396055,0.13875085
180,0.47324377,0.17816031,0.190152,0.13370591,0.28309178,0.044454396
181,0.9225678,0.43478477,0.48190564,0.35418323,0.44066215,0.08060154
182,1.5781419,0.5912948,0.80245906,0.56649244,0.77568287,0.024802387
183,0.7587335,0.24306728,0.30891567,0.21185009,0.44981784,0.031217188
184,2.4419055,0.923556,0.9445469,0.66399723,1.4973586,0.2595588
185,1.7313288,0.64056766,0.74299127,0.5495981,0.9883376,0.09096956
186,1.2561921,0.49580935,0.718125,0.47281265,0.5380671,0.022996694
187,1.5968076,0.51528794,0.6020329,0.45462322,0.9947747,0.060664713
188,0.76359105,0.2539891,0.38588777,0.26954374,0.37770328,-0.015554637
189,1.9743048,0.5563485,0.65704846,0.47592688,1.3172563,0.08042163
190,1.1737872,0.4385595,0.5163225,0.35857993,0.65746474,0.07997957
191,0.3282958,0.09227322,0.15170951,0.10474044,0.17658629,-0.01246722
192,0.52594197,0.29736418,0.32470006,0.25610203,0.20124191,0.04126215
193,0.9911418,0.37620977,0.43424696,0.31284302,0.55689484,0.06336674
194,2.1423814,0.67671764,0.8197037,0.57356656,1.3226777,0.10315108
195,1.6063287,0.42553124,0.61100906,0.42587367,0.99531966,-0.00034242868
196,1.2408082,0.47803348,0.62451243,0.45854416,0.6162958,0.019489318
197,1.7589585,0.6646382,0.7537033,0.5610966,1.0052552,0.10354161
198,2.2113702,0.7544628,0.95246375,0.663635,1.2589065,0.09082776
199,2.0077174,0.656925,0.75807285,0.5351099,1.2496445,0.121815145
200,1.6789117,0.54263455,0.7713008,0.5011565,0.9076109,0.041478038
201,3.0572195,0.77668107,0.9455234,0.658477,2.1116962,0.11820406
202,2.8999622,0.9747856,1.2576864,0.82582587,1.6422758,0.14895976
203,1.453209,0.6030692,0.65447533,0.48117417,0.7987337,0.121895015
204,0.6732653,0.22864243,0.24471907,0.17722693,0.4285462,0.051415503
205,1.935796,0.6737941,0.79352415,0.5792283,1.1422719,0.09456581
206,0.5315688,0.19315015,0.22285147,0.1608539,0.30871737,0.032296255
207,0.6408001,0.28286558,0.30735502,0.20924091,0.3334451,0.07362467
208,2.6966927,0.93084836,0.9253708,0.66697997,1.7713219,0.2638684
209,1.0231615,0.438819,0.6171271,0.42936057,0.4060344,0.009458423
210,1.2265913,0.4106492,0.5233951,0.3509277,0.7031962,0.0597215
211,0.34444082,0.08934207,0.13379744,0.08468999,0.21064338,0.004652083
212,0.32691652,0.11999074,0.21012399,0.15681562,0.11679253,-0.036824875
213,1.7739744,0.30971915,0.4166391,0.29606196,1.3573353,0.013657182
214,1.1560256,0.509552,0.6302937,0.47314292,0.5257319,0.03640908
215,0.5472517,0.15701868,0.25417274,0.16760473,0.29307896,-0.010586053
216,2.200121,0.6804758,0.83728707,0.6165816,1.3628339,0.06389415
217,1.1045047,0.47958606,0.6069729,0.43964607,0.49753183,0.03994
218,1.7770729,0.7041292,0.91909426,0.67737806,0.85797864,0.02675116
219,1.2708125,0.40652907,0.48531938,0.34920257,0.78549314,0.057326496
220,0.66137475,0.23213066,0.285606,0.19974509,0.37576875,0.032385573
221,1.3680135,0.47794703,0.64949477,0.43797368,0.71851873,0.03997335
222,1.8924749,0.7641193,0.91083586,0.6932489,0.981639,0.0708704
223,2.2131598,0.9233494,1.0516542,0.78619754,1.1615056,0.13715184
224,0.3441308,0.10426888,0.16438647,0.11758723,0.17974435,-0.013318352
225,1.1363459,0.45818624,0.6474343,0.4702669,0.48891157,-0.012080669
226,3.544629,0.92927593,1.027117,0.7762858,2.517512,0.1529901
227,1.0778954,0.400582,0.4559141,0.33316398,0.62198126,0.06741801
228,1.9784048,0.7203985,0.7538626,0.54012984,1.2245421,0.18026865
229,0.9458154,0.39154842,0.54879814,0.393372,0.39701724,-0.0018235743
230,2.1535265,0.7689733,0.87020636,0.65124404,1.2833202,0.11772925
231,1.6691564,0.6776486,0.7174217,0.5545689,0.9517347,0.12307972
232,1.5173413,0.7007677,0.77314585,0.5630204,0.7441954,0.13774729
233,0.52310246,0.21403217,0.20426202,0.14878769,0.31884044,0.06524448
234,0.77730656,0.42841044,0.4049809,0.28208703,0.37232566,0.14632341
235,1.5957991,0.5999932,0.7613281,0.5574517,0.834471,0.042541504
236,1.3989226,0.6112789,0.66588575,0.5003387,0.7330368,0.11094022
237,2.4121232,0.74799335,0.8285797,0.6076194,1.5835435,0.14037395
238,2.1620681,0.9017711,0.9753043,0.725877,1.1867638,0.17589414
239,1.4517963,0.45647195,0.58341837,0.40799984,0.8683779,0.048472106
240,1.3879976,0.50537723,0.62522775,0.44475907,0.7627699,0.060618162
241,1.9637368,0.5834143,0.7765684,0.5357305,1.1871684,0.047683835
242,2.632234,0.6680168,0.9172945,0.6722853,1.7149396,-0.004268527
243,0.8736853,0.35933012,0.45903412,0.3326797,0.4146512,0.026650429
244,0.5052391,0.23843433,0.2760018,0.19195867,0.22923732,0.046475664
245,0.5217447,0.2278336,0.25587884,0.18494217,0.2658659,0.042891428
246,0.9767304,0.5850726,0.62330735,0.48347655,0.35342306,0.10159603
247,0.47448763,0.22043113,0.2329549,0.1759564,0.24153273,0.044474736
248,1.2689066,0.48967555,0.6198557,0.44501758,0.6490509,0.044657975
249,0.40716094,0.18222298,0.20175567,0.14687899,0.20540527,0.03534399
250,1.83414,0.6255823,0.71414864,0.5070673,1.1199913,0.118514955
251,2.456062,0.66270083,0.8637661,0.61784166,1.592296,0.04485917
252,0.59916246,0.25793678,0.31712314,0.2339056,0.2820393,0.024031177
253,1.1973834,0.41622368,0.4815476,0.34007376,0.7158358,0.07614991
254,1.0306304,0.41193503,0.45410362,0.32356873,0.57652676,0.0883663
255,0.7728339,0.22769907,0.33364323,0.23219547,0.43919066,-0.0044963956
256,0.52029175,0.17685397,0.2438711,0.17362131,0.27642065,0.003232658
257,1.855916,0.891828,1.0193937,0.7651366,0.83652234,0.1266914
258,1.0800985,0.4183736,0.55753934,0.3937665,0.52255917,0.024607122
259,0.91139543,0.3356754,0.43645206,0.31047034,0.47494337,0.025205046
260,0.8006067,0.31619838,0.42399725,0.29854804,0.37660947,0.017650336
261,0.30706677,0.1670175,0.1734459,0.1372909,0.13362087,0.02972661
262,1.6224409,0.7046541,0.7093545,0.52294415,0.9130864,0.18170995
263,0.4150529,0.16906975,0.19179383,0.14874108,0.22325906,0.02032867
264,0.80553883,0.27457756,0.36977878,0.26199326,0.43576005,0.012584299
265,0.86730266,0.4530855,0.4830969,0.35398474,0.38420576,0.09910077
266,0.559236,0.2489339,0.30336803,0.20957279,0.25586796,0.039361104
267,1.379911,0.5408229,0.67049545,0.45620602,0.7094155,0.0846169
268,1.0513891,0.5636386,0.6372357,0.48347625,0.4141534,0.080162376
269,0.8048582,0.3747458,0.39591092,0.28297275,0.4089473,0.09177303
270,1.4359773,0.42797288,0.59425944,0.4146595,0.8417179,0.013313383
271,1.9581553,0.55073446,0.6830648,0.49940953,1.2750905,0.051324934
272,2.953417,0.79561865,0.9933559,0.71177256,1.9600612,0.08384609
273,0.9913341,0.26994258,0.3834546,0.27763876,0.6078795,-0.0076961815
274,0.719585,0.26486656,0.30808306,0.22408076,0.41150194,0.040785804
275,0.6181812,0.24229911,0.30641335,0.2253772,0.31176788,0.016921908
276,1.2683753,0.57134104,0.7602769,0.55317765,0.50809836,0.018163383
277,0.9967363,0.2922737,0.37175465,0.26464137,0.62498164,0.027632326
278,1.0965961,0.45232671,0.5767503,0.386072,0.51984584,0.066254705
279,1.0545759,0.44543895,0.4689526,0.34665585,0.5856233,0.098783106
280,1.061188,0.47748888,0.52214545,0.3987002,0.53904253,0.07878867
281,1.426771,0.6975414,0.7682782,0.5723504,0.65849286,0.12519103
282,1.3538384,0.48687452,0.5080273,0.36307967,0.8458111,0.12379485
283,2.4873269,0.7968059,0.968349,0.73127353,1.5189779,0.06553239
284,1.8281095,0.55621576,0.73617977,0.5279156,1.0919297,0.028300166
285,1.5994964,0.61781305,0.7705148,0.53915346,0.8289816,0.078659594
286,1.5393311,0.6058972,0.6607991,0.48358044,0.878532,0.12231675
287,0.4376263,0.13105781,0.21454987,0.14039838,0.22307643,-0.009340569
288,1.1080213,0.37390468,0.56027794,0.37830773,0.5477433,-0.0044030547
289,0.90308124,0.26389578,0.3689255,0.2403055,0.5341557,0.023590282
290,0.8472293,0.30471292,0.3950363,0.27397576,0.452193,0.030737162
291,2.4846952,0.7933469,0.9904047,0.71155155,1.4942905,0.081795335
292,3.2658677,0.91541517,0.9990637,0.7235906,2.266804,0.19182456
293,0.9088992,0.3181272,0.39384285,0.26698104,0.5150564,0.05114615
294,0.9744512,0.35752586,0.41002607,0.2956825,0.5644251,0.061843365
295,1.5084058,0.42951187,0.5434351,0.38149893,0.9649707,0.048012942
296,0.38899112,0.1281315,0.17556968,0.12358878,0.21342143,0.004542716
297,0.5101446,0.15735917,0.27958378,0.19556741,0.23056081,-0.038208246
298,1.2905726,0.5220377,0.6443001,0.466336,0.64627254,0.055701673
299,0.28933328,0.05501812,0.1308721,0.08810777,0.15846118,-0.033089653
300,0.7525792,0.21506715,0.23553038,0.15374176,0.51704884,0.061325386
301,1.7214757,0.81844884,0.89015734,0.69179714,0.8313184,0.1266517
302,1.1089385,0.42229953,0.48603278,0.3459126,0.6229057,0.07638693
303,0.07047629,0.1299638,0.055197634,0.03398145,0.01527866,0.09598235
304,1.5255558,0.52501345,0.6602768,0.4844288,0.8652791,0.040584654
305,1.5201563,0.5557885,0.717388,0.5192357,0.8027683,0.036552846
306,1.1053634,0.3331728,0.50040066,0.3466339,0.6049627,-0.013461113
307,1.9978195,0.6297372,0.72219694,0.53418505,1.2756226,0.09555215
308,1.3819801,0.45794225,0.5408777,0.39133352,0.84110236,0.06660873
309,2.9916103,0.77560514,0.93842256,0.6572151,2.0531878,0.11839002
310,1.3216618,0.4651644,0.5898002,0.42242664,0.73186165,0.042737752
311,1.1997153,0.5269001,0.6315091,0.46591458,0.56820613,0.060985535
312,1.2388778,0.20161642,0.31965762,0.22067842,0.91922015,-0.019061998
313,0.58639497,0.22189711,0.2808249,0.20708919,0.30557007,0.014807925
314,0.9928007,0.37759522,0.45100108,0.33594382,0.54179966,0.041651398
315,1.3150008,0.52582955,0.63231933,0.4585361,0.68268144,0.067293465
316,0.6328582,0.13520283,0.19177356,0.12665853,0.44108465,0.008544296
317,1.3000836,0.4799437,0.54953635,0.40249676,0.7505473,0.07744694
318,2.4303153,0.8654909,0.9061866,0.67978084,1.5241287,0.18571007
319,1.127411,0.44776294,0.55569184,0.41135463,0.57171917,0.036408305
320,1.6835963,0.60467553,0.70394015,0.52249575,0.9796561,0.082179785
321,1.142571,0.47510436,0.550135,0.41595024,0.59243596,0.059154123
322,0.32400602,0.12867105,0.16420248,0.11673107,0.15980354,0.01193998
323,0.96693313,0.3004258,0.37460935,0.26051256,0.5923238,0.039913237
324,0.44556546,0.22086363,0.22210503,0.15599506,0.22346044,0.06486857
325,1.6967742,0.6470103,0.6543666,0.45757118,1.0424076,0.18943915
326,3.0020766,0.9977192,1.1613607,0.81475526,1.8407159,0.18296397
327,1.3520662,0.46673015,0.63828313,0.43589878,0.713783,0.030831367
328,1.4857824,0.5806228,0.6404406,0.45742902,0.8453418,0.12319377
329,1.2552558,0.45047644,0.51481384,0.38148266,0.740442,0.06899378
330,0.6644563,0.28368056,0.3070294,0.20358637,0.3574269,0.08009419
331,2.0305598,0.6274202,0.8110278,0.5394572,1.219532,0.087962985
332,1.2468119,0.50766444,0.65028393,0.4641897,0.59652793,0.043474734
333,0.32147318,0.1123372,0.1530598,0.11263548,0.16841339,-0.00029827654
334,0.910517,0.36227304,0.51405257,0.3694291,0.3964644,-0.007156074
335,1.6407402,0.48273155,0.6083976,0.40356293,1.0323426,0.07916862
336,0.69783694,0.2312441,0.25143152,0.17887914,0.4464054,0.05236496
337,1.1265907,0.53995275,0.5705531,0.39667052,0.5560376,0.14328223
338,0.8259271,0.37862065,0.41339093,0.31805873,0.41253614,0.060561925
339,1.1846805,0.3445665,0.37449723,0.2783266,0.8101832,0.06623989
340,1.4623642,0.4762344,0.7981376,0.48042163,0.6642266,-0.0041872263
341,1.3146179,0.42123938,0.6263878,0.43491188,0.6882301,-0.013672501
342,0.96440256,0.34021252,0.37883177,0.26991096,0.5855708,0.07030156
343,0.6681383,0.27895552,0.36156628,0.26211983,0.30657205,0.01683569
344,1.33096,0.633817,0.76413804,0.5715114,0.566822,0.06230563
345,1.4606836,0.67465985,0.7516477,0.52553564,0.7090359,0.1491242
346,0.6841753,0.3052625,0.32531556,0.23459539,0.35885975,0.07066712
347,1.7088968,0.7079446,0.79005766,0.5741957,0.9188391,0.13374889
348,1.1788143,0.5647225,0.6718811,0.48029226,0.5069332,0.08443022
349,1.1398227,0.3441264,0.4554821,0.3215779,0.6843406,0.022548497
350,2.9195845,0.7561442,0.9730617,0.68542236,1.9465228,0.070721865
351,2.3018377,0.6969285,0.84203655,0.556116,1.4598012,0.14081252
352,1.5694494,0.48708865,0.65831745,0.43634963,0.911132,0.05073902
353,1.6052071,0.5085336,0.7117896,0.4625097,0.8934175,0.046023905
354,3.183355,0.7861647,0.9347903,0.6783096,2.2485647,0.10785508
355,1.757711,0.61561304,0.7600724,0.56545687,0.99763864,0.050156176
356,1.7367467,0.5419493,0.7512341,0.5320676,0.98551255,0.009881675
357,1.5030293,0.6913809,0.8162633,0.61741173,0.686766,0.073969185
358,1.6466079,0.58080095,0.7454668,0.5226741,0.90114105,0.058126867
359,1.2986193,0.76001316,0.7615341,0.59192944,0.5370852,0.16808373
360,1.3090734,0.6514157,0.7205669,0.5283946,0.5885065,0.123021126
361,0.7862217,0.28517023,0.42156905,0.2956692,0.36465263,-0.010498971
362,2.1798239,0.7282138,0.8550684,0.59590685,1.3247554,0.13230693
363,1.3305931,0.70928353,0.7629167,0.5804056,0.5676764,0.12887794
364,0.7074789,0.21067809,0.3851438,0.25728875,0.3223351,-0.04661067
365,1.3393734,0.4798859,0.6095035,0.4192141,0.72986984,0.060671806
366,0.8312904,0.24269791,0.3662408,0.21657714,0.46504962,0.026120767
367,0.6624709,0.31841728,0.32848924,0.2336874,0.33398163,0.08472988
368,0.6512485,0.16711974,0.23619361,0.15177855,0.41505492,0.0153411925
369,2.6019492,0.7495784,0.8853647,0.6419403,1.7165844,0.10763812
370,0.743333,0.22195403,0.28839356,0.19594511,0.45493942,0.026008919
371,1.2856126,0.5527772,0.6694394,0.50294244,0.6161732,0.04983473
372,1.4856968,0.4559007,0.6545865,0.453981,0.8311103,0.0019196868
373,1.7394727,0.593601,0.75005823,0.5589128,0.9894145,0.034688175
374,0.78555256,0.313753,0.37377065,0.2640318,0.4117819,0.04972121
375,2.4337425,0.6540768,0.8452406,0.6011549,1.5885019,0.05292189
376,1.5106473,0.5064945,0.61369854,0.45550808,0.89694875,0.05098644
377,1.148626,0.53218687,0.7575345,0.54231685,0.39109147,-0.010129988
378,1.5788128,0.53739077,0.63162833,0.45264825,0.9471845,0.08474252
379,1.1104983,0.41717765,0.5601481,0.40390462,0.5503502,0.0132730305
380,1.1982377,0.4304446,0.4522407,0.35199863,0.74599695,0.07844597
381,0.6783913,0.11757105,0.22092064,0.13023552,0.45747066,-0.012664475
382,1.6422454,0.58011085,0.7395423,0.5625945,0.9027031,0.017516375
383,1.234434,0.413289,0.49535027,0.33222693,0.73908377,0.08106208
384,0.28458217,0.11150595,0.12837543,0.097707614,0.15620674,0.013798334
385,1.7082942,0.6621676,0.75606316,0.59718484,0.952231,0.06498277
386,0.44997343,0.15189742,0.1837883,0.12682618,0.26618513,0.025071234
387,2.185623,0.6677742,0.91068715,0.65730196,1.2749357,0.010472238
388,0.74265236,0.22750868,0.26022744,0.15276696,0.4824249,0.07474172
389,1.0474114,0.41000697,0.5189382,0.3786842,0.52847326,0.031322777
390,1.0861847,0.4290665,0.5236349,0.39988637,0.5625498,0.02918014
391,1.4750228,0.56400484,0.6701456,0.47345027,0.8048772,0.090554565
392,1.5154146,0.6109919,0.7020733,0.50629705,0.8133413,0.10469484
393,1.2790049,0.5094798,0.7173239,0.51258755,0.56168103,-0.0031077266
394,0.8804448,0.392887,0.37067255,0.26939708,0.5097723,0.12348992
395,1.8954853,0.6693248,0.75143653,0.5491227,1.1440487,0.120202124
396,1.6914771,0.66762125,0.7363901,0.5292986,0.95508695,0.13832265
397,0.7758082,0.38719097,0.43408376,0.3300974,0.34172446,0.05709356
398,1.6357023,0.9327772,1.0610962,0.82647353,0.57460606,0.10630369
399,1.214449,0.3385651,0.48083544,0.32579023,0.7336136,0.012774885
400,1.3611096,0.5048825,0.5707713,0.41423965,0.79033834,0.09064287
401,0.9977828,0.3778737,0.42534342,0.31103975,0.57243943,0.06683394
402,2.4531171,0.74513286,0.8568651,0.61040485,1.596252,0.13472801
403,2.3368819,0.5243866,0.70509565,0.50932467,1.6317862,0.015061915
404,1.2410187,0.48334435,0.66292316,0.4387796,0.5780955,0.044564754
405,0.9725546,0.42648613,0.48236284,0.33522758,0.4901918,0.091258556
406,1.2289197,0.3696996,0.48585337,0.3604656,0.7430664,0.009234011
407,1.3860662,0.3449206,0.4636821,0.33180833,0.92238414,0.013112277
408,0.97355133,0.3489367,0.44085622,0.31470695,0.5326951,0.034229755
409,1.2258925,0.35379982,0.48608714,0.342771,0.7398054,0.011028826
410,2.8705523,0.8328544,1.0951933,0.7507242,1.775359,0.08213019
411,0.12265884,0.17468157,0.085137054,0.05395801,0.037521787,0.12072356
412,1.1221488,0.4259419,0.5925813,0.42356452,0.5295675,0.0023773909
413,3.1248353,0.88181555,1.1132658,0.7973377,2.0115695,0.08447784
414,1.0665299,0.33391663,0.40931177,0.29352036,0.6572181,0.040396273
415,0.36598003,0.12498918,0.17198947,0.11707232,0.19399056,0.00791686
416,1.0289347,0.5505433,0.638112,0.48164472,0.3908227,0.06889859
417,1.5475192,0.60439825,0.7520023,0.5421201,0.7955169,0.06227815
418,0.89861053,0.39754707,0.4410831,0.30226362,0.45752743,0.09528345
419,1.5215976,0.5626499,0.65042764,0.48657227,0.87117,0.07607764
420,1.8120921,0.9907652,1.2478693,0.91936266,0.5642228,0.07140255
421,1.5516535,0.45344812,0.5745724,0.40454084,0.9770811,0.04890728
422,0.9096623,0.55744624,0.5508582,0.4202427,0.3588041,0.13720354
423,0.60547775,0.22728378,0.32904857,0.22284143,0.27642918,0.004442349
424,1.2136917,0.4951849,0.5937251,0.411841,0.6199666,0.08334389
425,0.42109212,0.19272113,0.22352524,0.16350916,0.19756688,0.029211968
426,1.3206412,0.31444874,0.3863528,0.27249813,0.9342884,0.041950613
427,1.2881229,0.4194649,0.49831718,0.37364468,0.7898057,0.045820206
428,3.2225938,1.2246635,1.4115047,1.0929908,1.811089,0.13167274
429,1.1128652,0.5611601,0.62926435,0.47669405,0.48360085,0.08446604
430,1.028443,0.47297785,0.49222273,0.35768157,0.53622025,0.115296274
431,1.0337442,0.29401892,0.3662222,0.24819668,0.667522,0.045822248
432,1.3969792,0.5604785,0.68038386,0.4990716,0.71659535,0.06140691
433,1.0157908,0.38125515,0.49841014,0.34684938,0.5173807,0.034405768
434,1.5000142,0.5437284,0.7180747,0.5157916,0.7819395,0.027936816
435,2.813039,0.59058136,0.86452866,0.6043812,1.9485104,-0.013799846
436,2.1128018,0.7698531,0.85751116,0.6569063,1.2552906,0.11294681
437,0.33507174,0.26506546,0.20853052,0.15719049,0.12654123,0.107874975
438,0.5110213,0.23746082,0.30130836,0.23376973,0.20971295,0.0036910921
439,0.8851289,0.33904767,0.4332413,0.30931792,0.4518876,0.029729754
440,1.0800976,0.44005966,0.5759946,0.4078533,0.50410295,0.032206357
441,0.8874786,0.31793952,0.4193048,0.2963875,0.4681738,0.021552026
442,0.86455405,0.30302078,0.36585116,0.25964388,0.49870288,0.043376893
443,1.4832816,0.51255727,0.6052259,0.44266072,0.8780557,0.06989655
444,0.40220514,0.15956646,0.21156767,0.14462623,0.19063747,0.014940232
445,1.8166658,0.545613,0.6456626,0.46434337,1.1710031,0.08126962
446,2.2917798,0.7313726,0.87377995,0.60244346,1.4179997,0.12892914
447,1.5164504,0.52823853,0.5812261,0.43002754,0.9352243,0.09821099
448,1.4949342,0.5097985,0.60968,0.44518548,0.8852542,0.064613044
449,0.43199694,0.087605044,0.09757535,0.066209726,0.33442158,0.021395318
450,2.0049088,0.7743679,0.8510421,0.63002795,1.1538668,0.14433998
451,1.3054678,0.35136905,0.4946579,0.3358454,0.81080997,0.015523642
452,2.4182105,0.8584818,0.9417221,0.6451294,1.4764884,0.21335244
453,0.72987586,0.2646952,0.2963161,0.22432235,0.43355978,0.04037285
454,1.3807822,0.46943536,0.59696674,0.4370609,0.7838155,0.03237447
455,1.0595574,0.4929212,0.6574334,0.46436086,0.40212405,0.02856034
456,2.75266,0.72478807,0.9233009,0.6538178,1.829359,0.0709703
457,0.9548372,0.3927367,0.45406407,0.3305007,0.50077313,0.06223601
458,1.961199,0.58123666,0.647143,0.4710285,1.314056,0.11020815
459,1.1611997,0.41500884,0.5037402,0.38535002,0.6574595,0.029658824
460,0.9625964,0.29943478,0.4010039,0.27836433,0.5615925,0.02107045
461,1.1233392,0.43187815,0.52770406,0.392587,0.5956351,0.039291143
462,0.9177526,0.38382164,0.46562487,0.3343551,0.45212775,0.04946655
463,1.0434277,0.39730608,0.458285,0.31421372,0.58514273,0.08309236
464,1.3471545,0.47159985,0.5882316,0.4047791,0.7589229,0.06682074
465,0.77382904,0.27428398,0.37990078,0.26933116,0.39392826,0.004952818
466,0.6699373,0.41385546,0.35198268,0.2539669,0.31795463,0.15988857
467,0.425362,0.1497924,0.18675788,0.1348826,0.23860411,0.014909804
468,1.5028361,0.50182056,0.7310316,0.50584704,0.7718045,-0.0040264726
469,1.0768512,0.26242262,0.45448285,0.2992522,0.6223684,-0.03682959
470,1.0067614,0.42673212,0.48746085,0.36026248,0.5193006,0.06646964
471,0.46419445,0.19860293,0.24897328,0.1823206,0.21522117,0.016282335
472,0.6524025,0.42513758,0.4088189,0.3095981,0.24358362,0.11553949
473,1.0902443,0.501042,0.5869497,0.425213,0.5032946,0.075829
474,2.330469,0.7374263,0.8753355,0.6255367,1.4551334,0.1118896
475,0.5757528,0.22800684,0.31748462,0.20547804,0.25826818,0.022528797
476,1.2788935,0.5126105,0.6129752,0.44675165,0.6659183,0.06585884
477,1.6620696,0.63263273,0.79476404,0.56216764,0.8673055,0.07046509
478,0.47462195,0.21873748,0.30342743,0.21849704,0.17119452,0.00024044514
479,2.5538535,0.77293915,0.9748945,0.6973349,1.578959,0.07560426
480,1.7242901,0.41467017,0.6035339,0.42121643,1.1207561,-0.006546259
481,0.64466995,0.22877413,0.31161815,0.22467692,0.3330518,0.0040972084
482,0.3207003,0.19922571,0.15112446,0.0936481,0.16957583,0.10557761
483,1.3628585,0.6026248,0.6346397,0.4748341,0.72821885,0.12779066
484,0.4089252,0.09889841,0.21063764,0.13521872,0.19828756,-0.036320314
485,1.9779431,0.7860581,0.81182253,0.5945718,1.1661205,0.1914863
486,0.48983178,0.1941059,0.24206313,0.16679855,0.24776864,0.027307346
487,0.74160075,0.3934285,0.34778175,0.26324138,0.393819,0.13018712
488,1.7450458,0.6125428,0.8322651,0.5277897,0.9127807,0.084753096
489,1.2608105,0.34828216,0.4907263,0.32027474,0.7700842,0.028007418
490,0.7025532,0.31023854,0.34871417,0.27076095,0.35383904,0.039477587
491,1.7891177,0.61801153,0.8008162,0.5556129,0.9883015,0.062398612
492,0.43457285,0.24160084,0.21557507,0.16384295,0.21899778,0.077757895
493,0.38850802,0.2870547,0.20929027,0.14972475,0.17921776,0.13732994
494,0.7476871,0.28230917,0.36611027,0.27016097,0.38157684,0.012148201
495,1.0388823,0.37127215,0.48319083,0.34875757,0.5556914,0.022514582
496,2.0572162,0.8559024,0.84767735,0.66587335,1.2095388,0.19002903
497,1.2335213,0.43808144,0.5507681,0.38282067,0.68275326,0.055260777
498,2.474871,0.8896763,1.029288,0.7774571,1.4455829,0.112219155
499,0.27200642,0.12998407,0.12758347,0.09682497,0.14442295,0.0331591
500,2.1416447,0.72764766,0.73999393,0.55507827,1.4016508,0.1725694
501,0.7659022,0.3785243,0.41596586,0.304435,0.34993637,0.07408929
502,0.94101894,0.39668927,0.4869728,0.3390482,0.45404613,0.05764106
503,1.5810196,0.74272233,0.8834151,0.6780672,0.69760454,0.064655125
504,1.1850414,0.2644435,0.3293023,0.22697246,0.8557391,0.037471026
505,1.1985286,0.46387342,0.5674204,0.41738433,0.6311082,0.04648909
506,2.4810822,0.83291847,0.79395497,0.58852994,1.6871272,0.24438852
507,0.41552937,0.0963814,0.14725384,0.10572423,0.26827553,-0.009342827
508,1.0576801,0.3692674,0.48930532,0.34173784,0.5683748,0.027529567
509,1.3417842,0.6467926,0.7997505,0.605548,0.54203373,0.041244566
510,0.9609254,0.2906768,0.38919774,0.26938564,0.57172763,0.021291167
511,1.7167313,0.7236927,0.8228699,0.5976676,0.8938614,0.12602514
512,0.51303643,0.21362776,0.25572795,0.19618882,0.25730848,0.017438933
513,0.22874124,0.14029762,0.15244447,0.12421292,0.07629678,0.0160847
514,0.4679738,0.14995694,0.20110169,0.13783874,0.2668721,0.012118205
515,2.5353467,0.7872456,0.949364,0.69096136,1.5859828,0.09628421
516,1.9350809,0.592537,0.79340494,0.5586332,1.141676,0.033903778
517,1.1196345,0.48078325,0.5796978,0.4150011,0.5399367,0.06578216
518,2.5144546,0.95147264,1.0533811,0.7649478,1.4610735,0.18652487
519,0.902231,0.32941616,0.40826565,0.31166023,0.49396533,0.017755926
520,1.3313103,0.6072445,0.72167283,0.51871777,0.60963744,0.088526726
521,0.8047786,0.38757688,0.5106376,0.36168596,0.294141,0.025890917
522,0.2581113,0.0942381,0.13735195,0.09906838,0.12075935,-0.0048302785
523,0.2301248,0.10655163,0.10581909,0.07780538,0.12430571,0.028746255
524,1.3109391,0.44477513,0.61088055,0.41826278,0.7000585,0.026512355
525,1.5952499,0.39054695,0.5270132,0.38878676,1.0682367,0.0017601848
526,2.9529138,0.7025856,0.817914,0.5945093,2.1349998,0.108076274
527,0.5525378,0.2900953,0.3108893,0.24460521,0.2416485,0.045490086
528,0.28557995,0.092167415,0.14856118,0.10783665,0.13701877,-0.015669234
529,1.6070447,0.53059703,0.67307025,0.486298,0.93397444,0.044299036
530,0.88265365,0.35554698,0.45192242,0.32157344,0.43073124,0.033973545
531,1.4429274,0.58157873,0.7006658,0.503061,0.7422616,0.078517735
532,2.0807395,0.6370305,0.7113838,0.50994575,1.3693557,0.12708473
533,1.4234939,0.36172798,0.54442984,0.39727172,0.879064,-0.03554374
534,2.5161028,0.7535254,0.90212965,0.66052383,1.6139731,0.093001544
535,1.5289901,0.67693335,0.7454227,0.5432371,0.7835674,0.13369626
536,3.310825,0.7399748,1.0124849,0.69104934,2.2983403,0.04892546
537,1.4394495,0.74426365,0.88889664,0.6566179,0.5505529,0.08764577
538,1.1236179,0.42909947,0.49926558,0.37872526,0.62435234,0.05037421
539,2.4758644,0.78500915,0.916496,0.6505431,1.5593684,0.13446605
540,0.37952185,0.16083193,0.1971705,0.1371881,0.18235135,0.023643821
541,1.3081602,0.16441032,0.28723365,0.19075361,1.0209265,-0.026343286
542,1.5118779,0.56280553,0.68649125,0.48274857,0.82538664,0.080056965
543,2.5134828,0.7858791,0.99410313,0.7151734,1.5193796,0.07070565
544,0.8724335,0.3607808,0.41619912,0.3015632,0.45623437,0.059217602
545,1.3761488,0.5083518,0.63096565,0.47477323,0.74518317,0.033578575
546,2.0282464,0.75021493,0.9122052,0.6440291,1.1160412,0.10618585
547,1.8849008,0.5655863,0.7468274,0.5329032,1.1380734,0.032683134
548,1.2163575,0.3199088,0.43424067,0.30481976,0.7821168,0.015089035
549,0.7547955,0.29162145,0.33760715,0.24293098,0.41718835,0.048690468
550,1.0492084,0.48770124,0.5676804,0.3966248,0.48152798,0.09107643
551,0.5799011,0.28381592,0.28933808,0.19752364,0.29056302,0.08629228
552,2.376343,0.77771306,0.9404701,0.6410413,1.4358729,0.13667178
553,1.1329811,0.34043524,0.41530418,0.2882755,0.7176769,0.052159727
554,0.5043485,0.17584096,0.2113944,0.14101946,0.29295412,0.034821495
555,1.5840452,0.6941034,0.7856171,0.60023373,0.79842806,0.093869686
556,0.31958362,0.11635546,0.15338907,0.111751236,0.16619456,0.0046042204
557,0.44274893,0.15618227,0.21375199,0.14719221,0.22899695,0.008990064
558,1.2518487,0.39207643,0.5172478,0.36613804,0.7346009,0.025938392
559,1.5732536,0.6776725,0.6925498,0.49713293,0.8807038,0.18053958
560,1.5843308,0.60026276,0.6702954,0.50455505,0.9140354,0.095707715
561,1.632398,0.5274974,0.6569033,0.48315746,0.9754947,0.044339955
562,1.7436988,0.5480863,0.8188356,0.5458123,0.9248632,0.0022739768
563,0.8921091,0.36906347,0.49185014,0.36878583,0.40025896,0.00027763844
564,1.60235,0.55692935,0.6662771,0.48694777,0.9360729,0.069981575
565,1.6916008,0.5043369,0.6563756,0.47082424,1.0352252,0.033512652
566,0.8771684,0.3559779,0.4185163,0.30627355,0.4586521,0.049704343
567,0.9845393,0.3513788,0.53977776,0.37548894,0.4447615,-0.024110138
568,0.45051482,0.16216989,0.20051344,0.1399696,0.25000137,0.022200286
569,2.338038,1.0460911,1.2257887,0.9065711,1.1122493,0.13951999
570,1.178747,0.4728871,0.5633497,0.41022354,0.61539733,0.062663555
571,1.4478545,0.5639529,0.6690812,0.46563163,0.7787733,0.09832129
572,0.32637483,0.24424565,0.16037913,0.10983471,0.1659957,0.13441095
573,0.1728182,0.0057865116,0.08178153,0.054974653,0.09103667,-0.04918814
574,0.36627436,0.2131298,0.22778864,0.17427318,0.13848571,0.038856626
575,0.5182459,0.12566902,0.24839862,0.16284332,0.26984727,-0.0371743
576,0.89434695,0.13187416,0.18799147,0.13638583,0.70635545,-0.0045116693
577,2.115442,0.7057632,0.9166722,0.6750936,1.1987698,0.03066963
578,0.55586034,0.2420507,0.28038207,0.20338586,0.27547827,0.038664848
579,1.4185508,0.51631486,0.6702058,0.50069094,0.7483451,0.015623927
580,1.78989,0.7087094,0.9059051,0.6567727,0.8839849,0.051936746
581,1.0886202,0.40408275,0.5568522,0.38769466,0.53176796,0.016388088
582,1.1860019,0.45700833,0.5322087,0.40337738,0.6537932,0.053630948
583,1.043687,0.49433526,0.5536079,0.42334762,0.4900791,0.07098764
584,2.7113135,0.8949381,0.9700797,0.7014167,1.7412338,0.19352144
585,0.5250352,0.28088704,0.27839348,0.20046051,0.24664173,0.08042653
586,1.1326504,0.42941308,0.549806,0.39221916,0.5828444,0.037193924
587,0.9613431,0.5198953,0.46596336,0.34210938,0.49537975,0.17778593
588,0.58991057,0.16809566,0.28944105,0.1915231,0.30046952,-0.023427442
589,2.014748,0.61528516,0.8627075,0.594596,1.1520406,0.02068913
590,1.789111,0.48401904,0.65799594,0.4556881,1.1311151,0.028330952
591,1.1685482,0.5219425,0.54462165,0.39256907,0.6239266,0.12937343
592,0.85943264,0.31839284,0.38736078,0.27296382,0.47207186,0.04542902
593,2.11829,0.78956866,0.976899,0.7037046,1.1413909,0.08586407
594,0.71837074,0.2463255,0.31191483,0.22356868,0.4064559,0.022756815
595,1.0896922,0.44504324,0.53126746,0.37603554,0.5584248,0.069007695
596,0.35777694,0.16302232,0.17715816,0.133135,0.18061878,0.029887319
597,2.9043658,0.6909695,0.9663191,0.7211981,1.9380467,-0.030228555
598,1.7172604,0.6578285,0.80123484,0.60696447,0.9160255,0.05086404
599,1.3846166,0.50256205,0.60693705,0.44560823,0.77767956,0.056953818
600,1.7712886,0.5673857,0.7070075,0.4856338,1.0642811,0.08175188
601,1.9695398,0.7386892,0.9151851,0.6549224,1.0543547,0.08376676
602,1.1829537,0.508276,0.6831916,0.48705417,0.49976212,0.021221817
603,0.7193075,0.19158441,0.32138926,0.20943272,0.39791822,-0.017848313
604,2.29918,0.61497796,0.8129981,0.5677241,1.486182,0.047253847
605,2.7840834,0.99070245,1.1052662,0.8011287,1.6788172,0.18957376
606,0.90780365,0.2599538,0.42202777,0.30656943,0.4857759,-0.04661563
607,1.0681417,0.39303568,0.46109253,0.3381329,0.60704917,0.054902792
608,0.75292015,0.28492278,0.36833087,0.27059016,0.38458928,0.014332622
609,1.7858891,0.66502035,0.76087487,0.5331746,1.0250143,0.13184577
610,0.86153156,0.34112647,0.42851764,0.30208403,0.43301392,0.039042443
611,1.4415405,0.25573206,0.3635119,0.24168782,1.0780286,0.01404424
612,2.5497787,0.83707124,1.0117096,0.7175884,1.5380691,0.119482815
613,1.4631525,0.7936227,0.9033929,0.6852787,0.5597596,0.10834396
614,1.0062829,0.48616096,0.5435918,0.41556782,0.46269113,0.07059315
615,1.1972717,0.44800368,0.5953328,0.4390308,0.6019389,0.008972883
616,1.8180368,0.62507325,0.6987573,0.510722,1.1192795,0.11435127
617,1.6853977,0.45993832,0.5916646,0.42929357,1.0937331,0.030644745
618,1.5925529,0.6817216,0.74323535,0.5263003,0.84931755,0.15542132
619,1.6483679,0.60431653,0.6980562,0.48715338,0.95031166,0.11716315
620,1.0925438,0.42963988,0.5034784,0.3638025,0.58906543,0.06583738
621,1.7339705,0.5663486,0.6325301,0.46594828,1.1014404,0.10040033
622,1.3536586,0.65655714,0.80672663,0.59636015,0.5469319,0.060196996
623,0.90981877,0.40927824,0.48664314,0.33367845,0.42317563,0.07559979
624,0.6120275,0.32611552,0.2849183,0.20288733,0.32710922,0.12322819
625,2.0878406,0.70153135,0.81696653,0.6176124,1.270874,0.08391893
626,2.2849088,0.7803009,1.0403019,0.7577802,1.2446069,0.022520721
627,1.5475973,0.43055198,0.6386961,0.41974887,0.9089012,0.010803103
628,0.7259904,0.30057693,0.37690002,0.2657301,0.3490904,0.034846812
629,0.8296665,0.2892128,0.30067167,0.21152095,0.5289948,0.07769184
630,1.3999172,0.6073789,0.7615016,0.5367013,0.63841563,0.07067758
631,0.42222458,0.11033444,0.19458488,0.11832102,0.2276397,-0.007986575
632,0.66890633,0.22461396,0.2893197,0.2134407,0.37958664,0.011173263
633,1.5929452,0.6382069,0.77072805,0.5808125,0.82221717,0.057394385
634,0.20540427,0.02067281,0.09490503,0.06305425,0.11049923,-0.04238144
635,0.36501473,0.101875715,0.14108197,0.09454076,0.22393276,0.007334955
636,2.0735624,0.7455262,0.8747231,0.66469306,1.1988393,0.08083314
637,1.344879,0.43928808,0.5465789,0.40134126,0.79830015,0.03794682
638,0.7404153,0.21697721,0.34321302,0.24215789,0.39720225,-0.025180683
639,0.5884755,0.21871278,0.25059417,0.18539345,0.33788136,0.033319324
640,1.0368307,0.51148105,0.5480341,0.40742904,0.4887966,0.10405201
641,0.8942445,0.28859943,0.45549577,0.30916974,0.43874872,-0.020570308
642,0.7548919,0.42478555,0.42743605,0.2982773,0.32745582,0.12650827
643,1.020905,0.55483687,0.60536253,0.4631435,0.41554248,0.09169337
644,0.64705753,0.23053542,0.31217057,0.21759911,0.33488697,0.012936309
645,0.65818685,0.39079872,0.45579416,0.35304782,0.2023927,0.0377509
646,1.6217593,0.70523167,0.80212915,0.5951834,0.81963015,0.110048294
647,1.8108294,0.62074244,0.7782098,0.5429756,1.0326196,0.077766836
648,1.131494,0.5043456,0.5893423,0.45095477,0.54215175,0.05339083
649,2.5742867,0.72477496,0.89572203,0.6455035,1.6785647,0.079271436
650,1.6219394,0.46456006,0.6778058,0.44784433,0.94413364,0.016715735
651,0.9634535,0.32603526,0.4750093,0.33467293,0.48844418,-0.008637667
652,0.68217236,0.2896367,0.3072128,0.21947174,0.37495956,0.07016496
653,1.9379269,0.5208988,0.6204537,0.44365007,1.3174732,0.07724875
654,3.4096935,0.6621039,0.795512,0.57291555,2.6141815,0.08918834
655,0.7359995,0.35214597,0.43619838,0.33597118,0.29980114,0.016174793
656,0.5689158,0.23040676,0.32233292,0.22597405,0.24658287,0.004432708
657,1.400163,0.27591908,0.41482392,0.29425913,0.98533916,-0.018340051
658,2.8533118,0.9986487,1.1874274,0.89680994,1.6658844,0.10183877
659,1.3464704,0.6961261,0.8001968,0.62605596,0.5462735,0.07007015
660,1.1908861,0.4161769,0.57664204,0.40361977,0.6142441,0.012557119
661,2.3202736,0.61310506,0.81535244,0.602543,1.5049212,0.010562062
662,0.9534798,0.452422,0.46997222,0.3129316,0.4835076,0.1394904
663,1.5995712,0.5488088,0.68995273,0.49718827,0.9096185,0.051620543
664,1.6276813,0.64613354,0.8238924,0.554104,0.80378884,0.09202957
665,0.95181996,0.30336046,0.39025885,0.27102572,0.5615611,0.032334745
666,1.6369455,0.57551944,0.7203339,0.5140425,0.9166116,0.061476946
667,1.8836133,0.6013546,0.81607085,0.5546566,1.0675426,0.046697974
668,1.5330778,0.500164,0.6248568,0.42803597,0.908221,0.072128
669,1.4350796,0.5112936,0.57902515,0.42985582,0.8560544,0.08143777
670,0.7341511,0.2867697,0.25880632,0.18858142,0.4753448,0.098188266
671,0.34625465,0.11491861,0.16345137,0.11695753,0.18280327,-0.0020389184
672,1.5076098,0.6110498,0.799482,0.5659596,0.70812786,0.0450902
673,1.1335584,0.46886405,0.57891643,0.4116249,0.55464196,0.057239145
674,2.9412365,0.7291501,0.81423247,0.5765503,2.1270041,0.15259981
675,0.99641377,0.26712063,0.35795456,0.23699525,0.6384592,0.03012538
676,1.0032116,0.4593813,0.5373689,0.40346068,0.46584272,0.05592063
677,1.759177,0.57595223,0.7363122,0.5328306,1.0228648,0.043121636
678,1.2698879,0.4515982,0.57222474,0.40691066,0.6976632,0.04468754
679,1.5813938,0.75495553,0.8429988,0.5993725,0.73839504,0.15558302
680,0.07641919,0.15058237,0.052083272,0.032358386,0.024335917,0.11822399
681,2.638978,0.97800636,1.1187621,0.82492685,1.5202159,0.15307951
682,1.2284511,0.38131422,0.53943413,0.37675962,0.689017,0.0045545995
683,1.2128916,0.5049644,0.5886901,0.4285902,0.6242015,0.0763742
684,2.4293196,0.9060189,0.9545315,0.70835096,1.4747882,0.19766796
685,0.795939,0.39396784,0.44354144,0.34402627,0.3523976,0.04994157
686,0.9520115,0.39022553,0.49327707,0.36764926,0.45873445,0.022576272
687,1.2513423,0.43144003,0.48974314,0.3620953,0.7615992,0.06934473
688,1.427171,0.49634674,0.68876374,0.49148136,0.73840725,0.004865378
689,0.31350446,0.13403174,0.12876885,0.08270942,0.18473561,0.051322326
690,0.22634529,0.049929,0.12158799,0.08678681,0.104757294,-0.036857806
691,0.8196666,0.3783752,0.3861674,0.2746231,0.43349922,0.10375211
692,0.5860745,0.15385087,0.25053012,0.1603941,0.33554435,-0.006543234
693,1.9188277,0.7476768,0.8245309,0.6233104,1.0942967,0.1243664
694,1.0839721,0.3168838,0.4731091,0.30116123,0.610863,0.015722573
695,1.6062175,0.62629503,0.7640437,0.5511111,0.8421738,0.07518393
696,1.6513438,0.49798355,0.62928563,0.4472259,1.0220582,0.050757647
697,3.2248077,1.0207705,0.998254,0.72620374,2.2265537,0.2945668
698,0.582219,0.23937625,0.25629196,0.189771,0.32592705,0.04960525
699,2.8280025,0.8117884,0.93045217,0.6709875,1.8975503,0.1408009
700,0.47613332,0.14884457,0.1707823,0.124451354,0.30535102,0.024393216
701,1.9681848,0.69949293,0.8290656,0.591653,1.1391191,0.10783994
702,1.3721246,0.4959502,0.62351924,0.4586524,0.7486053,0.037297785
703,1.1988208,0.5362497,0.64745873,0.46017677,0.5513621,0.07607293
704,0.77407604,0.20254068,0.32906228,0.22171731,0.44501376,-0.019176632
705,1.5203838,0.25783285,0.38711137,0.29375595,1.1332724,-0.035923094
706,1.129702,0.39249492,0.51955706,0.37014878,0.6101449,0.022346139
707,0.5585371,0.29087457,0.28379607,0.19548464,0.27474105,0.09538993
708,0.33248374,0.096202634,0.12050506,0.08581953,0.21197867,0.010383107
709,0.88410085,0.3420399,0.44882146,0.30482316,0.4352794,0.037216753
710,1.0282174,0.39305356,0.47785386,0.31515965,0.55036354,0.07789391
711,1.8572149,0.64901835,0.79204,0.5290647,1.0651749,0.11995363
712,2.2753232,0.71099526,0.8174489,0.58284533,1.4578743,0.12814993
713,1.5901856,0.64464736,0.8293375,0.588449,0.76084816,0.05619836
714,1.4925447,0.68454015,0.7954232,0.5853148,0.69712144,0.09922534
715,1.842097,0.6622128,0.7379391,0.537438,1.1041579,0.12477481
716,2.4536169,1.0621293,1.2481483,0.93166476,1.2054685,0.1304645
717,0.95437354,0.38553807,0.457146,0.34067902,0.49722755,0.04485905
718,0.30254358,0.14208832,0.13514039,0.106344506,0.16740319,0.035743818
719,0.9305655,0.38645804,0.5378262,0.39257103,0.3927393,-0.0061129928
720,1.4805259,0.4834394,0.5861652,0.41949028,0.89436066,0.06394911
721,1.2081469,0.46519256,0.5309158,0.39001608,0.67723113,0.07517648
722,1.6828452,0.6259275,0.6871277,0.4889862,0.9957175,0.13694131
723,1.2805183,0.49852997,0.5422908,0.36556956,0.7382275,0.13296041
724,1.534109,0.56924033,0.7827128,0.5518635,0.7513962,0.01737684
725,1.471033,0.5228024,0.56382906,0.39897865,0.9072039,0.12382376
726,2.3834853,0.73852164,0.95142114,0.6789524,1.4320642,0.05956924
727,1.3363031,0.50002533,0.61820126,0.4595306,0.71810186,0.04049474
728,0.613759,0.19774112,0.29023734,0.21208365,0.32352164,-0.014342532
729,2.4157734,0.766733,0.7960597,0.57616216,1.6197137,0.19057083
730,1.2754279,0.4636788,0.6417986,0.46123114,0.6336293,0.0024476647
731,0.85361046,0.43258116,0.5172932,0.37215632,0.33631724,0.060424834
732,1.8446329,0.7239955,0.86683404,0.6167858,0.9777988,0.10720968
733,1.48746,0.57870585,0.7102274,0.510214,0.77723265,0.068491876
734,1.8702829,0.5793917,0.6586982,0.4861061,1.2115847,0.09328562
735,1.2486061,0.3476397,0.49563217,0.3533576,0.7529739,-0.0057179034
736,0.8011046,0.28939754,0.3508281,0.2693668,0.4502765,0.020030737
737,1.2213646,0.43807158,0.46904182,0.3260724,0.7523228,0.111999184
738,1.0988784,0.29114795,0.39880615,0.29015756,0.7000722,0.0009903908
739,0.8042235,0.31799352,0.41346508,0.29452163,0.3907584,0.023471892
740,0.49816895,0.13003878,0.17094955,0.11960211,0.3272194,0.010436676
741,0.27077207,0.20489255,0.124332905,0.09421383,0.14643916,0.11067872
742,1.9517958,0.66878074,0.9188322,0.6333442,1.0329636,0.03543657
743,0.5459345,0.2674141,0.26368064,0.18904854,0.28225386,0.07836555
744,0.6959862,0.31998563,0.3531627,0.26886556,0.3428235,0.051120073
745,0.4974045,0.17937818,0.2695585,0.18670608,0.227846,-0.0073278993
746,1.5638185,0.42128748,0.60155815,0.41495246,0.9622603,0.00633502
747,1.8063432,0.63674027,0.88774806,0.6419009,0.91859514,-0.0051606297
748,1.586875,0.57368326,0.6843108,0.50198615,0.90256417,0.071697116
749,0.492118,0.20061928,0.18420053,0.13158698,0.30791748,0.0690323
750,0.94270414,0.44906408,0.47596726,0.35297412,0.46673688,0.09608996
751,1.9794513,0.68179303,0.8815896,0.6618372,1.0978618,0.019955814
752,1.700584,0.5460058,0.62413174,0.43877172,1.0764523,0.10723406
753,1.1828928,0.4652003,0.5563609,0.40522188,0.6265319,0.059978426
754,1.2968599,0.4267117,0.45759636,0.3437882,0.8392635,0.0829235
755,1.8656152,0.9447123,1.0083439,0.78030986,0.8572713,0.16440243
756,0.5347151,0.24369723,0.25893354,0.20045796,0.27578157,0.043239266
757,1.3585005,0.42661452,0.55622184,0.38867345,0.80227864,0.03794107
758,1.150124,0.26512095,0.35907093,0.25122833,0.79105306,0.013892621
759,2.4584117,0.92009836,1.0574768,0.7433466,1.4009349,0.17675179
760,0.50375134,0.15422216,0.22661945,0.14390394,0.2771319,0.01031822
761,1.3936164,0.5354839,0.64443123,0.47363505,0.7491852,0.06184885
762,1.4662716,0.5863116,0.7003468,0.5028063,0.7659248,0.08350527
763,0.86998034,0.0670712,0.1569015,0.097600125,0.71307886,-0.030528925
764,1.1391155,0.40475172,0.51999533,0.3564934,0.6191201,0.048258305
765,0.76187384,0.22475104,0.41321343,0.27327234,0.3486604,-0.048521295
766,2.2194614,0.7098755,0.9423326,0.6591109,1.2771288,0.05076462
767,1.8131253,0.5627438,0.7832794,0.54056317,1.0298458,0.022180617
768,2.1134138,0.6547676,0.7970287,0.5677264,1.316385,0.0870412
769,0.6694777,0.11986632,0.23906362,0.14541619,0.43041408,-0.025549866
770,1.632801,0.82442385,0.9624876,0.7308079,0.6703135,0.09361595
771,1.7742454,0.32789487,0.4875494,0.33227876,1.286696,-0.004383892
772,1.6909361,0.63144636,0.76933134,0.54112947,0.92160475,0.09031689
773,0.9692985,0.27921775,0.40319866,0.29101875,0.5660998,-0.011801004
774,0.62779164,0.45222223,0.3825271,0.30249935,0.24526453,0.14972287
775,0.45074633,0.17012304,0.1633213,0.12163448,0.28742504,0.048488557
776,1.379434,0.67134213,0.7218281,0.54913837,0.6576059,0.12220377
777,1.4023196,0.4671246,0.67040235,0.43837914,0.7319172,0.028745472
778,1.4780726,0.6100858,0.73745567,0.54496014,0.740617,0.065125644
779,0.06317481,0.18487523,0.07871683,0.050538074,-0.015542023,0.13433716
780,1.8112739,0.6495547,0.7428188,0.55307996,1.0684552,0.09647477
781,0.69935507,0.2953862,0.3542053,0.25710648,0.34514976,0.038279712
782,0.80455726,0.21053392,0.29623657,0.21020131,0.5083207,0.00033260882
783,0.6331372,0.21358153,0.26330367,0.20030408,0.36983356,0.013277456
784,2.173533,0.7357294,0.8846095,0.65461975,1.2889235,0.08110964
785,0.6556341,0.21370925,0.316406,0.21383055,0.3392281,-0.00012129545
786,0.45530728,0.13904105,0.17966118,0.1306783,0.2756461,0.008362755
787,1.901908,0.6371994,0.72401094,0.53357744,1.1778971,0.10362196
788,2.684232,0.9488952,1.0973816,0.7769553,1.5868504,0.17193991
789,1.9331187,0.7226153,0.76368356,0.58778256,1.1694351,0.13483274
790,1.0551767,0.49874362,0.4832839,0.3516802,0.57189286,0.14706343
791,1.372089,0.5369925,0.662953,0.4786175,0.709136,0.058375
792,1.3310039,0.5061456,0.76637524,0.5303112,0.56462866,-0.02416563
793,1.6545784,0.49982527,0.6429743,0.45490003,1.0116041,0.044925243
794,0.9980006,0.37594026,0.49345475,0.33296898,0.50454587,0.042971283
795,1.152443,0.51863605,0.50378335,0.38700306,0.6486597,0.13163298
796,1.593097,0.5685074,0.7267845,0.50654304,0.86631244,0.061964333
797,0.42940852,0.22235842,0.19707704,0.14184803,0.23233148,0.08051039
798,2.5751903,0.8232548,0.85264957,0.63684624,1.7225407,0.18640858
799,2.1306453,0.66712844,0.8191267,0.5772812,1.3115185,0.08984727
800,1.8418285,0.3814508,0.5000264,0.36921954,1.3418021,0.012231261
801,0.31264117,0.21198821,0.16152012,0.11181955,0.15112105,0.10016866
802,2.8786347,0.79585505,1.0137386,0.7420038,1.864896,0.053851247
803,1.9406092,0.7053008,0.79017276,0.54642,1.1504364,0.15888083
804,0.9478809,0.40834573,0.43477768,0.30695325,0.51310325,0.10139248
805,0.9925614,0.3656758,0.41459766,0.29683638,0.5779637,0.06883943
806,1.5781797,0.64189684,0.78691417,0.5848154,0.79126555,0.05708146
807,1.434176,0.5249432,0.61412084,0.39985204,0.8200551,0.12509114
808,0.89636225,0.30304322,0.313701,0.22276826,0.5826613,0.080274954
809,0.33412573,0.10046072,0.13662209,0.101184085,0.19750364,-0.00072336197
810,1.6479266,0.57100457,0.7263721,0.52713025,0.92155445,0.043874323
811,0.69956696,0.3469479,0.39457864,0.30267677,0.30498832,0.04427114
812,1.2295986,0.55312175,0.7023882,0.5402607,0.5272104,0.012861073
813,0.5161632,0.29266128,0.35449147,0.26180708,0.1616717,0.030854195
814,0.24146323,0.04920082,0.09537257,0.06649863,0.14609066,-0.017297808
815,0.76036406,0.23966572,0.3137308,0.21653047,0.44663325,0.023135245
816,0.7354213,0.29512078,0.30478853,0.21854404,0.43063277,0.07657674
817,1.155256,0.44277677,0.5786886,0.4127636,0.5765674,0.030013174
818,1.0767854,0.49923018,0.5408491,0.42170572,0.53593636,0.07752445
819,2.3677373,0.93795323,1.0875416,0.8243349,1.2801957,0.113618314
820,0.1488388,0.05030811,0.054495238,0.039903272,0.094343565,0.010404836
821,0.7368611,0.27904326,0.30535167,0.2175118,0.43150944,0.061531454
822,2.057444,0.624837,0.7140243,0.54792196,1.3434198,0.076915026
823,1.9197373,0.5926865,0.7237207,0.53214,1.1960166,0.060546458
824,1.2499075,0.4692707,0.5736479,0.39752966,0.6762596,0.071741045
825,0.63588715,0.22953145,0.29532287,0.21660218,0.34056428,0.012929276
826,1.1964848,0.4643161,0.57290226,0.41449013,0.62358254,0.049825966
827,1.4710457,0.51180035,0.6147169,0.46299773,0.85632885,0.048802614
828,0.80442834,0.31569803,0.37457067,0.27697533,0.42985767,0.038722694
829,1.244969,0.31807896,0.45782858,0.3081696,0.7871404,0.009909362
830,1.7402115,0.79316646,0.9041699,0.7152173,0.83604157,0.07794917
831,1.7246817,0.7497138,0.8951764,0.68043005,0.8295053,0.069283724
832,1.7444913,0.5763645,0.67893267,0.49593702,1.0655587,0.0804275
833,0.84443325,0.27065492,0.3252887,0.21220586,0.51914454,0.05844906
834,2.6368458,0.80524546,0.92964447,0.63966537,1.7072014,0.1655801
835,1.6620144,0.6555746,0.72877115,0.5529116,0.9332432,0.10266304
836,0.69772947,0.1644855,0.15245089,0.09815439,0.54527855,0.06633111
837,0.5272969,0.21111855,0.24535236,0.16862217,0.28194454,0.042496383
838,2.2864094,0.62302285,0.8323859,0.57446456,1.4540235,0.048558295
839,1.1757138,0.41867185,0.52512455,0.34942174,0.6505892,0.06925011
840,0.8614925,0.35222718,0.38276276,0.2809576,0.47872975,0.07126957
841,0.6319235,0.12852103,0.2536165,0.16454653,0.37830698,-0.03602551
842,0.92103666,0.45496252,0.5768775,0.42673102,0.3441592,0.028231502
843,1.7634262,0.5972555,0.7037961,0.4976825,1.0596302,0.099573016
844,1.4646468,0.7931265,0.8158271,0.63294816,0.64881974,0.16017836
845,0.93385714,0.42656037,0.43669787,0.30783552,0.49715927,0.11872485
846,1.544143,0.54672086,0.64693165,0.46358022,0.8972113,0.08314064
847,0.337413,0.10294977,0.16442205,0.1165876,0.17299096,-0.013637833
848,0.26670462,0.05530595,0.1453302,0.1027661,0.12137441,-0.047460146
849,0.83880544,0.27479926,0.2877391,0.21400213,0.55106634,0.060797125
850,0.79255146,0.32469437,0.35174018,0.27881652,0.44081128,0.045877844
851,0.7702229,0.31068334,0.33327723,0.2134184,0.43694568,0.097264946
852,0.7910616,0.38554057,0.4124712,0.3132357,0.37859038,0.072304875
853,2.2915783,0.6857684,0.88522875,0.5963422,1.4063495,0.08942622
854,1.732927,0.68000394,0.848477,0.62762773,0.88444996,0.05237621
855,0.77265334,0.39825186,0.44387954,0.31473547,0.3287738,0.08351639
856,1.60632,0.4961911,0.6440666,0.4719998,0.96225345,0.02419132
857,1.5399271,0.54458696,0.6297009,0.4600355,0.9102262,0.08455145
858,1.2697548,0.59192455,0.7055355,0.52894205,0.5642193,0.0629825
859,0.87736106,0.31644073,0.3901089,0.28145063,0.48725215,0.034990102
860,1.5007336,0.37956977,0.48437706,0.34702933,1.0163566,0.03254044
861,0.06781562,0.009313527,0.030914033,0.017737959,0.036901586,-0.008424432
862,1.9108849,0.8238576,1.1130998,0.7579557,0.79778504,0.065901935
863,1.1842654,0.4308819,0.5677738,0.34923735,0.61649156,0.081644535
864,2.1556408,0.83589786,1.0534713,0.700864,1.1021695,0.13503385
865,2.090461,0.84110534,0.97759026,0.7621485,1.1128707,0.07895684
866,0.12884167,0.0004995127,0.07160749,0.04236523,0.057234176,-0.041865718
867,0.16117488,0.11748683,0.09199473,0.06276713,0.069180146,0.054719694
868,1.0672952,0.42828822,0.57146496,0.40097672,0.49583024,0.027311504
869,2.1594634,0.7982563,0.99235916,0.7289056,1.1671042,0.06935066
870,2.4573734,0.89502347,1.1511359,0.80513495,1.3062375,0.08988851
871,1.5936763,0.7014379,0.7968303,0.6045744,0.79684603,0.09686351
872,2.0939136,0.7584077,0.8749827,0.6505742,1.2189308,0.107833505
873,2.2020516,0.5491582,0.7386631,0.55187446,1.4633886,-0.0027162433
874,1.4671371,0.51414734,0.5969309,0.41888204,0.8702062,0.0952653
875,1.804168,0.51890075,0.5761428,0.42425808,1.2280252,0.09464267
876,1.197213,0.32935333,0.45997223,0.2979488,0.7372408,0.031404525
877,0.56702673,0.2718177,0.26308647,0.1790353,0.30394027,0.09278241
878,1.2486982,0.47357276,0.5911099,0.43566066,0.65758836,0.0379121
879,0.30001697,0.24521786,0.17414358,0.13785362,0.12587339,0.10736424
880,0.16738424,0.16582502,0.07208432,0.05655248,0.095299914,0.10927254
881,2.5873077,0.68953204,0.91031826,0.65741116,1.6769894,0.032120883
882,0.9147357,0.3364303,0.46253696,0.3157076,0.4521987,0.020722717
883,0.9000806,0.26674566,0.4194418,0.28786486,0.48063883,-0.021119207
884,0.4750565,0.259788,0.254338,0.18761069,0.2207185,0.07217732
885,1.0663724,0.23980395,0.35843775,0.2574951,0.7079346,-0.01769115
886,1.2839037,0.50076354,0.5671111,0.43987274,0.71679264,0.060890794
887,0.4750334,0.18554138,0.22174141,0.1630911,0.253292,0.022450283
888,1.3887117,0.55579567,0.6279308,0.46166006,0.7607809,0.09413561
889,1.7002091,0.9652738,1.1498433,0.867297,0.5503658,0.097976804
890,1.035892,0.37036374,0.46042818,0.33503264,0.57546383,0.0353311
891,1.1090058,0.5555227,0.6569425,0.49640766,0.45206332,0.059115022
892,1.6970872,0.54953104,0.73603475,0.5471033,0.9610524,0.0024277568
893,1.6372938,0.4187039,0.5117344,0.34382397,1.1255593,0.074879944
894,1.4293127,0.37895924,0.5099769,0.35828346,0.9193358,0.020675778
895,2.1921465,0.6991444,0.7653996,0.54857194,1.426747,0.15057248
896,1.8387556,1.0732353,1.1006731,0.8498766,0.7380825,0.22335869
897,1.690264,0.54257786,0.6590678,0.47327906,1.0311961,0.069298804
898,1.140023,0.4009614,0.570747,0.3838455,0.569276,0.017115891
899,2.0350623,0.63191956,0.81125176,0.6227298,1.2238106,0.0091897845
900,0.8284261,0.3246143,0.3767196,0.27482897,0.45170653,0.049785316
901,0.56556094,0.20309487,0.29891524,0.21729216,0.2666457,-0.01419729
902,2.5648575,1.0326568,1.1614493,0.8369616,1.4034082,0.19569516
903,0.8464154,0.29718408,0.39584193,0.27873605,0.45057347,0.018448025
904,2.3913941,0.6904763,0.8398574,0.6067632,1.5515368,0.083713114
905,1.5671029,0.587519,0.67866385,0.50741005,0.88843906,0.08010894
906,-0.011452385,0.0970025,0.011025071,0.0043990174,-0.022477455,0.09260348
907,0.84752756,0.33612627,0.44143063,0.3239035,0.40609694,0.012222767
908,0.7119936,0.2723798,0.31801754,0.23864123,0.39397603,0.033738554
909,2.3725512,0.77590775,0.9258536,0.639611,1.4466976,0.13629675
910,1.6184556,0.5273482,0.65045154,0.45928878,0.9680041,0.068059444
911,1.5744513,0.60585415,0.6495354,0.49045986,0.9249159,0.115394294
912,1.7068341,0.50681573,0.61057246,0.42038888,1.0962616,0.086426854
913,1.4464349,0.6521078,0.78292125,0.54199225,0.6635136,0.11011553
914,0.7207331,0.22902486,0.3702205,0.24279764,0.3505126,-0.013772786
915,0.14173096,0.06747584,0.11096388,0.07423769,0.030767083,-0.006761849
916,1.9223095,0.5463331,0.69072634,0.47884694,1.2315831,0.06748614
917,1.6747564,0.7553111,1.0726578,0.74361336,0.6020986,0.01169771
918,1.1886805,0.47671488,0.44862765,0.33328536,0.7400529,0.14342952
919,0.8637311,0.29814532,0.40692645,0.3002783,0.45680463,-0.002132982
920,1.6254493,0.6373755,0.8021676,0.5893735,0.8232817,0.048001945
921,1.184706,0.3961908,0.6109609,0.41544017,0.5737451,-0.01924938
922,1.3747463,0.14814983,0.2662288,0.18085873,1.1085175,-0.0327089
923,0.76159114,0.27058175,0.32193887,0.2419726,0.43965226,0.028609157
924,1.1872573,0.2524638,0.3147037,0.20729136,0.8725536,0.045172423
925,2.6725543,0.720357,0.8533889,0.60142314,1.8191653,0.11893386
926,0.9694767,0.2802445,0.42529964,0.2818966,0.54417706,-0.0016520917
927,1.2445818,0.5123592,0.58056045,0.43589878,0.6640214,0.07646042
928,2.4192607,0.7548753,0.94807655,0.64823353,1.4711843,0.10664177
929,1.1151156,0.39236975,0.5422352,0.39990383,0.57288045,-0.0075340867
930,2.5587177,0.75145847,0.9696024,0.7096033,1.5891154,0.041855156
931,1.3205668,0.388796,0.5849005,0.39111152,0.7356663,-0.0023155212
932,1.0263648,0.33128777,0.36069894,0.24747947,0.66566586,0.0838083
933,1.8115797,0.7316972,0.81001395,0.609175,1.0015657,0.122522175
934,0.7400039,0.26402146,0.35373122,0.25072056,0.38627267,0.013300896
935,0.32534903,0.15427424,0.16090211,0.116861984,0.16444692,0.037412256
936,2.1863494,0.59928435,0.7178649,0.5244766,1.4684845,0.07480776
937,1.131025,0.53730017,0.58622456,0.44518432,0.5448004,0.09211585
938,0.72451913,0.42668745,0.3960389,0.27127838,0.32848024,0.15540907
939,1.9544082,0.48362184,0.6644031,0.4527503,1.2900051,0.03087154
940,1.7219983,0.60646105,0.79473865,0.53942585,0.9272597,0.0670352
941,2.0939898,1.2139549,1.4985783,1.1408242,0.59541154,0.07313073
942,1.366678,0.66598594,0.6367668,0.4724853,0.7299112,0.19350064
943,1.6859407,0.8100127,0.84600514,0.63972205,0.8399356,0.17029065
944,1.3464652,0.5294218,0.7351244,0.49492592,0.6113408,0.03449589
945,0.86556387,0.39918518,0.45074353,0.32677412,0.41482034,0.07241106
946,0.4207643,0.17710346,0.21338467,0.14718036,0.20737962,0.029923096
947,0.15524796,0.08114602,0.07174343,0.053964265,0.08350453,0.027181752
948,2.6227236,0.7693744,0.8662323,0.614828,1.7564913,0.15454638
949,1.3916961,0.43848568,0.5921844,0.4178012,0.7995117,0.02068448
950,1.2533021,0.30832514,0.43957695,0.3142551,0.8137251,-0.005929947
951,2.1451304,0.7174859,0.89382094,0.625874,1.2513094,0.09161192
952,1.6507194,0.6172533,0.69671446,0.5201863,0.95400494,0.097067
953,2.2632442,0.668984,0.75643986,0.54906315,1.5068042,0.11992085
954,0.4993253,0.094451405,0.2222898,0.14805181,0.2770355,-0.053600408
955,2.1555026,0.84748715,1.0237108,0.76071686,1.1317917,0.086770296
956,2.202388,0.63148874,0.691059,0.5080213,1.511329,0.123467445
957,0.8398521,0.30944267,0.43931985,0.3010139,0.40053225,0.008428782
958,2.1357143,0.52473044,0.72573894,0.5086833,1.4099753,0.01604712
959,1.6571331,0.5394866,0.6433551,0.46708077,1.013778,0.072405815
960,1.0594907,0.58154285,0.63776696,0.47565818,0.42172372,0.10588467
961,0.7837842,0.30964103,0.41036946,0.29410946,0.37341475,0.01553157
962,1.5771687,0.47638425,0.6749798,0.46842226,0.9021889,0.007961988
963,0.9817427,0.363193,0.52403694,0.36863893,0.45770574,-0.0054459274
964,0.44380584,0.28087845,0.21714178,0.15898916,0.22666407,0.12188929
965,2.1503727,0.58032745,0.83007,0.6017943,1.3203027,-0.021466851
966,0.15059866,0.008181262,0.10961455,0.069867164,0.04098411,-0.0616859
967,0.60198647,0.27103415,0.28575882,0.18270782,0.31622764,0.088326335
968,1.4472829,0.5101357,0.6378794,0.45483428,0.80940354,0.055301428
969,0.9882056,0.43345407,0.46717435,0.35225207,0.52103126,0.081202
970,1.1768122,0.4551567,0.49283862,0.37450364,0.68397355,0.08065307
971,0.6016364,0.17246927,0.23669887,0.17462836,0.36493754,-0.0021590889
972,1.7109737,0.6253244,0.81644905,0.5806962,0.8945247,0.044628203
973,1.356842,0.35325584,0.47547752,0.33327883,0.8813645,0.019977003
974,1.3186473,0.22989587,0.2844059,0.19561854,1.0342414,0.034277335
975,0.9003991,0.3320508,0.43129835,0.3211774,0.46910074,0.010873407
976,1.8318143,0.6290164,0.68729556,0.5065316,1.1445187,0.1224848
977,0.9125206,0.41683832,0.507448,0.38484153,0.40507257,0.031996787
978,0.21499586,0.10144149,0.1174353,0.09244291,0.09756056,0.00899858
979,1.4867332,0.61067224,0.68540955,0.47456354,0.80132365,0.1361087
980,1.263383,0.58896875,0.6985433,0.52502763,0.5648397,0.06394112
981,1.359097,0.45631233,0.61432284,0.43451905,0.74477416,0.021793276
982,1.7821583,0.6066624,0.76776636,0.5483694,1.0143919,0.058292985
983,0.4129517,0.12067195,0.1642857,0.11991854,0.248666,0.00075341016
984,0.5110985,0.26003525,0.28405112,0.20369788,0.22704738,0.05633737
985,0.88362646,0.28405002,0.2866016,0.20627098,0.59702486,0.07777904
986,2.0444288,0.6686923,0.82432353,0.6167642,1.2201053,0.051928103
987,1.4233824,0.48732856,0.6108256,0.44008344,0.8125568,0.047245115
988,1.2262893,0.5069372,0.594705,0.4440539,0.6315843,0.06288332
989,1.7433196,0.61201864,0.7075122,0.5186584,1.0358074,0.093360245
990,1.1557833,0.39688137,0.54719776,0.39120096,0.60858554,0.005680412
991,1.8075206,0.9328937,1.0455818,0.8117142,0.7619388,0.12117952
992,0.63388205,0.14347962,0.29280064,0.18337339,0.3410814,-0.039893776
993,1.030052,0.54754394,0.58276534,0.42006293,0.4472866,0.12748101
994,1.2943919,0.5666038,0.6696576,0.48417354,0.6247343,0.08243024
995,1.395939,0.63255787,0.7144096,0.51827824,0.6815294,0.11427963
996,1.0668808,0.3867611,0.41785043,0.29852635,0.6490304,0.08823475
997,1.7842475,0.510175,0.6666129,0.4687651,1.1176345,0.04140988
998,1.6910231,0.47994283,0.665427,0.46045384,1.0255961,0.01948899
999,0.5877501,0.22339386,0.29235953,0.21497051,0.29539055,0.008423343
1000,0.4530184,0.19405372,0.21695478,0.14018321,0.23606361,0.053870514
1001,1.8129297,0.58951443,0.71239775,0.52232844,1.100532,0.067186
1002,1.7922962,0.8164657,0.8645919,0.65985125,0.9277043,0.15661442
1003,0.5928476,0.20588496,0.3200881,0.23015848,0.2727595,-0.024273515
1004,1.5002531,0.4461718,0.57221234,0.397744,0.92804074,0.04842779
1005,0.72544694,0.22386545,0.30692536,0.21524131,0.41852158,0.008624136
1006,2.4173775,0.9053869,0.92036545,0.6922704,1.497012,0.21311653
1007,0.20328729,0.11675398,0.12456236,0.09087366,0.07872493,0.025880322
1008,0.9998799,0.4121693,0.5043291,0.37992853,0.4955508,0.03224078
1009,1.2704115,0.58284,0.71867,0.53745824,0.5517415,0.045381784
1010,1.9864343,0.7927957,1.0012658,0.6950114,0.9851686,0.09778434
1011,0.40929392,0.111237705,0.2352033,0.1600219,0.17409062,-0.048784196
1012,2.4708335,0.6851486,0.92370474,0.6803361,1.5471288,0.004812479
1013,3.5833945,0.77835774,1.0178453,0.717432,2.5655494,0.060925722
1014,1.30081,0.5268345,0.5965962,0.44590005,0.7042138,0.080934435
1015,1.7702311,0.52326417,0.6878208,0.46907282,1.0824103,0.05419135
1016,1.102297,0.4653988,0.56544316,0.40037102,0.5368538,0.06502777
1017,0.85727584,0.4108995,0.5159105,0.37589735,0.34136534,0.035002142
1018,0.10741551,-0.029583344,0.07441054,0.042694937,0.03300497,-0.07227828
1019,0.6775095,0.26506296,0.38132423,0.28727472,0.29618526,-0.02221176
1020,1.1605563,0.4051513,0.45169368,0.33121315,0.70886266,0.07393816
1021,0.41624016,0.102671064,0.20387466,0.14281468,0.2123655,-0.040143616
1022,0.41392335,0.19827081,0.1936337,0.13520876,0.22028965,0.06306206
1023,1.8177767,0.40068093,0.581305,0.40407476,1.2364717,-0.0033938289
1024,0.6787722,0.3445648,0.32343617,0.21774578,0.35533604,0.12681901
1025,0.8249019,0.31366685,0.35267857,0.2532439,0.4722233,0.060422957
1026,0.42199984,0.123655014,0.20607564,0.14195369,0.2159242,-0.018298678
1027,0.65103704,0.2634051,0.22135477,0.1295926,0.42968225,0.13381252
1028,1.574441,0.5502155,0.6675653,0.4769917,0.90687567,0.07322377
1029,1.3118038,0.53982574,0.6209248,0.46035185,0.69087905,0.07947388
1030,0.9120772,0.39994308,0.45087647,0.3369699,0.4612007,0.06297317
1031,1.1173346,0.40635827,0.42160052,0.30844432,0.6957341,0.09791395
1032,2.0441158,0.6804754,0.9051711,0.66562146,1.1389446,0.014853954
1033,1.7969385,0.7042615,0.83254814,0.632599,0.9643904,0.071662486
1034,1.2267393,0.3925406,0.5877735,0.39622554,0.6389658,-0.003684938
1035,1.5117282,0.5320411,0.6237532,0.43625206,0.887975,0.095789015
1036,0.6957568,0.33194956,0.3009396,0.2030066,0.3948172,0.12894297
1037,0.96531457,0.26731318,0.40714902,0.28922945,0.55816555,-0.02191627
1038,0.6243352,0.20462604,0.27812654,0.19818822,0.3462087,0.006437823
1039,1.750928,0.66485995,0.7995167,0.58862627,0.95141137,0.076233685
1040,0.35461918,0.25350037,0.1996114,0.14847462,0.15500778,0.10502575
1041,1.6593064,0.5327624,0.6963006,0.5039357,0.9630058,0.028826714
1042,2.2268667,0.7380592,1.0324212,0.72254646,1.1944455,0.015512764
1043,0.7293424,0.23555098,0.3500461,0.23644388,0.3792963,-0.0008928925
1044,0.64675856,0.29650584,0.35465327,0.27124137,0.2921053,0.025264472
1045,1.2618132,0.3683528,0.53885067,0.3905639,0.7229625,-0.022211105
1046,1.2482108,0.5557208,0.64555836,0.49253312,0.60265243,0.06318769
1047,0.8572494,0.31162015,0.5132213,0.37188125,0.34402806,-0.0602611
1048,1.3436522,0.4370447,0.55062264,0.37239274,0.7930296,0.064651966
1049,1.3839635,0.40368536,0.5229441,0.37609658,0.8610194,0.027588785
1050,1.7452922,0.64251286,0.7441211,0.5652642,1.0011711,0.07724863
1051,1.6736507,0.69743335,0.86351556,0.6531755,0.8101352,0.04425788
1052,1.4013317,0.49452817,0.6506577,0.46483645,0.75067395,0.029691726
1053,0.4969129,0.20951001,0.28929418,0.20388612,0.20761871,0.005623892
1054,1.7348143,0.4891991,0.6898145,0.48779315,1.0449998,0.0014059544
1055,2.3744946,0.69196117,0.7511467,0.52831227,1.6233479,0.1636489
1056,0.88421845,0.33717394,0.4430681,0.32178333,0.44115037,0.015390605
1057,1.0762844,0.4321704,0.5403075,0.37796524,0.5359769,0.05420515
1058,0.71753216,0.36787036,0.4076229,0.31302088,0.30990925,0.054849476
1059,1.2916533,0.5692691,0.6270596,0.46790782,0.6645937,0.101361305
1060,0.87665117,0.34431,0.40141028,0.25836682,0.4752409,0.08594316
1061,2.1530735,0.87688464,1.0493582,0.78402126,1.1037153,0.09286338
1062,0.65419817,0.30956176,0.2949581,0.20319903,0.35924006,0.10636273
1063,1.2529349,0.44410396,0.5827707,0.44277754,0.6701642,0.001326412
1064,0.8944341,0.24229306,0.2993154,0.22147086,0.5951187,0.020822197
1065,1.7815338,0.70342255,0.82947934,0.61670554,0.9520545,0.08671701
1066,1.2085489,0.63935256,0.64780325,0.5067766,0.56074566,0.13257599
1067,0.8569887,0.38946888,0.42737046,0.31455436,0.42961827,0.074914515
1068,0.7741305,0.25188428,0.31624722,0.22400796,0.4578833,0.027876318
1069,0.85652244,0.21642905,0.30957848,0.20437339,0.54694396,0.012055665
1070,0.9689728,0.31259832,0.37632117,0.27526847,0.5926516,0.037329853
1071,0.2210785,0.046276856,0.11951406,0.09088755,0.10156444,-0.04461069
1072,0.88674474,0.27578488,0.39192757,0.27774402,0.49481717,-0.001959145
1073,2.2527945,0.77781063,0.78881776,0.57959414,1.4639767,0.1982165
1074,1.9055473,0.77574134,0.83488,0.6503614,1.0706673,0.12537992
1075,0.48269033,0.1626626,0.21498859,0.14744358,0.26770175,0.015219018
1076,1.764876,0.6420227,0.830231,0.5948788,0.934645,0.047143936
1077,1.6645982,0.65355796,0.7431885,0.5365662,0.9214097,0.11699176
1078,0.4035927,0.19780596,0.18324697,0.13361517,0.22034574,0.06419079
1079,2.397192,0.8414592,0.9550446,0.69915426,1.4421474,0.14230496
1080,2.1449559,0.5338317,0.7429163,0.5195294,1.4020395,0.014302313
1081,1.3088256,0.47396466,0.60292685,0.42399892,0.70589876,0.04996574
1082,0.44690317,0.22362839,0.2556346,0.17824748,0.19126856,0.045380905
1083,0.19022422,0.10365495,0.098878,0.07078709,0.09134621,0.032867864
1084,0.4863374,0.3425565,0.26602834,0.1995799,0.22030905,0.14297661
1085,0.6285825,0.2457164,0.2772561,0.19520108,0.35132638,0.05051531
1086,1.2631665,0.47948438,0.57605726,0.43151617,0.6871093,0.04796821
1087,2.054943,0.57177943,0.710885,0.5229928,1.344058,0.04878664
1088,1.4997518,0.3045319,0.413134,0.2930191,1.0866178,0.011512816
1089,0.48800713,0.32289988,0.23110911,0.15866762,0.25689802,0.16423225
1090,1.67935,0.8927626,0.9654953,0.763274,0.71385473,0.12948859
1091,0.5348513,0.23492247,0.23067996,0.15750289,0.30417135,0.07741958
1092,0.9305361,0.32785997,0.35860494,0.25962472,0.5719311,0.06823525
1093,1.5190864,0.6180117,0.74133456,0.5557782,0.7777518,0.062233508
1094,1.1125803,0.50910443,0.6263168,0.4343494,0.4862635,0.07475504
1095,0.819615,0.2930577,0.4381961,0.2958522,0.3814189,-0.0027945042
1096,0.052359138,0.057728373,0.031164099,0.028008386,0.02119504,0.029719986
1097,1.3286602,0.6008711,0.7809781,0.5746097,0.54768217,0.02626139
1098,1.2772189,0.61850655,0.700611,0.50545126,0.57660794,0.11305529
1099,1.6839455,0.78986335,0.92847663,0.6734163,0.7554689,0.11644703
1100,1.4881715,0.62029433,0.72469944,0.55155885,0.763472,0.06873548
1101,2.3975487,0.86571383,0.99185944,0.73505074,1.4056892,0.1306631
1102,1.2221867,0.39939865,0.4405591,0.33051217,0.7816276,0.06888649
1103,0.9862165,0.3456847,0.47146672,0.33863136,0.51474977,0.0070533454
1104,1.0588969,0.37604725,0.582654,0.3739701,0.4762429,0.0020771623
1105,0.94633764,0.25494888,0.41452035,0.26736182,0.5318173,-0.0124129355
1106,1.1245308,0.40832365,0.5312866,0.38733745,0.5932442,0.0209862
1107,0.74559414,0.24171089,0.27665725,0.18791068,0.4689369,0.05380021
1108,1.1655874,0.5258884,0.553017,0.3968351,0.6125704,0.1290533
1109,2.5655198,0.78027576,1.050565,0.75221443,1.5149548,0.02806133
1110,2.5805142,1.0569751,1.3264796,0.98282033,1.2540346,0.074154794
1111,0.69503707,0.16787994,0.25380805,0.1818898,0.44122902,-0.014009863
1112,1.6872458,0.96917844,1.0746262,0.8189454,0.61261964,0.15023303
1113,0.70719224,0.28681397,0.3862396,0.260325,0.32095265,0.02648896
1114,1.5037088,0.453724,0.61509144,0.3928566,0.8886174,0.0608674
1115,1.7944229,0.70068026,0.814163,0.5703677,0.98025984,0.13031256
1116,1.1683136,0.4411185,0.5649107,0.3966076,0.6034029,0.0445109
1117,0.15368766,0.044673976,0.08402728,0.055128407,0.06966037,-0.010454431
1118,1.1185789,0.32954225,0.5119005,0.34026954,0.6066784,-0.010727286
1119,1.7838911,0.60498446,0.7719631,0.56983757,1.011928,0.035146892
1120,2.0190306,0.61220217,0.7850336,0.554897,1.233997,0.057305157
1121,1.4848436,0.5402239,0.66661143,0.47991118,0.8182322,0.06031272
1122,1.4972264,0.5591527,0.7079526,0.46470833,0.78927374,0.094444394
1123,0.27665254,0.09113914,0.10484551,0.075033315,0.17180704,0.016105823
1124,0.68659556,0.3419911,0.3486635,0.24960205,0.33793205,0.09238905
1125,2.4895828,0.7033313,0.83153594,0.6201769,1.6580468,0.08315438
1126,0.886112,0.21233733,0.3116188,0.2159173,0.57449317,-0.0035799742
1127,0.89995277,0.4096303,0.4242187,0.31404668,0.47573406,0.09558362
1128,1.0802909,0.49713734,0.562619,0.41022283,0.51767194,0.08691451
1129,1.5788277,0.6429088,0.87674654,0.589994,0.7020812,0.0529148
1130,0.5299937,0.23367606,0.27905187,0.20691907,0.25094184,0.026756987
1131,1.4354173,0.6400828,0.64188963,0.47172076,0.79352766,0.16836202
1132,0.6549226,0.27392787,0.19241846,0.13023314,0.46250415,0.14369473
1133,1.4223223,0.5656685,0.6430391,0.46338177,0.77928317,0.102286756
1134,0.6861821,0.2655853,0.39588913,0.27657726,0.29029295,-0.010991961
1135,0.28033185,0.220596,0.17001401,0.12841256,0.11031784,0.09218344
1136,1.2482022,0.45367125,0.5517019,0.38248193,0.6965003,0.071189314
1137,1.7654653,0.6591872,0.7799691,0.5932806,0.98549616,0.065906584
1138,0.11170146,0.1492372,0.06252508,0.042493872,0.04917638,0.10674333
1139,1.2276953,0.37781549,0.45170218,0.3239202,0.77599317,0.053895295
1140,0.80939823,0.35624307,0.43017548,0.27596122,0.37922275,0.08028185
1141,2.2425952,0.6484792,0.803308,0.5611412,1.4392872,0.08733803
1142,2.001458,0.6190011,0.7056667,0.5017487,1.2957911,0.11725241
1143,0.8233901,0.18258879,0.24144837,0.17817202,0.5819417,0.004416764
1144,0.5472246,0.19863136,0.3316219,0.22962081,0.2156027,-0.030989453
1145,0.84714156,0.28972772,0.41224617,0.28166825,0.4348954,0.008059472
1146,0.43564028,0.12642269,0.15114015,0.10111378,0.28450012,0.025308907
1147,1.8608501,0.99185836,1.0240141,0.80103385,0.836836,0.19082451
1148,1.4428047,0.648904,0.73059833,0.56042993,0.71220636,0.088474095
1149,1.1741852,0.5413452,0.5827553,0.44446,0.5914298,0.096885175
1150,1.5740478,0.72874147,0.7905785,0.58758295,0.7834693,0.14115852
1151,1.3919411,0.4581163,0.59496135,0.42647076,0.7969797,0.031645536
1152,0.8302712,0.35558414,0.44793504,0.31806165,0.38233614,0.037522495
1153,1.9948771,0.82119304,0.9062797,0.6909317,1.0885974,0.13026136
1154,1.7709594,0.68066895,0.8023529,0.606448,0.9686065,0.074220955
1155,2.5085337,0.6328145,0.7622298,0.53526384,1.7463039,0.09755069
1156,1.9013525,0.6659513,0.82383186,0.60549206,1.0775206,0.060459256
1157,0.42079943,0.19917046,0.25559363,0.19061644,0.1652058,0.008554012
1158,2.9187045,0.8503358,1.0765253,0.75094,1.8421792,0.09939575
1159,1.2803763,0.5572514,0.5783418,0.4185092,0.70203453,0.13874221
1160,1.0708691,0.5294969,0.6714802,0.5077614,0.3993889,0.02173549
1161,1.4714701,0.6885814,0.7838581,0.58405215,0.687612,0.10452926
1162,1.5371181,0.56607187,0.6657272,0.46917963,0.8713909,0.09689224
1163,3.1593077,0.647832,0.97895205,0.6532284,2.1803555,-0.0053964257
1164,2.3214765,0.7008571,0.8329765,0.61057454,1.4884999,0.09028256
1165,0.5535952,0.108635135,0.16148928,0.10609162,0.3921059,0.0025435165
1166,0.27068296,0.09833028,0.10825547,0.081021376,0.16242748,0.017308906
1167,1.8420782,0.67158556,0.9006449,0.5992673,0.9414333,0.072318256
1168,1.321659,0.46985468,0.56171584,0.42409474,0.7599431,0.045759946
1169,0.56599414,0.3419349,0.3457221,0.23537087,0.22027203,0.106564015
1170,0.62850875,0.15724874,0.17597625,0.12888683,0.4525325,0.028361902
1171,0.17707294,0.21349609,0.11217191,0.07607066,0.06490103,0.13742542
1172,1.206501,0.3660478,0.5260989,0.35922042,0.6804021,0.0068273842
1173,0.34647894,0.09715207,0.19411394,0.121282265,0.152365,-0.024130195
1174,1.200109,0.5077732,0.57561886,0.41713458,0.62449014,0.09063864
1175,0.72900295,0.29323432,0.34915537,0.25492364,0.3798476,0.038310677
1176,1.7152412,0.63516444,0.78458506,0.5838007,0.93065614,0.051363766
1177,1.1372373,0.31942165,0.5013591,0.3271048,0.6358782,-0.007683158
1178,1.9834179,0.79670364,0.86465055,0.6201265,1.1187673,0.17657715
1179,1.984366,0.5003881,0.6168635,0.44529128,1.3675026,0.055096805
1180,0.96682894,0.43118656,0.5314004,0.40566936,0.43542856,0.025517195
1181,1.3028674,0.35962194,0.5228975,0.3878637,0.77996993,-0.028241754
1182,0.5815124,0.21248968,0.32079273,0.22977057,0.26071966,-0.017280892
1183,0.94304127,0.3777476,0.49194384,0.33897504,0.45109743,0.038772553
1184,2.671963,0.7432464,0.9961403,0.68776375,1.6758227,0.055482626
1185,1.5057665,0.52713716,0.6349457,0.42771068,0.8708208,0.09942648
1186,1.9862794,0.6588087,0.8162862,0.56716204,1.1699932,0.09164667
1187,0.87810206,0.34685633,0.53823376,0.38484815,0.3398683,-0.03799182
1188,1.0352715,0.39559177,0.47332248,0.34862378,0.561949,0.046967983
1189,0.74082583,0.3140478,0.42331815,0.29986686,0.31750768,0.014180958
1190,1.1659116,0.43209,0.629278,0.4514103,0.53663355,-0.01932028
1191,1.1308227,0.38717985,0.53774667,0.37793666,0.593076,0.00924319
1192,0.62710845,0.21773283,0.34017834,0.23546152,0.2869301,-0.017728686
1193,1.1011341,0.61283654,0.68232524,0.50184333,0.41880882,0.11099321
1194,2.426816,0.68765336,0.9140552,0.64026487,1.5127608,0.047388494
1195,0.5468032,0.18715052,0.24504533,0.17366889,0.30175784,0.013481632
1196,1.65523,0.5382027,0.63129014,0.45749512,1.0239398,0.08070758
1197,1.471957,0.59937453,0.78745365,0.5654734,0.6845033,0.033901155
1198,0.4219365,0.1245536,0.23411043,0.14941594,0.18782608,-0.024862342
1199,1.2566242,0.516682,0.69833326,0.47283944,0.55829096,0.043842584
1200,1.492131,0.55941224,0.68867135,0.49207887,0.80345964,0.06733337
1201,1.6658527,0.68523365,0.79838943,0.588923,0.86746323,0.096310675
1202,0.6888915,0.36337185,0.35739645,0.251744,0.33149502,0.11162785
1203,2.3964627,0.88504225,0.92743844,0.6853112,1.4690242,0.19973105
1204,0.39478922,0.098853126,0.14102653,0.09204057,0.2537627,0.0068125576
1205,1.0945596,0.57847226,0.6960858,0.52506,0.39847374,0.05341226
1206,1.26988,0.37613449,0.49050626,0.34480962,0.77937376,0.031324863
1207,2.2681231,0.7803833,0.95153034,0.6704136,1.3165928,0.109969676
1208,1.0544822,0.39426303,0.52090776,0.36755607,0.53357446,0.026706964
1209,1.633054,0.68555737,0.7993885,0.57913244,0.8336655,0.10642493
1210,1.3005018,0.54509693,0.62679034,0.4693101,0.6737115,0.07578683
1211,2.1540942,0.7849895,0.8497391,0.6461044,1.3043551,0.13888508
1212,1.8116193,0.84455836,0.8358715,0.6513294,0.97574776,0.19322896
1213,1.9384096,0.68596536,0.82701194,0.60867184,1.1113976,0.077293515
1214,0.7740145,0.4203332,0.40461642,0.32262534,0.36939806,0.09770787
1215,1.0867833,0.49604627,0.5378204,0.39779478,0.5489629,0.09825149
1216,1.3133771,0.5351917,0.61596686,0.44615537,0.6974103,0.089036345
1217,2.8072958,0.7556667,1.0272825,0.713051,1.7800133,0.042615652
1218,3.4408731,0.9096653,1.0228945,0.765974,2.4179788,0.1436913
1219,1.6737591,0.56873405,0.69301283,0.51751703,0.98074627,0.05121702
1220,1.6061295,0.68767726,0.7097948,0.5215375,0.8963347,0.16613978
1221,1.2191715,0.4961515,0.5941017,0.44592682,0.6250698,0.05022469
1222,1.01013,0.3665788,0.553942,0.37515512,0.45618802,-0.0085763335
1223,1.1360362,0.4399695,0.6524416,0.44834083,0.48359454,-0.008371323
1224,2.9297006,1.2484477,1.2994606,0.9849154,1.63024,0.26353228
1225,0.38379464,0.2237154,0.20131557,0.1389555,0.18247907,0.08475989
1226,1.3329974,0.538461,0.6029907,0.4553526,0.73000675,0.083108425
1227,0.9478775,0.2887133,0.40888152,0.29795155,0.538996,-0.009238243
1228,1.8758298,0.90920734,1.0064121,0.7496417,0.86941767,0.15956563
1229,0.5668399,0.18247975,0.21193151,0.1472287,0.35490835,0.03525105
1230,1.0178337,0.3931224,0.5214388,0.39551428,0.49639493,-0.0023918748
1231,1.0432616,0.39686644,0.4845066,0.36572018,0.55875504,0.031146258
1232,1.0927782,0.4606696,0.5147298,0.37769717,0.5780484,0.08297244
1233,0.5538191,0.19389866,0.25259057,0.18299285,0.30122855,0.010905817
1234,1.3446878,0.71990055,0.7946171,0.5912498,0.5500707,0.12865072
1235,1.6340784,0.46977872,0.59411037,0.41228595,1.039968,0.057492763
1236,1.5423045,0.64192206,0.69901526,0.49882832,0.84328926,0.14309373
1237,0.43615556,0.13418016,0.20522554,0.15143149,0.23093002,-0.017251328
1238,1.461492,0.5417905,0.67943376,0.48529178,0.7820582,0.056498706
1239,2.0868473,0.7300021,0.9288766,0.6600107,1.1579707,0.06999141
1240,0.7889834,0.34683436,0.37211347,0.26918492,0.41686994,0.077649444
1241,1.0602399,0.3082214,0.4396967,0.2999782,0.62054324,0.008243203
1242,1.0908519,0.32197034,0.44251537,0.29895306,0.6483365,0.023017287
1243,1.7372887,0.53304136,0.5902373,0.42036232,1.1470513,0.112679034
1244,0.71612835,0.2938272,0.38705242,0.28334102,0.32907593,0.010486186
1245,1.5234874,0.24470559,0.3600062,0.2376637,1.1634812,0.0070418864
1246,1.471853,0.58698493,0.6866822,0.5031753,0.7851708,0.083809614
1247,0.98007315,0.47104356,0.5576313,0.41529822,0.42244184,0.055745333
1248,1.5901258,0.47796926,0.63657963,0.42274627,0.95354617,0.055222988
1249,0.30014312,0.16179684,0.1891741,0.14721961,0.11096902,0.014577225
1250,1.6386873,0.74525565,0.9713004,0.7110488,0.66738683,0.034206867
1251,1.112299,0.32871503,0.33056808,0.23536524,0.7817309,0.093349785
1252,1.754104,0.57484674,0.7983228,0.5221756,0.9557812,0.052671134
1253,1.7047468,0.6323678,0.779397,0.5187918,0.92534983,0.113575995
1254,1.3760803,0.4874412,0.5545858,0.38938487,0.82149446,0.098056346
1255,0.80165714,0.42117724,0.48684603,0.36932993,0.3148111,0.05184731
1256,0.98514664,0.3022249,0.3939926,0.2782206,0.59115404,0.02400431
1257,1.5857663,0.279361,0.43005642,0.30935672,1.1557099,-0.02999571
1258,0.7631215,0.17438862,0.29098088,0.19775495,0.4721406,-0.023366332
1259,0.37101877,0.08253389,0.21060343,0.13251206,0.16041534,-0.049978174
1260,0.7942934,0.2573682,0.34667057,0.24072626,0.44762284,0.016641945
1261,1.9537656,0.7804782,0.7925609,0.5700611,1.1612048,0.21041709
1262,1.3619179,0.5402858,0.69332206,0.48917142,0.6685958,0.05111441
1263,1.3946398,0.41386378,0.49876451,0.36328557,0.89587533,0.050578207
1264,1.0736902,0.30779803,0.4290668,0.30937687,0.6446234,-0.0015788376
1265,0.9849785,0.33057535,0.36840767,0.2785914,0.61657083,0.051983953
1266,1.8855199,0.5981842,0.72409797,0.5009984,1.1614219,0.09718585
1267,1.9834259,0.7712615,0.82754076,0.60494363,1.1558851,0.16631788
1268,0.9682244,0.39643037,0.45753703,0.30411065,0.51068735,0.09231973
1269,1.4236923,0.6018702,0.7146579,0.54015493,0.70903444,0.061715245
1270,1.8146095,0.7449551,0.85885525,0.6419456,0.9557543,0.10300952
1271,0.42652565,0.1681115,0.1963351,0.14420281,0.23019055,0.02390869
1272,0.2458261,0.049010333,0.12057762,0.08202065,0.12524848,-0.033010315
1273,1.6544929,0.8489107,0.93459666,0.72735846,0.7198962,0.12155223
1274,0.8482219,0.2522162,0.3537845,0.2382879,0.4944374,0.013928294
1275,1.6569961,0.6090695,0.67982435,0.5063475,0.9771718,0.10272205
1276,1.5851017,0.72364396,0.84226215,0.61053467,0.7428396,0.11310929
1277,0.262128,0.15590596,0.16207631,0.12131343,0.100051686,0.03459253
1278,1.1509465,0.54478186,0.6252468,0.4470458,0.5256997,0.09773606
1279,1.1814543,0.5021227,0.62978804,0.44910306,0.55166626,0.053019643
1280,0.82728726,0.30480677,0.41587624,0.30547214,0.41141102,-0.00066536665
1281,1.8986127,0.6856293,0.8120357,0.58742535,1.086577,0.09820396
1282,2.6111073,0.544015,0.7557528,0.5288873,1.8553545,0.015127718
1283,1.012131,0.38939923,0.4717362,0.33999294,0.5403948,0.04940629
1284,1.9774126,0.6247404,0.76598465,0.54890835,1.2114279,0.07583207
1285,0.9385793,0.3059763,0.45273218,0.32077634,0.48584715,-0.014800042
1286,0.6169776,0.24008702,0.31039044,0.22895089,0.30658713,0.0111361295
1287,1.4738855,0.5922008,0.7601454,0.5552856,0.7137401,0.036915243
1288,0.8663315,0.2858351,0.39173305,0.26292938,0.47459847,0.022905707
1289,1.4287132,0.592935,0.69715875,0.47617167,0.73155445,0.11676335
1290,0.41827384,0.18092309,0.18468913,0.12475918,0.2335847,0.056163907
1291,0.70698684,0.32012928,0.42108816,0.3072501,0.2858987,0.012879163
1292,2.096093,0.5613459,0.70911396,0.5168893,1.386979,0.0444566
1293,0.69454294,0.26664445,0.36260995,0.25040942,0.331933,0.016235024
1294,0.764151,0.40583542,0.4248845,0.2871419,0.33926648,0.11869353
1295,1.9167075,0.52818155,0.65934914,0.47697288,1.2573583,0.051208675
1296,0.69430804,0.23286512,0.3103684,0.22204018,0.38393965,0.010824949
1297,0.39067766,0.09168746,0.17059037,0.1148027,0.22008729,-0.02311524
1298,1.7384131,0.7650959,0.8810132,0.6635886,0.8573999,0.101507306
1299,0.72312677,0.24901135,0.2762645,0.19038942,0.44686228,0.058621928
1300,1.3711003,0.54201764,0.6343428,0.43570858,0.7367575,0.10630906
1301,1.8764908,0.7111079,0.8098151,0.62477833,1.0666757,0.08632958
1302,1.0593956,0.45363018,0.52610904,0.40224457,0.5332865,0.05138561
1303,1.0374289,0.5000746,0.55845773,0.410808,0.47897112,0.08926663
1304,0.77627504,0.29531488,0.34356177,0.2410818,0.43271327,0.054233074
1305,1.7214327,0.5267348,0.62916774,0.4546426,1.0922649,0.072092235
1306,2.1073463,0.71592474,0.8938421,0.65045536,1.2135042,0.065469384
1307,0.8880024,0.31648058,0.39724213,0.2970839,0.49076027,0.019396663
1308,0.7747067,0.28424314,0.38177413,0.27837,0.3929326,0.0058731437
1309,0.85588604,0.32135692,0.40986076,0.29796162,0.44602528,0.0233953
1310,1.2096817,0.56068397,0.727569,0.5249096,0.48211277,0.03577435
1311,0.99688786,0.34896082,0.46186852,0.33673006,0.53501934,0.012230754
1312,1.1693498,0.3081352,0.41446438,0.29815805,0.75488544,0.009977162
1313,1.651647,0.60184014,0.69460225,0.5004152,0.9570447,0.10142493
1314,1.0382239,0.34825537,0.3930142,0.2859912,0.64520967,0.062264174
1315,1.6762102,0.83719206,0.9062611,0.68669474,0.7699491,0.15049732
1316,0.83712906,0.36161834,0.46471834,0.3507888,0.3724107,0.010829538
1317,1.6415876,0.5835436,0.66461504,0.49522743,0.9769726,0.08831617
1318,0.6361435,0.14480212,0.18223858,0.12708387,0.45390493,0.017718256
1319,1.3268863,0.39113343,0.5949341,0.41257334,0.7319522,-0.02143991
1320,1.0143634,0.514075,0.5080856,0.37979156,0.5062778,0.13428342
1321,1.302248,0.5442341,0.5580553,0.42471236,0.7441927,0.11952174
1322,1.2373842,0.54869145,0.609008,0.4403565,0.6283762,0.10833496
1323,0.84127605,0.15641166,0.32287878,0.19526213,0.5183973,-0.03885047
1324,2.1370513,0.76794004,0.85577995,0.6532112,1.2812715,0.11472887
1325,2.0368223,0.5780595,0.6538485,0.48454958,1.3829738,0.09350991
1326,2.3395243,0.8881009,0.96592414,0.7045492,1.3736001,0.18355173
1327,0.27577674,0.0029763882,0.111301705,0.059002828,0.16447504,-0.05602644
1328,0.96257174,0.26676235,0.40056306,0.27428204,0.5620087,-0.007519692
1329,1.1312025,0.41623533,0.51066864,0.36137888,0.6205338,0.05485645
1330,1.8029768,0.68977153,0.80448854,0.5677681,0.9984883,0.122003436
1331,0.71466035,0.21316558,0.2895687,0.20657341,0.42509165,0.0065921694
1332,1.2165471,0.48887408,0.5872311,0.410082,0.62931603,0.078792065
1333,1.1637294,0.4637354,0.50614417,0.36457416,0.65758526,0.09916124
1334,0.29955778,0.08872674,0.17926672,0.1278809,0.120291054,-0.039154164
1335,1.5731426,0.44820794,0.6333525,0.43227687,0.9397901,0.01593107
1336,1.2257675,0.3804775,0.4587267,0.3267427,0.7670408,0.05373478
1337,1.4568722,0.5370314,0.6818102,0.49163657,0.775062,0.045394838
1338,1.4520067,0.70028245,0.80439395,0.6145057,0.64761275,0.085776746
1339,1.2317437,0.46564835,0.5473558,0.39342156,0.6843879,0.07222679
1340,2.2282174,0.85237545,0.9540327,0.69815654,1.2741847,0.15421891
1341,0.69330823,0.25945517,0.30697665,0.22035904,0.3863316,0.039096132
1342,2.437516,0.73849154,0.9705329,0.6880099,1.4669831,0.050481617
1343,2.4264855,0.7420267,0.98094976,0.7007712,1.4455358,0.041255474
1344,0.50218344,0.15474795,0.16646025,0.12162559,0.3357232,0.03312236
1345,0.8185974,0.34552717,0.37853327,0.2592271,0.4400641,0.086300075
1346,1.9569083,0.87534386,1.1978507,0.8709594,0.75905764,0.004384458
1347,0.7682715,0.30292237,0.3634003,0.28043994,0.4048712,0.022482425
1348,2.0130465,0.8082721,0.92035437,0.66714114,1.0926921,0.14113098
1349,1.1875423,0.4674555,0.56317985,0.393234,0.62436247,0.07422149
1350,0.64916795,0.35957196,0.4201405,0.31920624,0.22902745,0.040365726
1351,1.5859067,0.45062274,0.6496922,0.44495732,0.93621457,0.0056654215
1352,1.6374588,0.53901505,0.6856283,0.49612626,0.9518305,0.04288879
1353,0.7930883,0.34006277,0.39088914,0.29099116,0.40219918,0.04907161
1354,0.624959,0.2861071,0.31108835,0.21668991,0.31387064,0.06941718
1355,3.5974922,0.81076974,0.9337576,0.65649164,2.6637347,0.1542781
1356,0.40569562,0.1028289,0.21554835,0.1570633,0.19014727,-0.054234408
1357,0.6171183,0.27083865,0.3293179,0.2541771,0.2878004,0.016661555
1358,1.1328326,0.39681235,0.5085542,0.3561067,0.6242784,0.04070565
1359,1.8587943,0.56988305,0.794083,0.5620082,1.0647113,0.007874846
1360,0.46346685,0.20394528,0.2760439,0.20673743,0.18742296,-0.0027921498
1361,1.1874827,0.36623675,0.4860619,0.32129937,0.7014208,0.044937372
1362,1.9356422,0.63503426,0.7300961,0.54079944,1.2055461,0.094234824
1363,1.9323682,0.6789342,0.9613699,0.606287,0.9709983,0.072647214
1364,2.5915608,0.71121895,0.8567995,0.61716235,1.7347614,0.09405661
1365,1.0368683,0.44265085,0.5509795,0.37797284,0.48588884,0.06467801
1366,0.6567677,0.28264755,0.31690186,0.24354199,0.33986586,0.039105564
1367,0.16433965,0.017095765,0.07930646,0.06199559,0.085033186,-0.04489982
1368,0.4763315,0.16754258,0.20940366,0.14925963,0.26692784,0.01828295
1369,2.4083083,0.6764914,0.8881947,0.62144727,1.5201136,0.055044115
1370,2.3388274,0.82947886,0.929183,0.6721655,1.4096444,0.15731335
1371,0.46409768,0.16422048,0.27949458,0.1894435,0.1846031,-0.025223017
1372,1.3406811,0.44504765,0.5851809,0.41021672,0.7555002,0.034830928
1373,1.7012149,0.8416015,0.85658896,0.6625823,0.84462595,0.17901921
1374,0.9851156,0.312757,0.41960377,0.29847872,0.5655118,0.014278263
1375,1.1882033,0.5525827,0.52274895,0.38073903,0.6654544,0.17184365
1376,0.53196186,0.25872546,0.2918441,0.22953925,0.24011776,0.029186219
1377,2.095569,0.81577367,0.88056076,0.66756034,1.2150081,0.14821333
1378,0.3451447,0.17025961,0.17993063,0.13496833,0.16521406,0.035291284
1379,1.8114433,0.751446,0.8976245,0.67606604,0.91381884,0.07537997
1380,1.4668765,0.5557052,0.69707316,0.51598716,0.76980335,0.039718032
1381,0.20272039,0.0999192,0.111223996,0.080808,0.09149639,0.019111201
1382,1.444233,0.3542279,0.37836125,0.23729937,1.0658717,0.11692853
1383,0.4035597,0.18963002,0.19600838,0.13979836,0.20755133,0.04983166
1384,1.9360305,0.6043258,0.7918765,0.5788908,1.1441541,0.02543497
1385,2.632522,0.9046088,1.0336639,0.73732525,1.5988582,0.16728354
1386,3.2646267,0.81651247,1.0518696,0.7243992,2.212757,0.09211326
1387,0.28019148,0.15239987,0.14691098,0.11067899,0.1332805,0.041720875
1388,0.7769926,0.2451574,0.41570058,0.28064302,0.36129203,-0.03548561
1389,1.6261622,0.5861545,0.6792589,0.4754552,0.9469033,0.110699326
1390,1.6082755,0.6541235,0.74776876,0.5544602,0.8605068,0.09966326
1391,1.6154716,0.78749317,0.9411775,0.7015782,0.6742941,0.08591497
1392,1.5168569,0.7414914,0.8503558,0.6291386,0.6665011,0.11235279
1393,0.7522122,0.30157632,0.38137436,0.29122868,0.37083787,0.010347635
1394,1.3962578,0.39186615,0.53523433,0.37487933,0.8610234,0.016986817
1395,0.9054131,0.4814435,0.5170063,0.39999083,0.3884068,0.08145267
1396,2.208116,0.5833322,0.7775378,0.54693526,1.4305782,0.03639692
1397,1.2364428,0.51853204,0.57319564,0.42336592,0.66324717,0.09516612
1398,0.67152977,0.25895292,0.32345477,0.24112257,0.348075,0.017830342
1399,1.0633298,0.32139787,0.41252416,0.30303127,0.65080565,0.018366605
1400,1.135143,0.6981983,0.70640814,0.56141686,0.4287349,0.13678145
1401,0.35094443,0.1948002,0.24024586,0.19456044,0.110698566,0.00023975968
1402,2.1315632,0.6605383,0.8504591,0.63897794,1.2811041,0.02156037
1403,1.5829117,0.60806316,0.7098541,0.52440494,0.8730576,0.08365822
1404,2.6713188,0.9455174,1.0474148,0.80872935,1.623904,0.13678807
1405,1.6343477,0.59352607,0.74358684,0.5402194,0.89076084,0.05330664
1406,0.77310616,0.36012727,0.41401404,0.29520708,0.35909212,0.06492019
1407,1.3544668,0.5346727,0.70798767,0.51086277,0.6464791,0.02380991
1408,2.0032816,0.608098,0.7412208,0.5175889,1.2620609,0.09050906
1409,1.1885171,0.4045261,0.45143157,0.3349777,0.7370855,0.06954843
1410,1.8788583,0.6524358,0.75606024,0.5168675,1.1227981,0.13556826
1411,1.3810875,0.3850544,0.5621247,0.39538947,0.8189628,-0.010335058
1412,0.77756155,0.2640982,0.35780945,0.2528625,0.4197521,0.011235684
1413,1.654672,0.5489092,0.7420235,0.5106031,0.9126485,0.038306117
1414,1.0099568,0.35343155,0.39300233,0.28203785,0.6169545,0.0713937
1415,3.0721185,0.80014473,0.9094898,0.6625959,2.1626287,0.1375488
1416,0.3813537,0.16700101,0.16240785,0.12887987,0.21894586,0.038121134
1417,1.0226941,0.3354767,0.48921627,0.34527797,0.53347784,-0.009801269
1418,0.20722905,0.0897242,0.102206826,0.07864666,0.10502222,0.011077538
1419,0.5228557,0.18815993,0.24179704,0.17014125,0.28105867,0.018018678
1420,1.6145436,0.6827149,0.91473675,0.6445397,0.6998068,0.038175166
1421,0.86917126,0.35220745,0.47368437,0.36167544,0.3954869,-0.009467989
1422,1.403554,0.5346605,0.5849571,0.45132595,0.81859684,0.083334565
1423,1.4625543,0.48016593,0.6818601,0.47710633,0.78069425,0.0030595958
1424,1.4816654,0.44685492,0.61313283,0.4207366,0.86853254,0.026118308
1425,0.56100106,0.3502762,0.26970965,0.17343388,0.29129142,0.17684232
1426,0.9303821,0.3245264,0.49132332,0.33037072,0.43905875,-0.005844325
1427,1.3804512,0.44389343,0.60821134,0.43959817,0.77223986,0.0042952597
1428,0.93532,0.35692424,0.4580384,0.33783394,0.47728163,0.019090295
1429,1.4171214,0.54992366,0.6144866,0.45009956,0.80263484,0.0998241
1430,1.0147167,0.4093196,0.49672756,0.37835068,0.51798916,0.030968934
1431,1.4426377,0.5512348,0.6541596,0.47088233,0.7884781,0.080352455
1432,0.9121819,0.47405082,0.49129814,0.36565146,0.42088377,0.10839936
1433,1.790802,0.7031476,0.82046115,0.588262,0.97034085,0.11488557
1434,1.0252149,0.3691453,0.45813745,0.30832353,0.56707746,0.06082177
1435,1.5837021,0.51238483,0.6452987,0.45315146,0.93840337,0.059233367
1436,1.0208601,0.35153,0.47426277,0.32609218,0.5465973,0.025437802
1437,1.3692068,0.53860605,0.7106655,0.51150763,0.65854126,0.027098417
1438,2.0195847,0.6190945,0.81144047,0.58457327,1.2081442,0.034521222
1439,0.13267411,0.1504028,0.082035825,0.0633154,0.05063829,0.0870874
1440,1.8541981,0.66848665,0.7963299,0.5966891,1.0578682,0.07179755
1441,2.219688,0.64406747,0.8327217,0.5701992,1.3869662,0.073868275
1442,0.4622088,0.1655106,0.19420096,0.14668614,0.26800784,0.018824458
1443,0.37827256,0.16921002,0.20219178,0.14755476,0.17608078,0.021655262
1444,0.7877641,0.41888776,0.5001958,0.3890896,0.28756827,0.02979815
1445,0.5196724,0.22560057,0.34264454,0.23856084,0.17702785,-0.01296027
1446,1.8056842,0.6217757,0.81869507,0.5598586,0.98698914,0.061917067
1447,1.7712253,0.54229796,0.6897844,0.5010881,1.0814409,0.041209877
1448,0.030129522,0.16735592,0.04294207,0.021144975,-0.012812547,0.14621095
1449,1.6358969,0.7971012,0.8650057,0.64482176,0.77089125,0.15227944
1450,1.3043909,0.5325064,0.6875766,0.4987378,0.6168143,0.033768594
1451,1.7310647,0.73385566,0.82301295,0.60753036,0.9080517,0.12632531
1452,1.447137,0.59542656,0.64316857,0.4663519,0.8039684,0.12907466
1453,1.6268024,0.7055227,0.8783991,0.61159843,0.7484034,0.093924284
1454,1.7505667,0.5986244,0.7144879,0.5409528,1.0360788,0.057671607
1455,0.4306539,0.2504326,0.2408667,0.1640493,0.1897872,0.08638331
1456,0.6654579,0.35463795,0.35623866,0.26354736,0.30921924,0.09109059
1457,1.2875044,0.58800536,0.66384184,0.5007707,0.6236626,0.087234676
1458,0.4824632,0.29329783,0.30307594,0.20874457,0.17938727,0.08455326
1459,0.41228452,0.20787244,0.23525994,0.17955749,0.17702459,0.028314948
1460,1.6356423,0.6227018,0.78233296,0.58003265,0.85330933,0.042669177
1461,1.1241541,0.27233377,0.38277283,0.2738902,0.7413813,-0.0015564263
1462,2.3985438,0.8192271,0.96248114,0.71913666,1.4360627,0.100090444
1463,1.7268513,0.54675263,0.6697723,0.49302548,1.0570791,0.05372715
1464,1.6108911,0.5154777,0.64761513,0.45640212,0.96327597,0.059075594
1465,0.57717115,0.33808798,0.28026915,0.19420233,0.296902,0.14388564
1466,2.0427625,0.5886473,0.785538,0.55248445,1.2572246,0.036162853
1467,2.1107814,0.65261674,0.73229265,0.5210012,1.3784888,0.13161552
1468,0.36738122,0.060918123,0.19506803,0.12881705,0.17231318,-0.06789893
1469,0.62652767,0.27863723,0.30035502,0.198037,0.32617265,0.08060023
1470,1.0449207,0.2990796,0.5694753,0.36904523,0.4754454,-0.06996563
1471,0.7808413,0.30744582,0.39951953,0.29664227,0.38132176,0.0108035505
1472,1.0493379,0.43008816,0.54433477,0.36730942,0.5050031,0.06277874
1473,2.8872437,0.76907426,0.9976772,0.6849092,1.8895665,0.08416504
1474,0.64131874,0.21048184,0.25254196,0.18139997,0.38877678,0.029081866
1475,2.2469792,0.6489352,0.79996985,0.58035004,1.4470093,0.06858516
1476,2.412923,0.5544193,0.804436,0.551504,1.6084871,0.0029152632
1477,0.17667432,0.18364374,0.10601358,0.07525835,0.07066074,0.10838539
1478,1.1038235,0.33966124,0.55782074,0.3561893,0.5460028,-0.01652807
1479,1.7165412,0.5827589,0.7177742,0.5373508,0.99876696,0.04540813
1480,0.95111734,0.37050754,0.42760986,0.29990312,0.5235075,0.070604414
1481,0.9795525,0.4344336,0.4902219,0.3774184,0.48933062,0.05701521
1482,1.671243,0.57291234,0.74670106,0.5046265,0.9245419,0.06828582
1483,1.8039987,0.61886597,0.7066823,0.5264658,1.0973164,0.09240019
1484,0.44414464,0.27863127,0.24258947,0.16452087,0.20155516,0.114110395
1485,0.9983737,0.36699277,0.41897145,0.2785099,0.5794022,0.08848286
1486,1.3149216,0.3941066,0.511975,0.36091375,0.8029466,0.033192843
1487,1.4835869,0.51746297,0.6830156,0.46170598,0.8005713,0.055756986
1488,1.015134,0.41457897,0.5528022,0.3803537,0.46233177,0.034225285
1489,1.3802145,0.6068051,0.6737032,0.45559597,0.70651126,0.15120912
1490,0.47044355,0.20068158,0.22718482,0.16961253,0.24325873,0.031069055
1491,0.7650897,0.3999795,0.41882783,0.30917907,0.34626186,0.090800434
1492,1.4146438,0.49517417,0.59780115,0.4197672,0.8168426,0.07540697
1493,0.5329962,0.12083478,0.16682892,0.11438229,0.36616725,0.0064524934
1494,0.56739026,0.11683423,0.1697751,0.12026694,0.39761516,-0.003432706
1495,1.3662275,0.46773213,0.6292386,0.4534267,0.7369889,0.014305443
1496,1.7299188,0.6961793,0.7988388,0.54592896,0.93108004,0.15025032
1497,0.770776,0.31239003,0.4505465,0.31732434,0.32022947,-0.004934311
1498,1.1286654,0.4521172,0.560389,0.3925407,0.56827646,0.05957651
1499,1.5723498,0.6375662,0.81110126,0.58258617,0.7612485,0.05498004
1500,1.1394815,0.3546686,0.44659528,0.30951852,0.69288623,0.04515007
1501,1.1979533,0.52552396,0.63887554,0.46584463,0.5590778,0.05967933
1502,1.2764636,0.40872017,0.50539005,0.37361085,0.7710736,0.03510931
1503,1.378834,0.67032933,0.7847635,0.6037203,0.5940705,0.066609025
1504,1.3340983,0.52128124,0.67296803,0.47470242,0.6611303,0.046578825
1505,0.6400879,0.27808738,0.3117258,0.23225708,0.3283621,0.045830294
1506,1.017141,0.2483571,0.34275746,0.24103102,0.6743835,0.0073260814
1507,2.199713,0.64423525,0.73689795,0.5334196,1.462815,0.110815644
1508,1.2916774,0.55649936,0.6291786,0.4657015,0.6624988,0.09079787
1509,1.5660931,0.56426054,0.70483094,0.5001272,0.86126214,0.064133346
1510,0.5275347,0.23338762,0.25613078,0.19059761,0.27140394,0.04279001
1511,1.2985971,0.43693957,0.6033703,0.44486484,0.6952268,-0.007925272
1512,2.036337,0.67538846,0.8549557,0.5943716,1.1813812,0.08101684
1513,0.62051535,0.26660624,0.34278256,0.21862772,0.2777328,0.04797852
1514,1.8494234,0.66774327,0.73309636,0.5296767,1.116327,0.13806659
1515,0.6189877,0.20297664,0.2316856,0.16469312,0.3873021,0.038283527
1516,2.5461638,0.88693666,1.1176805,0.8506745,1.4284832,0.036262155
1517,1.2070858,0.50686115,0.54918635,0.42088252,0.6578995,0.08597863
1518,2.395064,0.76265997,0.8308015,0.5966203,1.5642626,0.16603965
1519,0.75680894,0.30086198,0.37610784,0.27682188,0.3807011,0.024040103
1520,1.8635315,0.56994593,0.75002515,0.52901167,1.1135063,0.040934265
1521,1.7095424,0.69537634,0.80171394,0.58275896,0.90782845,0.11261737
1522,1.5286785,0.5543882,0.7812669,0.5728802,0.7474116,-0.018491983
1523,1.3958012,0.5197847,0.55357265,0.40454477,0.84222853,0.11523992
1524,2.2028334,0.63988715,0.8274461,0.5822541,1.3753873,0.057633042
1525,2.2132204,0.76786125,0.8932282,0.6738724,1.3199922,0.093988836
1526,1.5075226,0.5209825,0.62185776,0.45779523,0.8856648,0.06318727
1527,1.709889,0.5503129,0.6808058,0.49874768,1.0290833,0.0515652
1528,1.2228813,0.3447185,0.4344144,0.32007015,0.78846693,0.024648339
1529,1.2892958,0.49395767,0.60464656,0.4439447,0.6846492,0.050012976
1530,0.48992917,0.173998,0.26150393,0.18254177,0.22842523,-0.0085437745
1531,1.2706462,0.36647242,0.49901128,0.35089022,0.77163494,0.015582204
1532,1.64629,0.62798184,0.6703102,0.49614483,0.97597975,0.13183701
1533,0.6710914,0.34670046,0.36973208,0.27105868,0.3013593,0.07564178
1534,1.1123074,0.3480804,0.5272597,0.36533505,0.5850477,-0.01725465
1535,0.64664155,0.24981688,0.30612,0.2266608,0.34052154,0.023156077
1536,1.2047703,0.49318272,0.64747655,0.4388589,0.5572938,0.054323822
1537,1.5531621,0.60941064,0.7649794,0.56382686,0.7881827,0.045583785
1538,1.5385298,0.46899688,0.5869042,0.41732258,0.9516255,0.051674306
1539,1.3976579,0.5146241,0.6506044,0.46437588,0.74705344,0.050248235
1540,1.8499141,0.6073297,0.65756303,0.47028112,1.1923511,0.1370486
1541,2.1273744,0.6014297,0.8004305,0.54573476,1.3269439,0.055694938
1542,0.89197266,0.25202015,0.33473167,0.22203171,0.55724096,0.029988438
1543,1.6334902,0.63201636,0.70210433,0.5179442,0.9313859,0.114072144
1544,1.7415365,0.52904785,0.73273915,0.49606475,1.0087974,0.032983094
1545,1.1367615,0.37096137,0.4220695,0.30306253,0.71469206,0.06789884
1546,1.486348,0.38800207,0.5384942,0.36934465,0.9478538,0.018657416
1547,2.0319524,0.4591391,0.6738343,0.46364897,1.358118,-0.0045098662
1548,0.39126325,0.14015202,0.1531115,0.11826497,0.23815174,0.02188705
1549,0.94587445,0.4004948,0.54208666,0.40331802,0.4037878,-0.0028232038
1550,1.1201205,0.2725634,0.3902722,0.27632326,0.7298483,-0.003759861
1551,1.0428368,0.3493629,0.35753766,0.2590356,0.68529916,0.09032732
1552,0.7648898,0.36289468,0.3662457,0.24623457,0.3986441,0.11666012
1553,2.7721975,0.8880206,1.1262994,0.788454,1.6458981,0.09956658
1554,0.5930348,0.21999778,0.25536674,0.19030696,0.33766806,0.029690817
1555,0.8934475,0.18850675,0.23757958,0.17124608,0.65586793,0.01726067
1556,1.1291894,0.35833558,0.5250257,0.36702195,0.60416365,-0.008686364
1557,0.044503964,0.0634714,0.029883334,0.025227329,0.01462063,0.03824407
1558,1.3665298,0.7384914,0.83142126,0.62303746,0.53510857,0.11545396
1559,1.2790319,0.6202085,0.6664946,0.48290262,0.61253726,0.13730589
1560,0.35449588,0.23440988,0.15657581,0.1121243,0.19792007,0.12228558
1561,0.68087524,0.40085116,0.3778159,0.28708813,0.30305934,0.113763034
1562,0.84325635,0.37181622,0.39751482,0.30016166,0.44574153,0.07165456
1563,0.68653846,0.27301243,0.36089167,0.26513246,0.3256468,0.007879972
1564,0.29110846,0.03930633,0.10555444,0.07651852,0.18555403,-0.03721219
1565,2.6144288,1.0144187,1.0369178,0.76303816,1.577511,0.25138056
1566,1.5175323,0.60047543,0.8100106,0.6089877,0.70752174,-0.0085122585
1567,1.5908654,0.56074935,0.7387218,0.5005599,0.8521436,0.060189426
1568,0.6572014,0.25989878,0.3827122,0.28387636,0.27448922,-0.023977578
1569,1.3622698,0.5518661,0.6181099,0.42108136,0.7441599,0.13078475
1570,1.4354277,0.58778113,0.6470966,0.46674854,0.7883311,0.121032596
1571,0.76115537,0.22599068,0.2764902,0.19768512,0.48466516,0.02830556
1572,1.316494,0.35603255,0.44353884,0.31623182,0.87295514,0.039800733
1573,0.16116706,0.031177761,0.095045984,0.060640983,0.06612107,-0.029463222
1574,1.020707,0.40009794,0.44011188,0.3090481,0.58059514,0.09104985
1575,1.9765842,0.7544658,0.90800124,0.6692421,1.068583,0.085223734
1576,2.5774384,0.6031158,0.8028981,0.602045,1.7745402,0.0010707974
1577,1.3741497,0.401827,0.54504555,0.38592994,0.8291041,0.015897065
1578,3.6069844,0.78232783,0.89570075,0.6474212,2.7112837,0.13490665
1579,0.88273764,0.39824113,0.4962574,0.3735394,0.38648024,0.024701744
1580,1.2378612,0.49129757,0.5898976,0.41163284,0.6479636,0.07966474
1581,0.42630696,0.19767864,0.24167156,0.17934771,0.1846354,0.018330932
1582,1.4229019,0.4539271,0.596328,0.41592684,0.82657385,0.038000256
1583,1.0859746,0.4605992,0.50444543,0.3677218,0.58152914,0.09287742
1584,1.4468755,0.5705512,0.7288827,0.5009944,0.7179928,0.06955683
1585,1.5108426,0.7487129,0.7697996,0.59358346,0.741043,0.15512943
1586,1.8770123,0.7433538,0.84507895,0.6328199,1.0319333,0.11053389
1587,0.536314,0.21400486,0.27104932,0.18800381,0.2652647,0.026001051
1588,1.6525576,0.50688976,0.62388813,0.45073098,1.0286695,0.05615878
1589,0.51217484,0.22601588,0.26239067,0.19770996,0.24978417,0.028305918
1590,0.31867355,0.08431193,0.16095743,0.11652291,0.15771613,-0.032210976
1591,1.8436506,0.60738087,0.7010386,0.48354873,1.142612,0.12383214
1592,0.760047,0.26515612,0.3867463,0.2722233,0.37330073,-0.0070671737
1593,0.85718995,0.38560763,0.46213946,0.33376527,0.3950505,0.05184236
1594,1.4939599,0.7455364,0.8217972,0.6256946,0.6721627,0.119841814
1595,2.2737775,0.6314241,0.78425753,0.5627881,1.48952,0.068636
1596,0.9668807,0.40195972,0.45657286,0.32642055,0.5103078,0.07553917
1597,2.0980055,0.8500903,0.9694045,0.72656405,1.1286011,0.123526275
1598,1.5180167,0.6118219,0.7518622,0.5489569,0.76615447,0.06286502
1599,1.8818264,0.59740806,0.7197401,0.53757477,1.1620862,0.05983329
1600,2.128099,0.6297725,0.9093889,0.63991773,1.2187101,-0.010145247
1601,1.7770834,0.56034255,0.6546103,0.4680442,1.1224731,0.09229836
1602,0.7296657,0.22817159,0.25448203,0.19429077,0.47518367,0.033880815
1603,2.7149303,0.8233961,0.8341557,0.6173124,1.8807746,0.20608371
1604,1.788368,0.57949907,0.7616213,0.5306014,1.0267467,0.048897684
1605,1.6796235,0.5145993,0.6263014,0.46891388,1.0533221,0.04568544
1606,1.0729672,0.5547123,0.6248227,0.46280614,0.4481445,0.09190616
1607,0.9358222,0.40973538,0.43891644,0.30097216,0.49690574,0.10876322
1608,1.2772647,0.57281524,0.6565156,0.51050025,0.6207491,0.062314987
1609,1.2525636,0.6225447,0.7849263,0.5779767,0.4676373,0.044568002
1610,1.4360374,0.6908182,0.90525115,0.6176704,0.5307863,0.073147774
1611,0.33945507,0.16960286,0.17194715,0.13396095,0.16750792,0.03564191
1612,0.20972471,0.06589837,0.13433173,0.088916115,0.07539298,-0.023017742
1613,2.5886185,0.87685,1.0563219,0.75812155,1.5322967,0.11872846
1614,0.8000311,0.41203928,0.4401318,0.30703777,0.3598993,0.10500151
1615,1.3075075,0.44468644,0.51449764,0.38105732,0.7930099,0.06362912
1616,1.8115718,0.5059789,0.6621386,0.4698564,1.1494333,0.03612247
1617,0.8240103,0.3497592,0.42155257,0.3234075,0.40245774,0.02635169
1618,1.561687,0.5391791,0.62512475,0.46082836,0.93656224,0.07835072
1619,2.363098,0.75107294,0.8756229,0.64076716,1.4874749,0.110305786
1620,2.1194794,0.82990927,0.96235067,0.74591446,1.1571288,0.083994806
1621,1.7706405,0.7092595,0.79802895,0.58466494,0.97261155,0.12459457
1622,2.0489998,0.7781309,0.87707025,0.6338259,1.1719296,0.14430499
1623,1.601233,0.60302144,0.69052076,0.5299716,0.91071224,0.07304984
1624,1.0763981,0.585344,0.56839895,0.42037734,0.5079992,0.16496667
1625,0.91348946,0.3921218,0.49104762,0.35515323,0.42244184,0.03696856
1626,0.40431634,0.13071461,0.1912664,0.13528226,0.21304993,-0.004567653
1627,1.8406818,0.11469442,0.21341722,0.13469893,1.6272646,-0.02000451
1628,0.34190914,0.08195484,0.18490063,0.13480732,0.15700851,-0.05285248
1629,1.7889967,0.6980693,0.8323534,0.614933,0.9566433,0.08313626
1630,1.5251874,0.6651125,0.7533228,0.53996056,0.7718646,0.12515193
1631,0.7342038,0.2833207,0.3299191,0.2415987,0.40428472,0.041722
1632,0.7996604,0.30979568,0.3844162,0.28177762,0.4152442,0.028018057
1633,1.1184517,0.0423466,0.1435493,0.09393891,0.9749024,-0.05159231
1634,0.57731634,0.3861179,0.35715204,0.2575547,0.2201643,0.1285632
1635,0.61472034,0.3187824,0.37452197,0.2843183,0.24019837,0.03446409
1636,2.030759,0.57793826,0.7516125,0.5647208,1.2791467,0.013217449
1637,0.7593575,0.35953176,0.39645138,0.2905318,0.36290613,0.068999946
1638,1.2165798,0.43627414,0.5139011,0.38332325,0.7026787,0.05295089
1639,1.5537044,0.6221593,0.7060343,0.5338494,0.8476701,0.088309884
1640,1.5411198,0.62862015,0.7874964,0.5789742,0.7536234,0.04964596
1641,0.7342333,0.26396966,0.3474308,0.24390328,0.38680252,0.02006638
1642,1.9460837,0.611549,0.7530702,0.5393659,1.1930134,0.07218313
1643,1.0007312,0.16472326,0.27959937,0.18876795,0.72113186,-0.024044693
1644,1.2777041,0.4629817,0.5557671,0.3868073,0.721937,0.07617441
1645,1.0610409,0.500447,0.52662426,0.3960438,0.5344166,0.10440317
1646,0.36686411,0.08174163,0.15984623,0.10986765,0.20701788,-0.028126016
1647,0.7570225,0.2759451,0.34634036,0.25538197,0.41068214,0.020563126
1648,0.3907918,0.14441364,0.18965243,0.13936476,0.20113938,0.005048871
1649,0.36695942,0.1421237,0.1934309,0.1337128,0.17352852,0.008410901
1650,2.2875028,0.7956987,0.9734758,0.68300784,1.314027,0.112690866
1651,0.88581395,0.30387354,0.41563535,0.29215282,0.4701786,0.011720717
1652,2.1152823,0.81137776,0.95810497,0.6823546,1.1571773,0.12902313
1653,1.0377849,0.4974864,0.6073939,0.48220652,0.430391,0.015279889
1654,1.4437746,0.6737646,0.8957224,0.63793766,0.5480522,0.03582692
1655,1.7752433,0.51622385,0.67760587,0.49095282,1.0976374,0.025271028
1656,1.6777351,0.53620106,0.74384534,0.5335739,0.93388975,0.0026271343
1657,1.9368508,0.65059423,0.81232864,0.59312236,1.1245222,0.05747187
1658,1.7210491,0.66989756,0.8568557,0.5797555,0.8641934,0.09014207
1659,0.796799,0.279064,0.35505438,0.26109695,0.44174463,0.017967045
1660,1.606756,0.37306258,0.46797433,0.35333082,1.1387817,0.01973176
1661,2.0692608,0.7433338,0.8081436,0.6028104,1.2611172,0.14052343
1662,1.9522234,0.7347959,0.8392005,0.6271789,1.1130229,0.10761702
1663,1.7772534,0.5177284,0.7035798,0.500426,1.0736736,0.017302394
1664,1.7776257,0.78213304,0.9484307,0.6773763,0.82919496,0.10475677
1665,0.7804051,0.23446654,0.31965408,0.22720496,0.46075103,0.0072615743
1666,0.46068424,0.13054062,0.18364036,0.12557292,0.27704388,0.0049677044
1667,0.9700822,0.42918095,0.45153037,0.32743487,0.5185518,0.10174608
1668,0.7388111,0.2767368,0.31435362,0.22526614,0.42445746,0.051470652
1669,1.4215888,0.5402162,0.6416031,0.46440822,0.77998567,0.07580799
1670,1.4567635,0.42960194,0.6262852,0.4328485,0.8304783,-0.0032465756
1671,3.0639157,1.0897905,1.1931951,0.89119923,1.8707206,0.19859123
1672,1.8932304,0.49356654,0.64072657,0.44198528,1.2525039,0.051581264
1673,1.1812128,0.3392331,0.42010236,0.2878237,0.7611104,0.051409394
1674,0.9106295,0.2580128,0.3584095,0.24165669,0.55222,0.01635611
1675,1.0797251,0.22861956,0.2726391,0.19046864,0.80708605,0.03815092
1676,1.4937953,0.5554758,0.6168246,0.45590964,0.87697065,0.09956613
1677,0.5486552,0.4185668,0.32748848,0.252124,0.22116673,0.16644278
1678,0.27546012,0.052851107,0.17583998,0.107153915,0.09962015,-0.054302808
1679,0.8868997,0.3382553,0.43064085,0.3117685,0.45625886,0.026486784
1680,0.9915521,0.16180216,0.33220658,0.21121708,0.6593455,-0.049414918
1681,0.3636773,0.11814462,0.14266257,0.096654005,0.22101472,0.021490611
1682,1.285875,0.46902463,0.5576676,0.40521604,0.72820735,0.06380859
1683,0.5210303,0.12616321,0.23649445,0.15197447,0.28453586,-0.025811255
1684,1.2781347,0.5823069,0.662787,0.4893013,0.6153477,0.09300563
1685,2.197421,0.7343633,0.8307192,0.5952378,1.3667018,0.13912553
1686,2.2404022,0.6118149,0.7839316,0.5757184,1.4564706,0.036096513
1687,1.155513,0.2444268,0.35141793,0.2238564,0.80409515,0.020570397
1688,0.3019966,0.041229747,0.13891879,0.09077925,0.1630778,-0.049549505
1689,1.462859,0.62175584,0.7000109,0.5107972,0.76284814,0.110958636
1690,0.44979373,0.11817008,0.23925567,0.16086957,0.21053806,-0.042699486
1691,1.4945985,0.4906837,0.61569315,0.43728766,0.87890536,0.053396046
1692,0.79961896,0.31361905,0.35596848,0.25142017,0.44365048,0.062198877
1693,0.34853587,0.19970314,0.18527699,0.14114842,0.16325888,0.058554724
1694,1.5957401,0.51728976,0.66023713,0.4683984,0.93550295,0.048891366
1695,0.6814667,0.21594216,0.30329707,0.21203315,0.37816963,0.0039090067
1696,0.23913226,0.20075871,0.13466905,0.10164149,0.104463205,0.09911722
1697,1.2626559,0.60371244,0.6461176,0.49172956,0.6165382,0.11198288
1698,1.6429979,0.67353076,0.77169836,0.5504319,0.8712995,0.12309885
1699,1.8403838,0.5127429,0.5972831,0.415402,1.2431006,0.09734088
1700,0.76058525,0.4443686,0.4393572,0.32582626,0.32122806,0.11854234
1701,0.96884084,0.18865305,0.29261392,0.18455788,0.6762269,0.004095167
1702,0.50801736,0.15325099,0.2195592,0.1485551,0.28845817,0.0046958923
1703,1.6513245,0.5570267,0.7087823,0.520726,0.9425422,0.03630066
1704,1.3977042,0.44064426,0.5752954,0.40606356,0.82240885,0.034580708
1705,1.6174552,0.67582285,0.7914141,0.5884984,0.82604116,0.08732444
1706,0.7056594,0.22890729,0.30955416,0.21818483,0.39610523,0.010722458
1707,1.6516763,0.4751356,0.60694206,0.4125926,1.0447342,0.062543005
1708,1.2992809,0.45799646,0.58287346,0.37662318,0.7164074,0.081373274
1709,2.6479096,0.772211,0.9194211,0.6615168,1.7284886,0.11069423
1710,1.5300094,0.49654555,0.63034964,0.43702278,0.89965975,0.059522778
1711,1.3480256,0.5098364,0.6806017,0.48841038,0.66742384,0.021425992
1712,1.9693879,0.6701602,0.8455086,0.6263014,1.1238793,0.043858767
1713,0.8730341,0.48316687,0.49904028,0.37703696,0.37399384,0.106129915
1714,1.9110053,0.76488566,0.8913329,0.65027094,1.0196724,0.114614725
1715,1.5951463,0.51424026,0.64728916,0.4609843,0.94785714,0.053255975
1716,1.8869938,0.62404907,0.6380913,0.45766562,1.2489024,0.16638345
1717,2.127123,0.6175595,0.7473577,0.5320767,1.3797654,0.085482776
1718,1.6245291,0.5621947,0.69605184,0.51368624,0.9284773,0.048508465
1719,0.7007737,0.26714522,0.359183,0.25964576,0.3415907,0.0074994564
1720,0.8013493,0.26960754,0.47368366,0.31340784,0.32766563,-0.043800294
1721,0.633545,0.3467053,0.35181788,0.26010668,0.2817271,0.086598605
1722,0.7084997,0.19379693,0.32524538,0.23375371,0.38325435,-0.03995678
1723,2.0215082,0.63038844,0.90991867,0.6137873,1.1115896,0.016601145
1724,0.8292405,0.40013197,0.5312084,0.38619992,0.2980321,0.013932049
1725,0.64197004,0.3072946,0.3479383,0.2381,0.29403174,0.0691946
1726,1.242076,0.4873658,0.63653624,0.4588449,0.6055398,0.028520912
1727,0.3875148,0.14968455,0.16006732,0.111358,0.22744748,0.038326547
1728,0.9201111,0.30283377,0.3902702,0.2591074,0.52984095,0.043726355
1729,1.9420795,0.57997036,0.70442516,0.49758846,1.2376544,0.082381904
1730,2.0281775,0.7818761,0.8358318,0.59634215,1.1923456,0.18553394
1731,1.694864,0.5699834,0.6842288,0.5047228,1.0106353,0.06526065
1732,1.8708196,0.5431803,0.76955885,0.555172,1.1012607,-0.011991739
1733,1.3055712,0.4623515,0.65962476,0.44078922,0.64594644,0.021562278
1734,1.5724903,0.48217058,0.6272572,0.44907492,0.9452331,0.033095658
1735,0.6070961,0.22870962,0.3248294,0.21784754,0.28226668,0.010862082
1736,2.2399197,0.7914822,0.87797296,0.6494193,1.3619467,0.1420629
1737,0.9300491,0.3423878,0.4383859,0.3088029,0.49166322,0.033584893
1738,0.8663515,0.38972977,0.47504458,0.35211962,0.3913069,0.037610143
1739,1.5927845,0.64852065,0.73007035,0.53099084,0.8627142,0.11752981
1740,0.64742273,0.3484782,0.3510654,0.24932864,0.29635733,0.099149555
1741,0.81750125,0.32497495,0.37199587,0.27819547,0.44550538,0.046779484
1742,1.3338485,0.56984705,0.661848,0.48429346,0.67200047,0.08555359
1743,0.98450154,0.27370906,0.4020502,0.27619094,0.58245134,-0.0024818778
1744,1.2927063,0.41234088,0.60984004,0.41454488,0.6828662,-0.002204001
1745,0.8007687,0.422869,0.4696497,0.3285901,0.33111897,0.0942789
1746,2.0044928,0.7453478,0.88594306,0.64167416,1.1185497,0.10367364
1747,1.5040033,0.49407485,0.5468825,0.38857275,0.9571208,0.1055021
1748,0.26085895,0.04236654,0.12514715,0.08670114,0.1357118,-0.0443346
1749,1.6616073,0.5176736,0.69847345,0.49990058,0.9631338,0.017773032
1750,1.4962739,0.60029215,0.7087305,0.49878293,0.78754336,0.10150921
1751,1.1173719,0.22582133,0.31648183,0.21379983,0.8008901,0.012021497
1752,0.7215002,0.23053977,0.29728025,0.213806,0.42421997,0.016733766
1753,1.180356,0.4139215,0.5399032,0.38892227,0.6404528,0.024999231
1754,1.104167,0.4387885,0.5718084,0.39864856,0.5323586,0.040139943
1755,1.9470233,1.0358924,1.1383564,0.87389535,0.8086668,0.16199702
1756,1.5036833,0.57947594,0.6936718,0.5285283,0.8100115,0.050947666
1757,1.8692701,0.7109637,0.91353214,0.6671175,0.95573795,0.04384625
1758,1.9444399,0.6881657,0.7962278,0.56498176,1.1482121,0.123183966
1759,1.3540742,0.5392487,0.6856307,0.4903528,0.66844356,0.048895895
1760,1.0343989,0.25757235,0.3590244,0.2402081,0.6753745,0.017364249
1761,0.9282336,0.32829046,0.43345252,0.31267864,0.4947811,0.015611827
1762,1.6510652,0.5004019,0.6485814,0.45596975,1.0024838,0.044432163
1763,1.9126601,0.7327119,0.7961885,0.5859299,1.1164716,0.14678204
1764,2.209824,0.6727686,0.87112015,0.6025148,1.3387039,0.07025379
1765,0.7406851,0.20341583,0.27529472,0.1882328,0.46539038,0.015183032
1766,2.1900625,0.6832013,0.84709865,0.6211487,1.3429639,0.062052608
1767,1.6403738,0.5988738,0.76963794,0.5721228,0.8707359,0.026750982
1768,0.11491083,0.14688282,0.07164406,0.046250433,0.043266773,0.100632384
1769,1.4715654,0.4423335,0.5418602,0.35610855,0.92970514,0.08622494
1770,1.7056378,0.5260952,0.67337406,0.4858407,1.0322638,0.040254503
1771,2.9469855,0.7245037,0.87354565,0.63395023,2.0734398,0.09055346
1772,1.2915363,0.38414732,0.4492361,0.33285958,0.84230024,0.05128774
1773,0.70549107,0.32482785,0.3545369,0.23090959,0.35095417,0.093918264
1774,2.2718508,0.7445344,0.9343375,0.68092424,1.3375133,0.06361014
1775,0.6735502,0.25780553,0.3431368,0.24253598,0.3304134,0.015269548
1776,0.95030946,0.39402947,0.44123325,0.33077848,0.50907624,0.06325099
1777,0.51039636,0.104811676,0.18348971,0.11269454,0.32690665,-0.007882863
1778,2.6178274,0.8300574,1.0677087,0.7506684,1.5501187,0.079388976
1779,1.6999248,0.49300334,0.7236057,0.49589092,0.97631913,-0.0028875768
1780,1.7282411,0.7094954,0.7492734,0.576112,0.97896767,0.13338345
1781,1.4812554,0.54623157,0.63915414,0.47281432,0.8421013,0.07341725
1782,0.4749235,0.26843333,0.2625422,0.20066226,0.2123813,0.06777108
1783,2.3260586,0.8596823,1.0240473,0.79280424,1.3020114,0.06687808
1784,1.9265008,0.71658504,0.81807977,0.61199677,1.1084211,0.10458827
1785,1.2751213,0.45877427,0.58521974,0.41811258,0.6899016,0.040661693
1786,0.9724257,0.38316324,0.46784392,0.33279207,0.5045818,0.05037117
1787,0.4788972,0.17375953,0.22281396,0.15736702,0.25608325,0.016392514
1788,0.71028334,0.47647107,0.4287731,0.32094926,0.28151023,0.15552181
1789,0.9182034,0.3481306,0.47440046,0.34947592,0.44380295,-0.0013453066
1790,1.2531967,0.10901071,0.20761795,0.13764092,1.0455787,-0.028630212
1791,0.72098106,0.41532463,0.3987564,0.30306417,0.32222465,0.11226046
1792,1.3392606,0.50686336,0.62704957,0.4407023,0.712211,0.06616107
1793,0.43419847,0.13301122,0.14660081,0.10875092,0.28759766,0.024260305
1794,1.2347655,0.5468254,0.63502157,0.47136688,0.59974396,0.07545853
1795,0.77250296,0.32397106,0.37057528,0.2640311,0.40192768,0.05993995
1796,0.2373356,0.01557766,0.080435224,0.044313036,0.15690038,-0.028735377
1797,1.3062364,0.37962505,0.5571128,0.38799208,0.7491236,-0.008367032
1798,1.7062743,0.58875275,0.82875776,0.57892215,0.8775165,0.009830594
1799,0.78306687,0.22496445,0.30441386,0.22188473,0.478653,0.0030797273
1800,0.95320296,0.48382965,0.52479255,0.4016568,0.4284104,0.08217284
1801,0.55817145,0.31773132,0.3471869,0.23086205,0.21098456,0.08686927
1802,3.6639292,0.82176596,0.8855244,0.61844397,2.7784047,0.203322
1803,0.7929404,0.4017183,0.38028392,0.28074104,0.41265646,0.12097725
1804,1.3410393,0.42835006,0.53427875,0.38452446,0.80676055,0.043825597
1805,0.6836164,0.28956926,0.3150136,0.2322884,0.3686028,0.057280853
1806,0.33653286,0.28007665,0.17183065,0.11572166,0.1647022,0.164355
1807,1.08109,0.45718256,0.5446578,0.38717717,0.53643215,0.07000539
1808,1.0289426,0.34045354,0.43513256,0.29992008,0.59381,0.040533453
1809,1.4264818,0.52137804,0.51663077,0.3655579,0.9098511,0.15582013
1810,2.0681825,0.6938072,0.82359695,0.5913575,1.2445855,0.102449656
1811,1.536208,0.6600856,0.8129894,0.5947969,0.7232186,0.06528872
1812,0.33221987,0.14926569,0.16732939,0.12600896,0.16489048,0.023256734
1813,1.1062272,0.5229327,0.54495424,0.409993,0.5612729,0.112939715
1814,1.0031219,0.42099708,0.5806985,0.4128376,0.42242336,0.008159488
1815,1.3374412,0.6395859,0.7400379,0.54741675,0.5974033,0.092169166
1816,0.27594408,0.04018746,0.14533928,0.09348573,0.1306048,-0.05329827
1817,1.824445,0.6066996,0.6913669,0.4857691,1.1330781,0.12093049
1818,1.0272754,0.32047868,0.4236217,0.29317293,0.6036537,0.027305752
1819,0.88143164,0.36455497,0.49307156,0.36568898,0.38836008,-0.0011340082
1820,2.2592564,0.67458916,0.87835133,0.5944525,1.380905,0.08013666
1821,1.1636125,0.4168485,0.47187382,0.34124047,0.69173867,0.075608045
1822,0.4902714,0.20001954,0.23374338,0.16553962,0.25652802,0.034479916
1823,1.2184505,0.4569375,0.58314455,0.42047548,0.635306,0.03646201
1824,0.3289519,0.22653209,0.16215685,0.110666886,0.16679505,0.1158652
1825,0.88781255,0.3806882,0.4425373,0.28930342,0.44527525,0.09138477
1826,2.5514364,0.9350409,1.017456,0.76784533,1.5339804,0.16719556
1827,0.26829302,0.14213039,0.14782886,0.112186335,0.12046416,0.029944055
1828,1.4121642,0.46329662,0.55976075,0.40681857,0.85240346,0.056478053
1829,1.2645303,0.6372867,0.72814953,0.55875057,0.53638077,0.07853615
1830,0.32477772,0.15372822,0.17193519,0.12711157,0.15284254,0.026616648
1831,1.1132097,0.5175911,0.5519454,0.39867502,0.56126434,0.118916094
1832,1.65676,0.5671656,0.68240184,0.48761043,0.97435814,0.07955518
1833,0.8569456,0.3669819,0.40573445,0.2843153,0.45121112,0.082666606
1834,1.3609535,0.6310227,0.73996145,0.53970295,0.620992,0.09131974
1835,0.8251119,0.34310174,0.48706394,0.3349414,0.33804798,0.008160353
1836,0.8304307,0.32016218,0.48359275,0.32755163,0.34683794,-0.007389456
1837,1.4853456,0.75956076,0.8781932,0.6820084,0.6071524,0.07755238
1838,1.2880964,0.61350864,0.67432296,0.4684812,0.61377347,0.14502743
1839,0.27114782,0.21287258,0.12926568,0.101736024,0.14188214,0.111136556
1840,1.6308634,0.5474507,0.6864538,0.5011797,0.9444096,0.046271026
1841,0.6601393,0.24297896,0.30855504,0.22332788,0.3515843,0.019651085
1842,1.6619582,0.66433394,0.6802827,0.4913589,0.9816755,0.17297503
1843,0.62924623,0.20280965,0.2523994,0.18019381,0.37684682,0.022615835
1844,0.81425595,0.37355903,0.48587632,0.38129756,0.32837963,-0.0077385306
1845,0.4762206,0.18223675,0.21790402,0.15397532,0.25831658,0.028261423
1846,1.4660866,0.5365972,0.6536399,0.4895467,0.8124467,0.047050506
1847,1.0795984,0.46607316,0.5549603,0.39897242,0.5246381,0.06710073
1848,0.8375351,0.35641056,0.4344688,0.32643113,0.40306628,0.029979438
1849,1.3570284,0.5542512,0.7811604,0.5659667,0.57586795,-0.011715531
1850,0.9482988,0.33405104,0.42226762,0.30107358,0.5260312,0.03297746
1851,1.060511,0.37689835,0.51207644,0.36783257,0.54843456,0.009065777
1852,1.0173507,0.3781498,0.48371276,0.3511179,0.5336379,0.027031898
1853,1.6110655,0.67513794,0.807699,0.59661126,0.8033665,0.078526676
1854,1.4561658,0.41689184,0.5787163,0.4172527,0.8774495,-0.00036084652
1855,2.190129,0.92609274,1.1376586,0.8014854,1.0524704,0.124607325
1856,1.4271181,0.51923513,0.690494,0.49312386,0.73662406,0.026111275
1857,1.3868665,0.58120954,0.7112049,0.5041464,0.67566156,0.07706314
1858,2.627711,0.8396915,0.9694866,0.709408,1.6582245,0.13028353
1859,1.2498975,0.53679925,0.6734146,0.5033978,0.5764829,0.03340143
1860,1.9083594,0.62115836,0.67089957,0.4789361,1.2374599,0.14222226
1861,2.2622774,0.6975334,0.86993456,0.6473763,1.3923428,0.05015713
1862,2.80125,0.75908685,1.0505594,0.7386497,1.7506906,0.020437121
1863,0.30647397,0.058370758,0.13130435,0.08457994,0.17516962,-0.02620918
1864,1.7847204,0.71362597,0.93020993,0.66678584,0.8545105,0.04684013
1865,2.5769002,0.74897,0.9504055,0.658603,1.6264948,0.09036696
1866,1.3532277,0.60789514,0.8599361,0.61627877,0.49329162,-0.008383632
1867,1.4090009,0.55645704,0.63000023,0.4674552,0.77900064,0.089001834
1868,0.86736643,0.389127,0.40875396,0.2775897,0.45861247,0.11153728
1869,1.5770783,0.51494324,0.6331315,0.4638144,0.94394684,0.051128834
1870,1.4965502,0.561668,0.7313202,0.52539605,0.76523,0.03627193
1871,0.78530896,0.35747868,0.3945157,0.28885657,0.39079326,0.06862211
1872,1.6754588,0.7529698,0.8620518,0.6602584,0.813407,0.09271139
1873,0.95643866,0.31994498,0.47381186,0.3406532,0.4826268,-0.020708233
1874,0.15013269,0.0718213,0.07890541,0.056931414,0.071227275,0.014889888
1875,0.82253057,0.12785427,0.19416957,0.13143292,0.628361,-0.003578648
1876,2.583676,0.6863948,0.93344575,0.69340944,1.6502304,-0.007014632
1877,1.3161701,0.5664743,0.7017671,0.5203959,0.614403,0.046078444
1878,1.8717983,0.7209095,0.92826307,0.64097035,0.9435352,0.07993913
1879,1.381086,0.52003527,0.631885,0.46073908,0.749201,0.05929619
1880,1.2110878,0.25443608,0.3104826,0.19822884,0.9006052,0.05620724
1881,1.9646327,0.7233508,0.9170693,0.66996205,1.0475634,0.053388774
1882,0.838097,0.24280177,0.37796348,0.26176438,0.4601335,-0.018962607
1883,0.15991342,0.15987906,0.093900725,0.06086781,0.066012695,0.09901125
1884,0.97288966,0.28046474,0.4152847,0.29395038,0.55760497,-0.01348564
1885,1.5568138,0.7643591,0.8390285,0.6447593,0.71778536,0.11959982
1886,1.1861714,0.5308061,0.604215,0.42987266,0.5819564,0.10093346
1887,0.70787084,0.22703397,0.30143446,0.2082653,0.40643638,0.018768668
1888,0.22624172,0.03042993,0.12091403,0.074542314,0.105327696,-0.044112384
1889,1.3476055,0.4707524,0.573885,0.4002258,0.77372044,0.0705266
1890,1.1740736,0.3893615,0.52811706,0.38358918,0.6459565,0.0057723224
1891,0.78621,0.3940898,0.36997002,0.27055603,0.41623998,0.123533756
1892,0.80193025,0.26509145,0.3070512,0.21944168,0.49487904,0.045649767
1893,0.74495655,0.2077478,0.27141342,0.19386853,0.47354314,0.013879269
1894,0.7018928,0.2615399,0.37447032,0.2632995,0.32742247,-0.0017595887
1895,0.41224614,0.08164299,0.22248742,0.13017564,0.18975872,-0.048532642
1896,2.0639746,0.6737873,0.7867371,0.5621029,1.2772375,0.11168438
1897,1.1586336,0.5117691,0.64185125,0.4406016,0.51678234,0.07116753
1898,0.08026147,0.057296883,0.031177733,0.02290054,0.049083736,0.034396343
1899,1.8861344,0.54997325,0.7153076,0.51077586,1.1708268,0.039197385
1900,0.5313001,0.21023405,0.2437001,0.18235222,0.28760004,0.02788183
1901,1.5829993,0.6739582,0.76308036,0.5685649,0.819919,0.10539329
1902,2.3095627,0.79785323,0.92050934,0.6766607,1.3890533,0.121192515
1903,1.5824153,0.5528903,0.63463247,0.44851065,0.9477829,0.104379654
1904,1.2199214,0.47759002,0.5915942,0.44478017,0.62832713,0.032809854
1905,1.8632162,0.5038098,0.6879682,0.49301583,1.1752479,0.010793984
1906,0.30454034,0.16332233,0.1746717,0.12653515,0.12986864,0.036787182
1907,1.4210742,0.5917025,0.7052332,0.51335526,0.71584094,0.078347266
1908,0.962259,0.3361964,0.43284726,0.3155692,0.52941173,0.0206272
1909,0.8100964,0.23801552,0.28874993,0.19106792,0.52134645,0.0469476
1910,1.3857855,0.6273564,0.7470626,0.57464635,0.63872284,0.052710056
1911,0.71655726,0.26133618,0.33099705,0.22205302,0.3855602,0.039283156
1912,1.593233,0.59370226,0.7227725,0.5313692,0.8704605,0.062333047
1913,1.0219853,0.4046602,0.53652453,0.38663653,0.48546076,0.01802367
1914,1.4634075,0.62121546,0.67274904,0.52214223,0.7906585,0.09907323
1915,1.5001278,0.6225223,0.72895586,0.5483622,0.7711719,0.0741601
1916,1.2326694,0.30960822,0.43388042,0.31320244,0.7987889,-0.0035942197
1917,0.8412855,0.39951172,0.40156788,0.2927089,0.43971765,0.10680282
1918,0.57673717,0.25298843,0.308355,0.2235475,0.26838216,0.029440925
1919,0.9308212,0.43507707,0.4507269,0.3268855,0.48009428,0.10819158
1920,1.9912922,0.52167547,0.6008165,0.4404791,1.3904757,0.08119637
1921,1.4775711,0.36623058,0.5411376,0.3843762,0.93643355,-0.01814562
1922,0.48511082,0.2576995,0.38254616,0.2779091,0.10256466,-0.02020961
1923,0.14132303,-0.0048842295,0.077219926,0.049918346,0.064103104,-0.054802574
1924,3.477937,0.9039265,1.1110398,0.75837344,2.366897,0.14555305
1925,2.3137267,0.93272465,1.049546,0.8057988,1.2641807,0.12692583
1926,1.6827942,0.5776643,0.75753784,0.5520315,0.9252564,0.025632799
1927,1.4147822,0.4502696,0.5485436,0.4088223,0.8662386,0.04144731
1928,1.6739336,0.75114757,0.8144271,0.646198,0.85950655,0.10494959
1929,1.1955589,0.40373135,0.5292152,0.3566844,0.6663437,0.04704696
1930,0.108925916,0.0031833325,0.06415905,0.044257775,0.044766866,-0.041074444
1931,1.515391,0.6434982,0.7029517,0.530802,0.81243926,0.11269617
1932,1.2928008,0.52001894,0.6774914,0.48131385,0.61530936,0.03870508
1933,0.6457008,0.17713906,0.307851,0.20814183,0.33784983,-0.031002775
1934,1.3540084,0.54258233,0.61383796,0.44305682,0.7401705,0.09952551
1935,2.636531,0.94942355,1.0765846,0.79100883,1.5599465,0.15841472
1936,1.5310041,0.6231994,0.7798494,0.5517746,0.75115466,0.07142478
1937,0.96919066,0.45304376,0.4737475,0.34780487,0.49544317,0.105238885
1938,0.9138136,0.41940078,0.55127627,0.40244007,0.36253732,0.01696071
1939,0.8989403,0.34853178,0.41995543,0.28556976,0.4789849,0.062962025
1940,0.41492927,0.19698717,0.22326264,0.15807405,0.19166663,0.038913116
1941,1.625075,0.5865117,0.7413239,0.55610913,0.8837511,0.030402541
1942,1.7866001,0.805666,0.88812894,0.6711686,0.8984712,0.1344974
1943,0.9771089,0.434951,0.52090853,0.39220405,0.45620036,0.04274696
1944,0.77066684,0.3254747,0.3696257,0.24686566,0.40104115,0.07860905
1945,0.6585496,0.20096995,0.25798693,0.18579264,0.40056267,0.0151773095
1946,1.2718475,0.5468423,0.5498921,0.40461683,0.72195536,0.14222544
1947,1.0939708,0.38411793,0.5072691,0.37073877,0.5867017,0.013379157
1948,0.36650383,0.14303353,0.15783854,0.11154606,0.2086653,0.031487472
1949,1.3216327,0.47967222,0.643157,0.4694132,0.67847574,0.010259032
1950,0.91632324,0.34603,0.5172439,0.3654782,0.39907932,-0.01944819
1951,1.844484,0.5345636,0.6856323,0.49228993,1.1588516,0.04227367
1952,0.32846698,0.10112399,0.15228756,0.10170196,0.17617942,-0.00057797134
1953,1.7744731,0.4423973,0.6590231,0.4769864,1.1154499,-0.03458911
1954,0.5214821,0.22606397,0.28532264,0.20788965,0.23615947,0.01817432
1955,1.0496662,0.4330245,0.4990329,0.34905037,0.55063325,0.08397412
1956,1.9017392,0.9942714,1.1608267,0.8486804,0.74091256,0.14559102
1957,0.51784146,0.16212627,0.2183105,0.14796701,0.29953095,0.014159262
1958,0.45661622,0.16029969,0.24680755,0.16970414,0.20980868,-0.009404451
1959,2.93213,0.8898959,1.097575,0.7644415,1.8345551,0.12545443
1960,1.1960223,0.60287213,0.5822749,0.46242675,0.61374736,0.14044538
1961,1.1079683,0.29376677,0.41216555,0.27773428,0.6958028,0.016032487
1962,2.038036,0.6522978,0.7991954,0.59148806,1.2388407,0.06080973
1963,1.0986199,0.33251882,0.40566128,0.2966598,0.69295865,0.03585902
1964,1.4657382,0.4287508,0.48283428,0.35713452,0.9829039,0.07161629
1965,1.1766793,0.60997427,0.6644303,0.49637857,0.51224893,0.113595694
1966,1.7190155,0.65058905,0.710914,0.49884206,1.0081015,0.15174699
1967,2.6767151,0.9186737,1.1116701,0.8212284,1.565045,0.09744531
1968,1.0695944,0.35909995,0.4686452,0.32455143,0.60094917,0.03454852
1969,0.9026607,0.37164488,0.5082654,0.3512068,0.39439535,0.020438075
1970,1.068753,0.39841524,0.54246175,0.3848258,0.52629125,0.013589442
1971,0.46317387,0.14227355,0.26850665,0.18277225,0.19466722,-0.040498704
1972,1.3926473,0.5177194,0.6233437,0.45476216,0.76930356,0.06295723
1973,1.5191501,0.53299737,0.6316677,0.45081013,0.88748246,0.082187235
1974,1.2669593,0.64620167,0.66034776,0.51479816,0.60661155,0.1314035
1975,1.0715712,0.3532836,0.46173725,0.33188388,0.60983396,0.021399736
1976,0.6522233,0.17469808,0.29776424,0.2053484,0.35445905,-0.030650318
1977,1.5256,0.8190579,1.0192891,0.75995654,0.5063108,0.059101343
1978,2.4123242,0.809016,0.8929677,0.65365916,1.5193565,0.15535682
1979,0.5349232,0.1800806,0.30456775,0.20353878,0.23035544,-0.023458183
1980,1.1838479,0.45986453,0.5907625,0.43812877,0.5930854,0.021735758
1981,2.4472957,0.59688306,0.826995,0.55866605,1.6203007,0.038217008
1982,1.2203344,0.49602017,0.62553656,0.4406177,0.59479785,0.055402458
1983,1.0022563,0.3587823,0.45014912,0.3216789,0.55210716,0.037103385
1984,2.344513,0.7542237,0.9789063,0.6975994,1.3656067,0.056624293
1985,2.0360847,0.6006947,0.75868267,0.5480971,1.2774019,0.052597642
1986,1.8862636,0.7911434,0.9517566,0.6936599,0.934507,0.097483516
1987,0.9656276,0.37173554,0.41344795,0.3015812,0.5521797,0.07015434
1988,1.3306369,0.7221136,0.77895856,0.6096765,0.5516783,0.11243713
1989,1.1731964,0.40714607,0.43662205,0.31605166,0.7365744,0.091094404
1990,1.8107498,0.46330154,0.68090504,0.45407587,1.1298447,0.0092256665
1991,0.22589651,0.0967615,0.10059808,0.07408525,0.12529843,0.022676252
1992,1.630241,0.7166623,0.81597614,0.62763536,0.8142649,0.08902693
1993,1.9265425,0.7542394,0.9537533,0.65687495,0.9727892,0.097364426
1994,1.2475125,0.51056606,0.5596394,0.4119627,0.68787307,0.09860337
1995,2.62058,0.8692103,1.0905663,0.7539465,1.5300137,0.11526382
1996,0.96705705,0.19317578,0.26416534,0.19857994,0.7028917,-0.0054041594
1997,1.0955778,0.37311143,0.5288696,0.362678,0.5667082,0.010433435
1998,1.297988,0.5173098,0.6169043,0.4458879,0.68108374,0.07142189
1999,1.3662797,0.6106888,0.73590314,0.5440277,0.6303766,0.06666112
2000,3.4855645,0.96144766,1.0670869,0.79641706,2.4184775,0.1650306
2001,2.3656666,0.7547627,0.89045733,0.67523783,1.4752092,0.079524875
2002,0.25421292,0.21148539,0.149497,0.09067877,0.10471591,0.12080662
2003,1.659309,0.7407978,0.8311286,0.5768728,0.82818043,0.16392499
2004,1.0134076,0.43481505,0.55517495,0.39582545,0.45823264,0.038989604
2005,1.5661398,0.5375687,0.67467993,0.46910936,0.8914599,0.06845933
2006,0.6973591,0.362076,0.39684838,0.2935603,0.3005107,0.06851572
2007,1.2852254,0.5100331,0.64354837,0.44250768,0.641677,0.06752539
2008,1.6589812,0.7357636,0.77500784,0.57667387,0.88397336,0.15908974
2009,0.15337782,0.015652925,0.07901492,0.057293944,0.0743629,-0.04164102
2010,0.40663925,0.12368435,0.16482854,0.11315932,0.24181071,0.010525025
2011,0.64720136,0.37123233,0.40073442,0.30207807,0.24646693,0.06915426
2012,1.0270698,0.49393845,0.5907856,0.43487206,0.43628418,0.059066385
2013,1.7165124,0.57369554,0.81536484,0.553275,0.9011476,0.020420551
2014,0.3337655,0.13029595,0.13743348,0.10489013,0.19633202,0.025405817
2015,0.57117367,0.25238568,0.27657595,0.21125945,0.29459772,0.04112622
2016,1.453671,0.39062586,0.5036279,0.3629912,0.9500431,0.02763465
2017,0.92280704,0.41532233,0.49635977,0.36333072,0.42644727,0.05199161
2018,1.3588066,0.45256978,0.52735555,0.3849535,0.83145106,0.067616284
2019,0.21821098,0.077509284,0.12962945,0.0796466,0.08858153,-0.0021373183
2020,1.8490558,0.7103458,0.873944,0.6260467,0.9751118,0.08429909
2021,1.0654222,0.16747034,0.29433677,0.1922476,0.7710854,-0.024777263
2022,1.4057837,0.453011,0.61711335,0.44579428,0.7886703,0.007216722
2023,1.207974,0.37084505,0.4544066,0.32498088,0.75356734,0.045864165
2024,0.9424647,0.21088526,0.3194664,0.21578693,0.6229983,-0.0049016774
2025,1.452717,0.66363424,0.76987773,0.5782381,0.6828392,0.08539611
2026,0.7102422,0.3024116,0.36842984,0.27849826,0.34181237,0.023913324
2027,1.1541584,0.43174627,0.5373332,0.41639748,0.61682516,0.015348792
2028,1.553008,0.56707436,0.61838484,0.47233328,0.9346231,0.094741076
2029,0.7660929,0.31418207,0.39446726,0.27315587,0.37162563,0.041026205
2030,1.1809078,0.48324308,0.60938776,0.44922146,0.5715201,0.034021616
2031,0.8462329,0.33269763,0.47396857,0.35218698,0.37226433,-0.019489348
2032,1.7818503,0.7809946,0.944183,0.6789163,0.83766735,0.10207832
2033,1.4315901,0.4841955,0.6998439,0.4663043,0.7317462,0.017891198
2034,2.2035508,0.73905087,0.9952633,0.7051095,1.2082875,0.033941388
2035,0.5455489,0.2560018,0.31227714,0.21871546,0.23327178,0.03728634
2036,0.59536296,0.21507105,0.3346323,0.23217997,0.26073065,-0.017108917
2037,1.2806385,0.5363471,0.6006545,0.45795074,0.679984,0.07839635
2038,2.2296426,0.7290522,0.9311408,0.6620835,1.2985018,0.06696868
2039,1.0613315,0.43483177,0.48647708,0.3568253,0.57485443,0.078006476
2040,1.2472351,0.43217543,0.56289995,0.41222444,0.6843351,0.019950986
2041,0.5908607,0.25064158,0.3072219,0.22451727,0.28363883,0.026124313
2042,1.272374,0.5326113,0.6718579,0.5020002,0.60051614,0.030611098
2043,1.1883085,0.4989063,0.48494154,0.36301044,0.70336694,0.13589588
2044,1.8531373,1.0697247,1.1939497,0.92190707,0.65918756,0.14781761
2045,1.4707285,0.50704354,0.679219,0.46621704,0.7915095,0.0408265
2046,0.5339769,0.19651757,0.2190074,0.1529003,0.3149695,0.04361728
2047,2.5744188,0.7564353,0.8722726,0.62963885,1.7021462,0.12679642
2048,1.4471279,0.5417744,0.6932068,0.46423024,0.75392115,0.07754415
2049,1.005033,0.46483433,0.51224744,0.3798674,0.49278557,0.08496693
2050,1.7515771,0.7114248,0.81088984,0.6171676,0.9406873,0.094257236
2051,0.3170577,0.13080277,0.20297046,0.15096244,0.11408724,-0.020159677
2052,0.8479886,0.32382295,0.40087882,0.28981584,0.4471098,0.034007102
2053,1.1204652,0.370669,0.49546632,0.35872823,0.6249988,0.011940777
2054,1.3794836,0.5656105,0.7090995,0.5175291,0.6703841,0.048081458
2055,0.8419791,0.3098392,0.42062083,0.2931388,0.42135826,0.016700387
2056,2.007006,0.75808555,0.9667681,0.69587725,1.0402379,0.062208295
2057,2.05176,0.57431823,0.7213203,0.49941427,1.3304397,0.074903965
2058,0.76900846,0.293855,0.36601338,0.26312006,0.40299508,0.030734956
2059,2.5347464,0.7533498,0.9000866,0.6083107,1.6346598,0.14503908
2060,0.97359467,0.28335035,0.43549976,0.2699768,0.5380949,0.013373554
2061,1.5585073,0.62912774,0.72749466,0.5310683,0.83101267,0.098059416
2062,0.39726913,0.20975064,0.20921624,0.1545368,0.1880529,0.05521384
2063,1.4594306,0.5465776,0.70787746,0.51235783,0.7515531,0.03421974
2064,1.2562193,0.34920347,0.4730746,0.34478924,0.7831447,0.0044142306
2065,0.98368245,0.33556497,0.49707407,0.34863096,0.4866084,-0.013065994
2066,2.1694756,0.74354744,0.88942325,0.63074976,1.2800523,0.11279768
2067,1.4086527,0.5685092,0.67439044,0.46983662,0.7342622,0.0986726
2068,0.55967754,0.29326618,0.31746334,0.2400204,0.2422142,0.053245783
2069,2.0045176,0.85198194,0.9185559,0.6849288,1.0859616,0.16705316
2070,1.0792373,0.29926175,0.3918975,0.26610118,0.68733984,0.033160567
2071,0.89176947,0.38207805,0.44368333,0.34130734,0.44808614,0.04077071
2072,1.8998696,0.7332458,0.8766073,0.65190965,1.0232623,0.08133614
2073,1.4876851,0.5517012,0.67822194,0.4702435,0.80946314,0.081457675
2074,0.40816802,0.12309307,0.18157673,0.13324907,0.22659129,-0.010156006
2075,0.71347755,0.34601793,0.44564247,0.32385382,0.26783508,0.022164106
2076,1.5555222,0.5609156,0.794749,0.5636318,0.7607732,-0.0027161837
2077,1.4045117,0.5279656,0.67860204,0.4987995,0.72590965,0.029166102
2078,1.0349821,0.49743482,0.58432746,0.43017688,0.45065463,0.06725794
2079,1.5496032,0.5216224,0.68672097,0.5006581,0.86288226,0.020964324
2080,1.2790565,0.44379815,0.6081042,0.42656654,0.6709523,0.017231613
2081,0.94430304,0.42458323,0.5353867,0.39453387,0.40891635,0.030049354
2082,1.3744743,0.6042118,0.74227744,0.49773034,0.63219684,0.10648146
2083,0.42622295,0.13786921,0.19697995,0.14014652,0.229243,-0.0022773147
2084,2.2553627,0.9297214,1.0319517,0.76929235,1.2234111,0.16042906
2085,3.6679313,0.7549043,1.0192168,0.7136135,2.6487145,0.04129082
2086,1.7504091,0.78110415,0.8467461,0.6277343,0.90366304,0.15336984
2087,2.6086986,0.8978263,0.93541205,0.6714198,1.6732866,0.22640651
2088,1.8165985,0.78681684,0.89376116,0.6700148,0.9228374,0.11680204
2089,0.99346936,0.42979005,0.48968816,0.34542626,0.5037812,0.08436379
2090,0.7833086,0.17546579,0.23358004,0.1542581,0.5497286,0.02120769
2091,2.3732674,0.7676688,0.8202814,0.59205735,1.552986,0.17561144
2092,1.3690033,0.66079634,0.74412,0.5583391,0.6248833,0.102457225
2093,2.410697,0.67622113,0.8661221,0.58993876,1.5445749,0.08628237
2094,0.88074875,0.36386853,0.4410402,0.32856643,0.43970856,0.035302103
2095,1.7726941,0.588031,0.7898496,0.5580512,0.98284453,0.029979765
2096,0.46407342,0.24448927,0.25505167,0.18412992,0.20902175,0.060359344
2097,1.2350806,0.44057828,0.5261625,0.3629688,0.7089181,0.07760948
2098,1.3171864,0.49504137,0.7029713,0.46476668,0.6142151,0.03027469
2099,1.0654749,0.42237106,0.48621768,0.35751835,0.5792572,0.064852715
2100,1.2519563,0.4467305,0.62348014,0.42065057,0.6284762,0.026079923
2101,0.67049706,0.15405743,0.18981096,0.13457529,0.4806861,0.019482136
2102,0.9640293,0.40672153,0.50538737,0.3481894,0.45864195,0.05853212
2103,1.4842476,0.42137992,0.6339312,0.41637176,0.85031635,0.005008161
2104,1.4355603,0.6075716,0.5964985,0.43424362,0.83906186,0.17332798
2105,1.8983027,0.5317115,0.7345317,0.5116378,1.1637709,0.020073712
2106,1.8352962,0.74080175,0.90923977,0.6365102,0.9260564,0.10429156
2107,0.90937287,0.43694496,0.49905974,0.37358415,0.41031313,0.06336081
2108,1.0281415,0.44127622,0.5611206,0.4255572,0.46702087,0.015719026
2109,0.22296442,0.041610606,0.1231931,0.08978941,0.09977132,-0.048178807
2110,1.7050841,0.95288527,1.0934107,0.839763,0.61167336,0.113122284
2111,2.0341964,0.79568213,0.83851576,0.64357483,1.1956806,0.1521073
2112,0.42246532,0.21363413,0.23617558,0.17588119,0.18628974,0.03775294
2113,1.0982333,0.59102464,0.60077643,0.45628008,0.4974569,0.13474455
2114,2.196772,0.70549,0.8377886,0.6046912,1.3589835,0.100798786
2115,2.0720682,0.27845398,0.5279783,0.32952708,1.5440899,-0.051073104
2116,1.2684886,0.38369134,0.49906188,0.34225732,0.76942676,0.04143402
2117,1.4366063,0.49477226,0.5494911,0.40438718,0.8871152,0.09038508
2118,0.5625941,0.31713876,0.3107329,0.2146359,0.2518612,0.10250287
2119,0.6345179,0.3189199,0.35273495,0.26504618,0.28178295,0.053873718
2120,1.7242966,0.7062491,0.69858646,0.5155231,1.0257101,0.19072604
2121,1.4402248,0.6428705,0.6213217,0.46884936,0.8189031,0.17402112
2122,1.3048191,0.53930986,0.67992115,0.49954858,0.62489796,0.039761275
2123,1.6504298,0.522102,0.6902629,0.4713348,0.96016693,0.050767213
2124,1.5546206,0.57031935,0.6920959,0.49100405,0.86252475,0.079315305
2125,1.5832258,0.6058801,0.71294165,0.50404227,0.8702842,0.101837814
2126,0.28019175,0.06263755,0.13166735,0.09243264,0.1485244,-0.029795088
2127,1.5288433,0.63244635,0.743127,0.5576965,0.7857163,0.07474983
2128,2.0192072,0.7528333,0.8764056,0.6454359,1.1428016,0.10739738
2129,0.82882833,0.3901483,0.47397184,0.34184372,0.3548565,0.048304588
2130,1.1351616,0.4120811,0.47390452,0.34678584,0.66125715,0.06529525
2131,1.6325707,0.7656686,0.9136095,0.6932996,0.71896124,0.07236898
2132,1.4521885,0.7734465,0.8426288,0.65468633,0.6095597,0.11876017
2133,1.5807539,0.50369006,0.6624852,0.45970076,0.91826874,0.0439893
2134,0.5744019,0.19554973,0.28452915,0.19287606,0.28987277,0.0026736706
2135,2.7194135,0.81707805,0.9752641,0.6781611,1.7441494,0.13891697
2136,1.4718844,0.696337,0.83265036,0.62181884,0.639234,0.074518144
2137,0.8000068,0.26093876,0.35003224,0.2376235,0.44997457,0.023315266
2138,0.8243569,0.28235608,0.42078,0.303413,0.4035769,-0.02105692
2139,0.59438133,0.18377972,0.27042976,0.19357106,0.32395157,-0.009791344
2140,1.7470903,0.7122498,0.90391695,0.6079432,0.8431734,0.10430664
2141,0.7229587,0.32628882,0.3382125,0.23101115,0.3847462,0.09527767
2142,1.5601699,0.65683377,0.7292649,0.5232629,0.830905,0.13357085
2143,0.53792846,0.21798901,0.32644635,0.19291028,0.21148211,0.025078729
2144,1.7818497,0.5846661,0.6666719,0.48019227,1.1151779,0.1044738
2145,0.50840557,0.22810756,0.26595154,0.17135587,0.24245402,0.056751683
2146,1.6621833,0.72194344,0.8272346,0.6303741,0.83494866,0.091569364
2147,0.81196386,0.34134352,0.41018325,0.29683295,0.4017806,0.044510573
2148,3.6932344,0.7741288,0.84379625,0.6187903,2.8494382,0.15533847
2149,0.16701624,0.038242064,0.08631261,0.0570125,0.08070363,-0.018770434
2150,2.4838645,0.71476674,0.8731209,0.6273454,1.6107436,0.08742136
2151,1.7471662,0.65648365,0.8239709,0.59209526,0.92319524,0.064388394
2152,1.1883757,0.5165537,0.6159286,0.44483066,0.5724471,0.071723044
2153,0.5154626,0.2878311,0.27941915,0.19524202,0.23604342,0.09258908
2154,0.6703983,0.21984877,0.26290524,0.18799809,0.40749305,0.03185068
2155,0.6537552,0.22026972,0.38440815,0.2529518,0.26934704,-0.032682076
2156,2.4239454,0.5789221,0.86954546,0.57400185,1.5544,0.004920244
2157,1.6264246,0.50422496,0.62071085,0.44518656,1.0057137,0.0590384
2158,1.7331765,0.62259537,0.7161585,0.5167529,1.017018,0.10584247
2159,1.6091417,0.48238534,0.67997694,0.46783033,0.92916477,0.014555007
2160,0.7950434,0.36671323,0.3800164,0.2811201,0.41502702,0.085593134
2161,2.2336807,0.69904166,0.7863227,0.5346743,1.447358,0.16436738
2162,2.8631477,0.7362162,0.8869605,0.6270201,1.9761872,0.10919607
2163,0.98964995,0.40594038,0.5202724,0.38251886,0.46937758,0.023421526
2164,0.30740836,0.13598771,0.16342908,0.12605819,0.14397928,0.009929523
2165,2.1955435,0.63838863,0.8132003,0.5922337,1.3823433,0.046154916
2166,0.9830363,0.23900671,0.38559303,0.26453435,0.5974432,-0.025527641
2167,0.3166537,0.0754836,0.1747131,0.10663162,0.1419406,-0.031148024
2168,0.2470067,0.19743311,0.13121298,0.09192084,0.11579372,0.10551228
2169,0.84525955,0.36685693,0.42381963,0.2843002,0.42143992,0.082556725
2170,0.34268788,0.12095765,0.1382561,0.1036553,0.20443177,0.01730235
2171,1.475915,0.46061212,0.6203638,0.44191146,0.8555512,0.01870066
2172,0.3469013,0.1216522,0.2077069,0.1514606,0.1391944,-0.029808402
2173,1.1202323,0.29026145,0.34987158,0.23746128,0.77036077,0.052800164
2174,1.412887,0.7196395,0.8043637,0.60901254,0.60852325,0.110626936
2175,2.0872378,0.61496633,0.82393247,0.60340077,1.2633054,0.011565566
2176,1.47446,0.6826074,0.6952159,0.5103133,0.7792441,0.17229414
2177,1.7552423,0.72262716,0.8219465,0.62977433,0.93329585,0.09285283
2178,2.213408,0.7100973,0.9046296,0.63505477,1.3087784,0.075042546
2179,0.5124476,0.21395952,0.31920582,0.2192804,0.19324178,-0.0053208917
2180,2.59515,0.8105308,1.1063958,0.71133125,1.4887542,0.09919953
2181,0.8271615,0.37391746,0.485053,0.3426807,0.3421085,0.031236768
2182,1.57008,0.04957339,0.18178654,0.11419213,1.3882935,-0.06461874
2183,1.6331216,0.5827286,0.7243409,0.50458485,0.9087807,0.078143775
2184,0.26886752,0.110462695,0.102025434,0.07675535,0.16684209,0.033707343
2185,1.0270509,0.35515645,0.39258915,0.28783625,0.6344617,0.0673202
2186,1.7189708,0.6454223,0.8120602,0.600049,0.9069106,0.04537326
2187,3.0841937,1.0391506,1.0951821,0.8266436,1.9890116,0.21250701
2188,2.0460482,0.7956272,0.8599533,0.6588982,1.1860949,0.136729
2189,1.1032985,0.39238855,0.50957024,0.34832743,0.5937283,0.044061124
2190,0.96768373,0.5396407,0.5004323,0.36429903,0.46725142,0.1753417
2191,1.1436998,0.448521,0.5534283,0.4083343,0.5902715,0.040186673
2192,2.6250873,0.78309107,1.0345107,0.7013941,1.5905765,0.08169699
2193,0.89589846,0.39748162,0.4300228,0.3019385,0.46587566,0.09554312
2194,1.8219618,0.5681785,0.6882967,0.49439532,1.1336651,0.07378316
2195,0.28018036,0.17904472,0.13686663,0.0971279,0.14331374,0.081916824
2196,1.0325196,0.36923724,0.48354134,0.3151328,0.5489782,0.054104447
2197,1.3184665,0.42465222,0.59293306,0.42816997,0.7255335,-0.003517747
2198,0.5913198,0.3112667,0.30343902,0.22286868,0.28788078,0.08839801
2199,0.933258,0.52777886,0.54063785,0.40845126,0.39262015,0.119327605
2200,2.1564686,0.72236955,0.8211733,0.6183325,1.3352953,0.10403705
2201,1.3903284,0.40912154,0.57334393,0.39428225,0.8169845,0.014839292
2202,2.298902,0.74560744,0.92981493,0.6545456,1.3690871,0.09106183
2203,1.1372792,0.43231443,0.5524014,0.3982336,0.5848777,0.034080833
2204,0.42575824,0.0776711,0.17545855,0.11762823,0.2502997,-0.03995713
2205,0.9371676,0.35487983,0.44146532,0.27383718,0.49570227,0.08104265
2206,1.2390841,0.45686275,0.60811836,0.43984023,0.63096577,0.01702252
2207,0.97928697,0.52766216,0.56387097,0.41642922,0.415416,0.11123294
2208,1.1202606,0.4866177,0.63609725,0.4527579,0.48416334,0.03385982
2209,2.1121204,0.72005135,0.8847132,0.63639945,1.2274072,0.0836519
2210,1.6164572,0.4546734,0.5637374,0.38162002,1.0527198,0.07305339
2211,0.71985686,0.22577412,0.33648548,0.22917557,0.38337138,-0.0034014434
2212,1.303572,0.4759959,0.5614563,0.41160363,0.74211574,0.06439227
2213,1.2489973,0.42260528,0.61694634,0.42695075,0.632051,-0.0043454766
2214,0.62624073,0.2927371,0.28846782,0.21487999,0.3377729,0.07785711
2215,2.0869637,0.63391435,0.82445204,0.6092815,1.2625116,0.024632871
2216,0.38015884,0.17992765,0.21588936,0.15447876,0.16426948,0.025448889
2217,1.9250602,0.8065083,0.9165851,0.7150038,1.0084751,0.091504514
2218,0.85011876,0.36065766,0.41616496,0.29386768,0.4339538,0.066789985
2219,0.40752566,0.15042819,0.18858561,0.14082412,0.21894005,0.009604067
2220,0.6817538,0.23960513,0.31289726,0.21736117,0.36885655,0.022243962
2221,0.9244629,0.36035055,0.47258264,0.34073132,0.45188028,0.019619226
2222,1.0608339,0.4620881,0.5943378,0.44709063,0.4664961,0.014997482
2223,2.8561926,0.9908589,1.1761371,0.85730684,1.6800555,0.13355207
2224,1.0894493,0.37628728,0.5200763,0.35128823,0.569373,0.024999052
2225,1.5925807,0.50108117,0.66234213,0.47795957,0.93023854,0.023121595
2226,0.9987114,0.34626344,0.46151257,0.3293907,0.53719884,0.016872734
2227,2.0293958,0.7337081,0.77985424,0.5990836,1.2495415,0.13462448
2228,1.4301091,0.6606274,0.7404293,0.5408162,0.68967986,0.11981124
2229,0.6298888,0.1959724,0.28314617,0.20194454,0.3467426,-0.005972147
2230,0.97670776,0.30165908,0.39797205,0.29561967,0.5787357,0.006039411
2231,2.4998047,0.9379084,1.0218074,0.768005,1.4779973,0.1699034
2232,1.9033288,0.5083014,0.702845,0.46263146,1.2004838,0.045669913
2233,1.2655175,0.4681333,0.5324155,0.38031876,0.73310196,0.08781454
2234,1.5588977,0.6534019,0.82228583,0.5923364,0.7366119,0.061065495
2235,1.6438788,0.6679806,0.7563368,0.5630907,0.887542,0.10488993
2236,1.7044789,0.67501456,0.8034879,0.60140383,0.90099096,0.07361072
2237,1.4706501,0.52239174,0.6710117,0.464799,0.7996384,0.05759275
2238,1.64071,0.66405207,0.845434,0.56710565,0.795276,0.09694642
2239,0.38999417,0.12145385,0.18927981,0.124279656,0.20071436,-0.002825804
2240,1.3139174,0.5923098,0.7962206,0.60788757,0.5176968,-0.015577793
2241,0.9149964,0.38396075,0.47106975,0.332306,0.44392663,0.051654756
2242,0.9490989,0.44276956,0.5337354,0.3467238,0.4153635,0.09604576
2243,0.76586276,0.29942158,0.43810835,0.34048766,0.3277544,-0.04106608
2244,1.5277326,0.60078645,0.66079015,0.4787081,0.86694247,0.12207836
2245,0.747112,0.21723314,0.34622735,0.22991589,0.40088463,-0.012682751
2246,2.7588222,1.0120074,1.1660585,0.84001875,1.5927637,0.1719886
2247,1.8707205,0.8028651,0.916815,0.6685453,0.9539055,0.13431978
2248,2.9027436,0.83782035,0.9125827,0.6585952,1.990161,0.17922515
2249,1.5990123,0.56655586,0.66683024,0.4697352,0.932182,0.09682065
2250,0.8028171,0.53667855,0.5155484,0.40190774,0.2872687,0.13477081
2251,0.5000243,0.23647131,0.254394,0.18749265,0.24563032,0.048978657
2252,0.30594727,0.07778782,0.17414005,0.13040133,0.13180722,-0.05261351
2253,0.47989747,0.18841466,0.17596738,0.13265093,0.3039301,0.055763736
2254,1.378738,0.41581473,0.55980235,0.38406533,0.8189357,0.031749398
2255,1.6402117,0.5667214,0.80541074,0.5490103,0.83480096,0.017711103
2256,2.1645455,0.7459264,0.891698,0.6398371,1.2728475,0.106089294
2257,0.38679886,0.20238818,0.24948902,0.18859087,0.13730983,0.013797313
2258,0.8670997,0.34751934,0.48695627,0.33075696,0.38014343,0.016762376
2259,1.0062113,0.33531296,0.39270264,0.29322645,0.61350864,0.04208651
2260,1.7852798,0.8545376,0.9414705,0.7231156,0.84380925,0.13142198
2261,1.1458763,0.521582,0.65842754,0.48669663,0.48744875,0.034885377
2262,1.232816,0.32912442,0.3933403,0.2827645,0.8394757,0.046359926
2263,1.1369376,0.51423186,0.666123,0.48593864,0.47081465,0.028293222
2264,1.0504339,0.36701694,0.5004997,0.35350615,0.54993415,0.013510793
2265,0.7176276,0.26465502,0.36812788,0.27139464,0.3494997,-0.0067396164
2266,1.3287235,0.5254355,0.5812533,0.43290958,0.74747026,0.09252593
2267,2.9659784,0.7231768,0.8507104,0.5818393,2.115268,0.14133745
2268,1.0741693,0.32747433,0.5265177,0.35819045,0.5476516,-0.030716121
2269,0.62823063,0.19112368,0.26037535,0.18142964,0.36785528,0.00969404
2270,0.55331796,0.07904247,0.1831759,0.12851909,0.37014204,-0.049476616
2271,1.9141458,0.60966253,0.81944543,0.60207236,1.0947003,0.0075901747
2272,0.6032625,0.25319383,0.32017565,0.23305523,0.28308684,0.020138592
2273,1.4192431,0.7537119,0.8107726,0.6178254,0.6084705,0.13588649
2274,0.35835654,0.13078283,0.15394485,0.10582892,0.20441169,0.02495391
2275,3.443865,0.84716165,1.0544128,0.72358,2.3894522,0.12358165
2276,0.33729988,0.18931751,0.18437526,0.12546748,0.15292463,0.06385003
2277,0.45958552,0.12918179,0.19331002,0.124338605,0.2662755,0.004843183
2278,0.8039401,0.40196383,0.44651398,0.30762774,0.35742614,0.09433609
2279,0.3790927,0.07731459,0.14278261,0.09737059,0.23631008,-0.020055994
2280,2.0098732,0.74253833,0.8893925,0.65204084,1.1204807,0.090497494
2281,0.6781857,0.33989,0.31412587,0.21137957,0.36405984,0.12851043
2282,2.4608953,0.6814673,0.79313505,0.5758882,1.6677603,0.10557908
2283,2.4866602,0.79527414,0.8777051,0.5928429,1.6089551,0.20243126
2284,1.434576,0.6113203,0.73770964,0.55968654,0.6968664,0.051633775
2285,2.7934759,0.8776989,0.930982,0.6740071,1.8624939,0.20369178
2286,1.1103762,0.5229001,0.56612915,0.40796962,0.5442471,0.11493048
2287,2.0819924,0.5365087,0.71604073,0.47784153,1.3659517,0.058667153
2288,2.380437,0.87655616,1.0359455,0.76633406,1.3444914,0.1102221
2289,1.7563862,0.61959565,0.6939267,0.5409347,1.0624595,0.078660965
2290,0.6411857,0.25291693,0.3159923,0.22330184,0.3251934,0.02961509
2291,2.0164769,0.6828728,0.7765658,0.575425,1.2399111,0.10744774
2292,1.9169266,0.8079741,0.9832242,0.7566339,0.9337024,0.051340222
2293,0.4611204,0.15096208,0.21247196,0.14319961,0.24864843,0.007762477
2294,1.4363549,0.6314043,0.84987,0.6293218,0.58648485,0.002082467
2295,1.1538731,0.43755952,0.50206226,0.33479008,0.6518108,0.102769434
2296,1.9049101,0.7224174,0.8546629,0.6266185,1.0502472,0.09579891
2297,1.4776267,0.6440075,0.7472071,0.55762047,0.7304196,0.08638704
2298,0.67014575,0.16843086,0.21800223,0.1422098,0.45214352,0.026221067
2299,2.0096467,0.6104836,0.7164235,0.52356046,1.2932231,0.08692312
2300,1.0245044,0.44140542,0.52990365,0.36136582,0.49460077,0.08003959
2301,1.8653375,0.62988913,0.789101,0.5781636,1.0762365,0.051725507
2302,1.7173473,0.625856,0.79315984,0.5860921,0.9241874,0.039763868
2303,1.2021549,0.4953977,0.6236836,0.4541176,0.5784713,0.04128009
2304,1.5150461,0.5405378,0.69660765,0.50352925,0.8184385,0.037008524
2305,1.3233747,0.3315825,0.41145435,0.26978463,0.9119204,0.061797857
2306,1.1424544,0.5055041,0.6278248,0.47714788,0.5146296,0.028356194
2307,0.8305664,0.3629066,0.4437159,0.31334502,0.3868505,0.04956159
2308,1.5705987,0.45412555,0.6106346,0.44074917,0.9599641,0.013376385
2309,1.2822254,0.50472003,0.6562048,0.49554047,0.62602055,0.009179562
2310,1.2507738,0.3887239,0.5101317,0.3554042,0.7406421,0.03331971
2311,0.51027066,0.13415773,0.13630065,0.08818549,0.37397,0.045972243
2312,0.91057193,0.30950475,0.4889965,0.32247525,0.42157543,-0.012970507
2313,1.554169,0.6846569,0.77255964,0.5708234,0.7816094,0.11383355
2314,1.1941516,0.40228212,0.48921543,0.34076306,0.7049362,0.061519057
2315,1.8468261,0.6016451,0.71129525,0.53205264,1.1355308,0.069592476
2316,1.4894416,0.56559956,0.65923554,0.48994416,0.8302061,0.0756554
2317,0.7704814,0.36280715,0.3980822,0.29330906,0.3723992,0.06949809
2318,1.4344972,0.56100786,0.69041604,0.49567217,0.7440812,0.06533569
2319,1.7264234,0.47350255,0.6635521,0.50035906,1.0628712,-0.026856512
2320,1.5771234,0.7045592,0.76260024,0.5779706,0.81452316,0.12658858
2321,1.5128086,0.66885626,0.7929574,0.57219374,0.71985114,0.09666252
2322,2.1233602,0.6249764,0.7522042,0.51869,1.371156,0.10628641
2323,1.3880851,0.45276392,0.56706697,0.4151371,0.82101816,0.037626803
2324,0.60692227,0.117606856,0.15052655,0.1162347,0.45639572,0.0013721585
2325,2.7664404,0.69953156,0.7843074,0.5390283,1.9821329,0.16050327
2326,1.2552587,0.41453388,0.5685257,0.39672354,0.686733,0.017810345
2327,1.3144842,0.5056473,0.6083457,0.45085758,0.70613855,0.054789722
2328,1.1395807,0.40065154,0.42848462,0.29157585,0.7110961,0.109075695
2329,2.2758987,0.5942131,0.74120724,0.5259099,1.5346915,0.06830323
2330,0.51825154,0.21486628,0.2194978,0.16466999,0.29875374,0.05019629
2331,1.66708,0.55629027,0.732968,0.5211713,0.9341121,0.035118997
2332,4.0386295,0.8884516,1.1340973,0.7477169,2.9045322,0.14073467
2333,1.340576,0.53314364,0.71914667,0.52325714,0.6214294,0.009886503
2334,0.9621405,0.4631678,0.48020467,0.36762315,0.48193583,0.095544636
2335,0.98105705,0.48455915,0.4577197,0.33754712,0.52333736,0.14701203
2336,1.6617501,0.64239204,0.6843281,0.49692148,0.977422,0.14547056
2337,2.2840145,0.76165235,0.90858376,0.6689978,1.3754307,0.092654526
2338,0.40207002,0.15352571,0.18622537,0.13872682,0.21584465,0.0147988945
2339,2.1533983,0.59901375,0.8408573,0.55669636,1.312541,0.04231739
2340,1.4593616,0.5037588,0.529703,0.38463548,0.92965853,0.11912331
2341,2.3389938,0.6540411,0.8428686,0.6025141,1.4961252,0.051527023
2342,0.3216531,0.06588544,0.14898112,0.109071314,0.17267197,-0.043185875
2343,1.7362758,0.50070584,0.69247705,0.5066588,1.0437987,-0.0059529543
2344,0.88829565,0.5321202,0.48928723,0.36285937,0.39900842,0.16926086
2345,1.6019354,0.45256844,0.599514,0.42460337,1.0024214,0.027965069
2346,0.57598406,0.21234542,0.2522389,0.1871247,0.32374516,0.025220722
2347,2.5471635,0.68972003,0.8541714,0.62433946,1.6929921,0.06538057
2348,0.9280637,0.38897395,0.45324668,0.3363996,0.474817,0.052574337
2349,0.73637706,0.28189456,0.3661826,0.2729153,0.37019446,0.008979261
2350,0.039765634,0.12495659,0.03229896,0.021639224,0.007466674,0.103317365
2351,2.5334506,0.7366408,0.890618,0.656532,1.6428325,0.08010882
2352,0.5168719,0.17502552,0.18655255,0.13899645,0.33031937,0.03602907
2353,0.25921804,0.15686618,0.11960487,0.08891933,0.13961317,0.06794685
2354,1.912422,0.5821089,0.5956887,0.4336893,1.3167332,0.14841962
2355,2.9792922,0.8630213,0.957016,0.693282,2.0222762,0.1697393
2356,1.0600324,0.45270452,0.5131856,0.36376473,0.54684675,0.088939786
2357,0.8519217,0.36779565,0.37343305,0.2706256,0.47848862,0.097170055
2358,1.1644166,0.57023305,0.71168053,0.5152699,0.45273602,0.05496317
2359,0.8579528,0.2734054,0.30550155,0.21277907,0.55245125,0.060626328
2360,0.2919504,0.09490748,0.15463033,0.11426836,0.13732007,-0.019360885
2361,0.66643953,0.31241402,0.35920373,0.28272346,0.3072358,0.029690564
2362,0.8103746,0.34113315,0.3756498,0.26989537,0.4347248,0.07123777
2363,0.66305447,0.26441452,0.33862537,0.23441112,0.3244291,0.030003399
2364,1.8402137,0.6712461,0.7867223,0.57514,1.0534914,0.09610611
2365,2.397747,0.8284196,0.9864599,0.7112244,1.4112871,0.11719525
2366,2.3621242,0.74642974,0.8899666,0.60752803,1.4721576,0.13890171
2367,1.3767456,0.60387325,0.73859084,0.54333556,0.63815475,0.060537696
2368,0.41849643,0.17279147,0.30551004,0.22704664,0.112986386,-0.054255173
2369,1.3177367,0.45219642,0.53940517,0.3852746,0.7783316,0.06692183
2370,1.8630328,0.7046818,0.9030552,0.6554448,0.9599776,0.049237013
2371,1.7209325,0.15083154,0.25451663,0.1573378,1.4664159,-0.006506264
2372,1.7620882,0.78138524,0.9547038,0.69201297,0.8073844,0.08937228
2373,1.3808422,0.61973584,0.7084342,0.5231887,0.672408,0.09654713
2374,0.76525915,0.34465942,0.35025305,0.25780925,0.4150061,0.08685017
2375,1.0578831,0.4198226,0.5240685,0.3855073,0.53381467,0.034315318
2376,1.3092788,0.54911363,0.63085556,0.4613715,0.6784233,0.08774212
2377,0.5346631,0.17439467,0.28714436,0.19581862,0.24751872,-0.02142395
2378,1.3868767,0.5268942,0.622529,0.45704365,0.76434773,0.069850564
2379,1.225742,0.47081718,0.63766724,0.45800918,0.58807474,0.012807995
2380,0.54938126,0.41171086,0.34473884,0.26898724,0.20464242,0.14272362
2381,2.4231207,0.70061415,0.8021487,0.57883245,1.620972,0.12178171
2382,0.9945485,0.3507158,0.51545316,0.3550157,0.47909534,-0.004299909
2383,1.633542,0.5261625,0.7786075,0.54081964,0.85493445,-0.01465714
2384,0.5534521,0.09687565,0.22962394,0.14204153,0.32382813,-0.04516588
2385,1.8970817,0.7210343,0.7984135,0.58305806,1.0986682,0.13797623
2386,1.0872166,0.350899,0.49539122,0.33743817,0.59182537,0.013460845
2387,1.1929636,0.5557338,0.62671113,0.46769094,0.56625247,0.088042855
2388,0.7686751,0.3120784,0.3687893,0.25889274,0.3998858,0.05318564
2389,1.8072606,0.6558494,0.7595851,0.5629195,1.0476756,0.0929299
2390,1.9276025,0.52186376,0.690405,0.4782791,1.2371975,0.043584645
2391,2.241788,0.7925494,0.9894134,0.69758433,1.2523745,0.09496504
2392,1.5018556,0.48575115,0.6534404,0.465448,0.8484152,0.02030316
2393,0.1758324,0.19871402,0.094580956,0.06851538,0.08125145,0.13019863
2394,1.1178207,0.45471612,0.66463065,0.47659856,0.4531901,-0.021882445
2395,2.1978352,0.78058076,1.0523311,0.7201396,1.1455041,0.060441136
2396,1.9009355,0.71267587,0.80374795,0.587545,1.0971875,0.12513089
2397,0.8602879,0.34179664,0.40434495,0.281921,0.45594296,0.059875637
2398,1.7254473,0.6260104,0.68726903,0.5074458,1.0381782,0.118564606
2399,1.9344406,0.68210423,0.86776525,0.6412859,1.0666754,0.040818334
2400,0.6667341,0.32776588,0.31653112,0.22945929,0.35020298,0.0983066
2401,1.1242136,0.41009218,0.5480476,0.39474055,0.576166,0.015351623
2402,2.3630924,0.72978866,0.922593,0.644734,1.4404994,0.085054636
2403,1.3533934,0.541322,0.60222447,0.44029012,0.75116897,0.10103187
2404,1.147692,0.42512846,0.5476596,0.3811523,0.6000324,0.043976158
2405,1.9008814,0.18990411,0.3520972,0.25698575,1.5487843,-0.067081645
2406,1.3029641,0.60653913,0.76118994,0.54624075,0.54177415,0.060298383
2407,0.846175,0.31299916,0.36245373,0.25038618,0.4837213,0.06261298
2408,1.7352666,0.6510173,0.8104783,0.5914946,0.92478824,0.05952269
2409,0.83805656,0.3378574,0.445028,0.34436268,0.39302856,-0.0065052807
2410,0.8567309,0.41897607,0.47814387,0.35463673,0.378587,0.06433934
2411,1.0884465,0.41359043,0.526683,0.36713928,0.5617635,0.04645115
2412,1.2358974,0.41121957,0.5452,0.38335878,0.69069743,0.02786079
2413,0.99916697,0.37969264,0.5030576,0.3496387,0.49610937,0.030053943
2414,1.4180818,0.57009953,0.5813012,0.42317683,0.83678055,0.14692271
2415,0.21676043,0.08493233,0.09709428,0.064187355,0.119666144,0.020744972
2416,1.2042272,0.47884783,0.5365488,0.399921,0.6676784,0.07892683
2417,1.186742,0.3304684,0.44999894,0.33470377,0.736743,-0.004235387
2418,1.4580127,0.47969112,0.6729077,0.48760182,0.785105,-0.007910699
2419,1.7305937,0.55361354,0.63827264,0.4357007,1.092321,0.11791283
2420,1.5516102,0.5999568,0.6819183,0.49673304,0.8696919,0.10322377
2421,1.3015066,0.5636599,0.7571254,0.53090906,0.54438126,0.032750845
2422,0.7136476,0.2757156,0.3963505,0.25773773,0.3172971,0.017977864
2423,1.3033339,0.46631682,0.5587079,0.3952387,0.744626,0.07107812
2424,0.7874351,0.23461281,0.29050726,0.20948872,0.49692786,0.025124088
2425,0.54684484,0.19813006,0.2862135,0.21419413,0.26063135,-0.016064078
2426,0.1122736,0.15840171,0.08134203,0.055982232,0.030931577,0.10241948
2427,0.20484409,0.033447303,0.07227977,0.048500475,0.1325643,-0.015053172
2428,1.0359541,0.48843867,0.52176726,0.38900152,0.51418686,0.09943715
2429,0.7898752,0.22862026,0.33635983,0.22970906,0.45351538,-0.001088798
2430,1.5015897,0.5042105,0.64051986,0.476858,0.8610698,0.027352482
2431,0.8025006,0.32666102,0.36585093,0.25790697,0.43664968,0.06875405
2432,2.3133483,0.5859209,0.7574251,0.5082701,1.5559232,0.077650785
2433,1.3458518,0.5498227,0.6044675,0.44687057,0.74138427,0.10295212
2434,0.35987565,0.09433033,0.19723292,0.13257378,0.16264273,-0.03824345
2435,0.18236952,0.06298174,0.09818058,0.06804465,0.08418894,-0.005062908
2436,1.1666807,0.5570872,0.6551063,0.49588138,0.5115744,0.061205804
2437,1.9339006,0.57887954,0.73313946,0.52768314,1.2007611,0.051196396
2438,1.2218062,0.53388333,0.618089,0.49911603,0.60371715,0.0347673
2439,0.913814,0.37692913,0.4661626,0.3545061,0.44765142,0.022423029
2440,1.0340365,0.47082588,0.55024755,0.38297123,0.48378897,0.08785465
2441,1.3178146,0.6155382,0.68252337,0.48077255,0.6352912,0.13476562
2442,1.2108454,0.5358065,0.65592,0.47051042,0.5549253,0.065296054
2443,2.2943804,0.7382079,0.99592817,0.7259844,1.2984523,0.012223482
2444,1.6123227,0.6333473,0.75107914,0.54706943,0.86124355,0.08627784
2445,1.4298626,0.5343526,0.6456088,0.45772308,0.78425384,0.07662952
2446,2.103178,0.6748634,0.7705146,0.5647434,1.3326634,0.11012
2447,0.8160337,0.389822,0.45076698,0.33396518,0.36526674,0.055856824
2448,0.34817052,0.16354044,0.18810204,0.13168263,0.16006848,0.031857803
2449,1.6835816,0.71307635,0.88365424,0.6701106,0.79992735,0.04296577
2450,0.7886334,0.32692578,0.47730413,0.35138023,0.31132928,-0.024454445
2451,0.9055216,0.35961094,0.49767333,0.36485997,0.40784824,-0.0052490234
2452,0.31936014,0.23121117,0.17373024,0.119802356,0.1456299,0.111408815
2453,2.0500934,0.72668946,0.8513342,0.61390173,1.1987592,0.11278772
2454,3.0185332,0.94369954,1.0252033,0.7409187,1.9933299,0.20278084
2455,1.021801,0.56948274,0.5646381,0.4350656,0.45716292,0.13441715
2456,1.741275,0.6127609,0.7931803,0.58412725,0.94809467,0.028633654
2457,0.7145666,0.30898067,0.37960958,0.28023607,0.334957,0.028744608
2458,0.5186262,0.28848377,0.24572411,0.1724731,0.2729021,0.116010666
2459,3.2082145,0.9654808,1.1320595,0.8297634,2.0761552,0.13571739
2460,0.58006287,0.06213355,0.15647933,0.09126117,0.42358354,-0.02912762
2461,1.2316456,0.4898244,0.62857413,0.45875365,0.60307145,0.031070769
2462,0.7261065,0.30478737,0.38802296,0.27705744,0.33808357,0.027729928
2463,1.4341056,0.17914721,0.25614804,0.18331942,1.1779575,-0.004172206
2464,2.1340034,0.7041893,0.87510014,0.64055026,1.2589033,0.063639045
2465,0.29955503,0.2065142,0.14683634,0.097581245,0.1527187,0.10893295
2466,0.7169908,0.42767256,0.45335197,0.32849973,0.26363885,0.09917283
2467,1.0191631,0.34129402,0.43358642,0.3170561,0.5855767,0.02423793
2468,1.8872246,0.73420817,0.9178732,0.69905597,0.96935135,0.035152197
2469,1.7201695,0.5739918,0.6684729,0.48117346,1.0516967,0.09281832
2470,1.1591368,0.41342103,0.5310204,0.37916112,0.62811637,0.034259915
2471,0.78245825,0.25047225,0.36225152,0.2531793,0.42020673,-0.0027070642
2472,0.9185669,0.43935278,0.5015607,0.37440178,0.4170062,0.064951
2473,0.22120714,0.057159588,0.120946266,0.08267772,0.100260876,-0.025518134
2474,1.5730716,0.721993,0.7850571,0.5664582,0.7880145,0.1555348
2475,1.3976635,0.49677023,0.68915445,0.5018944,0.708509,-0.0051241815
2476,2.0463295,0.6822314,0.8324052,0.58239233,1.2139243,0.09983909
2477,1.783523,0.58271617,0.7456466,0.52313846,1.0378764,0.059577703
2478,1.7370362,0.590815,0.7136298,0.53056294,1.0234065,0.06025207
2479,1.1847711,0.45214912,0.5244014,0.3939229,0.66036963,0.058226228
2480,0.833043,0.3270453,0.47272015,0.31076804,0.36032283,0.016277254
2481,1.6025028,0.57278985,0.70359814,0.5206969,0.8989047,0.05209297
2482,0.66996604,0.37617594,0.38280377,0.27790993,0.28716227,0.098266006
2483,1.8469905,0.59136164,0.7678672,0.55152524,1.0791233,0.039836407
2484,1.434762,0.31820226,0.3919515,0.27768138,1.0428104,0.040520877
2485,1.6863141,0.736283,0.92619956,0.70182043,0.76011455,0.03446257
2486,1.314106,0.48590332,0.6345947,0.459296,0.6795113,0.026607335
2487,1.6032563,0.6407637,0.78766066,0.57582843,0.8155957,0.06493527
2488,1.0142019,0.3610193,0.43730956,0.30966568,0.5768923,0.051353633
2489,0.20725349,0.23105182,0.15434653,0.11470874,0.05290696,0.11634308
2490,0.825271,0.30990928,0.42634097,0.29587007,0.39893004,0.014039218
2491,0.62064743,0.27882358,0.2951408,0.21609184,0.32550663,0.06273174
2492,0.78228855,0.33628988,0.40911523,0.29906964,0.37317333,0.03722024
2493,1.7504133,0.10276076,0.24637751,0.15787342,1.5040358,-0.05511266
2494,1.8417284,0.5092113,0.6284842,0.45206743,1.2132442,0.057143867
2495,2.784656,0.81236637,1.0314863,0.74424386,1.7531698,0.068122506
2496,1.1476077,0.48782897,0.54906243,0.3994519,0.59854525,0.08837706
2497,0.7142972,0.4701913,0.4564313,0.3472986,0.25786588,0.12289271
2498,1.3601553,0.64935213,0.6594664,0.48237228,0.70068896,0.16697985
2499,1.342037,0.62711865,0.7050282,0.53755325,0.6370088,0.0895654
2500,1.444819,0.5166954,0.6344297,0.47527847,0.8103893,0.041416913
2501,0.6681519,0.26137674,0.27725798,0.2022715,0.39089394,0.059105232
2502,1.0927752,0.4198092,0.5144955,0.3898273,0.57827973,0.029981881
2503,1.1829038,0.49286827,0.6242642,0.44174987,0.5586396,0.051118404
2504,1.7254295,0.40532902,0.5915564,0.41271132,1.1338732,-0.0073823035
2505,1.3704985,0.49555627,0.6294409,0.44100553,0.74105763,0.054550737
2506,2.068754,0.63885325,0.92290723,0.6569332,1.1458467,-0.018079937
2507,1.3520379,0.6246702,0.77180535,0.59124553,0.58023256,0.033424675
2508,0.7340142,0.31271896,0.43985528,0.31428158,0.29415894,-0.0015626252
2509,2.465483,0.81274277,0.9183343,0.6558053,1.5471487,0.15693748
2510,1.8557389,0.80036235,0.85466254,0.61608446,1.0010763,0.18427789
2511,0.48327446,0.20289405,0.24199212,0.17523237,0.24128234,0.027661681
2512,1.9564463,0.8431572,0.93076766,0.7201462,1.0256786,0.12301099
2513,2.967291,0.83400434,1.0999608,0.7495822,1.8673303,0.08442217
2514,1.9851178,0.6927278,0.78075534,0.5909219,1.2043624,0.101805925
2515,1.4305496,0.6039424,0.72003376,0.5202713,0.71051586,0.08367109
2516,1.0904514,0.6377886,0.7189552,0.579069,0.37149614,0.058719575
2517,0.6990856,0.40509033,0.40773582,0.31216705,0.29134977,0.09292328
2518,1.3141813,0.58248776,0.71667635,0.46426702,0.597505,0.11822075
2519,1.0031463,0.3619857,0.45305586,0.3118108,0.55009043,0.05017492
2520,1.986795,0.5886751,0.71949327,0.527951,1.2673017,0.06072408
2521,1.188362,0.45694435,0.5550822,0.40951052,0.6332798,0.047433823
2522,1.2542403,0.34743363,0.58491457,0.3841924,0.6693257,-0.03675878
2523,1.465987,0.51293635,0.6039837,0.4397087,0.86200327,0.073227644
2524,0.6974546,0.27027777,0.34601575,0.25133342,0.35143882,0.018944353
2525,0.51297647,0.18724471,0.21860313,0.16411763,0.29437333,0.023127079
2526,0.89956063,0.35701695,0.4085783,0.28506666,0.49098232,0.07195029
2527,1.2935607,0.71326685,0.8074578,0.62588185,0.48610294,0.087385
2528,1.9203631,0.6546744,0.76656234,0.54577506,1.1538007,0.108899355
2529,0.8731178,0.3493542,0.41657752,0.3065712,0.4565403,0.042783022
2530,2.0202398,0.68988365,0.87284076,0.6267818,1.1473991,0.06310183
2531,0.19009082,0.21900617,0.11338476,0.080061555,0.07670606,0.13894461
2532,2.7021132,0.9163382,1.1436579,0.8522809,1.5584552,0.06405729
2533,1.9212526,0.560241,0.7577596,0.51917195,1.163493,0.04106903
2534,0.44422582,0.17361799,0.22771867,0.16845618,0.21650715,0.005161807
2535,0.5810159,0.17455155,0.31247154,0.21580763,0.26854435,-0.041256085
2536,0.5523333,0.18811324,0.23341016,0.16746134,0.31892312,0.020651907
2537,0.8511723,0.4019823,0.47715965,0.35275835,0.37401268,0.04922396
2538,1.3273338,0.5241864,0.5942302,0.42612353,0.73310363,0.09806284
2539,0.87781525,0.24797633,0.38532048,0.27370557,0.49249476,-0.025729239
2540,0.3880772,0.14291012,0.22484115,0.15715845,0.16323605,-0.014248326
2541,1.9852147,0.61308044,0.86474067,0.58680403,1.1204741,0.02627641
2542,1.0549866,0.33304226,0.42264265,0.29976442,0.63234395,0.03327784
2543,2.8168015,0.8596536,1.1768906,0.82614917,1.6399109,0.033504426
2544,0.35333642,0.1539947,0.18795952,0.14129528,0.1653769,0.01269941
2545,1.0153568,0.4010931,0.47948727,0.343728,0.5358695,0.05736509
2546,1.4598125,0.41801864,0.55086493,0.3771346,0.9089476,0.040884048
2547,0.89871013,0.44589332,0.5783322,0.41864556,0.32037795,0.027247757
2548,0.6599981,0.27775204,0.3389565,0.24938206,0.3210416,0.028369978
2549,2.1400452,0.8278533,0.9717268,0.70591825,1.1683184,0.12193507
2550,0.56320417,0.23336373,0.30258864,0.21041843,0.26061553,0.0229453
2551,1.0469159,0.5369455,0.6606442,0.50991845,0.38627172,0.02702707
2552,0.58321136,0.25403047,0.3059998,0.2369914,0.27721158,0.01703906
2553,0.87987864,0.29789707,0.3413975,0.2370871,0.5384811,0.06080997
2554,0.23470163,0.023897575,0.10101199,0.07313915,0.13368964,-0.04924158
2555,1.6206136,0.53878975,0.6531884,0.47800964,0.96742517,0.060780108
2556,0.9599536,0.4479848,0.4617044,0.35668653,0.4982492,0.09129828
2557,1.2370627,0.64467984,0.74120176,0.57349515,0.49586093,0.071184695
2558,1.7933989,0.5614463,0.68097734,0.5100449,1.1124215,0.051401436
2559,1.7081237,0.66737187,0.80273676,0.58298767,0.9053869,0.0843842
