feature_idx,seq_effect_obs,struct_effect_obs,seq_effect_shuffle,struct_effect_shuffle,seq_delta,struct_delta
0,1.3366348,0.4893326,0.5472411,0.3536211,0.78939366,0.13571149
1,1.4120789,0.56355333,0.7734049,0.5521992,0.63867396,0.011354148
2,0.15180846,0.12309053,0.06340797,0.04760196,0.08840048,0.07548857
3,1.1056536,0.33727336,0.4632879,0.3238271,0.64236575,0.013446271
4,0.6608439,0.26102474,0.3130196,0.23065658,0.3478243,0.030368164
5,0.053471223,0.10750004,0.046200488,0.032488614,0.0072707348,0.075011425
6,-0.009422926,0.12187917,0.008173066,0.0034759655,-0.017595991,0.118403204
7,0.0492466,0.02769677,0.015891632,0.014389902,0.033354968,0.013306867
8,0.01791504,0.03792465,0.022916237,0.018369123,-0.0050011966,0.019555528
9,-0.0046019107,0.15129341,0.012654042,0.008148037,-0.017255953,0.14314538
10,0.041494038,0.11782796,0.027101856,0.017270092,0.014392182,0.10055786
11,0.05082053,0.021198569,0.021380913,0.019047113,0.029439617,0.0021514557
12,0.37166005,0.19584464,0.25777048,0.1853747,0.113889575,0.010469928
13,0.26542976,0.19357042,0.15273564,0.097919255,0.11269413,0.095651165
14,0.8715165,0.36761725,0.5251738,0.38011748,0.34634274,-0.0125002265
15,0.0781734,0.094808035,0.09179032,0.06673375,-0.0136169195,0.028074287
16,1.3903148,0.66758287,0.81299293,0.6091014,0.5773219,0.058481455
17,0.257896,0.1547498,0.18090504,0.12603886,0.07699096,0.028710932
18,0.9839272,0.32851207,0.42581543,0.3129359,0.5581118,0.015576184
19,1.3321956,0.59917426,0.83293545,0.58443743,0.4992602,0.014736831
20,0.061890353,-0.017389342,0.048295505,0.028172437,0.013594847,-0.04556178
21,0.066684425,0.044069935,0.06064146,0.04620602,0.0060429648,-0.0021360852
22,0.009679927,0.14683917,0.03643652,0.01946221,-0.026756594,0.12737696
23,0.10454609,0.12511298,0.13151774,0.10240674,-0.026971646,0.02270624
24,0.053449314,0.042272687,0.033364043,0.03007868,0.020085271,0.012194008
25,1.4406985,0.6893515,0.9410114,0.62954825,0.49968708,0.059803247
26,1.3104955,0.42916998,0.5866653,0.39601535,0.7238302,0.033154637
27,0.82200944,0.45358863,0.5736343,0.42075816,0.24837512,0.032830477
28,0.05729988,0.024961485,0.06381036,0.04802371,-0.006510485,-0.023062224
29,1.518748,0.49198523,0.8048679,0.60212636,0.7138801,-0.11014113
30,1.3396714,0.77318305,0.9335693,0.683643,0.40610206,0.089540064
31,0.16646732,0.07117108,0.07373242,0.05938067,0.0927349,0.011790413
32,0.85257834,0.3683815,0.5215186,0.355607,0.33105975,0.012774497
33,0.041453563,0.028143385,0.034140714,0.024314854,0.007312849,0.0038285311
34,0.93704087,0.57019764,0.58336914,0.42671353,0.35367173,0.14348412
35,0.9130739,0.39854154,0.4499317,0.31957945,0.4631422,0.07896209
36,0.98497015,0.3583094,0.48382288,0.34509435,0.5011473,0.013215035
37,0.7479924,0.27964297,0.32058483,0.20390093,0.42740756,0.075742036
38,0.422749,0.26619613,0.20943353,0.15822808,0.21331549,0.10796805
39,0.21429604,0.08706497,0.13814959,0.09607154,0.07614645,-0.009006575
40,1.700868,0.8318446,1.1042917,0.7539415,0.59657633,0.07790315
41,0.05367471,0.040592574,0.048681073,0.03633763,0.004993636,0.0042549446
42,0.0748186,0.010524252,0.04053256,0.029226923,0.034286045,-0.018702671
43,1.0293323,0.48534983,0.6778889,0.4947857,0.3514434,-0.009435862
44,1.0585213,0.46827307,0.60559213,0.46432552,0.45292914,0.003947556
45,0.13353549,0.065527804,0.068479314,0.05249201,0.065056175,0.013035793
46,0.118066706,0.024417778,0.094674096,0.064085506,0.02339261,-0.039667726
47,1.0232701,0.5111522,0.6921235,0.47962198,0.33114666,0.03153023
48,0.9469556,0.4250578,0.5943512,0.42856058,0.35260445,-0.0035027862
49,0.84154534,0.46692923,0.59298265,0.4259177,0.2485627,0.041011512
50,0.11042278,0.051734578,0.07477845,0.049792726,0.03564433,0.0019418523
51,0.14091356,0.014366814,0.054728083,0.027492573,0.08618548,-0.01312576
52,1.4925823,0.6836764,0.7269906,0.5170662,0.76559174,0.16661024
53,0.8439108,0.31983763,0.447946,0.30847663,0.3959648,0.011361003
54,0.028749757,-0.013178595,0.024246257,0.021626974,0.0045034997,-0.03480557
55,0.9233968,0.45225376,0.61094165,0.42100176,0.31245518,0.031251997
56,0.7518578,0.23232007,0.3202651,0.2279485,0.4315927,0.0043715686
57,0.21596311,-0.009120179,0.11436931,0.06653269,0.1015938,-0.07565287
58,-0.010638424,0.13142823,0.020777645,0.010214922,-0.03141607,0.1212133
59,1.0206364,0.58243334,0.6917592,0.46265665,0.3288772,0.119776696
60,0.84653014,0.4585623,0.5553249,0.40364903,0.29120523,0.054913282
61,0.064757384,-0.002681294,0.055897046,0.035258215,0.0088603385,-0.037939508
62,0.05709947,0.015020609,0.0457964,0.03417792,0.011303067,-0.019157313
63,0.25688612,0.14935608,0.19677308,0.1436996,0.060113043,0.005656481
64,0.12736098,0.0053177904,0.08385117,0.045792352,0.04350981,-0.040474564
65,0.2099301,0.13322979,0.12948391,0.07674514,0.0804462,0.056484655
66,0.10370117,0.05688951,0.05256494,0.037695967,0.051136225,0.019193545
67,0.11319958,0.07306623,0.07728909,0.059016574,0.035910487,0.014049653
68,1.0731814,0.31743565,0.4308989,0.3069499,0.6422825,0.0104857385
69,1.4364748,0.48089218,0.6403693,0.42461127,0.7961055,0.05628091
70,0.100515865,0.00029963264,0.0508401,0.036826033,0.049675766,-0.0365264
71,0.53245986,0.20720676,0.2136167,0.14991263,0.31884316,0.05729413
72,0.013697367,-0.05314438,0.01873404,0.008472865,-0.0050366726,-0.061617248
73,0.124709345,0.057044506,0.08867308,0.06353723,0.036036268,-0.0064927265
74,0.08584258,0.17022684,0.060035188,0.040143702,0.025807392,0.13008314
75,0.82971114,0.37359864,0.5237137,0.35095137,0.30599743,0.022647262
76,0.21767907,0.12946068,0.15758125,0.11637902,0.060097814,0.013081655
77,0.8573639,0.3613161,0.47041494,0.34335142,0.38694894,0.01796469
78,1.0130152,0.42511868,0.3972687,0.2492204,0.61574644,0.17589828
79,0.029430639,0.1333074,0.026443357,0.016732996,0.0029872824,0.1165744
80,0.97328377,0.44157675,0.5310429,0.362797,0.4422409,0.07877976
81,0.07138204,-0.0024865884,0.052316446,0.040884115,0.019065592,-0.0433707
82,1.2883219,0.3848585,0.50449324,0.3934111,0.7838286,-0.008552611
83,0.92510855,0.38007775,0.47254604,0.36989313,0.4525625,0.010184616
84,0.9826548,0.5732378,0.8533715,0.5876345,0.12928331,-0.014396727
85,0.08064814,0.004304761,0.07397972,0.04311188,0.0066684186,-0.038807116
86,0.016412266,0.12528707,0.033288516,0.025145913,-0.01687625,0.10014116
87,1.0610249,0.38940442,0.4995057,0.37231302,0.5615192,0.017091393
88,0.8267667,0.6632437,0.74654496,0.5777544,0.08022177,0.08548933
89,0.8979272,0.4289232,0.5653205,0.4181331,0.33260673,0.01079008
90,1.0492679,0.40911782,0.6410224,0.41622704,0.4082455,-0.007109225
91,1.0180672,0.40578666,0.58706963,0.41256195,0.4309976,-0.00677529
92,0.1091958,0.043690342,0.060532473,0.046266157,0.048663326,-0.0025758147
93,0.148343,0.060384225,0.0840539,0.054888,0.0642891,0.0054962263
94,1.2278093,0.5611928,0.60035205,0.45223588,0.62745726,0.10895693
95,0.7848384,0.33118495,0.44446144,0.30579904,0.34037694,0.025385916
96,0.17615542,0.13230395,0.13956642,0.11762202,0.036588997,0.014681935
97,0.18235756,0.031023646,0.095284164,0.0633315,0.0870734,-0.032307856
98,1.0910612,0.6007063,0.8071731,0.5902445,0.28388816,0.010461807
99,0.827876,0.3500921,0.51343215,0.34734946,0.31444383,0.0027426481
100,-0.044171166,0.11278886,-0.0027383664,-0.0043636714,-0.041432798,0.117152534
101,0.11157877,0.19982556,0.08168119,0.0642388,0.029897578,0.13558675
102,0.099128634,0.03693245,0.07765993,0.058988534,0.021468706,-0.022056084
103,0.2459096,0.14454274,0.19218247,0.11659571,0.053727135,0.027947031
104,0.11366661,0.15124953,0.047668416,0.031737052,0.0659982,0.119512476
105,0.6875896,0.32834622,0.38156593,0.284277,0.30602366,0.04406923
106,0.8034882,0.2948933,0.3296252,0.27392763,0.473863,0.020965666
107,0.1348719,0.036000766,0.0764406,0.049256045,0.058431298,-0.0132552795
108,0.013662264,0.21666422,0.023297936,0.013839239,-0.009635672,0.20282498
109,0.12595688,0.046036273,0.04046366,0.028330768,0.08549322,0.017705506
110,1.0766125,0.23027462,0.30255708,0.22844107,0.77405536,0.0018335432
111,0.98292726,0.3412809,0.44563684,0.32351834,0.53729045,0.017762572
112,0.5213763,0.3102027,0.42137447,0.28653684,0.10000184,0.023665845
113,0.64989585,0.27578866,0.3493431,0.2523776,0.30055276,0.023411065
114,0.2770261,0.027563559,0.095187165,0.06059761,0.18183893,-0.03303405
115,-0.0061455965,0.20910127,0.018503448,0.013332228,-0.024649044,0.19576904
116,0.027627092,0.054724872,0.02727035,0.022107115,0.00035674125,0.032617755
117,0.894872,0.32817757,0.42964798,0.30657327,0.46522403,0.0216043
118,0.24517053,0.13771439,0.1501582,0.11341151,0.09501234,0.024302877
119,1.3131431,0.7452961,0.96060055,0.6796134,0.35254258,0.06568271
120,0.6282503,0.2669758,0.40863642,0.26953965,0.21961388,-0.002563864
121,0.3271793,0.14823054,0.25175565,0.15514418,0.07542366,-0.006913647
122,0.3105885,0.16773279,0.1945887,0.14312863,0.1159998,0.024604157
123,1.2344741,0.45771876,0.5874679,0.36630297,0.64700615,0.09141579
124,0.024252024,0.004321807,0.01781583,0.007726458,0.0064361934,-0.0034046508
125,1.0406046,0.5179179,0.70087916,0.5200721,0.33972543,-0.002154231
126,0.8552078,0.33502993,0.39904913,0.26858708,0.45615867,0.06644285
127,0.86906064,0.28491175,0.42204332,0.29426336,0.4470173,-0.009351611
128,0.029758029,0.073775195,0.07568198,0.062862515,-0.04592395,0.010912679
129,0.04321109,-0.009051586,0.019430604,0.014475098,0.023780487,-0.023526683
130,1.4659499,0.49153394,0.5811473,0.42465815,0.8848026,0.066875786
131,1.1954654,0.5800863,0.68285257,0.48417598,0.5126129,0.09591031
132,0.30252036,0.3175063,0.28927854,0.20694812,0.0132418275,0.1105582
133,0.68882126,0.3955795,0.52397335,0.37766582,0.16484791,0.01791367
134,0.038874425,0.030739175,0.029153567,0.026136275,0.009720858,0.0046029
135,1.0803511,0.5847168,0.6654985,0.5199205,0.41485262,0.06479627
136,0.08019171,0.06337943,0.046806775,0.032545447,0.033384934,0.030833982
137,0.18948185,0.16706853,0.135959,0.08971937,0.053522855,0.077349156
138,0.9804899,0.17258449,0.22192664,0.151449,0.7585633,0.021135494
139,-0.026523704,-0.06373272,0.010875424,0.0078107035,-0.037399128,-0.071543425
140,2.0079482,0.6805198,0.7878567,0.6021248,1.2200915,0.07839501
141,0.76844835,0.24007915,0.3094632,0.2159724,0.45898515,0.024106756
142,0.12723766,0.10778064,0.09359076,0.06260852,0.033646904,0.045172125
143,0.07510555,0.17008786,0.056810986,0.045592003,0.018294562,0.12449586
144,1.7441313,0.7857671,1.037667,0.7842678,0.7064643,0.0014992952
145,0.72449833,0.42356345,0.5723671,0.34923247,0.15213126,0.074330986
146,1.5708377,0.4018501,0.49585724,0.35830724,1.0749805,0.043542862
147,1.0480895,0.29974046,0.36917266,0.28694734,0.6789168,0.012793124
148,0.07794242,0.1476383,0.04414957,0.030241195,0.033792853,0.117397115
149,1.5690832,0.40572345,0.60927904,0.4251752,0.9598042,-0.019451737
150,1.5429356,0.5991909,0.8860571,0.6117428,0.65687853,-0.012551904
151,0.60186785,0.2756161,0.339737,0.25419384,0.26213086,0.021422267
152,0.29644528,0.10337763,0.22930464,0.14160255,0.06714064,-0.038224913
153,0.16807838,0.09855315,0.10322596,0.07317523,0.06485242,0.025377922
154,0.23235856,0.038697943,0.104809895,0.0650032,0.12754866,-0.026305258
155,0.16196881,0.07202678,0.08289869,0.054384787,0.07907012,0.017641995
156,0.81387573,0.32833612,0.45519653,0.29919308,0.3586792,0.029143035
157,0.46164975,0.26175877,0.30173084,0.21938081,0.1599189,0.042377964
158,0.0370877,0.030701872,0.048173387,0.042303365,-0.011085685,-0.011601493
159,0.93110025,0.35898593,0.45657244,0.3252266,0.4745278,0.033759326
160,0.113960676,0.31997794,0.13016894,0.09201617,-0.016208269,0.22796178
161,0.08811112,0.020526543,0.06568588,0.04458907,0.022425234,-0.024062525
162,0.17406425,0.05130604,0.08721401,0.06404655,0.08685024,-0.012740508
163,0.04536019,0.045283772,0.026223382,0.02064049,0.019136807,0.024643281
164,0.18344031,0.11380105,0.1134917,0.080957875,0.06994861,0.032843173
165,1.0332685,0.4347382,0.5048459,0.3821107,0.52842253,0.052627504
166,0.13165255,0.18993233,0.091688216,0.059271622,0.039964333,0.13066071
167,0.15052637,0.20087704,0.14604422,0.112239756,0.00448215,0.088637285
168,0.8081924,0.33153662,0.4114338,0.2952779,0.3967586,0.036258727
169,1.0628606,0.35287884,0.38391227,0.2668829,0.67894834,0.08599594
170,0.28237674,0.103465594,0.12283049,0.092347406,0.15954626,0.0111181885
171,0.0888131,0.08146171,0.060097925,0.044735804,0.02871517,0.03672591
172,0.46935472,0.25067765,0.29094234,0.21770129,0.17841238,0.03297636
173,0.41715294,0.25581068,0.32064968,0.2329381,0.09650326,0.022872582
174,-0.048366126,0.115053624,0.0032068857,0.00021058806,-0.051573012,0.11484303
175,1.3061398,0.28638718,0.3958435,0.27130994,0.9102963,0.015077233
176,0.17464349,0.08035439,0.10309217,0.06606547,0.071551315,0.014288925
177,-0.038569927,-0.05336464,0.0033296559,0.0014470902,-0.041899584,-0.054811727
178,1.0965489,0.4225566,0.5978689,0.40955228,0.49868,0.013004333
179,0.08393399,0.06757514,0.080340706,0.060370885,0.003593281,0.007204257
180,0.8625256,0.42654306,0.76624197,0.5092414,0.096283615,-0.082698345
181,1.4574331,0.6502726,0.8709768,0.5838126,0.5864563,0.06646001
182,0.70235395,0.3633974,0.46932563,0.33220345,0.23302832,0.031193942
183,0.731474,0.5435486,0.5535439,0.35304865,0.17793006,0.19049993
184,0.080228776,0.044906188,0.042425733,0.031624198,0.037803043,0.01328199
185,1.3130486,0.4709653,0.55617964,0.41981202,0.75686896,0.051153272
186,-0.019292327,0.12654318,0.025341976,0.014467682,-0.044634305,0.1120755
187,0.12043866,0.057437606,0.05498276,0.03819507,0.0654559,0.019242536
188,0.8991937,0.34834683,0.43855032,0.30841836,0.46064338,0.039928466
189,-0.022054074,0.11190578,0.008980315,0.004414981,-0.03103439,0.1074908
190,0.12572542,0.08506992,0.07412372,0.055874635,0.0516017,0.029195283
191,1.339747,0.48355645,0.5673987,0.39130244,0.7723482,0.09225401
192,0.829115,0.36804554,0.48282963,0.3581748,0.34628534,0.009870738
193,0.90442306,0.36045364,0.4062994,0.27520448,0.49812365,0.085249156
194,0.054389425,-0.004037693,0.026837671,0.020524789,0.027551753,-0.024562482
195,0.29148814,0.14741454,0.18682705,0.13854663,0.10466109,0.008867905
196,-0.023411065,0.121247426,0.015603784,0.0049497946,-0.03901485,0.11629763
197,0.046548117,0.027280387,0.022738699,0.021945037,0.023809418,0.0053353496
198,0.08090572,-0.015837124,0.06780271,0.03891847,0.013103008,-0.05475559
199,0.5794021,0.28225264,0.37049216,0.27166757,0.20890993,0.01058507
200,1.6605386,0.5584881,0.7843861,0.6063266,0.87615246,-0.04783851
201,1.1689931,0.5403282,0.6924523,0.50302064,0.4765408,0.03730756
202,0.054860704,0.040930483,0.035864014,0.028278306,0.01899669,0.012652177
203,0.64118046,0.25001797,0.2788513,0.21264431,0.36232916,0.037373662
204,0.8594727,0.29149893,0.33073324,0.23667042,0.52873945,0.05482851
205,1.5641938,0.72620237,0.96537125,0.68407905,0.5988226,0.042123318
206,0.09629094,0.05746128,0.064280584,0.048469067,0.032010354,0.008992214
207,0.11647674,0.11371021,0.09769617,0.06679974,0.018780567,0.046910472
208,-0.018318392,0.21682769,0.02086366,0.015871152,-0.039182052,0.20095654
209,0.17253347,0.04372817,0.04504501,0.039427057,0.12748846,0.004301112
210,0.34992564,0.17697902,0.22923107,0.16380008,0.12069456,0.013178945
211,0.30804333,0.18954043,0.18339409,0.12769242,0.12464924,0.061848015
212,0.093974836,0.054831024,0.062160242,0.0474205,0.031814594,0.0074105226
213,0.793036,0.44550458,0.5453259,0.3930361,0.24771011,0.05246848
214,1.3340772,0.6010386,0.60981554,0.43343034,0.7242617,0.16760823
215,0.008644945,0.008977073,0.017601136,0.019386042,-0.008956191,-0.010408969
216,0.7374816,0.3149659,0.39557236,0.26122952,0.34190923,0.05373639
217,-0.00809665,0.14155236,0.036824025,0.016971145,-0.044920675,0.12458122
218,0.49258414,0.2770928,0.36080512,0.24927711,0.13177902,0.0278157
219,1.1014484,0.41122448,0.42049915,0.28365713,0.6809493,0.12756735
220,0.16126859,0.049640086,0.08045403,0.053020377,0.08081456,-0.0033802912
221,1.0367959,0.33697438,0.4695874,0.30791017,0.56720847,0.029064208
222,1.8060883,0.89964867,0.9520634,0.6549464,0.85402495,0.24470228
223,0.9234906,0.5005974,0.6487922,0.4635678,0.27469838,0.037029624
224,0.8625257,0.39403662,0.4934145,0.3391363,0.3691112,0.05490032
225,0.21417536,0.14197809,0.14336905,0.099415205,0.07080631,0.04256288
226,0.053580984,0.054630905,0.03712057,0.025564026,0.016460415,0.02906688
227,0.047278326,0.16461161,0.07633422,0.05624222,-0.029055897,0.10836939
228,0.0038041347,0.20734599,0.049646914,0.021678448,-0.045842778,0.18566754
229,0.04869224,0.044348463,0.023033228,0.018791005,0.025659014,0.025557458
230,0.103455596,0.049544826,0.08097858,0.05798011,0.022477016,-0.008435283
231,0.78848886,0.43816233,0.57202494,0.42618784,0.21646392,0.011974484
232,0.11423038,0.077171996,0.072875276,0.058925927,0.041355103,0.01824607
233,1.2251803,0.29645532,0.35572064,0.24126753,0.8694596,0.05518779
234,1.1001732,0.48439434,0.5040438,0.35994238,0.5961294,0.124451965
235,0.30523258,0.17194854,0.18107085,0.13886462,0.124161735,0.033083916
236,0.102354035,0.03940605,0.12252194,0.07222895,-0.020167902,-0.032822903
237,0.014570929,0.009949696,0.019505663,0.015936088,-0.0049347337,-0.0059863916
238,0.563376,0.24558058,0.26341373,0.18910985,0.29996228,0.056470737
239,1.4692641,0.57634544,0.76957655,0.54187226,0.6996876,0.03447318
240,-0.019824393,0.13850701,0.030168489,0.020541592,-0.04999288,0.117965415
241,0.03365634,0.21132824,0.037722204,0.02975451,-0.004065864,0.18157373
242,0.081912026,0.040434312,0.032591604,0.029100005,0.049320422,0.0113343075
243,1.0520813,0.46664268,0.54398936,0.4076255,0.508092,0.05901718
244,1.442964,0.7173665,0.89662,0.6043495,0.546344,0.11301702
245,0.16730218,0.09475049,0.13568898,0.105624,0.0316132,-0.010873511
246,0.044570334,0.015357986,0.044777583,0.029730935,-0.00020724908,-0.014372949
247,0.56384027,0.22297247,0.29785353,0.21534157,0.26598674,0.0076308995
248,0.044031646,0.044896208,0.018378448,0.015012516,0.025653198,0.029883692
249,1.4628922,0.64274895,0.8563464,0.6127253,0.60654575,0.030023634
250,0.11379359,0.10739778,0.082365744,0.06641089,0.031427845,0.040986888
251,1.3071754,0.82874763,1.0367156,0.7500998,0.27045977,0.07864785
252,0.8275552,0.4500435,0.56200796,0.40516433,0.26554722,0.04487917
253,0.76504374,0.26670617,0.29474264,0.19568019,0.4703011,0.07102598
254,0.79047483,0.38679588,0.48462287,0.34975058,0.30585197,0.0370453
255,0.9222875,0.45159364,0.6133429,0.4353549,0.30894464,0.016238749
256,1.3824226,0.60270673,0.7640332,0.53782856,0.61838937,0.064878166
257,1.281856,0.48838943,0.67167044,0.4538664,0.6101855,0.03452304
258,0.06257474,-0.008160696,0.027636474,0.021763971,0.03493826,-0.029924668
259,0.0006750611,0.032305464,0.029136479,0.025829043,-0.028461417,0.006476421
260,1.5144362,0.6701517,0.8544779,0.60997164,0.65995836,0.060180068
261,0.67744863,0.39008868,0.5002947,0.38219643,0.17715394,0.007892251
262,0.89075446,0.34531155,0.4472529,0.3205745,0.44350156,0.02473706
263,0.71798193,0.385692,0.49329057,0.35346773,0.22469136,0.032224268
264,0.2041836,0.08349083,0.18189685,0.114950754,0.022286743,-0.03145992
265,0.97206855,0.3643179,0.43406454,0.2913046,0.53800404,0.073013306
266,1.103223,0.60331196,0.8106896,0.5959713,0.29253334,0.0073406696
267,1.2575948,0.48000592,0.6005014,0.37657902,0.6570934,0.1034269
268,0.7617013,0.31681406,0.4402702,0.30686626,0.3214311,0.009947807
269,0.16915679,0.0030167364,0.13295236,0.076544836,0.036204427,-0.073528096
270,0.12228553,0.09134194,0.088294744,0.0667267,0.033990785,0.024615243
271,0.255839,0.08162511,0.17382309,0.11783886,0.0820159,-0.03621375
272,0.4607624,0.19406638,0.24756277,0.17434391,0.21319965,0.019722462
273,0.02598623,0.2662458,0.06006394,0.034777123,-0.03407771,0.23146869
274,1.2761811,0.59247965,0.78801316,0.4951988,0.48816794,0.09728086
275,0.6794098,0.36304462,0.36572084,0.2681523,0.31368896,0.09489232
276,0.12983286,0.018590989,0.07301029,0.05369822,0.056822576,-0.035107233
277,1.1056582,0.44618446,0.56226605,0.39077824,0.5433921,0.055406213
278,0.96298015,0.41988054,0.6426996,0.45254532,0.32028055,-0.032664776
279,0.9895407,0.47533202,0.5583172,0.41389877,0.4312235,0.061433256
280,0.06737231,0.026059194,0.052126456,0.039654583,0.015245851,-0.013595389
281,0.21915244,0.14350878,0.19775859,0.14100847,0.02139385,0.0025003105
282,0.28438056,0.14882828,0.21724713,0.15948752,0.06713343,-0.010659233
283,0.21780746,0.099677436,0.18940055,0.14272538,0.028406903,-0.043047942
284,1.3858596,0.70882624,0.8755018,0.6434194,0.5103578,0.06540686
285,0.109754026,-0.009907257,0.06252771,0.04111701,0.047226317,-0.051024266
286,0.9995051,0.2890786,0.35936442,0.24916363,0.64014065,0.039914966
287,2.59024,0.9068006,1.2467511,0.88546056,1.3434889,0.021340072
288,0.8532238,0.3622485,0.4576195,0.32701254,0.3956043,0.03523597
289,1.3618499,0.526437,0.6163807,0.39653346,0.7454692,0.12990353
290,0.628036,0.35395172,0.42819014,0.30582082,0.19984588,0.0481309
291,0.82464784,0.30807158,0.43317413,0.30565184,0.3914737,0.00241974
292,1.441542,0.56028265,0.78866804,0.5340286,0.652874,0.026254058
293,0.03230265,-0.048060413,0.042557143,0.02715242,-0.010254491,-0.075212836
294,0.10302079,0.059360504,0.060126245,0.04751805,0.042894542,0.011842456
295,0.04838786,0.020175146,0.025186488,0.024042156,0.02320137,-0.0038670097
296,0.13351628,0.03764113,0.07756723,0.057571363,0.055949055,-0.019930232
297,0.84179276,0.30123335,0.44862667,0.29115933,0.3931661,0.010074019
298,0.48261708,0.2237193,0.44341412,0.26524043,0.03920296,-0.041521132
299,0.11716994,0.17716154,0.06916039,0.049372,0.048009552,0.12778954
300,0.20174398,0.098857045,0.18062882,0.13175447,0.021115154,-0.032897428
301,1.1400169,0.6661468,0.60926014,0.48825827,0.5307568,0.17788854
302,0.4188762,0.25252098,0.32979372,0.23836064,0.08908248,0.014160335
303,0.79916865,0.38502514,0.52238405,0.35252845,0.2767846,0.03249669
304,1.4531174,0.65082085,0.8240942,0.58603495,0.6290232,0.0647859
305,0.07260368,0.053586792,0.04484871,0.032866143,0.02775497,0.02072065
306,0.9376151,0.28866452,0.435086,0.30144724,0.5025291,-0.012782723
307,0.37582994,0.32829276,0.3166505,0.20330384,0.059179425,0.12498891
308,0.17675099,0.16043214,0.1864557,0.14495876,-0.009704709,0.015473381
309,1.4594663,0.7183884,1.0985912,0.7408254,0.36087513,-0.022437036
310,-0.040297702,0.11465803,0.004029519,-0.0014099324,-0.04432722,0.11606796
311,0.1700208,0.11157728,0.09710819,0.07511921,0.07291261,0.036458068
312,-0.026816903,0.109435625,0.008135047,0.002729316,-0.034951948,0.10670631
313,0.25611818,0.15421695,0.19073188,0.14107238,0.065386295,0.013144568
314,0.14343102,0.09773827,0.11919552,0.08955346,0.024235502,0.008184813
315,0.15029708,0.18046738,0.07645045,0.059469283,0.07384662,0.1209981
316,0.11557687,0.05782742,0.07813172,0.06316618,0.03744515,-0.005338758
317,-0.034834217,0.122844994,0.008082755,0.008655189,-0.042916972,0.1141898
318,0.11372127,-0.014503206,0.08554052,0.03982698,0.028180748,-0.05433019
319,0.13063662,0.077184476,0.062787905,0.04502222,0.06784871,0.032162257
320,0.23784313,0.10099139,0.12959157,0.0918749,0.10825156,0.009116493
321,0.17770873,0.14333133,0.12359182,0.080531664,0.054116912,0.06279967
322,0.75002545,0.31167242,0.32464355,0.23038967,0.4253819,0.08128275
323,0.19672959,0.12044667,0.14047167,0.09463841,0.05625792,0.02580826
324,0.8709908,0.43990362,0.526947,0.35811192,0.3440438,0.0817917
325,0.64002824,0.294784,0.33555883,0.265071,0.3044694,0.029713005
326,1.0901271,0.5428888,0.55851686,0.4029916,0.53161025,0.13989723
327,0.2978293,0.106720455,0.2056677,0.15103371,0.092161596,-0.04431326
328,0.933719,0.60519403,0.78609526,0.57297415,0.14762372,0.032219887
329,0.14935514,0.06557114,0.06659061,0.041550297,0.082764536,0.02402084
330,1.0531003,0.4392608,0.60804355,0.44487372,0.4450568,-0.00561291
331,-0.028423814,0.17058292,0.025300603,0.014605257,-0.053724416,0.15597767
332,1.2824211,0.5414771,0.83183557,0.6037978,0.45058554,-0.06232071
333,0.29093945,0.14480604,0.22846083,0.13648291,0.062478617,0.008323133
334,0.08983049,0.0651386,0.06611154,0.05077994,0.023718946,0.014358662
335,0.4018236,0.15683994,0.26044732,0.19593999,0.14137629,-0.03910005
336,0.12077939,0.08005898,0.054422628,0.035058178,0.06635676,0.0450008
337,0.2387391,0.17364818,0.20137534,0.15469378,0.037363768,0.018954396
338,0.2277007,0.12259456,0.17403634,0.12891011,0.053664356,-0.0063155517
339,0.34305412,0.28706592,0.2015496,0.1493474,0.14150451,0.13771853
340,0.38883162,0.22168204,0.27349207,0.18084344,0.11533955,0.0408386
341,1.6818224,0.43798864,0.5904017,0.41950196,1.0914207,0.018486679
342,0.023300678,0.06499847,0.025904944,0.019240912,-0.0026042666,0.04575756
343,1.5398325,0.45373484,0.6232794,0.43261123,0.9165531,0.021123618
344,0.90599513,0.48517027,0.65100515,0.42372409,0.25498998,0.06144619
345,1.1533574,0.45487624,0.6175343,0.432213,0.5358231,0.022663236
346,0.050855365,0.124947906,0.024754751,0.018585611,0.026100613,0.1063623
347,1.1801355,0.40639076,0.5053505,0.33902827,0.674785,0.06736249
348,0.30557725,0.118532956,0.15692493,0.11396892,0.14865232,0.004564032
349,0.6512283,0.39933103,0.45969352,0.34245744,0.19153479,0.05687359
350,0.03520418,0.050526477,0.03456995,0.02431636,0.0006342307,0.026210118
351,1.1236119,0.34641075,0.41959152,0.30373996,0.7040204,0.042670786
352,0.1457285,0.061556745,0.1336289,0.08652763,0.012099594,-0.024970885
353,1.324743,0.4919116,0.60170776,0.38613576,0.7230353,0.10577583
354,0.57964593,0.32721537,0.3887731,0.2678576,0.19087282,0.059357762
355,0.069598235,0.07734618,0.061651777,0.054459263,0.007946458,0.02288692
356,0.085976,0.04914481,0.040821604,0.031112349,0.045154393,0.01803246
357,0.029915947,0.14365481,0.040877238,0.026590068,-0.01096129,0.117064744
358,0.17044461,0.076139316,0.07933776,0.056208163,0.09110685,0.019931152
359,0.103840135,0.08404461,0.10029976,0.07275123,0.0035403743,0.011293381
360,1.037246,0.60371494,0.7064538,0.50379103,0.3307922,0.09992391
361,0.08920158,0.18239011,0.065920606,0.048194915,0.02328097,0.1341952
362,0.004329927,0.06327289,0.01471523,0.010774056,-0.010385303,0.052498836
363,1.2187885,0.49832666,0.5226266,0.38540214,0.6961619,0.112924516
364,1.5917448,0.549297,0.7609662,0.5479658,0.8307786,0.0013311505
365,0.009502938,-0.0582845,0.0140547585,0.0059527294,-0.0045518205,-0.06423723
366,1.4510983,0.4510169,0.5821273,0.40468568,0.86897105,0.046331227
367,0.7606486,0.2826869,0.35137826,0.2508255,0.40927035,0.031861395
368,1.5226706,0.3573726,0.42776316,0.299303,1.0949075,0.058069617
369,0.16968837,0.021643497,0.09529519,0.07198115,0.07439318,-0.05033765
370,0.36426544,0.25619602,0.30037504,0.22123797,0.0638904,0.03495805
371,0.61381143,0.30389658,0.36488158,0.27373147,0.24892986,0.030165106
372,0.44606417,0.21920432,0.22948694,0.16263106,0.21657723,0.056573257
373,0.42160335,0.1980666,0.24510041,0.18736105,0.17650294,0.01070556
374,0.90993,0.32330027,0.44316024,0.32577187,0.46676975,-0.002471596
375,0.13097195,0.08266083,0.09362054,0.07099477,0.037351415,0.0116660595
376,0.8015639,0.4047654,0.457357,0.3091661,0.34420693,0.09559929
377,0.102258034,0.071045205,0.07447952,0.05524668,0.027778514,0.015798524
378,1.1287377,0.57684296,0.5981587,0.41852427,0.530579,0.1583187
379,0.9301486,0.5209251,0.6634101,0.45982966,0.26673847,0.061095446
380,0.12438211,0.06194795,0.065660514,0.058391314,0.058721595,0.0035566352
381,0.9842009,0.34286475,0.44753847,0.32816976,0.53666246,0.014694989
382,0.14525539,0.09613466,0.08535211,0.06448881,0.05990328,0.03164585
383,0.5368583,0.23923476,0.25444144,0.1877006,0.28241688,0.05153416
384,-0.011898022,0.13158734,0.015322747,0.0040853685,-0.027220769,0.12750198
385,1.4368188,0.23694237,0.31908268,0.19312137,1.1177361,0.043820992
386,1.2042814,0.4400922,0.48533446,0.37886208,0.718947,0.061230123
387,0.09663951,0.2414124,0.08569679,0.048265312,0.01094272,0.1931471
388,0.12516727,0.036623392,0.09413329,0.061592728,0.031033978,-0.024969336
389,0.7973809,0.32960817,0.47767025,0.33313426,0.31971067,-0.0035260916
390,0.8688971,0.5097496,0.6905605,0.49091658,0.17833656,0.018833011
391,0.1524696,0.240948,0.15214284,0.10392815,0.00032676756,0.13701986
392,0.1936547,0.20563729,0.15356512,0.10129825,0.040089577,0.10433904
393,0.06493747,0.044909734,0.027519086,0.02449101,0.037418388,0.020418724
394,0.36929652,0.19196291,0.18707262,0.13105947,0.1822239,0.060903445
395,0.0104029365,0.024547433,0.020843666,0.01639539,-0.01044073,0.008152043
396,1.0306048,0.5110658,0.7160511,0.49641886,0.31455374,0.014646918
397,0.048083935,-0.0165592,0.034445163,0.026730943,0.013638772,-0.043290146
398,0.24799581,0.15342146,0.22042637,0.14679733,0.027569443,0.0066241324
399,0.85135484,0.42675844,0.5399838,0.38856977,0.31137103,0.038188666
400,0.048918832,-0.02778688,0.02861982,0.021293063,0.020299012,-0.049079943
401,0.21033444,0.09610846,0.14586142,0.0957044,0.06447302,0.0004040599
402,1.7532712,0.5730088,0.780776,0.544156,0.9724952,0.02885276
403,0.8615692,0.6146725,0.7042694,0.5428979,0.15729982,0.0717746
404,0.07310399,0.058350496,0.061004568,0.042315837,0.012099419,0.016034659
405,1.5683138,1.0050447,1.1810238,0.89056665,0.38729,0.11447805
406,0.10751115,0.06520193,0.038715374,0.029029462,0.06879577,0.03617247
407,1.1062394,0.38600552,0.46960658,0.29046315,0.63663286,0.09554237
408,0.7772823,0.5030091,0.59610593,0.45207462,0.18117636,0.050934464
409,1.6016991,0.35637683,0.43481445,0.29062146,1.1668847,0.06575537
410,0.8548104,0.2880928,0.4061656,0.28321955,0.44864482,0.004873246
411,0.051746137,0.04016016,0.042148016,0.029044729,0.009598121,0.011115432
412,0.37876767,0.2855246,0.29225904,0.21067066,0.08650863,0.07485394
413,1.3186406,0.6745973,0.8736097,0.6217668,0.44503087,0.052830517
414,1.1531081,0.3874785,0.5133643,0.39241448,0.6397438,-0.00493598
415,0.028937373,0.0023959996,0.018257938,0.010413513,0.010679435,-0.008017513
416,0.0947044,0.060101077,0.056024324,0.041308727,0.038680073,0.01879235
417,0.97672814,0.4300182,0.5550175,0.3933387,0.42171067,0.036679476
418,1.4501082,0.4828669,0.6424948,0.42891392,0.8076134,0.053952992
419,1.3203994,0.724048,0.76836586,0.58359534,0.55203354,0.14045268
420,0.07270509,0.0054488094,0.06528137,0.046250444,0.0074237213,-0.040801633
421,0.101150036,0.18741857,0.10862247,0.08084896,-0.007472433,0.1065696
422,1.6629252,0.5186406,0.6818725,0.46730238,0.98105276,0.051338196
423,1.0056003,0.57139564,0.7166417,0.5673815,0.2889586,0.0040141344
424,0.8417756,0.30771592,0.39293057,0.2825455,0.44884503,0.025170416
425,0.106396556,0.055309467,0.028233051,0.02153416,0.078163505,0.033775307
426,1.5561315,0.77245253,1.0097749,0.7041712,0.54635656,0.06828135
427,0.06134372,0.05794939,0.034961265,0.026676416,0.026382454,0.031272974
428,0.18255204,0.12585732,0.101138175,0.06965602,0.081413865,0.0562013
429,0.064465374,0.06555785,0.075211376,0.056236286,-0.010746002,0.009321567
430,1.0074196,0.446482,0.5193216,0.36162505,0.48809797,0.08485696
431,0.020942537,0.035677563,-0.002907985,0.0030671598,0.023850523,0.032610405
432,1.1098152,0.48203328,0.68072057,0.4641942,0.42909467,0.017839074
433,-0.011729809,0.020963563,0.027546752,0.021480959,-0.039276563,-0.00051739626
434,0.023931306,0.0403749,0.009252584,0.010211555,0.014678722,0.030163346
435,0.925086,0.38158023,0.4741234,0.353057,0.45096263,0.028523237
436,1.0639338,0.5167834,0.7107175,0.5074091,0.35321635,0.0093743205
437,0.8134541,0.37108845,0.3991974,0.31662443,0.4142567,0.054464012
438,0.8250572,0.49190056,0.59538853,0.44025669,0.22966868,0.05164388
439,0.1866662,0.09723057,0.15110517,0.11276887,0.03556104,-0.015538305
440,0.09570345,0.056371417,0.054103352,0.033543173,0.0416001,0.022828244
441,1.1424655,0.4512055,0.5723265,0.4069057,0.570139,0.04429978
442,0.010592013,0.20581172,0.018206723,0.01675823,-0.0076147104,0.18905349
443,0.91118294,0.31011564,0.40982383,0.29111376,0.5013591,0.019001871
444,0.03149509,0.056501903,0.027314369,0.020405095,0.004180722,0.036096808
445,0.031877372,0.037631165,0.017225292,0.01348611,0.014652081,0.024145056
446,0.14228107,0.07937352,0.09551756,0.068888195,0.04676351,0.010485329
447,0.86540735,0.4676116,0.55844736,0.3999805,0.30696,0.067631125
448,0.8973843,0.33738482,0.44664988,0.29132792,0.4507344,0.046056896
449,0.07013219,0.15810117,0.043590914,0.031695765,0.026541274,0.1264054
450,0.957029,0.3799935,0.39494643,0.28072947,0.5620825,0.099264026
451,0.34004855,0.17067194,0.25897002,0.1874834,0.08107853,-0.01681146
452,0.043812208,-0.002380476,0.0113766985,0.011096751,0.03243551,-0.013477228
453,0.09017039,0.08708221,0.054540526,0.04339046,0.035629865,0.043691747
454,0.11621532,0.06457392,0.06129352,0.04133542,0.0549218,0.023238502
455,0.896964,0.4406775,0.64925426,0.42943424,0.24770975,0.011243254
456,0.22364175,0.13761604,0.22517864,0.179719,-0.0015368909,-0.042102963
457,0.32528216,0.0999384,0.13033603,0.103567876,0.19494613,-0.0036294758
458,1.7866808,0.91691715,1.2126497,0.87322986,0.5740311,0.043687284
459,0.7174712,0.28044733,0.33681843,0.2391953,0.38065276,0.041252032
460,0.2978596,0.1585658,0.17536592,0.12737064,0.122493684,0.031195164
461,0.10017136,0.039037988,0.06771781,0.05222904,0.032453544,-0.013191052
462,0.74943745,0.3409883,0.52222806,0.3587776,0.22720939,-0.017789304
463,1.3591512,0.66805345,1.0227327,0.67706996,0.3364185,-0.009016514
464,0.8056958,0.37494785,0.5349402,0.37115955,0.2707556,0.0037882924
465,0.78897387,0.28641984,0.34109098,0.24497473,0.4478829,0.041445106
466,0.15949145,0.0758903,0.09309953,0.0602099,0.06639192,0.015680403
467,1.5394073,0.63633215,0.86186206,0.6314934,0.6775452,0.0048387647
468,0.13880436,0.08996131,0.10134337,0.07174412,0.03746099,0.018217191
469,0.29629874,0.1428074,0.19814675,0.1375844,0.098152,0.005222991
470,0.6502822,0.21131542,0.279131,0.189146,0.3711512,0.022169426
471,0.069131896,0.027235702,0.048074696,0.039287895,0.0210572,-0.012052193
472,0.09441284,0.026715701,0.06540511,0.05087825,0.029007733,-0.024162548
473,0.83029497,0.48832038,0.6112236,0.46361524,0.21907139,0.024705142
474,0.8492324,0.36055154,0.48062143,0.33655804,0.36861095,0.023993492
475,-0.00277618,-0.03057194,0.023386916,0.01318156,-0.026163096,-0.043753497
476,-0.02746368,0.056762896,0.033964846,0.018944655,-0.061428525,0.037818242
477,0.79533124,0.40130875,0.446562,0.3268282,0.34876925,0.07448053
478,0.079033375,0.15966593,0.04436604,0.032468956,0.034667335,0.12719697
479,0.24499574,0.15846378,0.16266322,0.123621285,0.08233252,0.03484249
480,1.29188,0.48882824,0.6550886,0.44651222,0.6367914,0.04231602
481,0.14982343,0.07406366,0.14117284,0.08750369,0.008650586,-0.013440028
482,1.3162223,0.4458531,0.5201139,0.36431977,0.7961084,0.08153334
483,0.056656472,-0.03310229,0.024959786,0.010067685,0.031696685,-0.043169975
484,1.281435,0.59628904,0.7392899,0.5037085,0.54214513,0.09258056
485,1.0299426,0.2712878,0.35145608,0.23935027,0.6784866,0.031937525
486,1.4563999,0.6360201,0.79747254,0.5479187,0.6589274,0.08810145
487,1.0583867,0.3816125,0.4700981,0.3444671,0.58828855,0.037145406
488,1.1915107,0.5816661,0.7147871,0.5223454,0.47672355,0.05932069
489,0.92852056,0.3677071,0.46570286,0.3327935,0.4628177,0.0349136
490,1.2307217,0.48859495,0.51785326,0.38779634,0.71286845,0.10079861
491,-0.010685755,0.14346913,0.025220552,0.01499408,-0.035906307,0.12847504
492,0.74428266,0.29386994,0.40053067,0.28308368,0.343752,0.010786265
493,1.373433,0.5720466,0.6502154,0.49387342,0.7232176,0.07817316
494,0.12333321,0.056885246,0.054540236,0.03760902,0.06879297,0.019276228
495,0.22375995,0.12004769,0.1560001,0.10160731,0.06775986,0.01844038
496,0.07850641,0.054973163,0.05754438,0.040725954,0.02096203,0.014247209
497,0.8590048,0.28832176,0.54013383,0.34564,0.31887096,-0.05731824
498,0.051755533,0.1287035,0.03311964,0.028781122,0.018635891,0.09992238
499,1.3672866,0.61391056,0.9075788,0.5990355,0.45970774,0.014875054
500,0.7071261,0.41645482,0.48193675,0.34235594,0.22518933,0.074098885
501,0.2762732,0.11987515,0.18967238,0.1403183,0.08660081,-0.020443156
502,1.0578564,0.50276893,0.5544286,0.39552256,0.50342786,0.10724637
503,0.8949411,0.5578175,0.6184209,0.45505792,0.2765202,0.1027596
504,0.03117496,0.045079514,0.02172039,0.02308779,0.009454569,0.021991724
505,1.3956114,0.45157224,0.67041516,0.4348978,0.72519624,0.01667443
506,0.22082311,0.14778541,0.17990544,0.1428996,0.040917665,0.0048858076
507,0.23617442,0.10781275,0.10862225,0.07912213,0.12755217,0.028690614
508,1.0102795,0.33935702,0.3752881,0.26989663,0.6349914,0.06946039
509,0.13703746,0.105086535,0.08805228,0.07167863,0.048985176,0.033407904
510,0.83086395,0.31693983,0.4564828,0.33327973,0.37438115,-0.016339898
511,0.43999594,0.18326093,0.31097117,0.20573911,0.12902477,-0.022478178
512,1.2976562,0.5386047,0.66412354,0.48740616,0.63353264,0.051198512
513,0.8512511,0.32413986,0.37933066,0.28608632,0.47192046,0.038053542
514,0.12164694,0.0557378,0.055241756,0.042236663,0.066405185,0.0135011375
515,-0.024511881,0.20188826,0.009926176,0.005147143,-0.03443806,0.19674112
516,0.87100834,0.35544467,0.43533546,0.3101285,0.43567288,0.04531616
517,-0.001547017,0.1405883,0.03393368,0.018132087,-0.035480697,0.12245621
518,0.094640516,0.052805398,0.047222875,0.039238233,0.04741764,0.013567165
519,0.78667605,0.21561593,0.2951509,0.21209279,0.49152514,0.0035231411
520,0.79445225,0.617775,0.59152114,0.40471396,0.2029311,0.21306106
521,0.17514098,0.042490166,0.13152738,0.08119048,0.043613598,-0.038700316
522,0.043720335,-0.030677782,0.025737066,0.014244427,0.017983269,-0.04492221
523,0.12931299,0.08815895,0.095374964,0.07407292,0.033938028,0.01408603
524,0.0026871257,0.043662924,0.008858715,0.0071036606,-0.0061715897,0.036559265
525,0.15303496,0.096419126,0.11517675,0.06977289,0.037858203,0.026646234
526,0.84215707,0.28225288,0.35296327,0.25960857,0.4891938,0.022644311
527,0.033603687,0.013239904,0.036209084,0.025583232,-0.0026053973,-0.0123433275
528,0.87050444,0.40021524,0.46858215,0.33943456,0.4019223,0.060780674
529,0.023719182,0.031832896,0.020705309,0.012301403,0.0030138735,0.019531492
530,0.82057834,0.4078294,0.50418866,0.35998043,0.31638968,0.04784897
531,0.37006158,0.2148655,0.23692986,0.16342953,0.13313171,0.051435977
532,1.9154222,1.0140501,0.9973202,0.78495264,0.918102,0.22909749
533,0.33679387,0.072963856,0.122603774,0.08819266,0.2141901,-0.0152288005
534,0.22476412,0.25992566,0.16649565,0.10980737,0.058268473,0.15011829
535,0.9250136,0.24836068,0.3922223,0.27552125,0.5327913,-0.02716057
536,-0.014062365,-0.06096556,0.009819419,0.004486869,-0.023881784,-0.06545243
537,-0.046187155,0.15427428,0.014119407,0.0059725707,-0.060306564,0.14830172
538,0.5707209,0.34960905,0.4428882,0.31459156,0.12783271,0.03501749
539,0.2301482,0.07733486,0.12620254,0.08683807,0.10394566,-0.009503208
540,0.7393563,0.29322162,0.39219275,0.27286416,0.34716353,0.02035746
541,0.2936424,0.1492042,0.156596,0.11127715,0.1370464,0.037927046
542,0.032292996,0.007257211,0.019277861,0.01972815,0.013015134,-0.012470939
543,0.11974464,0.08426475,0.076274805,0.05980754,0.04346984,0.024457209
544,0.04403205,0.11748855,0.05394149,0.036449753,-0.00990944,0.081038795
545,0.79286706,0.39228922,0.53802973,0.36365682,0.25483733,0.028632402
546,0.045550995,0.050480172,0.03512358,0.02766787,0.010427415,0.022812301
547,1.4868858,0.7337528,0.76809925,0.5787609,0.71878654,0.15499187
548,0.04855094,0.018808022,0.03904993,0.03384811,0.00950101,-0.015040088
549,0.018290522,0.035319313,0.021420132,0.019294549,-0.0031296108,0.016024765
550,1.1191186,0.46547812,0.5206861,0.38687682,0.5984325,0.0786013
551,0.55655944,0.25403005,0.33339462,0.23786478,0.22316483,0.016165271
552,1.3245847,0.27117956,0.42997837,0.27472886,0.89460635,-0.0035493076
553,0.44100773,0.1667536,0.24284704,0.16125026,0.1981607,0.0055033416
554,0.07703437,0.045147583,0.048606932,0.035474572,0.028427437,0.009673011
555,1.2753577,0.63191575,0.75591534,0.5001843,0.5194424,0.13173145
556,0.11836172,0.041879322,0.08098814,0.051094137,0.03737358,-0.009214815
557,0.07680164,0.08352291,0.07007387,0.04975743,0.00672777,0.03376548
558,0.86592114,0.37441012,0.5027748,0.37689343,0.36314636,-0.0024833083
559,0.23935913,0.23049456,0.179671,0.12300509,0.05968812,0.10748947
560,0.20099324,0.040749706,0.12167342,0.07567436,0.07931982,-0.034924656
561,1.5196948,0.703249,0.923797,0.66278625,0.5958978,0.040462732
562,0.073390484,0.0052214838,0.07440174,0.04868007,-0.0010112599,-0.04345859
563,0.043671787,0.04815411,0.01815099,0.017431742,0.025520796,0.030722367
564,1.0353806,0.40206835,0.5292217,0.3651894,0.5061589,0.036878943
565,0.18983772,0.057643976,0.111461245,0.06792225,0.07837648,-0.010278273
566,0.05670754,-0.021349443,0.042932317,0.028259743,0.013775222,-0.049609184
567,0.008994547,0.1267262,0.028108235,0.019526329,-0.01911369,0.10719986
568,0.12420063,0.053924046,0.05986329,0.042747937,0.064337336,0.011176109
569,0.9126339,0.5878331,0.76631564,0.5151103,0.14631826,0.07272279
570,0.40059233,0.14709981,0.28316373,0.18154298,0.1174286,-0.03444317
571,1.1288879,0.7999717,0.97323453,0.7852157,0.15565336,0.014756024
572,0.06989672,0.10039882,0.05443924,0.047177,0.015457481,0.05322182
573,0.9386159,0.3059338,0.4093035,0.28717718,0.52931243,0.018756628
574,1.1303648,0.5000209,0.7143997,0.5346775,0.41596508,-0.034656584
575,0.06433695,-0.0063055735,0.07084793,0.046341993,-0.0065109804,-0.05264757
576,0.22048424,0.13076541,0.14798735,0.10305403,0.07249689,0.027711377
577,0.12637492,0.07062698,0.08691898,0.0555062,0.039455935,0.015120782
578,0.21560554,0.1680851,0.19236599,0.14492589,0.023239553,0.023159206
579,0.08248944,0.13433753,0.03972634,0.027457943,0.0427631,0.106879584
580,-0.0011414135,0.09505418,0.0090285195,0.00829744,-0.010169933,0.086756736
581,0.81863064,0.45128965,0.53135914,0.3642762,0.2872715,0.08701345
582,0.0068585966,-0.038176924,0.020326663,0.014114812,-0.013468066,-0.052291736
583,1.5790188,0.7075292,0.7774879,0.53150034,0.80153096,0.17602885
584,0.74196297,0.3591747,0.4241417,0.31579098,0.31782126,0.043383718
585,0.042204652,0.03704901,0.036763716,0.025658572,0.0054409355,0.011390438
586,-0.030200813,0.13750346,0.014434317,0.0050694547,-0.044635132,0.13243401
587,0.7942349,0.34540996,0.51405513,0.3401844,0.28017974,0.005225569
588,0.12939467,0.084863596,0.07853705,0.060569923,0.05085762,0.024293672
589,1.0617188,0.48497015,0.59158957,0.41465735,0.47012925,0.0703128
590,0.122623704,0.064682655,0.052381247,0.03720721,0.07024246,0.027475446
591,-0.044104014,0.10953521,0.0026747873,-0.0009868148,-0.0467788,0.110522024
592,0.8640679,0.28895363,0.39541078,0.28438205,0.46865714,0.004571587
593,1.372095,0.75064033,0.9547161,0.6725925,0.4173789,0.07804781
594,-0.023967108,0.12028615,0.01277363,0.0047682957,-0.03674074,0.115517855
595,1.7311996,0.52308494,0.84315795,0.5130435,0.8880417,0.010041416
596,1.7279007,0.78823847,0.79688346,0.61577225,0.9310173,0.17246622
597,0.023931647,0.005054825,0.025729168,0.018835705,-0.0017975215,-0.01378088
598,0.07480204,0.026194643,0.050233103,0.032484792,0.024568938,-0.006290149
599,0.105786234,0.07089162,0.027607402,0.022678968,0.07817883,0.04821265
600,0.88588196,0.29269725,0.24698186,0.19933131,0.6389001,0.09336594
601,0.94252044,0.52642035,0.65212464,0.4516158,0.2903958,0.074804544
602,0.15266532,0.07932477,0.05143684,0.03892196,0.101228476,0.040402807
603,0.3381183,0.17405592,0.24495332,0.19079618,0.093164995,-0.016740263
604,0.14380172,0.07099996,0.09951686,0.07343427,0.044284858,-0.0024343133
605,0.2522528,0.039138306,0.147405,0.101364255,0.10484779,-0.06222595
606,0.2635745,0.17478602,0.17237987,0.11698897,0.091194645,0.057797045
607,0.26797068,0.1835841,0.20422736,0.15021943,0.06374332,0.03336467
608,0.38147438,0.26746354,0.23415044,0.17840426,0.14732394,0.08905928
609,0.03262625,0.0953738,0.05196796,0.03462503,-0.019341711,0.06074877
610,0.55283093,0.25295573,0.34294167,0.23855433,0.20988926,0.014401406
611,0.28369612,0.15888737,0.17722577,0.1371413,0.10647035,0.02174607
612,0.044351567,0.14016809,0.035865508,0.029377794,0.008486059,0.11079029
613,1.2766286,0.43163097,0.53607684,0.4003632,0.74055177,0.031267762
614,0.08082888,0.17507379,0.069462165,0.049806263,0.0113667175,0.12526752
615,1.2483944,0.65361774,1.0251362,0.6535856,0.22325814,3.2126904e-05
616,0.16108496,0.046377834,0.10163133,0.07398107,0.059453636,-0.027603235
617,0.14387153,0.04454347,0.0782363,0.051143743,0.065635234,-0.006600272
618,1.4721292,0.51623625,0.486499,0.4213663,0.9856302,0.09486994
619,0.2637231,0.07917829,0.1858124,0.13077523,0.07791071,-0.05159694
620,0.8550221,0.33411154,0.3736022,0.27171162,0.48141986,0.062399924
621,1.1040316,0.37259033,0.5261815,0.3648991,0.57785004,0.0076912344
622,1.0488564,0.33348104,0.49384665,0.35128433,0.5550097,-0.017803282
623,1.3186225,0.7560311,0.88614523,0.6519757,0.43247724,0.104055405
624,1.0555496,0.3331449,0.44973636,0.31761748,0.60581326,0.015527427
625,-0.031207805,0.11730043,0.006356336,0.0011326333,-0.037564144,0.1161678
626,0.8682913,0.5007014,0.5803529,0.44040474,0.28793842,0.060296685
627,0.051324036,0.022552408,0.03284339,0.024615137,0.018480647,-0.0020627286
628,0.07392851,0.039870236,0.055033624,0.02972903,0.018894888,0.010141207
629,1.1780233,0.27705026,0.36588424,0.26826447,0.8121391,0.008785784
630,1.2823688,0.6479895,0.74348086,0.536126,0.5388879,0.111863494
631,0.9214478,0.4196266,0.5841576,0.40047574,0.33729023,0.019150853
632,0.011147459,0.06768243,0.04275862,0.030139416,-0.031611163,0.037543014
633,0.93620944,0.4294049,0.534093,0.35300615,0.40211642,0.07639876
634,1.0697454,0.50065374,0.6247982,0.45486575,0.44494724,0.04578799
635,1.4208488,0.7215468,0.86466616,0.64239234,0.5561827,0.07915449
636,0.6247986,0.33577004,0.4278987,0.28770566,0.19689989,0.04806438
637,1.425373,0.5019894,0.6445112,0.46111554,0.78086174,0.040873885
638,0.06719324,0.03064302,0.037501924,0.024968436,0.029691316,0.005674584
639,0.24876368,0.12963177,0.15378286,0.10710849,0.09498082,0.022523284
640,1.2124431,0.6165404,0.7505547,0.5397565,0.46188843,0.076783895
641,0.94552916,0.45228386,0.5858668,0.39318505,0.35966235,0.05909881
642,0.14159195,0.10469569,0.10078479,0.068952836,0.040807158,0.035742857
643,0.06919551,0.051793564,0.07872755,0.06016007,-0.009532042,-0.008366507
644,1.4707885,0.86925244,1.0616162,0.8428798,0.4091723,0.026372671
645,1.1278911,0.60219425,0.71953356,0.51470006,0.4083575,0.087494195
646,1.0649266,0.32228982,0.5055892,0.34081158,0.55933744,-0.018521756
647,1.1799684,0.3548295,0.57591504,0.41397506,0.6040533,-0.05914557
648,0.043049965,0.048298206,0.02394789,0.02207539,0.019102074,0.026222816
649,-0.007025321,-0.059531834,0.0052291313,0.0017544532,-0.012254452,-0.061286286
650,0.067115776,-0.015825117,0.036486965,0.02270016,0.030628812,-0.038525276
651,1.6341531,0.50835997,0.669278,0.4492077,0.9648751,0.059152275
652,0.10414369,0.16761084,0.078670464,0.054856606,0.025473222,0.11275423
653,0.077464126,-0.0035948984,0.045604818,0.030069044,0.03185931,-0.033663943
654,1.3182153,0.5718192,0.66488445,0.4480063,0.6533308,0.123812884
655,0.0044732005,0.0221139,0.025280127,0.021208532,-0.020806927,0.0009053685
656,0.97307795,0.5055901,0.6456251,0.4899239,0.32745284,0.015666187
657,1.4024023,0.5990308,0.7472111,0.5359003,0.6551912,0.0631305
658,1.0221204,0.36136708,0.45058814,0.3010797,0.57153225,0.060287386
659,0.785215,0.3956933,0.56987405,0.41398567,0.21534097,-0.018292367
660,-0.014769692,0.11632657,0.015255074,0.007496956,-0.030024767,0.10882962
661,0.14521901,0.08694825,0.08812682,0.05584402,0.05709219,0.031104233
662,0.10873919,0.07843314,0.08344617,0.062066115,0.025293022,0.016367026
663,0.93628114,0.3307546,0.4070316,0.27506706,0.52924955,0.055687547
664,0.35661483,0.24150239,0.2085469,0.14817742,0.14806792,0.093324974
665,0.097528055,0.0071478407,0.04388615,0.035401065,0.053641904,-0.028253224
666,0.5082481,0.2354282,0.318522,0.22034371,0.18972608,0.01508449
667,0.7026596,0.39530095,0.6200279,0.43912125,0.08263171,-0.04382029
668,0.0532687,0.03302997,0.04354521,0.031068847,0.009723492,0.0019611232
669,1.4267364,0.60937214,0.93779886,0.6022334,0.4889375,0.007138729
670,1.1988581,0.64708215,0.8530344,0.60204947,0.34582376,0.04503268
671,-0.014913454,0.06263744,0.013799479,0.011608089,-0.028712932,0.05102935
672,0.20856732,0.13922618,0.115105614,0.08423622,0.09346171,0.054989964
673,0.941417,0.21524598,0.34560594,0.21978743,0.595811,-0.0045414567
674,1.0998666,0.39151505,0.56649035,0.40824977,0.5333763,-0.01673472
675,0.6047696,0.48575506,0.4472746,0.3429019,0.15749499,0.14285317
676,1.0956602,0.53945,0.6487497,0.4606851,0.4469105,0.078764886
677,0.14908126,0.036436763,0.11580713,0.07988572,0.03327413,-0.04344896
678,0.058302768,0.005545754,0.062990144,0.04168898,-0.0046873763,-0.036143225
679,0.04032079,0.27224886,0.07035217,0.056736864,-0.030031376,0.21551201
680,0.68711007,0.33144295,0.37803432,0.27997518,0.30907574,0.051467776
681,0.016131008,0.09392359,0.028497303,0.021958116,-0.012366295,0.07196547
682,1.2533811,0.4914908,0.6952976,0.4837555,0.55808353,0.007735312
683,0.40592417,0.18878858,0.2552283,0.18332791,0.15069586,0.0054606646
684,0.30139375,0.16655053,0.25144467,0.16582653,0.04994908,0.0007240027
685,0.832516,0.45523122,0.54032403,0.39832905,0.29219198,0.05690217
686,1.7436382,0.7807862,1.0023301,0.63591546,0.7413081,0.14487076
687,0.88448113,0.3837414,0.50097454,0.36657098,0.3835066,0.01717043
688,0.95871085,0.31883287,0.3801662,0.2684391,0.5785446,0.05039376
689,1.4835972,0.5913839,0.7955043,0.54901266,0.6880929,0.042371213
690,0.08034974,0.070637554,0.040590554,0.04012739,0.03975919,0.030510165
691,0.15024318,0.092295416,0.1132555,0.07444259,0.036987677,0.017852828
692,0.04904513,0.18097983,0.040225588,0.02753761,0.008819543,0.15344222
693,0.004402092,0.20877407,0.056019586,0.037977535,-0.051617492,0.17079654
694,1.0546639,0.55444807,0.6975966,0.5056969,0.3570673,0.048751175
695,0.035236016,0.06711131,0.020964105,0.022722112,0.014271911,0.044389203
696,1.3729564,0.74230814,0.95148575,0.70680106,0.42147064,0.035507083
697,0.93315,0.25728002,0.43924078,0.26087433,0.4939092,-0.003594309
698,1.3512475,0.7761378,0.89471424,0.63112605,0.4565333,0.14501178
699,0.33127338,0.2434362,0.29299912,0.23508072,0.03827426,0.008355483
700,0.15580437,0.12053347,0.12624866,0.092499755,0.029555708,0.028033711
701,0.18080989,0.03554284,0.15542383,0.07629877,0.02538605,-0.040755935
702,0.061715305,0.15889244,0.05374726,0.038709406,0.007968046,0.120183036
703,0.20333257,0.16371782,0.16664302,0.11770187,0.03668955,0.046015948
704,0.036793016,0.037917137,0.0314018,0.023525326,0.005391214,0.014391812
705,0.95282394,0.3580591,0.45729685,0.33517036,0.4955271,0.02288875
706,0.983986,0.37760758,0.5035877,0.39513987,0.4803983,-0.017532289
707,0.018790098,0.03728006,0.009136453,0.006270052,0.009653645,0.03101001
708,0.93952054,0.4683838,0.6676636,0.4605998,0.27185696,0.007783979
709,-0.023667047,0.13807376,0.016864484,0.008137537,-0.04053153,0.12993622
710,1.1607879,0.56953406,0.70260435,0.48764062,0.4581836,0.081893444
711,0.118948564,0.088935025,0.09770456,0.07228545,0.021244004,0.016649574
712,1.0541297,0.44658437,0.56433004,0.3648099,0.48979968,0.08177447
713,-0.009352953,-0.05616461,0.0041103004,0.0028823805,-0.013463253,-0.05904699
714,0.39154765,0.2779189,0.265244,0.19688646,0.12630364,0.08103244
715,1.0562365,0.44899648,0.5702863,0.4027233,0.48595023,0.046273172
716,0.09583729,0.022537785,0.05869607,0.041745473,0.03714122,-0.019207688
717,0.012464215,0.1308713,0.028671334,0.020344933,-0.016207118,0.11052636
718,0.36871722,0.28318074,0.2789542,0.18720628,0.089763016,0.09597446
719,0.6514085,0.3374452,0.4572174,0.3489747,0.1941911,-0.011529505
720,0.83825135,0.24483943,0.3391779,0.25149697,0.49907345,-0.006657541
721,0.030027797,0.009071112,0.03075316,0.01868249,-0.00072536245,-0.0096113775
722,0.93313557,0.22125672,0.32665294,0.23983109,0.6064826,-0.018574372
723,0.5157905,0.13125691,0.17795248,0.115870655,0.33783805,0.015386254
724,1.0762136,0.35302138,0.5168301,0.34036463,0.5593835,0.012656748
725,0.24741293,0.13028693,0.15658264,0.09901554,0.0908303,0.03127139
726,0.21021445,0.24236846,0.2123733,0.15327278,-0.0021588504,0.08909568
727,0.0694534,0.11617236,0.07409952,0.0438227,-0.004646115,0.07234966
728,-0.025923913,0.12540706,0.013447126,0.0050422875,-0.03937104,0.12036477
729,0.50381625,0.1938368,0.22120206,0.15192774,0.28261417,0.041909054
730,0.1410236,0.048854325,0.041869096,0.03034405,0.09915451,0.018510275
731,0.95200455,0.33736333,0.5290934,0.34336543,0.42291117,-0.0060020983
732,0.32367095,0.12732375,0.18801086,0.13000277,0.1356601,-0.0026790202
733,0.012526853,0.0054345485,0.027450304,0.024642333,-0.0149234515,-0.019207785
734,0.57936406,0.27539566,0.36695376,0.26820967,0.2124103,0.0071859956
735,0.03167998,-0.006057439,0.030390944,0.017305322,0.0012890361,-0.023362761
736,0.16938077,0.055765025,0.094617695,0.07265083,0.074763075,-0.016885802
737,0.073050365,-0.022785576,0.057270877,0.026628777,0.015779488,-0.04941435
738,1.120105,0.31548175,0.5515283,0.38399592,0.56857675,-0.06851417
739,0.052748345,0.13682616,0.06984713,0.039177436,-0.017098784,0.097648725
740,0.13378726,0.10771313,0.07303156,0.046332795,0.0607557,0.061380338
741,0.25250426,0.08349823,0.1744892,0.12301155,0.07801506,-0.03951332
742,2.0407214,0.9310564,1.2423579,0.85888994,0.79836357,0.07216644
743,0.063451566,0.067908,0.022544941,0.014076015,0.040906623,0.05383198
744,0.7497093,0.27691767,0.40301448,0.254925,0.34669483,0.021992654
745,1.0328937,0.53095025,0.60806364,0.4536016,0.42483002,0.07734865
746,0.046132594,0.06283918,0.034268994,0.030697133,0.0118636,0.032142047
747,1.1392121,0.63224965,0.88741064,0.6533333,0.2518015,-0.021083653
748,0.79849035,0.25867715,0.35584822,0.23433065,0.44264212,0.0243465
749,-0.011983252,0.13678932,0.04162378,0.02098869,-0.05360703,0.115800634
750,0.93736345,0.4321661,0.5881108,0.39398938,0.34925264,0.038176715
751,0.14041317,0.07939091,0.067736134,0.05377079,0.07267703,0.025620122
752,0.36873278,0.15466245,0.23981047,0.17075792,0.12892231,-0.016095474
753,1.1551286,0.22409377,0.3436091,0.23197229,0.8115195,-0.007878527
754,0.14934321,0.11251166,0.1557717,0.110653855,-0.006428495,0.0018578023
755,0.026874335,-0.0059632137,0.04037851,0.031294595,-0.0135041755,-0.03725781
756,1.103386,0.42195806,0.5809588,0.41049927,0.52242726,0.011458784
757,1.6333749,0.51128656,0.7676609,0.50058657,0.865714,0.010699987
758,1.1619699,0.47300008,0.69640654,0.4735248,0.46556336,-0.0005247295
759,0.14094135,0.06312891,0.07313778,0.051217955,0.06780357,0.011910956
760,0.074876234,0.053353682,0.05884733,0.04268188,0.016028903,0.010671802
761,0.0770284,0.13863404,0.051365446,0.039599396,0.025662955,0.099034645
762,1.1639999,0.43453172,0.48112297,0.3646318,0.68287694,0.06989992
763,0.88361263,0.4081834,0.5017213,0.35049707,0.3818913,0.05768633
764,1.156988,0.5491496,0.6016927,0.43665308,0.55529535,0.112496495
765,0.6972732,0.28856575,0.34599206,0.2533592,0.35128114,0.035206556
766,0.7701623,0.36514273,0.5557323,0.36780855,0.21442997,-0.0026658177
767,0.27986977,0.20637116,0.2082417,0.15220168,0.071628064,0.054169476
768,1.2338564,0.55788153,0.7482605,0.54208803,0.48559594,0.015793502
769,0.051919203,0.059233062,0.02149094,0.022575974,0.030428262,0.036657088
770,1.2719452,0.4673114,0.77093315,0.49994835,0.5010121,-0.03263694
771,0.08710586,0.03464877,0.035392355,0.025411287,0.051713508,0.009237481
772,1.2230221,0.42163408,0.50576174,0.37287033,0.71726036,0.048763752
773,0.03142232,0.013313269,0.02481008,0.018804044,0.0066122413,-0.0054907743
774,1.1037339,0.42835945,0.6802077,0.47245783,0.42352617,-0.044098377
775,1.0602378,0.3078286,0.42035595,0.26064596,0.63988185,0.04718265
776,1.9703226,0.9526567,1.0005587,0.8021253,0.9697639,0.15053141
777,1.4446732,0.79437244,0.93409204,0.75547636,0.51058114,0.038896084
778,0.083142854,-0.0010778111,0.06878845,0.045095704,0.014354408,-0.046173517
779,0.20566411,0.11978562,0.16058663,0.09643312,0.045077488,0.023352504
780,-0.033074237,0.15332128,0.014880946,0.010887788,-0.047955185,0.1424335
781,0.73607254,0.391177,0.42036542,0.28124022,0.31570712,0.109936774
782,0.11664761,0.07227906,0.06676469,0.049626924,0.04988292,0.022652134
783,1.0785352,0.42994702,0.54795647,0.3925121,0.53057873,0.037434906
784,0.6982549,0.2830593,0.4286523,0.30991656,0.2696026,-0.026857257
785,0.04279887,-0.025032246,0.0334388,0.022793585,0.009360068,-0.047825832
786,0.015218738,-0.035589714,0.021162968,0.015663907,-0.0059442306,-0.05125362
787,0.037504513,0.048903745,0.015164306,0.0097330455,0.022340206,0.039170697
788,0.042098083,0.065357916,0.039852016,0.029726455,0.002246067,0.035631463
789,0.080652975,0.07501918,0.062787876,0.046911567,0.017865099,0.028107613
790,0.74865556,0.383556,0.52389306,0.36485407,0.2247625,0.01870194
791,2.1117415,0.71907103,1.0828658,0.72764885,1.0288757,-0.008577824
792,0.10484114,0.21230602,0.13216832,0.1004686,-0.02732718,0.111837424
793,0.05493071,0.04024597,0.026060347,0.020285359,0.028870363,0.01996061
794,0.9856829,0.36266816,0.5765754,0.32920784,0.4091075,0.03346032
795,0.72719586,0.3886522,0.519435,0.37288097,0.20776087,0.01577124
796,0.8508744,0.38765,0.4738269,0.33295158,0.37704754,0.054698437
797,0.052166205,0.06458236,0.0594865,0.034648318,-0.007320296,0.029934045
798,0.25390497,0.11379915,0.17467254,0.13110068,0.079232424,-0.017301537
799,1.1233126,0.30195177,0.3879728,0.28324518,0.73533976,0.01870659
800,0.08414758,0.07222771,0.06935014,0.05339817,0.014797442,0.01882954
801,0.26271775,0.1270132,0.14591876,0.102488674,0.116799,0.024524532
802,0.059505023,0.05369245,0.049726002,0.037206758,0.009779021,0.016485691
803,0.061144643,-6.7051704e-05,0.06389163,0.039050963,-0.0027469844,-0.039118014
804,0.18370639,0.13475274,0.09804088,0.06365796,0.08566551,0.07109477
805,0.004782319,0.20154624,0.045938384,0.027922314,-0.041156065,0.17362392
806,0.595509,0.28296775,0.38311258,0.28189683,0.21239641,0.0010709167
807,0.13060088,-0.019283658,0.07188407,0.04073551,0.05871681,-0.060019165
808,1.4700373,0.50140786,0.6794183,0.45108223,0.790619,0.050325632
809,0.8107672,0.34935483,0.4884273,0.3240553,0.32233986,0.02529952
810,1.1117378,0.48696005,0.5958193,0.44981956,0.51591855,0.03714049
811,1.5172471,0.5620035,0.66395974,0.43592414,0.85328734,0.12607935
812,0.09753985,0.06541301,0.090118095,0.06857729,0.0074217543,-0.0031642765
813,1.0009416,0.23437296,0.3748487,0.24782069,0.6260929,-0.013447732
814,1.2544496,0.6304512,0.72514975,0.5362266,0.52929986,0.09422463
815,0.31037676,0.15755416,0.20806447,0.13816342,0.1023123,0.019390747
816,0.6230549,0.38929966,0.4999385,0.35369557,0.12311643,0.03560409
817,0.21388666,0.1032084,0.10649419,0.07473907,0.107392475,0.028469332
818,1.5626352,0.686196,0.75389165,0.5027959,0.80874354,0.18340015
819,0.104698755,0.08104235,0.07904248,0.059170287,0.025656275,0.021872062
820,1.2953787,0.71128917,0.9334469,0.6760567,0.3619318,0.035232484
821,1.4951761,0.6213399,0.81584007,0.5364553,0.679336,0.08488464
822,-0.00561242,0.14819445,0.028586645,0.017341299,-0.034199066,0.13085315
823,0.7398206,0.2594845,0.3369736,0.24246542,0.402847,0.017019078
824,0.120087385,0.06535958,0.06888759,0.0459092,0.051199794,0.019450378
825,0.25756967,0.10827206,0.11170872,0.09152641,0.14586094,0.01674565
826,0.13690719,0.024741463,0.06501925,0.042004757,0.07188794,-0.017263293
827,0.16063987,0.08200722,0.10048163,0.07729199,0.060158238,0.004715234
828,0.15467428,0.20076129,0.13363314,0.09938081,0.02104114,0.101380475
829,-0.0030387507,0.006503132,0.031842347,0.024946716,-0.034881096,-0.018443584
830,0.13657123,0.07239471,0.09500915,0.0570076,0.04156208,0.015387107
831,0.85566866,0.33929202,0.3739151,0.2589785,0.48175356,0.08031353
832,0.20125787,0.13867524,0.13401791,0.11651208,0.067239955,0.02216316
833,0.60826224,0.29174623,0.3029287,0.21300039,0.30533355,0.07874584
834,0.10435583,0.013719322,0.07583402,0.047265597,0.028521806,-0.033546276
835,0.7191181,0.333645,0.3771854,0.26655954,0.3419327,0.067085445
836,0.29869476,0.19130224,0.19870684,0.12442237,0.099987924,0.06687987
837,1.4527743,0.6974096,0.8059125,0.5727495,0.6468618,0.124660075
838,0.08600401,0.0036494278,0.06349017,0.045347013,0.022513844,-0.041697584
839,0.047917966,0.09249876,0.042377975,0.0289778,0.005539991,0.06352095
840,0.27427799,0.18346786,0.18439242,0.13376772,0.08988556,0.04970014
841,1.139859,0.5623729,0.7577523,0.5723686,0.38210666,-0.009995699
842,0.99739385,0.39358503,0.5402007,0.40002862,0.45719314,-0.00644359
843,0.8308555,0.37541115,0.4927958,0.34383112,0.3380597,0.03158003
844,0.17809269,0.043232016,0.14221683,0.08480012,0.035875857,-0.0415681
845,0.07018443,0.05476321,0.03535042,0.02759866,0.034834012,0.027164549
846,0.022289429,-6.286544e-05,0.019705376,0.013068637,0.0025840532,-0.013131502
847,0.048969116,0.11509723,0.052218854,0.0351514,-0.0032497384,0.07994583
848,-0.032389548,0.12917665,0.008344004,0.0040272707,-0.040733553,0.12514937
849,0.46980697,0.15195371,0.23327272,0.16506955,0.23653425,-0.013115838
850,0.1954818,0.12547424,0.15363088,0.11040231,0.041850924,0.015071936
851,0.15066846,-0.0027618755,0.09826932,0.059664328,0.052399136,-0.062426202
852,0.19362544,0.07496381,0.11341782,0.07092802,0.080207616,0.004035786
853,1.3980507,0.4730604,0.6015126,0.4318129,0.79653805,0.041247487
854,0.44326785,0.18725416,0.3378086,0.23183289,0.10545924,-0.04457873
855,0.1936594,0.17607188,0.1275547,0.08867947,0.066104695,0.08739241
856,0.22065039,0.06631339,0.13118064,0.09046422,0.089469746,-0.024150826
857,0.9731224,0.4680669,0.4266507,0.32259193,0.5464717,0.14547497
858,0.12020777,0.03143379,0.03563056,0.025614744,0.08457721,0.005819047
859,0.13858297,0.09400289,0.06643691,0.05281464,0.072146066,0.041188248
860,0.027810432,0.13968863,0.05147941,0.039976742,-0.023668978,0.09971188
861,0.5565271,0.2593598,0.32007542,0.23223194,0.23645166,0.027127862
862,0.573863,0.25107956,0.43273634,0.28809285,0.14112669,-0.037013292
863,0.11458248,0.13139808,0.052437425,0.039465435,0.062145054,0.09193265
864,0.21363261,0.071075216,0.18155485,0.12745102,0.03207776,-0.0563758
865,1.0884922,0.34635815,0.31090137,0.24419169,0.77759075,0.10216646
866,0.13185766,0.03559468,0.09182568,0.06607251,0.040031984,-0.03047783
867,0.5097785,0.19625409,0.23479159,0.16431786,0.27498692,0.03193623
868,1.3173608,0.5848411,0.70061624,0.5355849,0.6167445,0.049256146
869,0.03701161,0.010317857,0.032738578,0.024811799,0.004273031,-0.014493941
870,0.9074691,0.28994098,0.31510046,0.2414236,0.5923686,0.048517376
871,0.7980179,0.29661438,0.42103004,0.30036822,0.37698787,-0.003753841
872,1.3656913,0.46348915,0.57751215,0.41949487,0.78817916,0.043994278
873,1.2045662,0.5359774,0.6104392,0.47177964,0.59412706,0.06419778
874,0.03561633,0.031474296,0.01985811,0.01836659,0.01575822,0.013107706
875,0.97216946,0.4247847,0.45526582,0.32097188,0.51690364,0.103812814
876,0.09349442,0.14289118,0.06911998,0.044185974,0.02437444,0.09870521
877,1.109727,0.43144357,0.55035686,0.4133076,0.55937016,0.018135965
878,1.0404081,0.42786217,0.46528322,0.36848894,0.5751249,0.05937323
879,0.16118397,0.06044256,0.03586803,0.03125903,0.12531593,0.02918353
880,0.10613815,-0.006753394,0.06727673,0.042701054,0.038861416,-0.049454447
881,0.11439591,0.08012862,0.07728005,0.068312965,0.037115857,0.011815652
882,0.21231768,0.1096341,0.13416481,0.103439845,0.078152865,0.0061942562
883,0.06991199,0.13643754,0.04242236,0.04197363,0.027489625,0.0944639
884,1.5728861,0.64582986,0.82737476,0.5365287,0.74551135,0.10930115
885,0.7709237,0.39193,0.5367813,0.39975545,0.23414236,-0.007825434
886,0.12243754,0.08795854,0.09418615,0.07019856,0.028251387,0.017759979
887,0.2162289,0.13553348,0.14926335,0.10851793,0.06696555,0.027015552
888,1.518005,0.8455619,0.97700006,0.7391933,0.54100496,0.1063686
889,0.04960471,0.01044972,0.04661546,0.032715775,0.0029892512,-0.022266056
890,-0.0114988405,-0.042762272,0.015007153,0.0036281967,-0.026505994,-0.04639047
891,0.13795823,0.08063411,0.057528425,0.045218162,0.08042981,0.035415947
892,0.16133377,0.057179097,0.08971602,0.061037052,0.07161775,-0.0038579553
893,0.21738157,0.15613608,0.19944936,0.1514313,0.017932206,0.0047047734
894,0.30950293,0.07784335,0.2079849,0.13228758,0.101518035,-0.054444224
895,-0.0071087517,0.2250076,0.049079224,0.026602551,-0.056187976,0.19840504
896,1.3747578,0.4472239,0.6783249,0.4528814,0.6964329,-0.005657494
897,1.0960484,0.56592494,0.7522739,0.5565952,0.34377444,0.009329736
898,0.2838735,0.17251697,0.20020592,0.1416848,0.08366758,0.030832171
899,0.09847621,0.080674544,0.07517755,0.06083343,0.023298658,0.019841112
900,0.9130999,0.47959757,0.560504,0.42943317,0.35259587,0.0501644
901,0.25594,0.12294106,0.17783257,0.12624699,0.07810742,-0.003305927
902,0.25014684,0.114156984,0.14984362,0.10702254,0.10030322,0.007134445
903,0.040415946,0.05804018,0.037407957,0.025002977,0.0030079894,0.0330372
904,1.5351585,0.6387808,0.82104987,0.5987882,0.71410865,0.03999257
905,1.4392204,0.49502632,0.5540601,0.4062914,0.8851603,0.088734925
906,1.0321615,0.3974302,0.49327916,0.36165902,0.5388823,0.03577119
907,0.10241032,0.07198795,0.067186855,0.042338762,0.03522346,0.029649187
908,0.13333951,0.032635983,0.08624032,0.061651,0.047099188,-0.029015016
909,0.020808106,0.024395827,0.011710515,0.012550389,0.009097591,0.011845438
910,0.9290737,0.35917968,0.43513003,0.29935944,0.49394366,0.059820235
911,0.23009217,0.08506633,0.12420933,0.09121164,0.10588284,-0.006145306
912,1.266874,0.22410989,0.33846825,0.2361949,0.9284057,-0.012085006
913,1.3079317,0.40686893,0.47543317,0.35142145,0.8324985,0.05544749
914,0.8114016,0.39802623,0.58499277,0.3946324,0.22640884,0.0033938289
915,0.057697743,0.0099630905,0.07084784,0.04645533,-0.013150096,-0.03649224
916,0.8630195,0.3465869,0.5088141,0.35934156,0.35420543,-0.012754649
917,0.998143,0.4347153,0.5395195,0.3696443,0.45862353,0.06507099
918,0.049642008,0.095072515,0.075026765,0.06266018,-0.025384758,0.032412335
919,1.0320561,0.5386425,0.62730396,0.46471888,0.40475214,0.07392365
920,0.009531121,-0.004977244,0.012057622,0.0084604975,-0.0025265012,-0.013437741
921,0.19824411,0.39626506,0.2353899,0.1720119,-0.037145793,0.22425316
922,0.077347055,0.04998699,0.05945636,0.037899226,0.017890695,0.012087762
923,0.8887221,0.32707512,0.42800698,0.31305107,0.46071514,0.014024049
924,0.23406315,0.10994873,0.16803737,0.12293055,0.06602578,-0.012981817
925,0.29940665,0.12422753,0.13100141,0.09197326,0.16840523,0.03225427
926,0.032694478,0.0049864706,0.044413544,0.02962796,-0.011719067,-0.02464149
927,0.29385036,0.14393418,0.21139367,0.13892953,0.08245669,0.0050046444
928,0.9537544,0.25575846,0.2992333,0.23154762,0.6545211,0.02421084
929,0.117426775,0.065868296,0.05580925,0.042004853,0.061617527,0.023863442
930,0.2852689,0.11820621,0.22449219,0.11065654,0.06077671,0.0075496733
931,0.0085799005,-0.03772648,0.01777053,0.010611458,-0.00919063,-0.048337936
932,0.08065913,0.046335187,0.047655325,0.035914276,0.033003803,0.010420911
933,0.06263957,0.09778191,0.04808932,0.03322627,0.01455025,0.064555645
934,0.080647334,0.07010245,0.07223845,0.056910057,0.008408882,0.013192397
935,0.048476,0.009802933,0.044761073,0.030903026,0.0037149265,-0.021100093
936,0.06395018,-0.0061552003,0.05429851,0.041380383,0.009651672,-0.047535583
937,0.112095654,0.055476088,0.068541035,0.042292632,0.04355462,0.013183456
938,1.0317657,0.49566674,0.5372989,0.36602232,0.49446678,0.12964442
939,0.84217083,0.4263087,0.49948746,0.36094195,0.34268337,0.065366745
940,0.09369238,0.11263716,0.098663665,0.069920465,-0.004971288,0.042716697
941,0.95553744,0.5692383,0.7495738,0.56167287,0.20596361,0.0075654387
942,-0.006109219,0.18325569,0.03647221,0.024841983,-0.042581428,0.15841371
943,1.1044819,0.711187,0.97342956,0.7021731,0.13105237,0.009013891
944,0.0955471,0.06924076,0.069592044,0.045454185,0.025955059,0.02378657
945,0.06333811,0.1469315,0.031698544,0.022533076,0.031639565,0.124398425
946,0.14238556,0.02773664,0.060998995,0.033798307,0.081386566,-0.0060616676
947,0.088249706,0.07870537,0.08456068,0.065758064,0.0036890283,0.012947306
948,1.1489136,0.60138905,0.7887393,0.58771306,0.3601743,0.013675988
949,0.059514195,0.06745563,0.04589208,0.031165853,0.013622116,0.036289774
950,2.197044,0.9044885,1.0576082,0.85024863,1.1394356,0.05423987
951,0.75696963,0.42226496,0.523706,0.39171562,0.23326361,0.030549347
952,0.6513446,0.37099075,0.5295075,0.39597103,0.12183708,-0.024980277
953,0.31044275,0.19383211,0.23931572,0.16981624,0.07112703,0.024015874
954,0.009385932,-0.049759872,0.010061642,0.004089577,-0.0006757099,-0.05384945
955,0.24689095,0.16716647,0.17644589,0.12853438,0.07044506,0.038632095
956,0.06511372,0.057849992,0.050411247,0.0426778,0.014702477,0.015172191
957,1.3053674,0.57851887,0.7609674,0.5430391,0.5444,0.035479784
958,0.06123618,0.037788168,0.038315605,0.029632652,0.022920575,0.008155515
959,1.0324607,0.4407827,0.7606147,0.48746476,0.271846,-0.04668206
960,0.056999084,0.104660556,0.050596215,0.029429162,0.006402869,0.075231396
961,0.21014108,0.2290264,0.17008695,0.11566202,0.040054128,0.11336438
962,1.4996185,0.5894227,0.6595667,0.49055403,0.84005183,0.09886867
963,0.4799865,0.18957596,0.36235723,0.25118724,0.11762926,-0.06161128
964,0.101317786,0.037119355,0.072337754,0.058062445,0.028980032,-0.02094309
965,0.90045816,0.47463807,0.64779794,0.42753583,0.2526602,0.047102243
966,1.3679975,0.48260543,0.50252616,0.36865678,0.86547136,0.11394864
967,1.1160011,0.4871818,0.6938153,0.49809542,0.42218584,-0.01091361
968,0.083532676,0.034861993,0.036728993,0.028902162,0.046803683,0.005959831
969,0.183453,0.094236344,0.15863365,0.11301837,0.024819344,-0.018782027
970,0.4560253,0.22821155,0.28247452,0.19617549,0.17355078,0.032036066
971,1.036262,0.45024756,0.57670254,0.43311366,0.4595595,0.017133892
972,1.3262279,0.5175316,0.6890074,0.4601223,0.6372205,0.057409286
973,0.04354337,0.025497591,0.014041072,0.012774894,0.029502297,0.012722697
974,0.7211656,0.3746907,0.48495626,0.3139562,0.23620933,0.06073451
975,0.14691773,0.08572665,0.097707644,0.07067182,0.049210086,0.015054829
976,0.23353302,0.058118403,0.064812504,0.045078937,0.16872051,0.013039466
977,0.1576195,0.07878477,0.09820491,0.069091596,0.059414595,0.009693176
978,1.2708188,0.50570506,0.5946908,0.43592215,0.67612803,0.06978291
979,0.8657463,0.3458326,0.411838,0.30337036,0.45390832,0.04246223
980,1.1555846,0.5566487,0.6666538,0.48383778,0.48893076,0.07281089
981,0.74152094,0.40065715,0.51070845,0.36862212,0.23081249,0.032035023
982,0.9265623,0.40155187,0.59137267,0.4136045,0.33518964,-0.012052625
983,1.1670284,0.5205079,0.6183862,0.44987878,0.5486422,0.07062909
984,0.8493369,0.4593618,0.6647588,0.45119897,0.18457812,0.008162826
985,-0.010913539,0.17592442,0.018195512,0.005045019,-0.02910905,0.1708794
986,1.1964235,0.64637053,0.8286416,0.60136634,0.36778194,0.04500419
987,0.097607926,0.09596528,0.06885997,0.05406806,0.028747953,0.041897222
988,0.05188582,0.050711997,0.037434883,0.030296337,0.0144509375,0.02041566
989,0.15715915,0.097920194,0.10474519,0.080383494,0.052413963,0.0175367
990,0.14322859,-0.0067673093,0.087794386,0.051566135,0.055434205,-0.058333445
991,0.16969047,0.094443746,0.10953231,0.07877974,0.060158163,0.015664004
992,0.22873688,0.08136161,0.108307004,0.08592654,0.12042987,-0.0045649335
993,-0.03638938,0.1336642,0.013311261,0.006904804,-0.04970064,0.1267594
994,0.07464537,0.06220211,0.030656258,0.025782824,0.043989114,0.036419287
995,1.1774467,0.33511087,0.37824243,0.25711125,0.7992043,0.07799962
996,0.033806145,0.030558938,0.039861258,0.03551067,-0.006055113,-0.0049517322
997,0.31476107,0.18611439,0.17894854,0.1327827,0.13581254,0.053331688
998,0.18731813,0.12950677,0.100921355,0.07558272,0.086396776,0.053924046
999,0.02614152,0.023666242,0.02876322,0.027399626,-0.0026216991,-0.0037333835
1000,0.82537794,0.3474833,0.40567333,0.28705925,0.41970462,0.06042406
1001,0.0166426,0.16422729,0.034339577,0.02071682,-0.017696977,0.14351048
1002,0.06243058,0.04459241,0.038514905,0.03129487,0.023915675,0.013297539
1003,1.6393403,0.76891,0.90314305,0.68940526,0.73619723,0.07950473
1004,0.083760306,0.096547954,0.045219403,0.036043257,0.038540903,0.060504697
1005,0.8610161,0.39711413,0.45347196,0.33261633,0.40754414,0.0644978
1006,0.024387846,0.075842105,0.029028788,0.025369952,-0.0046409424,0.050472155
1007,0.70039105,0.30348238,0.36809826,0.27376732,0.3322928,0.029715061
1008,0.047864113,0.20416674,0.08759755,0.06377433,-0.039733436,0.14039241
1009,0.69863886,0.35588264,0.41057768,0.29260784,0.28806117,0.0632748
1010,0.07727931,0.06392207,0.03674977,0.031759515,0.040529538,0.032162555
1011,0.8949281,0.3972537,0.51556426,0.33848888,0.37936383,0.058764815
1012,0.12609363,0.06644826,0.09707753,0.069854796,0.029016092,-0.0034065396
1013,1.0704004,0.39627978,0.60852945,0.43624634,0.4618709,-0.039966553
1014,0.007956634,-0.030051095,0.015336747,0.011898172,-0.007380113,-0.04194927
1015,0.11165474,0.010894157,0.050871707,0.027337551,0.060783036,-0.016443394
1016,0.7972303,0.28944895,0.34466416,0.250624,0.45256615,0.038824946
1017,1.0188547,0.42327207,0.4335603,0.2824538,0.5852944,0.14081827
1018,-0.03501167,0.11493505,0.009667911,0.0022902936,-0.044679582,0.112644754
1019,1.3534127,0.6229769,0.850489,0.6098425,0.5029237,0.01313442
1020,0.15508479,0.22870451,0.06255819,0.047117587,0.0925266,0.18158692
1021,0.8262251,0.27699152,0.44061264,0.31417117,0.38561246,-0.03717965
1022,0.05540782,0.06949195,0.053573538,0.031309642,0.0018342808,0.03818231
1023,0.69587487,0.2765984,0.3563859,0.2502888,0.33948898,0.02630958
1024,1.1890748,0.55180967,0.7825073,0.57190895,0.40656745,-0.020099282
1025,0.17029183,0.07851174,0.1130389,0.07414121,0.05725293,0.0043705255
1026,1.4024214,0.6688349,0.87091243,0.61083823,0.5315089,0.05799669
1027,1.2380002,0.5585481,0.6234719,0.43382168,0.61452824,0.124726415
1028,1.0183877,0.3903198,0.5315397,0.36982742,0.486848,0.020492375
1029,-0.0036282963,-0.03541481,0.018360678,0.011134943,-0.021988975,-0.046549752
1030,-0.037586678,0.109574445,0.005946676,0.004943172,-0.043533355,0.104631275
1031,1.032434,0.37520474,0.43273768,0.31363076,0.5996963,0.061573982
1032,0.32379305,0.14051403,0.16725087,0.11817024,0.15654218,0.022343792
1033,0.3136316,0.13282053,0.16374102,0.114001215,0.14989057,0.018819317
1034,0.22953476,0.0970987,0.11664076,0.087626636,0.112894,0.009472065
1035,0.78627414,0.24053961,0.32893807,0.24182454,0.45733607,-0.0012849271
1036,0.7440029,0.3205543,0.37198076,0.2575502,0.37202212,0.06300408
1037,0.12139002,0.007514657,0.06080266,0.035431456,0.06058736,-0.027916798
1038,0.98645395,0.35840687,0.52531284,0.38854933,0.4611411,-0.030142456
1039,-0.02526592,0.003316313,0.0026154495,0.0041179876,-0.02788137,-0.00080167456
1040,-0.019913407,0.17146869,0.029647207,0.020707613,-0.049560614,0.15076108
1041,0.07025671,0.075889,0.031009752,0.023169627,0.039246958,0.05271937
1042,1.4803185,0.5762666,0.692374,0.51112664,0.78794456,0.06513995
1043,1.3724223,0.6986862,0.7172333,0.5216149,0.65518904,0.17707127
1044,0.059582848,-0.0057077846,0.052824967,0.039153747,0.0067578815,-0.044861533
1045,0.11227017,0.10847051,0.08094665,0.05555734,0.031323522,0.052913167
1046,1.1586523,0.64138454,0.7815658,0.5686621,0.37708652,0.072722435
1047,1.2197136,0.4206317,0.44191542,0.32205933,0.7777982,0.09857237
1048,0.22983141,0.281921,0.19800623,0.14323828,0.031825185,0.13868272
1049,0.030669006,0.13685317,0.025953254,0.018839698,0.004715752,0.11801347
1050,0.23913932,0.14093746,0.17016855,0.12793414,0.06897077,0.0130033195
1051,-0.005803524,0.116394065,0.007805547,0.0101008285,-0.013609071,0.10629324
1052,0.03282669,0.083245315,0.04274517,0.03253706,-0.009918481,0.050708253
1053,0.21922123,0.09487158,0.13942984,0.096228376,0.0797914,-0.0013567954
1054,0.91095454,0.27987844,0.3379156,0.23485819,0.57303894,0.045020252
1055,1.0448942,0.54357636,0.6869817,0.49849862,0.35791254,0.04507774
1056,1.308499,0.7077473,0.8655965,0.63246566,0.4429025,0.07528162
1057,0.526534,0.18193579,0.2653129,0.17644727,0.2612211,0.005488515
1058,0.70543575,0.38014153,0.49108094,0.32932782,0.21435481,0.050813705
1059,0.49119782,0.17603377,0.24318652,0.17055981,0.2480113,0.0054739565
1060,0.8659322,0.5404431,0.66913426,0.45621467,0.19679797,0.084228456
1061,0.033896964,0.051786385,0.015592369,0.0128229605,0.018304594,0.038963426
1062,1.9836804,0.61515677,0.7506804,0.5703057,1.233,0.044851065
1063,1.1566166,0.6642912,0.81435144,0.60354155,0.34226513,0.06074965
1064,0.05292931,0.15132126,0.032108814,0.02919724,0.020820495,0.122124024
1065,-0.018558828,0.1516275,0.03476858,0.02640157,-0.05332741,0.12522593
1066,0.4994343,0.23827897,0.22759566,0.1491039,0.27183864,0.089175075
1067,0.77904135,0.3785896,0.48329893,0.35030308,0.29574242,0.028286517
1068,0.005689643,0.15956625,0.050611485,0.033696245,-0.04492184,0.12587
1069,0.695653,0.34261605,0.45212603,0.3426928,0.243527,-7.674098e-05
1070,0.18435968,0.041642264,0.12260195,0.06595278,0.061757736,-0.024310514
1071,1.2903134,0.7367299,0.90013325,0.68916,0.3901801,0.04756993
1072,0.2380712,0.14978364,0.15155375,0.10844894,0.08651745,0.041334704
1073,0.09030112,0.0982255,0.056574337,0.044424415,0.03372678,0.053801082
1074,0.07040193,0.060950823,0.043688495,0.03600939,0.026713435,0.024941433
1075,1.6306058,0.47949287,0.6621789,0.46681815,0.96842694,0.012674719
1076,0.48022988,0.20730947,0.29459733,0.20397127,0.18563256,0.0033382028
1077,0.04542314,0.07434006,0.045864414,0.037595846,-0.00044127554,0.036744215
1078,0.07931034,0.04765963,0.056222547,0.041954048,0.023087796,0.005705584
1079,0.025817456,0.14149699,0.015177593,0.017078193,0.010639863,0.124418795
1080,0.03307395,0.019175747,0.016458713,0.010305978,0.016615238,0.008869769
1081,0.16017894,0.067531325,0.11132622,0.08132223,0.048852727,-0.0137909055
1082,1.0683392,0.40322974,0.47028393,0.32297093,0.5980553,0.08025882
1083,0.70470405,0.30391476,0.42413822,0.31474233,0.28056583,-0.010827571
1084,0.9392517,0.48411262,0.58228886,0.3990334,0.35696286,0.08507922
1085,0.06370685,0.039736006,0.02489728,0.021149399,0.038809575,0.018586608
1086,1.4651043,0.5203092,0.60515606,0.4283676,0.8599483,0.091941595
1087,1.3115574,0.48621485,0.6032142,0.45462194,0.7083432,0.031592906
1088,0.45046055,0.3300948,0.334691,0.24533808,0.115769565,0.08475673
1089,0.053466145,0.11616253,0.07119863,0.048785828,-0.017732482,0.0673767
1090,0.30607396,0.16241859,0.19838874,0.13758726,0.10768522,0.024831325
1091,0.51457024,0.32466185,0.37658453,0.2667167,0.1379857,0.057945162
1092,1.8341705,0.51475996,0.5384585,0.37125418,1.295712,0.14350578
1093,0.12153653,0.1058211,0.086660996,0.0601995,0.034875534,0.045621604
1094,0.84071535,0.3695006,0.50457263,0.34185535,0.33614272,0.02764526
1095,0.1542223,0.07465608,0.10762155,0.06593002,0.046600744,0.00872606
1096,0.99434537,0.51454175,0.78242093,0.5075334,0.21192443,0.0070083737
1097,0.037591565,0.05054577,0.024138048,0.016082536,0.013453517,0.034463234
1098,0.97308964,0.4488751,0.5808366,0.4035279,0.39225304,0.045347214
1099,0.4848728,0.17104575,0.29493386,0.19091374,0.18993893,-0.019867986
1100,0.17897514,0.13881811,0.11987077,0.08168525,0.059104368,0.057132863
1101,1.3412567,0.58081543,0.8270421,0.5851222,0.51421463,-0.004306793
1102,0.07608332,-0.014815577,0.0557544,0.03784926,0.020328917,-0.052664835
1103,0.12874514,0.1481139,0.11717548,0.0719531,0.011569656,0.0761608
1104,0.7804813,0.5553154,0.7004499,0.52254695,0.080031395,0.03276843
1105,0.2432559,0.07775357,0.11944683,0.07686378,0.12380907,0.00088979304
1106,0.72202986,0.24746342,0.30162615,0.22702226,0.42040372,0.02044116
1107,0.09238269,0.07067839,0.074058704,0.040200643,0.018323988,0.030477747
1108,1.1741967,0.5814224,0.7608042,0.5183325,0.41339254,0.06308991
1109,0.95615923,0.5096362,0.67318624,0.43577772,0.282973,0.0738585
1110,0.16389947,0.060254805,0.08552338,0.058411203,0.078376085,0.0018436015
1111,0.07858658,-0.007631202,0.072664194,0.04203084,0.0059223846,-0.049662042
1112,1.1077394,0.46924916,0.6421875,0.43734497,0.46555197,0.03190419
1113,1.8771096,0.93067855,1.1093556,0.83577156,0.7677541,0.094906986
1114,0.13149416,-0.01486109,0.06431059,0.040680222,0.06718358,-0.055541314
1115,1.2263142,0.535492,0.6835044,0.5096282,0.5428098,0.025863826
1116,0.80328906,0.3634196,0.49611586,0.3564015,0.3071732,0.0070180893
1117,0.8153865,0.32856932,0.44824666,0.3050576,0.36713982,0.023511738
1118,0.31620094,0.13398828,0.1756953,0.1254128,0.14050564,0.008575469
1119,0.07241122,0.021561615,0.041089904,0.036224164,0.031321313,-0.014662549
1120,0.043734226,0.048821773,0.04058493,0.025446475,0.003149297,0.023375299
1121,0.07277292,0.04120386,0.05438594,0.038890157,0.018386979,0.0023137033
1122,1.244295,0.4697763,0.629821,0.45261794,0.614474,0.01715836
1123,0.09802776,0.15667517,0.079200625,0.062648766,0.018827133,0.09402641
1124,-0.0062002074,0.02695492,0.009500569,0.014442796,-0.015700776,0.012512123
1125,0.3014751,0.10891413,0.19321951,0.1161875,0.108255595,-0.0072733685
1126,1.1026297,0.6085323,0.7055581,0.5011238,0.39707154,0.10740852
1127,1.807091,0.56831735,0.858548,0.60772836,0.948543,-0.03941101
1128,0.97498435,0.554727,0.6624182,0.5091902,0.31256616,0.045536816
1129,1.1830101,0.38532484,0.56639796,0.38933077,0.61661214,-0.004005939
1130,1.4123753,0.5419664,0.5986247,0.43221736,0.8137506,0.10974902
1131,0.9722634,0.4610796,0.5685946,0.4168354,0.40366882,0.0442442
1132,1.1190587,0.60031253,0.7664033,0.5567894,0.3526554,0.043523133
1133,0.23501171,0.11732142,0.15795965,0.11726656,0.07705206,5.4858625e-05
1134,2.0812037,0.56645644,0.7667307,0.5342475,1.3144729,0.03220892
1135,0.06428591,0.04513246,0.04651568,0.030771667,0.01777023,0.014360791
1136,0.7696745,0.24284455,0.30247495,0.22559471,0.46719953,0.017249838
1137,0.5443731,0.40915203,0.40711647,0.29411644,0.13725662,0.11503559
1138,0.9416358,0.39547005,0.5544075,0.3589308,0.3872283,0.036539257
1139,0.7183915,0.319049,0.43617457,0.2800906,0.2822169,0.0389584
1140,1.580037,0.6757225,1.0986496,0.73901063,0.48138738,-0.06328815
1141,0.13576332,0.019349065,0.096245445,0.068409815,0.039517872,-0.04906075
1142,0.05699592,0.017210254,0.021063596,0.017261412,0.035932325,-5.115755e-05
1143,0.15181766,0.07213274,0.09365852,0.0661238,0.058159143,0.006008938
1144,0.0660957,0.04820218,0.06269983,0.04175524,0.0033958703,0.006446939
1145,0.59408426,0.30597693,0.35895923,0.25556508,0.23512504,0.05041185
1146,1.8760782,0.62149405,0.64907664,0.48699874,1.2270017,0.13449532
1147,1.6457261,0.92063487,1.0592749,0.8017723,0.5864512,0.11886257
1148,0.29615802,0.12962204,0.15556285,0.104125604,0.14059517,0.025496438
1149,0.2137863,0.12451068,0.20011277,0.14661959,0.013673529,-0.022108905
1150,0.06783386,0.16329421,0.052195407,0.04091147,0.015638456,0.122382745
1151,1.1553969,0.39363056,0.5909761,0.4076802,0.5644208,-0.014049649
1152,0.04810756,0.116216056,0.045140974,0.029717755,0.0029665865,0.086498305
1153,0.107617386,0.07568838,0.058360435,0.04558406,0.04925695,0.030104317
1154,1.1036127,0.3138271,0.4091916,0.27998737,0.69442105,0.033839732
1155,0.10184532,0.034093928,0.06676717,0.046717294,0.035078146,-0.012623366
1156,0.958887,0.42081478,0.5023824,0.36366728,0.45650458,0.057147503
1157,1.5424731,0.5159863,0.7504731,0.51906264,0.792,-0.003076315
1158,0.090578176,0.056379635,0.039259583,0.02742967,0.051318593,0.028949965
1159,0.0005934332,0.010610701,0.018665405,0.019480886,-0.018071972,-0.008870185
1160,0.05224759,0.020160956,0.07393857,0.04603398,-0.02169098,-0.025873022
1161,0.14782499,0.10193554,0.07901011,0.050063442,0.06881488,0.0518721
1162,0.15326487,0.10601465,0.12787959,0.10034412,0.025385275,0.005670525
1163,0.12772235,0.01606007,0.054769408,0.04187451,0.07295294,-0.02581444
1164,0.15123472,0.08720082,0.09994693,0.072521076,0.051287785,0.014679745
1165,0.1044788,0.004039425,0.055773307,0.039311446,0.048705492,-0.03527202
1166,-0.022457434,0.0050586676,0.0075902753,0.0076067625,-0.03004771,-0.0025480948
1167,0.68843234,0.23857708,0.29945415,0.20657241,0.38897818,0.03200467
1168,1.8055003,0.72050524,0.79412496,0.6002726,1.0113753,0.12023264
1169,0.7383354,0.33341572,0.35996887,0.23698738,0.3783665,0.096428335
1170,0.031643935,0.011633412,0.032346867,0.02162533,-0.0007029325,-0.009991919
1171,1.2786574,0.42769137,0.5471364,0.374489,0.731521,0.05320236
1172,0.02449229,-0.026661081,0.038830508,0.025398001,-0.014338218,-0.052059084
1173,0.7205773,0.20664944,0.23320301,0.16608891,0.4873743,0.04056053
1174,1.3812633,0.23783657,0.4013354,0.18836525,0.9799279,0.04947132
1175,0.10032142,0.079473004,0.10273324,0.06434488,-0.00241182,0.015128121
1176,0.20173098,0.10425303,0.13025582,0.08998598,0.07147516,0.01426705
1177,1.5421,0.71671116,0.70235217,0.55586064,0.8397478,0.16085052
1178,0.9954231,0.34383908,0.4402688,0.29862928,0.55515426,0.045209795
1179,1.1285315,0.4181841,0.56381047,0.39221114,0.564721,0.025972962
1180,0.28655094,0.15258795,0.17874958,0.119872406,0.10780136,0.032715544
1181,0.85494334,0.33285376,0.33153072,0.24226817,0.5234126,0.09058559
1182,0.19970457,0.16894856,0.18722703,0.13456757,0.012477547,0.034380987
1183,0.0040120804,0.16051827,0.044422444,0.02196328,-0.040410362,0.13855499
1184,0.7073202,0.3251718,0.49928507,0.3478608,0.20803514,-0.022689015
1185,1.1661139,0.5211077,0.5544008,0.40237078,0.61171305,0.11873689
1186,1.0844221,0.51384795,0.6053273,0.44359055,0.4790948,0.070257396
1187,0.1420626,0.22219554,0.109851636,0.08770547,0.03221097,0.13449007
1188,0.017989703,0.21144158,0.05101291,0.029888019,-0.03302321,0.18155356
1189,1.2127544,0.49480748,0.76857454,0.53392696,0.44417983,-0.039119482
1190,-0.012836647,0.114283465,0.016518397,0.009165166,-0.029355045,0.1051183
1191,-0.012143168,0.08866729,0.018340971,0.010476447,-0.03048414,0.07819084
1192,0.118078396,0.050954834,0.06560995,0.046188522,0.05246845,0.0047663115
1193,-0.0013579187,0.13809189,0.028756168,0.0152989235,-0.030114086,0.12279297
1194,1.0645152,0.6346368,0.80045223,0.58345956,0.264063,0.051177263
1195,1.5124139,0.81083095,0.9561051,0.68789595,0.55630875,0.122935
1196,1.6732891,0.2911113,0.46964842,0.2798941,1.2036407,0.011217177
1197,0.12426059,0.04982758,0.087503366,0.061036427,0.036757223,-0.011208847
1198,0.0772315,0.16311167,0.056908082,0.04747233,0.020323414,0.115639344
1199,1.679581,0.6221428,0.77428496,0.55997735,0.9052961,0.06216544
1200,1.0900264,0.51567316,0.59000933,0.39739445,0.50001705,0.11827871
1201,0.07440723,0.04250395,0.059574794,0.04686466,0.014832433,-0.0043607093
1202,0.14140329,0.09845956,0.11054142,0.084160686,0.03086187,0.014298871
1203,1.164809,0.27400485,0.327936,0.2134972,0.836873,0.06050764
1204,0.8616845,0.36194518,0.41266212,0.30285043,0.44902238,0.059094757
1205,1.3390625,0.4794085,0.5001706,0.36995697,0.83889186,0.10945153
1206,0.021048926,0.06844974,0.013214307,0.013640737,0.007834619,0.054809004
1207,1.0198342,0.43203375,0.48652697,0.33731973,0.5333072,0.094714016
1208,0.17304754,0.19780105,0.13730095,0.10592906,0.03574659,0.09187199
1209,0.27743742,0.20703095,0.14386383,0.09520427,0.13357359,0.11182668
1210,0.1096589,-0.023740761,0.050668456,0.031365205,0.05899044,-0.055105966
1211,0.114534065,0.09512902,0.05705277,0.045072,0.057481296,0.05005702
1212,0.2752977,0.055054564,0.1587758,0.10213778,0.116521895,-0.047083218
1213,0.012934237,-0.0015444952,0.009903108,0.0093202125,0.003031129,-0.010864708
1214,0.042055193,0.040902615,0.022002785,0.016875977,0.020052409,0.024026638
1215,0.8008299,0.27588516,0.33979598,0.2433004,0.4610339,0.03258477
1216,-0.007465348,0.148937,0.013812743,0.0077827335,-0.02127809,0.14115427
1217,0.2104863,0.07946953,0.14416365,0.10444294,0.06632264,-0.024973407
1218,0.016988449,0.12588796,0.03043902,0.025142107,-0.01345057,0.10074586
1219,1.2125905,0.5703744,0.77075446,0.5594272,0.441836,0.0109472275
1220,0.9318466,0.412008,0.6019403,0.4583296,0.32990634,-0.0463216
1221,0.43106744,0.14986442,0.18888313,0.13743722,0.24218431,0.012427196
1222,0.15552852,0.08631268,0.12243682,0.09047011,0.033091694,-0.0041574314
1223,0.03359911,-0.062374014,0.026471283,0.019727651,0.007127825,-0.082101665
1224,1.3266023,0.49355122,0.5378149,0.39474633,0.7887874,0.09880489
1225,0.88285047,0.32227558,0.37578696,0.2626307,0.5070635,0.059644878
1226,0.10578727,0.09111973,0.0973294,0.070701815,0.008457869,0.020417914
1227,0.17432891,0.11757477,0.10641712,0.07929704,0.06791179,0.038277723
1228,0.027406676,0.03535696,0.021066267,0.021874208,0.0063404087,0.013482753
1229,0.8529387,0.55772597,0.6825229,0.5063886,0.17041582,0.05133736
1230,1.2571517,0.7237088,0.80051804,0.65161264,0.4566337,0.07209617
1231,1.7500408,0.75223005,0.84661883,0.5984536,0.90342194,0.15377647
1232,-0.0053964495,0.11010062,0.02194405,0.010663554,-0.0273405,0.099437065
1233,0.14772598,0.10763243,0.11376885,0.06867106,0.03395713,0.038961366
1234,0.057256814,0.2003216,0.0894513,0.058483504,-0.032194484,0.1418381
1235,0.96107817,0.34499806,0.4786488,0.3581145,0.48242936,-0.013116449
1236,0.009400648,0.24476296,0.034553893,0.02149036,-0.025153246,0.22327259
1237,0.09931427,0.10575222,0.040372428,0.031142388,0.058941845,0.07460983
1238,0.23093346,0.1068246,0.16960521,0.117771424,0.061328247,-0.010946825
1239,0.090667374,0.044799924,0.06516741,0.043207858,0.025499962,0.0015920661
1240,0.24108975,0.12422769,0.11296157,0.08772932,0.12812817,0.036498368
1241,-0.028713405,0.11745959,0.012694484,0.005320576,-0.04140789,0.11213901
1242,1.628863,0.6303599,0.6330206,0.4657076,0.9958424,0.16465229
1243,0.046958573,0.05921476,0.041191608,0.03139519,0.0057669654,0.02781957
1244,0.225024,0.09139002,0.12939313,0.08561549,0.09563087,0.005774528
1245,0.13996644,0.050126713,0.11861527,0.08410456,0.021351174,-0.033977848
1246,0.035800762,0.021516565,0.034866557,0.024529392,0.00093420595,-0.0030128267
1247,0.0024598574,0.056325145,0.02953748,0.024592994,-0.027077623,0.03173215
1248,0.2081165,0.0798204,0.1488722,0.090816654,0.059244305,-0.010996252
1249,0.027279506,0.049908463,0.027772823,0.025906378,-0.00049331784,0.024002085
1250,0.08405077,0.041544802,0.014548996,0.011268649,0.06950177,0.030276153
1251,1.2652408,0.46185273,0.5098219,0.38193348,0.7554189,0.07991925
1252,0.0199085,0.048084516,0.031586237,0.019509727,-0.011677736,0.028574789
1253,1.4463794,0.7670856,1.1190628,0.7294242,0.32731664,0.037661433
1254,0.1786616,0.024049534,0.11671519,0.08012422,0.061946407,-0.056074686
1255,-0.03807342,0.10831103,0.0068507777,0.00053366984,-0.0449242,0.10777736
1256,0.019199839,-0.021467654,0.016987942,0.017197281,0.0022118967,-0.038664937
1257,0.055762414,0.07698375,0.0559816,0.043589555,-0.0002191849,0.033394195
1258,0.13474214,0.053886008,0.060872167,0.03634096,0.07386997,0.017545048
1259,0.17252496,0.14592531,0.14074142,0.115319386,0.031783536,0.030605927
1260,0.7019873,0.35029683,0.4225325,0.30187988,0.27945483,0.048416942
1261,0.14540392,0.104671896,0.124488175,0.09681088,0.020915747,0.007861018
1262,1.0024278,0.3007142,0.41595381,0.26105326,0.586474,0.03966093
1263,0.10970304,0.03132948,0.061730586,0.05160879,0.047972456,-0.02027931
1264,0.15845363,0.10099564,0.07898095,0.054528695,0.079472676,0.046466943
1265,0.066871196,0.03261273,0.040518817,0.03296808,0.02635238,-0.00035535172
1266,1.7881963,0.87841094,1.3483516,0.9068445,0.43984473,-0.028433561
1267,2.2255886,0.5701806,0.716344,0.5012635,1.5092446,0.068917096
1268,1.3800278,0.35112604,0.51803815,0.33993122,0.8619896,0.011194825
1269,0.115586884,0.07228308,0.09287024,0.068375215,0.022716641,0.003907867
1270,0.06283098,0.015854113,0.070761636,0.047995195,-0.007930659,-0.032141082
1271,0.59822106,0.25518933,0.2668006,0.20154317,0.33142045,0.053646162
1272,0.055830713,0.00130085,0.059099317,0.036654763,-0.0032686032,-0.035353914
1273,1.962386,0.7963192,1.2850463,0.82894266,0.6773397,-0.03262347
1274,0.3237905,0.23498288,0.22365323,0.16108534,0.10013726,0.07389754
1275,1.0111852,0.32446933,0.4408582,0.29697663,0.570327,0.027492702
1276,1.5607362,0.7094194,0.81028175,0.5516571,0.7504544,0.15776235
1277,0.16305049,0.107154645,0.09814595,0.07300337,0.06490454,0.03415128
1278,0.3053885,0.115822546,0.25238973,0.18134502,0.05299878,-0.06552247
1279,0.82632244,0.31708506,0.36493474,0.26400515,0.4613877,0.053079903
1280,0.040296156,0.18482101,0.04362871,0.030210469,-0.0033325553,0.15461054
1281,0.13537379,0.092952535,0.07103758,0.04766122,0.0643362,0.045291316
1282,0.547554,0.4094667,0.4471841,0.28520364,0.10036993,0.12426308
1283,0.63686603,0.32075158,0.39633423,0.29950267,0.2405318,0.021248907
1284,0.2181255,0.076953374,0.08201023,0.058777183,0.13611528,0.01817619
1285,0.4148215,0.23148893,0.30239123,0.2068289,0.112430274,0.024660021
1286,1.3487779,0.65664345,0.8252249,0.6059353,0.523553,0.050708175
1287,0.22290854,0.14238842,0.15364012,0.11068491,0.06926842,0.03170351
1288,0.050529003,0.055437606,0.025182724,0.017656771,0.02534628,0.037780836
1289,1.7355841,0.7081844,0.8987894,0.6309068,0.83679473,0.0772776
1290,1.385392,0.5726066,0.7684972,0.5688106,0.6168947,0.003796041
1291,0.07941847,0.10270799,0.099218085,0.07587238,-0.019799612,0.026835613
1292,-0.032477256,0.1222451,0.011091249,0.0052086073,-0.043568507,0.1170365
1293,1.0411524,0.56205827,0.68522394,0.5064026,0.35592842,0.05565566
1294,1.2708198,0.46552783,0.5647928,0.39903688,0.706027,0.06649095
1295,0.9703202,0.5012631,0.67763746,0.47041807,0.29268277,0.030845016
1296,0.091233365,0.0030800602,0.0629336,0.03946482,0.028299764,-0.03638476
1297,1.2625861,0.47730246,0.6804891,0.45077103,0.582097,0.026531428
1298,0.1153292,0.031666867,0.0527727,0.036034543,0.0625565,-0.0043676756
1299,0.2050854,0.08202265,0.17610805,0.1082111,0.02897735,-0.026188448
1300,1.1906027,0.42356977,0.5953217,0.384616,0.59528095,0.03895378
1301,0.32917118,0.2687289,0.26190156,0.19346994,0.06726962,0.07525897
1302,0.14621714,0.097788,0.113685586,0.08751427,0.032531552,0.010273732
1303,0.22315606,0.103612565,0.123021446,0.088325664,0.10013462,0.0152869
1304,0.052912008,-0.000728408,0.034336664,0.016436826,0.018575344,-0.017165234
1305,0.33325282,0.20147781,0.22842805,0.15927958,0.10482477,0.042198226
1306,1.6477087,0.63712025,0.9123341,0.61723965,0.73537457,0.019880593
1307,0.07528042,0.14297463,0.06827366,0.053344928,0.007006757,0.0896297
1308,1.2434161,0.49015796,0.59583634,0.4167573,0.6475797,0.073400676
1309,0.08568111,0.036251497,0.07447698,0.053868674,0.011204131,-0.017617177
1310,0.11914448,0.022974977,0.08356328,0.048729867,0.035581194,-0.02575489
1311,0.8518926,0.39529875,0.46917048,0.3413005,0.3827221,0.05399826
1312,0.0755616,0.19012581,0.0377212,0.028138256,0.037840396,0.16198756
1313,0.05059028,0.02783937,0.033385005,0.025782805,0.017205276,0.0020565651
1314,2.194164,0.6644688,0.9846133,0.66370875,1.2095507,0.00076007843
1315,0.08008574,-0.057638526,0.08267033,0.046155017,-0.0025845915,-0.10379355
1316,0.21723862,0.08761753,0.15729816,0.094120815,0.059940457,-0.006503284
1317,0.5030057,0.23922792,0.35981944,0.25439462,0.14318624,-0.0151667
1318,0.20335384,0.15152334,0.13352427,0.09698259,0.06982957,0.054540746
1319,0.63122517,0.24209476,0.3394262,0.2411393,0.29179898,0.00095546246
1320,0.25459597,0.12152137,0.12873259,0.08868998,0.12586337,0.032831386
1321,0.78891045,0.38491747,0.39619297,0.29422134,0.39271748,0.090696126
1322,0.17958435,0.2795603,0.13990057,0.10459051,0.03968379,0.17496979
1323,0.15252845,0.09714296,0.09438976,0.07624368,0.05813869,0.020899273
1324,1.1127827,0.6014804,0.7615592,0.56210345,0.35122353,0.039376974
1325,-0.014460633,0.1288295,0.020723047,0.010007626,-0.03518368,0.11882187
1326,0.20120823,0.075100094,0.10597269,0.076705515,0.09523554,-0.0016054213
1327,0.9393939,0.42251903,0.46402374,0.32753584,0.47537014,0.09498319
1328,0.3354751,0.16971982,0.27935603,0.1784474,0.056119055,-0.00872758
1329,0.05168216,0.15156163,0.036342718,0.024746338,0.015339442,0.12681529
1330,0.53597575,0.24408048,0.3100668,0.21950474,0.22590896,0.02457574
1331,2.0164354,0.51550657,0.55504656,0.4233087,1.4613888,0.092197865
1332,0.08876202,0.13113083,0.08438777,0.050070338,0.004374251,0.08106049
1333,0.40441477,0.2630145,0.32705978,0.22726035,0.077355,0.035754144
1334,0.22505568,0.053969245,0.10038328,0.0704345,0.1246724,-0.016465258
1335,0.75734943,0.3258863,0.37716693,0.27110863,0.3801825,0.05477768
1336,1.5129862,0.4921193,0.64350605,0.4654251,0.86948013,0.026694208
1337,0.1887563,0.098211125,0.09319124,0.060730595,0.09556506,0.03748053
1338,0.15981582,0.056973875,0.11309464,0.076082274,0.046721175,-0.0191084
1339,0.34521875,0.22164933,0.20831282,0.15052393,0.13690592,0.0711254
1340,0.009020513,0.0023777953,0.022535022,0.009413673,-0.013514509,-0.0070358776
1341,1.295952,0.6616394,0.8301977,0.58962953,0.46575427,0.07200986
1342,0.06401405,0.05404669,0.032598864,0.02913546,0.031415183,0.02491123
1343,0.16976851,0.017409377,0.104389764,0.0678426,0.06537875,-0.050433226
1344,0.96133125,0.40366036,0.49838477,0.3477912,0.46294647,0.055869162
1345,0.4776949,0.26551887,0.3546685,0.28236103,0.1230264,-0.016842157
1346,0.1075806,0.092281215,0.11599984,0.08954103,-0.008419238,0.002740182
1347,0.83023506,0.38878337,0.5075456,0.32118908,0.32268947,0.06759429
1348,0.6108485,0.32568547,0.4315916,0.30516735,0.17925689,0.020518124
1349,0.027648062,-0.004187641,0.013976239,0.013635988,0.013671823,-0.01782363
1350,0.099091366,0.003555231,0.05863015,0.040061153,0.040461216,-0.036505923
1351,1.1300932,0.3497129,0.478904,0.3211152,0.6511892,0.028597713
1352,0.19621693,0.13382371,0.1310416,0.10107998,0.065175325,0.03274373
1353,0.88283825,0.48513526,0.62680376,0.45136014,0.2560345,0.03377512
1354,0.8320107,0.29279786,0.32771045,0.24351569,0.50430024,0.04928218
1355,0.06567669,0.026725307,0.033779617,0.022865599,0.03189707,0.003859708
1356,1.0156658,0.5115208,0.68550366,0.46297058,0.3301621,0.04855022
1357,0.8087004,0.49575073,0.6169223,0.46457872,0.19177806,0.031172007
1358,1.3571296,0.58937603,0.82392395,0.57451564,0.5332056,0.014860392
1359,0.094054624,0.049613193,0.06258728,0.045934457,0.03146734,0.0036787353
1360,0.10494671,0.0027833055,0.067810655,0.039969385,0.037136056,-0.03718608
1361,0.921584,0.4568394,0.64760596,0.46869692,0.27397805,-0.01185751
1362,0.025333416,0.12051158,0.050613623,0.03913663,-0.025280207,0.08137494
1363,0.5657762,0.19606377,0.21721411,0.14881155,0.34856212,0.047252223
1364,0.26714563,0.106400155,0.19222383,0.12831709,0.0749218,-0.021916933
1365,0.8911945,0.18689391,0.243837,0.17323673,0.6473575,0.013657182
1366,0.21959372,0.1266962,0.14730537,0.10416466,0.07228835,0.02253154
1367,0.31198725,0.07825892,0.21113722,0.137677,0.10085003,-0.059418082
1368,0.7800469,0.33928457,0.41824618,0.31312436,0.3618007,0.02616021
1369,1.1243874,0.31822363,0.42575645,0.30135408,0.6986309,0.016869545
1370,0.11317527,0.030091844,0.06956717,0.0359716,0.0436081,-0.005879756
1371,0.061387595,0.017558828,0.031043971,0.023139667,0.030343624,-0.005580839
1372,0.142269,0.11088791,0.09401265,0.06016789,0.048256353,0.050720017
1373,0.9057083,0.4676143,0.53617495,0.38279957,0.36953336,0.08481473
1374,0.31049642,0.12657711,0.14942518,0.11293695,0.16107124,0.013640158
1375,1.3518687,0.53085154,0.6523156,0.44116697,0.69955313,0.089684576
1376,0.89522856,0.59929353,0.6763793,0.501977,0.21884924,0.0973165
1377,1.2377787,0.5996778,0.62618774,0.46971208,0.6115909,0.12996572
1378,0.66821903,0.2433457,0.342009,0.24309933,0.32621002,0.0002463609
1379,0.21243669,0.11143938,0.13426848,0.09829357,0.07816821,0.013145804
1380,0.16144349,0.079275325,0.092962936,0.0705285,0.06848055,0.008746825
1381,0.3136303,0.16321154,0.15421602,0.11106279,0.15941429,0.052148752
1382,0.9289751,0.47178707,0.61579055,0.43120033,0.31318456,0.04058674
1383,1.1447433,0.5228193,0.7440337,0.516628,0.40070963,0.0061912537
1384,0.67880756,0.22998162,0.3291986,0.21568039,0.34960896,0.014301226
1385,0.15341875,0.09615282,0.11280694,0.08053441,0.04061181,0.015618406
1386,0.09050851,0.05891851,0.06298035,0.045542262,0.027528167,0.013376247
1387,0.5649728,0.37745622,0.36841133,0.2530578,0.19656149,0.12439841
1388,0.18782511,0.18134421,0.14869128,0.112435006,0.03913383,0.068909205
1389,1.1256526,0.38365504,0.449449,0.3357317,0.67620355,0.047923356
1390,0.07892688,0.094396,0.081302956,0.067168795,-0.002376072,0.027227208
1391,0.008469225,0.08352408,0.03191811,0.027679622,-0.023448884,0.055844456
1392,0.06847962,0.041309454,0.04330521,0.039349772,0.02517441,0.0019596815
1393,1.5807948,0.5096311,0.6303522,0.42641202,0.9504426,0.08321908
1394,0.14844303,0.08616783,0.07605126,0.047217976,0.07239177,0.03894985
1395,1.068597,0.6734626,0.81512564,0.6443528,0.25347131,0.029109836
1396,-0.024789935,0.11763299,0.012532638,0.006462287,-0.037322573,0.11117071
1397,-0.013447396,0.06039067,0.009442202,0.008775851,-0.0228896,0.05161482
1398,0.33886072,0.13942003,0.18217185,0.13217553,0.15668887,0.0072444975
1399,2.067894,0.609497,0.76150984,0.5156181,1.3063841,0.093878925
1400,0.019398391,-0.020552209,0.023904651,0.017768059,-0.00450626,-0.038320266
1401,0.14007546,0.101229705,0.09055881,0.06754507,0.049516648,0.033684634
1402,0.004164855,0.012672863,0.0283056,0.016328407,-0.024140745,-0.0036555445
1403,0.17833863,0.1323722,0.13789591,0.105461165,0.04044272,0.026911035
1404,0.09918968,0.06539186,0.046342187,0.035678826,0.05284749,0.029713035
1405,0.28617093,0.11663893,0.15695474,0.11612527,0.1292162,0.0005136579
1406,0.036684267,0.04499452,0.014657557,0.00824509,0.02202671,0.03674943
1407,0.11436302,0.055198774,0.055098347,0.04290418,0.059264675,0.012294594
1408,1.8588023,0.5389002,0.56135017,0.43087846,1.2974522,0.108021736
1409,1.1037948,0.3776971,0.44887048,0.32650334,0.65492433,0.051193774
1410,0.18327804,0.1501119,0.15120201,0.10544071,0.03207603,0.044671185
1411,0.85024905,0.38587084,0.47160703,0.3493542,0.37864202,0.036516637
1412,1.4367985,0.5566125,0.6502407,0.4815196,0.78655773,0.07509288
1413,0.023621125,0.061483234,0.015935833,0.0125715835,0.0076852925,0.04891165
1414,0.015213275,-0.06411148,0.01535733,0.006103108,-0.00014405511,-0.070214584
1415,0.06561834,0.07720094,0.050555505,0.032837894,0.015062839,0.044363048
1416,0.16951527,0.08391474,0.118565544,0.09063854,0.050949723,-0.006723799
1417,2.0944808,0.76216537,0.90781975,0.6224298,1.186661,0.13973558
1418,1.3433682,0.41929471,0.5117933,0.3865017,0.83157486,0.032793015
1419,0.04104194,-0.0021698147,0.016677953,0.008833904,0.024363987,-0.011003719
1420,1.665645,0.3449721,0.44315395,0.31310338,1.222491,0.031868726
1421,0.8607546,0.47767046,0.5912073,0.45260754,0.26954728,0.025062919
1422,0.08832827,0.042979714,0.07114131,0.048756294,0.017186962,-0.0057765804
1423,0.17958617,0.08670104,0.11332365,0.0859388,0.06626252,0.00076224655
1424,-0.0052056033,0.016652184,0.011956982,0.010331035,-0.017162586,0.006321149
1425,0.2963908,0.16642627,0.19888358,0.13890347,0.09750722,0.027522802
1426,1.1610464,0.64136446,0.81871545,0.5662384,0.34233093,0.07512605
1427,1.0084149,0.48667043,0.62268245,0.43442917,0.3857324,0.052241266
1428,0.12764578,0.065503284,0.12677617,0.09052478,0.00086960196,-0.025021493
1429,0.029765941,0.020547481,0.03684505,0.01604492,-0.0070791095,0.004502561
1430,0.67205536,0.31388053,0.41574568,0.30246753,0.2563097,0.011413008
1431,0.14715692,0.068540804,0.034295674,0.02987742,0.112861246,0.038663384
1432,0.0993495,0.07470177,0.07639271,0.045788094,0.022956789,0.028913677
1433,0.9198976,0.37741068,0.49445552,0.35523558,0.4254421,0.022175103
1434,0.02603079,-0.00084158755,0.018300356,0.0114586335,0.0077304337,-0.012300221
1435,0.5779755,0.28640077,0.3973382,0.2780537,0.1806373,0.008347064
1436,0.927242,0.49583513,0.50743186,0.3484296,0.41981012,0.14740553
1437,0.1009253,-0.050365362,0.050185762,0.034585543,0.050739534,-0.08495091
1438,0.8850359,0.41059893,0.5294997,0.38074484,0.35553616,0.029854089
1439,0.33150926,0.26417366,0.2790339,0.2160739,0.052475363,0.048099756
1440,0.14983441,0.051142067,0.08550758,0.05984976,0.06432683,-0.008707695
1441,0.6810639,0.22430749,0.38399133,0.2478158,0.29707256,-0.02350831
1442,1.4844874,0.2945241,0.47996005,0.3948439,1.0045273,-0.1003198
1443,1.3032676,0.48175535,0.55717754,0.43139306,0.74609005,0.05036229
1444,0.0019069846,0.1128418,0.02138751,0.007087448,-0.019480525,0.10575435
1445,0.85219103,0.44497535,0.46417826,0.35038868,0.38801277,0.09458667
1446,0.13229527,0.031315714,0.0934499,0.0661172,0.038845368,-0.034801483
1447,0.21942651,0.12683547,0.15644565,0.11102313,0.06298086,0.015812337
1448,1.1321645,0.731338,0.91806096,0.66522133,0.21410352,0.06611669
1449,0.9572509,0.56673074,0.73908275,0.49426493,0.21816814,0.07246581
1450,0.14021905,0.06542715,0.11929755,0.089134514,0.020921499,-0.023707367
1451,0.13027954,0.020974135,0.09242209,0.04780247,0.03785745,-0.026828336
1452,1.138024,0.3925793,0.4887851,0.3664394,0.6492389,0.026139885
1453,0.37752643,0.30172583,0.30170706,0.2189686,0.07581937,0.082757235
1454,1.1115654e-05,-0.05812108,0.014896845,0.010006034,-0.01488573,-0.06812712
1455,0.050098956,-0.0009679276,0.07095955,0.040053852,-0.020860597,-0.04102178
1456,1.0527045,0.4771455,0.5579211,0.4094638,0.49478334,0.0676817
1457,0.71291643,0.34388548,0.3787568,0.26941907,0.33415964,0.07446641
1458,0.04599037,0.120632686,0.047729336,0.03347727,-0.0017389655,0.08715542
1459,0.16082034,0.06676926,0.0800911,0.060120475,0.08072924,0.0066487826
1460,0.88868546,0.3314091,0.48796278,0.33743232,0.40072268,-0.006023228
1461,-0.010727914,0.12681091,0.020466713,0.009846783,-0.031194627,0.116964124
1462,1.3865893,0.5152784,0.66149014,0.4753766,0.72509915,0.039901793
1463,0.06154254,0.012679656,0.0397803,0.029548686,0.02176224,-0.01686903
1464,0.15737073,0.022724805,0.05844327,0.040711615,0.09892746,-0.01798681
1465,0.05585386,0.014946969,0.040541403,0.032972984,0.015312456,-0.018026015
1466,1.2027236,0.68205094,0.8080541,0.54613554,0.39466953,0.1359154
1467,0.36827287,0.22498833,0.17755471,0.124193706,0.19071816,0.10079462
1468,0.082452856,0.1712891,0.056579858,0.044863645,0.025872998,0.12642546
1469,0.067891374,0.13728966,0.04288984,0.02969261,0.025001533,0.107597046
1470,0.8447995,0.2268448,0.21454565,0.14941934,0.63025385,0.077425465
1471,-0.024320966,0.10346073,0.012483446,0.005362802,-0.03680441,0.09809793
1472,-0.038621154,0.10909203,0.010209393,0.0029362955,-0.048830546,0.10615573
1473,1.1809629,0.54311186,0.6719576,0.44395894,0.5090053,0.09915292
1474,0.91516733,0.34440142,0.4750978,0.32493547,0.44006953,0.019465953
1475,0.12438709,0.00050908606,0.087117575,0.05385383,0.037269518,-0.05334474
1476,0.057779785,0.03681456,0.037644587,0.028955633,0.020135198,0.007858926
1477,0.3885435,0.25759813,0.1698436,0.12672347,0.21869989,0.13087466
1478,-0.0040815105,-0.032366578,0.011262467,0.009461194,-0.015343977,-0.04182777
1479,0.03569575,0.015354213,0.032317214,0.023402423,0.0033785366,-0.008048209
1480,0.09222714,0.07171801,0.07542382,0.05463373,0.016803317,0.017084278
1481,1.1636674,0.42853725,0.54505366,0.35674843,0.6186138,0.07178882
1482,0.4167769,0.18966034,0.27368623,0.20248476,0.14309067,-0.012824416
1483,1.5537719,0.5797424,0.8163578,0.54835254,0.73741406,0.031389832
1484,0.047354765,0.051792312,0.042167466,0.03234962,0.005187299,0.019442692
1485,1.529873,0.62837183,0.8810299,0.61862653,0.6488431,0.0097453
1486,1.1568867,0.52132255,0.90858287,0.56763405,0.24830383,-0.046311498
1487,1.4058574,0.5316249,0.7663401,0.5218862,0.63951737,0.009738684
1488,0.54762506,0.3125726,0.437183,0.3104735,0.11044207,0.0020990968
1489,0.17403844,0.037002377,0.089442626,0.05562526,0.084595814,-0.018622883
1490,0.3578343,0.18468778,0.22056115,0.15991394,0.13727316,0.024773836
1491,0.103526905,0.1501807,0.078977026,0.057544924,0.02454988,0.09263577
1492,0.10026781,0.075217515,0.08724053,0.046874706,0.013027281,0.02834281
1493,0.011586176,0.026167631,0.008046576,0.00895272,0.0035396004,0.017214911
1494,0.06202117,0.018178873,0.046705015,0.03251546,0.015316155,-0.014336586
1495,1.1823288,0.543738,0.7627392,0.48961267,0.41958964,0.05412534
1496,-0.013251835,0.19499737,0.03884351,0.027477834,-0.052095342,0.16751954
1497,0.458829,0.2141363,0.34803244,0.21856168,0.11079654,-0.0044253767
1498,0.19081464,0.090317115,0.10541926,0.075449765,0.08539538,0.01486735
1499,1.2144104,0.5003697,0.5990168,0.42800635,0.61539364,0.07236338
1500,0.10606273,0.02084518,0.07763578,0.050982557,0.028426953,-0.030137377
1501,0.744508,0.44016248,0.527693,0.36774307,0.21681505,0.072419405
1502,0.25615808,0.114410646,0.1275949,0.085587025,0.12856318,0.028823622
1503,0.16736111,0.080318645,0.12462084,0.085244216,0.04274027,-0.0049255714
1504,1.5278764,0.49108052,0.5468473,0.39626852,0.9810291,0.094812006
1505,0.9426946,0.49171823,0.71500766,0.5156888,0.22768694,-0.023970544
1506,-0.034756392,0.11464887,0.006602958,0.0016447926,-0.04135935,0.11300408
1507,0.7709052,0.33437854,0.44938248,0.31348565,0.3215227,0.020892888
1508,0.059119064,0.07634725,0.04630261,0.031308375,0.012816455,0.04503887
1509,0.06617342,0.023223992,0.038864944,0.026287884,0.027308475,-0.003063891
1510,0.6623188,0.38590455,0.48561668,0.36465684,0.17670214,0.021247715
1511,0.5922453,0.30920845,0.36480203,0.26593712,0.22744325,0.043271333
1512,0.7448323,0.2930553,0.3471888,0.2529551,0.39764348,0.040100187
1513,1.2765772,0.6124484,0.6778642,0.5058671,0.59871304,0.10658127
1514,0.10362377,0.049857732,0.053676885,0.030187642,0.049946886,0.01967009
1515,0.1897114,0.10295769,0.12401755,0.08738904,0.065693855,0.015568651
1516,1.8047122,0.8566474,0.9947093,0.6322047,0.81000286,0.22444266
1517,0.4247264,0.19113052,0.29908258,0.21413748,0.12564382,-0.02300696
1518,1.7361127,0.8329654,0.89110434,0.6550536,0.8450084,0.17791176
1519,0.688281,0.27513763,0.35301763,0.26350993,0.33526337,0.011627704
1520,0.25641677,0.109035455,0.17015278,0.12252027,0.086263984,-0.013484813
1521,1.0741086,0.3704949,0.48221117,0.33231553,0.5918974,0.038179368
1522,0.18858568,0.10171534,0.14199543,0.09522145,0.046590254,0.006493889
1523,0.81876355,0.46588057,0.5406822,0.38217345,0.27808136,0.083707124
1524,0.087792985,0.057796694,0.04796177,0.034617826,0.039831214,0.023178868
1525,1.2238178,0.56299,0.633634,0.45677406,0.59018385,0.106215954
1526,0.03942278,0.0536635,0.028873969,0.021776624,0.010548811,0.031886876
1527,0.2796849,0.068466075,0.10198425,0.07583983,0.17770065,-0.0073737577
1528,0.07448397,0.14058359,0.07094995,0.052003227,0.003534019,0.08858036
1529,0.026832016,0.045885183,0.02442234,0.024270121,0.002409676,0.021615062
1530,0.91101557,0.41302106,0.4795433,0.36552742,0.43147227,0.047493637
1531,0.80793154,0.32032436,0.45270973,0.3506597,0.3552218,-0.030335337
1532,0.24904415,0.08979386,0.1569153,0.10910038,0.09212884,-0.019306518
1533,-0.017100483,0.0036772876,0.026470125,0.014564942,-0.043570608,-0.0108876545
1534,1.5419592,0.68670636,0.97258043,0.6459302,0.56937873,0.040776193
1535,0.07029402,0.024310194,0.028791538,0.022131432,0.041502483,0.002178762
1536,0.063360885,-0.015897183,0.041761335,0.0290487,0.02159955,-0.04494588
1537,0.019354057,0.099235915,0.015487258,0.01101095,0.0038667982,0.08822496
1538,1.148857,0.33574593,0.39504877,0.28995782,0.75380826,0.04578811
1539,0.025176447,0.018606732,0.003605488,0.005815456,0.021570958,0.012791276
1540,0.023276912,-0.03577576,0.012518677,0.005118292,0.010758235,-0.04089405
1541,0.92546016,0.481938,0.6839612,0.46695566,0.24149895,0.014982343
1542,0.9198337,0.35253897,0.49501425,0.33339462,0.42481947,0.019144356
1543,0.72058916,0.35157114,0.5673692,0.37961692,0.15321994,-0.028045774
1544,0.8680036,0.5600848,0.62249124,0.4515008,0.24551237,0.10858402
1545,0.2564446,0.14128006,0.1817989,0.132137,0.0746457,0.0091430545
1546,1.3762112,0.506116,0.5878898,0.42470056,0.7883214,0.081415415
1547,0.7650391,0.33919862,0.48822337,0.33732957,0.2768157,0.0018690526
1548,0.7862252,0.3317755,0.42638487,0.32079053,0.35984033,0.010984957
1549,0.0726617,0.038043477,0.05080507,0.03445752,0.021856628,0.003585957
1550,0.17330025,0.016412092,0.12561539,0.076884955,0.047684863,-0.06047286
1551,1.2745064,0.28170022,0.4168974,0.2729393,0.85760903,0.008760929
1552,1.0340792,0.50347984,0.6333256,0.44254333,0.40075362,0.06093651
1553,1.4091632,0.48855788,0.75490105,0.48640385,0.6542622,0.0021540225
1554,0.0025773414,0.120597966,0.016935287,0.008353126,-0.014357946,0.11224484
1555,0.4919684,0.2407634,0.23277211,0.17939259,0.25919628,0.061370805
1556,0.24842547,0.15405437,0.1746983,0.13578638,0.073727176,0.01826799
1557,0.49578843,0.20301281,0.31367174,0.2239608,0.18211669,-0.020947993
1558,0.7856029,0.22891052,0.33469957,0.23798013,0.45090336,-0.009069607
1559,0.65818954,0.32110444,0.3593098,0.2508382,0.29887974,0.07026625
1560,1.0571132,0.3093343,0.46352848,0.30270562,0.59358466,0.006628692
1561,0.57148165,0.2744912,0.4255403,0.29430288,0.14594135,-0.01981169
1562,0.0072733425,0.019821022,0.01144916,0.0151662845,-0.0041758176,0.004654737
1563,0.0103685595,-0.037280805,0.017195348,0.008772897,-0.006826788,-0.0460537
1564,0.050473973,0.026290998,0.024129119,0.019275926,0.026344854,0.007015072
1565,0.44230425,0.31744376,0.3443147,0.2599364,0.09798956,0.057507366
1566,0.8038734,0.3160743,0.45778537,0.3051616,0.34608805,0.010912716
1567,0.035156637,0.042925213,0.040071137,0.022224424,-0.0049145,0.020700788
1568,1.3467033,0.3944343,0.4784792,0.34142858,0.8682241,0.053005725
1569,0.9965497,0.39693215,0.5280228,0.38255748,0.4685269,0.014374673
1570,0.567371,0.29109427,0.4012467,0.26371068,0.16612431,0.027383596
1571,1.1298014,0.59164643,0.66724455,0.4965906,0.46255684,0.09505582
1572,1.3528212,0.60889727,0.6890555,0.4870913,0.6637657,0.121805966
1573,0.08658138,-0.006831322,0.037943628,0.023736825,0.04863775,-0.030568147
1574,0.9055308,0.38926676,0.5703376,0.40039548,0.33519322,-0.011128724
1575,1.0795985,0.4738463,0.7372345,0.47948307,0.34236407,-0.0056367815
1576,0.8627934,0.42039424,0.58602846,0.42854744,0.27676493,-0.0081532
1577,0.029097123,0.026027925,0.027172875,0.026896577,0.0019242484,-0.000868652
1578,0.02182584,0.069632016,0.018813344,0.018916601,0.003012497,0.050715417
1579,0.106378675,0.11316721,0.07381125,0.04780217,0.032567427,0.065365046
1580,-0.037450302,0.113782875,0.0025001608,-0.0006756218,-0.039950464,0.114458494
1581,0.14204033,0.15064687,0.10193732,0.06436127,0.04010301,0.0862856
1582,0.69193697,0.31073022,0.35672122,0.26766032,0.33521575,0.0430699
1583,1.0624032,0.43071783,0.55948675,0.3814456,0.50291646,0.04927224
1584,0.7507567,0.23188417,0.30089426,0.21684071,0.44986242,0.015043452
1585,2.092831,0.83871543,1.1621525,0.8603336,0.93067837,-0.021618187
1586,1.6373559,0.51076496,0.6515281,0.4646206,0.9858278,0.046144366
1587,0.047457606,0.037265178,0.027808536,0.025505345,0.01964907,0.0117598325
1588,0.732835,0.18760747,0.24856596,0.18634097,0.48426902,0.0012664944
1589,0.102735035,0.059331417,0.06940706,0.04036157,0.033327974,0.018969849
1590,-0.003506987,0.1836633,0.0415107,0.030878562,-0.04501769,0.15278473
1591,0.26157776,0.14447233,0.2015706,0.14485577,0.060007155,-0.00038343668
1592,0.050635967,0.039149128,0.03564677,0.026421243,0.014989197,0.012727885
1593,1.0275744,0.3657782,0.5667701,0.38885835,0.46080434,-0.02308014
1594,1.1505566,0.5746838,0.8595313,0.62016344,0.29102528,-0.045479655
1595,0.09994548,0.13363315,0.097592846,0.06388225,0.0023526326,0.069750905
1596,0.028495865,0.016517365,0.021862363,0.020157717,0.0066335015,-0.0036403518
1597,2.4063373,0.7994304,0.8901268,0.662296,1.5162104,0.13713437
1598,0.0010070193,-0.0028081008,0.03095685,0.02127571,-0.02994983,-0.024083812
1599,1.3675478,0.858061,1.0074227,0.80672044,0.36012506,0.05134058
1600,0.006252454,0.032448567,0.014438026,0.0125610735,-0.008185571,0.019887494
1601,0.8118315,0.3574804,0.3823409,0.25934517,0.42949057,0.09813523
1602,0.2487782,0.09655302,0.11083008,0.08409872,0.13794811,0.012454301
1603,0.51819944,0.12259562,0.17842788,0.11777909,0.33977157,0.004816532
1604,0.6939592,0.26698223,0.3085533,0.23194718,0.38540587,0.035035044
1605,0.24119173,0.13198927,0.14993384,0.10501449,0.091257885,0.026974782
1606,0.4364912,0.2937336,0.3646857,0.27923778,0.07180548,0.01449582
1607,0.9050739,0.26992193,0.34909838,0.25758797,0.5559755,0.012333959
1608,0.03945402,0.056320567,0.023900798,0.020321611,0.015553223,0.035998955
1609,1.3961586,0.82876676,1.0014882,0.7359592,0.39467037,0.09280759
1610,1.347634,0.51620877,0.70170707,0.49108958,0.6459269,0.025119185
1611,1.6565393,0.3992436,0.63360596,0.37952158,1.0229334,0.019722015
1612,1.9719875,0.5261993,0.8387443,0.6013361,1.1332432,-0.07513684
1613,0.08851306,0.17909463,0.071575955,0.04210874,0.016937107,0.13698588
1614,0.2487832,0.09243491,0.20861235,0.14313045,0.04017085,-0.05069554
1615,0.18633711,0.07416082,0.09684763,0.0735799,0.08948948,0.00058092177
1616,1.5525676,0.2791234,0.4412693,0.27209643,1.1112983,0.0070269704
1617,0.9731083,0.51017356,0.61523545,0.47269148,0.35787284,0.037482083
1618,0.82286906,0.21786465,0.34516984,0.24689355,0.47769922,-0.029028907
1619,1.4851131,0.4980495,0.7394482,0.55582523,0.74566495,-0.057775736
1620,0.006474766,0.07884693,0.016332252,0.010442747,-0.009857486,0.06840418
1621,0.9808246,0.3784065,0.4828846,0.36588982,0.49794,0.012516677
1622,1.4199564,0.8712831,1.0589573,0.74951047,0.3609991,0.12177265
1623,1.7546546,0.5738442,0.68149227,0.49927592,1.0731623,0.07456827
1624,1.2588007,0.53244287,0.6701376,0.4964826,0.58866316,0.035960257
1625,0.8580036,0.37485543,0.41822606,0.3116052,0.43977755,0.06325024
1626,0.19498089,0.0351148,0.11621722,0.070505545,0.07876367,-0.035390746
1627,-0.026422601,0.13163482,0.0012710231,0.0005497631,-0.027693624,0.13108505
1628,0.08521669,0.044047546,0.048041303,0.030383263,0.03717539,0.013664283
1629,1.1528317,0.5652195,0.77064097,0.5131869,0.3821907,0.05203265
1630,0.98834676,0.4785627,0.5601758,0.41832703,0.42817098,0.06023568
1631,1.9662006,1.0040982,1.0785053,0.77127135,0.8876953,0.23282683
1632,0.33061656,0.18586008,0.20541719,0.15674488,0.12519938,0.0291152
1633,1.1734473,0.38083452,0.57750857,0.39893538,0.5959387,-0.018100858
1634,0.14848265,0.07517432,0.09022777,0.058525324,0.058254883,0.016648993
1635,0.04849941,0.107778855,0.047790244,0.031710878,0.0007091649,0.07606798
1636,1.2939208,0.5004128,0.63254136,0.4338295,0.6613794,0.066583335
1637,1.7540169,0.65143543,0.9405936,0.68266165,0.8134233,-0.031226218
1638,0.04501765,0.06097589,0.04005546,0.027690079,0.0049621873,0.03328581
1639,0.4426066,0.14637272,0.20673224,0.14347965,0.23587435,0.0028930753
1640,0.09272188,0.06656973,0.06562631,0.049567055,0.027095571,0.017002676
1641,0.039245866,0.08308467,0.041617624,0.034975033,-0.0023717582,0.04810964
1642,0.12035529,0.20738958,0.12390473,0.06445736,-0.0035494342,0.14293222
1643,0.07290156,0.042397615,0.040816747,0.025324408,0.032084815,0.017073207
1644,0.4689223,0.16512497,0.2838276,0.19951122,0.18509468,-0.034386247
1645,0.8451707,0.35948077,0.45598197,0.29850444,0.3891887,0.060976326
1646,-0.022976976,-0.018472983,0.018260559,0.011363846,-0.041237533,-0.02983683
1647,0.17748758,0.055483665,0.0956676,0.06729962,0.08181998,-0.011815954
1648,0.71781003,0.47379097,0.5210564,0.38659066,0.19675362,0.087200314
1649,0.09477137,0.04968716,0.06181661,0.03602665,0.03295476,0.013660509
1650,0.6873497,0.3485026,0.42640424,0.29840004,0.26094544,0.05010256
1651,0.14472562,0.06277511,0.06859266,0.054154772,0.07613296,0.00862034
1652,1.4830389,0.41708732,0.48040485,0.3557637,1.002634,0.061323613
1653,1.2132212,0.6792206,0.8453927,0.63110435,0.3678285,0.048116267
1654,0.14853781,0.16779247,0.1350729,0.084746346,0.013464913,0.08304612
1655,1.1355382,0.430492,0.47811136,0.3699183,0.65742683,0.060573727
1656,0.08309214,0.110926054,0.062397063,0.042291034,0.020695075,0.06863502
1657,0.10791556,0.061376464,0.067791484,0.053830184,0.040124074,0.0075462796
1658,0.14382952,0.0011765407,0.06308116,0.046195347,0.080748364,-0.045018807
1659,0.546573,0.2881541,0.4065854,0.2826201,0.13998759,0.0055339932
1660,0.37898046,0.20381209,0.21434796,0.14273155,0.1646325,0.061080545
1661,0.7698736,0.46676788,0.65762323,0.473934,0.11225039,-0.0071661174
1662,0.17938219,0.1400852,0.12621596,0.093208365,0.053166226,0.04687684
1663,0.07568699,0.16032001,0.06688808,0.046393506,0.008798912,0.11392651
1664,1.4744121,0.60036135,0.6802307,0.5483275,0.7941814,0.05203384
1665,0.90388125,0.3808667,0.546016,0.38083795,0.35786527,2.8759241e-05
1666,0.54413414,0.35486132,0.43402758,0.30526784,0.11010656,0.04959348
1667,1.2966695,0.5066083,0.70834565,0.44641858,0.58832383,0.060189724
1668,1.4065796,0.5173571,0.764473,0.5483788,0.6421066,-0.031021714
1669,0.0139870215,-0.05484361,0.016795754,0.012663253,-0.002808733,-0.067506865
1670,0.1305894,0.07705661,0.079146504,0.06706451,0.05144289,0.0099921
1671,1.9931303,0.90470004,1.102732,0.8167409,0.8903984,0.08795917
1672,0.99149925,0.26569274,0.43144584,0.33608565,0.5600534,-0.07039291
1673,0.88532597,0.36677897,0.52144486,0.3638347,0.3638811,0.0029442608
1674,1.5995069,0.36822563,0.584181,0.36277395,1.0153258,0.005451679
1675,0.7180311,0.2947442,0.33904272,0.2455719,0.3789884,0.049172297
1676,0.08237203,0.044008315,0.03608673,0.015298173,0.0462853,0.028710142
1677,0.024147717,-4.9865146e-05,0.024367655,0.01515582,-0.00021993741,-0.015205685
1678,0.02822525,-0.051579405,0.018073121,0.009873917,0.010152129,-0.06145332
1679,1.2966985,0.56670225,0.6693305,0.47833443,0.627368,0.08836782
1680,1.7003524,0.46291977,0.6410675,0.47344303,1.0592849,-0.01052326
1681,0.021653326,0.021231463,0.020140607,0.017313056,0.0015127193,0.0039184075
1682,1.4717485,0.40347794,0.55798465,0.40970463,0.9137638,-0.0062266886
1683,0.14651754,0.025188444,0.060789984,0.03559463,0.08572756,-0.010406187
1684,0.2578064,0.083783954,0.17332621,0.11556236,0.08448018,-0.031778403
1685,0.18711647,0.08824869,0.12349559,0.08746037,0.06362088,0.0007883236
1686,0.052926794,0.16053,0.05869917,0.031584915,-0.0057723746,0.12894508
1687,0.15105806,0.2465941,0.13011518,0.09811549,0.020942882,0.14847861
1688,0.031134602,0.11569275,0.045147277,0.030756515,-0.014012676,0.08493623
1689,1.1038691,0.5950571,0.70795804,0.5172099,0.39591104,0.07784718
1690,0.8326521,0.4534009,0.5504578,0.3973805,0.28219432,0.05602041
1691,0.928315,0.44660282,0.5341003,0.38493022,0.3942147,0.061672598
1692,0.12558146,0.06356163,0.08453876,0.06409391,0.0410427,-0.0005322769
1693,0.73979247,0.36301666,0.4074049,0.27671343,0.33238757,0.086303234
1694,1.0754069,0.45912337,0.7176487,0.49040812,0.35775822,-0.03128475
1695,0.7553726,0.3361472,0.42143434,0.29240146,0.33393824,0.043745726
1696,0.024808625,0.112470716,0.037577692,0.024973035,-0.012769068,0.08749768
1697,1.099636,0.41794875,0.48032942,0.36710116,0.61930656,0.05084759
1698,0.17788629,0.0770158,0.078410104,0.061605018,0.09947619,0.015410785
1699,1.6847694,0.8239781,1.0976759,0.7956395,0.5870935,0.028338611
1700,1.1672523,0.47652858,0.5550178,0.39875117,0.6122345,0.077777416
1701,0.57224935,0.27307004,0.35951385,0.22937028,0.2127355,0.043699756
1702,0.14227144,0.035159137,0.10176812,0.07227932,0.040503323,-0.037120182
1703,0.22024244,0.1039788,0.17162843,0.122202955,0.04861401,-0.018224157
1704,1.0062494,0.3574458,0.38585046,0.26743203,0.620399,0.09001377
1705,0.12341145,0.04548252,0.03823047,0.02527984,0.085180975,0.02020268
1706,0.87265193,0.28604147,0.32962537,0.22716935,0.54302657,0.05887212
1707,0.01375361,0.23080666,0.026807463,0.018470477,-0.013053853,0.21233618
1708,1.2290899,0.552421,0.7698634,0.5735609,0.45922643,-0.02113992
1709,1.3156,0.5856141,0.94680387,0.60759836,0.36879617,-0.02198428
1710,0.13231897,0.06343548,0.06659008,0.05778386,0.065728895,0.0056516193
1711,1.6350783,0.668867,0.9907913,0.62156045,0.644287,0.047306538
1712,0.18218246,0.085662134,0.122696005,0.08731618,0.059486456,-0.0016540438
1713,0.95457625,0.30923617,0.37328583,0.2625238,0.5812904,0.04671237
1714,1.124998,0.66602767,0.7199955,0.5104541,0.40500247,0.15557355
1715,0.8597497,0.42643058,0.5559019,0.41436434,0.3038478,0.012066245
1716,0.046704497,0.020908108,0.03304637,0.02288458,0.013658129,-0.0019764714
1717,0.8294396,0.38487986,0.5594305,0.38650227,0.2700091,-0.0016224086
1718,0.46041122,0.15277073,0.23698416,0.17291418,0.22342706,-0.02014345
1719,0.048847113,-0.030000152,0.044109333,0.02515006,0.0047377795,-0.05515021
1720,0.0041144425,-0.036473237,0.0076410845,0.011050317,-0.003526642,-0.047523554
1721,0.006184519,0.14397097,0.027740147,0.017539036,-0.021555629,0.12643193
1722,0.82771385,0.44144562,0.5556669,0.42253003,0.27204692,0.018915594
1723,1.0245721,0.29104748,0.43301672,0.30638614,0.5915554,-0.015338659
1724,-0.019679638,0.13290152,0.01670079,0.008243807,-0.036380425,0.12465771
1725,1.2761204,0.7659615,1.0477225,0.82943153,0.22839797,-0.063470006
1726,0.62648815,0.29624587,0.38362688,0.27315888,0.24286127,0.023086995
1727,0.1454279,0.0496133,0.08893822,0.05356424,0.056489676,-0.0039509386
1728,0.11307885,0.06710852,0.06938422,0.04902678,0.04369463,0.01808174
1729,1.3255618,0.3845098,0.42726374,0.32295537,0.898298,0.061554432
1730,0.66002613,0.26387957,0.35311443,0.24218157,0.3069117,0.021697998
1731,0.5840594,0.2051948,0.3064968,0.21178898,0.27756262,-0.006594181
1732,1.3780444,0.34784904,0.5299574,0.36462712,0.84808695,-0.016778082
1733,0.01529926,0.028753376,0.02205,0.018860336,-0.006750741,0.009893039
1734,0.5902826,0.25396672,0.34859878,0.2595203,0.24168384,-0.0055535734
1735,1.8876424,0.60492617,0.7935225,0.54891604,1.0941199,0.056010127
1736,0.08789653,-0.011410956,0.055370383,0.036933485,0.03252615,-0.04834444
1737,1.0905632,0.42444873,0.46397895,0.33963493,0.62658423,0.0848138
1738,1.4227333,0.5580072,0.6853441,0.47031435,0.7373892,0.08769283
1739,0.64138985,0.37542123,0.5130757,0.3170842,0.12831414,0.058337033
1740,0.15070683,0.100067474,0.0642059,0.05151052,0.08650093,0.048556954
1741,0.67965215,0.32306802,0.3403191,0.25028223,0.33933306,0.072785795
1742,1.2695436,0.5242838,0.8150943,0.5533451,0.45444936,-0.029061258
1743,0.7787488,0.4117281,0.44673625,0.3472972,0.33201256,0.06443092
1744,1.2630011,0.7855934,0.9468395,0.69540054,0.31616157,0.090192854
1745,0.14450832,0.12375253,0.099124394,0.067232,0.045383923,0.05652053
1746,0.5934634,0.2978645,0.4137681,0.285519,0.17969531,0.012345493
1747,0.09617233,0.18416166,0.06698273,0.04360286,0.029189602,0.14055881
1748,0.19786046,0.096219786,0.14868295,0.10228932,0.049177513,-0.0060695335
1749,1.2558848,0.5661016,0.7741396,0.56919837,0.48174518,-0.0030967593
1750,0.23592965,0.15015396,0.18022957,0.13645276,0.05570008,0.0137012005
1751,1.5978457,0.6761317,0.73134404,0.5328302,0.8665016,0.14330155
1752,0.090352185,0.04292966,0.09214561,0.072832346,-0.0017934218,-0.029902685
1753,0.0007417461,0.23724529,0.061952822,0.030371374,-0.061211076,0.20687392
1754,0.9683716,0.5277472,0.7272043,0.49802837,0.2411673,0.029718846
1755,0.120707564,0.061690696,0.055531006,0.043779086,0.06517656,0.01791161
1756,1.1694485,0.42555737,0.45118994,0.34437817,0.71825856,0.0811792
1757,0.29967716,0.13670565,0.17293052,0.12906978,0.12674664,0.0076358765
1758,0.075285695,0.03372356,0.06673711,0.0458531,0.008548588,-0.0121295415
1759,1.4698442,0.541915,0.7671147,0.5471078,0.7027295,-0.0051928163
1760,0.10149087,0.20624271,0.09465959,0.06627494,0.006831281,0.13996777
1761,0.29266593,0.15128706,0.17657277,0.13090059,0.11609316,0.020386472
1762,1.1274025,0.33703423,0.44012904,0.2742588,0.6872735,0.06277543
1763,0.63166285,0.22823481,0.41672486,0.24692304,0.21493798,-0.018688232
1764,0.90221626,0.31829304,0.41978684,0.29884285,0.48242941,0.019450188
1765,1.0696787,0.38391232,0.44503674,0.3288434,0.6246419,0.05506891
1766,1.6290509,0.4695125,0.6099081,0.41316813,1.0191427,0.05634436
1767,0.45815447,0.2737331,0.35208803,0.23648724,0.106066436,0.03724587
1768,1.1694779,0.5294676,0.6799466,0.49498624,0.48953134,0.034481347
1769,0.6845502,0.31077877,0.3365027,0.24277239,0.34804752,0.06800638
1770,0.24274614,0.10922741,0.1364124,0.11284542,0.10633375,-0.0036180094
1771,0.46641755,0.19855182,0.24127571,0.16432223,0.22514184,0.03422959
1772,0.0699233,0.07831997,0.053803913,0.040748242,0.016119383,0.037571725
1773,0.086074375,0.0023705103,0.034738295,0.021009745,0.05133608,-0.018639235
1774,0.67788893,0.33124936,0.4415649,0.3092577,0.23632404,0.02199167
1775,0.5866612,0.36275035,0.45814568,0.31716737,0.12851554,0.04558298
1776,0.055505987,-0.015690178,0.033695437,0.024577497,0.02181055,-0.040267676
1777,0.14416982,0.18944587,0.109911636,0.0824015,0.034258187,0.10704437
1778,1.1349913,0.4741381,0.60221684,0.43053,0.53277445,0.0436081
1779,0.17243108,0.1440648,0.118029356,0.06458868,0.054401726,0.07947612
1780,0.89290565,0.38448256,0.43283185,0.30949298,0.4600738,0.07498959
1781,0.020933192,-0.02310319,0.031839795,0.022434978,-0.010906603,-0.04553817
1782,1.0849752,0.39816517,0.55535305,0.37227112,0.5296222,0.025894046
1783,0.872109,0.38399512,0.49917698,0.37522373,0.37293202,0.00877139
1784,0.83902353,0.37124762,0.49127263,0.32681638,0.3477509,0.04443124
1785,0.17509721,0.06506125,0.081955306,0.05469654,0.093141906,0.010364708
1786,0.9800228,0.39644364,0.43858036,0.29911152,0.5414424,0.09733212
1787,0.09349241,0.06565103,0.076086916,0.053689312,0.017405495,0.011961717
1788,0.08806265,0.11844696,0.05804462,0.03030938,0.030018032,0.08813758
1789,0.18756153,0.050845332,0.12499394,0.092037804,0.062567584,-0.041192472
1790,0.044943135,0.037238218,0.04697563,0.040715855,-0.002032496,-0.0034776367
1791,0.06691773,0.061164502,0.05617889,0.04779312,0.010738842,0.013371382
1792,0.46267438,0.26414606,0.30170673,0.22962551,0.16096765,0.03452055
1793,0.7418339,0.38548288,0.59192574,0.36641115,0.14990819,0.019071728
1794,0.27217364,0.19765796,0.24789321,0.21133342,0.024280429,-0.013675466
1795,0.03348801,0.013171712,0.054654457,0.026047498,-0.021166448,-0.012875786
1796,0.66558003,0.31402174,0.44619069,0.30053827,0.21938935,0.013483465
1797,0.15360771,0.04325401,0.067969896,0.04590869,0.085637815,-0.0026546791
1798,1.1639913,0.6627194,0.80701685,0.6053256,0.35697448,0.05739385
1799,0.014040228,0.02719814,0.013944496,0.013412459,9.573158e-05,0.013785681
1800,0.9494979,0.52845,0.49843392,0.38610554,0.45106396,0.14234447
1801,0.16987793,0.14875737,0.13351679,0.08371876,0.036361143,0.06503861
1802,0.772977,0.4038046,0.5094701,0.36172825,0.2635069,0.04207635
1803,1.5920566,0.5234211,0.801037,0.51527965,0.7910196,0.008141458
1804,0.8526828,0.36826482,0.45798334,0.3460279,0.39469948,0.022236913
1805,1.0134676,0.5131388,0.5739721,0.41981858,0.43949544,0.09332019
1806,0.13606218,0.08554694,0.06577791,0.053826682,0.07028426,0.03172026
1807,1.6813626,0.48465896,0.5843911,0.44707483,1.0969715,0.037584126
1808,-0.02342295,0.12418589,0.013450493,0.0063667567,-0.036873445,0.11781913
1809,1.0420843,0.45857906,0.6526974,0.42786914,0.38938695,0.030709922
1810,1.0388944,0.38293278,0.4728468,0.35594603,0.5660476,0.026986748
1811,-0.00019396713,0.13060361,0.012775523,0.0049307616,-0.01296949,0.12567285
1812,0.3015336,0.18958712,0.20551184,0.15033038,0.09602177,0.039256737
1813,1.2980006,0.6723726,0.8365676,0.6208584,0.461433,0.05151421
1814,0.9720227,0.36437476,0.37045753,0.26741064,0.6015652,0.09696412
1815,0.40914905,0.2212764,0.26179343,0.1982953,0.14735562,0.022981107
1816,0.16392058,0.051121052,0.15057115,0.08826744,0.013349429,-0.037146386
1817,1.2291775,0.46740285,0.5996615,0.42435917,0.62951595,0.043043673
1818,0.030172532,0.045955803,0.035737146,0.034343224,-0.0055646133,0.011612579
1819,0.07200857,0.14696443,0.037817772,0.029366821,0.0341908,0.11759761
1820,0.16539821,0.08506602,0.103008434,0.07440714,0.062389776,0.010658883
1821,0.03991862,0.20972897,0.054125734,0.04113006,-0.0142071135,0.16859892
1822,0.90808487,0.33856776,0.38950342,0.28500473,0.51858145,0.05356303
1823,0.09822681,0.07889783,0.064777665,0.051110495,0.033449143,0.027787331
1824,0.79402834,0.34776607,0.457328,0.32115015,0.33670035,0.026615918
1825,1.0534986,0.40811846,0.5022054,0.38210338,0.55129325,0.026015073
1826,0.09179428,0.030159796,0.1020028,0.06724079,-0.010208517,-0.037080996
1827,1.0989573,0.3562029,0.45085192,0.3144436,0.6481054,0.041759312
1828,0.2846788,0.13878633,0.17690498,0.124956354,0.10777381,0.013829976
1829,0.03467234,0.022474376,0.051562738,0.039765745,-0.0168904,-0.017291369
1830,0.06482143,0.05056994,0.04336124,0.030518552,0.02146019,0.020051388
1831,0.029772332,0.13638668,0.025357556,0.014294689,0.0044147763,0.122091986
1832,0.02862461,0.026990192,0.028144926,0.023884129,0.00047968328,0.0031060632
1833,1.5152073,0.61593795,0.77170473,0.5622228,0.74350256,0.05371517
1834,0.23989868,0.14773433,0.21791323,0.17054175,0.021985456,-0.02280742
1835,0.35074633,0.12148537,0.25881577,0.16731846,0.09193057,-0.045833096
1836,0.7381876,0.22875564,0.29911688,0.22766574,0.43907073,0.0010899007
1837,0.25141135,0.11935569,0.12631693,0.087158695,0.12509441,0.032197
1838,0.06712956,0.04811424,0.04588867,0.030364558,0.02124089,0.017749682
1839,0.17529519,0.032295823,0.1375303,0.08208637,0.037764892,-0.049790546
1840,0.013687505,0.11101131,0.024859209,0.013687323,-0.011171703,0.09732399
1841,0.017572695,-0.0056222025,0.030644495,0.02405909,-0.0130718,-0.029681293
1842,0.081316054,0.1318167,0.04542125,0.033282228,0.035894804,0.09853447
1843,0.13314615,0.06917657,0.10388617,0.07705669,0.02925998,-0.0078801215
1844,0.21910186,0.15730745,0.11543081,0.08588751,0.10367105,0.07141994
1845,0.109705314,0.024273261,0.06183096,0.038261298,0.047874354,-0.013988037
1846,0.13605492,0.036827967,0.117257096,0.078919366,0.018797822,-0.0420914
1847,0.027606595,-0.030690257,0.03115965,0.01458489,-0.0035530552,-0.045275144
1848,0.07154426,-0.008850727,0.05600332,0.04076935,0.015540939,-0.049620077
1849,0.17981192,0.10346916,0.113136545,0.076216325,0.06667538,0.027252838
1850,0.18409921,0.10257984,0.1496754,0.11024406,0.034423813,-0.0076642185
1851,1.6703695,0.4985153,0.5199152,0.35991716,1.1504543,0.13859814
1852,0.085006304,0.044623945,0.060243346,0.047255103,0.024762958,-0.0026311576
1853,-0.009196773,0.09948026,0.0050952276,0.006895094,-0.014292001,0.09258516
1854,1.2171875,0.48783472,0.5719327,0.42536673,0.64525485,0.062467992
1855,0.77958906,0.35602957,0.51153004,0.3587375,0.26805902,-0.0027079284
1856,0.0413636,-0.018798348,0.030648759,0.014535983,0.010714842,-0.03333433
1857,0.2125926,0.13448188,0.1597114,0.12818031,0.052881196,0.006301567
1858,0.8409591,0.37631437,0.40921903,0.2905788,0.43174005,0.08573556
1859,0.15769213,0.03598123,0.09372556,0.06295536,0.06396657,-0.026974127
1860,0.10800926,0.090227194,0.0841723,0.05768158,0.023836955,0.032545615
1861,0.1571022,0.10250368,0.12990348,0.10034718,0.027198717,0.002156496
1862,0.17187335,0.29252183,0.15049894,0.11840497,0.021374404,0.17411686
1863,0.08507233,0.06343222,0.053813756,0.046466798,0.031258576,0.016965419
1864,1.0367445,0.39703384,0.46062908,0.34076485,0.57611537,0.05626899
1865,-0.0259497,0.13229617,0.01559099,0.003746102,-0.04154069,0.12855007
1866,1.6502235,0.7300697,0.9165231,0.63319474,0.7337004,0.09687495
1867,0.2290867,0.05618314,0.106267974,0.06514809,0.12281872,-0.008964952
1868,1.1606741,0.4731946,0.75944346,0.5271305,0.40123063,-0.053935885
1869,0.027492357,-0.0365711,0.015668193,0.010295989,0.011824165,-0.046867087
1870,0.3065428,0.17516625,0.19288604,0.15530711,0.113656774,0.019859135
1871,0.6672039,0.33541298,0.4375259,0.31473738,0.229678,0.0206756
1872,0.59319824,0.19986096,0.22586128,0.15535459,0.36733696,0.04450637
1873,0.35287315,0.220267,0.27182183,0.2118463,0.08105132,0.008420691
1874,0.046416596,-0.013626355,0.026671752,0.012400968,0.019744843,-0.026027322
1875,1.0063314,0.41260925,0.5166032,0.3519508,0.48972827,0.060658455
1876,1.4683475,0.7919663,1.0226195,0.77063674,0.44572806,0.021329582
1877,0.00821487,-0.015544769,0.022556711,0.018074516,-0.014341841,-0.033619285
1878,1.1725551,0.3705618,0.5296358,0.37328357,0.6429193,-0.0027217567
1879,0.050682545,0.07752919,0.015419212,0.012702328,0.035263333,0.06482686
1880,-0.02162656,0.108600706,0.030635286,0.01874811,-0.052261844,0.089852594
1881,0.7924757,0.28011373,0.34452334,0.24216118,0.44795236,0.037952542
1882,0.10322666,0.0011320169,0.11218421,0.071692996,-0.00895755,-0.07056098
1883,1.1495361,0.30771187,0.33693695,0.22576678,0.8125992,0.08194509
1884,0.7266627,0.377973,0.49549484,0.3700238,0.23116785,0.007949203
1885,0.9928049,0.22917196,0.3755892,0.26948518,0.6172157,-0.040313214
1886,0.26213133,0.13791566,0.16121903,0.13137509,0.1009123,0.0065405667
1887,0.25720537,0.13308504,0.12853168,0.091898754,0.12867369,0.041186288
1888,0.9922532,0.54920214,0.6877346,0.541511,0.30451858,0.007691145
1889,0.177828,0.068261124,0.08174318,0.06824596,0.09608482,1.51619315e-05
1890,0.037762817,0.05715556,0.031832315,0.021887684,0.005930502,0.035267875
1891,0.116781645,0.09995095,0.030168325,0.012267398,0.08661332,0.08768355
1892,0.6850506,0.28312448,0.2719367,0.19283499,0.4131139,0.09028949
1893,0.16267557,0.097870104,0.10345838,0.07918711,0.059217192,0.018682994
1894,1.1893376,0.34006596,0.43607873,0.29170802,0.7532589,0.048357934
1895,0.99953216,0.34473956,0.49757203,0.36418992,0.50196016,-0.019450366
1896,0.9221563,0.39614677,0.4779597,0.33631957,0.44419658,0.05982721
1897,0.100909345,0.1445964,0.09098685,0.056493066,0.009922497,0.08810333
1898,1.4089262,0.26323852,0.36715943,0.25405496,1.0417669,0.009183556
1899,0.094091214,0.04627663,0.027500775,0.01934368,0.06659044,0.02693295
1900,1.1243248,0.37335014,0.49840784,0.304712,0.62591696,0.068638146
1901,0.7730946,0.3902027,0.5093381,0.37069485,0.2637565,0.019507855
1902,0.09680473,0.0019556265,0.070898764,0.05135978,0.025905967,-0.04940415
1903,0.08975806,0.04322142,0.05050522,0.034078505,0.03925284,0.009142917
1904,0.12683879,0.099388644,0.069303885,0.05152633,0.057534903,0.047862314
1905,0.885767,0.4948503,0.6276194,0.46330166,0.2581476,0.03154865
1906,-0.023812415,0.1320312,0.018597279,0.011135722,-0.042409696,0.12089548
1907,1.0476218,0.51721185,0.73740584,0.5432434,0.310216,-0.026031554
1908,0.109595396,0.22039483,0.090578474,0.06446026,0.019016922,0.15593457
1909,0.28872573,0.16101746,0.21578285,0.15486787,0.07294288,0.00614959
1910,-0.03885862,0.12166999,0.0066704177,0.0013246258,-0.045529038,0.12034537
1911,1.0055463,0.42453897,0.58832884,0.39046064,0.4172175,0.03407833
1912,0.06557602,0.14955825,0.04430944,0.03030988,0.021266576,0.11924837
1913,0.9432528,0.3467702,0.4521265,0.2989657,0.4911263,0.047804505
1914,0.060344048,0.03523102,0.036360234,0.032972883,0.023983814,0.0022581369
1915,0.5741581,0.23127429,0.38419867,0.25148016,0.1899594,-0.02020587
1916,0.22536558,0.08550229,0.13484497,0.089704014,0.090520605,-0.004201725
1917,0.08622613,-0.0113976495,0.049152784,0.032874864,0.037073344,-0.044272512
1918,0.78842187,0.335678,0.40562424,0.3037923,0.38279763,0.031885713
1919,0.017086089,0.0025398585,0.023432337,0.01498619,-0.006346248,-0.012446332
1920,0.7790881,0.36323753,0.45017052,0.35076007,0.32891756,0.0124774575
1921,1.1064427,0.46999055,0.5944008,0.38831672,0.51204187,0.08167383
1922,0.15139419,0.076262824,0.07455917,0.05584578,0.07683502,0.020417046
1923,0.20904167,0.11718411,0.14714548,0.1132416,0.06189619,0.003942512
1924,1.3805948,0.47507125,0.5122303,0.3772739,0.8683646,0.097797364
1925,0.12879036,0.0001080277,0.06617172,0.049648616,0.06261864,-0.04954059
1926,1.204287,0.5365669,0.69763637,0.5092955,0.5066507,0.02727139
1927,0.09348172,0.06014005,0.0843238,0.054548062,0.009157918,0.0055919886
1928,0.59523386,0.3111842,0.38596478,0.2863606,0.20926908,0.024823606
1929,0.9560792,0.46486664,0.64068687,0.44090223,0.31539232,0.023964405
1930,0.67707986,0.2570287,0.3596292,0.25090325,0.31745064,0.00612545
1931,0.82279253,0.40756702,0.43565693,0.28758162,0.3871356,0.1199854
1932,0.14520894,0.13997757,0.17034964,0.12645456,-0.025140703,0.013523012
1933,1.1204975,0.3400334,0.45682764,0.308294,0.6636698,0.031739414
1934,-0.033103507,0.104417175,0.00757598,0.0006219278,-0.04067949,0.103795245
1935,0.08486627,0.0068604248,0.07962195,0.0530576,0.005244322,-0.046197176
1936,0.760091,0.33971554,0.3707479,0.2986387,0.3893431,0.04107684
1937,1.0327853,0.47518855,0.55045056,0.4049723,0.48233473,0.07021624
1938,0.02982477,-0.0017875908,0.04153339,0.028879767,-0.011708619,-0.030667357
1939,0.0058497842,-0.05635574,0.011835452,0.005622428,-0.005985668,-0.06197817
1940,0.042165205,0.04810761,0.03915591,0.025117138,0.0030092932,0.02299047
1941,0.75782657,0.38181213,0.39330924,0.28761107,0.36451733,0.09420106
1942,0.2863202,0.24556686,0.18184412,0.14304249,0.104476094,0.10252437
1943,0.98600096,0.29562625,0.37537092,0.28273088,0.61063004,0.0128953755
1944,0.28175092,0.19086987,0.2247829,0.17224506,0.05696802,0.018624812
1945,0.9612043,0.35678703,0.41013741,0.276084,0.5510669,0.08070302
1946,0.3923812,0.14909181,0.19321442,0.13539448,0.19916677,0.013697326
1947,0.16037212,0.053637505,0.0686671,0.04952603,0.091705024,0.0041114762
1948,1.1998569,0.5594442,0.6733023,0.49566573,0.5265546,0.06377846
1949,0.35959706,0.2642293,0.32310513,0.23910943,0.03649193,0.02511987
1950,0.020312937,0.04612193,0.01821414,0.011288899,0.002098797,0.03483303
1951,0.9664225,0.38586617,0.5733863,0.3975464,0.3930362,-0.011680245
1952,0.8623452,0.41949624,0.56138766,0.42467117,0.30095756,-0.005174935
1953,0.5085452,0.3819222,0.36878577,0.27815783,0.13975945,0.103764355
1954,1.035061,0.43690652,0.46648043,0.35189217,0.56858057,0.08501434
1955,0.82325965,0.3557885,0.49980098,0.36796018,0.32345867,-0.012171686
1956,1.2708825,0.6093728,0.7249114,0.5283824,0.5459711,0.080990374
1957,1.2131442,0.32338673,0.51929444,0.3176362,0.69384974,0.005750537
1958,0.90302205,0.45509365,0.620099,0.42253527,0.28292304,0.03255838
1959,-0.044305988,0.12529077,0.0066365316,0.0026510668,-0.050942518,0.1226397
1960,0.3275546,0.17690516,0.24402674,0.13026771,0.08352788,0.046637446
1961,0.16179308,0.17217855,0.119637944,0.07691468,0.04215514,0.09526387
1962,1.0410488,0.51949,0.6423766,0.4592527,0.39867216,0.06023732
1963,0.88685286,0.40261367,0.5664668,0.35795328,0.32038605,0.04466039
1964,1.3113472,0.4402285,0.57206136,0.4154281,0.7392859,0.02480039
1965,0.1202097,0.07380426,0.06870782,0.053524487,0.051501885,0.020279773
1966,1.4588158,0.85843813,1.0214337,0.7816674,0.4373821,0.07677072
1967,1.4152713,1.0761517,1.2533733,0.960968,0.16189802,0.11518371
1968,0.05546848,0.061333723,0.036003247,0.026652157,0.019465234,0.034681566
1969,1.0921353,0.48540765,0.4879933,0.35320807,0.604142,0.13219959
1970,0.22983925,0.09673799,0.16763489,0.11869464,0.06220436,-0.021956652
1971,0.36699414,0.20819132,0.24997084,0.18095344,0.117023304,0.027237877
1972,1.5034168,0.7264174,0.8267047,0.5955657,0.6767121,0.13085175
1973,0.4634121,0.1993857,0.26482424,0.1913675,0.19858786,0.008018196
1974,0.4673527,0.2278556,0.2493033,0.19299348,0.21804939,0.034862116
1975,0.110317506,0.05309214,0.06253842,0.045373905,0.047779083,0.0077182353
1976,1.0333143,0.5047639,0.63982266,0.4763283,0.3934917,0.028435588
1977,1.3493835,0.60660183,0.78901345,0.5494995,0.56037,0.057102323
1978,0.13834701,0.0629941,0.08547399,0.06646179,0.052873023,-0.0034676865
1979,1.0164117,0.4444758,0.6110819,0.43491545,0.40532976,0.009560347
1980,0.34764302,0.16866829,0.2160743,0.14984787,0.13156871,0.01882042
1981,0.38087553,0.28222755,0.36440438,0.2650686,0.016471148,0.017158955
1982,1.3116101,0.52890635,0.60975677,0.44453987,0.70185333,0.08436647
1983,1.4647782,0.5715395,0.70251906,0.48534775,0.7622591,0.08619177
1984,0.2885321,0.13256602,0.16444917,0.11830463,0.12408294,0.014261387
1985,0.84450144,0.44285434,0.5446955,0.37942153,0.29980594,0.06343281
1986,0.117211595,0.17017508,0.09171246,0.06307788,0.025499135,0.10709719
1987,0.28571627,0.07978904,0.13554373,0.09222683,0.15017253,-0.012437791
1988,1.0657413,0.49766892,0.6539543,0.47646332,0.41178697,0.021205604
1989,0.14207517,0.076068684,0.10009356,0.08233791,0.041981608,-0.006269224
1990,0.9214425,0.35060012,0.45110717,0.31680554,0.47033533,0.033794582
1991,0.8293915,0.21450505,0.37325847,0.24319962,0.456133,-0.02869457
1992,1.0097641,0.47106364,0.49178734,0.3373927,0.51797676,0.13367096
1993,-0.025748225,0.125911,0.01309444,0.005082462,-0.038842663,0.12082854
1994,0.3524346,0.18425661,0.21516848,0.1629959,0.13726613,0.021260709
1995,0.041196182,0.1253353,0.021788767,0.01626976,0.019407416,0.10906555
1996,0.5810808,0.30062118,0.37866455,0.27814227,0.20241624,0.022478908
1997,0.22624359,0.11239896,0.13966401,0.09092198,0.086579576,0.021476977
1998,0.7216522,0.4722457,0.53611183,0.3894333,0.18554038,0.0828124
1999,0.04484302,-0.024793267,0.034196924,0.022115838,0.010646097,-0.046909105
2000,1.6424503,0.91243166,0.9821857,0.77233183,0.6602646,0.14009982
2001,1.5086995,0.5400719,0.7274495,0.5520546,0.78125006,-0.011982679
2002,0.117513664,0.06730032,0.08043428,0.05924707,0.037079386,0.008053251
2003,0.12433935,0.05464115,0.061265606,0.04813526,0.06307374,0.0065058917
2004,0.83073974,0.38258758,0.4844531,0.33691248,0.34628662,0.0456751
2005,0.07474036,0.06492714,0.084459946,0.062643275,-0.009719588,0.0022838637
2006,0.1072383,0.017570194,0.06469457,0.04684846,0.04254373,-0.029278267
2007,0.1895266,0.04761363,0.120798364,0.07942233,0.06872824,-0.031808704
2008,1.7614982,0.8211293,0.89814556,0.6859668,0.86335266,0.13516253
2009,0.022433655,0.03109076,0.027522434,0.025039682,-0.005088778,0.0060510784
2010,0.36033997,0.16121562,0.23746097,0.1597918,0.122879,0.0014238209
2011,0.067145035,0.1268863,0.05728332,0.039132524,0.009861715,0.08775377
2012,0.28136688,0.16755356,0.22542176,0.17146,0.05594513,-0.0039064437
2013,0.027360266,0.02414718,0.021814726,0.011359042,0.00554554,0.012788139
2014,0.96031004,0.39306384,0.55048084,0.37513885,0.4098292,0.017924994
2015,0.1337019,0.019373933,0.085146576,0.05159343,0.04855533,-0.0322195
2016,0.13227662,0.042135518,0.06932641,0.0469722,0.062950216,-0.004836682
2017,0.46278083,0.2508174,0.39064425,0.26694307,0.07213658,-0.016125679
2018,0.15216167,0.028459365,0.1132488,0.07726176,0.03891287,-0.0488024
2019,1.0041617,0.4963661,0.58978117,0.4363288,0.41438055,0.060037315
2020,0.22216302,0.11706585,0.2032204,0.15190369,0.018942624,-0.034837842
2021,0.07822982,0.011251361,0.06501171,0.03714312,0.013218112,-0.025891759
2022,0.02477288,-0.00793902,0.046472527,0.038098607,-0.021699646,-0.04603763
2023,0.031335305,0.034458164,0.00903693,0.006951013,0.022298375,0.02750715
2024,0.09804265,0.046643883,0.049867224,0.04062677,0.048175428,0.0060171112
2025,1.1183178,0.5572132,0.67396754,0.49532795,0.4443503,0.061885238
2026,0.04128586,0.19901858,0.08586546,0.062306017,-0.0445796,0.13671257
2027,0.42552036,0.2537561,0.3208437,0.23953429,0.104676664,0.014221817
2028,0.9789358,0.56145185,0.6980225,0.5224025,0.2809133,0.039049327
2029,0.21138327,0.05554085,0.16315396,0.1077351,0.048229307,-0.05219425
2030,0.34158337,0.13459402,0.23247175,0.15925992,0.10911162,-0.024665892
2031,0.055051107,0.07438307,0.05558882,0.03929184,-0.0005377121,0.035091233
2032,0.7616472,0.27411562,0.3597037,0.25990787,0.40194353,0.014207751
2033,0.13521865,0.09917003,0.09663985,0.06602131,0.0385788,0.03314872
2034,1.1921625,0.33502176,0.4338705,0.30181935,0.758292,0.03320241
2035,1.1527673,0.48137048,0.6850457,0.4609429,0.46772158,0.020427585
2036,0.08184542,0.077720486,0.058013342,0.041906796,0.023832075,0.03581369
2037,0.26031637,0.21248485,0.10777495,0.08329247,0.15254143,0.12919238
2038,1.3986909,0.7619882,0.90001583,0.6849224,0.4986751,0.077065825
2039,0.95198894,0.4135223,0.58618724,0.40152484,0.3658017,0.011997461
2040,0.21684374,0.17175727,0.13787064,0.1082137,0.0789731,0.063543566
2041,0.04809589,0.124926396,0.05813087,0.037815705,-0.010034982,0.08711069
2042,1.0034109,0.5048298,0.679694,0.47669524,0.32371694,0.028134584
2043,0.04965821,0.051901706,0.017775312,0.012160712,0.031882897,0.039740995
2044,0.007418701,-0.013632353,0.008628455,0.0054954314,-0.001209754,-0.019127784
2045,1.0251507,0.32073292,0.43949556,0.31003016,0.5856551,0.010702759
2046,0.13305733,0.19253428,0.10939022,0.08543827,0.023667105,0.10709602
2047,0.99491894,0.3102334,0.38319257,0.28175545,0.6117264,0.028477967
2048,0.9986896,0.31585547,0.40739578,0.29486012,0.5912938,0.020995349
2049,1.7122985,0.5850624,0.88168395,0.5007894,0.83061457,0.08427298
2050,1.2962114,0.6463842,0.7994197,0.55564654,0.49679166,0.09073764
2051,1.2006392,0.3427106,0.40143067,0.29400492,0.7992086,0.048705697
2052,0.07758596,-0.0067114914,0.07542847,0.05106472,0.002157487,-0.05777621
2053,0.035489645,0.04851764,0.029472183,0.022354785,0.0060174614,0.026162855
2054,0.10820587,0.102439165,0.07562359,0.050733853,0.032582283,0.051705312
2055,0.030176431,0.04086951,0.011025382,0.008501676,0.019151049,0.032367837
2056,0.8083871,0.36850587,0.41518396,0.28986788,0.39320314,0.07863799
2057,0.017716406,-0.052863523,0.016507361,0.00911813,0.0012090448,-0.061981656
2058,0.0563983,0.083689824,0.07710547,0.054314863,-0.020707171,0.02937496
2059,0.16980344,0.08157925,0.10267557,0.07858243,0.06712787,0.0029968247
2060,0.114505135,0.1446596,0.057863314,0.045673378,0.05664182,0.098986216
2061,0.09167922,0.05827795,0.06896306,0.05213486,0.022716165,0.0061430894
2062,0.1464913,0.002418608,0.07130813,0.051081013,0.075183176,-0.048662405
2063,0.6521574,0.29697615,0.38617715,0.2851118,0.26598027,0.011864334
2064,0.8276905,0.38279665,0.57709074,0.4046197,0.25059974,-0.021823049
2065,0.18571968,0.12978858,0.1398154,0.11066109,0.04590428,0.019127488
2066,0.7945161,0.36111638,0.54751635,0.3581091,0.24699974,0.0030072927
2067,0.17059949,0.12614265,0.12067288,0.090937234,0.04992661,0.035205416
2068,0.050200816,0.042270746,0.026333544,0.012436973,0.023867272,0.029833773
2069,-0.040564798,0.117241696,0.0025170404,-0.001185638,-0.04308184,0.118427336
2070,1.105106,0.33777013,0.4393514,0.3054947,0.66575456,0.03227544
2071,0.94007885,0.41981235,0.4760241,0.3337953,0.46405476,0.08601704
2072,0.07381982,-0.0066846777,0.067024514,0.034123,0.0067953095,-0.04080768
2073,0.060916714,0.09686863,0.04048616,0.031420477,0.020430554,0.06544815
2074,0.063117065,0.044903032,0.033951007,0.028298121,0.029166058,0.016604912
2075,0.5558705,0.23400252,0.41403848,0.2670344,0.141832,-0.033031896
2076,0.007030366,0.12851764,0.02379715,0.013483362,-0.016766785,0.11503428
2077,0.9223832,0.3908688,0.43665004,0.3151098,0.48573315,0.07575902
2078,1.8110349,0.92346716,1.4333103,0.9286712,0.37772465,-0.005204022
2079,0.6360983,0.32903525,0.4135953,0.27757478,0.22250304,0.051460475
2080,1.1817753,0.527856,0.60183656,0.44008136,0.57993877,0.087774634
2081,1.469369,0.5469661,0.6982772,0.48525628,0.7710919,0.06170979
2082,0.007431914,-0.03750625,0.025694003,0.018091492,-0.018262088,-0.05559774
2083,0.21026443,0.19710255,0.159378,0.12262507,0.050886422,0.07447748
2084,0.14571917,0.07897182,0.07608823,0.05920101,0.06963094,0.019770809
2085,1.3533866,0.2512208,0.3220764,0.23058617,1.0313102,0.020634621
2086,1.0902464,0.36393744,0.39273933,0.30209783,0.69750714,0.06183961
2087,1.1572436,0.38829136,0.54771185,0.40779933,0.60953176,-0.019507974
2088,0.65215194,0.24047065,0.34292108,0.22864012,0.30923086,0.011830524
2089,1.2373576,0.42964324,0.5783985,0.37984338,0.6589591,0.04979986
2090,0.7735501,0.364163,0.47885856,0.3607878,0.29469153,0.0033752024
2091,1.3290329,0.38660368,0.5265583,0.333709,0.8024746,0.05289468
2092,1.2259096,0.40861496,0.5191823,0.3717669,0.70672727,0.03684807
2093,0.020895852,-0.04013601,0.027098333,0.020133454,-0.0062024817,-0.060269464
2094,0.11833043,0.11274196,0.07404641,0.05259161,0.044284016,0.06015035
2095,0.26124403,0.12777437,0.1869843,0.13834064,0.07425973,-0.010566264
2096,1.1691575,0.38504845,0.62125033,0.42482606,0.5479072,-0.039777607
2097,1.2138294,0.41766915,0.6129435,0.40499863,0.6008859,0.012670517
2098,0.09875499,0.16951463,0.0715258,0.052188635,0.02722919,0.11732599
2099,0.029970782,-0.03249218,0.02090505,0.01481729,0.009065732,-0.04730947
2100,1.5072534,0.61126494,0.86730564,0.5534657,0.6399478,0.05779922
2101,0.36515272,0.11215079,0.13740683,0.098093964,0.22774589,0.014056824
2102,0.04892835,0.07608263,0.04933459,0.02748106,-0.00040623918,0.04860157
2103,0.24148725,0.09334207,0.12007526,0.089916006,0.12141199,0.0034260675
2104,0.17595093,0.07526271,0.081540994,0.050136484,0.094409935,0.025126226
2105,0.9664564,0.30073202,0.3953891,0.2730589,0.57106733,0.027673125
2106,1.2571652,0.6439731,0.6612678,0.49986267,0.5958974,0.14411044
2107,0.028789312,0.047890462,0.024468794,0.01792492,0.004320517,0.029965542
2108,0.021557674,0.15165336,0.045697976,0.024166718,-0.024140302,0.12748665
2109,0.12845705,0.06745486,0.050436,0.033847444,0.07802105,0.033607416
2110,0.58220583,0.2352187,0.29273254,0.19504893,0.2894733,0.040169775
2111,0.14551136,0.08612124,0.10488049,0.07906886,0.04063087,0.007052377
2112,1.0472305,0.31404653,0.36229342,0.26845446,0.68493706,0.04559207
2113,1.7113975,0.86009526,0.87736094,0.64632344,0.8340366,0.21377182
2114,1.1240761,0.5077229,0.8703532,0.57084984,0.2537229,-0.06312692
2115,1.1347523,0.4974875,0.5721061,0.40195662,0.56264615,0.09553087
2116,0.35057655,0.102769025,0.17005192,0.12209322,0.18052463,-0.019324198
2117,0.11704855,0.073126055,0.07840294,0.05772022,0.03864561,0.015405834
2118,0.845388,0.43357667,0.52665555,0.37807915,0.31873244,0.055497527
2119,1.342326,0.49869716,0.68799466,0.49044284,0.6543314,0.008254319
2120,1.5234423,0.7983573,0.96852416,0.73039424,0.5549181,0.06796306
2121,0.04903219,0.083178796,0.04653004,0.042700626,0.002502147,0.04047817
2122,0.09103819,0.012223089,0.037619706,0.026869768,0.053418484,-0.014646679
2123,0.18525626,0.16467148,0.18827206,0.12602122,-0.0030158013,0.03865026
2124,0.015198549,-0.025051035,0.026998822,0.016377445,-0.011800272,-0.04142848
2125,0.049014103,0.056558203,0.051387053,0.043369956,-0.0023729503,0.013188247
2126,0.04736841,0.038383815,0.02536958,0.02136158,0.02199883,0.017022235
2127,0.08138811,0.12559375,0.04797376,0.031235058,0.03341435,0.0943587
2128,0.15789166,0.0985681,0.09997365,0.07741137,0.057918012,0.021156728
2129,1.0845046,0.34862527,0.40565348,0.2752608,0.6788511,0.07336447
2130,0.19456643,0.075122,0.08706721,0.06700281,0.10749922,0.008119188
2131,0.82573956,0.4488276,0.618507,0.45226774,0.20723253,-0.0034401417
2132,0.109156616,0.067419045,0.08581255,0.06434469,0.02334407,0.0030743554
2133,0.8964064,0.2998661,0.43603134,0.30791336,0.46037507,-0.008047253
2134,0.1228858,0.054681472,0.09005829,0.0709546,0.03282751,-0.016273126
2135,0.023760514,0.112445325,0.025404256,0.014556959,-0.0016437415,0.097888365
2136,1.0791484,0.5458869,0.7309396,0.50643384,0.34820879,0.03945303
2137,0.07869978,0.067183584,0.06339173,0.05330927,0.015308052,0.013874315
2138,0.6410288,0.4644508,0.5065521,0.37177384,0.13447672,0.09267697
2139,1.1423234,0.63255036,0.88113326,0.63342094,0.26119012,-0.00087058544
2140,0.395381,0.16971815,0.26650453,0.18813595,0.12887648,-0.018417805
2141,1.1737803,0.68024147,0.84320784,0.5947771,0.3305725,0.08546436
2142,0.06488621,0.29492772,0.08477795,0.045027144,-0.019891739,0.24990058
2143,0.17269653,0.16783768,0.17841096,0.14039283,-0.0057144314,0.027444854
2144,1.0571283,0.5055002,0.7931268,0.4642563,0.2640015,0.04124391
2145,1.5442183,0.5347693,0.6857606,0.4866716,0.8584577,0.0480977
2146,1.7143508,0.7997784,0.8812434,0.6895425,0.8331074,0.11023593
2147,0.070489176,-0.005352925,0.09121099,0.060402296,-0.020721816,-0.06575522
2148,0.16359593,0.08394652,0.16570868,0.11448574,-0.0021127462,-0.030539222
2149,1.1142921,0.63052577,0.8398719,0.5839046,0.27442026,0.046621144
2150,0.03233756,0.074800774,0.054195702,0.026835829,-0.02185814,0.047964945
2151,0.07155951,0.22193831,0.0790481,0.05633067,-0.007488586,0.16560765
2152,0.004015088,0.21595956,0.031901017,0.020820428,-0.027885929,0.19513914
2153,0.24615367,0.083966665,0.15584174,0.112219825,0.09031193,-0.02825316
2154,0.6370694,0.30207112,0.40386096,0.28178582,0.23320845,0.020285308
2155,0.028622884,-0.013291133,0.031542975,0.018192112,-0.0029200912,-0.031483244
2156,0.75209916,0.37608522,0.42601174,0.30445465,0.32608742,0.07163057
2157,0.029503455,-0.00026225316,0.020720083,0.018711135,0.008783372,-0.018973388
2158,0.06660051,0.053280078,0.035809346,0.02350512,0.030791163,0.029774958
2159,0.08522299,0.05341224,0.0430144,0.03220036,0.04220859,0.021211881
2160,0.63944036,0.24851714,0.28895882,0.20784703,0.35048154,0.04067011
2161,0.05340453,0.06101298,0.04506375,0.0329563,0.00834078,0.028056681
2162,0.81736857,0.32582662,0.37830296,0.2619067,0.4390656,0.0639199
2163,0.111067034,0.061145075,0.059153475,0.05025795,0.05191356,0.010887124
2164,-0.014992938,0.0707748,0.012207463,0.0075859157,-0.0272004,0.06318889
2165,1.263783,0.5181295,0.6618091,0.45057434,0.6019739,0.06755519
2166,0.1003164,0.145709,0.062707216,0.048242483,0.037609182,0.09746651
2167,0.66605973,0.36521432,0.47428226,0.3378943,0.19177747,0.027320027
2168,1.0819397,0.437003,0.5162209,0.37329078,0.56571877,0.06371221
2169,1.1751509,0.71091837,0.85634863,0.65247214,0.31880224,0.05844623
2170,0.14472157,0.042790674,0.09275173,0.061165474,0.05196984,-0.0183748
2171,0.03368584,0.036669996,0.020823577,0.0161672,0.012862263,0.020502796
2172,0.12079491,0.1830659,0.06767438,0.052300654,0.053120524,0.13076526
2173,0.29688054,0.05963049,0.18009433,0.11048138,0.11678621,-0.05085089
2174,1.182734,0.45772573,0.69463134,0.46702045,0.48810267,-0.0092947185
2175,0.9921599,0.47240213,0.49236402,0.3652683,0.49979588,0.107133836
2176,1.3240767,0.51580244,0.52378243,0.37871894,0.8002942,0.1370835
2177,1.0380535,0.42727867,0.52507824,0.37628126,0.5129753,0.050997406
2178,1.5183357,0.7231314,0.72379106,0.5272839,0.79454464,0.19584751
2179,1.194988,0.51176184,0.6872064,0.4742793,0.5077816,0.03748253
2180,1.125754,0.38772163,0.5209322,0.3592534,0.6048218,0.028468221
2181,0.07732934,0.0025917944,0.037422128,0.02755772,0.03990721,-0.024965925
2182,0.20318285,0.10685787,0.11087191,0.08298976,0.092310935,0.023868114
2183,0.71280926,0.3729143,0.4352681,0.3088945,0.27754116,0.06401983
2184,0.47261074,0.15766001,0.24007349,0.16189113,0.23253725,-0.004231125
2185,1.1174711,0.63819635,0.7436978,0.5436571,0.37377328,0.094539225
2186,0.9362388,0.47222877,0.5924675,0.46364602,0.34377134,0.008582741
2187,1.2182045,0.6509962,0.7911908,0.553769,0.4270137,0.097227216
2188,1.1921467,0.71355724,0.8400321,0.59647864,0.35211456,0.1170786
2189,1.2380282,0.291288,0.38516977,0.29262233,0.8528584,-0.0013343394
2190,0.053579245,0.12930518,0.042992525,0.029204363,0.01058672,0.10010082
2191,0.05189593,0.015180688,0.044778068,0.035266332,0.0071178637,-0.020085644
2192,0.021134792,-0.0017579638,0.058352225,0.03986642,-0.03721743,-0.041624386
2193,1.3023673,0.5110527,0.5989676,0.4479863,0.7033997,0.06306642
2194,0.17921832,0.10329453,0.08412278,0.0629679,0.095095545,0.040326633
2195,0.08864041,0.027376238,0.050495017,0.041915096,0.03814539,-0.014538858
2196,0.23426273,0.16517814,0.17034023,0.10815523,0.06392251,0.057022907
2197,1.2911478,0.6248548,0.70554507,0.53176665,0.58560276,0.09308815
2198,0.116008304,0.079806305,0.086834416,0.07316657,0.029173888,0.006639734
2199,0.1947584,0.113555774,0.12377095,0.089547336,0.07098745,0.024008438
2200,0.09106933,0.108314745,0.060187567,0.044248175,0.030881766,0.064066574
2201,0.64778346,0.28315124,0.38658792,0.27922222,0.26119554,0.003929019
2202,1.0632628,0.4964423,0.56833035,0.39751324,0.49493247,0.09892905
2203,0.07421346,0.09306956,0.03350697,0.023987638,0.04070649,0.069081925
2204,1.0929165,0.53811926,0.7044309,0.44671068,0.3884856,0.09140858
2205,0.03522841,0.0072565996,0.024129368,0.019881338,0.0110990405,-0.012624739
2206,0.19291086,0.06678118,0.13143721,0.09397545,0.061473653,-0.027194269
2207,0.21047744,0.13330221,0.10329698,0.06811726,0.10718046,0.06518495
2208,1.3064033,0.5350748,0.77168566,0.51949817,0.5347176,0.015576601
2209,0.09337534,0.07329568,0.064110965,0.04351524,0.029264376,0.029780444
2210,1.3890574,0.63448036,0.8235367,0.6098317,0.5655207,0.024648666
2211,0.017557945,0.2343992,0.07592193,0.043773927,-0.058363985,0.19062528
2212,0.5683428,0.25170562,0.35248846,0.24568716,0.21585435,0.00601846
2213,0.57945776,0.30100796,0.41053432,0.2903455,0.16892344,0.010662466
2214,0.40339133,0.21925925,0.29023716,0.21284199,0.11315417,0.0064172596
2215,0.9994418,0.34530607,0.43954793,0.3166592,0.55989385,0.028646857
2216,0.5629024,0.31168643,0.46757728,0.3158207,0.09532511,-0.0041342676
2217,0.70919347,0.34243792,0.42483863,0.29917285,0.28435484,0.043265074
2218,0.99244857,0.4264671,0.64022636,0.4650715,0.3522222,-0.03860441
2219,0.78741616,0.29304206,0.36485916,0.26844892,0.422557,0.024593145
2220,0.10357413,0.045263823,0.055381842,0.03361069,0.048192285,0.011653133
2221,1.4703885,0.8431043,0.9767172,0.7338509,0.49367136,0.10925341
2222,0.92012125,0.71103585,0.86271733,0.6795677,0.057403922,0.031468153
2223,0.097854376,0.13153723,0.09890799,0.0689965,-0.0010536164,0.06254073
2224,1.1349714,0.33595863,0.3082444,0.26880246,0.826727,0.067156166
2225,0.21005455,0.14108388,0.14716324,0.1055478,0.062891304,0.03553608
2226,0.5882063,0.30074692,0.39734015,0.28102714,0.19086614,0.01971978
2227,1.4373857,0.58591306,0.6898408,0.5098721,0.7475449,0.07604098
2228,0.2926873,0.11471815,0.12941691,0.08898257,0.16327038,0.02573558
2229,0.14448228,-0.008712403,0.0718658,0.044515915,0.07261649,-0.05322832
2230,1.047193,0.5253448,0.7896114,0.5593446,0.25758165,-0.0339998
2231,0.16505526,0.1544133,0.09550874,0.06840863,0.06954652,0.08600467
2232,0.5454857,0.37066868,0.46768776,0.34095317,0.07779792,0.029715508
2233,0.34208947,0.22680092,0.23012988,0.17394057,0.11195959,0.05286035
2234,0.07109042,0.15905838,0.05639074,0.041738063,0.014699683,0.117320314
2235,0.30668274,0.1145573,0.12797387,0.09134207,0.17870887,0.023215234
2236,-0.018864406,0.11413858,0.012974175,0.00536107,-0.03183858,0.10877751
2237,-0.0024550473,-0.011514061,0.0130476905,0.0034057111,-0.015502738,-0.014919773
2238,0.03199163,0.034590684,0.022725178,0.02329407,0.009266453,0.011296613
2239,1.3337371,0.36217514,0.45833272,0.34500206,0.8754044,0.017173082
2240,0.084584996,0.047899324,0.043703854,0.03800422,0.040881142,0.009895105
2241,0.09636138,0.13071434,0.0770609,0.056744773,0.019300476,0.07396957
2242,1.1121963,0.5800058,0.80658513,0.59924793,0.3056112,-0.019242108
2243,1.3930463,0.6145418,0.7028685,0.5035027,0.69017774,0.1110391
2244,0.54724205,0.24460173,0.3549765,0.2450738,0.19226554,-0.0004720688
2245,-0.034312934,-0.052900147,-0.0029832125,-0.00014968049,-0.03132972,-0.052750465
2246,-0.006316618,0.20896517,0.018297087,0.015280867,-0.024613705,0.1936843
2247,1.1551552,0.34773237,0.45959407,0.3299757,0.6955611,0.01775667
2248,0.005964645,-0.05971243,0.011908134,0.0043377,-0.0059434893,-0.06405013
2249,0.018369611,0.061407775,0.025303598,0.021118294,-0.006933987,0.04028948
2250,0.25312698,0.20899749,0.17054486,0.1184893,0.082582116,0.090508185
2251,0.13020557,0.0804041,0.10755487,0.07210136,0.022650704,0.008302741
2252,1.0940889,0.59374976,0.8690283,0.6245118,0.22506064,-0.030762017
2253,0.03920515,0.030994745,0.01867242,0.014150457,0.02053273,0.016844288
2254,0.8759161,0.2732531,0.35836497,0.26029617,0.5175512,0.012956947
2255,0.14433092,0.10501224,0.09277792,0.06457617,0.051552996,0.040436067
2256,1.1199704,0.48364878,0.6157013,0.46142477,0.5042691,0.022224009
2257,0.079036355,0.008749611,0.045489687,0.032031856,0.033546668,-0.023282245
2258,-0.020889482,0.14505984,0.010471167,0.008853713,-0.03136065,0.13620612
2259,0.8083134,0.3281221,0.4038747,0.27018017,0.40443873,0.057941943
2260,0.0065441276,0.15053488,0.041814454,0.026212355,-0.035270326,0.124322526
2261,0.9299351,0.51162535,0.6696028,0.49669924,0.2603323,0.014926106
2262,0.1874407,0.12901147,0.15824108,0.11564007,0.029199615,0.013371401
2263,0.12147029,0.058698725,0.047967274,0.032411356,0.07350302,0.02628737
2264,-0.019378426,0.12547408,0.015790723,0.007423056,-0.035169147,0.11805102
2265,0.13910542,0.07661299,0.121247195,0.09918986,0.01785823,-0.022576876
2266,0.053666476,0.07510968,0.022883749,0.020516125,0.030782728,0.054593556
2267,0.21831688,0.06525809,0.14654544,0.08733442,0.07177144,-0.022076324
2268,0.18173538,0.10958429,0.1371013,0.10122101,0.04463409,0.008363277
2269,0.3416687,0.24677768,0.26386747,0.18994378,0.07780123,0.056833908
2270,0.3120688,0.16690323,0.12124493,0.092684925,0.19082385,0.0742183
2271,0.51090837,0.29176724,0.3505881,0.25962323,0.16032025,0.03214401
2272,1.1455297,0.57436,0.8865193,0.5919633,0.25901043,-0.017603278
2273,0.12706052,0.14827354,0.06516644,0.051014595,0.061894074,0.09725895
2274,1.4409622,0.7482715,0.7337548,0.5803501,0.7072074,0.16792142
2275,1.0421189,0.35333687,0.3772661,0.28657317,0.6648528,0.0667637
2276,0.9176465,0.3444816,0.44481668,0.29387718,0.47282985,0.050604403
2277,0.06657113,0.0113827055,0.041764483,0.0337806,0.024806648,-0.022397894
2278,1.7274934,0.662632,0.88580304,0.5570141,0.84169036,0.10561788
2279,1.1927917,0.4722428,0.4725682,0.34133607,0.7202235,0.13090673
2280,1.1637881,0.64970607,0.8088261,0.569875,0.354962,0.079831064
2281,0.30687547,0.15859802,0.17828235,0.13464923,0.12859312,0.023948789
2282,0.012532213,-0.04330423,0.005316247,0.00031267246,0.0072159655,-0.043616902
2283,1.3876097,0.50913185,0.66844445,0.4975709,0.71916527,0.011560947
2284,1.0548946,0.48722094,0.6862103,0.4915957,0.3686843,-0.0043747425
2285,0.811661,0.3153063,0.52349347,0.3384974,0.28816754,-0.023191094
2286,1.072974,0.57406914,0.80505866,0.53145397,0.2679153,0.042615175
2287,0.026775707,0.050820664,0.020733003,0.014616936,0.006042704,0.036203727
2288,1.0919323,0.51729476,0.6297153,0.47309628,0.46221697,0.044198483
2289,0.15637605,0.08721068,0.102545835,0.07220637,0.053830214,0.015004307
2290,0.05009281,0.023969278,0.05614885,0.036928862,-0.0060560405,-0.012959585
2291,0.13761999,0.20427996,0.100358486,0.07425271,0.0372615,0.13002725
2292,0.19178742,0.045525875,0.078253075,0.060427755,0.113534346,-0.01490188
2293,1.2074864,0.5618236,0.6625376,0.46047768,0.5449488,0.10134593
2294,0.9944095,0.51092917,0.56384075,0.42847505,0.43056875,0.082454115
2295,1.05983,0.32752654,0.3388702,0.25512722,0.7209598,0.07239932
2296,0.834306,0.34268662,0.505098,0.34864646,0.32920802,-0.0059598386
2297,0.10714558,0.06614067,0.04243833,0.039327074,0.06470725,0.026813593
2298,0.98924774,0.5861863,0.77932894,0.5314337,0.2099188,0.05475259
2299,0.9941338,0.42135295,0.5976641,0.43020114,0.39646965,-0.00884819
2300,0.07546692,0.15989313,0.0513524,0.032038562,0.024114523,0.12785456
2301,-0.012562287,-0.027000148,0.03389979,0.020088438,-0.046462078,-0.047088586
2302,-0.0050662877,-0.0030335903,0.009320825,0.0073306947,-0.014387113,-0.010364285
2303,0.020199114,0.033006735,0.023598969,0.012190844,-0.0033998545,0.02081589
2304,0.91707826,0.4371044,0.5963912,0.45733824,0.32068706,-0.02023384
2305,1.2471261,0.34394294,0.6377956,0.40674257,0.6093305,-0.06279963
2306,1.7397981,0.6877127,0.9998244,0.6505105,0.73997366,0.03720224
2307,1.2423321,0.31480467,0.41902465,0.27081418,0.82330745,0.043990493
2308,-0.002819497,0.0008287888,0.013665575,0.01099967,-0.01648507,-0.010170882
2309,1.1485202,0.5511188,0.7161578,0.4855214,0.43236244,0.065597385
2310,0.16694516,0.07665949,0.07279954,0.05460813,0.09414562,0.022051364
2311,0.103854336,0.09284719,0.09069272,0.068568215,0.013161615,0.024278976
2312,-0.028687112,0.10811491,0.008800967,0.0034781054,-0.03748808,0.10463681
2313,0.06635218,0.13379012,0.032653935,0.028487533,0.033698246,0.10530259
2314,1.0568624,0.4780061,0.56059057,0.41184527,0.4962718,0.06616083
2315,0.8433056,0.32479867,0.3957485,0.29914722,0.4475571,0.025651455
2316,0.116702825,0.060591232,0.039999563,0.032919213,0.076703265,0.027672019
2317,1.2524394,0.71992934,0.80141574,0.6124178,0.45102364,0.10751152
2318,1.7345936,0.46070778,0.69485915,0.46838617,1.0397345,-0.0076783895
2319,0.7215913,0.33560598,0.4781342,0.3650822,0.24345708,-0.029476225
2320,0.112137355,0.05729436,0.0867608,0.06229936,0.025376558,-0.0050049983
2321,0.014291267,0.006463302,0.02415427,0.019879807,-0.009863003,-0.0134165045
2322,0.7919984,0.3384311,0.38610786,0.28330654,0.40589052,0.05512455
2323,0.7078446,0.41497585,0.42996258,0.33966833,0.27788204,0.07530752
2324,-0.03850722,0.13117795,0.011964397,0.0049682856,-0.050471615,0.12620966
2325,0.08058912,0.027619459,0.07866184,0.053246807,0.0019272864,-0.025627349
2326,1.23164,0.5079858,0.73616236,0.45689923,0.49547762,0.051086545
2327,1.0249316,0.3980973,0.5551158,0.3849439,0.46981573,0.013153404
2328,0.99415725,0.33184382,0.45554757,0.32638058,0.5386097,0.0054632425
2329,0.6836034,0.2649269,0.34998903,0.2492032,0.33361438,0.015723705
2330,0.653916,0.30973727,0.5435345,0.35442442,0.110381484,-0.044687152
2331,0.083452776,0.16894606,0.07123332,0.059602022,0.012219459,0.109344035
2332,0.1803113,0.06392554,0.08932344,0.05292351,0.09098787,0.01100203
2333,0.07551896,0.04533528,0.052378297,0.03497401,0.023140661,0.010361273
2334,0.056459427,0.012054911,0.04392147,0.030649489,0.012537956,-0.018594578
2335,0.08623807,0.17111309,0.06357132,0.046867702,0.022666752,0.12424539
2336,0.03489613,0.053246636,0.025096934,0.02014044,0.009799197,0.033106197
2337,0.1836188,0.20006737,0.1143842,0.08013255,0.0692346,0.11993482
2338,0.1589816,0.06777589,0.08070699,0.060636558,0.078274615,0.0071393326
2339,1.589879,0.6005418,0.67889166,0.49910623,0.9109874,0.10143554
2340,0.40194297,0.25850704,0.29542214,0.23541121,0.10652083,0.023095831
2341,0.26238623,0.17901355,0.19314702,0.13155109,0.069239214,0.047462463
2342,0.9049803,0.3553043,0.47343582,0.31032434,0.43154448,0.04497996
2343,0.073875405,0.0809775,0.05204322,0.038056217,0.021832187,0.042921282
2344,0.15842584,0.28943348,0.13389347,0.09933329,0.024532363,0.1901002
2345,0.12492223,0.044750918,0.058520596,0.04254132,0.06640163,0.0022095963
2346,0.07259937,0.10963263,0.04525557,0.036443017,0.027343795,0.073189616
2347,0.75315875,0.3512874,0.4253355,0.29677862,0.32782325,0.054508775
2348,0.14799544,0.11962829,0.11686752,0.094039306,0.031127922,0.025588982
2349,0.033242345,0.0018607506,0.028131291,0.018587058,0.0051110536,-0.016726308
2350,0.8104307,0.41439113,0.56594145,0.38143653,0.24448925,0.032954603
2351,0.7521098,0.33987123,0.4657089,0.34102064,0.2864009,-0.001149416
2352,1.0424529,0.56359035,0.70538044,0.5157266,0.3370725,0.04786372
2353,0.029110737,-0.015272972,0.035262056,0.023898194,-0.0061513186,-0.039171167
2354,0.14024872,0.1475702,0.08124737,0.060139917,0.05900135,0.087430276
2355,0.011338514,-0.03707958,0.018984597,0.009544307,-0.007646083,-0.046623886
2356,0.98446614,0.47745636,0.575344,0.4032305,0.4091221,0.07422587
2357,0.29025388,0.108725905,0.22038813,0.14273839,0.06986575,-0.03401248
2358,0.8952896,0.55416477,0.6634951,0.501199,0.23179448,0.05296576
2359,1.7753503,0.5788743,0.7851957,0.48847193,0.9901546,0.090402365
2360,0.7872689,0.27451575,0.4318171,0.3091496,0.35545176,-0.034633845
2361,0.011325058,0.104103535,0.04673118,0.030098608,-0.035406124,0.074004926
2362,1.3169508,0.33089653,0.48543343,0.3511247,0.83151734,-0.020228177
2363,0.33611396,0.102479815,0.11578649,0.09102447,0.22032747,0.011455342
2364,1.1866977,0.5140743,0.6816026,0.48377162,0.5050951,0.030302703
2365,1.6090472,0.5753816,0.6332489,0.43104315,0.97579825,0.14433843
2366,0.12910144,0.044200983,0.077500835,0.060759865,0.051600605,-0.016558882
2367,1.0798872,0.5171432,0.535345,0.3779131,0.54454213,0.1392301
2368,0.029665139,0.040274512,0.030962888,0.02194143,-0.0012977496,0.018333081
2369,0.7755377,0.40968642,0.5289949,0.39589792,0.24654281,0.0137884915
2370,1.0853326,0.47917014,0.58324736,0.41526634,0.50208527,0.06390381
2371,0.99452037,0.5217925,0.63683987,0.49067187,0.3576805,0.031120598
2372,0.28469715,0.13846071,0.17183034,0.13258319,0.112866804,0.0058775246
2373,0.025462309,0.06016766,0.04712955,0.0353323,-0.02166724,0.02483536
2374,0.93017334,0.51908237,0.6712693,0.4923567,0.25890404,0.02672568
2375,0.1308826,0.022010729,0.10896176,0.076092616,0.021920845,-0.054081887
2376,0.020387894,0.22733223,0.07088943,0.044819996,-0.050501533,0.18251224
2377,1.0089334,0.4906732,0.54690623,0.38971257,0.4620272,0.10096064
2378,1.0509272,0.48881474,0.6202046,0.46793628,0.43072253,0.020878464
2379,0.17375022,0.13274115,0.12856558,0.09101413,0.045184642,0.04172702
2380,0.18646915,0.091973305,0.06821183,0.053413026,0.11825732,0.03856028
2381,1.3467892,0.3576619,0.5386195,0.38835967,0.8081697,-0.030697763
2382,0.09969109,0.063522644,0.022935484,0.018583413,0.07675561,0.04493923
2383,0.32068938,0.23124747,0.28263447,0.21124382,0.038054913,0.020003647
2384,0.0078069395,0.04184848,0.018560097,0.016035432,-0.010753157,0.025813049
2385,0.36386088,0.17825124,0.22712044,0.1566989,0.13674043,0.02155234
2386,1.2567571,0.5019098,0.6474533,0.48099366,0.60930383,0.020916134
2387,0.07410742,0.02587882,0.056131355,0.027283316,0.017976068,-0.0014044959
2388,1.1564306,0.44065613,0.5390878,0.39073852,0.6173428,0.04991761
2389,1.2540541,0.41937006,0.61696696,0.4116814,0.6370871,0.0076886415
2390,0.06701192,0.030754194,0.035989545,0.03443405,0.031022377,-0.0036798567
2391,1.0692154,0.5535825,0.81907046,0.57058847,0.25014496,-0.01700598
2392,0.1882947,0.060484305,0.11796083,0.07792728,0.07033386,-0.017442971
2393,1.1974536,0.28883216,0.43234015,0.31879222,0.7651135,-0.029960066
2394,1.4864792,0.5624598,0.7698923,0.5591852,0.7165869,0.0032746196
2395,0.074052066,0.0545916,0.054476626,0.045966,0.01957544,0.0086256005
2396,1.5793111,0.36857426,0.39434642,0.3205895,1.1849647,0.04798475
2397,0.20634757,0.083796665,0.12904139,0.0907523,0.07730618,-0.0069556385
2398,0.072265245,0.005420455,0.057896655,0.038937252,0.01436859,-0.0335168
2399,1.3848778,0.61902195,0.6962994,0.5074805,0.6885784,0.11154145
2400,1.2399393,0.5651656,0.6489159,0.4762395,0.59102345,0.08892608
2401,0.18273841,0.030325562,0.04045161,0.02958766,0.1422868,0.0007379018
2402,1.1588479,0.5371662,0.6332807,0.43740445,0.52556723,0.099761724
2403,1.1639758,0.47898778,0.59701586,0.42926544,0.56696,0.049722344
2404,1.16415,0.5601088,0.7167504,0.53746426,0.44739962,0.02264452
2405,0.018533083,0.020197691,0.030372988,0.024539772,-0.011839906,-0.004342081
2406,0.50950116,0.22485836,0.27974406,0.20454335,0.2297571,0.020315006
2407,0.67943156,0.23986173,0.28876787,0.18467616,0.39066368,0.05518557
2408,0.023483582,0.012637691,0.012247143,0.0071369917,0.0112364385,0.005500699
2409,0.61946505,0.40311956,0.4412248,0.30116454,0.17824024,0.10195503
2410,1.0300251,0.5135493,0.71714723,0.45138532,0.3128779,0.06216401
2411,1.6924103,0.80158204,0.9178111,0.6862644,0.77459925,0.11531764
2412,1.1286767,0.47637856,0.6824335,0.469181,0.44624317,0.007197559
2413,0.20145626,0.08916612,0.1538463,0.11759515,0.04760997,-0.028429031
2414,0.10915547,0.21931627,0.10713245,0.08103054,0.002023019,0.13828573
2415,0.034823723,0.030119218,0.023902196,0.02100008,0.010921527,0.009119138
2416,-0.014733949,0.14142826,0.019698912,0.01119207,-0.034432862,0.1302362
2417,0.95255965,0.2549065,0.36661166,0.24456152,0.585948,0.010344982
2418,1.1415489,0.3369336,0.26055014,0.22339244,0.88099873,0.11354117
2419,0.041184124,-0.018906873,0.017687406,0.00892212,0.023496717,-0.027828991
2420,-0.028245687,0.123438105,0.014410508,0.007353147,-0.042656194,0.116084956
2421,0.064816505,0.08586848,0.042664807,0.033453852,0.022151697,0.052414626
2422,0.024273593,0.008517257,0.037623025,0.015133458,-0.0133494325,-0.0066162013
2423,1.388955,0.41559017,0.60295284,0.3413188,0.78600216,0.07427138
2424,0.77593994,0.3338777,0.34119868,0.22782531,0.43474126,0.1060524
2425,1.6053249,0.5436979,0.5856419,0.43406838,1.0196829,0.10962951
2426,0.05991345,0.031804286,0.03864024,0.033865776,0.02127321,-0.00206149
2427,1.8441092,0.6081364,0.79306364,0.57979625,1.0510455,0.02834016
2428,0.011851049,-0.029312067,0.028923506,0.015932363,-0.017072458,-0.04524443
2429,0.07497068,0.12517126,0.07035131,0.04474674,0.0046193674,0.08042452
2430,-0.004694555,0.14254685,0.035534255,0.019861933,-0.04022881,0.12268491
2431,0.52119243,0.39436463,0.46720132,0.3176255,0.05399111,0.07673913
2432,0.015397979,0.045000553,0.058147736,0.04765456,-0.042749755,-0.0026540086
2433,0.1773598,0.02898903,0.09587599,0.059390597,0.08148381,-0.030401567
2434,0.89279324,0.39816496,0.4332592,0.31017432,0.45953405,0.08799064
2435,0.4139855,0.19172119,0.2726461,0.18776932,0.14133939,0.0039518625
2436,0.03631875,0.12420753,0.057508208,0.043773293,-0.021189459,0.08043423
2437,1.1944026,0.5775476,0.7182225,0.5189281,0.47618008,0.0586195
2438,0.08255312,0.08209589,0.048625726,0.04083291,0.033927392,0.04126298
2439,1.2782056,0.63912255,0.8314829,0.59270626,0.44672275,0.046416283
2440,1.2938846,0.59769285,0.80610514,0.52349657,0.4877795,0.07419628
2441,0.028720656,0.058279157,0.062125392,0.047555573,-0.033404738,0.010723583
2442,0.68872494,0.286169,0.3723213,0.25209513,0.31640363,0.03407386
2443,0.20644212,0.15892082,0.16170564,0.12949991,0.044736475,0.029420912
2444,0.04008165,0.03726507,0.027671423,0.019975929,0.012410227,0.017289141
2445,0.79544497,0.40406096,0.5610892,0.38361028,0.23435575,0.020450681
2446,0.9098844,0.416219,0.53302115,0.39643246,0.37686324,0.019786537
2447,0.15884803,0.047085404,0.084259614,0.055125214,0.07458842,-0.00803981
2448,0.97310114,0.5098584,0.66948193,0.46466833,0.3036192,0.045190096
2449,0.036830947,0.10032844,0.036280863,0.023853974,0.0005500838,0.076474465
2450,0.92210937,0.3749256,0.5778481,0.40395784,0.3442613,-0.02903223
2451,0.40369186,0.18545634,0.3350253,0.20554662,0.06866655,-0.020090282
2452,1.1416965,0.45049298,0.66456735,0.45181385,0.4771291,-0.0013208687
2453,0.46366546,0.24512044,0.3446567,0.2466337,0.11900875,-0.0015132576
2454,0.9418316,0.40313464,0.54889286,0.40147823,0.39293873,0.0016564131
2455,0.08909014,0.020324353,0.06586205,0.041384686,0.023228087,-0.021060333
2456,0.25404736,0.1311956,0.19094475,0.1253812,0.06310262,0.0058144033
2457,-0.014525364,-0.055468746,0.004956323,0.004393844,-0.019481687,-0.05986259
2458,0.0018741257,0.1746395,0.04212331,0.02303927,-0.040249184,0.15160023
2459,1.5896097,0.5044825,0.5499996,0.3364932,1.0396101,0.16798931
2460,0.19600353,0.10081419,0.09913342,0.075783595,0.09687011,0.025030598
2461,0.029808398,0.000465259,0.020481711,0.018061152,0.009326687,-0.017595893
2462,0.011191149,0.14802189,0.036882512,0.018912364,-0.025691364,0.12910953
2463,0.87245935,0.30721852,0.5541236,0.36075562,0.31833577,-0.0535371
2464,0.8548935,0.3516903,0.49647227,0.3313411,0.35842124,0.020349205
2465,1.187818,0.4223543,0.501643,0.36750802,0.68617505,0.054846287
2466,0.9866667,0.5022972,0.59988725,0.47055116,0.38677943,0.03174606
2467,0.076367304,0.0044897576,0.036398333,0.024555301,0.03996897,-0.020065544
2468,1.0016949,0.44916552,0.5278759,0.39301607,0.47381902,0.056149453
2469,0.014285316,0.040893603,0.008813035,0.007717511,0.005472281,0.03317609
2470,0.17445572,0.0954247,0.1074334,0.08544062,0.067022316,0.009984076
2471,-0.027587172,0.045458525,-0.0013275769,-0.0006641912,-0.026259596,0.046122715
2472,0.70011944,0.31808978,0.43821558,0.3129483,0.26190385,0.0051414967
2473,0.115575716,0.08496699,0.08100553,0.055769093,0.034570187,0.029197894
2474,0.6062314,0.33294168,0.36979777,0.26919112,0.23643363,0.063750565
2475,1.0012294,0.36137426,0.5230355,0.36034915,0.47819388,0.0010251105
2476,0.86088204,0.6296605,0.7462391,0.5177537,0.11464292,0.11190677
2477,0.6559134,0.23623396,0.32160264,0.21392278,0.33431077,0.02231118
2478,0.15809421,0.054124735,0.0873086,0.0593101,0.07078561,-0.0051853657
2479,0.38831443,0.17233893,0.24698856,0.16450076,0.14132586,0.007838175
2480,1.2518232,0.73661166,0.93835413,0.6802643,0.31346905,0.05634737
2481,0.8783452,0.29024088,0.51702225,0.3075459,0.36132294,-0.017305017
2482,0.055881396,0.036351092,0.043760963,0.025285998,0.012120433,0.011065094
2483,0.20485589,0.093563326,0.14172892,0.08478578,0.06312697,0.008777544
2484,0.152791,0.06330655,0.112611234,0.073661014,0.04017976,-0.010354467
2485,0.16476034,0.07065689,0.07272641,0.057611912,0.09203392,0.013044976
2486,0.052339256,0.004447701,0.016048769,0.014402911,0.03629049,-0.009955211
2487,0.11694873,0.04224506,0.074184716,0.054206204,0.042764015,-0.011961143
2488,0.68175757,0.36694872,0.47550398,0.3477204,0.20625359,0.01922831
2489,0.08934105,0.056253638,0.058009185,0.0361455,0.031331867,0.020108137
2490,0.7020842,0.28430107,0.35463464,0.2612158,0.34744954,0.023085266
2491,0.110144705,0.06382043,0.09602742,0.0778713,0.014117286,-0.014050871
2492,0.23405622,0.09538522,0.113073744,0.08840728,0.120982476,0.0069779456
2493,1.2695391,0.562717,0.68105966,0.4923474,0.58847946,0.07036963
2494,1.3682816,0.5126432,0.6973545,0.50047976,0.6709271,0.01216346
2495,0.30800718,0.040096857,0.17535985,0.11009874,0.13264734,-0.070001885
2496,0.82307196,0.4072648,0.5003983,0.36280286,0.32267368,0.044461936
2497,1.0163314,0.45908636,0.60744315,0.454323,0.40888828,0.004763365
2498,0.9409299,0.42673284,0.48677573,0.3434529,0.45415416,0.08327994
2499,0.035911854,0.052291457,0.017165493,0.017655198,0.018746361,0.03463626
2500,0.14391764,0.06394286,0.10901986,0.07762683,0.034897774,-0.013683975
2501,0.0077582235,0.014539415,0.0179212,0.016968612,-0.010162977,-0.0024291966
2502,1.1571351,0.5362658,0.6460667,0.47882813,0.5110684,0.05743766
2503,0.28374407,0.16545875,0.1523052,0.10875933,0.13143887,0.056699425
2504,0.27404007,0.21432494,0.25129175,0.1687923,0.022748321,0.04553263
2505,1.0555652,0.30552104,0.41042274,0.28116727,0.6451425,0.024353772
2506,0.095785655,0.041881472,0.05039063,0.027060455,0.045395024,0.014821017
2507,0.47882095,0.07147301,0.108200565,0.06776302,0.37062037,0.0037099868
2508,0.1130382,0.028153922,0.06264807,0.03719717,0.050390124,-0.0090432465
2509,0.18889865,0.11937175,0.13497742,0.099104345,0.053921238,0.020267405
2510,1.0004271,0.3937439,0.5264102,0.32943857,0.4740169,0.064305335
2511,0.9912516,0.47747558,0.62181723,0.45213366,0.36943436,0.025341928
2512,0.690775,0.3450411,0.4799672,0.31364748,0.21080777,0.031393617
2513,0.18754886,0.01797738,0.10658405,0.056081235,0.08096481,-0.038103856
2514,0.2149215,0.12987788,0.16941181,0.11007893,0.045509696,0.01979895
2515,0.9267429,0.39318353,0.4456647,0.32727686,0.4810782,0.06590667
2516,0.35063905,0.2104708,0.23107795,0.15065531,0.11956109,0.05981548
2517,-0.020612778,0.10117786,0.013328001,0.0038435017,-0.033940777,0.097334355
2518,0.07295318,0.19244263,0.07826157,0.07348467,-0.0053083897,0.11895796
2519,0.151843,0.17824534,0.10940467,0.080458924,0.04243833,0.09778641
2520,1.0484349,0.3774354,0.4763271,0.29866043,0.5721078,0.07877496
2521,1.1840407,0.5545755,0.6502358,0.49031124,0.5338049,0.06426427
2522,0.9888142,0.25667322,0.2947136,0.21116933,0.6941006,0.045503885
2523,0.77241385,0.36207864,0.5673911,0.35942513,0.20502275,0.0026535094
2524,0.13594179,0.06744238,0.08648584,0.06184066,0.04945595,0.005601719
2525,-0.00083943934,0.03218861,0.008994346,0.008530842,-0.009833785,0.023657767
2526,1.3735417,0.47505972,0.6618339,0.44902125,0.71170783,0.026038468
2527,0.17973821,0.059399705,0.08846892,0.053417634,0.09126929,0.005982071
2528,0.14519092,0.042065125,0.083781555,0.049790777,0.06140937,-0.0077256523
2529,0.7456019,0.38991487,0.48378158,0.36078915,0.26182032,0.02912572
2530,0.072371654,-0.0058772853,0.048849776,0.029168895,0.023521878,-0.03504618
2531,0.1617818,0.22266695,0.13559833,0.09346896,0.026183471,0.12919798
2532,0.091630965,-0.009480421,0.04040382,0.034038432,0.051227145,-0.043518852
2533,0.07474185,0.13847652,0.045845397,0.029899139,0.028896451,0.108577386
2534,0.25089756,0.13891694,0.14568272,0.09940585,0.105214834,0.039511092
2535,1.1666818,0.46648428,0.5631355,0.3828155,0.60354626,0.08366877
2536,0.012444692,-0.018875277,0.020292133,0.019190615,-0.007847441,-0.03806589
2537,0.16531838,0.05200779,0.14376906,0.09079613,0.02154933,-0.038788337
2538,0.07992286,0.039602276,0.028823484,0.024135951,0.05109938,0.015466325
2539,0.11632697,0.048776187,0.049888175,0.036441974,0.066438794,0.012334213
2540,0.37614062,0.2053837,0.21098764,0.143368,0.16515298,0.062015697
2541,0.024409031,-0.0412806,0.035526164,0.020920362,-0.011117132,-0.062200963
2542,0.19004385,0.075999215,0.051374204,0.040768553,0.13866964,0.035230663
2543,0.041556913,0.034972787,0.023483034,0.012900716,0.01807388,0.022072071
2544,2.5755267,1.0883274,1.6095121,1.1952407,0.9660146,-0.10691333
2545,0.06895269,0.13400288,0.03677506,0.026612435,0.032177627,0.10739045
2546,1.1837245,0.6040185,0.7635478,0.5932223,0.42017674,0.010796189
2547,0.2799931,0.090349875,0.115129136,0.06792174,0.16486394,0.022428133
2548,1.3720492,0.35564056,0.47904688,0.31146818,0.89300233,0.044172376
2549,0.019216212,0.013888687,0.014316434,0.013474762,0.0048997775,0.00041392446
2550,0.04576478,0.13355707,0.025704939,0.01933461,0.020059843,0.11422245
2551,1.2908732,0.52449536,0.53412205,0.39386812,0.7567511,0.13062724
2552,0.37589657,0.1227722,0.15045698,0.10540287,0.2254396,0.01736933
2553,0.13319565,0.0070682676,0.09911381,0.061192006,0.034081846,-0.054123737
2554,1.7851892,0.6489347,1.1661003,0.75529516,0.6190889,-0.106360435
2555,0.166234,0.05725953,0.12683168,0.08574732,0.03940232,-0.028487787
2556,0.4589574,0.23894516,0.23446164,0.16344324,0.22449577,0.07550192
2557,1.5605581,0.7993703,0.9075629,0.6958809,0.65299517,0.1034894
2558,0.89010817,0.2767696,0.42305264,0.2578084,0.46705553,0.018961221
2559,0.19898103,0.10984628,0.1613183,0.12032114,0.03766273,-0.010474861
