feature_idx,seq_effect_obs,struct_effect_obs,seq_effect_shuffle,struct_effect_shuffle,seq_delta,struct_delta
0,0.42159542,0.09670297,0.2557305,0.17321548,0.16586491,-0.07651251
1,0.94712824,0.20485601,0.27865595,0.1779046,0.6684723,0.026951402
2,0.12719685,0.07966073,0.112401456,0.0713247,0.014795393,0.00833603
3,0.56733584,0.068640254,0.12848699,0.09948393,0.43884885,-0.030843675
4,0.07136059,0.04310349,0.028332336,0.018128995,0.04302825,0.024974495
5,0.11748216,0.0021194094,0.05934574,0.04575294,0.058136422,-0.043633528
6,0.2765927,0.08659362,0.058793906,0.040082306,0.2177988,0.046511315
7,0.11825573,0.1156213,0.052365843,0.03751939,0.06588988,0.0781019
8,0.92091143,0.22122219,0.31392524,0.24269293,0.60698617,-0.02147074
9,0.3290687,0.08454626,0.113170214,0.079983614,0.21589848,0.004562646
10,0.34105623,0.11845976,0.14359474,0.09125011,0.19746149,0.027209654
11,-0.0126342885,0.12452648,0.015775025,0.0074348454,-0.028409313,0.11709163
12,0.78831136,0.16834605,0.23870616,0.17387806,0.5496052,-0.0055320114
13,1.0853261,0.224265,0.31181934,0.224344,0.77350676,-7.900596e-05
14,0.36035368,0.10376358,0.09951401,0.07569161,0.26083967,0.02807197
15,0.43883052,0.17713286,0.23930402,0.16447195,0.1995265,0.012660906
16,0.8439064,0.22928195,0.25544545,0.1921942,0.5884609,0.037087753
17,0.18371882,0.042019986,0.05716454,0.039211642,0.12655428,0.0028083436
18,0.746469,0.2919149,0.41005602,0.27324435,0.336413,0.018670559
19,0.8221363,0.33763087,0.39503375,0.2910872,0.42710254,0.046543658
20,0.12446966,0.026631115,0.03345611,0.019502496,0.09101355,0.0071286187
21,0.57638276,0.27504048,0.22835167,0.17351975,0.3480311,0.10152073
22,1.1430743,0.29637793,0.40325275,0.28705654,0.73982155,0.009321392
23,0.3064638,0.08377637,0.15243912,0.094896466,0.15402469,-0.011120096
24,1.0223585,0.24556,0.381005,0.23878439,0.64135355,0.0067756176
25,0.9817062,0.28369242,0.32096836,0.2200419,0.6607379,0.06365052
26,1.0259675,0.16500595,0.2779811,0.19116805,0.7479864,-0.026162103
27,0.9362051,0.25664875,0.32375395,0.21512882,0.61245114,0.041519925
28,0.24916756,0.09013504,0.14776205,0.07210645,0.101405516,0.018028587
29,0.9769927,0.47104436,0.5442329,0.3502381,0.43275982,0.12080625
30,0.7699926,0.21213865,0.28176734,0.19570845,0.48822525,0.0164302
31,0.098944165,-0.0068144808,0.05232601,0.033356287,0.046618156,-0.040170766
32,0.10333795,0.08298227,0.08432634,0.056012835,0.01901161,0.026969437
33,0.14390804,0.030562183,0.039427456,0.030967636,0.10448058,-0.00040545315
34,0.5030213,0.13673855,0.19619192,0.13609819,0.3068294,0.0006403625
35,0.34638333,0.057215042,0.07786415,0.05891752,0.2685192,-0.0017024763
36,1.2796046,0.47306752,0.66904587,0.48780873,0.6105587,-0.014741212
37,0.052589685,0.0027098933,0.055248484,0.036558148,-0.0026587993,-0.033848256
38,0.9891476,0.17894463,0.26807746,0.19949943,0.7210702,-0.020554796
39,0.06950418,0.057111785,0.052059636,0.03518695,0.017444544,0.021924835
40,0.8560456,0.1828198,0.23728822,0.17298144,0.61875737,0.009838358
41,0.5130907,0.1477988,0.21180405,0.1479041,0.3012867,-0.000105291605
42,0.13591154,0.13158515,0.08006314,0.05340953,0.055848397,0.07817562
43,0.734523,0.27425545,0.3256107,0.21260583,0.4089123,0.06164962
44,0.46210885,0.17690563,0.15514605,0.10863433,0.3069628,0.0682713
45,0.07505242,0.029175859,0.037448265,0.02462754,0.037604153,0.0045483187
46,0.61240774,0.19051902,0.21683536,0.1668686,0.39557236,0.023650423
47,0.34804353,0.11317096,0.16560818,0.11130977,0.18243535,0.0018611923
48,0.93124336,0.27683726,0.3270606,0.21359111,0.6041827,0.063246146
49,0.4687167,0.16682176,0.20072412,0.13401014,0.2679926,0.032811627
50,0.038875267,0.18774918,0.042894263,0.025116974,-0.004018996,0.1626322
51,0.6760077,0.18609679,0.31551415,0.22047766,0.36049354,-0.034380868
52,0.034420818,0.04268706,0.03570066,0.029108483,-0.0012798421,0.013578575
53,0.928579,0.18429779,0.2690362,0.18822008,0.6595428,-0.0039222986
54,1.0134048,0.1577597,0.31046027,0.18848133,0.7029446,-0.030721635
55,0.118975125,0.07744405,0.047071915,0.034182057,0.071903214,0.04326199
56,0.9578432,0.47948298,0.51521146,0.40668267,0.44263172,0.07280031
57,0.33148465,0.00785042,0.08555172,0.05279428,0.24593294,-0.04494386
58,0.076553956,0.026226234,0.037267722,0.025552977,0.039286233,0.0006732568
59,1.0307559,0.30353114,0.29004654,0.22694772,0.7407093,0.076583415
60,1.1437718,0.3467472,0.37641785,0.29594576,0.7673539,0.050801426
61,0.108796224,-0.010758745,0.026521012,0.01781795,0.08227521,-0.028576694
62,1.4069403,0.39959416,0.5480324,0.40659383,0.85890794,-0.0069996715
63,0.10134344,0.12863365,0.06088191,0.039029516,0.04046153,0.08960413
64,1.0995591,0.48657778,0.5964487,0.40117505,0.50311035,0.08540273
65,0.3091353,0.099121414,0.13807964,0.09558368,0.17105564,0.0035377368
66,0.048517156,0.008970233,0.013395244,0.010658746,0.03512191,-0.001688513
67,1.292828,0.4250082,0.50110894,0.38184124,0.791719,0.043166965
68,0.1490299,0.050339233,0.05306724,0.036558647,0.09596266,0.013780586
69,-0.019435925,0.10584427,0.021758243,0.01428705,-0.04119417,0.09155722
70,1.5428879,0.41415274,0.512252,0.37896225,1.030636,0.035190493
71,0.24690408,0.12872367,0.11795885,0.0905199,0.12894523,0.03820377
72,0.687354,0.19352217,0.2521509,0.18544821,0.43520314,0.008073956
73,0.7111122,0.20468594,0.2935406,0.18832041,0.4175716,0.016365528
74,0.22299194,0.04985487,0.05618399,0.045342986,0.16680795,0.0045118853
75,0.73831904,0.18044317,0.26216897,0.19242857,0.47615007,-0.011985406
76,0.9838649,0.32953393,0.4205973,0.30140874,0.5632676,0.028125197
77,0.012321285,0.047945123,0.018079095,0.010976024,-0.0057578096,0.0369691
78,1.0668439,0.21127942,0.31865484,0.22424741,0.74818903,-0.012967989
79,0.9281524,0.19312663,0.27070725,0.1771087,0.65744513,0.016017929
80,1.1944304,0.31998685,0.50246006,0.3231763,0.6919703,-0.0031894445
81,0.0095529165,0.13333704,0.02628339,0.012227766,-0.016730474,0.12110927
82,0.8223816,0.15064675,0.20079826,0.13766193,0.62158334,0.012984812
83,0.7878426,0.29388958,0.3102407,0.22856806,0.4776019,0.06532152
84,0.9140333,0.30344877,0.38922748,0.25161612,0.5248058,0.051832646
85,1.0613286,0.21668077,0.3533218,0.24267305,0.70800686,-0.02599229
86,0.16399397,0.08444002,0.09550804,0.0635287,0.06848593,0.020911321
87,0.41066924,0.120886125,0.14885382,0.10046136,0.26181543,0.020424768
88,0.8665037,0.2011908,0.26041996,0.19783981,0.60608375,0.003350988
89,0.030179573,0.02469363,0.039864212,0.026471019,-0.009684639,-0.0017773882
90,0.9358045,0.3201668,0.32877114,0.26531836,0.6070334,0.054848433
91,0.9892563,0.2559199,0.3222027,0.22859131,0.6670536,0.027328596
92,0.1346047,0.050346382,0.039033346,0.028208658,0.09557136,0.022137724
93,0.76703423,0.21728814,0.28308973,0.19987887,0.4839445,0.017409265
94,0.90174824,0.20173481,0.39975598,0.22982223,0.5019922,-0.028087422
95,0.21481882,0.13300231,0.049418587,0.030450266,0.16540024,0.10255204
96,1.1909297,0.24816702,0.3714297,0.24871902,0.81949997,-0.0005519986
97,1.5716615,0.38421774,0.50896424,0.37858617,1.0626972,0.005631566
98,0.80448806,0.3602312,0.4231104,0.2877966,0.38137767,0.072434604
99,0.7503014,0.18580683,0.31024867,0.19246386,0.44005275,-0.006657034
100,0.36036524,0.08145678,0.090020485,0.07082447,0.27034476,0.010632314
101,0.22541736,0.07509821,0.09207097,0.062526934,0.1333464,0.012571275
102,0.10679065,-0.0024637836,0.036068976,0.023268115,0.07072167,-0.025731899
103,0.52677035,0.25399435,0.2694934,0.20171185,0.25727695,0.052282497
104,-0.050667472,0.11283555,0.008273395,0.0010897722,-0.058940865,0.111745775
105,1.0246397,0.27560863,0.3440774,0.26378947,0.6805623,0.011819154
106,0.37460062,0.05181918,0.16631342,0.0988245,0.2082872,-0.04700532
107,0.72793084,0.22789548,0.21554431,0.15467145,0.51238656,0.07322404
108,0.68908626,0.14209695,0.17351098,0.11994662,0.5155753,0.02215033
109,1.0296955,0.24124233,0.459394,0.27494612,0.57030153,-0.03370379
110,0.59142494,0.12535773,0.1322269,0.10199149,0.45919806,0.023366243
111,1.0099661,0.1648923,0.23599304,0.17112474,0.7739731,-0.0062324405
112,0.044083297,-0.048957556,0.03116791,0.015148775,0.012915388,-0.06410633
113,1.0564965,0.30260068,0.30266258,0.23618223,0.7538339,0.066418454
114,0.69695383,0.26021352,0.27962247,0.18742035,0.41733137,0.07279317
115,0.78056735,0.18013614,0.2649415,0.17992973,0.51562583,0.00020641088
116,0.27658778,0.07649542,0.09189391,0.07734894,0.18469387,-0.0008535236
117,0.6192812,0.15241183,0.19028147,0.12670277,0.42899972,0.025709063
118,0.8690272,0.30971897,0.44074917,0.33200008,0.42827803,-0.02228111
119,1.2069688,0.34921062,0.47434875,0.36013713,0.73262,-0.010926515
120,0.011226541,0.12527964,0.028107032,0.015264397,-0.01688049,0.110015236
121,0.64906174,0.18409425,0.26485276,0.16583733,0.38420898,0.018256918
122,0.7272985,0.13539213,0.21033548,0.15137193,0.516963,-0.015979797
123,1.368962,0.3401929,0.40565786,0.30487764,0.96330416,0.035315275
124,0.22758241,0.1543758,0.10423502,0.07008396,0.12334739,0.084291846
125,0.16750057,0.12971978,0.043593153,0.027019793,0.12390742,0.10269999
126,1.0259348,0.20146392,0.32291237,0.2387363,0.7030225,-0.03727238
127,0.5877469,0.186667,0.23144197,0.17508791,0.35630494,0.011579081
128,0.13469803,0.048468858,0.048149753,0.037121367,0.08654828,0.011347491
129,0.9468291,0.28586823,0.4148235,0.2870161,0.53200555,-0.0011478662
130,1.0011228,0.26240367,0.32539093,0.22467656,0.6757319,0.037727103
131,0.8117274,0.33471426,0.48044914,0.31953445,0.33127826,0.015179813
132,0.5965167,0.29615498,0.28161147,0.21287115,0.31490526,0.08328383
133,0.66813004,0.15970343,0.257936,0.18844216,0.41019404,-0.028738722
134,0.92468715,0.3283194,0.32804012,0.2134749,0.596647,0.1148445
135,0.8092709,0.21154794,0.34712425,0.20792565,0.46214667,0.0036222935
136,0.30853066,0.109170854,0.12879013,0.08460352,0.17974053,0.024567336
137,1.13564,0.19009782,0.26848146,0.18497229,0.86715853,0.0051255375
138,1.3313295,0.35416508,0.485767,0.33261093,0.84556246,0.021554142
139,1.3187836,0.48067206,0.5640621,0.42285278,0.7547215,0.057819277
140,0.2634043,0.11541404,0.091218136,0.05769112,0.17218617,0.05772292
141,0.5490575,0.22559485,0.32769778,0.20443338,0.2213597,0.021161467
142,0.0273726,-0.029881593,0.03374133,0.019010551,-0.0063687284,-0.048892144
143,1.0183523,0.1409596,0.18540889,0.13505484,0.8329434,0.005904764
144,0.43498322,0.15573949,0.17612639,0.14291635,0.25885683,0.012823135
145,0.055157073,0.054756884,0.045946687,0.037712824,0.009210385,0.01704406
146,0.26739067,0.09967926,0.12905544,0.09849018,0.13833523,0.0011890829
147,0.270067,0.07802348,0.113076545,0.077370375,0.15699047,0.000653103
148,0.6884181,0.18822479,0.20488772,0.14655475,0.48353037,0.04167004
149,0.8803422,0.21356715,0.2849874,0.19840579,0.5953548,0.015161365
150,1.0767517,0.23203817,0.37946677,0.23924646,0.69728494,-0.0072082877
151,0.87032884,0.18831402,0.271374,0.21130966,0.59895486,-0.022995636
152,0.98561615,0.2102823,0.2765391,0.20632234,0.70907706,0.003959954
153,0.7253979,0.17136602,0.25604564,0.18523109,0.46935225,-0.013865069
154,1.1188507,0.34749886,0.49187225,0.368678,0.62697846,-0.02117914
155,0.2771919,0.106230654,0.101268984,0.077637255,0.17592293,0.028593399
156,0.060253493,0.03657033,0.034336284,0.022088062,0.02591721,0.014482267
157,0.8235899,0.28255755,0.3748387,0.28006315,0.4487512,0.0024943948
158,0.75183606,0.25913563,0.30950442,0.23233709,0.44233164,0.026798546
159,0.76923084,0.4059238,0.4992044,0.40592948,0.27002645,-5.6624413e-06
160,1.2644182,0.4972058,0.65689224,0.48707187,0.607526,0.010133922
161,0.9288806,0.29224274,0.39060208,0.2895322,0.53827846,0.0027105212
162,1.0808061,0.27931836,0.43174538,0.26870978,0.6490607,0.010608584
163,0.98021454,0.16166878,0.25265843,0.17988926,0.7275561,-0.018220484
164,0.0022622347,0.14577085,0.05343266,0.03317182,-0.051170424,0.11259903
165,1.0510808,0.20113376,0.29473317,0.21704695,0.75634766,-0.015913188
166,1.1360393,0.38314977,0.5036303,0.36930597,0.632409,0.013843805
167,0.6513994,0.15074055,0.19275653,0.13885887,0.45864284,0.011881679
168,1.0766528,0.40795085,0.4872799,0.34040877,0.5893729,0.067542076
169,0.19852479,0.14979061,0.10142956,0.067479305,0.09709523,0.08231131
170,1.0449677,0.22794007,0.248885,0.19629893,0.7960826,0.03164114
171,0.27969426,0.12484988,0.05634727,0.03839773,0.223347,0.08645215
172,0.8842271,0.2558224,0.28306603,0.20116436,0.60116106,0.054658026
173,0.015551195,-0.038124394,0.023436826,0.013712922,-0.007885631,-0.051837318
174,1.0838131,0.29666886,0.4521106,0.30652153,0.6317025,-0.009852678
175,0.48213524,0.10676805,0.15694648,0.104115285,0.32518876,0.0026527643
176,0.29293993,0.11213879,0.096608095,0.06869317,0.19633183,0.043445624
177,0.2976285,0.027395478,0.06555991,0.04586094,0.23206858,-0.018465461
178,0.208071,0.011247023,0.0482511,0.03857464,0.1598199,-0.027327616
179,0.9165093,0.23957781,0.32059875,0.23731394,0.59591055,0.0022638738
180,1.1604022,0.30255985,0.39255765,0.2904972,0.76784456,0.012062639
181,0.94044775,0.117189705,0.18617682,0.1378963,0.7542709,-0.020706594
182,1.2442504,0.21167363,0.41949287,0.25927046,0.8247576,-0.047596827
183,0.8206475,0.12763464,0.20232475,0.14428237,0.61832273,-0.016647726
184,0.12572315,0.07132628,0.11654268,0.07646932,0.009180471,-0.005143039
185,0.22279717,-0.0040228935,0.05303682,0.03202804,0.16976035,-0.036050934
186,1.3762156,0.32506827,0.33587277,0.24550119,1.0403428,0.079567075
187,1.365642,0.2694236,0.46113446,0.29335758,0.9045075,-0.023933977
188,0.8360218,0.38143566,0.4985815,0.36815825,0.33744028,0.013277411
189,1.1554303,0.2530461,0.3687987,0.24480665,0.7866316,0.008239448
190,0.7475291,0.3142831,0.3892192,0.2789486,0.3583099,0.035334498
191,0.34358433,0.097583525,0.11409855,0.07195537,0.22948578,0.025628157
192,1.0652546,0.29042324,0.34037006,0.24241275,0.7248845,0.0480105
193,0.86893266,0.22706637,0.32058108,0.21042454,0.5483516,0.016641825
194,0.7404979,0.09184051,0.15200585,0.09271587,0.58849204,-0.0008753538
195,0.10155738,-0.00081412226,0.08758506,0.051730953,0.01397232,-0.052545074
196,0.7272601,0.13819489,0.21678495,0.14207777,0.51047516,-0.003882885
197,0.44841754,0.12370608,0.15462191,0.09748041,0.29379565,0.026225671
198,0.9982635,0.24970354,0.36865863,0.22719245,0.6296048,0.022511095
199,0.062220354,0.082956105,0.08446952,0.06420088,-0.022249166,0.018755227
200,0.11609717,-0.005347995,0.0838554,0.04528798,0.03224177,-0.05063598
201,0.5835748,0.1418865,0.18251309,0.112622015,0.40106168,0.029264487
202,0.2749189,0.0790574,0.09635458,0.07394591,0.17856434,0.005111493
203,0.41225505,0.08376966,0.13894004,0.09139977,0.273315,-0.00763011
204,1.0580572,0.32078078,0.48696563,0.33834067,0.57109153,-0.017559886
205,0.95658153,0.20777407,0.32812953,0.24277823,0.628452,-0.035004154
206,0.8340862,0.15104254,0.19188847,0.1312301,0.6421977,0.019812435
207,0.57847667,0.1145871,0.17403582,0.13282663,0.40444085,-0.018239528
208,0.8168794,0.11068783,0.20858811,0.12119946,0.60829127,-0.010511629
209,1.0276101,0.20463513,0.28732547,0.19127586,0.74028456,0.013359264
210,0.75359344,0.10633724,0.17254585,0.10724149,0.5810476,-0.00090424716
211,1.061456,0.13509142,0.19247502,0.14184386,0.86898094,-0.0067524314
212,0.0008614654,0.13175996,0.008267286,0.001135433,-0.007405821,0.13062452
213,1.1010017,0.21145761,0.24119127,0.1866848,0.8598105,0.024772808
214,0.6408303,0.219922,0.21283062,0.15417193,0.42799968,0.06575008
215,0.28886014,0.014999903,0.078734584,0.053854875,0.21012557,-0.03885497
216,0.83159226,0.22464764,0.27326703,0.19424158,0.55832523,0.030406058
217,0.62854534,0.14991964,0.22561729,0.15286708,0.40292805,-0.0029474348
218,0.10957585,0.09310232,0.062583424,0.042423934,0.04699243,0.050678387
219,0.7520433,0.14241694,0.21327429,0.16065207,0.538769,-0.018235132
220,0.32698533,0.07729267,0.12728101,0.09884817,0.19970432,-0.021555498
221,0.90210086,0.24819554,0.3244949,0.22197531,0.57760596,0.026220232
222,0.71782446,0.19395022,0.28496608,0.20601796,0.43285838,-0.012067735
223,0.670867,0.22068587,0.28969884,0.20572655,0.3811682,0.01495932
224,1.1520804,0.5058219,0.64996004,0.5138338,0.5021204,-0.008011937
225,0.3063406,0.13467215,0.07400335,0.058430105,0.23233725,0.076242045
226,0.17696558,0.050269976,0.10063935,0.062341645,0.07632623,-0.012071669
227,1.055877,0.17702097,0.277171,0.18451641,0.77870595,-0.007495448
228,0.88012266,0.36340612,0.41974422,0.30170053,0.46037844,0.06170559
229,0.15702826,0.017792786,0.06346292,0.041218832,0.09356534,-0.023426047
230,0.836023,0.27137664,0.42870218,0.28605637,0.4073208,-0.01467973
231,0.09450203,0.026849998,0.078805566,0.04970609,0.015696466,-0.022856092
232,0.6817506,0.08557163,0.15793589,0.104648344,0.5238147,-0.019076712
233,0.40647003,0.062398996,0.09874888,0.06468078,0.30772114,-0.0022817813
234,1.1395538,0.22646356,0.39663395,0.25733125,0.7429198,-0.030867696
235,0.42225298,0.18203612,0.14760858,0.10983494,0.2746444,0.07220118
236,0.14939122,0.056839123,0.0683815,0.047305282,0.081009716,0.009533841
237,0.3513863,0.09158832,0.10696836,0.07177204,0.24441795,0.01981628
238,1.4026433,0.14268251,0.20100512,0.14005002,1.2016382,0.0026324838
239,0.85292125,0.16170876,0.20714937,0.14780615,0.64577186,0.013902605
240,0.875747,0.3012631,0.4307387,0.29134887,0.44500834,0.009914219
241,0.8358557,0.176133,0.26523063,0.17101549,0.57062507,0.0051175207
242,0.80650955,0.17128697,0.2106364,0.13929187,0.5958731,0.031995103
243,1.0642935,0.14089401,0.2741931,0.16692144,0.7901004,-0.026027426
244,0.16961022,0.099163756,0.04256053,0.03366678,0.12704968,0.06549698
245,0.7188402,0.2722652,0.39685452,0.29272217,0.32198566,-0.02045697
246,0.82446533,0.16288881,0.23672861,0.16662292,0.5877367,-0.0037341118
247,1.0615523,0.49701923,0.5623093,0.4208886,0.49924296,0.07613063
248,1.0206316,0.2529686,0.2960136,0.22260042,0.72461796,0.030368194
249,0.9819713,0.24571024,0.30774263,0.21774688,0.67422867,0.027963355
250,0.0873848,0.033138786,0.032641724,0.022979904,0.054743074,0.010158882
251,0.13392125,0.023357164,0.08462307,0.061720625,0.049298182,-0.03836346
252,0.15798068,-0.020804903,0.041351505,0.022829646,0.116629176,-0.04363455
253,0.9627902,0.27236906,0.3396715,0.24808435,0.6231187,0.024284706
254,0.10194473,0.051906858,0.041089345,0.033951618,0.060855385,0.01795524
255,0.76798403,0.19316015,0.25366485,0.1963978,0.5143192,-0.0032376498
256,0.18416521,0.055686533,0.14318441,0.10154427,0.0409808,-0.045857735
257,0.42315096,0.11109841,0.093924634,0.07005968,0.32922632,0.04103873
258,0.062492814,-0.0002665135,0.050888453,0.036137916,0.011604361,-0.03640443
259,1.2089244,0.31212348,0.3876863,0.28449178,0.8212381,0.0276317
260,0.37413567,0.031753432,0.10271512,0.06303969,0.27142054,-0.03128626
261,0.1791097,0.037386395,0.05927692,0.038117215,0.11983277,-0.00073082
262,0.049326945,0.013864538,0.0075509544,0.003626572,0.04177599,0.010237966
263,0.99778694,0.20743194,0.2389358,0.17473818,0.7588512,0.03269376
264,1.0298519,0.2977395,0.44500497,0.30702168,0.584847,-0.009282172
265,1.2744387,0.2555926,0.37765735,0.2622432,0.8967814,-0.006650597
266,0.90561193,0.20418333,0.31938422,0.21033852,0.5862277,-0.006155193
267,1.2006414,0.29932037,0.5001659,0.3350728,0.7004755,-0.035752416
268,0.9335649,0.29062954,0.38903922,0.2906904,0.5445257,-6.0856342e-05
269,0.74876237,0.2265107,0.25325397,0.19524986,0.4955084,0.031260848
270,0.18866922,0.09442138,0.08859112,0.06887332,0.1000781,0.025548056
271,0.09079657,0.09003673,0.043019675,0.031322848,0.047776893,0.05871388
272,0.8528697,0.15585479,0.21039017,0.1451138,0.64247954,0.010740995
273,0.9831401,0.17186208,0.24741185,0.16669425,0.73572826,0.005167827
274,0.73762757,0.19153173,0.23125623,0.16654837,0.5063713,0.024983361
275,0.049782295,-0.00833795,0.051751908,0.036222555,-0.0019696131,-0.044560507
276,0.107536316,0.01775745,0.023844892,0.016830873,0.083691426,0.00092657655
277,1.083212,0.11495857,0.14939919,0.10793407,0.93381286,0.007024497
278,-0.0047296854,0.121202976,0.015765343,0.006663133,-0.020495027,0.11453984
279,0.25673053,0.1426316,0.09582522,0.072175786,0.1609053,0.07045582
280,0.6300899,0.08394394,0.1376955,0.08816817,0.4923944,-0.004224226
281,0.7873061,0.2150248,0.25110736,0.16689114,0.53619874,0.048133656
282,0.03181219,0.1311697,0.0299718,0.016260294,0.0018403903,0.11490941
283,0.9413368,0.14251298,0.23864692,0.16158736,0.7026899,-0.01907438
284,0.79284275,0.14701836,0.22141485,0.14334808,0.5714279,0.0036702752
285,0.672126,0.16171113,0.21768619,0.16813603,0.45443982,-0.006424904
286,0.1260713,0.15080608,0.061997928,0.03874856,0.06407338,0.11205752
287,1.0274551,0.22030899,0.252448,0.182143,0.7750071,0.038165987
288,0.6597717,0.18697754,0.24794012,0.16913661,0.41183156,0.017840922
289,0.021583242,0.038601797,0.03926956,0.027998786,-0.017686317,0.010603011
290,1.2256329,0.27333325,0.41633138,0.30669194,0.8093015,-0.033358693
291,0.8479132,0.22892709,0.35938168,0.2506114,0.48853153,-0.021684304
292,0.87000483,0.14795916,0.20768338,0.13998708,0.66232145,0.007972077
293,1.1295574,0.18033923,0.28312027,0.16594595,0.8464371,0.014393285
294,0.4189776,0.12177599,0.17698492,0.11196226,0.24199267,0.009813733
295,0.75189245,0.22712342,0.33954597,0.23593932,0.41234648,-0.0088158995
296,0.77003145,0.22935052,0.2715963,0.17965911,0.49843514,0.04969141
297,0.72274655,0.22336529,0.27473468,0.1889572,0.44801188,0.034408092
298,0.1720332,0.044173434,0.028418362,0.022303043,0.14361484,0.021870391
299,0.15133518,0.032918498,0.086880066,0.061762653,0.064455114,-0.028844155
300,0.7443285,0.18006784,0.18862103,0.13148147,0.55570745,0.04858637
301,1.1798259,0.30399254,0.43741181,0.30872533,0.7424141,-0.0047327876
302,0.7818753,0.26616603,0.3551281,0.25432456,0.4267472,0.011841476
303,0.5950693,0.16872378,0.28836071,0.19761711,0.30670857,-0.028893337
304,0.46881953,0.14000714,0.1573227,0.116966285,0.31149682,0.023040853
305,0.9512316,0.33337855,0.48574674,0.3324518,0.46548486,0.0009267628
306,0.6386049,0.29830304,0.36969703,0.24729817,0.26890785,0.05100487
307,0.83478594,0.14645968,0.17411117,0.13157263,0.66067475,0.01488705
308,1.0976261,0.3248911,0.30867302,0.19817215,0.78895307,0.12671894
309,0.4880238,0.24600443,0.20814703,0.1407051,0.27987677,0.10529934
310,0.08246942,0.04768952,0.04289257,0.037495803,0.039576847,0.010193717
311,0.89312595,0.11936546,0.16143215,0.111611456,0.7316938,0.0077540055
312,0.14921448,0.0097759785,0.02718325,0.017554048,0.12203123,-0.00777807
313,0.7981332,0.20536399,0.2959737,0.2003359,0.5021595,0.005028084
314,0.26139736,0.027863936,0.08974187,0.066340476,0.17165549,-0.03847654
315,0.16820498,0.03655286,0.052744985,0.036415078,0.11545999,0.00013778359
316,0.068757765,0.035819665,0.028816698,0.019494977,0.039941065,0.016324688
317,0.85636306,0.32210773,0.3359134,0.2428257,0.52044964,0.07928203
318,0.11185166,0.037712485,0.056945644,0.046178695,0.054906018,-0.00846621
319,0.19999704,0.08181679,0.05783184,0.041702185,0.1421652,0.040114608
320,1.2335241,0.3534833,0.45130128,0.3399082,0.7822228,0.013575077
321,0.7185437,0.13682348,0.1770471,0.13732842,0.54149663,-0.00050494075
322,0.35511705,0.058167685,0.065091245,0.041026257,0.2900258,0.017141428
323,0.48051646,0.15446799,0.14731683,0.104560725,0.33319962,0.04990726
324,0.01331239,0.012357438,0.02837921,0.019017415,-0.015066819,-0.006659977
325,0.22346653,0.052117493,0.09683678,0.069949344,0.12662974,-0.01783185
326,0.5026463,0.15358977,0.14641514,0.1008137,0.35623118,0.05277607
327,0.55502146,0.15032843,0.16476731,0.11757289,0.39025414,0.03275554
328,0.18180443,0.06863063,0.049888708,0.036847983,0.13191572,0.031782646
329,1.196615,0.21813674,0.3510985,0.2438022,0.84551644,-0.025665462
330,-0.029574165,0.14008868,0.0073707527,0.004230345,-0.03694492,0.13585833
331,0.43649027,0.20160358,0.08047782,0.063435994,0.35601246,0.13816759
332,0.13351007,0.08816365,0.04986541,0.035289615,0.08364466,0.052874036
333,0.47534886,0.1818046,0.11081889,0.08580476,0.36452997,0.09599984
334,-0.027431587,0.10777183,0.0097072255,0.003013941,-0.037138812,0.10475789
335,1.274747,0.2561641,0.39215955,0.28367874,0.88258743,-0.027514637
336,0.78089875,0.2057423,0.27245,0.17242672,0.5084487,0.033315584
337,0.68763644,0.2423959,0.24753514,0.17695484,0.4401013,0.06544106
338,0.40899307,0.11410995,0.1066915,0.08246935,0.30230156,0.031640597
339,0.14120725,0.051225252,0.056701247,0.041548677,0.084506005,0.009676576
340,0.32991531,0.07084894,0.107219435,0.08016314,0.22269589,-0.009314202
341,0.2666282,0.11241965,0.104127094,0.074362546,0.16250111,0.038057104
342,0.7083612,0.20022093,0.2547378,0.19388306,0.4536234,0.006337866
343,0.517524,0.09024254,0.13308744,0.08081707,0.38443655,0.009425469
344,0.44279546,0.17835712,0.14852652,0.11318034,0.29426894,0.065176785
345,0.7461609,0.15775636,0.20335804,0.15128876,0.5428029,0.0064675957
346,0.7672595,0.20782004,0.33196396,0.24631059,0.43529552,-0.03849055
347,0.4341813,0.059718885,0.17014818,0.11262264,0.26403314,-0.052903756
348,0.42388293,0.1067978,0.110409975,0.08427593,0.31347296,0.022521868
349,0.39882538,0.10141609,0.11619796,0.073563874,0.2826274,0.027852215
350,0.12932126,0.010949528,0.06194636,0.044612087,0.0673749,-0.033662558
351,1.6926571,0.44054553,0.6135372,0.39523897,1.0791199,0.045306563
352,0.8020089,0.24724247,0.20989597,0.15448327,0.59211296,0.09275919
353,0.8374624,0.23838311,0.39619252,0.2786503,0.4412699,-0.0402672
354,0.36050224,0.13010854,0.17691244,0.1296392,0.1835898,0.00046934187
355,0.8006786,0.1429684,0.18522102,0.13810998,0.6154576,0.0048584193
356,1.133174,0.30117393,0.31367627,0.22610794,0.8194977,0.075065985
357,0.6604508,0.16703261,0.24753124,0.18731691,0.41291958,-0.020284295
358,0.86967516,0.13755092,0.2531854,0.18000574,0.61648977,-0.042454824
359,0.11173591,-0.013470481,0.029418988,0.018522775,0.08231692,-0.031993255
360,1.0454049,0.23547058,0.3411356,0.2364621,0.7042693,-0.0009915233
361,0.07406843,-0.0043994826,0.061014496,0.04136062,0.013053931,-0.045760103
362,1.2138021,0.20773414,0.25698864,0.20446874,0.95681345,0.0032653958
363,0.89446706,0.1842875,0.25175336,0.17443042,0.64271367,0.009857088
364,0.51191807,0.13557865,0.13612147,0.10062976,0.37579662,0.034948885
365,0.7016354,0.25270152,0.32158294,0.24336156,0.38005248,0.009339958
366,0.96056217,0.17517802,0.28302395,0.18860592,0.6775382,-0.013427898
367,0.93153167,0.16605715,0.22834083,0.1709015,0.7031908,-0.0048443526
368,0.7330452,0.12162921,0.20116545,0.11795744,0.5318798,0.0036717653
369,0.09681352,0.053397212,0.047686912,0.03153739,0.04912661,0.021859821
370,0.6369567,0.29071948,0.27007943,0.19555384,0.36687726,0.09516564
371,0.94027394,0.31469434,0.40408042,0.29321328,0.5361935,0.021481067
372,0.80915,0.1920784,0.29146332,0.21550347,0.51768667,-0.023425072
373,0.7622744,0.129387,0.1993642,0.13553758,0.5629102,-0.0061505735
374,-0.0035066877,0.2309839,0.02709325,0.019829987,-0.030599939,0.21115391
375,0.8483584,0.20120937,0.25276086,0.18097086,0.5955975,0.020238504
376,0.9053608,0.17386816,0.22465473,0.16748402,0.6807061,0.006384149
377,1.0471228,0.29510236,0.32753372,0.24251358,0.7195891,0.052588776
378,0.14373001,0.033993114,0.08264818,0.043395225,0.061081834,-0.009402111
379,0.7126014,0.16365208,0.2575253,0.18603726,0.45507613,-0.02238518
380,0.8814362,0.33558002,0.44863147,0.2856311,0.43280476,0.04994893
381,0.6038735,0.24319683,0.29448178,0.2051184,0.3093917,0.038078427
382,0.13056393,0.054947495,0.054604005,0.0376507,0.07595992,0.017296795
383,1.1198703,0.2286615,0.38120502,0.24925223,0.7386653,-0.020590723
384,0.7435956,0.17992613,0.24417754,0.18291119,0.49941808,-0.0029850602
385,0.92927086,0.1807731,0.16903487,0.120824106,0.760236,0.05994899
386,0.8598192,0.10649984,0.2339895,0.14452146,0.6258297,-0.038021617
387,0.40742928,0.19481295,0.24825995,0.15883964,0.15916933,0.03597331
388,0.84154344,0.15100798,0.24142332,0.15820669,0.6001201,-0.0071987063
389,0.06475196,0.0061816066,0.049219977,0.033298858,0.015531983,-0.02711725
390,0.9406055,0.2150974,0.30475757,0.22474596,0.6358479,-0.0096485615
391,0.12841313,0.09925911,0.032970425,0.022939282,0.0954427,0.07631983
392,0.28618127,0.12786952,0.1051318,0.07931155,0.18104947,0.048557967
393,0.23035602,0.055022504,0.036985938,0.026547575,0.19337009,0.028474929
394,0.11580628,0.031059826,0.031237852,0.02179186,0.084568426,0.009267965
395,0.21685435,0.0775754,0.06251281,0.047715295,0.15434155,0.029860105
396,0.8500796,0.2613552,0.35761562,0.26279128,0.49246398,-0.0014360845
397,0.76225704,0.12906787,0.18476331,0.12648778,0.5774937,0.0025800914
398,0.100155786,-0.029735018,0.035130877,0.023881122,0.06502491,-0.05361614
399,0.5744238,0.24747561,0.28925428,0.21676636,0.2851695,0.030709252
400,0.8058266,0.21594574,0.28613204,0.2155161,0.51969457,0.00042963028
401,0.96850425,0.15801966,0.1923641,0.14137869,0.77614015,0.016640976
402,1.1353635,0.13421911,0.23783451,0.15852056,0.89752895,-0.024301454
403,0.5959745,0.21311995,0.2233544,0.16255626,0.3726201,0.050563693
404,0.64838004,0.13235512,0.26181915,0.16380343,0.3865609,-0.031448305
405,1.3038752,0.3080757,0.50175685,0.36309925,0.80211836,-0.05502355
406,0.4753859,0.09483729,0.11337543,0.0766842,0.36201048,0.018153094
407,0.2201133,0.05792026,0.07082891,0.05405462,0.1492844,0.003865637
408,0.44707647,0.20486861,0.23417331,0.17122328,0.21290316,0.03364533
409,0.3604845,0.1462938,0.14473835,0.09766431,0.21574616,0.048629493
410,0.8315841,0.30027407,0.36316228,0.27385968,0.46842182,0.026414394
411,0.55912596,0.18108338,0.276909,0.19482872,0.28221697,-0.013745338
412,0.122005455,0.09217659,0.064757936,0.043921515,0.05724752,0.04825507
413,0.12471445,0.057553437,0.061304126,0.05045147,0.06341033,0.007101968
414,0.09427264,0.15428567,0.04615958,0.035820384,0.048113063,0.11846529
415,0.51022065,0.15441135,0.17816201,0.13380896,0.33205864,0.02060239
416,0.07623596,0.024050975,0.07258051,0.045121726,0.0036554486,-0.02107075
417,0.104289554,0.055646826,0.051078472,0.036809538,0.05321108,0.018837288
418,0.67499864,0.13248922,0.17755827,0.12920243,0.49744037,0.0032867938
419,0.17189272,-0.021247433,0.053994708,0.028567694,0.11789801,-0.049815126
420,-0.00010424059,0.020548744,0.009407226,0.009645599,-0.009511466,0.010903145
421,-0.03516618,-0.023463577,0.01679618,0.011190406,-0.05196236,-0.034653984
422,0.766363,0.19013408,0.2217649,0.16379379,0.5445981,0.02634029
423,0.7169808,0.19738403,0.2689073,0.18227373,0.4480735,0.015110299
424,0.18414147,0.048311368,0.058246154,0.045812357,0.12589532,0.0024990104
425,0.56258494,0.17368753,0.18650268,0.12901667,0.37608224,0.044670865
426,0.013715628,0.01001402,0.0442826,0.023471685,-0.030566972,-0.013457665
427,0.13446376,0.09171759,0.09344633,0.06592245,0.041017428,0.025795147
428,0.26333553,0.062201045,0.09251679,0.0658757,0.17081875,-0.0036746562
429,1.1708392,0.29957062,0.3957036,0.29917824,0.7751356,0.00039237738
430,0.07504389,0.030621532,0.042522315,0.032387115,0.032521572,-0.0017655827
431,0.6397507,0.16334684,0.2441025,0.16530935,0.39564824,-0.0019625127
432,0.5318808,0.16408812,0.25663713,0.17479002,0.27524367,-0.01070191
433,0.05206407,0.033833284,0.03794733,0.02423094,0.014116738,0.009602344
434,0.6024865,0.10071017,0.14513412,0.09408252,0.45735237,0.006627649
435,-0.02572893,-0.057739273,0.005819105,0.0019151509,-0.031548034,-0.059654422
436,0.11365692,0.08391203,0.06682616,0.050029956,0.046830766,0.033882074
437,0.12415261,0.052175928,0.060627636,0.0426452,0.06352498,0.009530727
438,0.13104089,0.1352403,0.041736003,0.020855717,0.08930488,0.114384584
439,1.13792,0.12386771,0.20971641,0.13165583,0.9282036,-0.0077881142
440,0.92833054,0.17773202,0.25847548,0.19330795,0.66985506,-0.0155759305
441,0.052095372,0.06650664,0.060278352,0.046453457,-0.00818298,0.020053182
442,0.4910878,0.24403916,0.2245738,0.17663006,0.266514,0.0674091
443,0.89936435,0.37053087,0.4581919,0.32929966,0.44117245,0.041231215
444,0.94323695,0.25632083,0.37933782,0.25868422,0.56389916,-0.0023633838
445,1.2947618,0.24998225,0.42935908,0.29837635,0.8654027,-0.0483941
446,0.24904941,0.0476092,0.04950283,0.03644767,0.19954658,0.0111615285
447,0.7860978,0.11241045,0.14098303,0.10217329,0.6451148,0.010237157
448,0.047244553,0.04117893,0.036874644,0.02687227,0.010369908,0.014306661
449,0.12876281,-0.041956227,0.0676904,0.043057073,0.06107241,-0.0850133
450,0.21712264,0.05657272,0.055879306,0.038982138,0.16124333,0.017590582
451,0.65230465,0.1390433,0.15385568,0.11151525,0.49844897,0.027528055
452,0.5042817,0.16300344,0.21012981,0.1446873,0.2941519,0.01831615
453,1.0179275,0.18082012,0.2188395,0.16566247,0.799088,0.015157655
454,0.96271425,0.19079217,0.2951898,0.22141449,0.66752446,-0.030622318
455,0.9170619,0.32021004,0.39066896,0.28884655,0.52639294,0.031363487
456,0.19419394,0.043436628,0.038760997,0.028494436,0.15543294,0.014942192
457,0.87913966,0.28914726,0.38527557,0.26835296,0.4938641,0.020794302
458,0.940223,0.2925379,0.36558846,0.26591998,0.57463455,0.026617914
459,0.5580605,0.13037857,0.13846976,0.09763943,0.41959077,0.032739148
460,0.1048748,0.03192298,0.021999931,0.015624092,0.082874864,0.01629889
461,1.29383,0.25510976,0.3964635,0.2652203,0.8973665,-0.010110557
462,0.14467447,0.05465361,0.06766104,0.04813697,0.077013426,0.006516643
463,1.160471,0.36828306,0.5186733,0.38592967,0.64179766,-0.01764661
464,0.6443129,0.2287855,0.27431375,0.21690911,0.36999917,0.011876389
465,0.13619414,0.11816576,0.050509408,0.033859573,0.08568473,0.08430619
466,0.99780524,0.41173995,0.5792104,0.42552036,0.41859484,-0.013780415
467,0.055706203,0.12701392,0.067061365,0.03964423,-0.011355162,0.087369695
468,1.0955108,0.1348202,0.33165023,0.18090536,0.7638606,-0.046085164
469,0.7641051,0.1527917,0.21590184,0.15576002,0.54820323,-0.0029683262
470,0.13368492,0.06025627,0.06549423,0.039820086,0.06819069,0.020436183
471,0.20000657,0.06004842,0.07748121,0.050182864,0.122525364,0.009865556
472,0.7320571,0.18785204,0.24736565,0.17047673,0.48469144,0.017375305
473,1.0636533,0.17490157,0.31335256,0.19885494,0.75030077,-0.023953363
474,0.7978137,0.18676482,0.2189009,0.14969979,0.5789128,0.03706503
475,0.15181632,0.042397644,0.049191486,0.036740206,0.10262483,0.005657438
476,0.012438864,0.022674311,0.026869243,0.020272007,-0.014430379,0.0024023037
477,0.06847439,-0.009306865,0.045157757,0.031253837,0.023316633,-0.0405607
478,0.59935033,0.15566234,0.19123338,0.14861861,0.40811694,0.007043734
479,0.0216082,-0.05721462,0.01141465,0.004685854,0.01019355,-0.061900474
480,1.2285995,0.2912738,0.38204393,0.27102956,0.8465556,0.02024424
481,0.81384665,0.20652315,0.25575662,0.18962374,0.55809003,0.016899407
482,0.9049676,0.24941851,0.38954076,0.2710133,0.5154269,-0.021594778
483,0.13084565,0.0021838143,0.030531192,0.0203385,0.10031446,-0.018154686
484,0.9815113,0.3564449,0.37315086,0.2756757,0.6083604,0.08076918
485,0.994914,0.12593631,0.19885519,0.13473445,0.7960588,-0.008798137
486,0.020837203,-0.016923161,0.020599969,0.011006803,0.00023723394,-0.027929965
487,0.91857994,0.20661049,0.2652005,0.17072512,0.65337944,0.035885364
488,0.03820303,0.049887694,0.018263577,0.01414319,0.019939454,0.035744503
489,0.8467965,0.17045012,0.21861616,0.15795839,0.6281804,0.012491733
490,-0.017589,0.12388612,0.0503594,0.03416275,-0.0679484,0.08972338
491,0.27887347,0.06708365,0.12542066,0.07852195,0.15345281,-0.011438303
492,0.2602906,0.08972928,0.13435298,0.09152603,0.12593761,-0.0017967522
493,0.051350925,0.0015668424,0.033647105,0.026325695,0.01770382,-0.024758853
494,0.17837243,0.049581416,0.04782816,0.031008136,0.13054428,0.01857328
495,0.7531005,0.25480974,0.37023112,0.2599303,0.3828694,-0.0051205754
496,0.18584745,0.100132585,0.08189867,0.06483811,0.10394878,0.035294473
497,1.1280835,0.46489593,0.57551306,0.37311938,0.5525704,0.09177655
498,0.029878087,0.19961375,0.053187773,0.037633218,-0.023309685,0.16198054
499,0.86499983,0.36432165,0.41948348,0.30297217,0.44551635,0.06134948
500,0.3484912,0.089462936,0.17626877,0.111575745,0.17222242,-0.02211281
501,0.78718925,0.15082484,0.2912656,0.17940529,0.49592364,-0.028580442
502,0.3381129,0.13892622,0.068742834,0.045054622,0.26937005,0.0938716
503,0.8383343,0.18008871,0.23490763,0.1709339,0.6034267,0.0091548115
504,0.07587073,-0.0049624243,0.039639395,0.021198485,0.036231335,-0.026160909
505,0.7339934,0.28103778,0.3743402,0.29542857,0.3596532,-0.014390796
506,0.15509608,0.069798574,0.052825127,0.03910555,0.10227096,0.030693024
507,0.06808061,0.13903257,0.04471545,0.037576493,0.023365162,0.101456076
508,0.031241195,0.027459294,0.03028324,0.021893095,0.0009579547,0.0055661984
509,0.08772431,0.08780881,0.014409985,0.009953345,0.073314324,0.07785547
510,1.1411972,0.3549923,0.51480657,0.35552657,0.62639064,-0.00053426623
511,0.8609626,0.14457183,0.23802353,0.16952139,0.6229391,-0.024949566
512,-0.009288337,0.19697599,0.050074983,0.020262051,-0.05936332,0.17671394
513,0.30591536,0.023476789,0.0760915,0.052364554,0.22982386,-0.028887765
514,1.2251469,0.62372833,0.77059686,0.6129884,0.45455003,0.0107399225
515,0.87078977,0.24769892,0.34648135,0.26034096,0.52430844,-0.012642041
516,0.95029134,0.28397623,0.3793238,0.26509276,0.57096756,0.018883467
517,0.00030080014,0.05147275,0.01544329,0.016108561,-0.015142489,0.03536419
518,0.7028713,0.22277147,0.34291986,0.24237919,0.35995147,-0.019607723
519,0.34919944,0.073832385,0.09546845,0.0693315,0.253731,0.0045008883
520,0.9975394,0.35712606,0.41074097,0.28526598,0.5867984,0.071860075
521,0.09680086,0.01705345,0.08489101,0.055979732,0.01190985,-0.03892628
522,0.89302224,0.1936565,0.26639917,0.16419014,0.62662303,0.02946636
523,1.2709429,0.33581963,0.39078587,0.27052876,0.88015705,0.06529087
524,0.047018263,-0.012504993,0.039748963,0.024386488,0.0072693005,-0.036891483
525,0.49855936,0.082311995,0.18034692,0.13746157,0.31821245,-0.055149578
526,0.94970256,0.18229511,0.24244283,0.17600283,0.7072597,0.0062922835
527,0.40841135,0.21028425,0.15152077,0.11182064,0.2568906,0.09846361
528,0.09318275,0.03849002,0.028436854,0.02144423,0.064745896,0.01704579
529,0.52029353,0.112763,0.16701739,0.12025776,0.35327613,-0.007494755
530,0.7672494,0.24403238,0.2978787,0.23137462,0.4693707,0.012657762
531,0.16785157,0.018211622,0.080715515,0.058251567,0.08713605,-0.040039945
532,1.3790696,0.21814354,0.5218669,0.32925004,0.85720265,-0.1111065
533,0.9116238,0.34484226,0.52161163,0.33865693,0.39001215,0.006185323
534,0.8844734,0.14667057,0.1940183,0.14895293,0.6904551,-0.0022823662
535,0.7939594,0.32731846,0.3560173,0.23336014,0.4379421,0.09395832
536,0.7008998,0.2889543,0.40166968,0.264271,0.2992301,0.024683297
537,0.5106553,0.15116492,0.17066303,0.11906765,0.33999225,0.032097273
538,0.84182405,0.2411147,0.28918183,0.2095709,0.5526422,0.031543806
539,0.10373377,0.11732125,0.05193489,0.032720827,0.05179888,0.084600426
540,0.7714628,0.15884987,0.21178856,0.14869118,0.55967426,0.010158688
541,1.2640411,0.3211015,0.46064034,0.3376314,0.80340075,-0.016529918
542,1.0501727,0.17249675,0.2974189,0.18531658,0.7527538,-0.012819827
543,0.16928066,0.027619442,0.032582156,0.02292781,0.13669851,0.0046916325
544,0.73478943,0.21380228,0.22732723,0.1650332,0.5074622,0.04876907
545,1.5007149,0.3005139,0.49259508,0.3471398,1.0081198,-0.046625912
546,0.08541404,0.0017313167,0.04595574,0.029847426,0.039458297,-0.028116109
547,1.0789291,0.17458321,0.23468515,0.1510331,0.8442439,0.023550108
548,0.31886214,0.069286086,0.11808255,0.083610356,0.20077959,-0.01432427
549,0.039034944,-0.019827038,0.017935278,0.012161374,0.021099666,-0.031988412
550,0.8633223,0.28934187,0.35776138,0.26952535,0.50556093,0.019816518
551,0.82698566,0.14292695,0.18907145,0.13562594,0.6379142,0.0073010027
552,0.102579646,0.10649777,0.045733012,0.027388167,0.056846634,0.07910961
553,0.60185784,0.13318491,0.1811278,0.12354515,0.42073005,0.009639762
554,0.06623041,-0.020008452,0.036615677,0.019825378,0.029614732,-0.03983383
555,0.29654264,0.15677649,0.14723782,0.09445796,0.14930482,0.062318526
556,0.8330824,0.22230393,0.35726523,0.23649153,0.47581714,-0.014187604
557,0.05837866,0.06284959,0.053386446,0.03801626,0.004992213,0.024833329
558,0.7577956,0.27133605,0.37065387,0.26009837,0.3871417,0.011237681
559,0.8597483,0.22866172,0.36792892,0.23907831,0.49181938,-0.010416597
560,0.69136757,0.18250267,0.24153383,0.15336046,0.44983375,0.029142216
561,0.70872307,0.21025576,0.2602287,0.20264317,0.44849437,0.007612586
562,0.2671499,0.032844897,0.13180591,0.0747376,0.13534398,-0.041892704
563,0.08751696,0.027562154,0.04107795,0.025611384,0.046439014,0.0019507706
564,0.98509437,0.22613136,0.42356774,0.22394982,0.56152666,0.002181545
565,0.8820947,0.23692366,0.30066076,0.20351854,0.5814339,0.033405125
566,1.3807949,0.31007326,0.35819083,0.2686516,1.022604,0.04142165
567,0.13997352,0.021818666,0.03941676,0.024318688,0.10055676,-0.0025000218
568,0.57171756,0.08161123,0.1406241,0.09833223,0.43109345,-0.016720995
569,0.69238615,0.10972347,0.20041615,0.1415426,0.49197,-0.031819128
570,0.50452274,0.10877376,0.14307572,0.10583268,0.36144704,0.0029410794
571,0.40658757,0.1297542,0.12698649,0.08624712,0.2796011,0.043507084
572,0.20507888,0.28866902,0.16917406,0.11912687,0.035904825,0.16954215
573,1.2241474,0.5313859,0.6236675,0.47466478,0.60047996,0.05672112
574,0.89051443,0.18821746,0.27587834,0.18596415,0.61463606,0.002253309
575,0.30322975,0.096910186,0.11557177,0.08678811,0.18765798,0.010122076
576,1.306308,0.25758022,0.3320198,0.2247962,0.9742882,0.032784015
577,0.19358248,0.07224689,0.075990885,0.062402345,0.11759159,0.009844542
578,1.0243711,0.30764428,0.40068355,0.31551644,0.6236876,-0.007872164
579,1.2825066,0.3246295,0.3818682,0.2619275,0.90063834,0.062702
580,0.33708307,0.08447468,0.09548069,0.07063365,0.24160239,0.013841033
581,1.121345,0.27795088,0.45457318,0.30711043,0.6667719,-0.029159546
582,1.0020088,0.15515786,0.2313823,0.16435604,0.7706265,-0.009198174
583,0.18138151,0.052510016,0.054550983,0.0390255,0.12683052,0.013484515
584,0.18421715,0.18644208,0.10152422,0.066196024,0.082692936,0.12024605
585,4.0643674e-05,-0.038258832,0.020163266,0.0121822925,-0.020122623,-0.050441124
586,0.075129375,0.043973673,0.02856492,0.022812799,0.046564452,0.021160875
587,0.074811235,0.1596478,0.024110068,0.01701943,0.050701167,0.14262836
588,0.9865165,0.24596097,0.38183343,0.25969365,0.60468304,-0.013732687
589,0.8131708,0.26301363,0.29355735,0.19768211,0.51961344,0.06533152
590,0.9528667,0.29726347,0.3877097,0.2869776,0.56515694,0.010285884
591,0.78202945,0.20572157,0.3159659,0.22753668,0.46606356,-0.021815106
592,0.37071753,0.088188276,0.14993663,0.094428666,0.2207809,-0.0062403902
593,0.9956032,0.19640756,0.27937534,0.19491585,0.7162279,0.0014917105
594,0.938224,0.1452052,0.24175468,0.15340096,0.6964693,-0.008195758
595,0.71948576,0.11615418,0.16979872,0.117467426,0.549687,-0.0013132468
596,0.66273195,0.1067099,0.14624843,0.099728964,0.51648355,0.0069809332
597,0.30243737,0.20155942,0.22038063,0.16606557,0.08205673,0.03549385
598,0.04632098,0.0082988,0.023569472,0.018993054,0.022751506,-0.010694253
599,0.19064349,0.10879409,0.10897494,0.06813193,0.08166855,0.040662162
600,0.8599217,0.19792874,0.28383446,0.19786905,0.57608724,5.969405e-05
601,0.13548918,0.04561267,0.043719918,0.025171673,0.09176926,0.020440998
602,0.8726824,0.1703968,0.243668,0.18027626,0.6290144,-0.009879455
603,0.105114155,0.011941835,0.06187789,0.038312096,0.043236263,-0.02637026
604,0.81140006,0.25771374,0.33375117,0.24112853,0.47764888,0.016585201
605,0.58481246,0.28835097,0.36365527,0.24132837,0.2211572,0.047022596
606,1.2001739,0.29989317,0.4059075,0.29853538,0.79426634,0.0013577938
607,0.110505365,0.02488041,0.045333315,0.031572018,0.06517205,-0.0066916086
608,0.9173431,0.2933203,0.4138378,0.29361632,0.5035053,-0.00029602647
609,0.71208537,0.25539166,0.33505225,0.23875755,0.3770331,0.016634107
610,0.48265073,0.18904752,0.25154603,0.18434268,0.2311047,0.004704833
611,0.49956593,0.049866304,0.08336996,0.06508978,0.41619596,-0.015223473
612,0.9839164,0.3130398,0.4363481,0.30802014,0.5475683,0.0050196648
613,0.003135749,-0.05638065,0.024062095,0.010039082,-0.020926347,-0.06641973
614,0.6422478,0.24408959,0.32364723,0.22123984,0.31860057,0.022849753
615,1.173631,0.14243568,0.19319361,0.14460191,0.98043734,-0.0021662265
616,0.2182573,0.060604583,0.045725245,0.030659879,0.17253205,0.029944705
617,0.9356782,0.18359835,0.233809,0.18304656,0.7018692,0.00055179
618,0.54862154,0.25822404,0.36755222,0.26628056,0.18106931,-0.008056521
619,0.07832742,0.04378558,0.029170588,0.022358662,0.04915683,0.021426918
620,-0.0016504467,-0.0020339582,0.022436338,0.016370568,-0.024086785,-0.018404527
621,1.0257502,0.36550033,0.41393048,0.3144814,0.6118197,0.051018924
622,0.90982294,0.13957767,0.3026675,0.19567367,0.60715544,-0.056096002
623,1.4208372,0.30361122,0.41809827,0.3025977,1.002739,0.0010135174
624,0.20511927,0.065439306,0.054629594,0.044861384,0.15048967,0.020577922
625,0.9338457,0.26212627,0.32281148,0.23463167,0.6110342,0.027494594
626,0.1719368,0.03427266,0.052931722,0.032502353,0.11900507,0.0017703064
627,1.0853329,0.25950488,0.27963436,0.19855703,0.8056985,0.06094785
628,1.0210272,0.23498146,0.34256482,0.2253359,0.6784624,0.009645566
629,0.7446193,0.2204809,0.35888708,0.23454112,0.38573223,-0.014060214
630,0.7528811,0.115441255,0.20268285,0.14379552,0.55019826,-0.028354265
631,0.795177,0.19808353,0.27213296,0.18159078,0.523044,0.016492754
632,0.7574234,0.18460473,0.27539638,0.19160667,0.48202702,-0.0070019364
633,0.7182606,0.16589703,0.37055576,0.20976456,0.34770483,-0.04386753
634,0.048950236,0.05438861,0.03677754,0.02933249,0.012172695,0.025056118
635,0.85957885,0.18291691,0.25805768,0.17655979,0.60152113,0.0063571185
636,1.1149981,0.36190858,0.43937778,0.36479053,0.6756203,-0.0028819442
637,0.13973956,0.058578294,0.0395363,0.025204826,0.10020326,0.033373468
638,0.10785078,0.03800474,0.06426984,0.03995745,0.04358094,-0.0019527078
639,0.28843933,0.028025413,0.10307396,0.06374898,0.18536538,-0.035723567
640,1.2502462,0.4653229,0.5800379,0.4525595,0.6702083,0.012763411
641,0.91515434,0.25129035,0.32766643,0.24267662,0.58748794,0.008613735
642,0.7620915,0.30752477,0.34943038,0.2657427,0.41266114,0.04178208
643,0.07553046,0.040232785,0.030705636,0.025445342,0.044824824,0.014787443
644,1.2083282,0.36143008,0.5483121,0.35108662,0.6600161,0.010343462
645,0.20195298,0.071937434,0.08182982,0.0630217,0.120123155,0.008915737
646,0.635137,0.12836175,0.20009924,0.1486331,0.4350378,-0.020271346
647,1.175451,0.1989793,0.37663114,0.22936684,0.7988199,-0.030387536
648,0.92398125,0.26692164,0.39855495,0.28469524,0.52542627,-0.017773598
649,0.42094332,0.22676903,0.26245204,0.19607678,0.15849128,0.03069225
650,0.3558361,0.06427752,0.08257508,0.060449816,0.273261,0.003827706
651,0.5022927,0.18475477,0.25866988,0.18362466,0.24362281,0.001130119
652,0.8023136,0.2506333,0.31627336,0.22609264,0.48604026,0.024540663
653,0.9497659,0.21017322,0.32522908,0.2061887,0.6245369,0.003984526
654,0.17844394,0.022051156,0.063007504,0.048904482,0.115436435,-0.026853327
655,1.1258823,0.28944287,0.34003884,0.25205806,0.78584343,0.037384808
656,1.3391819,0.26587248,0.3653173,0.24874645,0.97386456,0.017126024
657,0.95667636,0.39487797,0.56894284,0.40176502,0.38773352,-0.0068870485
658,0.9604646,0.22152285,0.30323893,0.21371928,0.65722567,0.007803574
659,0.18252718,0.08821492,0.080811374,0.05689573,0.10171581,0.03131919
660,0.0007094453,0.021052537,0.017796004,0.010296733,-0.017086558,0.010755804
661,0.7424567,0.1884401,0.23937607,0.1764617,0.5030806,0.011978403
662,0.25831577,0.045187265,0.061368346,0.043445367,0.19694743,0.0017418973
663,0.4955931,0.16324575,0.20195225,0.121820524,0.29364085,0.041425228
664,0.70059234,0.11116614,0.19224006,0.12730896,0.5083523,-0.016142823
665,0.8075837,0.15792325,0.27169284,0.16541585,0.5358908,-0.007492602
666,1.0623553,0.14534274,0.21360512,0.15827818,0.8487502,-0.012935445
667,0.12185051,0.03747965,0.044421334,0.02859839,0.077429175,0.00888126
668,1.0870097,0.40035605,0.43356815,0.33071807,0.65344155,0.069637984
669,0.1526127,0.15732153,0.06858846,0.052292243,0.08402424,0.105029285
670,0.24846631,0.09771232,0.101075746,0.07226542,0.14739057,0.025446907
671,0.69156367,0.26143068,0.30011642,0.20900461,0.39144725,0.05242607
672,0.5841124,0.2749717,0.40739262,0.28977403,0.17671978,-0.014802337
673,0.9629336,0.29333627,0.36261547,0.28402305,0.60031813,0.009313226
674,0.8365361,0.19761924,0.21825969,0.15694226,0.6182764,0.04067698
675,0.67897457,0.23653166,0.35741127,0.2564953,0.3215633,-0.019963637
676,1.0304198,0.12824896,0.23095825,0.15897804,0.7994616,-0.030729085
677,0.57252955,0.18238454,0.2669668,0.18855469,0.30556276,-0.0061701536
678,0.8800132,0.26447096,0.34893835,0.23641002,0.5310749,0.028060943
679,0.7432922,0.1634368,0.25568599,0.1738727,0.48760623,-0.010435894
680,0.7942989,0.22799915,0.28803563,0.21419697,0.50626326,0.013802186
681,0.6714495,0.19956496,0.2747978,0.19978705,0.3966517,-0.0002220869
682,0.75243855,0.30430982,0.38957435,0.30596593,0.3628642,-0.001656115
683,0.07432726,0.008899559,0.032380424,0.022023933,0.041946836,-0.013124374
684,0.09492854,0.03096214,0.055843443,0.041065373,0.039085098,-0.010103233
685,0.7668968,0.18664657,0.2544774,0.17183807,0.51241934,0.014808491
686,0.19154826,0.012774992,0.055041954,0.039422587,0.1365063,-0.026647594
687,1.1411071,0.2539533,0.3294178,0.22638568,0.81168926,0.027567625
688,0.60996336,0.16331555,0.23854303,0.16211933,0.37142032,0.0011962205
689,0.7237592,0.16401258,0.17642899,0.11460713,0.5473302,0.04940545
690,0.2732552,0.086657114,0.110729195,0.068638235,0.16252601,0.018018879
691,0.166587,0.058328558,0.042651404,0.032390643,0.123935595,0.025937915
692,0.85672885,0.34751493,0.36199558,0.26874208,0.49473327,0.07877284
693,0.22528638,0.024092363,0.040995672,0.029752238,0.1842907,-0.0056598745
694,0.8120859,0.22754368,0.34060234,0.215858,0.4714836,0.011685684
695,0.5837494,0.12356447,0.15239696,0.1032568,0.43135244,0.020307668
696,0.7004404,0.12755623,0.18156986,0.12508078,0.51887053,0.0024754554
697,1.1463296,0.32615596,0.46239844,0.32962772,0.68393123,-0.003471762
698,0.7820604,0.24152786,0.3279544,0.25020194,0.45410597,-0.008674085
699,0.72844845,0.25857916,0.2887361,0.21193379,0.43971235,0.046645373
700,0.08282302,0.057799116,0.07283438,0.055190668,0.009988643,0.0026084483
701,0.90466815,0.1470109,0.19371957,0.13605207,0.7109486,0.010958821
702,0.028180182,0.05533705,0.024168704,0.02080896,0.0040114783,0.03452809
703,0.1379911,0.052470263,0.042376682,0.034764793,0.09561442,0.01770547
704,0.88775,0.15627205,0.20356546,0.15724647,0.68418455,-0.00097441673
705,0.9668166,0.22974895,0.33893725,0.2285422,0.6278794,0.0012067556
706,1.011293,0.309356,0.4315794,0.26117766,0.57971364,0.048178345
707,0.9745208,0.21667933,0.23917757,0.17490946,0.7353432,0.041769877
708,0.44598377,0.16503946,0.25384152,0.19147336,0.19214225,-0.0264339
709,0.92188144,0.18750599,0.28232348,0.18684857,0.63955796,0.00065742433
710,0.0688855,0.06443543,0.048004955,0.037248977,0.020880543,0.027186453
711,0.65855783,0.13402054,0.27055082,0.17056082,0.38800701,-0.036540285
712,0.8758953,0.23346512,0.2642648,0.20131437,0.61163056,0.032150745
713,0.85197437,0.22076716,0.38434002,0.24205624,0.46763435,-0.02128908
714,0.90807235,0.24233676,0.28925744,0.21067978,0.61881495,0.03165698
715,1.2147435,0.21860224,0.25600934,0.18165405,0.95873415,0.03694819
716,0.3942321,0.08436823,0.13074476,0.09666705,0.26348734,-0.012298822
717,0.19145077,-0.0147797335,0.055179644,0.033726867,0.13627113,-0.048506603
718,0.4979073,0.14206353,0.1501219,0.101561956,0.3477854,0.040501572
719,1.1527474,0.29656067,0.3431827,0.24359567,0.8095647,0.052965
720,-0.014427732,-0.05633648,0.02230798,0.009889101,-0.036735713,-0.06622558
721,0.12272998,0.12201608,0.07563965,0.059501033,0.04709033,0.06251505
722,0.6818644,0.31593797,0.34784558,0.25279185,0.3340188,0.063146114
723,0.07569198,0.009378265,0.04719739,0.03475811,0.028494593,-0.025379844
724,0.5849856,0.1159651,0.15304574,0.10033713,0.43193987,0.015627965
725,0.8040249,0.12657735,0.19111252,0.13661173,0.61291236,-0.010034382
726,0.6759611,0.31511375,0.2339617,0.17438664,0.44199938,0.14072712
727,0.9036832,0.2812724,0.34051377,0.25732344,0.5631694,0.023948967
728,0.90972584,0.26844862,0.30004442,0.2297575,0.6096814,0.03869112
729,0.959161,0.20065431,0.32276028,0.2086255,0.6364007,-0.007971182
730,1.100086,0.50882196,0.66772187,0.49690855,0.4323641,0.011913419
731,0.81043905,0.2498742,0.3426515,0.2261843,0.46778756,0.02368991
732,0.7798226,0.14821085,0.25591457,0.16432264,0.523908,-0.016111791
733,1.2850044,0.32471728,0.4729361,0.3453192,0.8120683,-0.020601928
734,0.6921416,0.113837406,0.13617364,0.10704547,0.5559679,0.0067919344
735,1.0606385,0.32769632,0.44001755,0.2924978,0.62062097,0.03519851
736,-0.014146515,0.1945811,0.027445586,0.0205085,-0.041592102,0.17407261
737,1.0590723,0.2756777,0.38303754,0.27458432,0.6760347,0.0010933876
738,-0.019958246,0.13172139,0.028431715,0.014743525,-0.048389964,0.11697787
739,0.3174007,0.21215576,0.10003748,0.07702971,0.21736321,0.13512605
740,0.09718817,0.02832942,0.03614606,0.029309988,0.061042108,-0.0009805672
741,0.24649231,0.0791892,0.14528078,0.10273242,0.10121153,-0.023543216
742,0.17065392,0.06258071,0.0874924,0.053651977,0.083161525,0.008928735
743,0.12543134,0.049184036,0.08414705,0.06817952,0.041284293,-0.018995482
744,1.2932106,0.6249565,0.7923333,0.621313,0.5008773,0.0036435127
745,0.8732294,0.3553572,0.45428714,0.30125841,0.41894224,0.054098785
746,0.031582788,0.103576325,0.040020376,0.029820845,-0.008437589,0.07375548
747,0.13318563,-0.012185194,0.0739947,0.041028153,0.05919092,-0.053213347
748,0.0040084813,-0.001014587,0.023650112,0.016324624,-0.01964163,-0.017339211
749,0.73479944,0.18487947,0.23606196,0.15887688,0.49873748,0.026002586
750,1.0618569,0.24792142,0.35622716,0.25491005,0.7056297,-0.0069886297
751,0.67479265,0.20725699,0.24039789,0.17616224,0.43439478,0.031094745
752,0.35467333,0.119052105,0.12629963,0.0787219,0.22837369,0.0403302
753,0.554312,0.15296713,0.17954528,0.13723241,0.3747667,0.015734717
754,0.48264053,0.14634788,0.14098713,0.09732904,0.3416534,0.049018838
755,0.1286205,-0.018212166,0.038735937,0.024221243,0.089884564,-0.04243341
756,0.5362247,0.16721177,0.26092428,0.18306056,0.27530044,-0.015848786
757,0.09511861,0.049603827,0.03479485,0.0276273,0.060323764,0.021976527
758,0.4594112,0.20273075,0.24759468,0.17797388,0.21181652,0.024756864
759,0.77087146,0.21606274,0.4049001,0.26449642,0.36597136,-0.048433676
760,0.0794112,0.0744234,0.03738387,0.031079708,0.042027332,0.043343693
761,1.2458234,0.38303956,0.5248415,0.37441555,0.7209819,0.008624017
762,0.4575861,0.18715169,0.18907845,0.14290251,0.26850766,0.044249177
763,0.08398062,0.044071265,0.04813913,0.03626692,0.03584149,0.0078043453
764,0.15349731,0.058387216,0.10228181,0.07259562,0.0512155,-0.0142084025
765,0.102283664,0.0050230767,0.047424775,0.029608749,0.05485889,-0.024585672
766,0.13104108,0.012659741,0.052318253,0.03426531,0.07872283,-0.02160557
767,0.3597323,0.064010374,0.06974534,0.052146003,0.28998697,0.011864372
768,-0.004827829,0.12289665,0.02178014,0.011161676,-0.02660797,0.11173497
769,0.6194861,0.18285438,0.30469668,0.21349172,0.3147894,-0.030637339
770,0.44674167,0.111205116,0.21511465,0.13017674,0.23162702,-0.018971622
771,1.2653674,0.23755175,0.42431122,0.25967145,0.84105617,-0.0221197
772,-0.0227022,0.13296562,0.018561268,0.0077508558,-0.04126347,0.12521477
773,1.0729995,0.22549184,0.27985716,0.20812768,0.7931423,0.01736416
774,-0.002085779,0.1469501,0.022921715,0.013865144,-0.025007494,0.13308495
775,0.83197165,0.2903841,0.37830743,0.28243557,0.4536642,0.007948548
776,0.87968385,0.17168757,0.23221679,0.1659488,0.6474671,0.00573878
777,0.66964495,0.1772961,0.216011,0.15924466,0.45363396,0.018051445
778,0.95399344,0.20617405,0.3339732,0.23607118,0.6200203,-0.029897138
779,0.8760719,0.23076582,0.29536447,0.20902097,0.58070743,0.021744847
780,0.41868386,0.25341776,0.20523757,0.1502637,0.21344629,0.10315406
781,0.6736347,0.25992638,0.33995834,0.25986347,0.33367637,6.29127e-05
782,0.088280305,0.14811857,0.032463368,0.025109356,0.055816937,0.12300921
783,0.72936034,0.2037394,0.26260293,0.18457282,0.46675742,0.019166589
784,1.1459397,0.13445571,0.19832674,0.14775163,0.947613,-0.013295919
785,0.20516562,0.076059476,0.080520056,0.064139955,0.12464557,0.011919521
786,0.11862057,0.0026614668,0.053265415,0.03457569,0.06535515,-0.031914223
787,0.28614134,0.064084165,0.08129119,0.055299215,0.20485014,0.00878495
788,0.36962906,0.10789226,0.16972429,0.109331615,0.19990477,-0.0014393553
789,0.26858667,0.06695323,0.09967175,0.06454852,0.16891491,0.0024047047
790,0.16235942,0.046898127,0.083907954,0.061939407,0.07845146,-0.015041281
791,0.12683567,0.029901123,0.044856254,0.028425708,0.081979424,0.0014754143
792,0.47433135,0.21149212,0.26059487,0.18440515,0.21373647,0.027086973
793,0.29875493,0.113286845,0.09692574,0.076672144,0.2018292,0.0366147
794,1.0690795,0.3031539,0.38571045,0.28942755,0.68336904,0.013726354
795,0.18962331,0.2166475,0.068824336,0.042581145,0.120798975,0.17406636
796,0.7186176,0.046428654,0.09728128,0.06972691,0.62133634,-0.023298252
797,0.025929509,0.1522604,0.022533542,0.013703171,0.0033959672,0.13855723
798,0.79118073,0.10026238,0.16939843,0.117091015,0.6217823,-0.016828634
799,0.17750275,0.16280401,0.08597861,0.056615353,0.09152414,0.106188655
800,0.06494844,0.013163734,0.025570948,0.016317658,0.039377492,-0.003153924
801,0.78492504,0.17069672,0.2555468,0.19138363,0.52937824,-0.02068691
802,1.2133943,0.4235796,0.46633938,0.36796296,0.74705493,0.055616647
803,0.918123,0.22490932,0.37495545,0.2471069,0.5431676,-0.022197574
804,1.0075289,0.34973097,0.4278545,0.30196026,0.57967436,0.04777071
805,0.8689821,0.21498577,0.29831368,0.21773678,0.5706684,-0.0027510077
806,0.8467062,0.21102285,0.28345487,0.20089579,0.5632514,0.010127068
807,0.82980824,0.19673808,0.22472298,0.15513344,0.60508525,0.041604638
808,1.0906767,0.21229964,0.26445433,0.18646522,0.8262223,0.025834426
809,-0.021129008,0.13106199,0.020679224,0.008831685,-0.041808233,0.1222303
810,0.9062866,0.2556174,0.36124697,0.25016078,0.54503965,0.0054566264
811,0.72317755,0.209893,0.30725086,0.2162417,0.4159267,-0.0063486993
812,0.9439661,0.28703806,0.3959774,0.29790464,0.54798865,-0.010866582
813,0.7154027,0.27627665,0.2982909,0.21757698,0.4171118,0.058699667
814,1.3056113,0.22211714,0.38911927,0.26017118,0.916492,-0.038054034
815,0.06454579,0.027683502,0.051434513,0.033021122,0.013111275,-0.00533762
816,0.9876912,0.1559613,0.29408792,0.20387663,0.6936033,-0.047915325
817,1.1293057,0.19770704,0.2518471,0.17790963,0.87745863,0.019797415
818,0.05954491,0.033106856,0.018622516,0.012138132,0.040922396,0.020968724
819,0.039937124,0.02041608,0.017845357,0.012386706,0.022091767,0.008029373
820,0.27227947,0.08401606,0.11262438,0.087407224,0.1596551,-0.0033911616
821,0.031092718,0.0020719538,0.018369006,0.013747361,0.012723712,-0.011675406
822,1.1512929,0.22900164,0.33500522,0.20803586,0.8162877,0.020965785
823,1.2222354,0.23636661,0.418457,0.2794465,0.8037784,-0.043079898
824,0.16229518,0.05690597,0.06442922,0.04830831,0.097865954,0.008597661
825,0.8381629,0.3572431,0.46098095,0.32719627,0.37718195,0.03004682
826,0.16778284,0.073595025,0.0477802,0.034295425,0.12000264,0.0392996
827,0.10064324,0.1419231,0.0884375,0.06525107,0.012205742,0.07667203
828,1.1239103,0.21302177,0.26037398,0.19572046,0.86353636,0.017301306
829,0.67663103,0.14167278,0.16507477,0.11961703,0.51155627,0.022055745
830,0.18120717,0.05107773,0.04426059,0.03496854,0.13694657,0.01610919
831,0.8425816,0.10227952,0.1693141,0.11849763,0.67326754,-0.01621811
832,0.63108623,0.1984614,0.20295118,0.15078904,0.42813504,0.04767236
833,0.9160405,0.14938757,0.29463762,0.18653387,0.62140286,-0.0371463
834,0.071747795,-0.004504373,0.043260213,0.030914888,0.028487582,-0.03541926
835,0.85748047,0.31874087,0.39018214,0.274176,0.46729833,0.044564873
836,0.38352564,0.064679936,0.09012603,0.0645556,0.2933996,0.00012433529
837,0.2643163,0.088955246,0.112051874,0.08339791,0.15226442,0.005557336
838,0.86939514,0.16185234,0.30260634,0.19169508,0.5667888,-0.029842734
839,0.14614443,0.019996779,0.033365708,0.017164834,0.11277872,0.0028319452
840,0.6868797,0.19418806,0.22623307,0.16939169,0.46064663,0.024796367
841,0.016717346,0.1385736,0.02839554,0.01684556,-0.011678193,0.12172804
842,0.98845154,0.2830131,0.37436482,0.2805823,0.61408675,0.0024307966
843,0.5900921,0.17822434,0.2079517,0.13747445,0.38214043,0.040749893
844,0.9784904,0.22205853,0.2671348,0.19551115,0.7113556,0.026547387
845,0.20288563,0.08118128,0.07646388,0.06164267,0.12642175,0.019538611
846,0.86736315,0.15287048,0.2216064,0.14987783,0.6457567,0.002992645
847,0.14351977,0.05188988,0.038548972,0.029830808,0.1049708,0.022059074
848,0.6459695,0.09658847,0.17999433,0.11710709,0.46597517,-0.020518623
849,0.10369242,0.052149914,0.03989243,0.033331312,0.06379999,0.018818602
850,0.08732509,-0.019858187,0.025215061,0.016164716,0.06211003,-0.0360229
851,0.040609647,0.054019514,0.020512,0.01591721,0.020097647,0.038102306
852,0.8947062,0.2001191,0.32428712,0.22240387,0.5704191,-0.022284776
853,0.10345269,0.011080741,0.052576877,0.035496403,0.050875813,-0.02441566
854,0.09735864,0.038463745,0.044484157,0.030379562,0.05287448,0.008084184
855,0.31850004,0.13182218,0.19336763,0.11567561,0.12513241,0.01614657
856,0.82248586,0.1864568,0.32034644,0.19665791,0.50213945,-0.010201111
857,1.0505966,0.16658016,0.24409918,0.17178503,0.8064974,-0.0052048713
858,0.19065534,0.057614863,0.07651346,0.048205238,0.114141874,0.009409625
859,0.67619,0.051327493,0.12101738,0.08634928,0.5551726,-0.035021786
860,0.93183434,0.20943977,0.3323239,0.2297715,0.59951043,-0.020331725
861,0.6750025,0.15153813,0.26956242,0.16712992,0.4054401,-0.015591785
862,0.04044822,0.05208306,0.021295486,0.018405445,0.019152733,0.033677615
863,0.8122402,0.20747922,0.30094096,0.20360741,0.51129925,0.0038718134
864,0.6000731,0.09833635,0.17976162,0.12146349,0.42031148,-0.023127146
865,0.89541376,0.2724797,0.34238368,0.2229262,0.5530301,0.049553514
866,0.70405245,0.17369525,0.268254,0.18570167,0.43579844,-0.012006417
867,0.1728089,0.06881761,0.075502746,0.04834536,0.097306155,0.020472247
868,0.91604483,0.2736627,0.32482296,0.237401,0.59122187,0.036261693
869,1.0706736,0.19516648,0.22152466,0.17023626,0.8491489,0.024930224
870,0.15573084,0.058174375,0.058126785,0.04646195,0.09760406,0.011712424
871,0.20399189,-0.0040208693,0.092411846,0.045864586,0.111580044,-0.049885456
872,1.1489218,0.23819683,0.3757804,0.2631195,0.77314144,-0.024922654
873,0.9756146,0.23463008,0.28259137,0.20788258,0.6930232,0.026747495
874,0.88645214,0.15695038,0.27104974,0.15934853,0.6154024,-0.0023981482
875,0.14534017,-0.016337989,0.021181691,0.015820468,0.12415849,-0.032158457
876,0.22571482,-0.024435941,0.046272036,0.02950755,0.17944278,-0.053943492
877,0.44696757,0.11510977,0.20596218,0.117460586,0.24100539,-0.0023508146
878,0.34197304,0.19873843,0.22408627,0.15029511,0.11788677,0.048443317
879,1.0903897,0.30594492,0.4262378,0.29158115,0.6641519,0.014363766
880,0.2765695,0.14857005,0.0726555,0.052240748,0.20391399,0.0963293
881,0.82155424,0.18883519,0.21345529,0.14454973,0.608099,0.04428546
882,0.9038791,0.21907361,0.3386352,0.22220868,0.5652439,-0.0031350702
883,0.6129731,0.1426872,0.17171071,0.12565139,0.44126236,0.017035812
884,0.7411785,0.26426542,0.3282098,0.23025994,0.41296872,0.034005478
885,0.121834196,0.13397382,0.047727734,0.033197433,0.07410646,0.10077639
886,0.7214418,0.18077342,0.23979607,0.18031059,0.48164573,0.00046283007
887,0.0151922265,0.065595746,0.0075644716,0.004985978,0.007627755,0.06060977
888,0.13921116,0.013072773,0.110366136,0.06750589,0.028845027,-0.054433115
889,1.0843014,0.24907443,0.30612242,0.20713526,0.77817893,0.04193917
890,0.27404195,0.08085982,0.08894244,0.067071445,0.18509951,0.013788372
891,1.0729727,0.2136813,0.28447393,0.20169196,0.78849876,0.01198934
892,0.81054634,0.20216092,0.23165911,0.16716984,0.5788872,0.034991086
893,0.1622254,0.043680787,0.08268135,0.050868817,0.079544045,-0.0071880296
894,0.057005532,0.063871086,0.035241317,0.030406227,0.021764215,0.033464856
895,0.95271826,0.273435,0.36681637,0.252649,0.58590186,0.020785987
896,0.93622845,0.24351288,0.3545122,0.25918075,0.58171624,-0.01566787
897,0.82329494,0.18131779,0.30471176,0.19730568,0.5185832,-0.015987888
898,0.5825502,0.08798765,0.17659914,0.12196077,0.40595108,-0.03397312
899,0.102535896,0.087427065,0.10966857,0.077564746,-0.007132672,0.009862319
900,0.98218936,0.45137236,0.63575083,0.47838497,0.34643853,-0.027012616
901,0.2682393,0.08836166,0.09153583,0.06459125,0.17670345,0.023770407
902,1.2106164,0.19377717,0.25112447,0.16310745,0.95949185,0.030669719
903,0.80045545,0.20924242,0.26943067,0.19098204,0.5310248,0.018260375
904,0.1593224,0.030751739,0.051065993,0.039538853,0.1082564,-0.008787114
905,1.2063289,0.28106537,0.36680615,0.25517815,0.8395227,0.025887221
906,1.1592628,0.26765034,0.44551942,0.2870543,0.7137433,-0.019403964
907,0.62772393,0.18076906,0.22959714,0.1735663,0.39812678,0.0072027594
908,0.15762028,0.06196669,0.060035516,0.04340069,0.09758477,0.018566001
909,0.968897,0.283906,0.42717275,0.28538883,0.5417242,-0.0014828146
910,0.6570968,0.13088876,0.15261123,0.10754886,0.5044856,0.023339897
911,0.850802,0.19560103,0.28278923,0.18956943,0.5680128,0.0060316026
912,0.34790865,0.10703472,0.18175934,0.1080063,0.1661493,-0.00097157806
913,0.38411516,0.08997049,0.13253428,0.08860179,0.2515809,0.0013687015
914,0.99056053,0.35561273,0.44625026,0.3491491,0.5443103,0.006463617
915,0.42235172,0.21214841,0.2185329,0.16410461,0.20381881,0.048043802
916,0.80069655,0.23572697,0.2994279,0.19906329,0.5012686,0.03666368
917,0.9936341,0.19682251,0.3096159,0.21011071,0.6840182,-0.0132882
918,0.1911285,0.036466096,0.07802085,0.045394916,0.11310766,-0.0089288205
919,1.0033597,0.22746977,0.23589663,0.17836297,0.767463,0.049106807
920,0.61597645,0.14325364,0.17882203,0.1274698,0.4371544,0.015783846
921,0.221293,0.042868435,0.08364747,0.058199883,0.13764554,-0.015331447
922,0.5664613,0.07203671,0.13313766,0.091325924,0.43332368,-0.01928921
923,0.43660074,0.1269829,0.12580611,0.090398215,0.31079465,0.036584683
924,0.88106334,0.25166583,0.32095873,0.2326885,0.5601046,0.01897733
925,0.77484614,0.17609374,0.25172198,0.16908176,0.52312416,0.00701198
926,1.0635825,0.36159745,0.46002683,0.35019207,0.6035557,0.011405379
927,0.03103312,0.053061657,0.025043998,0.018208915,0.0059891213,0.034852743
928,-0.02650931,0.12110227,0.012992604,0.005711523,-0.039501913,0.11539075
929,1.0448959,0.27516782,0.36458862,0.24975169,0.68030727,0.025416136
930,1.008054,0.299428,0.3804355,0.28703368,0.62761855,0.012394309
931,0.27252713,0.043342415,0.11284163,0.058754463,0.15968549,-0.0154120475
932,0.16432528,0.12002013,0.13403632,0.104189895,0.030288965,0.015830234
933,0.23710108,0.14438815,0.12610692,0.092799775,0.11099416,0.05158838
934,0.08669624,0.070106566,0.047106247,0.031063074,0.03958999,0.039043494
935,1.3693708,0.18995593,0.21868233,0.15245908,1.1506885,0.03749685
936,0.72822076,0.32487005,0.40344784,0.26681817,0.32477292,0.058051884
937,1.0610001,0.28251046,0.3812891,0.28575242,0.679711,-0.0032419562
938,0.06368811,0.046507012,0.031923324,0.02218049,0.031764783,0.024326522
939,0.4798822,0.14404458,0.18657976,0.14084817,0.29330245,0.0031964034
940,1.037957,0.25312343,0.4249625,0.28504,0.61299443,-0.03191656
941,0.11663621,0.097974904,0.079752505,0.067108765,0.036883704,0.030866139
942,0.7955398,0.102961265,0.21727751,0.1346016,0.57826227,-0.03164033
943,0.041142393,0.0547014,0.045836333,0.033119474,-0.0046939403,0.021581925
944,1.2770212,0.26429638,0.4458946,0.29684737,0.8311266,-0.03255099
945,0.14094597,0.09009041,0.043634783,0.02639786,0.097311184,0.06369255
946,0.009460534,0.12522593,0.038583286,0.01835303,-0.029122751,0.1068729
947,0.4521741,0.09270478,0.14565402,0.09726367,0.30652007,-0.004558891
948,0.16108918,0.0576154,0.044500127,0.03639224,0.116589054,0.021223158
949,0.244206,0.018772386,0.09480466,0.056219146,0.14940134,-0.03744676
950,0.46808344,0.039879534,0.11478454,0.07274007,0.3532989,-0.032860536
951,1.1343923,0.3334459,0.5255223,0.33450073,0.60886997,-0.0010548234
952,1.139441,0.23855859,0.34006783,0.22163764,0.79937315,0.016920954
953,0.96464145,0.24050787,0.29887372,0.22986113,0.6657677,0.010646746
954,1.058926,0.3585139,0.5372135,0.32267302,0.5217125,0.03584087
955,0.50097555,0.14273828,0.19700876,0.13447188,0.3039668,0.008266404
956,0.6202505,0.109461926,0.1298584,0.090625085,0.49039212,0.018836841
957,0.8153937,0.19512345,0.3242123,0.20711572,0.49118137,-0.011992276
958,0.7685738,0.13471322,0.16322272,0.10258168,0.6053511,0.032131538
959,0.85990125,0.19921651,0.3531031,0.23182745,0.50679815,-0.032610938
960,0.21914844,0.10149527,0.11244674,0.08179529,0.1067017,0.019699983
961,0.08425976,0.116107926,0.022051962,0.011374343,0.062207803,0.10473359
962,1.1362568,0.16412224,0.27008584,0.18406051,0.866171,-0.019938275
963,0.16746803,0.0059861033,0.07046583,0.043628585,0.09700219,-0.037642483
964,0.059450205,0.11942828,0.048036046,0.031064415,0.011414159,0.08836386
965,0.4946781,0.13445003,0.19283375,0.13124298,0.30184436,0.0032070577
966,0.21190926,0.03730884,0.03849026,0.023105768,0.173419,0.01420307
967,0.10337723,-0.026007751,0.05933505,0.0350616,0.04404218,-0.061069354
968,1.323969,0.45214278,0.5582048,0.4205802,0.7657642,0.031562567
969,0.9658229,0.16615577,0.25996974,0.18546286,0.7058531,-0.019307092
970,0.030871505,0.14982884,0.03059561,0.023365516,0.000275895,0.12646332
971,0.79499316,0.23948649,0.29622293,0.20537409,0.49877024,0.034112394
972,0.9521953,0.20149952,0.2750863,0.20733161,0.677109,-0.005832091
973,0.37901977,0.07575549,0.11328074,0.08542402,0.26573902,-0.009668529
974,0.14992422,0.14267854,0.084759876,0.0711803,0.06516434,0.071498245
975,0.13565622,0.029399863,0.028245738,0.01821424,0.10741048,0.011185622
976,0.94491434,0.18082367,0.26436692,0.18461242,0.6805474,-0.0037887543
977,0.033848006,0.05929282,0.0395557,0.03388256,-0.0057076924,0.025410261
978,0.92743486,0.18000361,0.20881808,0.1525013,0.7186168,0.027502313
979,0.21641152,0.036868248,0.116465636,0.075588204,0.09994588,-0.038719956
980,0.98819345,0.30551195,0.41156185,0.31485668,0.5766316,-0.009344727
981,0.6031638,0.18996064,0.3072203,0.21910971,0.29594347,-0.02914907
982,0.8259795,0.15193056,0.20076212,0.15206754,0.6252173,-0.00013698637
983,0.04772694,0.07132421,0.040996704,0.029752107,0.006730236,0.0415721
984,0.1059299,0.15610878,0.05556531,0.04712525,0.050364595,0.10898353
985,0.86478573,0.25479606,0.3868142,0.24747424,0.47797152,0.0073218197
986,0.9829677,0.2784357,0.39690983,0.29278222,0.58605784,-0.01434651
987,0.05841346,0.014226864,0.03010513,0.018486787,0.02830833,-0.0042599225
988,0.73027194,0.2138967,0.28027079,0.21903159,0.45000115,-0.0051348805
989,0.408614,0.2029204,0.13276823,0.083469264,0.27584577,0.11945114
990,0.22682817,0.07850686,0.142438,0.09973554,0.08439018,-0.021228686
991,0.13202487,0.036872495,0.037012164,0.018126016,0.09501271,0.018746478
992,-0.0021164499,0.04094225,0.017108027,0.016442569,-0.019224476,0.024499683
993,0.48025444,0.15762189,0.22211283,0.13657,0.2581416,0.021051884
994,0.99834305,0.28218412,0.3663202,0.28008074,0.63202286,0.0021033883
995,0.8091141,0.26063415,0.34738135,0.24492073,0.46173275,0.015713423
996,0.9373803,0.31523052,0.4151506,0.2990446,0.5222297,0.01618591
997,1.2582958,0.15494023,0.22060175,0.16012925,1.037694,-0.0051890165
998,1.2560037,0.12786728,0.24305253,0.17442745,1.0129513,-0.04656017
999,0.81287414,0.38480163,0.45168564,0.35537532,0.3611885,0.029426306
1000,0.6259537,0.20898378,0.2861214,0.20700733,0.33983228,0.0019764453
1001,0.14015959,0.026621522,0.078684196,0.057024024,0.061475396,-0.030402502
1002,0.49311787,0.15431711,0.1875686,0.14198996,0.30554926,0.0123271495
1003,0.9487396,0.2827311,0.34866223,0.25648108,0.6000774,0.026250005
1004,0.7368968,0.22990623,0.34677002,0.2542085,0.3901268,-0.024302274
1005,0.10397092,0.042687196,0.064250685,0.032854266,0.039720237,0.00983293
1006,0.077995345,0.03383904,0.06880512,0.046372756,0.009190224,-0.012533717
1007,0.09869906,0.05432812,0.049982354,0.035997342,0.04871671,0.018330779
1008,0.38410035,0.075012155,0.09766748,0.064124554,0.28643286,0.0108876005
1009,0.9627483,0.41852245,0.49845394,0.37679523,0.46429434,0.041727215
1010,0.14598551,-0.027977355,0.04769955,0.024224054,0.098285966,-0.05220141
1011,0.661396,0.17336814,0.2143839,0.16970009,0.44701213,0.003668055
1012,0.07018549,-0.02944757,0.032953676,0.017681856,0.037231814,-0.047129426
1013,0.25598267,0.06539491,0.06717368,0.048823956,0.18880898,0.016570952
1014,0.82310903,0.30576435,0.36790833,0.2970814,0.4552007,0.008682936
1015,0.15272261,0.069114186,0.08735197,0.06357819,0.06537064,0.0055359975
1016,0.23191296,0.10046692,0.1104348,0.08292983,0.121478155,0.017537095
1017,1.1349448,0.1919298,0.31278747,0.21128775,0.8221573,-0.01935795
1018,1.4842132,0.33471328,0.51361394,0.3698292,0.9705993,-0.035115927
1019,0.1586891,0.2130771,0.13627078,0.10415974,0.02241832,0.108917356
1020,0.5881501,0.19837198,0.27704555,0.2036618,0.31110454,-0.005289823
1021,0.72135776,0.22689828,0.26634797,0.18906622,0.4550098,0.037832066
1022,1.2616118,0.22425427,0.2940571,0.23153038,0.9675547,-0.007276118
1023,0.8707321,0.2467955,0.39085943,0.28834093,0.4798727,-0.04154542
1024,0.07857207,-0.026452612,0.04178073,0.020673156,0.036791343,-0.047125768
1025,1.1379753,0.27249366,0.3322202,0.23582727,0.80575514,0.036666393
1026,0.27978602,0.13360088,0.14101277,0.10038215,0.13877325,0.033218727
1027,0.18827547,0.06837475,0.02994472,0.026566848,0.15833075,0.041807905
1028,0.33155456,0.08643241,0.16642252,0.10667863,0.16513205,-0.020246215
1029,0.050059732,0.049834926,0.038957097,0.024956176,0.011102635,0.02487875
1030,0.1359988,0.037237637,0.033051725,0.024273964,0.10294707,0.012963673
1031,1.1734006,0.24958059,0.3576408,0.26129365,0.81575984,-0.011713058
1032,0.73496664,0.33453795,0.4076532,0.3127927,0.32731342,0.021745265
1033,1.1043283,0.33096159,0.42956433,0.32138306,0.6747639,0.009578526
1034,1.0102612,0.20189315,0.2776827,0.18940584,0.7325785,0.012487307
1035,1.0786663,0.26994956,0.3425681,0.2432114,0.73609823,0.026738152
1036,0.9600828,0.33690664,0.45333803,0.29540923,0.5067448,0.04149741
1037,0.66248137,0.21336348,0.24407285,0.1864432,0.4184085,0.026920289
1038,0.68559057,0.13057964,0.13888593,0.104720585,0.54670465,0.02585905
1039,0.11409673,0.1504152,0.07917899,0.052139472,0.034917742,0.09827572
1040,1.5248808,0.4416755,0.5375537,0.40005562,0.98732704,0.041619897
1041,0.90410644,0.3262133,0.43266737,0.32284877,0.47143906,0.0033645332
1042,0.97133774,0.2261748,0.36395273,0.22482021,0.60738504,0.0013545901
1043,0.82230324,0.18624757,0.2949991,0.19888803,0.5273042,-0.012640461
1044,0.055333436,0.016154628,0.044036895,0.03141391,0.0112965405,-0.015259281
1045,0.23103626,0.08410933,0.051517338,0.037933353,0.17951892,0.046175975
1046,1.4985259,0.2623304,0.2999382,0.22981909,1.1985877,0.032511324
1047,0.72331667,0.3899401,0.32090497,0.23180932,0.4024117,0.1581308
1048,0.10971985,0.14181125,0.07294013,0.049375657,0.036779717,0.0924356
1049,-0.024239775,-0.035047613,0.021389581,0.014479078,-0.045629356,-0.04952669
1050,0.4129816,0.09969719,0.15597144,0.112403184,0.25701016,-0.012705997
1051,0.109756894,0.039604813,0.034582958,0.02664394,0.07517394,0.012960874
1052,0.19388337,0.09264392,0.056541625,0.04493625,0.13734175,0.047707666
1053,0.6545828,0.28247198,0.23827615,0.16120796,0.41630664,0.121264026
1054,0.022698894,0.016066547,0.022550208,0.015665216,0.00014868565,0.0004013311
1055,0.07858899,0.0915091,0.04269222,0.031110635,0.03589677,0.06039846
1056,0.75181943,0.19700356,0.2636794,0.17792647,0.48814005,0.019077092
1057,1.0391312,0.28199783,0.4527458,0.30729055,0.58638537,-0.025292724
1058,0.992646,0.18486758,0.28545356,0.19898379,0.7071924,-0.014116213
1059,0.97014743,0.25250414,0.35585213,0.25130233,0.6142953,0.0012018085
1060,-0.033996765,0.114220984,0.00031435804,-0.002776397,-0.034311123,0.11699738
1061,0.13824898,0.048183843,0.08463296,0.058159057,0.053616017,-0.009975214
1062,0.87077594,0.16197746,0.26742274,0.17479514,0.6033532,-0.012817681
1063,0.6910077,0.1703652,0.2470859,0.16546704,0.44392177,0.0048981607
1064,1.031603,0.19374055,0.33364904,0.22388962,0.69795394,-0.030149072
1065,0.7289006,0.23725526,0.2935869,0.2137997,0.4353137,0.02345556
1066,0.3387087,0.23037226,0.17272745,0.13188268,0.16598125,0.09848958
1067,1.1299102,0.22720668,0.35433674,0.25386554,0.7755735,-0.026658863
1068,0.7052171,0.16638356,0.25058717,0.16629568,0.45462996,8.788705e-05
1069,0.8011369,0.14959146,0.19844663,0.14067595,0.6026903,0.008915514
1070,0.9718473,0.21944787,0.29027802,0.20280172,0.6815693,0.016646147
1071,0.7673237,0.1667628,0.21730913,0.1649069,0.55001456,0.0018558949
1072,1.1067449,0.26933303,0.39441726,0.27981278,0.7123276,-0.010479748
1073,1.1087023,0.36542124,0.5097871,0.35149208,0.5989152,0.013929158
1074,0.7744939,0.2864386,0.2511195,0.18124354,0.5233744,0.105195075
1075,0.6995076,0.1951733,0.2077822,0.14441004,0.4917254,0.05076325
1076,0.9237857,0.08777186,0.14705686,0.10948516,0.7767288,-0.021713294
1077,0.030305525,0.14189392,0.014128249,0.012623239,0.016177276,0.12927069
1078,0.8960641,0.2091147,0.24648462,0.18176503,0.64957947,0.027349666
1079,0.9234664,0.36251837,0.41451016,0.31488758,0.5089562,0.047630787
1080,0.9284139,0.20142473,0.24718231,0.18662804,0.6812316,0.014796689
1081,0.08175826,-0.035154298,0.037777677,0.02207068,0.043980584,-0.057224978
1082,0.1729751,0.032987297,0.06855001,0.052688535,0.10442508,-0.019701239
1083,0.7417543,0.20708038,0.277273,0.20804393,0.4644813,-0.0009635538
1084,0.7957471,0.17939366,0.24524057,0.18128593,0.55050653,-0.0018922687
1085,0.85547465,0.14050075,0.17502274,0.12795447,0.6804519,0.012546286
1086,1.2777516,0.31947163,0.42159688,0.30247286,0.8561547,0.016998768
1087,0.17012185,-0.02229143,0.022727601,0.01597612,0.14739424,-0.03826755
1088,0.865093,0.20067026,0.25453877,0.17074321,0.6105542,0.029927045
1089,1.1547995,0.1148533,0.2028983,0.14492145,0.9519012,-0.030068152
1090,0.71631014,0.19685939,0.34359276,0.22826408,0.37271738,-0.03140469
1091,0.36929247,0.13724618,0.2447847,0.14966534,0.12450777,-0.012419164
1092,0.07813285,0.03417286,0.036101684,0.027169384,0.04203117,0.007003475
1093,1.114224,0.25571704,0.35226238,0.24195765,0.7619616,0.0137593895
1094,-0.02181936,0.021043453,0.0028482135,0.005305322,-0.024667574,0.015738131
1095,0.069331,0.12020438,0.02470621,0.014135396,0.04462479,0.10606898
1096,0.13658138,0.07773677,0.09021629,0.061811842,0.04636509,0.01592493
1097,0.13339,0.035432886,0.034349117,0.025697296,0.09904088,0.00973559
1098,0.2849555,0.10104639,0.11506833,0.07639684,0.16988717,0.024649553
1099,0.12955275,0.035076797,0.10212885,0.071533464,0.027423903,-0.036456667
1100,0.593499,0.17057636,0.22847527,0.17067139,0.36502373,-9.5024705e-05
1101,0.044303432,-0.03373436,0.022748519,0.011177726,0.021554913,-0.044912085
1102,0.9061551,0.16078517,0.2539183,0.17467746,0.6522368,-0.013892293
1103,0.7499157,0.18982334,0.19156393,0.14086789,0.55835176,0.048955455
1104,0.5053566,0.14679691,0.18670057,0.13491635,0.31865603,0.011880562
1105,0.65495855,0.14405832,0.17623754,0.13178672,0.47872102,0.012271598
1106,0.21037175,0.07239914,0.09805639,0.069555886,0.11231536,0.0028432533
1107,0.025396494,0.014130024,0.025917973,0.019895518,-0.0005214792,-0.005765494
1108,1.060801,0.25482163,0.33675393,0.24858871,0.72404706,0.0062329173
1109,1.2305088,0.36922133,0.5995086,0.38778234,0.6310002,-0.018561006
1110,0.6580661,0.12747091,0.20316389,0.14433807,0.4549022,-0.01686716
1111,0.11990399,0.025027957,0.028211875,0.019151742,0.09169211,0.005876215
1112,0.91911,0.2384928,0.37859654,0.27928355,0.54051346,-0.04079075
1113,0.10029961,0.035134353,0.040370297,0.030226994,0.059929315,0.0049073584
1114,0.15321651,-0.029727824,0.042738203,0.025763825,0.11047831,-0.05549165
1115,0.95902586,0.2982665,0.41431436,0.2812689,0.5447115,0.016997606
1116,0.63581616,0.2511403,0.3196047,0.20708607,0.31621146,0.044054225
1117,0.9094513,0.27833015,0.3995003,0.27061895,0.509951,0.007711202
1118,0.6322812,0.15945399,0.26374498,0.1964547,0.3685362,-0.037000716
1119,0.008842203,-0.028979758,0.017814144,0.012025851,-0.008971942,-0.041005608
1120,0.59219134,0.13637063,0.20101689,0.12875259,0.39117444,0.00761804
1121,1.2805725,0.46838605,0.5165602,0.33224267,0.76401234,0.13614339
1122,0.6742112,0.21082728,0.28021124,0.19972745,0.39399996,0.01109983
1123,1.2724665,0.249115,0.2890585,0.21328072,0.98340803,0.035834283
1124,0.91612184,0.22479531,0.33351406,0.24068724,0.58260775,-0.015891925
1125,0.024917308,0.00062138564,0.016737727,0.009882718,0.008179581,-0.009261332
1126,0.1911671,0.07537555,0.10231409,0.07408115,0.08885301,0.0012943968
1127,0.72377175,0.051816832,0.1201095,0.07664872,0.60366225,-0.024831887
1128,0.76959914,0.17877401,0.26412743,0.18088163,0.5054717,-0.0021076202
1129,0.035887733,-0.032341167,0.033150308,0.01525526,0.0027374253,-0.04759643
1130,0.8214563,0.14624579,0.24529725,0.18549544,0.57615906,-0.039249644
1131,1.009779,0.24553248,0.3296197,0.22170185,0.6801593,0.023830637
1132,0.77487195,0.26579997,0.34229064,0.25598857,0.4325813,0.009811401
1133,0.18598895,0.07730817,0.11897146,0.07794708,0.06701749,-0.00063890964
1134,0.79733795,0.355852,0.42944607,0.3041257,0.36789188,0.05172631
1135,0.9009011,0.22192441,0.30480382,0.22165579,0.59609723,0.00026862323
1136,0.2621095,0.05254908,0.10924254,0.078039415,0.15286694,-0.025490336
1137,1.02122,0.16920914,0.27822477,0.17969961,0.7429952,-0.010490477
1138,0.61724114,0.22015437,0.24932757,0.17288889,0.36791357,0.047265485
1139,0.9815305,0.31953275,0.4379571,0.32108167,0.5435734,-0.0015489161
1140,0.6359932,0.13753235,0.18309176,0.12673272,0.45290142,0.0107996315
1141,0.6127497,0.13867185,0.16862227,0.12131568,0.44412744,0.017356165
1142,1.0243204,0.20949778,0.3037652,0.2201604,0.7205552,-0.010662615
1143,0.8339198,0.3170967,0.46384838,0.36135378,0.37007144,-0.044257075
1144,1.3081279,0.4365146,0.5658605,0.4349889,0.7422674,0.0015257001
1145,0.833695,0.11565491,0.17974615,0.13109513,0.65394884,-0.015440218
1146,1.2477633,0.21852402,0.382066,0.25586897,0.86569726,-0.037344947
1147,1.2118403,0.1801174,0.32061592,0.2325,0.8912244,-0.052382603
1148,0.10432601,0.047549866,0.038421225,0.023789074,0.06590478,0.023760792
1149,0.040288847,0.036389947,0.03305248,0.024749992,0.007236365,0.0116399545
1150,0.82910854,0.21065797,0.31429303,0.21360804,0.5148155,-0.0029500723
1151,0.10218446,-0.002959259,0.03038998,0.019183857,0.07179448,-0.022143116
1152,0.39347652,0.10357483,0.09139659,0.0615211,0.30207992,0.042053726
1153,0.8716136,0.23698066,0.33121365,0.23924276,0.54039997,-0.0022621006
1154,0.008288551,0.041041967,0.014175543,0.011421999,-0.0058869915,0.029619968
1155,0.4000185,0.132114,0.17312706,0.11567559,0.22689146,0.016438402
1156,0.13815343,0.051679913,0.10409589,0.071445175,0.034057543,-0.019765262
1157,0.67283267,0.2315498,0.31320983,0.21924604,0.35962284,0.012303755
1158,0.07145027,0.01740768,0.040918354,0.0308934,0.030531917,-0.01348572
1159,1.0604607,0.29724622,0.4110774,0.3080685,0.6493833,-0.010822296
1160,0.053372312,0.03433522,0.016603792,0.013308171,0.03676852,0.021027047
1161,0.27601057,0.04828202,0.052074447,0.039706226,0.22393613,0.008575793
1162,1.2463628,0.34954876,0.5173364,0.3257359,0.7290264,0.02381286
1163,0.041230585,0.02705587,0.029353049,0.018815437,0.011877537,0.008240433
1164,0.52756137,0.15889268,0.19691119,0.14091773,0.33065018,0.017974943
1165,0.8228404,0.20983565,0.2558005,0.17887314,0.5670399,0.030962512
1166,0.4355205,0.1620727,0.10824914,0.07743976,0.32727134,0.08463294
1167,1.0926121,0.38157365,0.49244252,0.34011865,0.60016966,0.041455
1168,0.3639212,0.1313683,0.14970775,0.10410223,0.21421345,0.027266063
1169,0.64757323,0.23476511,0.28416407,0.19966406,0.36340916,0.035101056
1170,0.59193414,0.21967977,0.21842557,0.1596078,0.37350857,0.060071975
1171,0.22939073,0.19171777,0.1361671,0.099685214,0.09322363,0.09203256
1172,0.80945456,0.14086698,0.22711422,0.16070549,0.58234036,-0.019838512
1173,0.14474028,0.004722826,0.04641928,0.034315567,0.098321006,-0.029592741
1174,1.0306743,0.2202191,0.31657928,0.21826534,0.71409506,0.0019537657
1175,-0.016323756,0.116310425,0.016676672,0.0075059575,-0.03300043,0.108804464
1176,0.09410989,-0.02296699,0.028776562,0.019647436,0.06533333,-0.042614426
1177,0.70146567,0.15218537,0.20302685,0.14280008,0.49843884,0.009385288
1178,0.36053824,0.070176594,0.07656093,0.054211937,0.28397733,0.015964657
1179,0.69704795,0.17599769,0.26847753,0.18016176,0.42857042,-0.00416407
1180,0.19184056,0.055407815,0.08003109,0.057553712,0.11180947,-0.0021458976
1181,1.0829313,0.14154746,0.20319337,0.13466598,0.8797379,0.0068814754
1182,0.80655247,0.264526,0.3497887,0.23766969,0.45676377,0.026856318
1183,0.3242216,0.10095389,0.1083743,0.07571259,0.21584731,0.0252413
1184,0.060311235,0.022348382,0.030418012,0.021072125,0.029893223,0.0012762565
1185,0.24290906,0.06756342,0.07789542,0.056841884,0.16501364,0.010721538
1186,-0.017942708,0.12333849,0.017602276,0.008230268,-0.035544984,0.11510822
1187,0.9851938,0.5345591,0.6302496,0.46354297,0.35494417,0.0710161
1188,1.3909357,0.27015248,0.44649878,0.28384975,0.9444369,-0.013697267
1189,1.0204937,0.26430306,0.32874063,0.2370372,0.69175315,0.027265862
1190,1.3452386,0.38407898,0.47303578,0.3343237,0.87220275,0.049755275
1191,0.4916164,0.18087338,0.26715907,0.1902684,0.22445732,-0.009395018
1192,0.74603605,0.25868654,0.29600966,0.21998064,0.4500264,0.0387059
1193,1.0664234,0.18862231,0.30078256,0.19813365,0.76564085,-0.009511337
1194,0.6520511,0.15456837,0.20476735,0.14289947,0.44728374,0.011668906
1195,0.89045656,0.33684266,0.4340482,0.3154171,0.45640835,0.021425545
1196,0.4081915,0.18297829,0.20040485,0.1428919,0.20778665,0.04008639
1197,0.28678772,0.049844578,0.11346905,0.07164738,0.17331867,-0.021802805
1198,0.121873505,-0.009495127,0.031206787,0.01384447,0.09066672,-0.023339596
1199,0.11458343,0.032816436,0.021548342,0.01778768,0.09303509,0.015028756
1200,0.20454004,-0.022180336,0.064879015,0.042221893,0.13966103,-0.06440223
1201,0.95446086,0.32693356,0.3746238,0.30031073,0.5798371,0.026622832
1202,0.065210655,-0.0034949998,0.07248641,0.04645847,-0.0072757527,-0.049953472
1203,0.9117006,0.26927102,0.38795456,0.25482762,0.523746,0.0144433975
1204,0.92186517,0.22379753,0.30912247,0.22989517,0.61274266,-0.0060976446
1205,0.96986836,0.4089818,0.51236695,0.39586106,0.4575014,0.013120741
1206,0.9761711,0.20219488,0.29436195,0.20645198,0.6818091,-0.004257098
1207,0.70180804,0.08433627,0.106525965,0.08062343,0.5952821,0.0037128404
1208,0.8609636,0.21423057,0.2936908,0.20820065,0.5672728,0.006029919
1209,0.82525325,0.19412486,0.25960857,0.18017386,0.5656447,0.013951004
1210,0.6850256,0.18505353,0.285766,0.19425449,0.39925957,-0.00920096
1211,0.9739384,0.2195809,0.33103913,0.23204163,0.6428993,-0.0124607235
1212,0.7440953,0.20258634,0.30881745,0.21409036,0.43527788,-0.011504024
1213,0.7400518,0.17271872,0.21100321,0.16373461,0.52904856,0.008984104
1214,0.95126575,0.17158514,0.22915341,0.16271916,0.72211236,0.008865982
1215,1.0687304,0.14905116,0.27802777,0.20416735,0.7907026,-0.05511619
1216,0.82529014,0.18878004,0.31816813,0.20536236,0.50712204,-0.016582325
1217,0.7352854,0.18049239,0.29644987,0.21916038,0.43883553,-0.03866799
1218,0.87317103,0.22637954,0.2837372,0.19564903,0.5894338,0.030730516
1219,0.90851057,0.26442102,0.23806128,0.17077082,0.67044926,0.09365019
1220,0.14174104,0.054387767,0.05135095,0.044084106,0.090390086,0.010303661
1221,0.7782302,0.11523134,0.18568149,0.13646215,0.5925487,-0.02123081
1222,0.054897375,0.061597124,0.060638037,0.04864425,-0.005740661,0.012952875
1223,0.08658692,0.11489804,0.048722748,0.034569878,0.037864175,0.08032817
1224,0.06698691,0.0434956,0.031242602,0.024792844,0.03574431,0.018702755
1225,1.1555215,0.29818892,0.4584955,0.3057115,0.697026,-0.007522583
1226,0.4511646,0.066943616,0.13646358,0.091428645,0.31470102,-0.02448503
1227,0.72734296,0.13230991,0.17052834,0.11520661,0.5568146,0.017103307
1228,0.20445628,0.097015694,0.0901214,0.060993385,0.11433488,0.03602231
1229,0.89658517,0.1451656,0.14928009,0.111033276,0.7473051,0.03413233
1230,0.08133892,0.13090053,0.042535532,0.03175276,0.038803387,0.09914777
1231,0.62084246,0.23697141,0.27257052,0.20276977,0.34827194,0.034201637
1232,1.0338305,0.10750439,0.17172298,0.12629707,0.8621075,-0.018792681
1233,0.094383605,0.08593734,0.06627694,0.050407134,0.028106667,0.03553021
1234,0.16856438,0.039245725,0.0766495,0.050967768,0.09191488,-0.011722043
1235,0.013961389,0.12864569,0.0310709,0.019012196,-0.01710951,0.10963349
1236,0.92488843,0.245432,0.31479758,0.2192665,0.61009085,0.0261655
1237,0.30524048,0.13166314,0.107208684,0.077780664,0.1980318,0.05388248
1238,1.029582,0.2896196,0.36225834,0.28329146,0.6673237,0.0063281357
1239,0.03052255,0.007989257,0.0398328,0.023543471,-0.009310251,-0.015554215
1240,1.2108889,0.34640792,0.5186068,0.34673187,0.6922821,-0.00032395124
1241,1.4217758,0.20484461,0.42558342,0.23607093,0.9961924,-0.031226322
1242,0.791571,0.11724578,0.16191426,0.10542058,0.6296568,0.011825196
1243,0.63936293,0.18971033,0.27182254,0.1902647,0.3675404,-0.0005543679
1244,0.99810517,0.19892372,0.3389959,0.21744634,0.65910923,-0.01852262
1245,0.4707021,0.0694299,0.13741954,0.091770545,0.3332826,-0.022340648
1246,1.2299907,0.36576018,0.5155163,0.36567345,0.71447444,8.672476e-05
1247,0.88139725,0.22569504,0.31481174,0.22696038,0.56658554,-0.0012653321
1248,0.04873531,0.06509341,0.026856488,0.018859666,0.021878822,0.046233747
1249,0.8336378,0.21944484,0.28834167,0.21324483,0.5452961,0.0062000155
1250,0.9629518,0.3233038,0.4115422,0.3030675,0.5514096,0.020236284
1251,0.17164576,0.07606125,0.10602917,0.07136693,0.06561659,0.0046943203
1252,0.908406,0.28567448,0.47355977,0.28639072,0.43484625,-0.0007162392
1253,0.80502695,0.36752203,0.4675608,0.34579307,0.33746615,0.021728963
1254,0.81766,0.23069952,0.28814372,0.1867447,0.5295162,0.04395482
1255,0.6397951,0.12954968,0.20246977,0.14180556,0.43732536,-0.012255877
1256,1.1666505,0.36491683,0.5036297,0.3591776,0.66302085,0.005739242
1257,1.1807824,0.29764205,0.39437032,0.28309214,0.7864121,0.014549911
1258,1.0553203,0.3279628,0.47816285,0.32454178,0.5771574,0.0034210086
1259,0.8540132,0.18656686,0.24426548,0.18214016,0.6097477,0.004426703
1260,0.95627624,0.2139094,0.25602677,0.17983314,0.70024943,0.03407626
1261,-0.014770168,0.12823617,0.031302337,0.015168391,-0.046072505,0.11306778
1262,0.8257896,0.15796208,0.2128563,0.13075864,0.6129333,0.02720344
1263,0.3288227,0.14570938,0.20098835,0.1450636,0.12783435,0.0006457865
1264,1.1578169,0.3395628,0.44160268,0.36323836,0.7162142,-0.023675561
1265,0.7432513,0.26600203,0.34353307,0.25074613,0.39971825,0.015255898
1266,-0.0010916746,0.12861449,0.0450607,0.022740832,-0.046152376,0.10587365
1267,0.0470387,0.111374184,0.039488267,0.022759318,0.0075504333,0.088614866
1268,0.7744213,0.23007353,0.2869807,0.21838011,0.4874406,0.011693418
1269,0.82562226,0.20878494,0.26616585,0.1944411,0.5594564,0.014343843
1270,0.8205432,0.37226915,0.4033244,0.27276385,0.41721883,0.099505305
1271,0.6566436,0.19052124,0.2799195,0.19587569,0.37672412,-0.005354449
1272,0.8748762,0.19702043,0.3031424,0.19455564,0.57173383,0.0024647862
1273,0.7591562,0.19377202,0.23846926,0.1785631,0.520687,0.015208915
1274,0.7907899,0.22138743,0.30215067,0.22074383,0.48863924,0.00064359605
1275,0.7694914,0.14058189,0.22437418,0.15517946,0.5451172,-0.014597565
1276,0.09367592,0.1500202,0.059710294,0.045366015,0.033965625,0.10465418
1277,1.0234226,0.22568475,0.2945344,0.2171689,0.7288882,0.00851585
1278,0.45677552,0.20939535,0.26168838,0.19171497,0.19508713,0.017680377
1279,0.863953,0.274222,0.28632686,0.20431477,0.5776261,0.06990722
1280,1.2249376,0.42294705,0.54598105,0.36203954,0.6789565,0.060907513
1281,0.8258159,0.21160214,0.29325253,0.20685703,0.5325634,0.004745111
1282,0.006812757,-0.061320104,0.013151871,0.0036443898,-0.006339114,-0.064964496
1283,0.6794079,0.14601906,0.13243192,0.099527046,0.546976,0.04649201
1284,1.4436406,0.4816973,0.73561716,0.4905119,0.7080234,-0.008814603
1285,0.8619463,0.24184816,0.27055982,0.19987571,0.59138644,0.041972443
1286,0.7834692,0.15262958,0.23859176,0.16351898,0.5448774,-0.010889396
1287,0.90078855,0.09437308,0.16633053,0.12170592,0.734458,-0.027332842
1288,0.7687725,0.23699422,0.19224393,0.13966773,0.57652855,0.09732649
1289,0.20808157,0.025964368,0.07769648,0.051894005,0.1303851,-0.025929637
1290,1.3348461,0.19299288,0.25247765,0.17393206,1.0823685,0.01906082
1291,0.8227665,0.17460166,0.29777557,0.2010209,0.5249909,-0.026419237
1292,0.7893871,0.13834248,0.28473073,0.17046615,0.5046564,-0.03212367
1293,0.71635514,0.20285633,0.26125142,0.17160279,0.45510373,0.031253546
1294,0.011678729,0.0591728,0.03970782,0.029914243,-0.028029092,0.029258559
1295,1.2623881,0.20717368,0.3449714,0.22595662,0.9174167,-0.018782943
1296,0.932018,0.25513312,0.34954032,0.23195648,0.5824777,0.02317664
1297,0.9530859,0.20875242,0.33335206,0.22677319,0.6197338,-0.018020764
1298,0.08079228,0.015380188,0.04804932,0.030722015,0.03274296,-0.015341827
1299,0.95793825,0.25362563,0.31509948,0.23825964,0.6428388,0.015365988
1300,0.21972482,0.0766759,0.06944446,0.048037495,0.15028036,0.028638404
1301,0.9530091,0.2514723,0.3746413,0.23863466,0.5783678,0.0128376335
1302,0.18496381,0.059698317,0.07883698,0.056744043,0.10612683,0.0029542744
1303,0.028919594,0.2145067,0.052449718,0.039621342,-0.023530124,0.17488536
1304,0.4705663,0.1820421,0.20295803,0.16508295,0.26760828,0.01695916
1305,0.0062227156,-0.024757182,0.03040778,0.016593833,-0.024185065,-0.041351013
1306,0.2036592,0.05006163,0.09509999,0.06323578,0.10855921,-0.013174154
1307,0.9197784,0.2323171,0.3199338,0.23868021,0.5998446,-0.0063631088
1308,0.6556041,0.22398709,0.27167514,0.19201311,0.38392898,0.031973973
1309,1.0973052,0.2642286,0.34637982,0.22742163,0.75092536,0.036806986
1310,0.06934156,0.05682046,0.03548871,0.021701943,0.033852853,0.035118517
1311,0.45173064,0.096102625,0.073738754,0.057302896,0.37799188,0.03879973
1312,0.08185816,0.03966234,0.077865176,0.05795491,0.003992982,-0.018292572
1313,0.804824,0.14810824,0.2139864,0.15425888,0.5908376,-0.006150633
1314,0.7597793,0.22124267,0.27044296,0.19045392,0.4893363,0.03078875
1315,0.43164897,0.13206038,0.11033518,0.062813975,0.3213138,0.069246404
1316,0.5556542,0.08924709,0.13895041,0.099844106,0.41670382,-0.010597013
1317,0.023519972,0.07683898,0.020565819,0.012955636,0.0029541533,0.06388334
1318,0.9105913,0.2940248,0.30541056,0.24042173,0.60518074,0.053603068
1319,0.11586263,0.08314588,0.09215318,0.06512402,0.023709454,0.01802186
1320,0.14067452,0.15228336,0.11989771,0.09840581,0.020776808,0.053877547
1321,0.2040438,0.11466099,0.079746984,0.0586578,0.12429682,0.056003194
1322,0.2854604,0.10816979,0.133156,0.09941633,0.15230441,0.008753456
1323,0.65931857,0.10799359,0.14985898,0.10465134,0.5094596,0.0033422485
1324,1.0352343,0.27192083,0.3311528,0.23686598,0.70408154,0.035054848
1325,0.7321563,0.22605482,0.28808942,0.2141608,0.44406685,0.011894017
1326,0.68641675,0.26538432,0.34877568,0.25948966,0.33764106,0.005894661
1327,0.15975381,0.14370112,0.13282536,0.10187704,0.026928455,0.04182408
1328,0.7433458,0.24860336,0.2571114,0.18942153,0.4862344,0.059181824
1329,0.7712987,0.1184284,0.16270708,0.12415347,0.6085916,-0.005725071
1330,0.97357386,0.16958603,0.3139823,0.20488848,0.65959156,-0.035302445
1331,1.0337625,0.30897385,0.4635878,0.3423519,0.5701747,-0.033378065
1332,0.19933629,0.037302744,0.046033133,0.029604025,0.15330316,0.0076987185
1333,0.060709365,0.029260812,0.020519044,0.018079495,0.04019032,0.011181317
1334,0.012690611,0.006650786,0.01567928,0.009250934,-0.0029886682,-0.0026001483
1335,0.50949395,0.1719772,0.26212335,0.14994892,0.2473706,0.022028282
1336,1.0157297,0.30378613,0.3864096,0.27245566,0.62932,0.031330466
1337,0.9317897,0.23167126,0.3082318,0.22218718,0.6235579,0.009484082
1338,0.20477667,0.016170746,0.08310335,0.051464427,0.12167332,-0.035293683
1339,0.89482284,0.1308406,0.20028017,0.1275714,0.69454265,0.0032691956
1340,1.0136815,0.29980597,0.41348106,0.29536355,0.6002005,0.0044424236
1341,0.98000664,0.20999077,0.29317743,0.18724447,0.6868292,0.022746295
1342,0.90990597,0.13983235,0.16079114,0.118917026,0.7491148,0.020915322
1343,0.1326528,0.032542706,0.036538906,0.025429139,0.0961139,0.0071135666
1344,0.09138944,0.04703371,0.062002562,0.04517282,0.029386878,0.0018608868
1345,0.36099067,0.10335741,0.149629,0.10395615,0.21136168,-0.0005987361
1346,0.09029515,-0.04478256,0.015394133,0.006057835,0.074901015,-0.050840396
1347,0.88094586,0.14491239,0.18438672,0.13503347,0.69655913,0.0098789185
1348,0.8533649,0.20895919,0.3135598,0.22537164,0.53980505,-0.016412452
1349,0.66186523,0.16251229,0.23208,0.16500348,0.42978525,-0.002491191
1350,1.033944,0.13975185,0.16926223,0.12166377,0.8646818,0.01808808
1351,0.9256925,0.42145532,0.478972,0.36296308,0.4467205,0.058492243
1352,0.8203122,0.31023064,0.37067342,0.27275416,0.44963878,0.03747648
1353,0.19107984,0.010201284,0.07766591,0.05233167,0.11341393,-0.04213039
1354,0.7692077,0.17913331,0.3863682,0.23655443,0.38283953,-0.057421118
1355,1.1168015,0.45015213,0.634076,0.44089207,0.4827255,0.009260058
1356,0.14122474,0.04378177,0.052983146,0.037688974,0.08824159,0.0060927942
1357,0.4609433,0.18461742,0.20884453,0.1404008,0.2520988,0.044216618
1358,0.96868426,0.20700626,0.2521387,0.1856701,0.7165456,0.021336168
1359,0.14381434,0.051907033,0.06677182,0.048614983,0.07704252,0.0032920502
1360,0.6031445,0.22785285,0.3019539,0.2207008,0.3011906,0.0071520507
1361,0.92829716,0.3175606,0.3269653,0.23958799,0.60133183,0.07797262
1362,0.7957886,0.16518672,0.21267089,0.14900252,0.5831177,0.016184196
1363,0.95453095,0.27935535,0.38930836,0.27027825,0.5652226,0.009077102
1364,0.9248149,0.2919199,0.39566734,0.30876002,0.5291475,-0.01684013
1365,1.0470977,0.3482206,0.45908237,0.30587927,0.5880153,0.04234132
1366,0.32467172,0.14909638,0.17258306,0.12475841,0.15208866,0.024337977
1367,0.6269557,0.16291384,0.20048112,0.147899,0.42647457,0.015014842
1368,0.9013923,0.11951181,0.22627741,0.13882384,0.67511487,-0.019312024
1369,0.8707757,0.23017311,0.34854594,0.2614433,0.5222298,-0.031270176
1370,1.0071484,0.11070173,0.21425672,0.15200932,0.7928917,-0.04130759
1371,0.9820029,0.28504923,0.34060448,0.2548482,0.64139843,0.030201018
1372,0.115787305,0.009592672,0.06523399,0.04751381,0.050553314,-0.037921138
1373,0.05882503,0.006802292,0.016349463,0.009375859,0.042475566,-0.002573567
1374,0.032965742,0.029579138,0.03671026,0.025395242,-0.0037445165,0.004183896
1375,0.059403054,-0.008495216,0.06290938,0.03582633,-0.0035063252,-0.044321544
1376,0.078159034,0.030085396,0.033717833,0.025257125,0.0444412,0.0048282705
1377,1.0298843,0.33184826,0.43671313,0.3112784,0.59317124,0.020569861
1378,0.2244762,0.07791953,0.08221198,0.0661613,0.14226422,0.011758231
1379,0.6430121,0.23794824,0.33964536,0.23207408,0.30336675,0.005874157
1380,0.96216536,0.20405994,0.2994962,0.21546847,0.6626692,-0.011408523
1381,0.1608224,0.038634457,0.047003675,0.038287204,0.113818735,0.00034725294
1382,0.04975018,0.136736,0.056180038,0.035436526,-0.0064298585,0.10129948
1383,0.1137217,-0.0060533825,0.07308031,0.040631425,0.04064139,-0.04668481
1384,1.1927465,0.15159985,0.22412375,0.15334302,0.9686228,-0.0017431676
1385,0.16537282,0.22503488,0.08300431,0.0511587,0.08236851,0.17387618
1386,1.1230644,0.16869506,0.32816753,0.23186928,0.79489684,-0.06317422
1387,0.23391439,0.089709364,0.11812208,0.08429513,0.11579231,0.0054142326
1388,0.4394679,0.10731851,0.12235009,0.085728094,0.3171178,0.02159042
1389,1.2118256,0.29292357,0.42295486,0.2696418,0.78887075,0.023281783
1390,0.06609617,0.06092541,0.04486844,0.03816202,0.021227732,0.02276339
1391,1.0537406,0.35998484,0.43927944,0.3064219,0.6144612,0.05356294
1392,0.5858158,0.18757467,0.21332872,0.12212851,0.37248707,0.06544616
1393,0.9264088,0.12539381,0.2008781,0.13392979,0.72553074,-0.008535981
1394,0.6636237,0.22760108,0.34341365,0.2508538,0.32021004,-0.023252726
1395,0.46584705,0.0731508,0.18119681,0.11772647,0.28465024,-0.04457567
1396,1.0109622,0.33917782,0.4810758,0.32481933,0.5298865,0.014358491
1397,0.10301939,0.16285451,0.05318405,0.037902325,0.049835335,0.12495218
1398,0.75578123,0.30104434,0.36884236,0.28242582,0.38693887,0.018618524
1399,0.74256116,0.19322677,0.22241922,0.16110855,0.52014196,0.032118216
1400,1.1203845,0.29898247,0.420514,0.29493216,0.69987047,0.0040503144
1401,1.0359393,0.46176547,0.6051884,0.42157605,0.4307509,0.040189415
1402,1.1823965,0.26104885,0.41135785,0.24826187,0.77103865,0.012786984
1403,0.17752323,0.03623082,0.058019727,0.038433906,0.1195035,-0.0022030845
1404,0.7019072,0.15390612,0.2596829,0.16615419,0.44222432,-0.012248069
1405,0.722934,0.2524421,0.23450717,0.156753,0.48842683,0.09568909
1406,0.15525302,0.07538728,0.055546988,0.03877038,0.09970604,0.036616895
1407,0.061581433,0.13126017,0.0421278,0.033945434,0.019453634,0.09731474
1408,0.9518422,0.18554547,0.26311523,0.18624774,0.68872696,-0.0007022619
1409,0.8134489,0.18725964,0.2190557,0.15658635,0.5943932,0.030673295
1410,0.7700214,0.19201295,0.33752048,0.22593008,0.4325009,-0.03391713
1411,0.6357265,0.17086276,0.2233952,0.14982617,0.4123313,0.021036595
1412,0.012940473,0.031914476,0.02215477,0.017535228,-0.009214298,0.014379248
1413,0.58438677,0.13042207,0.18995379,0.14125897,0.39443296,-0.010836899
1414,0.8049287,0.14824805,0.23880954,0.14335261,0.5661192,0.004895434
1415,0.82836723,0.27854788,0.36539495,0.26194686,0.46297228,0.016601026
1416,1.2894202,0.14434691,0.17958213,0.13834015,1.1098381,0.0060067624
1417,0.40801743,0.07228347,0.072949044,0.053805202,0.33506837,0.018478267
1418,0.17923722,0.036940943,0.05443806,0.03766193,0.12479916,-0.00072098523
1419,0.6761939,0.17010812,0.2060762,0.14679417,0.4701177,0.023313954
1420,1.091946,0.39840886,0.41955432,0.29561675,0.67239165,0.102792114
1421,0.69301,0.22077355,0.30944055,0.20826116,0.38356942,0.012512386
1422,0.7519355,0.1688258,0.23056638,0.17142779,0.5213691,-0.0026019812
1423,0.25991756,0.13132708,0.06327499,0.04459225,0.19664258,0.08673483
1424,0.36126348,0.11547161,0.13344415,0.102689,0.22781934,0.012782611
1425,1.1148349,0.29111284,0.3487564,0.24242115,0.7660785,0.04869169
1426,0.29622784,0.15933642,0.12513028,0.08545405,0.17109756,0.07388237
1427,0.11246773,0.09614665,0.086157516,0.06254888,0.026310213,0.033597767
1428,0.15453446,0.049237788,0.048357867,0.038128447,0.10617659,0.011109341
1429,0.51659966,0.14831561,0.16062357,0.10618548,0.3559761,0.042130128
1430,0.7084733,0.33623025,0.37473547,0.30957076,0.33373785,0.026659489
1431,0.5060334,0.2575823,0.2538274,0.16953209,0.25220603,0.08805022
1432,0.91587424,0.13023259,0.23488878,0.14516515,0.68098545,-0.014932558
1433,0.8599319,0.25511104,0.346749,0.2490193,0.5131829,0.0060917437
1434,1.1152037,0.25298813,0.32011282,0.22428747,0.7950909,0.028700665
1435,0.40923935,0.11237505,0.16456822,0.10315935,0.24467114,0.009215698
1436,0.7318798,0.21891096,0.24346507,0.1653121,0.4884147,0.053598866
1437,0.044307474,0.13053463,0.034428205,0.024425767,0.009879269,0.10610887
1438,1.0448254,0.23390454,0.3679378,0.2337286,0.67688763,0.00017593801
1439,0.24884583,0.20435394,0.11251841,0.078549355,0.13632742,0.12580459
1440,0.5930591,0.21779008,0.2542206,0.19190316,0.33883852,0.025886923
1441,0.16782074,0.08692039,0.09575267,0.06326638,0.072068065,0.023654006
1442,0.9356665,0.1985331,0.25555772,0.19880219,0.6801088,-0.00026908517
1443,0.85491997,0.3794588,0.43722838,0.3250243,0.4176916,0.054434508
1444,0.28054446,0.11082472,0.118419126,0.08313629,0.16212533,0.027688429
1445,0.7797336,0.18711586,0.2505859,0.18811268,0.5291477,-0.0009968132
1446,1.1929588,0.30256727,0.45197764,0.29055116,0.7409812,0.012016118
1447,0.82610357,0.17656776,0.32243356,0.19874159,0.50367,-0.022173822
1448,1.0270675,0.24389906,0.29435882,0.21586818,0.7327087,0.028030887
1449,1.0468662,0.21329953,0.3372989,0.22956492,0.7095673,-0.016265392
1450,0.71236396,0.21799085,0.2816362,0.20585537,0.43072775,0.012135476
1451,0.18209612,0.04892054,0.054968692,0.040024012,0.12712744,0.008896526
1452,0.401688,0.20047149,0.25312957,0.18802056,0.14855844,0.012450933
1453,0.014767014,-0.061109774,0.044356436,0.024189271,-0.029589422,-0.085299045
1454,0.88705283,0.19071107,0.2777395,0.19535175,0.60931337,-0.0046406835
1455,0.07236272,0.028032983,0.03893928,0.03074651,0.033423442,-0.0027135275
1456,0.4710826,0.122158095,0.12192117,0.08877242,0.34916145,0.03338567
1457,0.12906733,-6.617096e-05,0.07117395,0.046549246,0.05789338,-0.046615418
1458,0.5003341,0.23670976,0.20882364,0.16213527,0.29151046,0.074574485
1459,1.149731,0.45290226,0.545051,0.40913188,0.60468006,0.043770373
1460,0.79920834,0.13992459,0.22997183,0.1630422,0.5692365,-0.023117617
1461,1.0374516,0.16594383,0.18441004,0.1342449,0.8530416,0.031698927
1462,0.56855655,0.18399198,0.25914577,0.19008924,0.30941078,-0.006097257
1463,0.8815711,0.03665773,0.088404275,0.06636351,0.7931668,-0.029705785
1464,0.8328382,0.19400541,0.22451529,0.15406668,0.60832286,0.039938733
1465,0.8420509,0.1973875,0.25022453,0.18535763,0.5918264,0.012029871
1466,0.172184,0.06752761,0.06863972,0.04757685,0.10354429,0.019950759
1467,0.734927,0.2595484,0.33282718,0.25382164,0.40209982,0.0057267547
1468,0.07961489,0.028933411,0.0363496,0.023937423,0.043265294,0.0049959887
1469,0.18358971,0.085359916,0.09197542,0.069735125,0.09161429,0.015624791
1470,0.33475268,0.07374948,0.07802318,0.060812503,0.25672948,0.0129369795
1471,1.050875,0.29963312,0.41515854,0.30285358,0.63571644,-0.0032204688
1472,0.1475975,0.076315686,0.071072824,0.044552814,0.07652468,0.031762872
1473,1.3057349,0.19491254,0.3217275,0.22682129,0.98400736,-0.03190875
1474,0.12104834,0.048343353,0.027971905,0.02007156,0.09307644,0.028271792
1475,0.5787902,0.20114946,0.25243592,0.17839235,0.32635427,0.022757113
1476,0.026524916,0.017194748,0.021710651,0.017405462,0.0048142653,-0.0002107136
1477,1.0692068,0.33479923,0.40434983,0.30349308,0.66485703,0.031306148
1478,0.1614995,0.026020346,0.03358908,0.026175158,0.12791042,-0.00015481189
1479,1.1093981,0.2791892,0.4219374,0.30717826,0.6874607,-0.02798906
1480,0.7567051,0.16966033,0.19066004,0.13687891,0.56604505,0.032781422
1481,0.7532438,0.17101595,0.24520558,0.16693811,0.5080382,0.004077837
1482,0.00515174,-0.0031601381,0.019644782,0.010960772,-0.014493043,-0.01412091
1483,0.39443004,0.082029566,0.10320411,0.06782453,0.29122594,0.014205039
1484,1.1909379,0.24911998,0.35148823,0.23779124,0.83944964,0.011328742
1485,1.0842074,0.27232122,0.33985817,0.255317,0.74434924,0.017004222
1486,0.7928211,0.29712582,0.41198608,0.2946685,0.38083503,0.0024573207
1487,0.8026828,0.19553933,0.26445344,0.1916939,0.53822935,0.0038454235
1488,1.0005809,0.1564093,0.24267973,0.16860798,0.7579012,-0.012198687
1489,0.10835253,0.042912554,0.04040572,0.033012174,0.06794681,0.00990038
1490,0.9155497,0.12853795,0.19263321,0.13919683,0.7229165,-0.010658875
1491,0.122913614,0.0687625,0.060945585,0.04039552,0.06196803,0.028366983
1492,1.3755021,0.21435776,0.37311095,0.23833528,1.0023911,-0.023977518
1493,0.08949932,0.11408941,0.06541248,0.0370701,0.02408684,0.077019304
1494,0.870668,0.23906451,0.31638333,0.2500717,0.5542847,-0.01100719
1495,0.31471217,0.035333578,0.09790958,0.07140975,0.2168026,-0.03607617
1496,0.36233065,0.07589081,0.10484299,0.07650212,0.25748765,-0.0006113127
1497,-0.01641581,0.13099848,0.011342547,0.004677556,-0.027758356,0.12632093
1498,0.037184503,-0.0051958635,0.024622068,0.017376956,0.012562435,-0.02257282
1499,0.7161187,0.1626014,0.25209406,0.18885975,0.46402463,-0.02625835
1500,0.42350534,0.11537249,0.14121617,0.09646665,0.28228915,0.018905833
1501,0.6041016,0.17590258,0.18535137,0.13720112,0.41875023,0.03870146
1502,1.0248184,0.15957427,0.23877601,0.16155101,0.7860424,-0.0019767433
1503,0.27899194,0.04539891,0.06958423,0.048141547,0.20940772,-0.002742637
1504,0.29164806,0.056021284,0.11479869,0.06852861,0.17684937,-0.012507323
1505,0.2289018,0.049173914,0.048445962,0.03299842,0.18045583,0.016175494
1506,0.8225261,0.19537422,0.30973908,0.20697042,0.512787,-0.011596203
1507,0.67966646,0.1201447,0.20115528,0.13848177,0.47851118,-0.018337063
1508,0.115434974,0.008338085,0.08008961,0.04863799,0.035345368,-0.040299904
1509,-0.0018173932,-0.008970163,0.01494486,0.010208841,-0.016762253,-0.019179005
1510,0.3959346,0.18967447,0.23516554,0.162703,0.16076908,0.026971474
1511,0.1958057,0.045931555,0.04755546,0.029918218,0.14825024,0.016013337
1512,0.08594487,0.03707585,0.030960219,0.02268949,0.05498465,0.014386361
1513,0.24233179,0.07784183,0.09419617,0.07189047,0.14813562,0.00595136
1514,0.99849266,0.1402416,0.20525339,0.15201607,0.79323924,-0.01177448
1515,0.7050571,0.20867287,0.3369131,0.23188508,0.36814398,-0.02321221
1516,1.2330738,0.27662286,0.31832078,0.22521481,0.9147531,0.051408052
1517,0.7210771,0.2280345,0.21715425,0.16242522,0.5039228,0.06560928
1518,0.38811603,0.12435595,0.12558217,0.0938503,0.26253384,0.03050565
1519,0.97040725,0.20579338,0.31402543,0.22233842,0.65638185,-0.016545042
1520,1.0529498,0.13848096,0.24448724,0.16719761,0.80846256,-0.028716654
1521,0.23621903,0.12590604,0.07294891,0.053396646,0.16327012,0.07250939
1522,0.09499051,0.123204574,0.045816995,0.029728543,0.04917351,0.09347603
1523,0.079198115,-0.00045409947,0.082115576,0.049060244,-0.002917461,-0.049514342
1524,0.122728266,0.06779617,0.08068109,0.065596014,0.042047173,0.0022001565
1525,0.12885013,-0.007929801,0.041368417,0.031468406,0.087481715,-0.03939821
1526,0.54317963,0.16585171,0.22829555,0.17351504,0.31488407,-0.0076633245
1527,1.2373847,0.30044544,0.44683698,0.30648965,0.7905477,-0.006044209
1528,0.75823164,0.25775936,0.2572285,0.19833331,0.50100315,0.059426054
1529,0.0971903,0.01654457,0.025522957,0.015617119,0.07166734,0.00092745014
1530,0.17654584,0.08730477,0.10845471,0.06362627,0.06809113,0.023678504
1531,0.08899847,0.047802642,0.05136131,0.039940882,0.037637156,0.0078617595
1532,0.39594042,0.21949272,0.22806902,0.17629087,0.1678714,0.04320185
1533,0.78486186,0.27042767,0.35970482,0.2597683,0.42515704,0.010659367
1534,0.39048055,0.06111383,0.08243083,0.055288516,0.3080497,0.0058253147
1535,0.7281765,0.2574174,0.3804433,0.26600978,0.34773317,-0.008592367
1536,1.2887077,0.26086867,0.37616864,0.2554896,0.9125391,0.005379081
1537,0.79512584,0.14954259,0.18366142,0.1293577,0.61146444,0.02018489
1538,1.0288002,0.3325254,0.45372245,0.32462502,0.5750778,0.007900387
1539,0.6539422,0.21814947,0.341662,0.22279932,0.31228024,-0.0046498477
1540,0.7420816,0.34165663,0.41927418,0.3036033,0.3228074,0.038053334
1541,1.0421845,0.25130746,0.3906108,0.27295125,0.65157366,-0.021643788
1542,0.65334874,0.18248834,0.17444755,0.12748314,0.4789012,0.055005193
1543,0.64136356,0.13974543,0.22575459,0.16289109,0.41560897,-0.02314566
1544,1.0077853,0.17377493,0.2669634,0.18442044,0.74082196,-0.010645509
1545,0.11740511,-0.027185343,0.044338588,0.021902896,0.07306652,-0.04908824
1546,0.7713695,0.13387457,0.23403418,0.16372742,0.53733534,-0.029852852
1547,0.6932152,0.1806054,0.23651682,0.15670662,0.45669836,0.02389878
1548,1.0303789,0.26527393,0.44074783,0.27519712,0.5896311,-0.00992319
1549,0.8154411,0.123364106,0.1978255,0.13208762,0.6176156,-0.008723512
1550,0.25439617,0.08039255,0.13331641,0.09195696,0.12107976,-0.011564411
1551,1.2803955,0.3606161,0.45930207,0.2948637,0.82109344,0.06575239
1552,0.044798624,0.13646896,0.034918096,0.023616204,0.009880528,0.11285276
1553,0.42843965,0.080118015,0.11751416,0.08352985,0.31092548,-0.003411837
1554,0.19924055,0.1330951,0.10514146,0.08941358,0.09409909,0.043681517
1555,0.21013339,0.050077144,0.04878571,0.03091284,0.16134769,0.019164303
1556,0.32994014,0.14078493,0.20158266,0.12929605,0.12835748,0.011488885
1557,0.038966235,-0.02996262,0.03212704,0.018025463,0.0068391934,-0.047988083
1558,0.66767263,0.17696504,0.28367212,0.1906929,0.3840005,-0.013727859
1559,0.10692086,0.058884423,0.06421537,0.050611287,0.04270549,0.008273136
1560,-0.017928343,-0.03392501,0.011301967,0.0050715543,-0.029230312,-0.038996566
1561,1.0544921,0.32609028,0.38318324,0.29703885,0.6713089,0.029051423
1562,1.0546277,0.3097752,0.44268867,0.2794132,0.61193895,0.03036201
1563,0.62394357,0.111700624,0.1391057,0.09405461,0.48483786,0.017646015
1564,-0.026528306,0.11138891,0.009323919,0.0021963771,-0.035852224,0.10919253
1565,0.17520756,0.022985784,0.09821983,0.066106364,0.07698773,-0.043120578
1566,0.2406096,0.19509375,0.10253461,0.07128257,0.138075,0.12381118
1567,0.0023856445,0.06384697,0.022340825,0.02056229,-0.01995518,0.043284677
1568,0.8291655,0.45738792,0.49562427,0.38788795,0.33354124,0.06949997
1569,0.8353403,0.16492148,0.23862138,0.17081077,0.5967189,-0.0058892965
1570,0.5078851,0.05201637,0.12064502,0.07746822,0.38724008,-0.025451846
1571,0.007533748,0.10046559,0.015100082,0.0047442648,-0.007566334,0.09572133
1572,0.13821033,0.051651407,0.04419396,0.030297356,0.094016366,0.021354051
1573,0.59841055,0.13971436,0.13542725,0.10015815,0.4629833,0.039556213
1574,1.0180357,0.27749848,0.3484581,0.2423276,0.66957754,0.035170883
1575,0.058912765,-0.010914512,0.04551911,0.028136484,0.013393655,-0.039050996
1576,0.1582625,0.041532088,0.047367997,0.035543457,0.11089451,0.0059886314
1577,0.42554894,0.04618023,0.10555851,0.067533076,0.31999043,-0.021352846
1578,0.3132492,0.12621604,0.12494565,0.10012276,0.18830356,0.026093282
1579,0.12048946,0.058627296,0.03395199,0.028987104,0.08653747,0.029640192
1580,0.87571627,0.13760744,0.181236,0.12562293,0.6944803,0.011984512
1581,1.0037998,0.14258423,0.20731972,0.14650474,0.79648006,-0.0039205104
1582,0.73509514,0.14553611,0.21216016,0.150698,0.522935,-0.0051618963
1583,0.1920335,0.04915187,0.058828384,0.041763864,0.13320512,0.007388007
1584,0.5577315,0.10857208,0.1368326,0.094346695,0.4208989,0.014225386
1585,0.74480796,0.09594469,0.16523387,0.12389126,0.5795741,-0.027946569
1586,0.47855067,0.13181943,0.16668428,0.11361118,0.3118664,0.01820825
1587,0.35549232,0.1260069,0.14971727,0.10559651,0.20577505,0.020410389
1588,0.5672038,0.16706254,0.23219165,0.16288608,0.33501217,0.0041764528
1589,0.050258085,0.036723703,0.022545034,0.0127585195,0.027713051,0.023965184
1590,0.7788238,0.17463495,0.28986993,0.19717027,0.48895386,-0.022535324
1591,1.2024943,0.20432426,0.30906552,0.19756119,0.89342874,0.006763071
1592,0.7615961,0.23456307,0.28895155,0.217091,0.47264454,0.017472073
1593,0.67848307,0.13135597,0.14094903,0.103752345,0.53753406,0.027603626
1594,0.83098537,0.34109434,0.4817347,0.30393815,0.34925067,0.037156194
1595,0.25385192,0.15834671,0.09885941,0.070730895,0.15499252,0.08761582
1596,0.06903791,0.0030302252,0.021578569,0.012315168,0.047459338,-0.009284943
1597,1.0898383,0.3326268,0.3944887,0.28844264,0.6953496,0.04418415
1598,0.99782777,0.25197822,0.361392,0.22289199,0.63643575,0.029086232
1599,0.73246634,0.29843837,0.35951746,0.2567788,0.37294888,0.041659564
1600,-0.00011576337,-0.006895263,0.00506925,0.0035642767,-0.005185013,-0.01045954
1601,0.7866895,0.23772733,0.28445613,0.21312545,0.5022334,0.024601877
1602,0.111874476,0.044828046,0.062387623,0.038635097,0.049486853,0.0061929487
1603,0.30886883,0.042714383,0.056542568,0.035680193,0.25232625,0.00703419
1604,0.6445108,0.122675024,0.15158172,0.11059301,0.4929291,0.0120820105
1605,0.022554742,0.15087418,0.040430274,0.0308928,-0.017875532,0.11998138
1606,0.7069234,0.2146732,0.26482576,0.1889225,0.44209766,0.025750712
1607,0.71579283,0.16199577,0.2373134,0.15503474,0.47847944,0.0069610327
1608,0.8727187,0.18792443,0.24921633,0.17134027,0.6235024,0.016584158
1609,0.80040485,0.2180049,0.29519024,0.19426121,0.5052146,0.023743689
1610,0.4742643,0.2133028,0.24529567,0.1640789,0.22896862,0.0492239
1611,0.68121636,0.18356842,0.23291758,0.16048498,0.44829878,0.023083434
1612,0.31503502,0.050264057,0.12880346,0.09046467,0.18623155,-0.04020061
1613,0.7651569,0.09361848,0.14559087,0.10752871,0.6195661,-0.0139102265
1614,0.9238712,0.37191465,0.4970818,0.3495339,0.42678943,0.02238077
1615,0.7870977,0.19913253,0.3077075,0.20644303,0.4793902,-0.007310495
1616,1.2440351,0.21593024,0.2605316,0.19961725,0.9835035,0.016312987
1617,0.23247255,0.11936949,0.13083532,0.090207964,0.10163723,0.029161528
1618,0.9746707,0.14688683,0.2381144,0.16802591,0.7365563,-0.021139085
1619,0.79050905,0.17695753,0.21833268,0.15185924,0.57217634,0.025098294
1620,0.056839816,0.05850957,0.042800948,0.034057487,0.014038868,0.024452083
1621,1.0700167,0.2421793,0.3763406,0.2649349,0.6936761,-0.022755593
1622,0.7554159,0.18627422,0.2398617,0.1598164,0.5155542,0.026457816
1623,1.0094805,0.32908526,0.46712443,0.2966629,0.542356,0.032422364
1624,1.4527267,0.1556017,0.3007866,0.19891821,1.1519401,-0.043316513
1625,0.91201997,0.22654663,0.3431574,0.24814583,0.56886256,-0.021599203
1626,1.0410963,0.1802465,0.25808245,0.18500799,0.7830139,-0.0047614872
1627,1.0008324,0.29335064,0.40846768,0.29949477,0.5923648,-0.006144136
1628,0.969298,0.25940448,0.38093853,0.26252982,0.5883595,-0.0031253397
1629,0.7715696,0.26961973,0.45433962,0.29622748,0.31723,-0.026607752
1630,1.1036646,0.25403485,0.35051566,0.2415222,0.753149,0.012512654
1631,0.5867723,0.11796391,0.14653838,0.10469788,0.44023395,0.013266027
1632,0.8903139,0.3271223,0.44301528,0.31270432,0.44729865,0.014417976
1633,0.12787606,0.04627906,0.07728653,0.056137353,0.05058953,-0.009858292
1634,0.052043356,0.06792323,0.06784041,0.050035696,-0.015797056,0.017887536
1635,1.0835114,0.32103333,0.40514663,0.31240743,0.67836475,0.008625895
1636,0.7963268,0.22041383,0.2573042,0.17158037,0.5390226,0.04883346
1637,0.03187893,0.040965576,0.026699698,0.02179895,0.005179232,0.019166626
1638,1.041632,0.27240458,0.3867561,0.26305974,0.654876,0.009344846
1639,0.775417,0.14457889,0.19482164,0.13976684,0.5805953,0.004812047
1640,0.06904175,0.083783485,0.0556268,0.0433838,0.013414953,0.040399686
1641,-0.018457772,-0.024780553,0.018213447,0.01284877,-0.03667122,-0.03762932
1642,0.3601069,0.027010454,0.0729367,0.04776255,0.28717017,-0.020752097
1643,1.1665525,0.30323315,0.4166993,0.3172302,0.74985325,-0.013997048
1644,1.1400839,0.24457401,0.27398068,0.21029596,0.86610323,0.03427805
1645,0.8616729,0.18049711,0.24145356,0.17828667,0.62021935,0.0022104383
1646,0.9494611,0.19314963,0.29001352,0.20029934,0.65944755,-0.0071497113
1647,0.7863616,0.25130248,0.28953952,0.17325264,0.49682206,0.07804984
1648,0.19221383,0.07616206,0.087745436,0.06309092,0.1044684,0.013071142
1649,0.23451932,0.11076472,0.12345221,0.07072808,0.11106711,0.04003664
1650,0.238903,0.1352403,0.10772371,0.08402004,0.13117929,0.05122026
1651,1.0253624,0.39536035,0.3751465,0.27090883,0.65021586,0.12445152
1652,1.1044166,0.35679758,0.41633302,0.30837497,0.6880836,0.048422605
1653,1.0349797,0.26240206,0.35912728,0.24310543,0.6758524,0.019296631
1654,0.811304,0.27863774,0.37368843,0.25430748,0.43761554,0.024330258
1655,0.22759427,0.06836892,0.040024653,0.03320455,0.18756962,0.035164367
1656,0.017138112,-0.07094812,0.023237158,0.014270475,-0.0060990453,-0.08521859
1657,0.20179376,0.123379186,0.106751174,0.07853414,0.09504259,0.044845045
1658,1.0828545,0.18132955,0.26344848,0.20115966,0.81940603,-0.019830108
1659,0.06164001,0.02658966,0.026255265,0.013464064,0.035384744,0.013125596
1660,0.75932825,0.15417157,0.21113129,0.16106914,0.548197,-0.0068975687
1661,0.18402974,0.10657996,0.1382376,0.09851846,0.045792148,0.008061498
1662,1.0160012,0.2140768,0.31309807,0.22089802,0.70290315,-0.006821215
1663,0.3871382,0.10693892,0.13104,0.09474901,0.25609818,0.01218991
1664,0.16992489,0.05302634,0.059900627,0.04315152,0.11002426,0.009874821
1665,0.9509314,0.14412804,0.20861338,0.1468609,0.742318,-0.002732858
1666,0.19992042,0.12577136,0.14038114,0.10798039,0.059539273,0.017790966
1667,0.5808975,0.11405812,0.17349559,0.116957895,0.40740192,-0.0028997734
1668,1.2213048,0.4083082,0.6025442,0.43007606,0.6187606,-0.021767855
1669,0.08115478,0.040846247,0.05707053,0.035900924,0.024084248,0.004945323
1670,0.10529974,-0.008662166,0.04437243,0.029081728,0.060927313,-0.037743896
1671,1.221432,0.20429282,0.31575212,0.23144796,0.9056798,-0.027155146
1672,0.112594076,0.15801886,0.0522297,0.04020627,0.060364377,0.11781259
1673,0.7343165,0.18592913,0.24633661,0.18879831,0.48797992,-0.002869174
1674,0.8211852,0.21030402,0.28615502,0.20120409,0.5350301,0.0090999305
1675,1.2345816,0.32639366,0.46362892,0.30281648,0.7709527,0.023577183
1676,0.8755143,0.24205798,0.36467212,0.23315139,0.5108422,0.008906588
1677,0.46616048,0.24031173,0.1645634,0.09324711,0.30159706,0.14706463
1678,0.42183325,0.14961103,0.1693099,0.13126072,0.25252336,0.018350303
1679,0.17513674,-0.028230604,0.05932805,0.032783728,0.115808696,-0.061014332
1680,0.3129279,0.049559884,0.09449206,0.07082818,0.21843584,-0.021268293
1681,1.1219183,0.19258432,0.29461047,0.2043558,0.8273078,-0.011771485
1682,0.50258464,0.092314936,0.18304755,0.111425154,0.3195371,-0.019110218
1683,0.90290254,0.38811976,0.48251,0.37996098,0.42039254,0.008158773
1684,0.8226449,0.2563359,0.3479947,0.25024807,0.4746502,0.0060878396
1685,0.67673856,0.23263566,0.3075564,0.21891075,0.36918217,0.013724908
1686,0.5101509,0.20114751,0.21032318,0.14588013,0.29982772,0.05526738
1687,0.7477185,0.10333891,0.18736494,0.11035491,0.5603536,-0.0070159957
1688,0.053014338,0.024950812,0.06115646,0.033999942,-0.008142121,-0.009049131
1689,0.19698274,0.056386884,0.051541295,0.037614066,0.14544144,0.018772818
1690,0.6722489,0.17264828,0.25059247,0.17011774,0.42165643,0.002530545
1691,0.6209624,0.20518395,0.26218948,0.19994898,0.3587729,0.0052349716
1692,0.6929696,0.17665312,0.20726715,0.1530263,0.48570246,0.02362682
1693,0.4273901,0.14245555,0.18452002,0.12351033,0.24287008,0.018945217
1694,0.9236192,0.20547275,0.30558747,0.21564232,0.61803174,-0.010169566
1695,0.87687683,0.17648639,0.26450285,0.19125639,0.61237395,-0.014770001
1696,0.68289375,0.18876617,0.24105902,0.17440201,0.44183475,0.014364153
1697,0.76506245,0.19455473,0.26764554,0.20217644,0.4974169,-0.0076217055
1698,0.48142695,0.11017343,0.14528756,0.10058928,0.33613938,0.009584144
1699,0.44774532,0.1258346,0.1406669,0.10190994,0.30707842,0.023924656
1700,0.6600712,0.3070069,0.31876957,0.21211956,0.34130162,0.09488733
1701,0.19662845,0.14887398,0.10098028,0.07198488,0.09564817,0.076889105
1702,0.7773652,0.18939804,0.24893221,0.17805019,0.52843297,0.011347845
1703,1.0855602,0.117466964,0.2171962,0.14765391,0.868364,-0.030186944
1704,0.01562855,0.017750489,0.05331074,0.039718725,-0.03768219,-0.021968236
1705,0.014342951,0.033811558,0.023799036,0.016488235,-0.009456085,0.017323323
1706,1.1342095,0.26267183,0.4107485,0.2750246,0.72346103,-0.012352765
1707,0.7353192,0.18366039,0.24041754,0.17548385,0.49490166,0.008176535
1708,0.9348521,0.26620138,0.38361272,0.2894336,0.5512394,-0.023232222
1709,0.34373787,0.098630264,0.114396185,0.07896573,0.22934169,0.019664533
1710,0.13952506,0.020584472,0.08174889,0.05317277,0.057776168,-0.0325883
1711,0.15863445,0.0672401,0.065274194,0.04877512,0.09336026,0.018464975
1712,0.989123,0.26385784,0.2658993,0.19358814,0.7232237,0.070269704
1713,0.059883963,0.033197362,0.050473157,0.030639293,0.009410806,0.0025580693
1714,0.28463328,0.17949362,0.16846055,0.10689701,0.11617273,0.07259661
1715,0.08140417,0.04349347,0.032191895,0.022464491,0.049212277,0.021028977
1716,0.6380632,0.16792499,0.2350701,0.16882281,0.40299308,-0.00089782476
1717,0.4065953,0.09922452,0.150949,0.106497705,0.2556463,-0.0072731823
1718,0.0124906665,0.04958147,0.05883713,0.045880917,-0.046346463,0.0037005544
1719,0.87631655,0.3220678,0.41419455,0.30536267,0.462122,0.016705126
1720,0.12756662,0.13739866,0.047095414,0.03131029,0.0804712,0.10608837
1721,0.26546365,0.074975066,0.12192944,0.085605085,0.14353421,-0.010630019
1722,0.0437304,0.024868844,0.02940046,0.023372788,0.01432994,0.0014960561
1723,0.7947278,0.33284032,0.46068668,0.3571607,0.33404112,-0.024320364
1724,0.7836332,0.14982879,0.19514541,0.14694089,0.58848774,0.0028879046
1725,0.8007745,0.23675829,0.33285043,0.224538,0.4679241,0.012220293
1726,0.41341627,0.114531144,0.10723677,0.07618905,0.3061795,0.038342096
1727,0.02782977,0.10909585,0.03986107,0.025530774,-0.012031302,0.08356507
1728,0.86797255,0.26311153,0.29653123,0.21180645,0.5714413,0.051305085
1729,0.5364907,0.15056014,0.10828457,0.07555444,0.42820612,0.0750057
1730,1.3263178,0.3298451,0.39617458,0.27262333,0.93014324,0.05722177
1731,0.11825709,-0.004730272,0.07119711,0.042833086,0.047059983,-0.04756336
1732,0.109774314,0.033598308,0.04707655,0.033063006,0.06269777,0.00053530186
1733,1.1747023,0.097980045,0.16203485,0.113220625,1.0126674,-0.01524058
1734,0.9505806,0.3580988,0.55687064,0.37767804,0.39370996,-0.019579232
1735,0.06730313,0.010192896,0.052830853,0.02978191,0.014472276,-0.019589014
1736,0.96809036,0.23758721,0.27594927,0.19938973,0.69214106,0.038197488
1737,0.0580923,0.053940535,0.037676442,0.029455356,0.020415857,0.024485178
1738,0.11552284,0.09592257,0.16929117,0.12346005,-0.05376833,-0.02753748
1739,0.8202411,0.29502055,0.4928387,0.3276584,0.32740238,-0.032637864
1740,0.11487313,0.017276676,0.04608696,0.033258133,0.068786174,-0.015981456
1741,0.8447027,0.17079648,0.27535808,0.19138636,0.56934464,-0.020589873
1742,0.047527898,0.051524792,0.044944253,0.028282624,0.0025836453,0.023242168
1743,0.7710956,0.18925351,0.23251499,0.15881701,0.5385806,0.0304365
1744,0.21521342,0.09404538,0.06614523,0.04887612,0.14906819,0.045169257
1745,0.07707299,0.097735085,0.043886293,0.030370843,0.0331867,0.067364246
1746,0.4282697,0.11920201,0.1944104,0.14187992,0.23385932,-0.022677906
1747,0.70858383,0.1869584,0.21779853,0.16412921,0.4907853,0.02282919
1748,0.78043044,0.20202251,0.27836564,0.19304569,0.5020648,0.008976817
1749,0.048391793,0.044608995,0.028261056,0.020457149,0.020130737,0.024151847
1750,0.4055983,0.110127494,0.11763281,0.079997875,0.2879655,0.030129619
1751,0.85835123,0.21766734,0.25980178,0.19380283,0.5985495,0.023864508
1752,0.1764111,0.052010648,0.072406955,0.045718204,0.10400415,0.0062924437
1753,0.78368205,0.16196537,0.24055466,0.1810545,0.5431274,-0.019089133
1754,0.85529983,0.18999837,0.2599373,0.19181976,0.59536254,-0.0018213838
1755,0.28405645,0.18437573,0.14054812,0.0862893,0.14350833,0.09808643
1756,0.06590984,0.15476114,0.038674977,0.024767611,0.027234863,0.12999353
1757,0.053854145,-0.027854385,0.03833662,0.022977266,0.015517525,-0.050831653
1758,0.668078,0.14246337,0.2041646,0.1455181,0.4639134,-0.0030547231
1759,0.6481767,0.13105562,0.16800615,0.117184274,0.48017058,0.013871349
1760,1.1155221,0.3674933,0.539786,0.35761222,0.57573617,0.009881079
1761,0.015211125,0.054301996,0.027788077,0.021600364,-0.012576952,0.032701634
1762,1.0458388,0.25079235,0.3001546,0.21283007,0.74568427,0.037962288
1763,0.47106022,0.16322403,0.1822272,0.12192749,0.28883302,0.041296534
1764,0.7378783,0.22146213,0.2637812,0.19510038,0.47409713,0.026361749
1765,1.1938391,0.20880254,0.3977344,0.22122021,0.79610467,-0.012417674
1766,0.3371479,0.15930817,0.12965414,0.098494574,0.20749375,0.06081359
1767,0.5412891,0.10920666,0.12391145,0.08767264,0.41737765,0.021534018
1768,0.051983286,0.022755837,0.021397743,0.019537805,0.030585542,0.0032180324
1769,1.0543904,0.26626617,0.35112807,0.25943652,0.7032623,0.006829649
1770,0.7560074,0.11996096,0.18926744,0.1447975,0.5667399,-0.024836548
1771,0.6599015,0.17308037,0.2640535,0.18033782,0.395848,-0.0072574466
1772,0.9850792,0.18753943,0.24209167,0.15559874,0.7429876,0.031940684
1773,0.17301562,0.044202942,0.11927044,0.08519172,0.053745188,-0.040988777
1774,0.61827105,0.110723265,0.22559355,0.14712839,0.3926775,-0.036405124
1775,0.7348014,0.2150531,0.2702761,0.19594242,0.4645253,0.01911068
1776,0.9428607,0.19283605,0.25968632,0.18023424,0.6831744,0.012601808
1777,0.96625507,0.22641543,0.28921077,0.22021489,0.6770443,0.006200537
1778,0.07892154,0.17438525,0.08024966,0.045179714,-0.0013281181,0.12920554
1779,0.5697055,0.11420514,0.15383872,0.10601237,0.41586676,0.00819277
1780,0.80939186,0.19762422,0.32593364,0.21408686,0.48345822,-0.016462639
1781,1.368124,0.41365504,0.40537292,0.29503858,0.9627511,0.11861646
1782,1.0519435,0.3198203,0.44819847,0.29628235,0.6037451,0.023537964
1783,0.25149325,0.10668801,0.17229645,0.11907999,0.079196796,-0.012391984
1784,0.1469071,0.1571624,0.04592938,0.038351104,0.10097773,0.118811294
1785,0.9703933,0.34532547,0.4425012,0.32400608,0.5278921,0.02131939
1786,1.1637005,0.41761562,0.61349976,0.463507,0.5502007,-0.045891374
1787,0.71978974,0.19439182,0.2929874,0.2048606,0.42680234,-0.010468781
1788,0.9864219,0.18846978,0.26939145,0.19120276,0.7170304,-0.0027329773
1789,1.1636539,0.2848174,0.34635103,0.26519415,0.8173028,0.01962325
1790,0.21208389,-0.020360803,0.040388685,0.026783092,0.1716952,-0.047143895
1791,0.4347562,0.092447095,0.10539287,0.08043915,0.32936332,0.012007944
1792,0.9282736,0.1569428,0.26299334,0.17083797,0.6652803,-0.013895169
1793,0.41890636,0.113751404,0.1359348,0.10667143,0.28297156,0.007079974
1794,0.067395926,0.040781267,0.028450787,0.012759477,0.03894514,0.02802179
1795,0.84353244,0.106021784,0.17697264,0.12259,0.6665598,-0.016568214
1796,0.32217166,0.17823063,0.09550886,0.06428793,0.2266628,0.1139427
1797,0.32884762,0.082122184,0.12316149,0.08650239,0.20568612,-0.004380204
1798,1.2050146,0.36839253,0.4217394,0.31970063,0.7832752,0.0486919
1799,0.83608615,0.28436399,0.359918,0.25442535,0.47616816,0.029938638
1800,0.70246965,0.12341106,0.19312464,0.13444361,0.509345,-0.0110325515
1801,0.8013167,0.19151244,0.2442822,0.17287916,0.5570345,0.018633276
1802,0.79621494,0.2016453,0.23619045,0.1653683,0.5600245,0.036276996
1803,1.4879385,0.40107816,0.50056696,0.36512756,0.98737156,0.0359506
1804,0.82236433,0.14510907,0.18080808,0.12644593,0.64155626,0.018663138
1805,1.0549884,0.21927127,0.28687543,0.20029904,0.76811296,0.018972233
1806,1.039082,0.307016,0.3559313,0.26187882,0.68315077,0.045137167
1807,0.095380366,-0.016694425,0.05743004,0.038350258,0.037950326,-0.05504468
1808,0.04830667,0.038030118,0.023766235,0.017613094,0.024540436,0.020417023
1809,0.8617276,0.24964434,0.37948486,0.26412728,0.48224273,-0.014482945
1810,0.96009505,0.24540624,0.340802,0.24945241,0.61929303,-0.004046172
1811,0.88442963,0.29873878,0.444138,0.2861026,0.44029164,0.012636185
1812,0.26197228,-0.034312416,0.037585944,0.021794762,0.22438633,-0.05610718
1813,0.8295174,0.21388926,0.23494898,0.17260733,0.59456843,0.041281924
1814,0.20724845,0.1797064,0.08097847,0.059862252,0.12626998,0.11984414
1815,0.99509203,0.19603969,0.30208176,0.20395713,0.6930103,-0.007917434
1816,0.03305038,0.07032852,0.039438125,0.03104391,-0.006387744,0.03928461
1817,0.2132608,0.044878047,0.057436228,0.038235363,0.15582457,0.0066426843
1818,-0.0013931044,0.034303,0.024838516,0.018321536,-0.02623162,0.015981462
1819,0.7681758,0.22690994,0.2763173,0.19840275,0.49185848,0.028507188
1820,0.8662572,0.14922698,0.29803282,0.18502331,0.5682244,-0.03579633
1821,0.6636075,0.112802245,0.16524597,0.11133762,0.49836153,0.0014646277
1822,0.09468467,0.022023553,0.0059689716,0.0049442733,0.088715695,0.017079279
1823,0.75266975,0.15942098,0.20612639,0.13205612,0.54654336,0.027364865
1824,0.94042224,0.1618688,0.2564316,0.18466064,0.6839906,-0.022791848
1825,0.10663079,0.032901347,0.077390626,0.054526843,0.029240161,-0.021625496
1826,1.3478203,0.4252561,0.5430571,0.40842125,0.8047632,0.016834855
1827,0.79977614,0.20604907,0.25925907,0.2022287,0.5405171,0.0038203746
1828,0.63291794,0.1564906,0.15039407,0.11248068,0.48252386,0.044009916
1829,0.06246917,-0.025588939,0.030045342,0.015002867,0.032423828,-0.040591806
1830,0.034502283,0.048393536,0.028243914,0.024820942,0.0062583685,0.023572594
1831,0.05254671,0.07034036,0.030573158,0.021707043,0.021973552,0.048633315
1832,0.4178613,0.116357096,0.12579525,0.08553667,0.29206607,0.030820422
1833,0.47654727,0.102019764,0.18423136,0.13242544,0.2923159,-0.030405678
1834,0.08322451,0.0597291,0.042035807,0.033224378,0.041188706,0.026504721
1835,0.319229,0.08915546,0.08661699,0.060243383,0.23261201,0.028912075
1836,1.1511592,0.46827343,0.60304,0.46752712,0.5481192,0.00074630976
1837,0.73539054,0.24682781,0.25313884,0.18392806,0.4822517,0.06289975
1838,0.20206046,0.023783058,0.066878535,0.04533047,0.13518193,-0.02154741
1839,0.87791276,0.24196476,0.3671237,0.22338921,0.51078904,0.01857555
1840,0.13594624,0.13382378,0.027545007,0.023281362,0.10840124,0.11054242
1841,0.9437948,0.1699449,0.3272826,0.21478823,0.6165122,-0.04484333
1842,0.7383065,0.29935798,0.3815396,0.29894048,0.3567669,0.00041750073
1843,0.2740446,0.1339207,0.14875522,0.11510883,0.12528938,0.018811867
1844,0.012558077,0.039625153,0.009466583,0.009313396,0.0030914946,0.030311756
1845,0.8688692,0.31019545,0.25040448,0.17635188,0.6184647,0.13384357
1846,0.1263068,0.15493895,0.07321452,0.052497484,0.05309228,0.10244147
1847,0.87350005,0.22836535,0.31336173,0.23214978,0.56013834,-0.003784433
1848,0.029896643,0.14220262,0.02812294,0.019777369,0.0017737038,0.12242524
1849,1.0538441,0.31042728,0.40941045,0.30499473,0.6444336,0.005432546
1850,0.6322249,0.16639699,0.22165127,0.14899287,0.41057366,0.017404124
1851,0.90550977,0.16464804,0.22687846,0.16989332,0.6786313,-0.0052452832
1852,1.2498549,0.25838792,0.30046684,0.17774257,0.9493881,0.08064535
1853,0.7810381,0.1459951,0.2630183,0.16883337,0.5180198,-0.02283828
1854,1.0659785,0.2446311,0.3645544,0.25215295,0.7014241,-0.007521853
1855,1.3992175,0.3920503,0.52636945,0.3625828,0.87284803,0.029467493
1856,0.4726108,0.22735739,0.24733204,0.19451319,0.22527876,0.0328442
1857,0.6334743,0.14037888,0.2764771,0.16562298,0.3569972,-0.025244102
1858,0.26005018,0.11343975,0.16938736,0.11380448,0.09066282,-0.00036472827
1859,0.7444677,0.2104103,0.29921925,0.20531976,0.44524843,0.0050905347
1860,0.88605434,0.22124709,0.30157068,0.21859865,0.5844836,0.002648443
1861,0.14620084,0.15220493,0.09080837,0.05649087,0.055392466,0.09571406
1862,0.3866985,0.15688388,0.13838075,0.09389115,0.24831776,0.06299273
1863,0.11078177,0.071552455,0.07406751,0.05304384,0.036714256,0.018508617
1864,0.07817834,0.024995305,0.04819352,0.0306721,0.029984817,-0.005676795
1865,1.0545331,0.14864781,0.20529486,0.13962305,0.8492383,0.009024769
1866,0.7229513,0.21670946,0.30700088,0.20271471,0.41595042,0.013994753
1867,0.25820887,0.14878508,0.09269407,0.0686713,0.1655148,0.08011378
1868,0.982696,0.2932444,0.50043696,0.32752147,0.48225904,-0.03427708
1869,0.9369284,0.28965637,0.41045988,0.26592565,0.5264685,0.023730725
1870,1.1264007,0.35181203,0.39072093,0.2609643,0.73567975,0.09084773
1871,0.035480615,0.09764024,0.044874042,0.025764344,-0.0093934275,0.07187589
1872,0.57239693,0.11005105,0.15083818,0.10839793,0.42155874,0.0016531199
1873,0.5783803,0.08761038,0.11575935,0.086664855,0.46262094,0.0009455234
1874,1.2115804,0.43498254,0.5308021,0.40815425,0.6807783,0.026828289
1875,0.13860625,0.10703915,0.063952,0.047588106,0.07465425,0.059451047
1876,0.094025165,0.024798231,0.02915116,0.017128287,0.06487401,0.0076699443
1877,0.51860166,0.23765022,0.18074098,0.13801737,0.33786067,0.099632844
1878,0.0038415773,0.100859165,0.019216266,0.008686692,-0.015374688,0.09217247
1879,0.082953185,0.013477798,0.023318028,0.018773826,0.059635155,-0.005296028
1880,0.24725075,0.0412978,0.059789862,0.035779856,0.18746088,0.0055179447
1881,0.90152043,0.35982898,0.44646075,0.2996486,0.45505968,0.060180366
1882,1.1278986,0.25672892,0.33581895,0.23331845,0.7920796,0.02341047
1883,1.0376108,0.28965217,0.46825522,0.31295738,0.56935555,-0.023305207
1884,0.48723885,0.14652205,0.132626,0.08573611,0.35461286,0.060785934
1885,0.74120855,0.20899943,0.2690182,0.18433249,0.47219035,0.024666935
1886,0.86141187,0.12227123,0.18067572,0.13235196,0.6807362,-0.010080732
1887,0.15558243,0.029325886,0.033823486,0.024338987,0.12175894,0.004986899
1888,1.1395683,0.31437865,0.4193206,0.2896722,0.72024775,0.024706453
1889,0.887686,0.17357679,0.33496928,0.18069144,0.55271673,-0.007114649
1890,0.8907293,0.22636342,0.3097352,0.20505252,0.5809941,0.021310896
1891,0.89289033,0.24580978,0.33528197,0.23599857,0.55760837,0.009811208
1892,0.38046482,0.13294177,0.1973889,0.14088173,0.18307592,-0.0079399645
1893,1.0918562,0.3899803,0.48222977,0.33567482,0.6096265,0.054305464
1894,0.65869415,0.13590027,0.21354826,0.14810291,0.4451459,-0.012202635
1895,0.4344467,0.15041566,0.19626589,0.15163833,0.2381808,-0.0012226701
1896,0.22054064,0.07921988,0.08573138,0.061447755,0.13480926,0.017772123
1897,0.79916734,0.116691746,0.21902496,0.12874377,0.5801424,-0.012052022
1898,1.080506,0.38040254,0.47071952,0.34419304,0.60978645,0.036209494
1899,0.73777604,0.25534734,0.317581,0.20561932,0.42019504,0.04972802
1900,0.13840471,0.033292107,0.02784055,0.018736424,0.110564165,0.014555683
1901,0.34007195,0.12585177,0.08549244,0.06814377,0.2545795,0.057707995
1902,0.9368084,0.15772703,0.24529909,0.16184583,0.6915093,-0.0041188
1903,0.4876583,0.16093086,0.25573918,0.19206151,0.23191911,-0.031130657
1904,0.7823447,0.1782769,0.2759322,0.19680907,0.5064125,-0.018532172
1905,0.07470404,0.05772612,0.033856496,0.027958851,0.040847547,0.029767267
1906,0.17719261,0.04941319,0.104873,0.07249724,0.07231961,-0.023084052
1907,0.11078544,0.13314945,0.04881902,0.033404414,0.06196642,0.099745035
1908,0.21901557,0.117067665,0.11748211,0.09359167,0.10153346,0.023475997
1909,-0.0007075907,0.1126863,0.01737513,0.00676377,-0.018082721,0.10592253
1910,1.3350216,0.3329916,0.4340149,0.33378828,0.9010067,-0.0007966757
1911,0.3523512,0.07555124,0.10775147,0.07358045,0.24459973,0.0019707903
1912,1.1074011,0.25546244,0.35746968,0.24507318,0.74993145,0.0103892535
1913,1.4666548,0.43396035,0.5968017,0.43675324,0.8698531,-0.0027928948
1914,0.13137618,0.04366851,0.04774792,0.029029494,0.08362825,0.014639014
1915,0.38628882,0.12743936,0.17222759,0.11986951,0.21406123,0.007569857
1916,0.9051185,0.19065842,0.28715503,0.20006283,0.6179635,-0.009404406
1917,0.17145991,0.10367597,0.0845964,0.059610076,0.08686351,0.044065893
1918,0.7061409,0.23135887,0.24629928,0.17838253,0.4598416,0.05297634
1919,1.1123859,0.59444743,0.67371833,0.5363059,0.43866754,0.05814153
1920,0.079690866,0.027323186,0.059356343,0.039153658,0.020334523,-0.011830471
1921,0.33074024,0.08493667,0.09972331,0.076518014,0.23101693,0.008418657
1922,0.008013095,0.1201553,0.03348218,0.02085935,-0.025469083,0.099295944
1923,0.41639596,0.091242574,0.15319435,0.10002866,0.2632016,-0.008786082
1924,0.79102004,0.16432363,0.24472937,0.18115607,0.54629064,-0.016832441
1925,0.2061517,0.12701187,0.13131894,0.08232185,0.07483275,0.044690013
1926,0.39987665,0.1632186,0.17280382,0.107647546,0.22707283,0.055571057
1927,1.3493681,0.4148459,0.62192714,0.38799465,0.72744095,0.026851267
1928,0.8169507,0.15665361,0.20766515,0.15909532,0.60928553,-0.0024417043
1929,1.2823387,0.40238515,0.49572033,0.3914364,0.7866184,0.010948747
1930,0.7386171,0.17525439,0.28694016,0.18244532,0.45167696,-0.007190928
1931,0.99235445,0.18609396,0.23980555,0.18029672,0.75254893,0.005797237
1932,0.8750544,0.23330879,0.4261897,0.26893917,0.44886473,-0.035630375
1933,0.6798469,0.22101149,0.28696245,0.22049081,0.39288443,0.0005206764
1934,0.1434046,0.11642369,0.07559751,0.05558635,0.06780709,0.06083734
1935,-0.0035445625,-0.008584339,0.03474333,0.022071304,-0.038287893,-0.030655643
1936,0.061697785,0.07389929,0.05350633,0.038816538,0.008191455,0.035082754
1937,0.03723922,-0.015694443,0.03371758,0.020325696,0.0035216399,-0.036020137
1938,0.85994595,0.18056488,0.23262449,0.16815132,0.6273215,0.012413561
1939,0.11664579,0.16419074,0.057480488,0.042732187,0.059165303,0.12145855
1940,0.13150704,-0.02587567,0.041839033,0.015698716,0.089668006,-0.04157439
1941,0.43570474,0.1626207,0.18239908,0.14941874,0.25330567,0.013201952
1942,1.1368673,0.35813513,0.46964112,0.3607916,0.6672262,-0.0026564598
1943,0.96569985,0.21499537,0.35897198,0.23358402,0.60672784,-0.018588647
1944,0.38313285,0.13736887,0.1505372,0.1044401,0.23259565,0.032928772
1945,0.0011796509,0.13514867,0.030775342,0.018869663,-0.029595692,0.11627901
1946,1.0697652,0.27662107,0.24587803,0.16410635,0.82388717,0.11251472
1947,0.17023689,0.064314015,0.07488792,0.05085647,0.09534897,0.013457544
1948,0.08856428,0.05469029,0.052142043,0.037116967,0.036422234,0.017573323
1949,0.81106025,0.29539734,0.38197383,0.27330327,0.42908642,0.02209407
1950,0.08207705,0.07422262,0.046217028,0.034548577,0.03586002,0.03967404
1951,0.7348879,0.12151132,0.15672368,0.097459294,0.5781642,0.024052024
1952,0.8956479,0.21811157,0.34385642,0.23570997,0.5517914,-0.01759839
1953,1.0862106,0.10289556,0.16379812,0.10749247,0.9224125,-0.0045969114
1954,0.045630977,-0.012891429,0.029093647,0.014797288,0.01653733,-0.027688716
1955,0.074592955,0.001581187,0.0348206,0.028337013,0.039772354,-0.026755827
1956,0.14119555,0.021580357,0.027992692,0.017503833,0.113202855,0.0040765237
1957,0.055630956,-0.0041605714,0.025884265,0.01949563,0.02974669,-0.023656202
1958,0.21847382,0.16530593,0.07788529,0.05566939,0.14058852,0.10963654
1959,0.85718036,0.14024903,0.21212782,0.14499813,0.64505255,-0.0047491044
1960,0.82177997,0.1307329,0.18293077,0.1325277,0.6388492,-0.0017948002
1961,0.15515956,0.09077778,0.10310799,0.07752533,0.052051574,0.013252445
1962,0.082242586,0.05775547,0.034875575,0.026816672,0.04736701,0.030938799
1963,0.13653319,0.075708374,0.07328162,0.054384373,0.06325156,0.021324001
1964,1.1109922,0.31280658,0.4387768,0.30602357,0.6722154,0.0067830086
1965,1.0971978,0.1459893,0.24103218,0.15386146,0.8561656,-0.007872164
1966,0.99580026,0.25442278,0.40628105,0.2655409,0.5895192,-0.011118114
1967,0.7796842,0.09993516,0.17347835,0.117637984,0.6062058,-0.017702825
1968,0.0075015845,0.11015256,0.013903719,0.0046949605,-0.006402135,0.1054576
1969,0.6793521,0.17596942,0.21033981,0.15946098,0.4690123,0.016508445
1970,0.26965213,0.046377506,0.094658636,0.061879452,0.17499349,-0.015501946
1971,0.9519707,0.24363331,0.38574564,0.256653,0.56622505,-0.013019696
1972,0.69647235,0.22794317,0.23606136,0.16959806,0.46041098,0.05834511
1973,0.6896309,0.2331585,0.31132296,0.22557853,0.37830797,0.0075799674
1974,0.9308227,0.24037778,0.39352924,0.27586004,0.53729343,-0.035482258
1975,0.9259346,0.27455837,0.3299913,0.24002287,0.59594333,0.034535497
1976,0.92242557,0.22804017,0.30905625,0.2184921,0.61336935,0.009548068
1977,0.23103751,0.05890521,0.11761375,0.08029307,0.113423765,-0.021387856
1978,0.5794599,0.15680464,0.19024004,0.13804823,0.38921988,0.018756405
1979,0.02353614,0.018641027,0.018134622,0.011165782,0.005401518,0.007475245
1980,0.782595,0.18973036,0.28446314,0.17325625,0.49813184,0.016474113
1981,0.88236713,0.20476758,0.3270517,0.20745392,0.55531543,-0.0026863366
1982,0.851276,0.08533857,0.16668934,0.11652926,0.68458664,-0.031190693
1983,0.6773161,0.2138709,0.321835,0.22190744,0.35548112,-0.008036539
1984,0.059870772,-0.039590165,0.021943023,0.012530045,0.037927747,-0.05212021
1985,0.40571502,0.08897969,0.15964705,0.118632056,0.24606797,-0.029652365
1986,0.54518527,0.20427945,0.18818153,0.13534269,0.35700375,0.068936765
1987,0.81944734,0.23397392,0.34173766,0.23239605,0.47770968,0.001577869
1988,0.56775874,0.18428048,0.30202863,0.22476798,0.2657301,-0.040487498
1989,0.81052756,0.23477891,0.33709255,0.23613916,0.473435,-0.0013602525
1990,0.14160545,0.053011056,0.047492202,0.033506937,0.094113246,0.019504119
1991,0.5643506,0.11145747,0.11279736,0.082229204,0.45155326,0.029228263
1992,0.0654514,-0.017373214,0.05262622,0.034845605,0.01282518,-0.052218817
1993,0.2531493,0.09774918,0.064085305,0.04845059,0.189064,0.049298592
1994,0.812035,0.14449567,0.27408656,0.16085954,0.5379485,-0.016363874
1995,1.0175701,0.1506059,0.24302523,0.18306492,0.7745449,-0.03245902
1996,0.92418444,0.19498667,0.29023066,0.2053425,0.6339538,-0.01035583
1997,0.89909714,0.1130215,0.19135927,0.13008493,0.70773786,-0.017063431
1998,0.055900447,0.061646994,0.035452157,0.027821584,0.02044829,0.033825412
1999,0.010657512,-0.015829476,0.035855472,0.025745163,-0.02519796,-0.04157464
2000,0.12436,0.06920357,0.06934236,0.053280696,0.055017643,0.015922874
2001,0.72827965,0.18846704,0.2103824,0.14866997,0.51789725,0.039797068
2002,0.16424105,0.0057290024,0.084055625,0.04603103,0.08018542,-0.04030203
2003,0.032284122,-0.028386315,0.030620268,0.015985928,0.0016638543,-0.044372246
2004,1.4628423,0.40825784,0.56216943,0.38297024,0.9006729,0.025287598
2005,0.8266012,0.16018659,0.2158949,0.14349584,0.6107063,0.016690746
2006,0.061429527,-0.040344156,0.021579025,0.011895008,0.039850503,-0.052239165
2007,0.89573205,0.1876715,0.28921553,0.18928307,0.6065165,-0.0016115755
2008,0.22708508,0.16881184,0.10997795,0.07095724,0.11710713,0.0978546
2009,1.2369734,0.24528973,0.37686378,0.2476331,0.8601096,-0.0023433715
2010,0.8786029,0.2822396,0.37135342,0.25738937,0.5072495,0.02485022
2011,0.8692381,0.15913875,0.18255349,0.11008457,0.6866846,0.049054183
2012,0.7654995,0.27758613,0.37845653,0.2740873,0.38704294,0.0034988225
2013,1.2533106,0.22183056,0.34658587,0.23864944,0.9067247,-0.016818881
2014,0.995919,0.19562514,0.25560856,0.18737048,0.74031043,0.008254662
2015,0.12020394,0.0019237906,0.035204373,0.025029726,0.08499957,-0.023105936
2016,0.2878805,0.05928433,0.12322736,0.08217964,0.16465315,-0.022895314
2017,0.029322935,0.039811093,0.024259377,0.022243224,0.005063558,0.01756787
2018,1.0394388,0.22017892,0.2820097,0.21949005,0.7574291,0.0006888658
2019,0.7557781,0.27165177,0.3972964,0.2780434,0.35848168,-0.0063916147
2020,0.043157093,0.014735959,0.0044000046,0.005168642,0.03875709,0.009567317
2021,1.1472806,0.30533943,0.46457812,0.30746782,0.6827024,-0.0021283925
2022,0.31326813,0.10623511,0.09109847,0.075407565,0.22216965,0.030827545
2023,0.5371305,0.20830534,0.23494285,0.18406647,0.30218762,0.02423887
2024,0.15710507,0.09196127,0.11349916,0.08191879,0.043605916,0.010042481
2025,0.94062513,0.30315375,0.41140938,0.29546538,0.52921575,0.0076883733
2026,0.08217544,0.0015434794,0.057159763,0.039985057,0.025015678,-0.038441576
2027,0.1046376,0.044938307,0.04616466,0.035358313,0.05847294,0.009579994
2028,0.8467155,0.29180905,0.4298212,0.29235852,0.41689432,-0.0005494654
2029,0.15584618,0.072653465,0.06807521,0.05209173,0.08777097,0.020561736
2030,0.22931972,0.17489758,0.090108596,0.052659158,0.13921112,0.12223843
2031,0.1642415,0.105628125,0.06317734,0.043416377,0.10106415,0.06221175
2032,-0.043849107,0.067046754,0.044430424,0.03492058,-0.08827953,0.032126173
2033,1.0864152,0.27644172,0.44516632,0.31886193,0.6412488,-0.04242021
2034,0.08589472,0.026815759,0.05647916,0.03719395,0.029415559,-0.010378191
2035,0.14401188,0.07765037,0.035868555,0.024200791,0.10814333,0.05344958
2036,1.1608056,0.18615484,0.2616778,0.19007136,0.8991278,-0.003916517
2037,0.1061287,0.16549908,0.07512719,0.046630684,0.031001508,0.118868396
2038,0.5877213,0.12929277,0.13769151,0.10554508,0.4500298,0.02374769
2039,0.7303037,0.13741754,0.14946242,0.10925171,0.5808413,0.028165832
2040,0.15343797,0.07623225,0.076022886,0.05679017,0.07741509,0.019442078
2041,0.31116658,0.14816004,0.13455941,0.09308327,0.17660718,0.05507677
2042,0.7931338,0.2294133,0.30655175,0.20866051,0.48658204,0.020752788
2043,0.18422796,0.11905216,0.17307436,0.111809924,0.011153594,0.0072422326
2044,0.8067427,0.27896547,0.32458302,0.26568276,0.4821597,0.013282716
2045,0.9310599,0.34029493,0.5570804,0.37934247,0.3739795,-0.03904754
2046,0.80261093,0.07784007,0.12571484,0.08669793,0.6768961,-0.008857861
2047,0.9614923,0.21631135,0.27071875,0.19720386,0.69077355,0.01910749
2048,0.096569784,0.028381195,0.04309485,0.032209374,0.053474933,-0.003828179
2049,0.087013654,-0.019813413,0.04042363,0.027403638,0.046590023,-0.04721705
2050,0.8433204,0.2647669,0.32911277,0.2455821,0.51420766,0.019184798
2051,0.90485364,0.23649438,0.3162434,0.21500401,0.58861023,0.021490365
2052,0.64303786,0.1767765,0.2555614,0.18208171,0.38747644,-0.0053052157
2053,0.44315845,0.20272282,0.24430427,0.17809172,0.19885418,0.024631098
2054,0.17718638,0.09355654,0.08096204,0.06877345,0.096224345,0.02478309
2055,0.73714024,0.20889655,0.2622637,0.20175728,0.47487655,0.0071392655
2056,0.27848452,0.0761606,0.09990123,0.07053267,0.1785833,0.00562793
2057,0.7523629,0.20097294,0.245693,0.16506407,0.5066699,0.035908878
2058,1.0268061,0.28393352,0.3613968,0.24568447,0.6654093,0.038249046
2059,0.5559186,0.2029243,0.27331135,0.19046089,0.28260723,0.012463406
2060,0.32267043,0.10710186,0.12371472,0.08681622,0.19895571,0.020285636
2061,0.6637214,0.2075764,0.23851934,0.17239666,0.42520204,0.035179734
2062,0.94223547,0.1991514,0.31009555,0.22980943,0.6321399,-0.030658036
2063,0.8146889,0.20907322,0.3099574,0.20395428,0.50473154,0.0051189363
2064,0.93302035,0.25842246,0.2992584,0.22544366,0.63376194,0.032978803
2065,0.7139559,0.09987122,0.17150012,0.11844826,0.5424558,-0.01857704
2066,0.45689794,0.14423771,0.17951849,0.12965813,0.27737945,0.014579579
2067,0.7599757,0.15988995,0.26670152,0.17747425,0.49327415,-0.017584294
2068,0.9209504,0.37257096,0.4127896,0.2973544,0.5081608,0.07521656
2069,0.13898957,0.051764615,0.07070166,0.053511,0.06828791,-0.0017463863
2070,0.12159172,0.05282262,0.077065155,0.05072194,0.044526562,0.00210068
2071,0.17213108,0.033250254,0.105173,0.06761447,0.06695808,-0.03436422
2072,0.5961204,0.1554701,0.22061695,0.15589003,0.37550348,-0.00041992962
2073,0.99839485,0.08025192,0.17495888,0.10944352,0.82343596,-0.029191606
2074,0.37494314,0.10821434,0.13746591,0.08509638,0.23747723,0.02311796
2075,0.8835163,0.11369061,0.26554173,0.16384487,0.6179746,-0.05015426
2076,1.2062167,0.24596861,0.3803391,0.23751639,0.8258776,0.008452222
2077,0.84363246,0.3861633,0.39351767,0.2854073,0.4501148,0.10075599
2078,0.9403873,0.3162891,0.4154957,0.3176586,0.5248916,-0.0013695061
2079,0.9762472,0.3292824,0.39769405,0.29933593,0.57855314,0.029946476
2080,0.19071078,0.053346537,0.070532024,0.051723212,0.12017876,0.001623325
2081,0.3843873,0.0908493,0.12330695,0.08432937,0.26108035,0.006519936
2082,0.106875,0.05394246,0.08716937,0.06973988,0.01970563,-0.015797418
2083,0.9635446,0.20868833,0.35766846,0.21263185,0.60587615,-0.003943518
2084,1.010404,0.34087497,0.4519474,0.32247913,0.5584566,0.018395841
2085,1.1684425,0.2061689,0.35153773,0.24777631,0.8169048,-0.04160741
2086,0.76320785,0.3500397,0.33446267,0.23673162,0.42874518,0.11330807
2087,-0.018765736,-0.033792693,0.016089158,0.010640382,-0.034854896,-0.044433076
2088,1.1486589,0.33334398,0.421552,0.3090599,0.72710687,0.024284095
2089,0.65033245,0.25663283,0.31764233,0.23467453,0.33269012,0.021958306
2090,0.798804,0.16867064,0.22931676,0.16944247,0.5694872,-0.00077183545
2091,0.635266,0.21662858,0.26683658,0.19483033,0.36842942,0.021798253
2092,0.8622871,0.30004582,0.40712422,0.2818954,0.45516288,0.018150419
2093,1.0682086,0.21433908,0.34136006,0.23432893,0.7268485,-0.019989848
2094,0.30299175,0.14763096,0.17105567,0.13048878,0.13193607,0.017142177
2095,1.1364214,0.28776816,0.4045595,0.30043754,0.73186195,-0.0126693845
2096,0.99861664,0.20854893,0.28830832,0.20547219,0.7103083,0.003076747
2097,0.21428385,0.022231482,0.099861376,0.060502693,0.11442248,-0.03827121
2098,0.14563812,0.018230136,0.060913276,0.03474297,0.08472484,-0.016512834
2099,0.35278988,0.06747164,0.10612772,0.0785545,0.24666217,-0.011082865
2100,0.68748367,0.12717341,0.21060857,0.14224534,0.4768751,-0.0150719285
2101,1.1532807,0.2328674,0.27212024,0.19255872,0.8811605,0.040308684
2102,1.0754982,0.23932938,0.39370084,0.26108384,0.6817974,-0.021754459
2103,0.6304157,0.1890674,0.25401682,0.17396435,0.37639886,0.015103042
2104,0.4253941,0.079004474,0.12983157,0.08219965,0.2955625,-0.003195174
2105,0.8555238,0.18159676,0.25748175,0.17935356,0.5980421,0.002243191
2106,0.07999678,0.050975516,0.04746916,0.026590593,0.032527618,0.024384923
2107,0.11028876,-0.0005141018,0.07188494,0.04255599,0.038403824,-0.043070093
2108,0.12519884,0.06048188,0.05243374,0.03716751,0.0727651,0.023314372
2109,0.43195888,0.09051862,0.235025,0.14485894,0.19693388,-0.054340318
2110,0.7499863,0.21491462,0.23526846,0.17854713,0.5147178,0.03636749
2111,0.04998035,0.042475093,0.023818724,0.020668993,0.026161626,0.0218061
2112,0.070583515,0.14974092,0.045081355,0.03741222,0.02550216,0.1123287
2113,0.71935713,0.14013466,0.2069912,0.14219347,0.51236594,-0.002058804
2114,0.41030997,0.1423043,0.1715367,0.12915654,0.23877327,0.013147756
2115,0.720532,0.12305534,0.20500526,0.130599,0.5155268,-0.007543668
2116,0.81475395,0.14047475,0.1728861,0.124465235,0.6418679,0.016009517
2117,0.2996873,-0.0036407628,0.053567942,0.029570369,0.24611935,-0.03321113
2118,0.34094676,0.10537111,0.12156006,0.08277148,0.2193867,0.02259963
2119,0.4174421,0.1417625,0.1899792,0.12277624,0.22746292,0.018986255
2120,0.72147936,0.1981996,0.31374276,0.21148293,0.4077366,-0.013283327
2121,0.22089742,0.07482049,0.075086825,0.051153917,0.1458106,0.023666572
2122,1.1703998,0.44642094,0.5370028,0.37555295,0.633397,0.070867985
2123,-0.023633676,0.14016873,0.035379104,0.02327764,-0.059012778,0.116891086
2124,1.016141,0.25690237,0.3732886,0.2653131,0.6428524,-0.008410722
2125,0.87169254,0.2252325,0.33241516,0.20705856,0.5392774,0.018173933
2126,0.11591255,0.097450614,0.052963696,0.039520197,0.06294885,0.057930417
2127,1.4347339,0.3776125,0.37234542,0.2794258,1.0623884,0.0981867
2128,0.9728394,0.29368812,0.37676072,0.26507953,0.5960787,0.02860859
2129,0.6835472,0.24327594,0.30964172,0.24254036,0.37390548,0.0007355809
2130,0.04048917,-0.027517132,0.01557091,0.009157598,0.024918262,-0.03667473
2131,0.8603296,0.28836778,0.39305556,0.2778692,0.46727407,0.010498583
2132,0.2931149,0.0278905,0.052043512,0.0303864,0.24107139,-0.0024958998
2133,0.06360987,-0.014722874,0.04802751,0.034855783,0.015582357,-0.04957866
2134,0.2971226,0.08341692,0.09268355,0.06237234,0.20443904,0.021044575
2135,0.9899432,0.33444414,0.50193274,0.3216441,0.48801047,0.012800038
2136,0.81471896,0.23963322,0.38706818,0.22840239,0.42765078,0.011230826
2137,0.38078275,0.05533188,0.057420697,0.042523667,0.32336205,0.012808211
2138,0.6299014,0.17278641,0.2572194,0.18184966,0.372682,-0.009063244
2139,0.060521048,0.07093415,0.047034536,0.03924907,0.013486512,0.031685077
2140,0.8031495,0.18417312,0.2614572,0.17282976,0.5416923,0.01134336
2141,0.10975923,0.018256018,0.034315936,0.02581393,0.07544329,-0.007557912
2142,1.1120555,0.24848457,0.36914364,0.25844392,0.74291193,-0.009959355
2143,0.31306884,0.16205741,0.17575675,0.1170823,0.13731208,0.044975117
2144,0.97733164,0.31161636,0.39567173,0.29846653,0.5816599,0.013149828
2145,0.3245828,0.075844936,0.10276146,0.081315905,0.22182132,-0.005470969
2146,0.17479716,0.112786934,0.11316157,0.076137275,0.06163559,0.03664966
2147,0.34896383,0.10953413,0.1790191,0.10872256,0.16994473,0.0008115694
2148,1.1742378,0.13431501,0.21219808,0.15522292,0.96203977,-0.020907909
2149,0.45683244,0.117418334,0.20168461,0.14480494,0.2551478,-0.027386606
2150,0.9242357,0.23089327,0.28313598,0.2007221,0.6410997,0.03017117
2151,0.61944914,0.17935033,0.21323416,0.15958638,0.40621498,0.019763947
2152,0.7022588,0.1340068,0.15184267,0.101205185,0.5504162,0.032801613
2153,0.821709,0.09428157,0.23592423,0.16245353,0.58578473,-0.06817196
2154,0.9531992,0.3497083,0.53412914,0.34118307,0.41907007,0.008525223
2155,0.67938024,0.11599391,0.17315932,0.117457345,0.50622094,-0.0014634356
2156,0.87782794,0.10973781,0.14100417,0.11336496,0.7368238,-0.0036271438
2157,0.9609903,0.3219725,0.3102864,0.2234091,0.6507039,0.09856339
2158,0.10911868,0.11984874,0.027644165,0.024278667,0.08147451,0.09557007
2159,0.23324805,0.14244613,0.09539939,0.06170056,0.13784868,0.08074557
2160,0.9280978,0.18175098,0.29033974,0.20848064,0.637758,-0.026729658
2161,1.0183861,0.39268848,0.4551685,0.31054637,0.56321764,0.082142115
2162,0.0062791673,0.0124404915,0.018212378,0.015229343,-0.011933211,-0.002788852
2163,0.06113567,0.03732804,0.027920756,0.02346905,0.03321491,0.013858989
2164,0.21383384,0.29007107,0.15522945,0.11151141,0.05860439,0.17855966
2165,0.525008,0.15754442,0.20938922,0.15406112,0.3156188,0.0034832954
2166,0.024317937,0.07303227,0.02498383,0.00904787,-0.0006658938,0.063984394
2167,0.10797299,0.016456176,0.08646986,0.044147715,0.021503128,-0.02769154
2168,0.96402454,0.25052783,0.27511355,0.20291623,0.68891096,0.047611594
2169,0.17921281,0.033842895,0.07990279,0.06327192,0.09931002,-0.029429022
2170,1.1742878,0.3649356,0.45970404,0.32531574,0.71458375,0.039619863
2171,0.503393,0.12785159,0.20176275,0.13706036,0.30163026,-0.009208769
2172,0.84135133,0.19880272,0.28094137,0.1934156,0.56040996,0.0053871274
2173,0.8949138,0.27395508,0.3554548,0.24790977,0.539459,0.026045308
2174,0.7409614,0.24269335,0.32161906,0.23201165,0.4193423,0.010681704
2175,0.21735953,0.05191647,0.049838826,0.04009705,0.1675207,0.0118194185
2176,0.31320828,0.050508194,0.062785,0.043559484,0.25042328,0.0069487095
2177,0.13854538,0.0625793,0.07031816,0.047895912,0.06822722,0.014683384
2178,0.26011163,0.068597086,0.072891586,0.047525946,0.18722004,0.02107114
2179,0.08557948,-0.020938836,0.026337622,0.01697301,0.059241854,-0.037911847
2180,1.446619,0.28950348,0.46809575,0.31738624,0.97852325,-0.027882755
2181,1.393503,0.27873543,0.48021135,0.3307498,0.9132916,-0.05201438
2182,0.4378666,0.109426685,0.2829127,0.17374548,0.1549539,-0.0643188
2183,1.2965513,0.26593786,0.29610395,0.21728702,1.0004474,0.048650846
2184,0.012275542,0.027202668,0.036592145,0.027808655,-0.024316601,-0.0006059874
2185,0.7419591,0.24632114,0.2825878,0.22139515,0.4593713,0.024925992
2186,0.30774316,0.06593222,0.065394975,0.05336985,0.2423482,0.012562372
2187,0.090845905,0.088916495,0.08668497,0.0478172,0.004160933,0.041099295
2188,0.8398278,0.11446683,0.19188988,0.13727841,0.6479379,-0.022811577
2189,0.075107075,0.048202347,0.05262262,0.037809446,0.022484455,0.010392901
2190,0.57516026,0.22501175,0.28600097,0.20001239,0.2891593,0.024999365
2191,0.7165945,0.24699289,0.31952047,0.2360552,0.39707404,0.010937691
2192,0.9393759,0.2426102,0.34382066,0.23430225,0.5955552,0.008307949
2193,0.03635481,0.020558871,0.02304902,0.018422456,0.013305791,0.0021364149
2194,0.010890544,-0.011090239,0.032884482,0.024465635,-0.021993939,-0.035555873
2195,0.68553424,0.16092876,0.23805113,0.16039896,0.44748312,0.0005297959
2196,0.07218076,-0.02983345,0.03550967,0.020434024,0.036671095,-0.050267473
2197,0.79556155,0.25437015,0.3701334,0.26589724,0.42542815,-0.011527091
2198,0.8619824,0.21593525,0.28722242,0.17971222,0.57475996,0.036223024
2199,0.7365985,0.24069335,0.27931714,0.20981702,0.45728135,0.030876324
2200,0.020916045,0.059073333,0.005469296,0.008137451,0.015446749,0.050935883
2201,0.00517263,-0.031937808,0.023037547,0.012535002,-0.017864916,-0.04447281
2202,0.3625046,0.09583409,0.15583578,0.112531014,0.20666882,-0.016696922
2203,1.1122193,0.38479468,0.44715938,0.3349534,0.6650599,0.049841285
2204,0.63653195,0.13609393,0.22449966,0.15963516,0.4120323,-0.023541227
2205,0.51038396,0.03207254,0.13574801,0.08389574,0.37463593,-0.051823203
2206,0.82629675,0.15362994,0.22886536,0.18037933,0.5974314,-0.026749387
2207,0.0047931382,0.12338178,0.019370086,0.010082474,-0.014576948,0.1132993
2208,0.07749845,0.02232595,0.07269182,0.053620256,0.0048066303,-0.03129431
2209,0.5508405,0.16482435,0.1504415,0.111130275,0.400399,0.053694077
2210,0.2311965,0.04591952,0.14323746,0.09214633,0.087959036,-0.04622681
2211,1.0791546,0.22162846,0.28927267,0.21236329,0.78988194,0.0092651695
2212,0.16617244,0.17480618,0.066236705,0.045168657,0.09993574,0.12963752
2213,0.93680304,0.18978986,0.31933218,0.2212402,0.61747086,-0.03145033
2214,0.95057064,0.22600864,0.3223217,0.23876074,0.62824893,-0.012752101
2215,1.3980055,0.2872674,0.39962828,0.29834247,0.9983772,-0.011075079
2216,0.03260889,0.20095223,0.06903259,0.041013908,-0.036423698,0.15993832
2217,0.93274486,0.14130136,0.1775241,0.13358755,0.7552208,0.0077138096
2218,0.10365458,0.048125513,0.049007874,0.034687232,0.054646704,0.013438281
2219,0.049467932,-0.0017335251,0.018871313,0.0137025975,0.03059662,-0.015436122
2220,0.40012133,0.25309083,0.1354056,0.09853044,0.26471573,0.15456039
2221,0.37714124,0.15681955,0.24161538,0.17566611,0.13552585,-0.018846557
2222,0.3709598,0.22282234,0.24079448,0.17701407,0.13016531,0.04580827
2223,0.43896365,0.07845467,0.16313383,0.09591307,0.27582982,-0.017458394
2224,1.2957889,0.34542483,0.45412347,0.2920293,0.8416654,0.05339554
2225,0.2181563,0.09040755,0.112879515,0.07298153,0.10527678,0.017426021
2226,0.11561557,0.19858304,0.09219964,0.07040414,0.02341593,0.1281789
2227,0.17808351,0.053617403,0.039827947,0.029612314,0.13825557,0.024005089
2228,1.0390009,0.2465297,0.40724194,0.26192877,0.6317589,-0.015399069
2229,0.92051405,0.2610862,0.38274834,0.2711282,0.53776574,-0.010042012
2230,0.8865353,0.33921057,0.30991718,0.23363356,0.5766181,0.10557701
2231,0.0724084,0.002336264,0.022703612,0.011360459,0.04970479,-0.009024195
2232,0.026726164,0.045648176,0.014829695,0.011588403,0.011896469,0.034059774
2233,1.2662505,0.21474563,0.36375004,0.2409587,0.90250045,-0.02621308
2234,0.16697541,0.028559443,0.121753424,0.08833068,0.045221984,-0.059771236
2235,0.33995053,0.17667717,0.14002195,0.096223556,0.19992858,0.08045361
2236,0.090992734,0.044384297,0.042186055,0.029004628,0.04880668,0.015379669
2237,0.81780803,0.20845805,0.29114902,0.20117678,0.526659,0.0072812736
2238,0.7881191,0.29914916,0.37414992,0.2661745,0.41396916,0.03297466
2239,1.0173134,0.25860116,0.33700016,0.23209149,0.6803132,0.026509672
2240,0.31174013,0.047815155,0.13669145,0.085361436,0.17504868,-0.03754628
2241,0.056813817,0.032958217,0.044241156,0.033856146,0.012572661,-0.0008979291
2242,1.0435863,0.34482756,0.42103177,0.3175498,0.6225545,0.027277768
2243,1.038051,0.30599192,0.29429004,0.21301188,0.74376094,0.09298004
2244,0.32340804,0.15341897,0.14061089,0.10165067,0.18279715,0.051768303
2245,1.1017383,0.33795807,0.43868703,0.3134633,0.6630513,0.024494767
2246,1.1492256,0.351845,0.43593287,0.33874252,0.7132927,0.013102472
2247,0.4723483,0.1526348,0.17885324,0.122419745,0.29349506,0.030215055
2248,0.24151923,0.08839878,0.11514272,0.079717256,0.12637651,0.008681521
2249,0.7227806,0.12282484,0.1656583,0.115010165,0.5571223,0.007814676
2250,0.71299696,0.12716715,0.18088967,0.12807,0.5321073,-0.00090284646
2251,1.0317484,0.3100422,0.40913355,0.28929466,0.62261486,0.020747542
2252,1.1796714,0.32135814,0.37001857,0.2630025,0.8096528,0.05835563
2253,0.861045,0.122403644,0.17977476,0.13126999,0.68127024,-0.008866347
2254,0.86469156,0.1530203,0.2702616,0.16864529,0.59442997,-0.015624985
2255,0.16213009,0.1661928,0.04651307,0.033352483,0.11561702,0.13284032
2256,0.13559347,0.041863956,0.056694623,0.039893,0.07889885,0.0019709542
2257,0.072890826,0.02085167,0.029621974,0.016970117,0.043268852,0.0038815532
2258,0.2524524,0.14352846,0.071963646,0.045009114,0.18048877,0.09851935
2259,1.375615,0.4320218,0.53923565,0.4100354,0.83637935,0.021986395
2260,0.99880123,0.29897597,0.4119148,0.29850322,0.5868864,0.00047275424
2261,0.29188535,0.15030383,0.117817305,0.08866265,0.17406803,0.06164118
2262,0.7778051,0.23335086,0.33686134,0.24024582,0.44094375,-0.006894961
2263,0.26423386,0.0848001,0.12689395,0.08908259,0.1373399,-0.0042824894
2264,0.17545839,0.103293285,0.109296754,0.07516296,0.06616163,0.028130323
2265,1.0490494,0.10291356,0.18769975,0.12529238,0.86134964,-0.022378817
2266,0.7325046,0.23886609,0.37529427,0.2691079,0.35721034,-0.030241817
2267,0.23241974,0.11245334,0.13793284,0.10192325,0.09448691,0.010530092
2268,0.01634138,0.005911573,0.01914552,0.00841533,-0.0028041396,-0.0025037574
2269,1.0489109,0.25967377,0.29053247,0.21602379,0.7583784,0.043649986
2270,0.23252614,0.03456428,0.051291104,0.03553554,0.18123503,-0.0009712614
2271,1.2538934,0.10539253,0.18408838,0.12230634,1.069805,-0.016913809
2272,0.34478244,0.08248191,0.13341366,0.08765106,0.21136878,-0.0051691458
2273,1.1252238,0.29985043,0.3992458,0.29402176,0.72597796,0.0058286786
2274,1.0371332,0.22603405,0.29959145,0.22508466,0.7375418,0.0009493828
2275,1.2061491,0.26318496,0.3359391,0.24285764,0.87021,0.02032733
2276,0.029917125,0.00588728,0.026593663,0.022674367,0.0033234619,-0.016787086
2277,0.057273958,0.019381104,0.021513607,0.016327912,0.03576035,0.003053192
2278,0.9915236,0.1357445,0.17056964,0.1252027,0.82095397,0.010541797
2279,0.8918957,0.15141785,0.17073283,0.11208558,0.7211629,0.03933227
2280,0.8497156,0.19766189,0.30111602,0.18328325,0.5485996,0.014378637
2281,0.6639486,0.20813233,0.2760352,0.20528013,0.3879134,0.0028522015
2282,0.7169558,0.12792212,0.19859095,0.13862042,0.51836485,-0.010698304
2283,0.10366756,0.036659125,0.036239047,0.026613778,0.067428514,0.010045348
2284,1.029126,0.122402176,0.27470964,0.18525185,0.7544164,-0.06284967
2285,1.3358725,0.36876336,0.5184399,0.35492092,0.81743264,0.013842434
2286,0.6792457,0.17603657,0.23222521,0.16944164,0.4470205,0.006594926
2287,0.2510173,0.072401114,0.050404884,0.030802103,0.20061243,0.041599013
2288,0.9833893,0.15887171,0.2945603,0.20781803,0.688829,-0.04894632
2289,0.7136069,0.17520553,0.29167923,0.19343881,0.42192766,-0.018233284
2290,1.1276883,0.26254863,0.27936175,0.20895272,0.84832656,0.0535959
2291,0.9027145,0.27668956,0.31971562,0.22055313,0.5829989,0.05613643
2292,0.37268165,0.20633312,0.17086232,0.12907687,0.20181933,0.07725625
2293,0.2265981,0.111824214,0.12957299,0.07356096,0.09702511,0.038263254
2294,0.028075181,0.028465139,0.038563114,0.027752034,-0.010487933,0.0007131044
2295,0.75320035,0.19765073,0.30874595,0.2118816,0.4444544,-0.014230862
2296,0.90863055,0.1417623,0.13873647,0.10220439,0.76989406,0.03955791
2297,0.85893077,0.21342821,0.34955415,0.22411613,0.50937665,-0.0106879175
2298,0.61205816,0.19449008,0.22710685,0.15917933,0.3849513,0.035310745
2299,0.07819102,-0.018196037,0.06100413,0.037911054,0.017186891,-0.05610709
2300,0.8971223,0.298537,0.39082515,0.27523053,0.5062972,0.02330646
2301,0.15602542,0.061102673,0.081783235,0.061457146,0.07424219,-0.00035447255
2302,0.34468547,0.11332772,0.1205184,0.091596834,0.22416706,0.021730885
2303,1.2123231,0.28852504,0.37776375,0.26779664,0.8345593,0.02072841
2304,0.8278185,0.20149596,0.24445127,0.17472458,0.5833672,0.026771381
2305,0.038383838,0.024034096,0.017201817,0.012729871,0.021182021,0.011304225
2306,0.088551946,0.003878144,0.056155823,0.04189026,0.032396123,-0.038012117
2307,0.295526,0.11177173,0.13600928,0.093518056,0.15951672,0.018253677
2308,0.12448421,0.03414735,0.07425232,0.04800524,0.05023189,-0.01385789
2309,0.9000139,0.17806815,0.2580678,0.18303178,0.64194614,-0.0049636364
2310,0.8181288,0.1660628,0.2100724,0.15420507,0.6080564,0.011857733
2311,0.37030184,0.068462454,0.11887049,0.07617659,0.25143135,-0.0077141374
2312,0.19216648,0.09403175,0.058377694,0.045974493,0.13378878,0.048057258
2313,0.16287634,0.052305184,0.08143446,0.060021553,0.08144188,-0.007716369
2314,0.08849649,-0.038480256,0.022853453,0.010786652,0.06564304,-0.04926691
2315,0.031198306,0.0005055908,0.047620293,0.030056452,-0.016421987,-0.029550862
2316,0.21118824,0.060089,0.055206366,0.04481901,0.15598187,0.015269991
2317,1.2349505,0.27399287,0.32759082,0.23735389,0.9073597,0.036638975
2318,0.27480814,0.07382967,0.08355097,0.06329866,0.19125718,0.010531016
2319,0.071254365,0.051649414,0.03971557,0.028692594,0.031538796,0.02295682
2320,0.017240044,0.007906582,0.012880905,0.012138654,0.004359139,-0.0042320713
2321,0.20609894,0.08617139,0.09505228,0.07208367,0.111046664,0.014087722
2322,0.78993446,0.22886729,0.33410797,0.23722889,0.4558265,-0.008361593
2323,0.28564963,0.063825704,0.092751786,0.060453437,0.19289784,0.003372267
2324,0.0949908,0.089373305,0.06606081,0.048671298,0.028929986,0.040702008
2325,0.2608849,0.14054798,0.14812458,0.09673016,0.112760335,0.04381782
2326,0.08754126,-0.005374774,0.07160947,0.040382076,0.015931793,-0.04575685
2327,0.35071722,0.15101472,0.14757171,0.11239283,0.2031455,0.038621888
2328,0.094824865,0.04276501,0.064823955,0.047138453,0.03000091,-0.0043734424
2329,0.4859593,0.11980812,0.15956992,0.11905264,0.32638937,0.0007554814
2330,0.10684265,0.046881795,0.04647676,0.030665837,0.060365893,0.016215958
2331,0.6043237,0.0344526,0.11605204,0.08475699,0.48827165,-0.050304394
2332,0.61243844,0.18348086,0.23372833,0.17490654,0.3787101,0.008574322
2333,1.0750805,0.16005726,0.23684481,0.1724482,0.83823574,-0.012390941
2334,0.6283781,0.13530289,0.20818442,0.155732,0.42019367,-0.02042912
2335,0.9467722,0.19679737,0.24884515,0.18189259,0.69792706,0.014904782
2336,0.0874035,-0.0032726089,0.06499079,0.043698367,0.02241271,-0.046970975
2337,0.58943695,0.18888433,0.28610015,0.19898021,0.3033368,-0.010095879
2338,0.9626453,0.15950996,0.2666512,0.18798582,0.6959941,-0.028475866
2339,0.5227323,0.16777156,0.21992357,0.15798739,0.30280876,0.009784177
2340,0.044013344,-0.027609471,0.051026512,0.027878447,-0.007013168,-0.055487916
2341,0.078563936,0.018115235,0.032006636,0.01757318,0.0465573,0.0005420558
2342,0.48031765,0.19717038,0.2426905,0.14418375,0.23762715,0.05298662
2343,0.8747437,0.26751992,0.37605226,0.25094485,0.49869144,0.016575068
2344,0.6911603,0.16272612,0.22702508,0.15918595,0.46413523,0.0035401732
2345,0.2887116,0.058332954,0.0969339,0.068067916,0.1917777,-0.009734962
2346,0.450971,0.17046718,0.16516195,0.112119846,0.28580904,0.058347337
2347,0.8901595,0.2448927,0.34456664,0.22081588,0.54559284,0.02407682
2348,1.4124218,0.28119352,0.42175084,0.30834523,0.990671,-0.027151704
2349,0.072866544,0.061303783,0.047098354,0.03983198,0.02576819,0.021471802
2350,0.51610607,0.11731999,0.20175184,0.13637087,0.31435424,-0.019050874
2351,0.12470589,0.03320827,0.058674116,0.038468506,0.06603177,-0.0052602366
2352,0.8809745,0.3290034,0.39122608,0.278515,0.4897484,0.050488383
2353,0.22750382,0.06827252,0.07162628,0.05739703,0.15587753,0.010875493
2354,1.028444,0.24305597,0.31223306,0.21787941,0.71621096,0.025176555
2355,0.621633,0.18009938,0.19006924,0.14002514,0.43156374,0.040074244
2356,0.87046814,0.2207271,0.3448144,0.24873824,0.5256537,-0.028011143
2357,0.42840105,0.03334131,0.15403658,0.09897405,0.27436447,-0.06563274
2358,0.63766825,0.13586777,0.19222285,0.14583771,0.44544542,-0.009969935
2359,0.12037188,0.01826097,0.10394134,0.06350881,0.016430534,-0.045247838
2360,0.18076606,0.034617938,0.028626535,0.020936474,0.15213953,0.013681464
2361,0.72020656,0.10671736,0.17019626,0.11434479,0.5500103,-0.0076274276
2362,1.0705023,0.32530928,0.4474583,0.33158988,0.623044,-0.006280601
2363,0.8830498,0.1870989,0.27039683,0.18746766,0.61265296,-0.00036875904
2364,0.7042381,0.16218032,0.18839702,0.13931479,0.5158411,0.022865534
2365,1.3088787,0.27287477,0.38081548,0.25946468,0.92806315,0.013410091
2366,1.1917375,0.15534545,0.2258533,0.16599633,0.9658842,-0.010650873
2367,0.44666094,0.1692469,0.23121269,0.16420469,0.21544825,0.00504221
2368,0.7395954,0.22376491,0.27818093,0.21693388,0.4614145,0.006831035
2369,0.88889784,0.24623959,0.28998676,0.19927865,0.59891105,0.046960935
2370,0.073355444,0.022082208,0.027304742,0.020307079,0.0460507,0.0017751288
2371,0.20922592,0.02993899,0.056221012,0.041752324,0.15300491,-0.011813333
2372,1.1577394,0.25608557,0.3123181,0.23287131,0.8454213,0.023214266
2373,0.08496386,0.0644913,0.06585836,0.052018154,0.019105501,0.012473147
2374,0.039604284,0.12800543,0.028035397,0.021047335,0.011568887,0.10695809
2375,0.133349,0.05380883,0.056421474,0.04681963,0.07692753,0.0069891997
2376,0.08874132,0.06247913,0.034950268,0.027855199,0.05379105,0.034623932
2377,0.5868497,0.20130798,0.28685486,0.18457448,0.29999483,0.016733497
2378,1.1154175,0.33198127,0.43508613,0.28592637,0.68033135,0.0460549
2379,0.24599543,-0.009168197,0.06728259,0.04069683,0.17871284,-0.049865026
2380,0.67758095,0.19423598,0.2237019,0.16780719,0.45387906,0.026428789
2381,0.82216454,0.22651257,0.3051765,0.21286556,0.51698804,0.013647005
2382,0.12557614,0.05867813,0.05008863,0.034274735,0.07548751,0.024403397
2383,0.44733158,0.089153506,0.13677375,0.09354601,0.31055784,-0.0043925047
2384,1.221807,0.36328417,0.5211359,0.34188044,0.7006711,0.02140373
2385,1.0229994,0.30283454,0.39213526,0.2761309,0.63086414,0.026703626
2386,0.6695885,0.18262483,0.25896838,0.1746032,0.41062012,0.008021638
2387,0.9199432,0.20276216,0.26848328,0.17460623,0.65145993,0.028155923
2388,0.44981548,0.11697994,0.12592223,0.08235999,0.32389325,0.03461995
2389,0.6189957,0.15890798,0.18877323,0.12317013,0.4302225,0.03573785
2390,0.551596,0.18127197,0.22809607,0.1628628,0.32349992,0.018409178
2391,0.926677,0.18253571,0.25552773,0.17888029,0.67114925,0.0036554188
2392,0.7410391,0.18515827,0.24928425,0.19293383,0.49175483,-0.00777556
2393,0.097928464,0.14753063,0.071581736,0.054468513,0.026346728,0.09306212
2394,0.9521431,0.27783144,0.37450913,0.26898146,0.577634,0.008849978
2395,1.0068771,0.16979039,0.26224923,0.180226,0.74462783,-0.010435611
2396,-0.008996814,0.114137016,0.010239276,0.0029948798,-0.01923609,0.111142136
2397,0.14218709,0.17521863,0.06982915,0.047297526,0.07235794,0.1279211
2398,0.17353214,0.03911332,0.07151027,0.047666512,0.10202187,-0.008553192
2399,0.8551574,0.23673418,0.25405803,0.19430016,0.6010994,0.04243402
2400,0.320078,0.11842851,0.09947403,0.0640507,0.22060396,0.054377817
2401,1.100535,0.16170794,0.19888918,0.14601593,0.90164584,0.01569201
2402,0.09884861,0.030805204,0.030192493,0.02563241,0.06865612,0.0051727947
2403,0.05499942,0.16699363,0.033898853,0.02090926,0.021100566,0.14608437
2404,0.059042424,0.059143174,0.03425888,0.026363239,0.024783544,0.032779936
2405,0.2820879,0.057342377,0.090807155,0.06453225,0.19128074,-0.0071898736
2406,0.071381524,0.049066387,0.048918065,0.03812616,0.02246346,0.010940228
2407,0.8069794,0.2748616,0.39428878,0.29188174,0.41269064,-0.017020136
2408,0.2947692,0.13942133,0.21462113,0.1412505,0.08014807,-0.0018291771
2409,0.053568274,0.0062725805,0.009186638,0.006433936,0.044381637,-0.00016135536
2410,0.06586582,-0.0053361324,0.033321295,0.02205748,0.032544527,-0.027393611
2411,0.20537236,-0.021723855,0.07062289,0.042542662,0.13474947,-0.06426652
2412,0.8796455,0.25438538,0.3292667,0.2522527,0.5503788,0.002132684
2413,0.7228455,0.13788486,0.25494254,0.1660208,0.46790296,-0.02813594
2414,0.93716073,0.3294957,0.45032537,0.33011925,0.48683536,-0.000623554
2415,0.066102095,0.07355935,0.073238194,0.05514758,-0.007136099,0.01841177
2416,0.3346994,0.09089755,0.23072217,0.124676794,0.10397722,-0.03377924
2417,0.30565414,0.081004165,0.11791804,0.089086965,0.1877361,-0.0080828
2418,0.93993443,0.23502202,0.2664348,0.19920166,0.67349964,0.035820365
2419,0.89146507,0.12378574,0.1632329,0.11316541,0.72823215,0.010620333
2420,0.89171076,0.12196179,0.1738299,0.122833684,0.71788085,-0.00087189674
2421,0.7367567,0.18775393,0.2595163,0.19778557,0.47724038,-0.0100316405
2422,0.77230257,0.2505053,0.3392252,0.2517453,0.43307737,-0.001240015
2423,0.749137,0.23995024,0.2299778,0.16473608,0.5191592,0.07521416
2424,0.83223784,0.119048,0.22355264,0.13172199,0.6086852,-0.012673989
2425,0.9069909,0.25075406,0.35650605,0.24731907,0.55048484,0.0034349859
2426,0.53878886,0.20208302,0.24628682,0.16339841,0.29250205,0.038684607
2427,0.2554205,0.07039023,0.09954303,0.06434208,0.15587747,0.0060481504
2428,0.7979767,0.32546943,0.36958432,0.27508163,0.42839235,0.0503878
2429,0.61023074,0.124540605,0.13112406,0.100021236,0.47910666,0.024519369
2430,0.777888,0.17444575,0.2908078,0.19565928,0.4870802,-0.021213531
2431,0.41058734,0.11862355,0.13330796,0.09918993,0.27727938,0.019433618
2432,0.5507536,0.17938536,0.25532323,0.1705145,0.29543036,0.00887087
2433,-0.043613344,0.1355589,0.046300415,0.03297571,-0.089913756,0.10258319
2434,0.45703536,0.034578428,0.10538499,0.074170485,0.35165036,-0.039592057
2435,0.19185367,0.056832105,0.07642782,0.057125505,0.115425855,-0.00029340014
2436,0.0727959,0.022756848,0.053395238,0.0395673,0.01940066,-0.01681045
2437,1.0282475,0.15486313,0.28198254,0.18103422,0.74626493,-0.026171088
2438,1.2584659,0.21381867,0.352265,0.25076047,0.9062009,-0.036941797
2439,0.7581119,0.18821448,0.23773648,0.16623639,0.52037543,0.021978095
2440,0.0339268,0.1363914,0.07700785,0.05370924,-0.043081053,0.08268216
2441,1.1951628,0.2157275,0.3275612,0.23279884,0.8676016,-0.017071351
2442,1.3033731,0.27566963,0.4925998,0.31585434,0.8107733,-0.040184706
2443,0.97946614,0.18815544,0.2361155,0.17154936,0.7433506,0.016606078
2444,0.64230114,0.14051251,0.20405458,0.14895979,0.43824655,-0.008447275
2445,0.6762388,0.14356072,0.241557,0.16532737,0.43468177,-0.021766648
2446,0.24650359,0.05520568,0.09444375,0.059484307,0.15205984,-0.0042786263
2447,0.10173069,0.012906511,0.034485936,0.024238562,0.06724475,-0.011332051
2448,-0.019913591,0.116761565,0.02127346,0.008480972,-0.04118705,0.10828059
2449,0.58542186,0.14452407,0.21160507,0.14206745,0.3738168,0.0024566203
2450,0.7308705,0.31101373,0.37199998,0.28866655,0.3588705,0.022347182
2451,0.88312393,0.16285221,0.30299783,0.20817615,0.5801261,-0.045323938
2452,0.69227797,0.10741444,0.18645912,0.13713644,0.50581884,-0.029722005
2453,1.1899028,0.1591269,0.20036516,0.14265534,0.9895376,0.01647155
2454,-0.01760735,0.118710585,0.019656874,0.009240673,-0.037264224,0.10946991
2455,0.20777233,0.1333666,0.08909934,0.05978337,0.11867299,0.07358323
2456,1.2426292,0.16439618,0.2847532,0.18669443,0.95787597,-0.022298247
2457,0.26468533,0.01714415,0.1526924,0.085315354,0.111992925,-0.0681712
2458,0.80611706,0.21814525,0.2954973,0.22246544,0.51061976,-0.0043201894
2459,0.85878074,0.12575264,0.19273949,0.13496791,0.66604125,-0.0092152655
2460,0.8317959,0.22889537,0.35876787,0.23422909,0.473028,-0.0053337216
2461,0.4627471,0.12676279,0.17531659,0.1231468,0.28743052,0.0036159903
2462,0.62661994,0.14519203,0.17940201,0.13062301,0.44721794,0.014569014
2463,0.16316853,0.13937752,0.07149746,0.045704484,0.09167107,0.093673036
2464,1.0345122,0.19984691,0.2209503,0.15159488,0.81356186,0.04825203
2465,0.08881535,0.05672068,0.033501673,0.026847195,0.055313673,0.029873487
2466,0.95845693,0.21725196,0.31254676,0.23078385,0.64591014,-0.0135318935
2467,0.22148925,0.096940465,0.0773207,0.06519402,0.14416856,0.031746447
2468,1.018702,0.22985198,0.36633855,0.22908355,0.6523635,0.0007684231
2469,0.6418043,0.07237156,0.14797355,0.102334164,0.49383074,-0.029962607
2470,0.25947967,0.06058548,0.09228799,0.06694608,0.16719168,-0.0063606016
2471,0.31068444,0.06852715,0.1635202,0.10288704,0.14716424,-0.034359895
2472,0.7644277,0.22487585,0.28103024,0.20550787,0.48339748,0.019367978
2473,0.23393764,0.0016191493,0.056217145,0.04132381,0.17772049,-0.03970466
2474,0.91007423,0.17702362,0.23037739,0.15909968,0.67969686,0.017923936
2475,0.67608225,0.18582882,0.252273,0.17706381,0.42380926,0.008765012
2476,0.6405538,0.23676248,0.30295485,0.21089248,0.33759892,0.025869995
2477,0.9663442,0.23867562,0.31295195,0.21116252,0.6533922,0.027513102
2478,0.7851513,0.20386572,0.26697788,0.20918724,0.51817346,-0.0053215176
2479,0.5913837,0.1556394,0.19307457,0.1418385,0.3983091,0.013800889
2480,1.0819216,0.18985885,0.30554223,0.21166065,0.77637935,-0.0218018
2481,0.76762205,0.27015275,0.3715773,0.27477047,0.39604476,-0.004617721
2482,0.1264733,0.06420934,0.049890924,0.036864802,0.07658237,0.02734454
2483,0.21291927,0.021503462,0.026942838,0.018874392,0.18597643,0.0026290696
2484,0.11684793,0.05047405,0.046418227,0.030793956,0.070429705,0.019680096
2485,1.3045634,0.36091697,0.6192586,0.3883559,0.6853048,-0.027438939
2486,1.0728391,0.32622135,0.43888932,0.31386596,0.6339498,0.012355387
2487,0.5240093,0.182071,0.22499382,0.16785866,0.29901546,0.01421234
2488,-0.027296167,-0.026126001,0.011052844,0.0062985485,-0.03834901,-0.03242455
2489,0.46368825,0.08811644,0.1448722,0.10320687,0.31881607,-0.015090436
2490,0.88550717,0.2711371,0.383051,0.2615452,0.5024562,0.009591877
2491,0.8680322,0.24416405,0.3034873,0.21892215,0.5645449,0.025241897
2492,1.4016825,0.28662515,0.45139027,0.29038578,0.9502922,-0.0037606359
2493,0.9296242,0.16646892,0.19945835,0.13970195,0.73016584,0.02676697
2494,0.8740554,0.18939088,0.29081544,0.18710443,0.5832399,0.002286449
2495,0.20935126,0.21211869,0.12629434,0.106711805,0.08305691,0.10540688
2496,0.017544178,0.013284853,0.04263955,0.018687332,-0.025095372,-0.0054024793
2497,0.1283229,-0.0063673207,0.057225443,0.033288985,0.071097456,-0.039656308
2498,0.76335365,0.1427052,0.23202543,0.14516336,0.5313282,-0.0024581552
2499,-0.0028378137,0.022470647,0.0037825601,0.0060709203,-0.0066203736,0.016399726
2500,0.64236265,0.1530327,0.20961095,0.14995593,0.43275172,0.0030767769
2501,0.4542765,0.19081427,0.1880884,0.13985646,0.26618809,0.050957814
2502,0.19455706,0.069817886,0.13431348,0.088154085,0.060243577,-0.0183362
2503,0.940652,0.22128561,0.28721148,0.19963126,0.65344054,0.021654353
2504,0.23025185,0.064279035,0.07927146,0.06048048,0.15098038,0.0037985556
2505,0.74732304,0.2730752,0.32740745,0.2284187,0.4199156,0.0446565
2506,1.0542189,0.19298679,0.2552761,0.192302,0.7989428,0.00068478286
2507,0.3441339,0.13978659,0.16543461,0.12933685,0.1786993,0.010449737
2508,1.3067214,0.32990506,0.47488326,0.3267653,0.8318382,0.003139764
2509,0.20153975,0.18093963,0.07966449,0.061842915,0.121875264,0.11909671
2510,0.7981351,0.1574154,0.19557138,0.1413932,0.60256374,0.016022205
2511,0.3246881,0.13762762,0.11956829,0.0860307,0.20511982,0.051596917
2512,1.1364254,0.2760059,0.38564327,0.25587055,0.75078213,0.020135343
2513,0.5277678,0.08322647,0.11381659,0.081616364,0.4139512,0.0016101077
2514,0.31228969,0.15525056,0.09793139,0.07089543,0.2143583,0.08435513
2515,0.06862193,-0.01778731,0.035408136,0.023586238,0.033213798,-0.041373547
2516,0.25716317,0.03741255,0.044046067,0.03192,0.2131171,0.0054925494
2517,0.68521225,0.22539218,0.25335068,0.1741825,0.43186158,0.051209673
2518,0.88433546,0.31928098,0.4460591,0.33958566,0.43827635,-0.02030468
2519,0.89625746,0.16766647,0.23834863,0.17181806,0.6579088,-0.0041515976
2520,1.1535125,0.39079246,0.46666753,0.35467854,0.68684494,0.036113918
2521,0.10652816,0.014888163,0.049942017,0.035374776,0.056586146,-0.020486612
2522,0.6190641,0.18129255,0.24390627,0.17093582,0.37515783,0.010356724
2523,0.71477675,0.25748116,0.36146846,0.24261908,0.3533083,0.014862075
2524,0.29391226,0.032120056,0.08607547,0.053195972,0.20783679,-0.021075916
2525,-0.036078624,-0.04072523,0.026472507,0.013523798,-0.06255113,-0.05424903
2526,1.0225748,0.23362505,0.360463,0.25006005,0.66211176,-0.016434997
2527,0.8466009,0.17817363,0.2527663,0.18004808,0.5938346,-0.0018744469
2528,0.820555,0.18541932,0.34991714,0.23760845,0.47063783,-0.052189127
2529,0.78130263,0.3249854,0.42065945,0.29553422,0.36064318,0.029451191
2530,0.22122833,0.12078481,0.14536612,0.10321933,0.075862214,0.017565481
2531,0.29052666,0.14179164,0.19996083,0.12831308,0.09056583,0.013478562
2532,0.08472652,-0.0038406316,0.030403353,0.018360298,0.054323167,-0.022200929
2533,0.27344507,0.12126154,0.12113837,0.084023744,0.1523067,0.037237793
2534,1.225722,0.26311052,0.37387505,0.26881638,0.85184693,-0.0057058632
2535,0.17622755,0.026909858,0.09748581,0.05949234,0.078741744,-0.03258248
2536,0.27453992,0.07581227,0.066158965,0.04380486,0.20838095,0.03200741
2537,0.7353789,0.25352332,0.28823996,0.21929814,0.44713897,0.03422518
2538,0.3167471,0.045956004,0.15359324,0.10159318,0.16315386,-0.055637177
2539,0.29020214,0.07869859,0.103489906,0.07293344,0.18671224,0.0057651475
2540,0.5000353,0.13823697,0.2305406,0.14177221,0.26949468,-0.003535241
2541,0.4879835,0.18635978,0.20883846,0.15415245,0.27914503,0.032207325
2542,0.03513985,0.122575566,0.075977586,0.059896592,-0.040837735,0.06267898
2543,0.16410519,0.08081449,0.054258823,0.045871086,0.10984637,0.0349434
2544,0.07567519,0.022960456,0.026282514,0.019881314,0.049392678,0.0030791424
2545,0.76412845,0.18036447,0.23594736,0.16885683,0.5281811,0.011507645
2546,0.95819926,0.14086877,0.23109587,0.16850446,0.7271034,-0.027635694
2547,0.9277094,0.2893579,0.3325406,0.25814545,0.5951688,0.03121245
2548,1.250217,0.19854209,0.31262568,0.21064907,0.9375913,-0.012106985
2549,0.94924194,0.20046791,0.26741213,0.16801451,0.6818298,0.032453403
2550,0.5218961,0.061893083,0.081458844,0.05766892,0.4404373,0.0042241625
2551,1.0771909,0.13827443,0.22027336,0.1585384,0.8569175,-0.02026397
2552,0.76567805,0.24209908,0.30542636,0.21813904,0.4602517,0.023960039
2553,0.73943007,0.16817196,0.11653601,0.08852765,0.62289405,0.07964431
2554,1.2127589,0.17731336,0.26092136,0.18623208,0.95183754,-0.0089187175
2555,0.7494339,0.08551897,0.16680515,0.11629611,0.5826287,-0.030777141
2556,0.076955326,0.05114617,0.052915744,0.040138945,0.024039581,0.011007223
2557,0.16806884,0.06045388,0.076858,0.04898156,0.09121084,0.011472322
2558,0.48544878,0.15610924,0.18871547,0.13766594,0.29673332,0.018443301
2559,0.19346339,0.07561,0.07588859,0.05689236,0.117574796,0.018717635
