feature_idx,seq_effect_obs,struct_effect_obs,seq_effect_shuffle,struct_effect_shuffle,seq_delta,struct_delta
0,0.20865196,-0.0041953716,0.033223953,0.020225866,0.175428,-0.024421237
1,0.17945038,0.023555076,0.03357141,0.025794428,0.14587897,-0.002239352
2,0.4600301,0.049757868,0.1092438,0.07429466,0.3507863,-0.024536788
3,0.37485263,0.04881432,0.08407231,0.05714958,0.2907803,-0.008335263
4,0.31368288,0.023107322,0.04335265,0.028296601,0.27033025,-0.005189279
5,0.54407096,0.06837637,0.0748879,0.04570188,0.46918306,0.02267449
6,0.44762987,0.059703205,0.10372708,0.06867814,0.3439028,-0.008974936
7,0.29306874,0.003403812,0.052796908,0.029921742,0.24027184,-0.02651793
8,0.4688634,0.013390792,0.06676402,0.046488725,0.40209937,-0.033097934
9,0.5361103,0.09582398,0.09201462,0.06426057,0.44409567,0.03156341
10,0.47976592,0.10272371,0.12820813,0.08974303,0.3515578,0.012980677
11,0.4569711,0.04468448,0.0770749,0.054338586,0.37989622,-0.009654105
12,0.60820013,0.0755018,0.10885192,0.075336434,0.49934822,0.00016536564
13,0.45719716,0.06396284,0.090662435,0.06893499,0.3665347,-0.0049721524
14,0.181838,0.03686278,0.062163286,0.043805122,0.11967472,-0.006942343
15,0.6728821,0.12742779,0.12716979,0.09297657,0.5457123,0.034451216
16,0.23837472,0.035283018,0.04551421,0.032902364,0.19286051,0.0023806542
17,0.17517251,0.01853479,0.024391249,0.016074348,0.15078126,0.0024604425
18,0.5309594,0.017043633,0.056418728,0.038122736,0.4745407,-0.021079103
19,0.51931167,0.03640383,0.054528836,0.03291976,0.46478283,0.0034840703
20,0.198689,0.045020793,0.04333813,0.03248027,0.15535086,0.012540523
21,0.3837636,0.028779566,0.05301847,0.038780615,0.33074513,-0.010001048
22,0.6246597,0.07646881,0.10533193,0.07441452,0.51932776,0.002054289
23,0.38710862,0.0377534,0.057583284,0.043754473,0.32952535,-0.006001074
24,0.58266217,0.047584914,0.098858394,0.061161056,0.48380378,-0.0135761425
25,0.43794078,0.08566967,0.1140616,0.0881333,0.32387918,-0.0024636313
26,0.3305183,0.063616574,0.06549527,0.0436658,0.26502305,0.019950774
27,0.28123328,0.045039233,0.07087078,0.048691116,0.2103625,-0.0036518835
28,0.43179676,0.08896424,0.079761446,0.060005978,0.3520353,0.028958261
29,0.39158478,0.06655637,0.07692184,0.05757979,0.31466293,0.008976582
30,0.44584483,0.037756685,0.09589884,0.061273098,0.349946,-0.023516413
31,0.5474253,0.09259109,0.0998484,0.068992056,0.44757694,0.023599036
32,0.49832016,0.017776724,0.065566644,0.042953778,0.4327535,-0.025177054
33,0.5500368,0.07356021,0.097695455,0.06768883,0.45234132,0.005871378
34,0.42725134,0.048336066,0.07782575,0.051456098,0.34942558,-0.0031200312
35,0.58076996,0.096167564,0.12290901,0.08306899,0.45786095,0.013098575
36,0.648041,0.088131316,0.08260578,0.062979944,0.56543523,0.025151372
37,0.537165,0.0773029,0.07793717,0.053672213,0.4592278,0.02363069
38,0.46025005,-0.0031259337,0.014552179,0.009233785,0.44569787,-0.012359719
39,0.538693,0.04261586,0.08907349,0.05997839,0.44961953,-0.017362528
40,0.44806477,0.05512955,0.06650141,0.05153636,0.38156337,0.0035931915
41,0.34031463,0.059360143,0.075066015,0.055262998,0.2652486,0.004097145
42,0.59596986,0.09681355,0.105605274,0.07813634,0.49036458,0.018677212
43,0.6045885,0.14292945,0.1331333,0.09592547,0.47145522,0.047003977
44,0.3134822,0.013048244,0.030850612,0.02164425,0.28263158,-0.008596006
45,0.5945831,0.05617427,0.080498144,0.05465864,0.51408494,0.0015156306
46,0.5999682,0.06719684,0.1418987,0.08942981,0.4580695,-0.022232972
47,0.5816071,0.05755689,0.08375765,0.051036276,0.49784946,0.006520614
48,0.5401657,0.05025609,0.10572884,0.073100284,0.4344369,-0.022844195
49,0.33011755,0.025651535,0.045453425,0.03372542,0.28466412,-0.008073883
50,0.23428461,0.03420544,0.05214632,0.039897617,0.1821383,-0.0056921765
51,0.2188785,0.009754465,0.040751114,0.021947348,0.17812738,-0.0121928835
52,0.41253343,0.055230614,0.09773487,0.06774736,0.31479856,-0.012516748
53,0.43438897,0.10637954,0.099539146,0.07134847,0.33484983,0.035031065
54,0.41394675,0.077149674,0.07232284,0.056535494,0.3416239,0.02061418
55,0.54004997,0.08769599,0.08624905,0.062801026,0.45380092,0.024894968
56,0.44243515,0.03759236,0.065592974,0.049313184,0.37684217,-0.011720825
57,0.38081837,0.04991611,0.06213974,0.04699416,0.31867862,0.00292195
58,0.5431361,0.05179677,0.09574732,0.06707822,0.4473888,-0.015281446
59,0.53185284,0.064837344,0.105582505,0.07349643,0.42627034,-0.008659087
60,0.34366262,0.027951226,0.04958045,0.034274798,0.29408216,-0.0063235722
61,0.38030297,0.0788542,0.08384635,0.0600838,0.2964566,0.018770404
62,0.3279385,0.070899144,0.06100646,0.04354358,0.26693204,0.027355563
63,0.39832613,0.055425417,0.06410248,0.045021076,0.33422366,0.010404341
64,0.28359833,0.037160043,0.05492977,0.035524495,0.22866857,0.0016355477
65,0.63574535,0.073604345,0.13885875,0.085827485,0.4968866,-0.012223139
66,0.39387938,0.045793865,0.07787668,0.049826015,0.3160027,-0.00403215
67,0.31567094,0.046767876,0.06904146,0.04586603,0.24662948,0.00090184435
68,0.43135375,0.014377916,0.04160595,0.025725001,0.3897478,-0.011347085
69,0.31205717,0.08177066,0.06974805,0.04846219,0.24230912,0.03330847
70,0.26874006,0.0472785,0.04525043,0.032750033,0.22348963,0.014528468
71,0.38184363,0.045091297,0.09543638,0.0610628,0.28640723,-0.015971504
72,0.46465454,0.09454,0.11527146,0.08205984,0.3493831,0.012480162
73,0.54543054,0.047322325,0.082914524,0.04837491,0.462516,-0.0010525845
74,0.5214488,0.06969674,0.09740659,0.071818896,0.4240422,-0.0021221563
75,0.28632537,0.031822454,0.04477649,0.034919325,0.24154887,-0.003096871
76,0.7943756,0.068972416,0.1134231,0.0757651,0.6809525,-0.006792687
77,0.38498285,0.056639723,0.05795901,0.042693526,0.32702383,0.013946198
78,0.46310806,0.05926719,0.086770095,0.061218653,0.37633798,-0.0019514635
79,0.56505203,0.06762775,0.091608934,0.068625934,0.4734431,-0.0009981841
80,0.4468453,0.05416543,0.099408925,0.06303905,0.34743637,-0.008873619
81,0.40499705,0.0559018,0.075797416,0.055668734,0.32919964,0.00023306534
82,0.56955,0.074041255,0.09517683,0.06336549,0.47437316,0.010675766
83,0.2866195,0.027989103,0.06759545,0.046186067,0.21902406,-0.018196965
84,0.5275398,0.003363661,0.03359007,0.016259229,0.4939497,-0.012895567
85,0.41606337,0.097870536,0.09060153,0.06650208,0.32546183,0.031368457
86,0.5022469,0.052765355,0.076131724,0.057972834,0.42611519,-0.005207479
87,0.41066924,0.061804093,0.10091655,0.071828105,0.3097527,-0.010024011
88,0.3417206,0.088160284,0.07153671,0.05421307,0.2701839,0.033947214
89,0.39048582,0.07878445,0.07837238,0.052565217,0.31211343,0.026219234
90,0.15711035,-0.030521583,0.019123629,0.011574572,0.13798672,-0.042096153
91,0.65118414,0.08504507,0.119968034,0.08558577,0.5312161,-0.00054070354
92,0.41470727,0.076685354,0.08103799,0.059476938,0.33366928,0.017208416
93,0.39896074,0.057046875,0.07150414,0.05541788,0.3274566,0.0016289949
94,0.3441352,0.03186684,0.06785738,0.04640512,0.2762778,-0.014538281
95,0.4781545,0.08073338,0.13222764,0.0865548,0.34592688,-0.0058214217
96,0.42652878,0.06490068,0.102189235,0.07226612,0.32433954,-0.0073654354
97,0.5293198,0.06630539,0.08313797,0.056614295,0.44618186,0.009691097
98,0.29027626,0.018727547,0.04563502,0.02977654,0.24464124,-0.011048993
99,0.38990867,0.05020067,0.10265789,0.06899982,0.2872508,-0.018799148
100,0.22106178,0.02466931,0.07091298,0.048871197,0.15014881,-0.024201887
101,0.13034964,0.024963073,0.042984027,0.028491177,0.08736561,-0.0035281032
102,0.7081734,0.17324767,0.13181722,0.096167326,0.5763562,0.07708034
103,0.33366862,0.10497995,0.09414561,0.06429723,0.23952301,0.04068272
104,0.14080147,0.018985456,0.020779962,0.015927248,0.120021515,0.0030582082
105,0.54226935,0.0854566,0.11853105,0.079838015,0.4237383,0.005618587
106,0.5266956,0.058814034,0.078869075,0.06035885,0.44782653,-0.0015448146
107,0.53117126,0.055379223,0.070918605,0.04710903,0.46025264,0.008270193
108,0.49846175,0.023533044,0.053053427,0.03493048,0.4454083,-0.011397434
109,0.70967937,0.04462782,0.053549074,0.03998245,0.6561303,0.00464537
110,0.6333958,0.07640115,0.17718086,0.1205456,0.45621493,-0.04414445
111,0.7017511,0.07800672,0.1418073,0.09715188,0.5599438,-0.01914516
112,0.49133947,0.008794407,0.027638791,0.01982254,0.46370068,-0.011028132
113,0.4844656,0.0335955,0.073618926,0.044132426,0.41084668,-0.010536928
114,0.5439395,0.046064854,0.10640469,0.070020735,0.43753478,-0.023955882
115,0.5423265,0.06620867,0.10823873,0.07946061,0.43408778,-0.013251945
116,0.25102198,0.023946753,0.04819822,0.027846288,0.20282376,-0.0038995352
117,0.35194626,0.039385475,0.10103605,0.06371159,0.25091022,-0.024326116
118,0.58516467,0.08094948,0.0995853,0.06843266,0.48557937,0.012516819
119,0.34229407,0.065566264,0.072068535,0.05802608,0.27022552,0.007540185
120,0.40619114,0.07777162,0.091218844,0.068274245,0.31497228,0.009497374
121,0.5132881,0.045252275,0.05124272,0.036121454,0.46204537,0.009130821
122,0.42308617,0.05084857,0.08710554,0.061915692,0.33598062,-0.011067122
123,0.46724474,0.038235087,0.07180487,0.05036506,0.39543986,-0.012129974
124,0.22852638,0.012871953,0.024269365,0.016977308,0.20425701,-0.0041053556
125,0.48952174,0.050767306,0.053978566,0.040375065,0.43554318,0.010392241
126,0.61732906,0.03175747,0.08370529,0.051363166,0.53362375,-0.019605696
127,0.5130122,0.08326794,0.09384952,0.06643415,0.41916266,0.01683379
128,0.4135611,0.075744644,0.077616006,0.062742636,0.3359451,0.013002008
129,0.29925886,0.01643545,0.023998344,0.019032748,0.2752605,-0.0025972985
130,0.5084811,0.06298086,0.10243496,0.07420805,0.40604612,-0.0112271905
131,0.5083756,0.09901841,0.13191049,0.0919654,0.37646508,0.00705301
132,0.35733646,0.016672682,0.036837712,0.026609628,0.32049876,-0.0099369455
133,0.39260846,0.04721534,0.06329028,0.043287605,0.32931817,0.0039277337
134,0.17217904,0.0124807255,0.05513787,0.04181337,0.11704117,-0.029332645
135,0.27724123,-0.002052044,0.00888841,0.006633296,0.2683528,-0.00868534
136,0.24658717,0.051149584,0.049116854,0.03531339,0.19747032,0.015836194
137,0.35799274,0.023874715,0.04963596,0.03700568,0.30835676,-0.013130967
138,0.53770655,0.038661648,0.06320919,0.0442791,0.47449738,-0.005617451
139,0.29735103,0.07348557,0.0908429,0.06828762,0.20650813,0.0051979497
140,0.3258566,0.017943326,0.03657795,0.026602805,0.28927866,-0.008659478
141,0.29177022,0.024743328,0.04418325,0.034137927,0.24758697,-0.009394599
142,0.28485128,0.03941444,0.05596049,0.04260011,0.22889079,-0.0031856708
143,0.64367664,0.02165381,0.050988764,0.026483469,0.59268785,-0.004829658
144,0.5308795,0.06328106,0.08214594,0.0541022,0.44873357,0.009178858
145,0.3734359,0.033007056,0.058915578,0.038899045,0.31452033,-0.00589199
146,0.3953617,0.00499083,0.051948275,0.033268455,0.3434134,-0.028277624
147,0.2653368,0.016037097,0.04678519,0.0315742,0.21855162,-0.015537104
148,0.3906441,0.09325745,0.082079306,0.05764813,0.30856478,0.03560932
149,0.3618288,0.048565883,0.06736712,0.048980646,0.29446167,-0.00041476265
150,0.46980312,0.06292815,0.074546546,0.048678387,0.39525658,0.014249761
151,0.23523326,0.035420805,0.043815523,0.028654419,0.19141774,0.0067663863
152,0.46033153,0.05151642,0.07085535,0.05263019,0.38947618,-0.0011137687
153,0.3599928,0.04092148,0.06152504,0.038970076,0.29846776,0.0019514039
154,0.23139812,-0.03990477,0.053442314,0.02595463,0.1779558,-0.0658594
155,0.14787653,-0.041552443,0.03417812,0.017422298,0.11369841,-0.058974743
156,0.21425378,0.022996454,0.026389532,0.021323904,0.18786424,0.0016725492
157,0.43926546,0.029110672,0.05820697,0.038651135,0.38105848,-0.009540463
158,0.34266514,0.06901417,0.063455865,0.047197685,0.27920926,0.021816485
159,0.3822006,0.061738864,0.07694703,0.058008417,0.30525357,0.003730446
160,0.5686798,0.008402999,0.06485957,0.03480725,0.50382024,-0.02640425
161,0.18167005,0.008143342,0.021178644,0.0139399,0.1604914,-0.005796558
162,0.58195525,0.060522705,0.092112266,0.050354987,0.48984298,0.010167718
163,0.42880973,0.030667556,0.07332368,0.053397678,0.35548604,-0.022730121
164,0.44315657,0.09031736,0.111295804,0.08659379,0.33186078,0.0037235692
165,0.4104517,0.034563486,0.049803376,0.036761057,0.36064833,-0.002197571
166,0.39025,0.07418592,0.06986679,0.04998579,0.3203832,0.024200134
167,0.08420143,0.09151243,0.027534222,0.012064232,0.05666721,0.07944819
168,0.5040936,0.044392556,0.046362244,0.036109414,0.45773134,0.008283142
169,0.41813976,0.03334221,0.073991016,0.04911363,0.34414876,-0.015771423
170,0.33512017,0.086713925,0.10972265,0.067562744,0.22539753,0.019151181
171,0.39816666,0.031982005,0.036481645,0.026035333,0.361685,0.0059466716
172,0.5649381,0.089204654,0.123924896,0.07783151,0.44101322,0.011373147
173,0.579997,0.05337892,0.07016924,0.05536961,0.50982773,-0.0019906908
174,0.3579221,0.048956048,0.07899693,0.058051728,0.27892518,-0.00909568
175,0.62748,0.095851794,0.15163249,0.113713846,0.47584748,-0.017862052
176,0.4735937,0.05882975,0.061173238,0.04406728,0.41242048,0.014762472
177,0.79978466,0.018553369,0.051846586,0.037033454,0.7479381,-0.018480085
178,0.36431193,0.06259628,0.075022526,0.05398798,0.2892894,0.0086082965
179,0.21129662,-0.0132975625,0.04864405,0.026870752,0.16265257,-0.040168315
180,0.5394572,0.06302675,0.0901209,0.06669907,0.4493363,-0.0036723241
181,0.45524654,0.010106001,0.021383975,0.016253874,0.43386257,-0.0061478727
182,0.1754432,0.016476505,0.029517755,0.022371095,0.14592545,-0.00589459
183,0.6193921,0.09418172,0.13579664,0.09643998,0.48359546,-0.0022582635
184,0.26854435,0.029832315,0.041076712,0.03027529,0.22746763,-0.00044297613
185,0.513871,0.06850767,0.08218357,0.05979252,0.43168744,0.008715153
186,0.36693704,0.010995699,0.05791261,0.040016584,0.30902442,-0.029020885
187,0.22870399,0.048035845,0.05784331,0.043724112,0.17086068,0.004311733
188,0.537705,0.11074557,0.118196316,0.09087693,0.4195087,0.019868642
189,0.40182135,0.043796368,0.045793787,0.031573534,0.35602754,0.012222834
190,0.5420967,0.04699242,0.08587395,0.05905829,0.4562227,-0.012065869
191,0.38720438,0.05046032,0.052466378,0.040004443,0.33473802,0.010455877
192,0.45715874,0.07887562,0.09785389,0.075419106,0.35930485,0.003456518
193,0.43489596,0.07801401,0.09960309,0.07621603,0.33529288,0.0017979816
194,0.47601306,0.05889207,0.09732124,0.07221403,0.37869182,-0.0133219585
195,0.39270428,0.045476086,0.06772214,0.048905477,0.32498214,-0.0034293905
196,0.6715162,0.05235461,0.077548444,0.05474086,0.59396774,-0.0023862496
197,0.385,0.04504521,0.04214118,0.028454488,0.34285882,0.01659072
198,0.24627428,0.039245863,0.06866744,0.048722338,0.17760684,-0.009476475
199,0.6925005,0.05346348,0.1021989,0.06663444,0.5903016,-0.013170958
200,0.5017341,0.024419615,0.05540529,0.03409351,0.4463288,-0.009673895
201,0.50345594,0.08506341,0.11399255,0.08330266,0.3894634,0.001760751
202,0.25656533,0.0037372431,0.02976817,0.015841657,0.22679716,-0.012104414
203,0.38783076,0.034971375,0.052980505,0.03509808,0.33485025,-0.00012670457
204,0.43856263,0.05718035,0.06703744,0.04897717,0.3715252,0.008203179
205,0.24222231,0.03147824,0.045116913,0.03378081,0.1971054,-0.0023025684
206,0.30461985,0.052652527,0.057799306,0.044678245,0.24682054,0.007974282
207,0.47577843,0.03769373,0.08521662,0.054332625,0.39056182,-0.016638894
208,0.5450808,0.092456825,0.12760116,0.09764323,0.41747963,-0.0051864013
209,0.5305044,0.024397913,0.06822302,0.04346035,0.46228138,-0.019062437
210,0.26678273,0.031971075,0.067060724,0.047250222,0.199722,-0.015279148
211,0.40698704,0.083420575,0.12615971,0.093446285,0.28082734,-0.01002571
212,0.50675344,0.13030131,0.119854696,0.07748273,0.38689876,0.05281858
213,0.6194211,0.041952923,0.087156765,0.05998639,0.53226435,-0.018033467
214,0.20253363,0.020550113,0.05185361,0.03638722,0.15068002,-0.015837107
215,0.62968975,0.10996553,0.15509586,0.10871986,0.47459388,0.00124567
216,0.59563714,0.037272535,0.08749804,0.060113817,0.50813913,-0.022841282
217,0.20022826,0.017296752,0.049870674,0.035174806,0.15035759,-0.017878054
218,0.47788087,0.06347558,0.080164,0.05918407,0.39771688,0.0042915083
219,0.5086857,0.01280212,0.05057817,0.034507643,0.45810753,-0.021705523
220,0.47076818,0.067266285,0.10093743,0.07373659,0.36983076,-0.0064703077
221,0.4034766,0.061217453,0.077499956,0.05676435,0.32597664,0.004453104
222,0.57252467,0.06348942,0.09678015,0.062277928,0.47574452,0.0012114942
223,0.29239038,0.04936726,0.055581734,0.031655595,0.23680864,0.017711665
224,0.5273243,0.028621595,0.05405593,0.032886345,0.4732684,-0.0042647496
225,0.2769883,0.055800505,0.042385027,0.034978937,0.23460327,0.020821568
226,0.29571185,0.030394506,0.07333807,0.054463092,0.22237378,-0.024068587
227,0.7250643,0.15476432,0.16791882,0.12644087,0.5571455,0.028323457
228,0.6177493,0.08379885,0.10988989,0.07721709,0.5078594,0.006581761
229,0.712213,0.042505957,0.09868917,0.07079598,0.61352384,-0.028290026
230,0.5918745,0.09170047,0.09941887,0.068321675,0.4924556,0.023378797
231,0.085994445,0.13799791,0.05125114,0.027710274,0.034743305,0.11028764
232,0.47755817,-0.0023017104,0.04952681,0.035178594,0.42803136,-0.037480306
233,0.74142903,0.037550233,0.09476306,0.067068726,0.646666,-0.029518493
234,0.5445254,0.08707497,0.09655454,0.066381425,0.44797084,0.020693548
235,0.22774346,0.05453166,0.050931152,0.04302971,0.1768123,0.011501949
236,0.35652325,0.047385093,0.0884334,0.059471942,0.26808983,-0.01208685
237,0.507509,0.062306855,0.079588935,0.061378207,0.42792004,0.0009286478
238,0.29603675,0.028946832,0.063908614,0.047780305,0.23212814,-0.018833473
239,0.16790652,0.03040835,0.031002523,0.018110797,0.136904,0.012297554
240,0.44677427,0.08395068,0.08632989,0.06456294,0.36044437,0.019387744
241,0.45761886,0.033583995,0.07224743,0.053027585,0.38537145,-0.01944359
242,0.31496835,0.09997127,0.10183444,0.07558541,0.2131339,0.024385862
243,0.540262,0.034054287,0.06361877,0.04363781,0.4766432,-0.009583522
244,0.33058244,0.0435218,0.062143397,0.041339807,0.26843905,0.002181992
245,0.092606954,0.009112095,0.034659937,0.02190353,0.057947017,-0.012791434
246,0.4178016,0.07361965,0.089896,0.06657555,0.3279056,0.0070440993
247,0.3317105,0.0739809,0.08909093,0.06663528,0.24261956,0.007345617
248,0.3059465,0.029921096,0.057723727,0.038766455,0.24822277,-0.008845359
249,0.21552198,0.067718506,0.05171684,0.037202075,0.16380513,0.03051643
250,0.3891517,0.036683172,0.052612714,0.037093014,0.33653897,-0.00040984154
251,0.26153386,-0.0003419504,0.029639082,0.023244383,0.23189478,-0.023586333
252,0.27535263,0.07787929,0.07163426,0.052387066,0.20371836,0.025492221
253,0.60567695,0.025225788,0.04297103,0.03137073,0.56270593,-0.006144941
254,0.41684702,0.07111719,0.09161649,0.06469705,0.32523054,0.006420143
255,0.44807538,0.09224486,0.09280916,0.070465244,0.3552662,0.02177962
256,0.42890108,0.05085903,0.080272466,0.054285955,0.3486286,-0.0034269243
257,0.54621595,0.050053146,0.078818895,0.05948715,0.46739706,-0.009434003
258,0.28610358,0.028164852,0.06256377,0.041198496,0.2235398,-0.013033643
259,0.41792172,0.10146855,0.103388175,0.07551053,0.31453353,0.025958017
260,0.49308607,0.0508462,0.085028306,0.06566832,0.40805775,-0.014822122
261,0.677172,0.048252884,0.05966737,0.035887595,0.61750466,0.012365289
262,0.30179718,-0.01179666,0.033268876,0.023063693,0.2685283,-0.034860354
263,0.34869996,0.029013176,0.041964244,0.028742885,0.30673572,0.0002702903
264,0.45562503,0.054973707,0.0900509,0.05778432,0.36557412,-0.0028106123
265,0.59352213,0.060894165,0.08070189,0.0567915,0.51282024,0.004102666
266,0.38606012,0.059258,0.07484911,0.05604105,0.31121102,0.0032169484
267,0.4696026,0.032066524,0.06263044,0.04102539,0.40697217,-0.008958865
268,0.5026118,0.09591698,0.074648425,0.051734332,0.42796338,0.044182647
269,0.41690996,0.048213087,0.07517827,0.05916864,0.3417317,-0.0109555535
270,0.23835473,-0.0020240378,0.022760905,0.015403991,0.21559381,-0.01742803
271,0.26622266,0.048584096,0.095549166,0.062342152,0.17067349,-0.013758056
272,0.3222522,0.062147457,0.06213603,0.042273883,0.2601162,0.019873574
273,0.36314204,0.06753823,0.06888473,0.04767696,0.2942573,0.019861273
274,0.15472338,-0.01680003,0.032311976,0.01820193,0.1224114,-0.03500196
275,0.61736614,0.10845775,0.17315912,0.10287419,0.444207,0.005583562
276,0.3666834,0.054430116,0.071101844,0.05204507,0.29558155,0.0023850463
277,0.32592168,0.0016690711,0.032402333,0.020858783,0.29351935,-0.019189712
278,0.44954756,0.058357272,0.09457659,0.06482869,0.35497096,-0.006471414
279,0.3700202,0.055720303,0.07172303,0.050337262,0.29829717,0.0053830408
280,0.4459933,0.0937719,0.11684126,0.08543254,0.32915205,0.00833936
281,0.70050526,0.051276814,0.104843274,0.06976104,0.595662,-0.018484224
282,0.3230679,0.0400899,0.06161993,0.045113593,0.26144797,-0.005023692
283,0.3174881,0.019186785,0.077043526,0.048037957,0.24044457,-0.028851172
284,0.3081084,0.032593593,0.051805235,0.042332944,0.25630316,-0.0097393505
285,0.5361777,0.05521834,0.0747257,0.05804794,0.461452,-0.0028296001
286,0.21526483,0.045351453,0.037136372,0.028655315,0.17812845,0.016696138
287,0.62674546,0.08490053,0.11148023,0.07805125,0.5152652,0.0068492815
288,0.51199734,0.02193666,0.06524484,0.04446913,0.4467525,-0.022532469
289,0.4005358,0.028801857,0.062333856,0.04290938,0.33820194,-0.0141075235
290,0.19640112,0.010080985,0.022399638,0.0136204455,0.17400149,-0.0035394607
291,0.7154472,0.05368555,0.108027145,0.06854634,0.60742,-0.01486079
292,0.29767483,0.056771986,0.054344364,0.04169868,0.24333048,0.015073307
293,0.29567426,0.046991937,0.064975716,0.048395254,0.23069856,-0.0014033169
294,0.35053495,0.045682605,0.05492834,0.034632612,0.2956066,0.011049993
295,0.27790773,0.05314054,0.059964567,0.042695936,0.21794316,0.010444604
296,0.54499894,0.05293802,0.0813937,0.062477175,0.46360525,-0.009539153
297,0.3915354,0.028152585,0.052039057,0.03071429,0.33949634,-0.0025617052
298,0.36941046,0.028418468,0.05299635,0.03773487,0.31641412,-0.009316402
299,0.51575315,0.03157768,0.06860242,0.046928834,0.44715074,-0.015351154
300,0.36449727,0.027295556,0.066718,0.04332013,0.29777926,-0.016024575
301,0.4674726,0.014909862,0.058644723,0.037011977,0.4088279,-0.022102116
302,0.44934365,0.020755956,0.0713858,0.04854547,0.37795785,-0.027789513
303,0.39835647,0.05648589,0.10845974,0.073717125,0.28989673,-0.017231233
304,0.37676448,0.026358353,0.049979962,0.035423614,0.32678452,-0.009065261
305,0.29098073,0.039167162,0.03234178,0.025063584,0.25863895,0.014103578
306,0.4804163,0.04532261,0.10288787,0.06705994,0.37752843,-0.021737333
307,0.47791827,0.056525275,0.08371933,0.059275575,0.39419895,-0.0027502999
308,0.3110594,0.01953336,0.04026379,0.02793025,0.27079558,-0.00839689
309,0.13912709,-0.021176592,0.021628208,0.013823088,0.11749888,-0.03499968
310,0.5287298,0.06682199,0.09942327,0.06967304,0.42930654,-0.0028510466
311,0.3301589,0.058015123,0.07645095,0.05242187,0.25370795,0.0055932514
312,0.44563013,0.058611304,0.07236259,0.052718252,0.37326753,0.0058930516
313,0.4025929,0.03957688,0.06961116,0.042516876,0.33298174,-0.0029399954
314,0.27379772,0.0113597205,0.040272366,0.022131179,0.23352535,-0.010771458
315,0.24729465,0.016901046,0.030586552,0.021595709,0.2167081,-0.004694663
316,0.3284672,0.10516566,0.09669734,0.07626076,0.23176986,0.0289049
317,0.53826654,0.03756609,0.058579307,0.03973876,0.47968724,-0.0021726713
318,0.4400222,0.07952327,0.092837475,0.07222629,0.34718472,0.0072969794
319,0.4026391,0.08256107,0.08441988,0.057857312,0.3182192,0.024703756
320,0.4180133,0.05547158,0.0811614,0.061961364,0.3368519,-0.0064897835
321,0.4806499,0.031709537,0.057001542,0.036035065,0.42364836,-0.0043255277
322,0.35166684,0.060874797,0.061977323,0.038652025,0.2896895,0.022222772
323,0.48248082,0.10346527,0.11550622,0.08952955,0.3669746,0.013935715
324,0.3917715,0.05922695,0.07756694,0.062411178,0.31420457,-0.0031842291
325,0.5861491,0.05863207,0.09513092,0.06845972,0.49101818,-0.009827651
326,0.30178037,0.007912748,0.047313455,0.031596545,0.25446692,-0.023683798
327,0.6081599,0.17052628,0.18702173,0.12414919,0.42113817,0.046377093
328,0.5793374,0.04602698,0.10730221,0.061464142,0.4720352,-0.015437163
329,0.6033473,0.044651665,0.085427314,0.05775959,0.51792,-0.013107926
330,0.52305406,0.072462425,0.07651547,0.060363665,0.4465386,0.012098759
331,0.5212114,0.08960599,0.13035095,0.08804209,0.39086044,0.0015638992
332,0.46329468,0.05495794,0.082811356,0.059193753,0.38048333,-0.0042358115
333,0.40831015,0.049006704,0.06752093,0.04835297,0.3407892,0.00065373257
334,0.31423357,0.04103693,0.06712954,0.04135963,0.24710403,-0.00032269955
335,0.33932832,0.056822296,0.06223486,0.044123664,0.27709347,0.012698632
336,0.4851204,0.07292505,0.10006885,0.07394134,0.38505155,-0.001016289
337,0.78746605,0.04652309,0.07303543,0.046597324,0.71443063,-7.423386e-05
338,0.4497046,0.051416397,0.07499388,0.04879311,0.3747107,0.002623286
339,0.48942128,0.0830438,0.076730244,0.05911243,0.41269103,0.02393137
340,0.21900393,0.007228946,0.04148964,0.028227085,0.17751428,-0.020998139
341,0.53518397,0.05399241,0.10735552,0.0705827,0.42782843,-0.016590293
342,0.47307444,0.06465717,0.06760998,0.048710596,0.40546447,0.01594657
343,0.5259907,0.034628406,0.063554876,0.046478804,0.46243584,-0.011850398
344,0.24935485,0.005818281,0.04482132,0.03517549,0.20453353,-0.02935721
345,0.4552492,0.006053586,0.05528061,0.033299938,0.39996856,-0.027246352
346,0.4659171,0.024971005,0.075865,0.046063825,0.3900521,-0.02109282
347,0.03423057,0.007914557,0.037583347,0.01876552,-0.0033527762,-0.010850963
348,0.56347364,0.062993035,0.0798059,0.055484913,0.48366773,0.0075081214
349,0.53169316,0.047337145,0.069655105,0.052852098,0.46203804,-0.0055149533
350,0.5512148,0.02424485,0.049273644,0.03390608,0.50194114,-0.009661229
351,0.5176095,0.06268816,0.07993749,0.053654432,0.437672,0.009033725
352,0.292518,0.060133312,0.051851105,0.03374102,0.24066688,0.026392292
353,0.32149345,0.025754234,0.046432797,0.035993222,0.27506065,-0.010238988
354,0.3548813,0.06897735,0.06069812,0.04287745,0.29418316,0.026099898
355,0.26844501,-0.0051925504,0.012114252,0.0063458993,0.25633076,-0.01153845
356,0.47772032,0.039214578,0.039100345,0.026462156,0.43861997,0.012752421
357,0.49993515,0.015867086,0.040002152,0.030866515,0.45993298,-0.014999429
358,0.5216088,0.035815652,0.071316026,0.05111425,0.4502928,-0.0152985975
359,0.29472056,0.04945517,0.036589567,0.026577957,0.258131,0.022877213
360,0.3244171,0.044105563,0.056979712,0.044665024,0.2674374,-0.0005594604
361,0.45813617,0.045253005,0.05993967,0.042560186,0.3981965,0.0026928186
362,0.6001841,0.0721944,0.11055836,0.07457097,0.48962572,-0.0023765713
363,0.65986145,0.10965671,0.12328846,0.08688498,0.536573,0.022771724
364,0.5105089,0.06313549,0.09002736,0.061661914,0.42048153,0.0014735758
365,0.29027835,0.038701724,0.055109996,0.04036764,0.23516835,-0.0016659163
366,0.56551725,0.10259749,0.09799347,0.079860665,0.46752378,0.022736825
367,0.44993955,0.046407305,0.09316343,0.06329135,0.35677612,-0.016884044
368,0.40006405,0.019061582,0.057092145,0.03873944,0.34297192,-0.019677857
369,0.3898975,0.13862857,0.07284463,0.056031007,0.31705287,0.08259757
370,0.45465398,0.045247074,0.07090539,0.05532359,0.3837486,-0.010076515
371,0.33365068,0.06115984,0.05515163,0.043305293,0.27849904,0.017854549
372,0.22676621,0.023725707,0.029972866,0.017644642,0.19679335,0.006081065
373,0.69090307,0.07260125,0.10978771,0.079804234,0.58111537,-0.007202983
374,0.44466826,0.06313343,0.09866193,0.06333302,0.34600633,-0.00019958615
375,0.24908021,0.06271293,0.04971909,0.030818656,0.19936112,0.031894274
376,0.30220863,0.052469496,0.055301055,0.039291896,0.24690758,0.0131776
377,0.50079215,0.02986874,0.06704011,0.04672276,0.43375203,-0.016854018
378,0.26557565,0.00752886,0.04786648,0.03736314,0.21770917,-0.029834282
379,0.29791692,0.05028728,0.064020306,0.047349192,0.23389661,0.002938088
380,0.34623605,0.027840134,0.06445162,0.04111428,0.28178442,-0.013274144
381,0.43826264,0.030926885,0.03532187,0.022093046,0.40294078,0.008833839
382,0.19845054,0.02288651,0.041901227,0.025317831,0.1565493,-0.002431322
383,0.22906847,0.046260547,0.04383298,0.029958425,0.1852355,0.016302122
384,0.3613188,0.051622305,0.065416664,0.04603401,0.29590213,0.005588297
385,0.7308792,0.12714925,0.15798377,0.11634449,0.5728954,0.010804765
386,0.3667081,0.03272506,0.05654089,0.038901802,0.3101672,-0.0061767437
387,0.5212015,0.026446635,0.050395608,0.034616373,0.47080588,-0.008169739
388,0.3764965,0.046818484,0.06864567,0.049961347,0.30785084,-0.0031428635
389,0.35203812,0.042851686,0.05485296,0.036699403,0.29718515,0.0061522834
390,0.25171557,0.08215088,0.09184625,0.07109819,0.15986931,0.011052683
391,0.49785247,0.089382306,0.10096285,0.076169565,0.39688963,0.01321274
392,0.41648522,0.048641793,0.07236788,0.04876619,0.34411734,-0.0001243949
393,0.49930942,0.07687843,0.1010838,0.067954175,0.3982256,0.008924253
394,0.6460699,0.07387077,0.10753924,0.06855462,0.53853065,0.005316153
395,0.48872226,0.057077307,0.070647605,0.03872384,0.41807467,0.018353466
396,0.6308915,0.09695323,0.11721819,0.082851134,0.5136733,0.014102094
397,0.46324563,0.04322721,0.08359337,0.06239305,0.37965226,-0.01916584
398,0.52736944,0.048056003,0.0839079,0.05905003,0.44346154,-0.010994028
399,0.4838645,0.02539316,0.060140476,0.04150929,0.423724,-0.01611613
400,0.6026857,0.07289586,0.10097417,0.08134818,0.5017115,-0.008452319
401,0.30486858,0.09468557,0.10064102,0.07226274,0.20422757,0.022422828
402,0.48892567,0.029219061,0.038876086,0.024250701,0.45004958,0.00496836
403,0.32306185,0.041856136,0.07400536,0.046050534,0.24905649,-0.0041943975
404,0.20755559,0.00052946195,0.010544295,0.005653193,0.19701129,-0.005123731
405,0.1736556,0.018309211,0.023420434,0.016801434,0.15023516,0.0015077777
406,0.47137564,0.029835545,0.055568643,0.037264712,0.415807,-0.0074291676
407,0.13873915,-0.017937856,0.059557114,0.02885358,0.07918204,-0.046791434
408,0.6451411,0.12893344,0.15398946,0.10745514,0.49115166,0.021478303
409,0.34652406,0.04595184,0.06277032,0.0476144,0.28375375,-0.0016625598
410,0.41286156,0.0783086,0.08343263,0.05804886,0.3294289,0.020259738
411,0.36935428,0.012942221,0.04536804,0.031026492,0.32398623,-0.01808427
412,0.4539697,0.041733313,0.05754168,0.04332979,0.39642802,-0.0015964769
413,0.36441636,0.03597537,0.039794676,0.029313426,0.32462168,0.006661944
414,0.35003492,0.062459998,0.060225062,0.047042828,0.28980985,0.01541717
415,0.3680075,0.05577917,0.07039201,0.052595668,0.2976155,0.0031835027
416,0.44837132,0.06250678,0.08233284,0.057683047,0.36603847,0.004823733
417,0.5635007,0.039754782,0.08103442,0.055094577,0.48246628,-0.0153397955
418,0.4473515,0.03516356,0.05123797,0.040462237,0.3961135,-0.005298678
419,0.022106767,0.020136928,0.026820038,0.009767877,-0.004713271,0.010369051
420,0.59545195,0.052622776,0.10161862,0.072223164,0.49383333,-0.019600388
421,0.5845977,0.0589713,0.07675883,0.04602948,0.50783885,0.012941822
422,0.48802206,0.07018663,0.092863664,0.06971871,0.3951584,0.0004679188
423,0.41809893,0.06879397,0.08133102,0.058556452,0.3367679,0.010237515
424,0.29555616,-0.014604842,0.06966656,0.037449945,0.2258896,-0.052054785
425,0.5310978,0.08628136,0.0860327,0.063190274,0.44506514,0.023091085
426,0.5347244,0.06623967,0.07545421,0.0561122,0.4592702,0.01012747
427,0.476982,0.017030183,0.03863664,0.026445465,0.43834537,-0.009415282
428,0.60516834,0.04922674,0.08292105,0.062765434,0.5222473,-0.013538696
429,0.41203037,0.05667027,0.070210196,0.04983372,0.34182018,0.006836552
430,0.35315374,0.03900938,0.06195868,0.041621923,0.29119506,-0.0026125424
431,0.49810106,0.05305283,0.08109346,0.059494484,0.4170076,-0.006441653
432,0.5686036,0.12530701,0.14684151,0.11005372,0.42176205,0.0152532905
433,0.45798385,0.0973485,0.13268468,0.098466046,0.32529917,-0.0011175498
434,0.3571052,0.017170625,0.03522782,0.02525022,0.32187736,-0.008079596
435,0.61154294,0.12888572,0.18109204,0.13108586,0.43045092,-0.0022001415
436,0.50238717,0.048273683,0.055016905,0.03562712,0.44737026,0.012646563
437,0.4626239,0.02983413,0.051796895,0.035256892,0.410827,-0.0054227617
438,0.71751106,0.04240323,0.12432313,0.07384577,0.5931879,-0.031442538
439,0.52001226,0.031948294,0.05322162,0.038307767,0.46679065,-0.006359473
440,0.22948779,0.018178808,0.01882096,0.014452641,0.21066684,0.0037261667
441,0.6823121,0.09456956,0.09887218,0.07226573,0.5834399,0.022303827
442,0.6575298,0.07399992,0.10270481,0.07553976,0.55482495,-0.0015398413
443,0.54504603,0.06377842,0.07167163,0.053239565,0.4733744,0.010538857
444,0.40851143,0.03646622,0.06773035,0.051857334,0.3407811,-0.015391115
445,0.5425633,0.05975483,0.08463971,0.056625262,0.4579236,0.003129568
446,0.3988899,0.020201944,0.049489345,0.032269675,0.34940055,-0.0120677315
447,0.45571357,0.046916656,0.05117805,0.03887227,0.40453553,0.008044384
448,0.5109907,0.0591233,0.09288187,0.06652519,0.41810882,-0.007401891
449,0.46789148,0.07388679,0.09131786,0.06524396,0.37657362,0.00864283
450,0.43450934,0.051894918,0.07647672,0.05712759,0.3580326,-0.005232673
451,0.46134079,0.037421227,0.06436396,0.045045037,0.39697683,-0.0076238103
452,0.33905226,0.040545166,0.05000061,0.039170764,0.28905165,0.0013744012
453,0.35034868,0.0647745,0.07087138,0.048109494,0.2794773,0.016665004
454,0.40333205,0.0677699,0.08208664,0.060271308,0.32124543,0.007498592
455,0.38455167,0.0582917,0.05883765,0.043641824,0.32571402,0.014649875
456,0.55815256,0.09374349,0.115186825,0.073173426,0.44296575,0.020570062
457,0.33910942,0.047406055,0.08695412,0.065601476,0.2521553,-0.01819542
458,0.6322297,0.05378619,0.09769478,0.07087824,0.53453493,-0.01709205
459,0.39900336,0.06993984,0.061727613,0.046414834,0.33727574,0.023525003
460,0.4216695,0.08665251,0.11047924,0.08508877,0.31119028,0.0015637428
461,0.3532063,0.037602164,0.0635862,0.048124995,0.2896201,-0.010522831
462,0.42851594,0.03506056,0.07037981,0.045110263,0.35813612,-0.010049704
463,0.6578924,0.042896334,0.08387847,0.05746588,0.57401395,-0.014569547
464,0.46751225,0.054955497,0.08706658,0.061979767,0.38044566,-0.0070242696
465,0.23933813,0.025894046,0.035341643,0.02348493,0.20399648,0.0024091154
466,0.3648686,0.08359139,0.08118104,0.061364666,0.28368756,0.022226721
467,0.44571152,0.08375776,0.108089656,0.068076536,0.33762187,0.015681222
468,0.49773532,0.015780205,0.055585165,0.0379614,0.44215015,-0.022181196
469,0.6772375,0.024925144,0.070763014,0.04334002,0.6064745,-0.018414875
470,0.32680205,0.02908344,0.041928325,0.027115455,0.28487372,0.0019679852
471,0.6019318,0.084570564,0.08186476,0.042474896,0.52006704,0.04209567
472,0.43235207,0.029553168,0.051380552,0.035039727,0.38097152,-0.005486559
473,0.5198591,0.09980902,0.11645345,0.08526841,0.40340564,0.014540613
474,0.5161418,0.048320297,0.08982973,0.062411048,0.42631203,-0.01409075
475,0.4035758,0.05794336,0.1168843,0.07235678,0.28669152,-0.014413424
476,0.44611755,0.059594497,0.054168034,0.041919738,0.3919495,0.017674759
477,0.5416795,0.048304945,0.10951209,0.07448318,0.4321674,-0.026178233
478,0.44053668,0.07059241,0.08252877,0.05932161,0.3580079,0.0112708025
479,0.2235763,0.036485285,0.04711086,0.029093854,0.17646545,0.0073914304
480,0.67635,0.07146457,0.12606937,0.08927831,0.55028063,-0.017813742
481,0.35049734,0.058648437,0.076161295,0.052996095,0.27433604,0.005652342
482,0.4350915,0.092665136,0.13727017,0.09525475,0.29782134,-0.0025896132
483,0.44647008,0.060584202,0.068474434,0.049779095,0.37799564,0.010805108
484,0.637113,0.21470363,0.23991373,0.18887995,0.39719924,0.025823683
485,0.5345355,0.064163916,0.0922649,0.06611557,0.44227064,-0.0019516572
486,0.38841054,-0.008900883,0.05592291,0.03710492,0.33248764,-0.0460058
487,0.5628708,0.057904884,0.084841855,0.05796076,0.47802895,-5.587563e-05
488,0.30218118,0.05358378,0.064986326,0.039176997,0.23719487,0.014406782
489,0.4572146,0.057514567,0.07342064,0.04992552,0.38379395,0.007589046
490,0.46161693,0.03489065,0.06826885,0.04207228,0.3933481,-0.0071816295
491,0.3361969,0.04662285,0.037767254,0.027865486,0.29842964,0.018757364
492,0.49144638,0.06548608,0.07623121,0.05203077,0.41521516,0.013455313
493,0.4023233,0.07425836,0.10352367,0.07663595,0.29879963,-0.002377592
494,0.2538705,0.037595175,0.03921283,0.029845793,0.21465766,0.0077493824
495,0.49102032,0.049176574,0.07400967,0.055340033,0.41701066,-0.0061634593
496,0.33665797,0.023962295,0.032506518,0.022988107,0.30415145,0.0009741876
497,0.32591265,0.005452761,0.044279777,0.025797723,0.28163287,-0.020344961
498,0.51099926,0.088149376,0.1424023,0.08579281,0.36859697,0.0023565665
499,0.36193106,0.05230652,0.065774836,0.045477424,0.29615623,0.006829098
500,0.55498785,0.050200734,0.06895788,0.052875377,0.48602998,-0.002674643
501,0.49816015,0.060392685,0.101778135,0.074199855,0.39638203,-0.01380717
502,0.45643312,0.07269786,0.09265726,0.07047142,0.36377585,0.002226442
503,0.4703302,0.025130639,0.0498837,0.037780926,0.42044652,-0.012650287
504,0.43512958,0.09001007,0.09793197,0.0682094,0.3371976,0.021800667
505,0.48285538,0.054459784,0.0907931,0.061383314,0.39206228,-0.0069235303
506,0.47766995,0.056045175,0.06398711,0.03890475,0.41368285,0.017140426
507,0.35664213,0.029256891,0.04441083,0.031588178,0.3122313,-0.0023312867
508,0.59262496,0.11028742,0.15826613,0.11424835,0.43435884,-0.00396093
509,0.3666994,0.04210667,0.06622842,0.047879983,0.30047098,-0.0057733133
510,0.49760202,0.044390596,0.09463491,0.05880362,0.4029671,-0.014413025
511,0.38001582,0.09130572,0.0737385,0.06284345,0.30627733,0.028462268
512,0.1807085,0.019472951,0.035841808,0.02297256,0.14486669,-0.0034996085
513,0.3396397,0.04805128,0.06392193,0.045098834,0.27571777,0.0029524453
514,0.42952412,0.06786735,0.10324979,0.06582608,0.32627434,0.0020412728
515,0.43847176,0.039351143,0.057443384,0.039876625,0.38102838,-0.000525482
516,0.34995204,0.042039458,0.06431388,0.049132276,0.28563815,-0.0070928186
517,0.31067356,0.10452814,0.16031273,0.10931734,0.15036084,-0.0047892034
518,0.4983821,0.0782149,0.08054855,0.06288446,0.41783354,0.015330441
519,0.47644076,0.09268371,0.107496776,0.08062734,0.368944,0.012056373
520,0.5000105,0.12968042,0.13338552,0.08408416,0.36662495,0.045596264
521,0.34922308,0.056044623,0.054945815,0.04255181,0.29427725,0.0134928115
522,0.47253087,0.0603112,0.10668791,0.07760321,0.36584297,-0.017292015
523,0.734585,0.082645044,0.12048058,0.08006318,0.6141044,0.0025818646
524,0.50711125,0.0751941,0.120620586,0.077928305,0.38649067,-0.0027342066
525,0.53769267,0.07498835,0.1054502,0.07637003,0.43224245,-0.0013816804
526,0.4682089,0.03824272,0.060333148,0.04389296,0.40787578,-0.005650241
527,0.31853184,0.040616993,0.06550963,0.04836082,0.2530222,-0.007743828
528,0.54448646,0.070475295,0.07120182,0.047671456,0.47328463,0.02280384
529,0.26795155,0.04951667,0.04928632,0.03407827,0.21866523,0.0154384
530,0.41796497,0.0674376,0.08040483,0.052159168,0.33756012,0.015278429
531,0.41530943,0.048577946,0.0725675,0.053181242,0.34274194,-0.0046032965
532,0.38321704,0.026098292,0.06908094,0.04889231,0.3141361,-0.02279402
533,0.57600784,0.029922858,0.07953105,0.057278056,0.4964768,-0.027355198
534,0.2883727,0.09644809,0.0772589,0.0582231,0.2111138,0.038224995
535,0.36681268,0.020849217,0.0698643,0.049812093,0.29694837,-0.028962877
536,0.4651571,0.054991893,0.06493828,0.044750582,0.4002188,0.010241311
537,0.45060056,0.06610746,0.09744263,0.060577933,0.35315794,0.0055295266
538,0.570544,0.14591376,0.10212435,0.08259705,0.46841967,0.06331672
539,0.63521415,0.071963,0.0808913,0.05838159,0.55432284,0.013581406
540,0.3365079,0.04786325,0.06161681,0.04847143,0.27489108,-0.0006081797
541,0.33010694,0.08555705,0.07986104,0.059712876,0.2502459,0.025844175
542,0.30015436,0.04070217,0.07227902,0.051578455,0.22787534,-0.010876283
543,0.13214415,0.019534642,0.029153097,0.018137064,0.10299106,0.001397578
544,0.14483647,-0.010528282,0.021109331,0.015048525,0.12372714,-0.025576808
545,0.45094824,0.040993176,0.06319679,0.042840462,0.38775146,-0.0018472858
546,0.53280175,0.0591608,0.077460095,0.054738216,0.45534164,0.0044225827
547,0.5894299,0.05018939,0.10043243,0.06871104,0.4889975,-0.018521652
548,0.3914665,0.111546755,0.13269253,0.10793528,0.25877398,0.0036114752
549,0.28827497,0.055930614,0.041906632,0.029671777,0.24636835,0.026258837
550,0.44903228,0.09744725,0.10487366,0.0751472,0.34415862,0.02230005
551,0.20003925,0.02947006,0.043074112,0.03184478,0.15696514,-0.0023747198
552,0.48162273,0.071261406,0.097744614,0.06117415,0.3838781,0.010087255
553,0.6779087,0.07922029,0.1183938,0.08210294,0.55951494,-0.002882652
554,0.28165334,0.05598179,0.108531736,0.06110713,0.1731216,-0.00512534
555,0.47705927,0.060239617,0.10102671,0.06080047,0.37603256,-0.00056085363
556,0.58888227,0.08729349,0.113506414,0.08512048,0.47537586,0.002173014
557,0.6564603,0.050538756,0.08301234,0.06325352,0.57344794,-0.012714766
558,0.7812742,0.073269665,0.12702562,0.082236074,0.6542486,-0.008966409
559,0.6167995,0.07781749,0.10930798,0.07970307,0.50749147,-0.001885578
560,0.239663,-0.005740502,0.027601779,0.017097585,0.21206123,-0.022838086
561,0.33901346,0.0796322,0.10910529,0.080841124,0.22990817,-0.0012089238
562,0.3562624,0.045521248,0.039167292,0.02996152,0.3170951,0.015559727
563,0.4613703,0.034336656,0.07252453,0.051984027,0.38884574,-0.01764737
564,0.43656668,0.037623566,0.043170508,0.032772396,0.39339617,0.00485117
565,0.5873975,0.047404584,0.08050591,0.05972726,0.5068916,-0.012322675
566,0.48388028,0.06071616,0.06952353,0.047968935,0.41435677,0.012747224
567,0.5985215,0.058539297,0.08606823,0.058185305,0.51245326,0.00035399199
568,0.4722131,0.034731027,0.06198026,0.04259494,0.41023284,-0.007863913
569,0.4888678,0.05906966,0.064042665,0.035565935,0.42482513,0.023503724
570,0.60998535,0.09358134,0.12833698,0.09201206,0.4816484,0.0015692785
571,0.5844471,0.0048727808,0.059067298,0.030588396,0.5253798,-0.025715616
572,0.36909267,0.022474866,0.035483234,0.024979377,0.33360943,-0.0025045108
573,0.30060273,0.07534936,0.05717613,0.040797032,0.2434266,0.03455233
574,0.4437864,0.06840007,0.0632839,0.046531383,0.38050252,0.021868687
575,0.25922588,0.017858144,0.030174663,0.019172346,0.22905122,-0.0013142023
576,0.28070992,0.05701847,0.0729095,0.050801083,0.20780042,0.0062173866
577,0.32759112,0.05040598,0.061948754,0.04326457,0.26564237,0.0071414076
578,0.50811565,0.07302751,0.11238241,0.073628284,0.39573324,-0.00060077757
579,0.25897232,0.034532692,0.048536163,0.031702165,0.21043615,0.0028305277
580,0.57430524,0.028073736,0.07282472,0.044112902,0.5014805,-0.016039167
581,0.1576966,0.02678159,0.04658696,0.03170392,0.111109644,-0.0049223285
582,0.4484592,0.046800815,0.051993933,0.037708677,0.39646527,0.009092137
583,0.3626287,0.020338207,0.06465086,0.040752884,0.29797783,-0.020414677
584,0.60810643,0.06649615,0.10034329,0.07339221,0.50776315,-0.0068960637
585,0.1729494,0.04754097,0.05577174,0.038675085,0.117177665,0.008865885
586,0.5514979,0.045785993,0.059389558,0.039121915,0.49210832,0.0066640787
587,0.4846739,0.096634805,0.11263135,0.08041182,0.37204254,0.016222984
588,0.43141687,0.051953357,0.082500964,0.056593314,0.3489159,-0.004639957
589,0.46119246,0.087496296,0.07850854,0.057927046,0.38268393,0.02956925
590,0.1992717,0.040070955,0.03296163,0.028000837,0.16631007,0.0120701175
591,0.48403698,0.049418744,0.07048193,0.051808566,0.41355506,-0.0023898222
592,0.4208946,0.042782653,0.061399344,0.049497098,0.35949525,-0.0067144446
593,0.65141314,0.055153776,0.12137055,0.089391395,0.5300426,-0.03423762
594,0.2909317,0.058507945,0.072345935,0.053644832,0.21858576,0.004863113
595,0.2866754,0.04057235,0.05230475,0.036150556,0.23437065,0.004421793
596,0.6638538,0.057650834,0.134392,0.08394756,0.52946186,-0.026296727
597,0.12389946,0.047145866,0.039404813,0.030317262,0.08449465,0.016828604
598,0.74084485,0.13523938,0.14352503,0.10574229,0.59731984,0.029497087
599,0.5716583,0.07890917,0.098437876,0.07525542,0.47322044,0.0036537573
600,0.48684716,0.057677433,0.07462954,0.04279232,0.41221762,0.014885113
601,0.30201703,0.036761656,0.0761774,0.05402895,0.22583963,-0.017267294
602,0.66953933,0.03719212,0.08653405,0.057308707,0.5830053,-0.020116586
603,0.4002128,0.09102992,0.1380561,0.09545114,0.2621567,-0.004421219
604,0.4301997,0.0396567,0.06813849,0.04978138,0.36206123,-0.01012468
605,0.40767455,0.024014328,0.027677953,0.018187871,0.3799966,0.0058264565
606,0.47998682,0.0416518,0.085040234,0.053900924,0.39494658,-0.012249123
607,0.6534779,0.083401345,0.108135834,0.078870475,0.5453421,0.0045308694
608,0.27504012,0.035688628,0.06719971,0.05597952,0.20784041,-0.020290893
609,0.22823712,0.050656267,0.0482823,0.03745984,0.17995483,0.013196427
610,0.55200356,0.040116135,0.08513818,0.057059735,0.4668654,-0.0169436
611,0.42030314,0.035801448,0.03236964,0.025558151,0.3879335,0.010243297
612,0.45702627,0.06219339,0.06777095,0.04544159,0.38925532,0.0167518
613,0.2090707,0.017698124,0.019628048,0.011496267,0.18944265,0.006201857
614,0.42878297,0.030498944,0.114342146,0.07445781,0.31444082,-0.043958865
615,0.33767432,0.06859374,0.0809946,0.057004046,0.2566797,0.011589695
616,0.5273206,0.10473084,0.114577696,0.081767246,0.4127429,0.02296359
617,0.46745867,0.042956,0.07089675,0.048884794,0.39656192,-0.005928796
618,0.6759437,0.08332018,0.12917314,0.093843386,0.5467705,-0.0105232075
619,0.6248778,0.05954231,0.08504926,0.053359766,0.53982854,0.006182544
620,0.6154949,0.14004081,0.17773159,0.12559977,0.43776333,0.014441043
621,0.26701096,0.05531258,0.04068502,0.025289891,0.22632593,0.03002269
622,0.44342786,0.029940285,0.059356898,0.041565176,0.38407096,-0.011624891
623,0.3410836,0.0622294,0.058502365,0.04529588,0.2825812,0.01693352
624,0.42381275,0.033792097,0.059802722,0.036853865,0.36401004,-0.0030617677
625,0.4268994,0.048404735,0.060537916,0.04710526,0.3663615,0.0012994744
626,0.15698564,0.0697085,0.052884955,0.03734675,0.10410069,0.032361746
627,0.56164485,0.042598855,0.07119185,0.051591016,0.490453,-0.008992162
628,0.26515207,0.003926038,0.026349636,0.017277423,0.23880243,-0.0133513855
629,0.47328395,0.055683445,0.05859217,0.03628376,0.41469178,0.019399684
630,0.19540031,0.04002791,0.064493254,0.042364012,0.13090706,-0.0023361035
631,0.5204269,0.110449605,0.14281435,0.10589013,0.3776126,0.004559472
632,0.3859285,0.042632047,0.057866357,0.043546405,0.32806215,-0.0009143576
633,0.15810846,0.039224356,0.040849753,0.03037875,0.117258705,0.008845607
634,0.21655613,0.09086917,0.045472026,0.034516353,0.1710841,0.05635282
635,0.4423687,0.045706455,0.07432374,0.04992414,0.36804494,-0.0042176843
636,0.3061844,0.026946137,0.040585555,0.030134568,0.26559886,-0.0031884313
637,0.37417254,-0.007107228,0.057205286,0.032471728,0.31696725,-0.039578956
638,0.13056415,0.04188785,0.04574185,0.033556506,0.084822305,0.0083313435
639,0.686364,0.05643049,0.10023327,0.06875544,0.58613074,-0.012324952
640,0.4507307,0.051359933,0.079982385,0.050893784,0.37074834,0.0004661493
641,0.20306341,0.029817361,0.04366425,0.025887663,0.15939917,0.003929699
642,0.3337284,0.06859973,0.09027061,0.07259356,0.2434578,-0.0039938316
643,0.20030403,0.019391883,0.036189448,0.026428737,0.16411458,-0.0070368536
644,0.25580326,0.016646162,0.02312433,0.015948072,0.23267892,0.0006980896
645,0.46100265,0.03679413,0.059691735,0.042133078,0.40131092,-0.005338948
646,0.48280022,0.051142983,0.07000803,0.054845482,0.41279218,-0.003702499
647,0.4361533,0.06164323,0.10206341,0.062291704,0.33408988,-0.00064847246
648,0.3109198,0.04880393,0.074089035,0.041182227,0.23683076,0.007621702
649,0.3668556,0.053883813,0.09766527,0.07341897,0.2691903,-0.019535154
650,0.3012342,0.054529723,0.09291411,0.060779452,0.20832008,-0.0062497295
651,0.21720542,0.026473202,0.029992426,0.020944359,0.18721299,0.005528843
652,0.48347455,0.046815407,0.06103947,0.04034415,0.42243508,0.0064712577
653,0.39210892,0.028172297,0.048992798,0.02699005,0.3431161,0.001182247
654,0.18876025,0.08807411,0.036196582,0.026940797,0.15256366,0.061133314
655,0.5960527,0.108080454,0.12820025,0.085819654,0.46785247,0.0222608
656,0.39137775,0.025425384,0.03355884,0.024087027,0.3578189,0.0013383571
657,0.34670126,-0.0034651635,0.0389251,0.021808576,0.30777615,-0.02527374
658,0.5576226,0.08162464,0.09575131,0.06591955,0.4618713,0.015705094
659,0.41649958,0.050312385,0.046998132,0.036431648,0.36950144,0.013880737
660,0.63199306,0.066496305,0.08825502,0.06018197,0.543738,0.0063143335
661,0.33492294,0.031687647,0.06918777,0.048666824,0.26573518,-0.016979177
662,0.33154118,0.021578807,0.05047992,0.035106257,0.28106126,-0.013527449
663,0.21063203,0.0067174365,0.023166068,0.014975142,0.18746597,-0.008257706
664,0.45428833,0.047258504,0.06263536,0.04314644,0.39165297,0.004112065
665,0.38520014,0.098117314,0.11809499,0.08562548,0.26710516,0.012491837
666,0.42772937,0.058813695,0.09809873,0.06917944,0.32963064,-0.010365743
667,0.4397697,0.022707377,0.068188876,0.03860574,0.3715808,-0.015898362
668,0.35269484,0.045826565,0.08415207,0.052285995,0.26854277,-0.00645943
669,0.7619815,0.094363034,0.11594339,0.08103611,0.6460381,0.013326921
670,0.31601447,0.042655904,0.05472956,0.034988675,0.26128492,0.0076672286
671,0.2531752,0.043546055,0.06615072,0.037646104,0.18702447,0.005899951
672,0.41448244,0.05318686,0.06671719,0.04918511,0.34776527,0.0040017515
673,0.38862273,0.049273305,0.07421521,0.053927615,0.31440753,-0.0046543106
674,0.50954896,0.103303455,0.09993069,0.073273346,0.40961826,0.030030109
675,0.58760977,0.05928058,0.08933721,0.061868995,0.49827257,-0.0025884137
676,0.3881565,0.03684965,0.045222417,0.026480295,0.34293407,0.010369357
677,0.5475272,0.054293584,0.11850461,0.0824276,0.42902258,-0.028134014
678,0.3058731,0.030553099,0.042288896,0.031571127,0.2635842,-0.0010180287
679,0.60948586,0.071129866,0.08737213,0.06828945,0.52211374,0.0028404146
680,0.42812508,0.11037513,0.10510168,0.07341074,0.3230234,0.036964387
681,0.3609266,-0.0051399786,0.03942657,0.025086856,0.32150003,-0.030226834
682,0.37916347,0.045129932,0.0752436,0.053469457,0.30391988,-0.008339524
683,0.57048476,0.03332295,0.0658515,0.050917454,0.50463325,-0.017594505
684,0.43617904,0.040579133,0.061052542,0.04013312,0.3751265,0.0004460141
685,0.29088572,0.059330557,0.1348048,0.08086003,0.15608092,-0.021529477
686,0.38000435,0.05065366,0.08421595,0.05674994,0.2957884,-0.006096281
687,0.5480564,0.12750515,0.17064291,0.122748435,0.3774135,0.004756719
688,0.40275133,0.12242514,0.113464415,0.085418485,0.2892869,0.037006654
689,0.08427354,0.014947112,0.019226843,0.014087941,0.0650467,0.00085917115
690,0.45321655,0.057071637,0.07457624,0.04724109,0.37864032,0.009830546
691,0.46058798,0.07458211,0.09712758,0.07239814,0.3634604,0.0021839663
692,0.33375737,0.09953846,0.06253245,0.03519346,0.27122492,0.064345
693,0.49931577,0.07793208,0.088524625,0.057410736,0.41079116,0.020521346
694,0.44653282,0.05594665,0.069207996,0.051410533,0.37732482,0.0045361184
695,0.2926646,0.054735288,0.052375056,0.039592966,0.24028954,0.015142322
696,0.60919976,0.08683953,0.11338745,0.07790954,0.4958123,0.00892999
697,0.6072539,0.028627872,0.06804377,0.041860275,0.53921014,-0.0132324025
698,0.47531274,0.06424376,0.09999117,0.066639245,0.37532157,-0.0023954809
699,0.42076865,0.08007407,0.10704082,0.08369331,0.31372783,-0.0036192387
700,0.29285944,0.05707414,0.07166126,0.05387435,0.22119817,0.0031997897
701,0.35670525,0.043740153,0.07792007,0.053730875,0.27878517,-0.009990722
702,0.38245305,0.03410242,0.055146713,0.038828403,0.32730633,-0.0047259815
703,0.25219533,0.014881377,0.040281,0.029652964,0.21191433,-0.014771587
704,0.4320691,0.060927548,0.08435916,0.06010585,0.34770992,0.00082169846
705,0.52646255,0.061182715,0.082789555,0.062091228,0.443673,-0.0009085126
706,0.42523414,0.08287867,0.09240771,0.060164895,0.33282644,0.022713777
707,0.33295706,0.0457549,0.05903631,0.036991276,0.27392074,0.0087636225
708,0.4734226,0.03189782,0.06438892,0.044071555,0.40903366,-0.012173735
709,0.40615353,0.022389678,0.053445566,0.038110536,0.35270795,-0.015720857
710,0.3688741,0.055782966,0.041863184,0.030734785,0.32701093,0.025048181
711,0.5364113,0.049329165,0.08965301,0.059419204,0.44675827,-0.010090038
712,0.3681221,0.06623031,0.0777013,0.05061295,0.2904208,0.015617363
713,0.46341237,0.107765965,0.12874961,0.1018671,0.33466277,0.005898863
714,0.41328505,0.04729408,0.09123697,0.06638643,0.32204807,-0.019092351
715,0.31949505,0.03571887,0.051731844,0.029626474,0.2677632,0.0060923956
716,0.4001922,0.093987636,0.063539155,0.048699975,0.33665305,0.04528766
717,0.37945747,0.048557974,0.07597486,0.043026038,0.30348262,0.005531937
718,0.56745136,0.08727961,0.080647096,0.060373113,0.48680425,0.026906498
719,0.5757033,0.04463358,0.045678616,0.030336577,0.5300247,0.014297001
720,0.25233132,0.04097176,0.051826306,0.03787032,0.20050502,0.0031014383
721,0.57926935,0.08051582,0.09726913,0.07024011,0.48200023,0.010275707
722,0.27630037,0.06530461,0.034716956,0.020242458,0.2415834,0.045062147
723,0.33318555,0.04659965,0.059142847,0.04732101,0.2740427,-0.0007213615
724,0.48917785,0.056382205,0.09594819,0.064485855,0.39322966,-0.00810365
725,0.420428,0.03383495,0.06692491,0.04709852,0.3535031,-0.013263572
726,0.49119613,0.048946638,0.06065165,0.04185958,0.43054447,0.0070870593
727,0.46095735,0.061103627,0.09498419,0.062274355,0.36597317,-0.0011707284
728,0.21449117,0.08381755,0.05223744,0.033441216,0.16225374,0.050376333
729,0.40571493,0.1200932,0.14217757,0.106351964,0.26353735,0.013741232
730,0.36848983,0.03469915,0.08396182,0.0589784,0.28452802,-0.024279252
731,0.53261817,0.04092513,0.070374854,0.041218985,0.46224332,-0.00029385462
732,0.49096254,0.07527075,0.10069504,0.06461434,0.3902675,0.010656409
733,0.21433467,0.00708563,0.045823593,0.029126279,0.16851108,-0.022040648
734,0.49546435,0.052155633,0.077829145,0.056315757,0.4176352,-0.004160125
735,0.41841823,0.080595806,0.092718914,0.071853064,0.32569933,0.008742742
736,0.5118275,0.06206818,0.114211656,0.07702121,0.39761588,-0.014953032
737,0.5301116,0.079401135,0.09910015,0.0745322,0.43101147,0.004868932
738,0.21637915,0.03602882,0.041258387,0.032703135,0.17512077,0.0033256859
739,0.52855253,0.045487516,0.09153818,0.06418766,0.43701434,-0.018700145
740,0.38872084,0.026401397,0.050494898,0.03697887,0.33822593,-0.010577474
741,0.43470246,0.045809124,0.0808555,0.056240033,0.35384697,-0.01043091
742,0.21909854,0.047340944,0.05578027,0.040252853,0.16331828,0.007088091
743,0.29663372,0.019195512,0.042049903,0.026800938,0.2545838,-0.007605426
744,0.5683801,0.07860884,0.10535577,0.0736969,0.46302435,0.0049119443
745,0.31874916,0.033911284,0.021719515,0.017213484,0.29702964,0.0166978
746,0.5902929,0.029162994,0.05986026,0.043552637,0.5304326,-0.014389643
747,0.5548133,0.086853765,0.119042225,0.07599376,0.4357711,0.0108600035
748,0.47382036,0.09705695,0.14746174,0.08685156,0.32635862,0.010205388
749,0.5123262,0.04860937,0.1001608,0.05906195,0.41216537,-0.01045258
750,0.31368193,0.023488214,0.055404533,0.039585266,0.2582774,-0.016097052
751,0.13794857,0.034483477,0.055651233,0.03657763,0.08229734,-0.0020941533
752,0.48591432,0.06669866,0.10897138,0.06372691,0.37694293,0.0029717535
753,0.37413967,0.019417142,0.054419562,0.035951387,0.3197201,-0.016534245
754,0.41488054,0.020906994,0.056761593,0.039241765,0.35811895,-0.01833477
755,0.24582496,0.018067947,0.037089445,0.023749929,0.20873553,-0.0056819823
756,0.26433992,0.0053788135,0.032893807,0.023674345,0.23144612,-0.01829553
757,0.6616067,0.09124234,0.11413067,0.07645683,0.54747605,0.014785513
758,0.57763994,0.07685122,0.08756425,0.06267707,0.49007568,0.014174148
759,0.42439052,0.059548777,0.06367896,0.04557096,0.36071157,0.013977818
760,0.3941567,0.04468843,0.046501413,0.03278273,0.3476553,0.0119057
761,0.42781505,0.08062175,0.10694638,0.07773669,0.32086867,0.0028850585
762,0.121289365,-0.015986001,0.020567715,0.014789432,0.10072165,-0.030775433
763,0.5874522,0.09084931,0.094252415,0.06942619,0.49319977,0.021423124
764,0.33789477,0.07534385,0.067047805,0.04870733,0.27084696,0.026636519
765,0.44755712,0.05339497,0.06980592,0.05344713,0.3777512,-5.2161515e-05
766,0.40642962,0.09244418,0.10380329,0.06698109,0.3026263,0.02546309
767,0.5646628,0.08245032,0.15286829,0.10800698,0.41179454,-0.025556654
768,0.5264173,0.08470021,0.06975691,0.051787447,0.4566604,0.032912765
769,0.56818056,0.08692637,0.09619531,0.072030276,0.47198525,0.014896095
770,0.5194085,0.07788709,0.099535316,0.07912181,0.4198732,-0.0012347251
771,0.26985347,0.02364847,0.056462068,0.04040939,0.21339141,-0.01676092
772,0.6037633,0.05077457,0.07968297,0.060036305,0.52408034,-0.009261735
773,0.5465328,0.044430595,0.0911562,0.06786384,0.45537663,-0.023433242
774,0.3564804,0.03142001,0.08767526,0.05425598,0.26880515,-0.02283597
775,0.35126892,0.011592729,0.031244608,0.024607886,0.3200243,-0.013015157
776,0.5072327,0.047462434,0.06683956,0.050143313,0.44039315,-0.002680879
777,0.61670285,0.05896927,0.083790615,0.05849098,0.53291225,0.00047829002
778,0.35660794,0.081052355,0.08444755,0.069094785,0.2721604,0.011957571
779,0.10889272,0.012097629,0.031414155,0.017581232,0.07747856,-0.005483603
780,0.33952656,0.040912524,0.06406715,0.0428678,0.2754594,-0.0019552745
781,0.42944503,0.045729097,0.04529272,0.032628775,0.3841523,0.013100322
782,0.41829062,0.060775254,0.063201554,0.043856036,0.35508907,0.016919218
783,0.35178652,0.05699221,0.06423197,0.04121406,0.28755456,0.01577815
784,0.24881856,-0.008383941,0.04282551,0.029905507,0.20599306,-0.03828945
785,0.29977933,0.05218287,0.06062893,0.046165366,0.2391504,0.006017506
786,0.50013846,-0.0054030614,0.049128458,0.034210704,0.45101,-0.039613765
787,0.31983244,0.02041875,0.03223031,0.02142367,0.28760213,-0.0010049194
788,0.647432,0.1008683,0.12605274,0.0885192,0.5213793,0.012349099
789,0.19464768,0.08388294,0.060405698,0.046200976,0.13424198,0.037681967
790,0.33541438,-0.0058267964,0.0011368607,0.0012531035,0.3342775,-0.0070799
791,0.543443,0.06371985,0.08107905,0.054509822,0.46236396,0.009210024
792,0.42117113,0.025473293,0.04918196,0.032418914,0.37198916,-0.006945621
793,0.363985,0.068482585,0.065446466,0.04883628,0.29853854,0.019646306
794,0.35900113,0.08153022,0.10903431,0.0847109,0.24996683,-0.0031806827
795,0.23649816,-0.03869684,0.039506845,0.019703055,0.19699132,-0.058399893
796,0.32432404,0.021278715,0.055813063,0.038279083,0.26851097,-0.017000368
797,0.54994506,0.06001735,0.07106657,0.05085834,0.4788785,0.00915901
798,0.45086607,0.022686515,0.05521457,0.038697995,0.39565152,-0.01601148
799,0.41123694,0.044073418,0.0737321,0.054202266,0.33750483,-0.010128848
800,0.43602774,0.04319299,0.100523,0.069451526,0.33550474,-0.026258536
801,0.43923685,0.058982898,0.072899796,0.051450882,0.36633706,0.0075320154
802,0.4146664,0.11981304,0.1410293,0.10909706,0.27363712,0.010715976
803,0.3331239,0.029488506,0.069337465,0.051145587,0.26378644,-0.021657081
804,0.2380997,0.02764994,0.038075946,0.027072737,0.20002374,0.00057720393
805,0.6782674,0.1399908,0.17937617,0.12409712,0.49889123,0.01589369
806,0.30375904,0.05736454,0.04607957,0.032665987,0.25767946,0.024698552
807,0.5377646,0.04087493,0.07386137,0.0397894,0.46390325,0.0010855272
808,0.3783064,0.030956164,0.050333466,0.038715,0.32797292,-0.007758837
809,0.33481297,0.031811673,0.05058464,0.037334256,0.28422832,-0.0055225827
810,0.23522417,0.09930388,0.08772067,0.06899539,0.1475035,0.030308492
811,0.39867875,0.04724147,0.06739347,0.049756933,0.3312853,-0.0025154613
812,0.47857705,0.108456954,0.11613332,0.08590291,0.36244375,0.022554047
813,0.40506735,0.037830535,0.076622956,0.052221812,0.3284444,-0.014391277
814,0.45680878,0.021606874,0.03631261,0.028109986,0.42049617,-0.0065031126
815,0.17771918,0.019576762,0.025055503,0.018799383,0.15266368,0.0007773787
816,0.5087445,0.022364013,0.044275314,0.023722433,0.46446916,-0.0013584197
817,0.47563425,0.06111285,0.09642574,0.07620649,0.3792085,-0.0150936395
818,0.40899527,0.056436468,0.079070024,0.04982424,0.32992524,0.0066122264
819,0.37933996,0.042799603,0.091316625,0.059361912,0.28802335,-0.01656231
820,0.20136885,0.004657848,0.012129376,0.009051198,0.18923947,-0.0043933503
821,0.1337147,0.018303858,0.034660596,0.02395476,0.09905411,-0.005650902
822,0.38409892,0.08039742,0.10460325,0.06816438,0.27949566,0.012233041
823,0.5998035,0.027179452,0.07842041,0.041031003,0.5213831,-0.013851551
824,0.30954817,0.026019465,0.042019334,0.03101083,0.26752883,-0.0049913656
825,0.4423731,0.071308024,0.108121745,0.07552759,0.33425134,-0.0042195693
826,0.4216251,0.02746065,0.03875705,0.029502815,0.38286805,-0.002042165
827,0.70081705,0.015471923,0.05194155,0.026425174,0.6488755,-0.01095325
828,0.4744799,0.06571949,0.067682445,0.050785538,0.40679747,0.014933955
829,0.37096858,0.04532036,0.059995756,0.04621822,0.3109728,-0.0008978583
830,0.25734943,0.039001778,0.057579175,0.04225746,0.19977026,-0.003255684
831,0.3319692,0.047345012,0.062380478,0.043598708,0.2695887,0.0037463047
832,0.4136064,0.08448763,0.12292368,0.08336659,0.29068273,0.0011210442
833,0.56317896,0.090201646,0.11387168,0.08032029,0.44930726,0.009881355
834,0.56879896,0.049646053,0.08410701,0.06168958,0.48469195,-0.012043528
835,0.53175896,0.08746716,0.10579456,0.07262397,0.42596442,0.014843188
836,0.4125344,0.031120727,0.056674987,0.03893755,0.3558594,-0.007816823
837,0.34269652,0.047730163,0.06460849,0.04860209,0.27808803,-0.00087192655
838,0.59504783,0.0413489,0.07517876,0.05310502,0.5198691,-0.011756118
839,0.30278328,0.022198835,0.042432442,0.029328771,0.26035082,-0.0071299355
840,0.41408837,0.057173405,0.09956439,0.06945183,0.314524,-0.012278426
841,0.52161026,0.08832578,0.08705525,0.0667745,0.434555,0.021551281
842,0.44014555,0.061225247,0.0842451,0.058514982,0.35590047,0.0027102642
843,0.4825995,0.02641411,0.051621586,0.039927956,0.4309779,-0.013513846
844,0.59601516,0.046515837,0.06340176,0.047034416,0.5326134,-0.00051857904
845,0.5985887,0.05392397,0.0962786,0.06689594,0.5023101,-0.012971971
846,0.525303,0.03260246,0.06957332,0.045368195,0.4557297,-0.012765735
847,0.5834407,0.070026115,0.12277744,0.07798886,0.4606633,-0.007962748
848,0.65635145,0.10817476,0.15452005,0.112783216,0.5018314,-0.0046084523
849,0.34302345,0.10270832,0.062040165,0.0486133,0.28098327,0.05409502
850,0.4695209,0.0873979,0.072301544,0.0564902,0.39721936,0.030907702
851,0.40800798,0.06649917,0.09629755,0.07428269,0.31171042,-0.0077835172
852,0.27085033,0.037035797,0.03612869,0.027732832,0.23472165,0.009302964
853,0.5643098,0.0834747,0.12868775,0.08925071,0.43562204,-0.0057760105
854,0.36262667,0.07576227,0.07645834,0.064276285,0.28616834,0.011485986
855,0.15303335,0.06462987,0.043682594,0.037281998,0.109350756,0.02734787
856,0.26029715,0.07163335,0.055450693,0.03533055,0.20484646,0.036302797
857,0.38515154,0.06414355,0.06298221,0.051774565,0.32216933,0.012368988
858,0.1971606,0.012325214,0.020478383,0.015969519,0.17668222,-0.0036443044
859,0.36551076,0.019231934,0.047859564,0.035094522,0.3176512,-0.015862588
860,0.40232053,0.06912151,0.07589962,0.060327545,0.3264209,0.008793965
861,0.35885125,0.06946506,0.07694273,0.05454416,0.2819085,0.014920905
862,0.41893247,0.02963743,0.085954875,0.06298274,0.3329776,-0.03334531
863,0.49334344,0.07372459,0.102144375,0.06865485,0.39119905,0.00506974
864,0.41075045,0.07444879,0.12202839,0.09924746,0.28872207,-0.024798676
865,0.40968665,0.034452654,0.05284113,0.03666172,0.35684553,-0.0022090673
866,0.3682483,0.06745774,0.09246367,0.06696037,0.27578464,0.00049737096
867,0.24107406,0.04379793,0.040081903,0.030894235,0.20099215,0.012903694
868,0.41293496,0.06109755,0.09227466,0.06681014,0.3206603,-0.0057125874
869,0.38264602,0.05660464,0.060022116,0.03374207,0.3226239,0.022862568
870,0.49863777,0.03589387,0.05565287,0.04103499,0.44298488,-0.0051411204
871,0.3498131,0.07346931,0.08368408,0.06463055,0.26612902,0.008838758
872,0.20622528,0.047678903,0.046401914,0.037966043,0.15982336,0.00971286
873,0.44113487,0.06697013,0.043843236,0.035062853,0.39729163,0.03190728
874,0.5743548,0.07763384,0.10799783,0.0769555,0.466357,0.00067834556
875,0.3618335,0.07295304,0.09392826,0.06732623,0.26790524,0.005626805
876,0.42610064,0.06465836,0.04407738,0.033652656,0.38202327,0.031005703
877,0.45141742,0.03515083,0.06812762,0.047041353,0.3832898,-0.011890523
878,0.57974637,0.02789235,0.07546913,0.05513944,0.5042772,-0.027247092
879,0.52897453,0.13342027,0.09367592,0.07366757,0.43529862,0.059752703
880,0.42352453,0.057944473,0.062058,0.04198458,0.36146653,0.015959892
881,0.6634131,0.08942815,0.13116626,0.09768033,0.5322468,-0.008252181
882,0.48191088,0.035545934,0.061786804,0.045935296,0.42012408,-0.0103893615
883,0.4838811,0.008319391,0.039453756,0.029124517,0.44442734,-0.020805126
884,0.30596337,0.0043572676,0.017778782,0.007951116,0.28818458,-0.0035938486
885,0.13717178,0.006099227,0.017943894,0.012668516,0.11922788,-0.0065692887
886,0.4544816,0.048703033,0.11662534,0.06274141,0.33785626,-0.01403838
887,0.401538,0.07946985,0.08620843,0.065910414,0.31532958,0.013559438
888,0.29016507,0.028787442,0.0804431,0.053284068,0.20972197,-0.024496626
889,0.268907,0.058268543,0.08325358,0.052948967,0.18565343,0.0053195767
890,0.4846088,0.1038063,0.09826273,0.07312374,0.38634607,0.030682564
891,0.29816976,0.057145417,0.07307383,0.050945915,0.22509593,0.0061995015
892,0.46318597,0.013708605,0.02406544,0.01757451,0.43912053,-0.0038659042
893,0.36890152,0.049201697,0.05192055,0.037838917,0.31698096,0.01136278
894,0.23875163,0.025111413,0.044645242,0.03180991,0.1941064,-0.0066984985
895,0.41617012,0.01983382,0.05830954,0.046071958,0.35786057,-0.026238138
896,0.5222718,0.039676648,0.08768156,0.06622171,0.43459025,-0.026545059
897,0.36421058,0.030601248,0.040424522,0.025875054,0.32378605,0.004726194
898,0.3374995,0.06715024,0.08098561,0.053818434,0.2565139,0.013331808
899,0.16939239,-0.017402658,0.03943691,0.02313265,0.12995549,-0.04053531
900,0.5885593,0.06091951,0.098490335,0.067296974,0.490069,-0.006377466
901,0.2164349,0.023643697,0.07078351,0.043140836,0.14565139,-0.01949714
902,0.67905,0.06864765,0.12665449,0.09046351,0.5523955,-0.021815859
903,0.5717103,0.08767594,0.11456444,0.08700956,0.45714584,0.0006663799
904,0.6201076,0.13326111,0.117158815,0.09628375,0.50294876,0.036977366
905,0.26334134,0.06995923,0.07257941,0.056237377,0.19076192,0.0137218535
906,0.11297128,0.008460834,0.016093746,0.012704612,0.09687754,-0.004243778
907,0.6279942,0.016401583,0.039853856,0.024831727,0.5881403,-0.008430144
908,0.38194937,0.05382444,0.05136987,0.03401663,0.3305795,0.019807808
909,0.36845702,0.06495337,0.07408319,0.056187227,0.29437384,0.0087661445
910,0.3992031,0.036426514,0.06583435,0.04860265,0.33336875,-0.012176137
911,0.3938688,0.0756226,0.095400766,0.06600834,0.29846805,0.009614266
912,0.29866758,0.045301814,0.05764789,0.04871047,0.2410197,-0.0034086555
913,0.27965844,0.05724781,0.07972095,0.05724003,0.1999375,7.778406e-06
914,0.6275627,0.045317437,0.06142219,0.0443536,0.56614053,0.0009638369
915,0.36665818,0.03618161,0.082095444,0.05739111,0.28456274,-0.0212095
916,0.40456828,0.011450598,0.045598052,0.027586466,0.35897022,-0.016135868
917,0.30667913,0.049617954,0.07241626,0.049152117,0.23426287,0.00046583638
918,0.38714364,0.05516303,0.09534819,0.06633416,0.29179546,-0.011171129
919,0.3551682,0.06768797,0.0880587,0.07031133,0.26710948,-0.0026233569
920,0.39101905,0.07071371,0.07464066,0.04687962,0.31637838,0.023834087
921,0.36717686,0.035223935,0.050007023,0.03882766,0.31716985,-0.0036037266
922,0.5985598,0.063981235,0.084871285,0.059205417,0.5136885,0.0047758184
923,0.38804683,0.032568146,0.0524586,0.034862615,0.33558822,-0.0022944696
924,0.4296879,0.031343892,0.08908332,0.06497243,0.34060457,-0.03362854
925,0.47657263,0.059701223,0.10143616,0.063606314,0.37513646,-0.0039050914
926,0.5007825,0.0715352,0.08989625,0.061097678,0.41088623,0.010437522
927,0.15327916,0.055857163,0.05120891,0.038867015,0.10207024,0.016990148
928,0.201152,0.022947155,0.031829912,0.020711046,0.16932209,0.0022361092
929,0.5340109,0.038344905,0.07128025,0.046888527,0.46273065,-0.008543622
930,0.58233887,0.057487592,0.083609544,0.06519245,0.49872932,-0.0077048615
931,0.36616015,0.048184823,0.0903021,0.065647565,0.27585804,-0.017462742
932,0.30693534,0.08607144,0.07248939,0.053243194,0.23444596,0.032828245
933,0.58010995,0.024410903,0.05087764,0.034043662,0.5292323,-0.009632759
934,0.43216845,0.024645308,0.05112684,0.036930483,0.38104162,-0.012285175
935,0.403107,0.057765152,0.06791816,0.04548044,0.33518884,0.012284711
936,0.5373784,0.107119225,0.119366705,0.09416506,0.41801167,0.012954168
937,0.51998645,0.06223294,0.10897456,0.07999559,0.41101187,-0.017762646
938,0.51167893,0.08556664,0.11877945,0.08362481,0.39289948,0.0019418299
939,0.51303536,0.049949776,0.08980381,0.061766542,0.42323154,-0.011816766
940,0.48392084,0.03607499,0.068396814,0.03937851,0.41552404,-0.0033035204
941,0.6777907,0.10009166,0.16607665,0.11232942,0.51171404,-0.012237765
942,0.37008756,0.08335231,0.06488185,0.042195298,0.3052057,0.041157015
943,0.43293804,0.0945169,0.11520508,0.08408849,0.31773296,0.010428414
944,0.3843574,0.093454905,0.13044931,0.09140337,0.2539081,0.0020515323
945,0.31144416,0.06987138,0.07545389,0.049664397,0.23599027,0.020206984
946,0.43286127,0.08865436,0.097095184,0.07409838,0.33576608,0.014555983
947,0.3825404,0.019099018,0.08507391,0.057047214,0.2974665,-0.0379482
948,0.4243023,0.06935117,0.07750758,0.063411005,0.34679472,0.0059401616
949,0.58899826,0.076411165,0.065650225,0.04762855,0.52334803,0.028782614
950,0.44705212,0.05466089,0.050764523,0.03876246,0.3962876,0.015898429
951,0.46264136,0.048322897,0.06591465,0.045717314,0.3967267,0.0026055835
952,0.4618859,0.06686265,0.061399464,0.04099142,0.40048644,0.025871228
953,0.24229276,0.05889155,0.04741274,0.031190835,0.19488002,0.027700715
954,0.5852926,0.060723104,0.091215715,0.05317317,0.49407685,0.007549934
955,0.303979,0.066092,0.06778935,0.047790714,0.23618966,0.018301286
956,0.5087115,0.026203673,0.051268898,0.03626636,0.4574426,-0.010062687
957,0.15696578,0.023920283,0.030968882,0.022674542,0.12599689,0.0012457408
958,0.3415042,0.09552121,0.08085405,0.052529648,0.26065013,0.042991564
959,0.5024135,0.09241478,0.11345437,0.07782252,0.38895914,0.01459226
960,0.3718316,0.07781319,0.10308467,0.071719944,0.2687469,0.0060932487
961,0.5037657,0.06364898,0.08379135,0.055866502,0.41997436,0.007782474
962,0.2676882,0.056066353,0.06785319,0.052154854,0.19983503,0.003911499
963,0.58307976,0.11442757,0.13974014,0.104131505,0.44333962,0.010296062
964,0.41593534,0.060511064,0.061123446,0.045134738,0.3548119,0.015376326
965,0.5413886,0.014366383,0.0783953,0.05080142,0.46299326,-0.036435038
966,0.7972493,0.07258385,0.12014679,0.08202368,0.6771025,-0.009439833
967,0.5239788,0.03912488,0.054874863,0.04400139,0.46910396,-0.0048765093
968,0.33562157,0.08145108,0.07225054,0.051899362,0.26337102,0.029551718
969,0.5378904,0.09293551,0.11248861,0.081417486,0.42540175,0.011518024
970,0.31146163,0.063178405,0.08340976,0.057151712,0.22805187,0.0060266927
971,0.35452795,0.051421467,0.077800006,0.053680237,0.27672794,-0.0022587702
972,0.23311388,0.058310673,0.037808605,0.02207652,0.19530529,0.036234155
973,0.48758653,0.031020591,0.046498686,0.03494769,0.44108784,-0.0039270986
974,0.26976138,0.079537064,0.068810746,0.04393154,0.20095064,0.035605524
975,0.36230755,0.001868467,0.048741344,0.030373596,0.3135662,-0.028505128
976,0.39434972,0.034159545,0.059117176,0.037003145,0.33523256,-0.0028435998
977,0.37525055,0.034956884,0.05696573,0.03639479,0.3182848,-0.0014379062
978,0.30663005,0.018007452,0.042119235,0.030481467,0.2645108,-0.012474015
979,0.46410823,0.03946364,0.066779196,0.044577666,0.39732903,-0.0051140264
980,0.5048589,0.03349474,0.0840225,0.04957603,0.42083642,-0.016081288
981,0.1164971,0.013338581,0.008825816,0.0069036894,0.10767128,0.0064348914
982,0.4281693,0.03454502,0.07041691,0.035525467,0.35775238,-0.000980448
983,0.30388075,0.030088557,0.038635634,0.027757801,0.2652451,0.0023307558
984,0.42359826,0.08388903,0.060914397,0.045775026,0.36268386,0.038114004
985,0.591251,0.065753356,0.07902835,0.060330316,0.51222265,0.005423039
986,0.40805128,0.06432065,0.07573443,0.05773148,0.33231685,0.0065891743
987,0.43208528,0.077929266,0.084310964,0.058311135,0.34777433,0.019618131
988,0.33534363,0.075758964,0.06207995,0.040632416,0.2732637,0.03512655
989,0.6215655,0.11627264,0.11129632,0.070474364,0.5102692,0.04579828
990,0.20431225,0.03171292,0.036475137,0.030351019,0.16783711,0.0013619009
991,0.40160906,0.037598282,0.060907036,0.04235348,0.34070203,-0.004755199
992,0.60390186,0.07972833,0.102636375,0.07195373,0.50126547,0.007774599
993,0.56019145,0.077784546,0.0917257,0.063944556,0.46846575,0.01383999
994,0.5631273,0.08742852,0.074746236,0.05773086,0.48838103,0.029697657
995,0.3976849,0.013448615,0.053251516,0.036548767,0.3444334,-0.023100153
996,0.43862957,0.035247393,0.0626802,0.036140937,0.37594938,-0.0008935444
997,0.32116556,0.052901663,0.054300893,0.04291409,0.26686466,0.009987574
998,0.4540193,0.11587486,0.12452364,0.080804385,0.32949567,0.03507047
999,0.23618072,0.031090839,0.03392456,0.02040905,0.20225616,0.010681789
1000,0.39233315,0.056105714,0.082392834,0.05909044,0.3099403,-0.002984725
1001,0.5024496,0.09241095,0.12540327,0.08388423,0.3770463,0.00852672
1002,0.25848174,0.04331083,0.049916398,0.0372658,0.20856534,0.0060450286
1003,0.4742373,0.052208416,0.107020594,0.07132068,0.3672167,-0.019112267
1004,0.5272622,0.05817784,0.12094255,0.07738119,0.40631968,-0.019203354
1005,0.30923808,0.0585124,0.055413894,0.037848767,0.25382417,0.020663634
1006,0.6296897,0.0988267,0.12725973,0.09090485,0.50242996,0.007921852
1007,0.34638664,0.06889937,0.09658356,0.0683139,0.24980308,0.0005854741
1008,0.37239155,0.0076783034,0.0379953,0.026070707,0.33439624,-0.018392403
1009,0.43768114,0.05118,0.07712626,0.05242048,0.36055487,-0.001240477
1010,0.10859217,0.041276403,0.03427423,0.026742645,0.07431793,0.014533758
1011,0.46697268,0.055657845,0.09769802,0.073113605,0.36927468,-0.01745576
1012,0.38952976,0.067931704,0.08388558,0.054598406,0.30564418,0.013333298
1013,0.64916563,0.094996184,0.0823762,0.061626643,0.56678945,0.03336954
1014,0.3609766,0.05701829,0.09704699,0.06798344,0.2639296,-0.01096515
1015,0.2735676,0.04058236,0.054881897,0.035966057,0.21868569,0.0046163015
1016,0.44410336,0.02974845,0.07264841,0.04852542,0.37145495,-0.01877697
1017,0.32755965,0.013195872,0.0630708,0.039810114,0.26448885,-0.026614241
1018,0.51021117,0.041202232,0.04228611,0.029712334,0.46792507,0.011489898
1019,0.37673455,0.050330713,0.094746925,0.05675267,0.28198764,-0.006421957
1020,0.4454454,0.03320145,0.067711495,0.0406024,0.3777339,-0.0074009523
1021,0.54656184,0.043967836,0.06448913,0.04478885,0.4820727,-0.000821013
1022,0.29767254,0.05268814,0.08365617,0.054835156,0.21401638,-0.0021470152
1023,0.36105096,0.09819417,0.12235028,0.09275601,0.23870069,0.0054381564
1024,0.4672997,0.073047444,0.09004331,0.06921991,0.3772564,0.0038275346
1025,0.54769504,0.078198746,0.11007325,0.07650409,0.43762177,0.0016946569
1026,0.4547822,0.039297964,0.06749676,0.052689232,0.3872854,-0.0133912675
1027,0.38160878,0.041052256,0.034160923,0.023549363,0.34744787,0.017502893
1028,0.32035914,0.026780913,0.04600998,0.03464541,0.27434915,-0.007864496
1029,0.28442216,0.039545342,0.032849945,0.023888193,0.25157222,0.01565715
1030,0.33953294,0.06538517,0.07640674,0.054796357,0.2631262,0.010588814
1031,0.41638505,0.030869655,0.0660787,0.044023596,0.35030636,-0.01315394
1032,0.51432234,0.09095981,0.101246215,0.07036817,0.41307613,0.020591639
1033,0.4253328,0.047524925,0.05752491,0.040212285,0.3678079,0.0073126405
1034,0.40992132,0.06594185,0.09026589,0.06863537,0.31965542,-0.002693519
1035,0.6400318,0.059424847,0.07964842,0.057658736,0.5603834,0.0017661117
1036,0.5826312,0.052476514,0.07564382,0.048982028,0.50698733,0.0034944862
1037,0.348175,-0.003956763,0.052721243,0.029529223,0.29545376,-0.033485986
1038,0.5129495,0.06392816,0.08905775,0.060302477,0.42389178,0.0036256798
1039,0.513577,0.034838438,0.0666365,0.045993656,0.44694048,-0.011155218
1040,0.1422939,0.02527184,0.04606584,0.03366349,0.09622806,-0.0083916485
1041,0.44860455,0.110411294,0.13790174,0.093704216,0.3107028,0.016707078
1042,0.44920602,0.03080725,0.08554138,0.052319627,0.36366463,-0.021512378
1043,0.2350659,0.015597046,0.037244294,0.024433518,0.19782162,-0.0088364715
1044,0.26944515,0.030870283,0.04129139,0.029415036,0.22815377,0.0014552474
1045,0.567811,0.039021652,0.08377593,0.05667956,0.48403507,-0.01765791
1046,0.31606436,0.06512636,0.0620587,0.047450844,0.25400567,0.017675515
1047,0.18872273,0.01987036,0.047233704,0.034499392,0.14148903,-0.014629032
1048,0.5497024,0.043738376,0.051916882,0.035309255,0.4977855,0.008429121
1049,0.23328932,0.012489279,0.050853338,0.032130092,0.18243597,-0.019640815
1050,0.24423961,0.034609735,0.0382478,0.030106831,0.2059918,0.0045029037
1051,0.23704216,0.041978713,0.032682817,0.022862399,0.20435934,0.019116314
1052,0.54879016,0.05891901,0.081923865,0.0577771,0.46686628,0.0011419095
1053,0.5351066,0.02637004,0.058844246,0.039742336,0.47626236,-0.0133722965
1054,0.3446949,0.022825755,0.042551454,0.024547063,0.30214345,-0.0017213076
1055,0.20542106,0.015955362,0.02245333,0.015113778,0.18296772,0.00084158406
1056,0.45472175,0.060812615,0.0816158,0.054287218,0.37310594,0.0065253973
1057,0.5009085,0.085901424,0.10496292,0.07788803,0.39594558,0.008013397
1058,0.42802724,0.024008079,0.05487916,0.03538437,0.37314808,-0.01137629
1059,0.23969564,0.05983172,0.06927663,0.039664075,0.17041901,0.020167645
1060,0.12179423,-0.004083569,0.023906024,0.012972016,0.09788821,-0.017055586
1061,0.44523066,0.08059164,0.11812737,0.08548171,0.3271033,-0.0048900694
1062,0.5085145,0.13037597,0.14601365,0.11525858,0.36250088,0.0151173845
1063,0.33667213,0.029122544,0.04705664,0.03459168,0.28961548,-0.005469134
1064,0.38542223,0.0022296736,0.0345581,0.019653918,0.35086414,-0.017424244
1065,0.5220159,0.034401763,0.055744156,0.039654993,0.46627176,-0.0052532293
1066,0.6433567,0.07631673,0.08737087,0.058317672,0.5559858,0.017999057
1067,0.2448025,0.036807694,0.040826388,0.033970695,0.20397612,0.0028369986
1068,0.17127785,0.020893734,0.033496656,0.02349558,0.1377812,-0.0026018452
1069,0.43340385,0.06806329,0.07160163,0.054923598,0.36180222,0.013139691
1070,0.48658946,0.113885984,0.11544035,0.0666435,0.37114912,0.047242485
1071,0.30498075,0.0404842,0.06066442,0.03988439,0.24431634,0.0005998127
1072,0.5208263,0.0449868,0.09378508,0.06944297,0.4270412,-0.024456173
1073,0.2493591,-0.0010699951,0.020124443,0.011422082,0.22923467,-0.012492077
1074,0.48230195,0.03028218,0.049845763,0.032273576,0.4324562,-0.001991395
1075,0.5538242,0.027234634,0.039022375,0.030685605,0.5148018,-0.003450971
1076,0.36435482,0.033831105,0.057741977,0.042580906,0.30661285,-0.008749802
1077,0.3438567,0.04748957,0.07621903,0.054860547,0.26763767,-0.0073709786
1078,0.19515988,0.012083089,0.028114866,0.01807652,0.16704501,-0.0059934314
1079,0.33766806,0.0021021604,0.0311649,0.021977277,0.30650318,-0.019875117
1080,0.36517364,0.034684435,0.044541527,0.034664575,0.3206321,1.9859523e-05
1081,0.25048858,0.032408427,0.06434658,0.04209944,0.186142,-0.009691011
1082,0.5572925,0.041179728,0.105622776,0.081373155,0.45166975,-0.040193427
1083,0.49427238,0.02846493,0.060272783,0.034566816,0.4339996,-0.006101886
1084,0.48238978,0.071378306,0.070088774,0.052749276,0.412301,0.01862903
1085,0.35294318,-0.006694031,0.01524395,0.010198913,0.33769923,-0.016892944
1086,0.35526228,0.04534369,0.06558833,0.04587051,0.28967395,-0.0005268194
1087,0.67266613,0.13545536,0.15354472,0.11179617,0.5191214,0.023659185
1088,0.57566774,0.06908405,0.10160262,0.07319243,0.47406512,-0.0041083843
1089,0.3379001,0.081017934,0.11470365,0.08953491,0.22319645,-0.008516975
1090,0.5009184,0.12799843,0.16111842,0.12329412,0.33979997,0.004704304
1091,0.60928184,0.08764035,0.116357535,0.080938905,0.4929243,0.006701447
1092,0.40216962,0.044369876,0.057753205,0.04300846,0.3444164,0.0013614148
1093,0.4618472,0.06795457,0.099394724,0.064504065,0.36245245,0.0034505054
1094,0.21624286,0.032463934,0.047756266,0.03447161,0.1684866,-0.0020076744
1095,0.595549,0.049707618,0.06868455,0.051534615,0.5268644,-0.0018269978
1096,0.2600082,0.010112314,0.033232197,0.025282135,0.22677599,-0.015169822
1097,0.10225758,0.02706485,0.034990374,0.018950788,0.06726721,0.008114062
1098,0.55509037,0.041548084,0.06974121,0.046697736,0.48534915,-0.0051496513
1099,0.4209216,0.07791471,0.07821264,0.05475908,0.34270895,0.023155626
1100,0.17001855,0.05689518,0.032356866,0.02347678,0.1376617,0.033418402
1101,0.535912,0.07353902,0.089396715,0.06480444,0.44651526,0.008734576
1102,0.4192603,0.06829657,0.078192174,0.06419356,0.34106812,0.004103005
1103,0.4729554,0.042457413,0.06327514,0.041664224,0.40968025,0.0007931888
1104,0.6096855,0.059519906,0.06841257,0.04409749,0.5412729,0.015422415
1105,0.63735026,0.098437674,0.1393494,0.10500951,0.49800086,-0.006571837
1106,0.61646664,0.09023379,0.12418304,0.092851564,0.4922836,-0.0026177764
1107,0.25696495,0.048752464,0.085496075,0.055173375,0.17146888,-0.0064209104
1108,0.5162926,0.058640745,0.10902507,0.0767912,0.4072675,-0.018150453
1109,0.7046685,0.032917116,0.08695068,0.061814066,0.61771786,-0.02889695
1110,0.4768849,0.07222572,0.1036758,0.07364117,0.37320912,-0.0014154539
1111,0.35361388,0.020524975,0.056645066,0.04419989,0.29696882,-0.023674916
1112,0.40162623,0.046569753,0.06465036,0.045079757,0.33697587,0.0014899969
1113,0.5790207,0.0712094,0.09603065,0.06614039,0.48299003,0.00506901
1114,0.5878209,0.08641104,0.1082404,0.084651165,0.4795805,0.0017598718
1115,0.5236282,0.06237342,0.06740295,0.048367437,0.45622522,0.014005981
1116,0.45271423,0.042995285,0.07221493,0.05430622,0.3804993,-0.011310935
1117,0.015824458,0.10592112,0.052283093,0.029251479,-0.036458634,0.07666964
1118,0.58494186,0.075708814,0.091388896,0.06806826,0.49355298,0.0076405555
1119,0.19113664,0.06011477,0.05801176,0.037120864,0.13312489,0.022993907
1120,0.5983242,0.07277776,0.078820474,0.05126042,0.5195037,0.021517344
1121,0.32871398,0.06537289,0.06751561,0.049288664,0.26119837,0.016084228
1122,0.5149343,0.058306344,0.08675757,0.057193402,0.42817673,0.0011129417
1123,0.25329518,0.03798322,0.04597061,0.03323697,0.20732456,0.004746251
1124,0.33076942,0.030357758,0.06645379,0.041937664,0.26431563,-0.011579907
1125,0.58049846,0.059216715,0.09256764,0.06661399,0.48793083,-0.0073972717
1126,0.30120075,0.070599765,0.07354185,0.04703859,0.2276589,0.023561176
1127,0.63349766,0.10478126,0.11758553,0.0872196,0.5159121,0.01756166
1128,0.40411264,0.062575355,0.07498757,0.04931097,0.32912508,0.013264384
1129,0.31607816,0.06293419,0.0841336,0.064449586,0.23194456,-0.0015153959
1130,0.09673547,0.017639231,0.032412637,0.022767954,0.06432283,-0.0051287226
1131,0.28629994,0.07297944,0.07277057,0.045319833,0.21352938,0.02765961
1132,0.45551956,0.035802625,0.050692156,0.033966668,0.40482742,0.0018359572
1133,0.32155815,0.029793488,0.05711264,0.039239597,0.2644455,-0.009446109
1134,0.37620416,0.060834706,0.06273617,0.04483665,0.31346798,0.015998054
1135,0.42237318,0.05917739,0.07552114,0.04811379,0.34685203,0.011063602
1136,0.48464254,0.044633027,0.062270164,0.050582204,0.42237237,-0.005949177
1137,0.50540435,0.0755402,0.104206726,0.07091662,0.4011976,0.004623577
1138,0.44221598,0.07055367,0.07384141,0.05471884,0.3683746,0.015834827
1139,0.3295095,0.04294491,0.05911325,0.040589962,0.27039623,0.002354946
1140,0.5670546,0.06472692,0.0899364,0.07213829,0.47711822,-0.007411368
1141,0.32272744,0.020885397,0.036607336,0.028105168,0.28612012,-0.007219771
1142,0.4047374,0.123530075,0.08044568,0.0553447,0.32429174,0.068185374
1143,0.52178085,0.0469227,0.06580617,0.048543982,0.45597467,-0.0016212836
1144,0.5917424,0.049625278,0.10499965,0.068271644,0.48674273,-0.018646367
1145,0.61786807,0.05617024,0.09341394,0.06827784,0.5244541,-0.012107603
1146,0.2528735,0.051845867,0.09034194,0.061338976,0.16253157,-0.009493109
1147,0.5173264,0.09045044,0.09568619,0.06691502,0.42164022,0.023535423
1148,0.67474717,0.08065565,0.08567808,0.06660958,0.58906907,0.014046073
1149,0.5639189,0.04277782,0.05068633,0.03734832,0.5132326,0.0054295026
1150,0.5506005,0.07221382,0.08853363,0.05030859,0.4620669,0.021905232
1151,0.45812374,0.025153056,0.07443974,0.05373973,0.383684,-0.028586674
1152,0.5167237,0.06713106,0.09198208,0.06829696,0.42474163,-0.0011659041
1153,0.37943313,0.08745864,0.10325589,0.07099266,0.27617723,0.016465977
1154,0.25214064,0.06928182,0.07860213,0.059785582,0.1735385,0.009496234
1155,0.40901238,0.043613967,0.061238658,0.043504618,0.34777373,0.000109348446
1156,0.38308677,0.025470963,0.0772302,0.048248712,0.3058566,-0.02277775
1157,0.61971086,0.071857356,0.103826426,0.08036385,0.51588446,-0.008506492
1158,0.4875913,0.09606685,0.106140204,0.06300697,0.3814511,0.03305988
1159,0.59387535,0.06625485,0.08974292,0.065263085,0.50413245,0.0009917617
1160,0.45617822,0.012369909,0.04468829,0.02631385,0.41148993,-0.013943941
1161,0.5961926,0.07069542,0.10567251,0.0752217,0.4905201,-0.00452628
1162,0.5272811,0.00972552,0.039655134,0.026826046,0.48762596,-0.017100526
1163,0.4940302,0.023211095,0.06937966,0.048202157,0.42465055,-0.024991062
1164,0.4479589,0.095004775,0.116417415,0.090311535,0.33154148,0.00469324
1165,0.50065106,0.06540534,0.095493376,0.06524136,0.4051577,0.00016397983
1166,0.45624483,0.049482368,0.06977016,0.05177866,0.38647467,-0.0022962913
1167,0.33316863,0.06499295,0.05989246,0.04521821,0.27327615,0.019774739
1168,0.54249346,0.037625976,0.061252523,0.041112173,0.48124093,-0.0034861974
1169,0.52828676,0.10338635,0.13699378,0.099319935,0.391293,0.004066415
1170,0.8002488,0.12174196,0.1760235,0.12829167,0.6242253,-0.0065497085
1171,0.4999843,0.03086279,0.047970325,0.035927143,0.45201397,-0.0050643533
1172,0.61868453,0.07523024,0.09429102,0.06438472,0.5243935,0.01084552
1173,0.3878684,0.05781544,0.09952722,0.07966086,0.2883412,-0.021845423
1174,0.33511236,0.050299168,0.05729598,0.038100384,0.27781639,0.012198783
1175,0.32686877,0.044420484,0.11078076,0.0708622,0.21608801,-0.026441712
1176,0.45971584,0.097295426,0.0785354,0.05743461,0.38118044,0.039860815
1177,0.40285233,0.072083764,0.06583846,0.046010762,0.33701387,0.026073001
1178,0.306882,0.040121138,0.054326482,0.04351475,0.25255552,-0.0033936128
1179,0.5313197,0.053272013,0.06368791,0.049638003,0.46763176,0.0036340095
1180,0.27744386,0.019002354,0.031271104,0.023903241,0.24617276,-0.0049008876
1181,0.6928114,0.06270332,0.11205394,0.079143025,0.5807575,-0.016439706
1182,0.57977533,0.07270997,0.12163373,0.088978335,0.4581416,-0.016268365
1183,0.27989575,0.0003555297,0.0702313,0.04182677,0.20966445,-0.04147124
1184,0.1591416,0.01970389,0.026818981,0.017960113,0.13232262,0.0017437767
1185,0.3665438,0.047263097,0.0737979,0.045994896,0.2927459,0.0012682006
1186,0.36824793,0.049201533,0.0626692,0.04856123,0.3055787,0.0006403029
1187,0.4462628,0.043006945,0.046767246,0.031489216,0.39949557,0.01151773
1188,0.3755548,0.06743837,0.063789904,0.043758694,0.3117649,0.023679677
1189,0.30558562,0.047200378,0.065999396,0.035061613,0.23958623,0.012138765
1190,0.6236373,0.064859614,0.075168945,0.056596223,0.54846835,0.0082633905
1191,0.42470396,0.11027052,0.059580468,0.043576118,0.36512348,0.06669441
1192,0.36545524,0.114917755,0.13138178,0.0952867,0.23407346,0.019631058
1193,0.26708794,0.04262337,0.060246233,0.04279612,0.2068417,-0.00017274916
1194,0.49743736,0.01282044,0.05204102,0.039513912,0.44539633,-0.02669347
1195,0.27735886,0.035476822,0.05533391,0.041609753,0.22202495,-0.0061329305
1196,0.47175384,0.052596413,0.07294383,0.054236136,0.39881,-0.0016397238
1197,0.22143644,0.029493539,0.03848019,0.022958051,0.18295625,0.0065354872
1198,0.67242986,0.014785976,0.035174944,0.022048559,0.6372549,-0.007262583
1199,0.7453798,0.060187124,0.1019318,0.06998254,0.643448,-0.00979542
1200,0.4050199,0.09234586,0.09953131,0.07341583,0.3054886,0.018930033
1201,0.16283453,0.020886838,0.055572305,0.037264787,0.107262224,-0.016377948
1202,0.34614807,0.022321166,0.032954417,0.022472449,0.31319365,-0.00015128218
1203,0.7095152,0.053756323,0.097041614,0.06721488,0.6124736,-0.013458554
1204,0.4350787,0.010494168,0.037788197,0.019250685,0.39729053,-0.008756517
1205,0.3403249,0.0034028294,0.021343667,0.011220139,0.31898123,-0.00781731
1206,0.74612,0.09063133,0.15037136,0.10353558,0.5957486,-0.012904249
1207,0.6421658,0.011773566,0.036391094,0.024335284,0.6057747,-0.012561718
1208,0.46030334,0.06935552,0.08264132,0.058454677,0.377662,0.01090084
1209,0.5953112,0.06812428,0.09004923,0.06801269,0.505262,0.000111587346
1210,0.5753066,0.03546364,0.048898563,0.035311673,0.526408,0.00015196577
1211,0.43538436,0.08402736,0.111374654,0.07900062,0.32400972,0.0050267354
1212,0.3410454,0.04350549,0.048488542,0.03637448,0.29255688,0.0071310103
1213,0.31424436,0.04174729,0.070310034,0.046264347,0.24393433,-0.004517056
1214,0.49920908,0.0457551,0.07652383,0.04412149,0.42268524,0.0016336106
1215,0.35217506,0.07045437,0.07131453,0.04858104,0.28086054,0.021873325
1216,0.41694134,0.060366325,0.08938965,0.067533806,0.3275517,-0.007167481
1217,0.35134247,0.021197194,0.054824986,0.03991711,0.2965175,-0.018719917
1218,0.7513077,0.06973313,0.08246258,0.062679075,0.6688452,0.0070540532
1219,0.38376096,0.08181185,0.075964876,0.05614686,0.3077961,0.025664993
1220,0.43594408,0.12259734,0.10490649,0.074630454,0.33103758,0.047966883
1221,0.6204038,0.120235264,0.12000479,0.08732105,0.50039905,0.032914214
1222,0.18101631,0.012844876,0.06836385,0.03655922,0.11265246,-0.023714345
1223,0.49241328,0.035309058,0.07151739,0.05286321,0.42089587,-0.017554153
1224,0.4881319,0.025247028,0.048637412,0.037194047,0.4394945,-0.011947019
1225,0.4032095,0.03747924,0.042142905,0.03032457,0.3610666,0.0071546696
1226,0.51901263,0.061724935,0.06973258,0.049678173,0.44928005,0.012046762
1227,0.4871826,0.07690812,0.05890567,0.045414664,0.42827693,0.031493455
1228,0.37371874,0.0629882,0.11102834,0.077568024,0.2626904,-0.014579825
1229,0.56600666,0.13047567,0.1492576,0.10717047,0.41674906,0.0233052
1230,0.5412337,0.057376236,0.08860729,0.05158998,0.45262644,0.005786255
1231,0.4123048,0.060292605,0.07991895,0.05179987,0.33238584,0.008492734
1232,0.53778833,0.03493323,0.04807636,0.034625255,0.48971197,0.0003079772
1233,0.47924477,0.084968194,0.098953255,0.06599313,0.38029152,0.018975064
1234,0.5897183,0.081750594,0.096796215,0.07414885,0.49292207,0.0076017454
1235,0.4035344,0.06464372,0.06663674,0.044685807,0.33689767,0.019957911
1236,0.36435923,0.06094035,0.06183055,0.049356595,0.30252868,0.011583757
1237,0.7525927,0.0836133,0.1326608,0.088366024,0.6199319,-0.0047527254
1238,0.5965144,0.10475414,0.110669464,0.09028673,0.48584494,0.014467411
1239,0.55555737,0.064035594,0.108074635,0.06550456,0.44748273,-0.0014689639
1240,0.4432798,0.039008245,0.066367656,0.048640195,0.37691215,-0.00963195
1241,0.5619654,0.017728329,0.07194939,0.04800901,0.490016,-0.03028068
1242,0.69851303,0.14867876,0.17916378,0.13000585,0.5193492,0.018672913
1243,0.61080235,0.019755809,0.03741676,0.025248015,0.5733856,-0.0054922067
1244,0.4277946,0.05582152,0.056573506,0.04026304,0.3712211,0.0155584775
1245,0.27061838,0.034899447,0.041594695,0.030162664,0.22902368,0.004736783
1246,0.56162786,0.05923387,0.08136617,0.059603967,0.48026168,-0.00037009642
1247,0.37148055,0.035141297,0.057589784,0.039692063,0.31389076,-0.004550766
1248,0.08132692,0.04076737,0.036666695,0.020074641,0.04466022,0.02069273
1249,0.59613305,0.03391988,0.06093723,0.04619748,0.5351958,-0.012277603
1250,0.242407,0.008577868,0.021532573,0.016400814,0.22087443,-0.007822946
1251,0.4967892,0.07838562,0.06767093,0.046828747,0.42911828,0.031556875
1252,0.19124678,0.036461048,0.042605363,0.028339792,0.14864141,0.008121256
1253,0.26786572,0.13593923,0.0647934,0.037924655,0.20307231,0.09801457
1254,0.40774354,0.05601373,0.07503929,0.049227335,0.33270425,0.006786395
1255,0.48656657,0.056596808,0.07876392,0.04907385,0.40780264,0.0075229593
1256,0.62416124,0.069112375,0.11216651,0.075335614,0.5119947,-0.006223239
1257,0.46790737,0.097767174,0.094364166,0.07336084,0.3735432,0.024406336
1258,0.57797545,0.08858936,0.11830919,0.08746875,0.45966625,0.001120612
1259,0.2222765,0.046489213,0.08696713,0.048862867,0.13530937,-0.0023736544
1260,0.382666,0.0480801,0.050524607,0.03844455,0.3321414,0.009635553
1261,0.33366337,0.045030355,0.0820407,0.063068554,0.25162268,-0.018038198
1262,0.44541362,0.061161764,0.08840033,0.058002662,0.3570133,0.003159102
1263,0.4468143,0.05840764,0.058562685,0.034641072,0.3882516,0.023766566
1264,0.49057454,0.066714935,0.107615925,0.067200154,0.38295862,-0.00048521906
1265,0.19025764,-0.006351426,0.023563169,0.015412357,0.16669446,-0.021763783
1266,0.5539617,0.04299465,0.07147815,0.04813468,0.48248354,-0.0051400326
1267,0.41354182,0.08565399,0.11564867,0.08823423,0.29789317,-0.0025802404
1268,0.06469039,0.0039073136,0.035476852,0.025814602,0.029213537,-0.021907289
1269,0.42007756,0.070654206,0.08827195,0.061312266,0.33180562,0.00934194
1270,0.5536093,0.029897796,0.07378004,0.04832149,0.47982928,-0.018423693
1271,0.4430318,0.05865076,0.0711459,0.053245224,0.3718859,0.005405538
1272,0.49210793,0.06440404,0.070483916,0.051496163,0.421624,0.012907878
1273,0.4380564,0.038643207,0.068838865,0.052469205,0.36921754,-0.013825998
1274,0.45097974,0.05985787,0.097988404,0.0625575,0.35299134,-0.0026996322
1275,0.51848036,0.035258967,0.06463197,0.046843335,0.4538484,-0.011584368
1276,0.18242529,0.049278148,0.04813758,0.032664515,0.13428771,0.016613632
1277,0.59502304,0.028792644,0.06110558,0.045023095,0.5339174,-0.016230451
1278,0.6699327,0.10230024,0.116631486,0.080239125,0.5533012,0.022061117
1279,0.540498,0.04195926,0.044999503,0.03362417,0.4954985,0.008335091
1280,0.52011484,0.029370071,0.048000026,0.034142215,0.4721148,-0.0047721434
1281,0.37636274,0.05839389,0.09212532,0.07048564,0.2842374,-0.012091748
1282,0.5903462,0.096997544,0.14164956,0.10733533,0.44869667,-0.010337785
1283,0.65184873,0.04656299,0.10272184,0.070408106,0.54912686,-0.023845118
1284,0.39164937,0.030998478,0.07416789,0.048825193,0.31748146,-0.017826715
1285,0.55039793,0.07126311,0.08908254,0.06711432,0.4613154,0.0041487888
1286,0.37566394,0.025999071,0.061150078,0.041091837,0.31451386,-0.015092766
1287,0.38045284,0.03497623,0.059527773,0.041261163,0.32092506,-0.0062849335
1288,0.3474403,0.07034751,0.08917571,0.06673731,0.2582646,0.0036102012
1289,0.59548354,0.11792975,0.17027421,0.123838395,0.42520934,-0.0059086457
1290,0.39312032,0.042190477,0.069813445,0.041180912,0.32330686,0.0010095648
1291,0.5357795,0.033145938,0.06914678,0.04899938,0.4666327,-0.015853442
1292,0.35148117,0.05806502,0.047208723,0.030516582,0.30427244,0.027548438
1293,0.6083433,0.1264162,0.16769609,0.12700194,0.4406472,-0.00058573484
1294,0.47787297,0.047014162,0.07294206,0.04901367,0.4049309,-0.0019995086
1295,0.38178873,0.016635638,0.047763105,0.029596774,0.33402562,-0.012961136
1296,0.42078975,0.055968378,0.068095535,0.051099584,0.3526942,0.004868794
1297,0.53494084,0.07165796,0.07818155,0.061802212,0.45675927,0.009855751
1298,0.47095662,0.052473467,0.09001881,0.06176887,0.3809378,-0.009295404
1299,0.58391625,0.02375592,0.07810418,0.054627348,0.50581205,-0.030871429
1300,0.665815,0.07631098,0.09585119,0.06745336,0.5699638,0.008857615
1301,0.35457018,0.09705939,0.14060326,0.09037621,0.21396692,0.0066831782
1302,0.49885017,0.044781543,0.08521379,0.05312736,0.4136364,-0.008345816
1303,0.18136844,0.03795569,0.04954767,0.034203365,0.13182077,0.0037523247
1304,0.4376775,0.042956505,0.09503256,0.066635646,0.34264493,-0.023679141
1305,0.5761572,0.08385196,0.12320286,0.086611815,0.45295435,-0.0027598515
1306,0.5773274,0.05861818,0.073939145,0.050458107,0.5033882,0.008160073
1307,0.5882512,0.090894274,0.14072393,0.09525242,0.44752723,-0.0043581426
1308,0.46951,0.09294135,0.06151225,0.038538195,0.40799773,0.054403156
1309,0.46401453,0.05163148,0.08862523,0.058291458,0.3753893,-0.006659977
1310,0.51358014,0.11839064,0.15796056,0.12622975,0.35561958,-0.007839106
1311,0.35313007,0.028111909,0.056697745,0.02974407,0.29643232,-0.0016321614
1312,0.3820063,0.07407926,0.05864109,0.044961657,0.3233652,0.029117603
1313,0.4142465,0.057502817,0.059332762,0.04447022,0.35491374,0.013032597
1314,0.7045847,0.10148773,0.13066246,0.09233157,0.5739223,0.00915616
1315,0.3262475,0.063431665,0.07396499,0.062904455,0.25228253,0.00052721053
1316,0.2801393,0.026815744,0.033878222,0.026898487,0.24626108,-8.274242e-05
1317,0.4116923,0.056102008,0.06867488,0.052620817,0.3430174,0.0034811907
1318,0.4002585,0.070864126,0.08730567,0.06274977,0.31295285,0.008114353
1319,0.4556167,0.06587096,0.06136478,0.036884867,0.39425194,0.028986096
1320,0.40388283,0.11550571,0.09974654,0.07840169,0.30413628,0.037104018
1321,0.3934016,0.069526955,0.05515298,0.04631914,0.3382486,0.023207817
1322,0.5307404,0.048645135,0.055742726,0.038145494,0.47499764,0.010499641
1323,0.49929985,0.06584816,0.091041416,0.06797129,0.40825844,-0.0021231323
1324,0.43490574,0.021512521,0.07099183,0.037100185,0.3639139,-0.015587663
1325,0.5192256,0.051798176,0.085044965,0.056288075,0.43418062,-0.0044898987
1326,0.47375232,0.024069175,0.05766329,0.040854912,0.41608903,-0.016785737
1327,0.35893384,0.016010096,0.03834565,0.026398653,0.32058817,-0.010388557
1328,0.4418165,0.079759896,0.089734524,0.070735395,0.35208198,0.009024501
1329,0.54138315,0.049323935,0.053231888,0.041191343,0.48815125,0.008132592
1330,0.2960775,0.028074145,0.0368208,0.02771833,0.2592567,0.00035581551
1331,0.6585268,0.1137675,0.14431457,0.10269601,0.5142122,0.011071488
1332,0.3221087,0.047032982,0.065471075,0.043284692,0.2566376,0.0037482902
1333,0.2118439,0.015941918,0.04105093,0.02992124,0.17079297,-0.013979321
1334,0.33779135,0.02626891,0.050602555,0.033968087,0.2871888,-0.0076991767
1335,0.27287406,0.016509049,0.04176967,0.029527085,0.23110439,-0.013018036
1336,0.33418685,0.0598109,0.06289381,0.04351533,0.27129304,0.01629557
1337,0.33949772,0.110008426,0.05408166,0.03919209,0.28541607,0.07081634
1338,0.46771342,0.12190953,0.0803486,0.057824317,0.3873648,0.064085215
1339,0.3860125,0.033144277,0.045184754,0.035170697,0.34082773,-0.00202642
1340,0.3014956,0.03234596,0.067781165,0.044720493,0.23371445,-0.0123745315
1341,0.5243654,0.048318297,0.09192362,0.07073207,0.4324418,-0.022413775
1342,0.29843023,0.033211187,0.03878419,0.026880872,0.25964606,0.006330315
1343,0.3941057,0.032308586,0.057072926,0.041082498,0.33703277,-0.008773912
1344,0.43194926,0.036180418,0.071616456,0.052229308,0.3603328,-0.01604889
1345,0.1740935,0.00908229,0.00815775,0.0073993285,0.16593575,0.0016829618
1346,0.34294206,0.08196998,0.07264636,0.047313996,0.2702957,0.03465598
1347,0.42005655,0.059364587,0.066763446,0.05092626,0.35329312,0.008438326
1348,0.1920872,0.041367896,0.028561618,0.021905694,0.16352558,0.019462202
1349,0.49669796,0.05724618,0.10805286,0.07543597,0.3886451,-0.018189795
1350,0.31113222,0.06941079,0.108138286,0.07295245,0.20299393,-0.0035416558
1351,0.19653133,0.045170482,0.043618683,0.029737033,0.15291265,0.015433449
1352,0.5673592,0.045081194,0.09254203,0.062109645,0.4748172,-0.017028451
1353,0.52521133,0.10016289,0.12752277,0.090082124,0.39768857,0.01008077
1354,0.23793872,0.012426531,0.024695601,0.017036065,0.21324311,-0.0046095345
1355,0.5070639,0.07608524,0.097280614,0.067996845,0.4097833,0.008088395
1356,0.4502415,0.035904653,0.06542222,0.04486447,0.38481927,-0.008959815
1357,0.1855701,0.013765262,0.021714324,0.01792437,0.16385578,-0.004159108
1358,0.6196024,0.023996774,0.046064902,0.032785606,0.57353747,-0.0087888315
1359,0.46832705,0.082670234,0.09513939,0.06327727,0.37318766,0.019392967
1360,0.49230516,0.076119885,0.07913856,0.057556137,0.41316658,0.018563747
1361,0.29565284,0.12654375,0.027094297,0.019954538,0.26855853,0.106589206
1362,0.6620751,0.17417152,0.12653117,0.09503695,0.5355439,0.07913457
1363,0.36708632,0.038424633,0.08258173,0.056614745,0.2845046,-0.018190112
1364,0.45749247,0.11240561,0.09129208,0.06427772,0.3662004,0.04812789
1365,0.31880975,0.06307386,0.07012422,0.052794114,0.24868554,0.010279745
1366,0.17760669,-0.0050843735,0.022731125,0.015774772,0.15487556,-0.020859145
1367,0.349618,0.06616489,0.10334278,0.07187672,0.24627522,-0.005711831
1368,0.69291455,0.10083375,0.12687388,0.092886075,0.56604064,0.007947676
1369,0.38372642,0.070013925,0.066859126,0.049421504,0.3168673,0.020592421
1370,0.40430614,0.04606046,0.06795001,0.048710793,0.33635613,-0.0026503317
1371,0.53863055,0.031625792,0.06983152,0.0456921,0.46879902,-0.014066309
1372,0.52589875,0.040203832,0.060364593,0.04453257,0.46553415,-0.004328739
1373,0.5142211,0.02979594,0.054849047,0.03476246,0.459372,-0.0049665216
1374,0.29303667,0.095815174,0.06202075,0.04724091,0.23101592,0.048574265
1375,0.25433382,0.026661891,0.040904704,0.02841019,0.21342912,-0.0017482992
1376,0.3182137,0.0257318,0.041526403,0.028451718,0.2766873,-0.0027199183
1377,0.48555744,0.0645287,0.08779716,0.059903156,0.39776027,0.0046255477
1378,0.53730655,0.07154777,0.09643251,0.072213806,0.44087404,-0.0006660372
1379,0.38988748,0.07502344,0.10031258,0.06773516,0.2895749,0.0072882846
1380,0.3778329,0.04490977,0.08180681,0.052862864,0.29602608,-0.007953092
1381,0.34337315,0.08682401,0.06581175,0.048080392,0.2775614,0.038743615
1382,0.21019036,0.04446642,0.031536724,0.023897622,0.17865363,0.0205688
1383,0.22437944,0.0729511,0.05701457,0.049286075,0.16736487,0.023665026
1384,0.52928823,0.0674011,0.09173547,0.072045594,0.43755275,-0.004644491
1385,0.40337914,0.057809442,0.067392185,0.049808048,0.33598697,0.008001395
1386,0.38817754,0.028697798,0.059268896,0.035463456,0.32890865,-0.006765658
1387,0.24554391,0.0051782196,0.048502594,0.030686555,0.19704132,-0.025508337
1388,0.45649016,0.054026898,0.0711076,0.05249463,0.38538256,0.0015322678
1389,0.6523836,0.10793092,0.122003384,0.090720885,0.53038025,0.017210037
1390,0.20655593,0.016981304,0.015555476,0.011480986,0.19100046,0.0055003176
1391,0.3506647,0.05589779,0.07235856,0.050452936,0.27830613,0.0054448545
1392,0.52369004,0.041002918,0.06397293,0.04122151,0.45971712,-0.00021859258
1393,0.1855034,0.021843467,0.031520903,0.02333339,0.15398249,-0.0014899224
1394,0.16510054,0.11114634,0.03418585,0.020526001,0.13091469,0.09062034
1395,0.13184682,0.01990017,0.022430316,0.014901435,0.1094165,0.004998734
1396,0.49336836,0.06259512,0.08997751,0.061923504,0.40339085,0.0006716177
1397,0.5452012,0.06681755,0.06873019,0.050289765,0.476471,0.016527787
1398,0.3480463,0.0587482,0.0719163,0.05793262,0.27613002,0.00081558153
1399,0.47695497,0.056917626,0.075369485,0.052519225,0.4015855,0.004398402
1400,0.55334437,0.08034193,0.09822948,0.061458405,0.4551149,0.018883523
1401,0.33042774,-0.0017907175,0.042183913,0.028399164,0.28824383,-0.030189881
1402,0.47084296,0.047830485,0.06835532,0.046772957,0.40248764,0.001057528
1403,0.4179767,0.093822025,0.1048144,0.0769686,0.3131623,0.016853422
1404,0.38633874,0.08500745,0.07216249,0.0581766,0.31417626,0.026830852
1405,0.3898731,0.052973934,0.049310517,0.039862655,0.34056258,0.013111278
1406,0.2846297,0.009870507,0.033984747,0.022485888,0.25064495,-0.012615381
1407,0.6114173,0.08295205,0.098997094,0.08039918,0.5124202,0.0025528744
1408,0.30415967,0.12785304,0.08958064,0.0695585,0.21457903,0.058294535
1409,0.5958846,0.07945207,0.0971986,0.07026019,0.49868602,0.009191878
1410,0.63145626,0.073948264,0.09953781,0.07917251,0.53191847,-0.005224243
1411,0.30710098,0.053143993,0.04255644,0.027786663,0.26454455,0.02535733
1412,0.45819035,0.02775586,0.06282405,0.04453996,0.3953663,-0.016784098
1413,0.42898008,0.08355653,0.081255525,0.057131447,0.34772456,0.026425086
1414,0.44569194,0.03147878,0.05989742,0.04373973,0.38579452,-0.012260947
1415,0.34883413,0.0886849,0.05996156,0.035753913,0.28887257,0.05293099
1416,0.113941364,0.06309001,0.06900078,0.04511999,0.044940583,0.017970022
1417,0.524126,0.052863434,0.10820601,0.07347364,0.41592,-0.020610206
1418,0.51709306,0.11244693,0.092330955,0.057284217,0.4247621,0.05516271
1419,0.43350023,0.058351476,0.078177735,0.043990932,0.35532248,0.014360543
1420,0.41332477,0.070627354,0.11885678,0.08588291,0.294468,-0.0152555555
1421,0.55546796,0.0960594,0.16463278,0.10104353,0.39083517,-0.004984133
1422,0.40666303,0.0402758,0.05581505,0.03868298,0.350848,0.0015928224
1423,0.48423,0.060865816,0.0729281,0.04731555,0.4113019,0.013550267
1424,0.4402535,0.076086596,0.048415013,0.03842401,0.3918385,0.037662584
1425,0.5253456,0.0700564,0.06665924,0.05065412,0.45868638,0.01940228
1426,0.4212015,0.017738326,0.03693854,0.024908833,0.38426295,-0.0071705077
1427,0.38508806,0.0641655,0.090697266,0.06896988,0.2943908,-0.0048043802
1428,0.57173073,0.08774195,0.11855844,0.09315878,0.4531723,-0.005416833
1429,0.68044436,0.06267642,0.10358217,0.07903001,0.5768622,-0.016353585
1430,0.4080898,0.020446025,0.05343723,0.034570113,0.35465255,-0.014124088
1431,0.35074773,0.053363714,0.053771302,0.041272424,0.29697645,0.01209129
1432,0.6855497,0.052010953,0.09052921,0.05561202,0.5950205,-0.0036010668
1433,0.19928007,0.018236682,0.023537192,0.019377023,0.17574288,-0.0011403412
1434,0.530626,0.13938043,0.1831022,0.13236493,0.3475238,0.0070154965
1435,0.39103433,0.048294988,0.06716383,0.044646002,0.3238705,0.0036489852
1436,0.40615198,0.07099488,0.0840298,0.059870493,0.3221222,0.011124384
1437,0.5871639,0.063820526,0.06449514,0.047837783,0.5226688,0.015982743
1438,0.4436898,0.014391468,0.048849434,0.030443108,0.39484036,-0.016051639
1439,0.19651176,0.030250005,0.039785948,0.026979439,0.15672581,0.0032705665
1440,0.3785112,0.03277057,0.059769,0.042285323,0.3187422,-0.009514753
1441,0.33792514,0.051628783,0.066834524,0.050662518,0.27109063,0.0009662658
1442,0.25974947,0.075028785,0.029331615,0.018368408,0.23041786,0.056660376
1443,0.6083115,0.09127551,0.144325,0.100872554,0.46398646,-0.009597041
1444,0.32278565,0.04167546,0.047579344,0.029802583,0.2752063,0.011872876
1445,0.40741935,0.052491274,0.10225514,0.07057758,0.30516422,-0.018086303
1446,0.59018666,0.07249719,0.08364075,0.06167011,0.5065459,0.010827079
1447,0.45811957,0.05361993,0.08413734,0.06195801,0.37398222,-0.008338083
1448,0.4844846,0.04836439,0.07728159,0.05257883,0.40720302,-0.0042144395
1449,0.5082394,0.026478225,0.05986031,0.04081805,0.44837907,-0.014339825
1450,0.31262842,0.02108578,0.06298359,0.044761766,0.24964483,-0.023675986
1451,0.54293126,0.07556344,0.062625594,0.044782534,0.48030567,0.030780904
1452,0.46257272,0.036240734,0.044624094,0.027264958,0.41794863,0.008975776
1453,0.3276428,0.06845929,0.08391592,0.06498995,0.24372688,0.0034693405
1454,0.35193706,0.07180692,0.057457186,0.042620383,0.29447988,0.02918654
1455,0.42177808,0.05684063,0.1152893,0.08583075,0.30648878,-0.02899012
1456,0.5532239,0.13382252,0.19217995,0.14281128,0.36104396,-0.008988768
1457,0.23284687,0.012415279,0.029322047,0.023955856,0.20352483,-0.011540577
1458,0.59108615,0.049795914,0.082140096,0.055623345,0.50894606,-0.0058274306
1459,0.3003253,0.059138644,0.0700881,0.043908272,0.2302372,0.015230373
1460,0.4397336,0.039935496,0.055213843,0.042089276,0.38451976,-0.0021537803
1461,0.47062582,0.05932131,0.06195457,0.04205086,0.40867126,0.01727045
1462,0.34131542,0.037666813,0.05391117,0.040794395,0.28740424,-0.0031275824
1463,0.35167748,0.07412272,0.08441697,0.063252784,0.2672605,0.010869935
1464,0.2906184,0.0059209154,0.03707916,0.025078444,0.25353923,-0.019157529
1465,0.53958386,0.043872245,0.0746897,0.053981557,0.46489418,-0.010109313
1466,0.38753232,0.08536652,0.07453895,0.051942047,0.31299338,0.03342447
1467,0.22967897,0.01099535,0.0313849,0.022461627,0.19829407,-0.011466277
1468,0.49766332,0.021309568,0.044202935,0.0327977,0.4534604,-0.011488134
1469,0.2609786,0.06968731,0.080422185,0.059288047,0.18055642,0.01039926
1470,0.37738392,0.04183595,0.07161839,0.051026836,0.3057655,-0.009190887
1471,0.41653153,0.027098559,0.055978693,0.03071579,0.36055285,-0.0036172308
1472,0.28034112,0.058140896,0.0822967,0.06668666,0.19804442,-0.008545764
1473,0.44310227,0.033638615,0.051823888,0.03472775,0.3912784,-0.0010891333
1474,0.44187182,0.048034973,0.076561645,0.052310143,0.3653102,-0.004275169
1475,0.39600942,0.052384928,0.071833946,0.055628482,0.32417548,-0.0032435544
1476,0.25397056,0.033314437,0.04553474,0.030419113,0.20843582,0.0028953236
1477,0.25333562,0.01794815,0.0332408,0.025232853,0.22009483,-0.0072847027
1478,0.36293936,0.03315758,0.062468868,0.04102274,0.3004705,-0.007865161
1479,0.5871644,0.069419116,0.091705024,0.066948086,0.49545938,0.0024710298
1480,0.42425075,0.06496558,0.06813816,0.05604495,0.3561126,0.008920632
1481,0.4763893,0.09092945,0.09503915,0.06502667,0.38135013,0.025902778
1482,0.13662755,0.0019811774,0.017105678,0.013172823,0.11952188,-0.011191646
1483,0.4692363,0.060883794,0.09563358,0.06944865,0.37360275,-0.008564856
1484,0.31289947,0.027333828,0.04221223,0.029742436,0.27068725,-0.0024086088
1485,0.25953883,0.029987354,0.05492408,0.038887996,0.20461476,-0.008900642
1486,0.37578827,0.019669835,0.074081786,0.051435817,0.3017065,-0.031765983
1487,0.28092247,0.051514544,0.059582893,0.04402827,0.22133958,0.0074862726
1488,0.5559914,0.09265448,0.10491071,0.07090319,0.4510807,0.021751292
1489,0.33816642,0.09010694,0.07265056,0.053449307,0.26551586,0.036657635
1490,0.22352423,0.020035254,0.031163294,0.021649128,0.19236094,-0.001613874
1491,0.77146435,0.06417119,0.121404715,0.07476222,0.65005964,-0.01059103
1492,0.26531073,0.08697432,0.0824816,0.059117246,0.18282914,0.027857076
1493,0.30530256,0.0437058,0.07169206,0.048856188,0.23361051,-0.005150389
1494,0.49810585,0.10054256,0.116664894,0.08461888,0.38144097,0.015923679
1495,0.40401116,0.06864014,0.10308383,0.06857231,0.30092734,6.7830086e-05
1496,0.46360222,0.059079938,0.07162901,0.05372663,0.3919732,0.005353309
1497,0.22758746,-0.0111386385,0.041872654,0.033029273,0.18571481,-0.044167913
1498,0.52091616,0.086492226,0.04908112,0.038179778,0.47183505,0.048312448
1499,0.24139567,0.01794265,0.025717936,0.021589551,0.21567774,-0.0036469009
1500,0.6561667,0.051370803,0.076748125,0.05349583,0.57941854,-0.0021250285
1501,0.61112386,0.11519663,0.15069251,0.10149436,0.46043134,0.013702273
1502,0.4676853,0.034853056,0.07215826,0.050419174,0.39552706,-0.015566118
1503,0.37663507,0.03607706,0.07604945,0.05344602,0.30058563,-0.017368961
1504,0.28146285,0.030266792,0.032873537,0.024835482,0.2485893,0.0054313093
1505,0.4436491,0.09603222,0.08992589,0.07460661,0.35372323,0.021425605
1506,0.4627215,0.047275327,0.07662391,0.054419275,0.38609758,-0.007143948
1507,0.34987205,0.039504074,0.05761749,0.03643078,0.29225457,0.0030732937
1508,0.33434623,0.023472335,0.038951367,0.022488456,0.29539487,0.000983879
1509,0.69928265,0.07980361,0.13743123,0.09361046,0.5618514,-0.01380685
1510,0.15230162,0.020993758,0.030945973,0.022412991,0.12135565,-0.0014192332
1511,0.392625,0.06702525,0.09419244,0.06944337,0.29843256,-0.0024181157
1512,0.4536411,0.045798756,0.059254035,0.043529376,0.39438707,0.0022693798
1513,0.63497907,0.09154704,0.12202625,0.084389254,0.5129528,0.0071577877
1514,0.23900686,0.0027129217,0.04133107,0.024188465,0.1976758,-0.021475542
1515,0.34292254,0.06848124,0.06947753,0.05389249,0.273445,0.014588747
1516,0.46158662,0.03472146,0.032981973,0.021522667,0.42860466,0.013198793
1517,0.39838815,0.07069181,0.059347507,0.041142527,0.33904064,0.029549282
1518,0.34512457,0.026964495,0.06720555,0.04826231,0.27791902,-0.021297814
1519,0.44468212,0.09329474,0.09665617,0.07045327,0.34802595,0.022841468
1520,0.36651915,0.038344275,0.081845805,0.05008667,0.28467333,-0.011742394
1521,0.39575195,0.073968545,0.05890844,0.046683174,0.33684352,0.027285371
1522,0.70022655,0.103536025,0.111816734,0.07391295,0.5884098,0.029623076
1523,0.40893185,0.03258979,0.06071764,0.04249038,0.3482142,-0.009900592
1524,0.42095146,0.0397556,0.04854522,0.03206765,0.37240624,0.0076879524
1525,0.4205136,0.055428505,0.07801465,0.05899547,0.34249896,-0.0035669655
1526,0.60579264,0.074512616,0.12111128,0.08884066,0.48468137,-0.014328048
1527,0.43834662,0.06808754,0.0945267,0.06326272,0.34381992,0.004824817
1528,0.33820373,0.07035498,0.061337244,0.04594789,0.2768665,0.024407092
1529,0.5058878,0.041011266,0.084901296,0.06272509,0.4209865,-0.021713823
1530,0.34340978,0.0483365,0.060789146,0.039387483,0.28262064,0.008949015
1531,0.246894,0.017129427,0.030836187,0.023991877,0.2160578,-0.0068624504
1532,0.51117843,0.056800216,0.086501606,0.062871344,0.42467684,-0.006071128
1533,0.07623113,-0.01988216,0.015313137,0.008717558,0.060917992,-0.028599717
1534,0.647336,0.06634354,0.08154348,0.05462849,0.5657925,0.011715047
1535,0.30796137,0.059047557,0.09022865,0.059506126,0.21773273,-0.00045856833
1536,0.29256907,0.013220329,0.02682961,0.01916933,0.26573947,-0.0059490018
1537,0.2000935,0.08141147,0.05409194,0.03665562,0.14600155,0.044755854
1538,0.4024518,0.05962436,0.06895575,0.04665223,0.33349606,0.012972128
1539,0.15645508,-0.0127331,0.041476704,0.021144414,0.11497838,-0.033877514
1540,0.51525754,0.0746729,0.11463812,0.09243259,0.40061942,-0.017759688
1541,0.5275199,0.09739847,0.118870184,0.09536037,0.40864968,0.0020380989
1542,0.47514856,0.04916639,0.04927053,0.036527753,0.42587802,0.012638636
1543,0.30786467,0.04170425,0.06228046,0.049917556,0.2455842,-0.008213308
1544,0.31597924,0.03531379,0.049034696,0.037400555,0.26694456,-0.002086766
1545,0.3915241,0.06495149,0.08854406,0.0628926,0.30298004,0.002058886
1546,0.35955665,0.03440097,0.05829297,0.040831137,0.3012637,-0.0064301677
1547,0.4180216,0.05892134,0.07741608,0.049270615,0.3406055,0.009650726
1548,0.5045253,0.05639017,0.05035539,0.038094517,0.45416993,0.018295653
1549,0.7671098,0.13927871,0.15176468,0.10399623,0.6153451,0.035282478
1550,0.5166424,0.043709774,0.072810285,0.053207777,0.4438321,-0.009498004
1551,0.41314864,0.100131296,0.108858116,0.07951105,0.30429053,0.02062025
1552,0.44489002,0.038678676,0.06867231,0.046840474,0.37621772,-0.008161798
1553,0.39839128,0.016730418,0.0527799,0.039056387,0.34561136,-0.022325968
1554,0.729692,0.09563558,0.13589685,0.08907033,0.5937951,0.0065652505
1555,0.467265,0.043250177,0.0683847,0.04814668,0.3988803,-0.004896503
1556,0.5240422,0.062408876,0.10010031,0.06996113,0.42394188,-0.007552255
1557,0.39012694,0.019679258,0.021178491,0.01632315,0.36894846,0.0033561084
1558,0.32253307,0.019167976,0.04947197,0.029702857,0.2730611,-0.010534881
1559,0.5941698,0.03814079,0.07487639,0.054951463,0.5192934,-0.016810674
1560,0.5591736,0.05587051,0.10480937,0.07068905,0.4543642,-0.014818542
1561,0.37569275,0.07245884,0.05848352,0.03888705,0.31720924,0.03357179
1562,0.18050934,0.034269687,0.04892411,0.03698729,0.13158524,-0.002717603
1563,0.2643252,0.033967927,0.056009304,0.04210823,0.2083159,-0.008140303
1564,0.50890654,0.043684818,0.06381274,0.052857928,0.4450938,-0.00917311
1565,0.3928229,0.02817101,0.08437209,0.050397586,0.30845082,-0.022226576
1566,0.42896858,0.020559786,0.09856905,0.056233633,0.3303995,-0.03567385
1567,0.11820792,0.038556423,0.051020276,0.032375585,0.06718764,0.0061808378
1568,0.41841307,0.04170648,0.047310486,0.031067934,0.37110257,0.010638546
1569,0.38456297,0.052870203,0.07640458,0.05367994,0.3081584,-0.00080973655
1570,0.31854346,0.071791895,0.07327574,0.056124706,0.24526772,0.015667189
1571,0.5248843,0.077192456,0.11293926,0.082361564,0.41194502,-0.0051691085
1572,0.35084528,0.10781911,0.106300086,0.08220212,0.24454519,0.025616989
1573,0.38606307,0.06731796,0.08085695,0.055588614,0.30520612,0.011729348
1574,0.30091247,0.06002362,0.064832725,0.040312577,0.23607975,0.019711044
1575,0.47217467,0.039207377,0.058807243,0.03495007,0.41336742,0.0042573065
1576,0.40120006,0.035759643,0.060022086,0.04130964,0.34117797,-0.005549997
1577,0.3091419,0.021012178,0.03062206,0.019405609,0.27851984,0.0016065687
1578,0.54821724,0.1088467,0.11678195,0.08253302,0.4314353,0.026313685
1579,0.5511772,0.051432967,0.09432155,0.060945507,0.45685565,-0.00951254
1580,0.40683588,0.119064964,0.16446175,0.121405505,0.24237414,-0.0023405403
1581,0.28167954,0.042665023,0.052748255,0.0398435,0.22893128,0.0028215237
1582,0.4765262,0.057405572,0.087210424,0.06553012,0.38931578,-0.008124549
1583,0.32456934,0.034723345,0.058447123,0.042434964,0.26612222,-0.007711619
1584,0.28641936,0.057287514,0.06608398,0.048220977,0.22033538,0.009066537
1585,0.4847484,0.06455225,0.0806457,0.059362218,0.40410268,0.0051900297
1586,0.5678674,0.08375827,0.082071505,0.06238215,0.4857959,0.021376122
1587,0.012221041,0.14706782,0.027135039,0.02300981,-0.014913998,0.12405801
1588,0.33835897,-0.0023296126,0.024093239,0.011609324,0.31426573,-0.013938937
1589,0.46079597,0.058140058,0.07767135,0.05339446,0.38312462,0.004745599
1590,0.34973127,0.0640364,0.075768255,0.051270258,0.273963,0.012766141
1591,0.37729955,0.047301274,0.054263376,0.03668158,0.32303616,0.0106196925
1592,0.4149829,0.047226597,0.089312285,0.056213308,0.3256706,-0.0089867115
1593,0.4267364,0.087609954,0.098626435,0.072963364,0.32810998,0.01464659
1594,0.4869342,0.0036855421,0.024922423,0.016110279,0.46201178,-0.012424736
1595,0.35034293,0.09798913,0.056887597,0.04463522,0.29345533,0.053353906
1596,0.6081586,0.07430198,0.09410616,0.07174234,0.51405245,0.0025596395
1597,0.34397498,0.018420063,0.038687494,0.026992586,0.30528748,-0.008572523
1598,0.17743503,0.035191275,0.029205145,0.019280864,0.14822988,0.015910411
1599,0.5938635,0.052392077,0.06131869,0.03957253,0.5325448,0.012819547
1600,0.31751734,0.037990406,0.039196983,0.028267322,0.27832037,0.009723084
1601,0.40825954,0.028100727,0.050190642,0.03693385,0.35806888,-0.008833123
1602,0.57076097,0.06687737,0.116939075,0.07716231,0.4538219,-0.010284938
1603,0.5227339,0.054471426,0.09715564,0.067127205,0.4255783,-0.01265578
1604,0.57164824,0.05403044,0.09322875,0.065232135,0.47841948,-0.011201695
1605,0.41285792,0.043942235,0.063128136,0.03837313,0.34972978,0.005569104
1606,0.27628556,0.04290954,0.082821734,0.04671947,0.19346383,-0.003809929
1607,0.35604516,0.036706585,0.061433185,0.045381006,0.29461196,-0.00867442
1608,0.39478406,0.08235588,0.12554274,0.08434589,0.26924133,-0.0019900128
1609,0.40843505,0.047493726,0.070236236,0.047625706,0.3381988,-0.00013197958
1610,0.33126226,0.032483414,0.06998425,0.0500889,0.261278,-0.017605487
1611,0.39940602,0.031795707,0.061518278,0.04417866,0.33788773,-0.012382954
1612,0.52625096,0.039645117,0.07022339,0.05051126,0.45602757,-0.010866143
1613,0.45264634,0.07247218,0.08621719,0.06597642,0.36642915,0.006495759
1614,0.5087349,0.05900689,0.07981019,0.060529757,0.42892468,-0.0015228689
1615,0.46190152,0.06341177,0.09948849,0.07204181,0.36241302,-0.008630037
1616,0.62865853,0.10770325,0.12393586,0.08785109,0.50472265,0.019852161
1617,0.5072943,0.03262426,0.06511498,0.04802302,0.44217932,-0.015398759
1618,0.6767456,0.07482891,0.1096799,0.07384264,0.5670657,0.0009862706
1619,0.6057147,0.0522047,0.06867968,0.04837657,0.537035,0.003828127
1620,0.3876871,0.115133286,0.09612418,0.074006304,0.2915629,0.04112698
1621,0.20099472,-0.00019420793,0.04914411,0.030043755,0.15185061,-0.030237963
1622,0.5499397,0.055984482,0.08140315,0.058178574,0.46853656,-0.0021940917
1623,0.4216977,0.04283891,0.063693315,0.045463916,0.3580044,-0.0026250072
1624,0.45959726,0.044220325,0.06663432,0.05406989,0.39296293,-0.009849567
1625,0.5994393,0.01364851,0.09576417,0.058920193,0.50367516,-0.045271683
1626,0.5676507,0.1152899,0.15967387,0.1116117,0.4079768,0.0036781952
1627,0.34955364,0.05971451,0.06471298,0.048695903,0.28484067,0.011018608
1628,0.34998995,0.03386573,0.040763546,0.02287606,0.3092264,0.010989672
1629,0.3388693,0.07661479,0.08036777,0.055582494,0.25850153,0.021032296
1630,0.46701014,0.06372901,0.0586911,0.04092252,0.40831906,0.022806492
1631,0.52115554,0.06607691,0.09357122,0.06982413,0.42758432,-0.0037472174
1632,0.54315394,0.034368273,0.12757273,0.06685141,0.41558123,-0.032483134
1633,0.7804842,0.13428594,0.20920023,0.14401187,0.57128394,-0.009725928
1634,0.219722,0.08427338,0.0934661,0.06460875,0.1262559,0.01966463
1635,0.5627663,0.030760584,0.0325426,0.023265725,0.5302237,0.0074948594
1636,0.3479942,0.02537656,0.052632608,0.034160934,0.2953616,-0.008784374
1637,0.40027264,0.03915467,0.05598404,0.04025309,0.3442886,-0.0010984205
1638,0.41549927,0.07391197,0.07998998,0.058456384,0.3355093,0.015455589
1639,0.5643107,0.102725394,0.10529488,0.08241752,0.45901585,0.020307876
1640,0.25633308,0.025856867,0.054612096,0.037912775,0.20172098,-0.012055907
1641,0.6172468,0.03868559,0.0783962,0.044333283,0.5388506,-0.005647693
1642,0.25777048,-0.019728152,0.058849372,0.03050442,0.19892111,-0.050232574
1643,0.24982584,0.025135309,0.041803107,0.029881358,0.20802273,-0.0047460496
1644,0.35371935,0.05355323,0.053645153,0.03687061,0.3000742,0.016682621
1645,0.4251221,0.07968236,0.08189463,0.06492288,0.34322748,0.014759481
1646,0.43234336,0.049168408,0.06009671,0.04128529,0.37224665,0.007883117
1647,0.6254396,0.044110797,0.08894995,0.06248381,0.5364896,-0.018373013
1648,0.31576848,0.034403563,0.07421097,0.05399946,0.24155751,-0.019595899
1649,0.40214097,0.049840465,0.06311564,0.0479996,0.33902532,0.0018408634
1650,0.37641847,0.05133666,0.07444072,0.05218036,0.30197775,-0.0008437
1651,0.5668919,0.052705966,0.05219334,0.03548426,0.51469857,0.017221704
1652,0.4669386,0.0073259785,0.054479826,0.037038818,0.41245878,-0.029712839
1653,0.29820514,0.12048588,0.107382685,0.07263942,0.19082245,0.04784646
1654,0.36716494,0.018068967,0.06636026,0.050931543,0.30080467,-0.032862574
1655,0.4132686,0.06311428,0.07550864,0.054828335,0.33775997,0.008285943
1656,0.15248412,0.03199308,0.03145285,0.022647541,0.12103127,0.009345539
1657,0.44010496,0.014904341,0.02931228,0.018183399,0.41079268,-0.0032790583
1658,0.5588916,0.040450476,0.08686204,0.056699447,0.47202957,-0.016248971
1659,0.44040123,0.13665731,0.109699495,0.08053623,0.33070174,0.05612108
1660,0.5028613,0.051878344,0.10502842,0.06111572,0.3978329,-0.009237375
1661,0.09106819,0.030385178,0.025391445,0.019466545,0.06567675,0.010918632
1662,0.30342713,0.0056607956,0.010469772,0.00801411,0.29295737,-0.0023533143
1663,0.31858584,0.04562047,0.05164348,0.03885932,0.26694235,0.0067611523
1664,0.47756812,0.105541185,0.116208896,0.094114654,0.36135924,0.011426531
1665,0.32761052,0.028845917,0.037965305,0.024527226,0.28964522,0.004318692
1666,0.2984182,0.029734014,0.0395959,0.025973542,0.2588223,0.003760472
1667,0.5046596,0.023788113,0.042577434,0.026715081,0.46208215,-0.002926968
1668,0.3552384,0.07308339,0.066533335,0.04987913,0.28870508,0.023204263
1669,0.50267667,0.03614486,0.07595094,0.051566806,0.42672572,-0.015421946
1670,0.58856255,0.10609676,0.10048082,0.067978084,0.48808172,0.038118675
1671,0.64185154,0.07513292,0.0931206,0.07105787,0.54873097,0.0040750504
1672,0.61877286,0.030004583,0.067949116,0.042835373,0.55082375,-0.01283079
1673,0.6425942,0.051516566,0.0863668,0.060569268,0.55622745,-0.009052701
1674,0.33544135,-0.0065962705,0.010959495,0.0081508495,0.32448184,-0.01474712
1675,0.40425467,0.02493366,0.050673217,0.030014092,0.35358146,-0.0050804317
1676,0.48057514,0.08231555,0.1364815,0.09192519,0.34409365,-0.00960964
1677,0.46255,0.012373964,0.05249001,0.03656754,0.41006,-0.024193574
1678,0.529223,0.04330442,0.10854168,0.059213586,0.42068136,-0.015909165
1679,0.56552476,0.10792996,0.14106867,0.09643983,0.4244561,0.011490129
1680,0.20763624,0.00985946,0.024377685,0.014277038,0.18325855,-0.0044175778
1681,0.38814184,0.014763685,0.052798152,0.04129534,0.3353437,-0.026531653
1682,0.45333546,0.03285526,0.050686922,0.03283978,0.40264854,1.5482306e-05
1683,0.47039372,0.060602013,0.098166905,0.0727455,0.3722268,-0.012143489
1684,0.2147377,0.047069337,0.061964825,0.047267523,0.15277287,-0.00019818544
1685,0.5840758,0.0056348564,0.03384297,0.020142855,0.5502328,-0.014507999
1686,0.4000238,0.05704625,0.08735622,0.060758132,0.31266758,-0.003711883
1687,0.37133613,0.04332046,0.07271391,0.05186992,0.29862222,-0.008549463
1688,0.36579803,0.041556433,0.029676912,0.01802785,0.3361211,0.023528583
1689,0.49472204,0.07564349,0.09767933,0.072773695,0.3970427,0.0028697923
1690,0.35925552,0.03608201,0.06455034,0.045703065,0.29470518,-0.009621054
1691,0.46632347,0.0462267,0.064215474,0.048804,0.40210798,-0.002577301
1692,0.3652327,0.049203835,0.08497363,0.05471406,0.28025907,-0.005510226
1693,0.41863936,0.0144800395,0.02679262,0.020941487,0.39184675,-0.006461447
1694,0.20854236,0.08840291,0.06492438,0.03895293,0.14361799,0.04944998
1695,0.36239937,0.057119012,0.045126665,0.034561027,0.3172727,0.022557985
1696,0.35163167,0.039173316,0.033259958,0.021891192,0.3183717,0.017282125
1697,0.6072514,0.08129727,0.119681634,0.08288468,0.48756978,-0.0015874058
1698,0.40520224,0.10193556,0.12100758,0.07684205,0.28419465,0.02509351
1699,0.53773534,0.08910626,0.14265476,0.10286831,0.39508057,-0.013762049
1700,0.6579903,0.07755598,0.13464439,0.08929872,0.5233459,-0.011742741
1701,0.48394725,0.10405976,0.11609274,0.08377292,0.3678545,0.020286843
1702,0.35581532,0.046620224,0.058718633,0.04207333,0.2970967,0.004546892
1703,0.28260478,0.056387194,0.054445263,0.0403066,0.22815952,0.016080592
1704,0.51342106,0.052444108,0.092169374,0.064382255,0.42125168,-0.011938147
1705,0.3804708,0.047688562,0.08035058,0.06337167,0.30012023,-0.01568311
1706,0.3120156,0.043754335,0.06833601,0.043421913,0.24367958,0.00033242255
1707,0.3034158,0.0853789,0.050776076,0.039920107,0.25263974,0.045458794
1708,0.5547861,0.05575346,0.0667382,0.050483532,0.4880479,0.005269926
1709,0.5835843,0.046167314,0.065240055,0.049392547,0.5183443,-0.0032252334
1710,0.40675172,0.15344062,0.14594607,0.103249766,0.26080567,0.05019086
1711,0.3472705,0.06187463,0.06770465,0.04739981,0.27956584,0.01447482
1712,0.127492,0.040657848,0.053851984,0.033001248,0.07364001,0.0076566003
1713,0.30106473,0.040572487,0.07356586,0.052665494,0.22749886,-0.012093008
1714,0.3047055,0.08606022,0.10759234,0.0811689,0.19711316,0.004891321
1715,0.42907313,0.015626688,0.047607165,0.03637826,0.38146597,-0.020751573
1716,0.12591544,0.03010811,0.0341615,0.02246588,0.09175394,0.00764223
1717,0.35280055,0.056849904,0.02755843,0.017917316,0.32524213,0.038932588
1718,0.17228493,0.036926426,0.059103537,0.04500611,0.1131814,-0.008079685
1719,0.582335,0.090844154,0.11950625,0.08824179,0.46282876,0.0026023611
1720,0.45980397,0.05911635,0.0696478,0.044447504,0.39015618,0.014668845
1721,0.61104405,0.031846695,0.03785482,0.02758578,0.57318926,0.0042609144
1722,0.43887013,0.03125071,0.08300959,0.047137823,0.35586053,-0.015887111
1723,0.39186156,0.12457152,0.061239105,0.035694756,0.33062246,0.08887676
1724,0.3692799,0.1189478,0.08527358,0.04872879,0.2840063,0.07021901
1725,0.41871345,0.051492225,0.08327037,0.057478398,0.33544308,-0.0059861727
1726,0.53511053,0.050852552,0.07975603,0.060123377,0.4553545,-0.0092708245
1727,0.17314272,0.08432636,0.060558606,0.04281151,0.112584114,0.041514847
1728,0.1431977,0.0699094,0.05191502,0.031382404,0.09128268,0.038526997
1729,0.19735949,0.05738174,0.07001676,0.053197604,0.12734273,0.004184138
1730,0.22698577,0.057574365,0.05611857,0.037008952,0.1708672,0.020565413
1731,0.29230285,0.051227372,0.0556872,0.04037558,0.23661564,0.010851793
1732,0.5709391,0.07422315,0.11993694,0.084990166,0.45100218,-0.010767013
1733,0.270471,0.04229112,0.06272076,0.035926543,0.20775025,0.0063645765
1734,0.31913918,0.045783687,0.051684123,0.041411046,0.26745507,0.0043726414
1735,0.27964947,-0.001404886,0.063439906,0.03870139,0.21620956,-0.040106274
1736,0.45198348,0.041538354,0.070114255,0.05063546,0.38186923,-0.009097107
1737,0.31775367,0.063644946,0.066841796,0.04922109,0.2509119,0.014423855
1738,0.6936965,0.018059572,0.023126425,0.014917845,0.6705701,0.0031417273
1739,0.25825047,0.03166546,0.0639405,0.033890277,0.19430998,-0.0022248179
1740,0.44251466,0.049967885,0.06107536,0.04409002,0.3814393,0.0058778636
1741,0.41809583,0.009057443,0.016720092,0.012467192,0.40137574,-0.003409749
1742,0.38889372,0.06547611,0.07850903,0.05171102,0.3103847,0.013765093
1743,0.4679402,0.064931616,0.07410922,0.05249235,0.39383098,0.012439266
1744,0.42926162,0.04967395,0.10744487,0.06990195,0.32181674,-0.020228002
1745,0.41984895,0.09467097,0.092789285,0.06621588,0.32705966,0.028455094
1746,0.34576485,0.018500343,0.04235194,0.028275078,0.3034129,-0.009774735
1747,0.3522038,0.033283107,0.047774743,0.03158308,0.30442905,0.0017000288
1748,0.5214728,0.072992176,0.100936405,0.07758676,0.4205364,-0.004594587
1749,0.5361647,0.058859114,0.08522859,0.065099835,0.4509361,-0.006240722
1750,0.5984168,0.06467927,0.090442315,0.073564015,0.5079745,-0.008884743
1751,0.3145598,0.035254322,0.06667878,0.046901718,0.24788101,-0.011647396
1752,0.4370455,0.0896845,0.089933485,0.0618451,0.34711203,0.0278394
1753,0.39704543,0.05918456,0.07413158,0.050179906,0.32291386,0.0090046525
1754,0.40756276,0.0488392,0.084617525,0.060666557,0.32294524,-0.011827357
1755,0.5661587,0.08264363,0.11092083,0.07849367,0.45523787,0.0041499585
1756,0.63052404,0.06985248,0.091342814,0.06279407,0.53918123,0.007058412
1757,0.56886494,0.0662823,0.11060339,0.08223672,0.45826155,-0.01595442
1758,0.6572899,0.054102242,0.09572108,0.06652891,0.56156886,-0.012426667
1759,0.31359342,0.03306137,0.05655632,0.04135723,0.2570371,-0.00829586
1760,0.2882324,0.032327015,0.07067157,0.054194946,0.21756081,-0.02186793
1761,0.63772273,0.06260752,0.096945934,0.06464253,0.5407768,-0.0020350143
1762,0.5615223,0.043195814,0.074182,0.050965052,0.4873403,-0.007769238
1763,0.38887343,0.01493814,0.051673554,0.03466293,0.33719987,-0.019724788
1764,0.6230912,0.07190146,0.10592911,0.077145375,0.5171621,-0.0052439123
1765,0.24392071,0.034936283,0.052371453,0.037707727,0.19154926,-0.0027714446
1766,0.30397865,0.03092438,0.047009338,0.034276854,0.2569693,-0.0033524744
1767,0.4582284,0.06858075,0.06976199,0.051005527,0.38846642,0.01757522
1768,0.14295956,0.024485555,0.027008556,0.015773006,0.11595101,0.008712549
1769,0.39263108,0.026970347,0.05674023,0.039629526,0.33589086,-0.012659179
1770,0.18455206,0.05336237,0.04906499,0.029130675,0.13548706,0.024231695
1771,0.20821719,0.08382052,0.045779206,0.034329105,0.16243798,0.049491417
1772,0.33404198,0.0443418,0.050661426,0.034683872,0.28338057,0.009657927
1773,0.3896336,0.06578261,0.08107434,0.056043524,0.30855924,0.009739082
1774,0.55012727,0.056018144,0.103215255,0.070040375,0.44691202,-0.014022231
1775,0.42757353,0.023659993,0.052063063,0.04016837,0.37551045,-0.016508378
1776,0.41368595,0.04700498,0.06730599,0.05332548,0.34637997,-0.0063205026
1777,0.22709079,0.026995061,0.04230005,0.032023367,0.18479075,-0.0050283056
1778,0.50258356,0.024179783,0.060298305,0.0440668,0.44228527,-0.019887019
1779,0.59970564,0.07809705,0.06921153,0.05244904,0.5304941,0.025648013
1780,0.54057,0.13343297,0.15624985,0.122806825,0.38432017,0.010626145
1781,0.7559972,0.083956495,0.10369981,0.07193087,0.6522974,0.0120256245
1782,0.46014073,0.15158397,0.069155425,0.04388587,0.3909853,0.1076981
1783,0.57532334,0.041664973,0.074504554,0.053724237,0.5008188,-0.012059264
1784,0.21116826,0.029109985,0.03405439,0.022796191,0.17711386,0.0063137934
1785,0.59608036,0.017153412,0.0640008,0.040151898,0.5320796,-0.022998486
1786,0.38041705,0.071498595,0.10086312,0.07540424,0.27955392,-0.0039056465
1787,0.5123652,0.13552281,0.07165051,0.046440944,0.44071472,0.08908187
1788,0.41072124,0.047498323,0.067000926,0.04862936,0.34372032,-0.0011310354
1789,0.41842127,0.057942804,0.10061556,0.068905585,0.3178057,-0.010962781
1790,0.38548413,0.055277597,0.06746947,0.053121753,0.31801465,0.0021558441
1791,0.46992332,0.027280472,0.041748863,0.032990847,0.42817447,-0.0057103746
1792,0.122585915,0.011802677,0.013138081,0.008259619,0.10944784,0.0035430584
1793,0.54369944,0.105849944,0.0637156,0.04619745,0.47998384,0.059652492
1794,0.55085856,0.039335605,0.08249645,0.056020018,0.4683621,-0.016684413
1795,0.18907115,0.03354679,0.05189614,0.036745485,0.13717501,-0.0031986944
1796,0.34176043,0.057545017,0.07670557,0.06179786,0.26505485,-0.0042528436
1797,0.5460633,0.1273464,0.14423546,0.09461329,0.40182784,0.032733105
1798,0.2456266,0.045678772,0.04638906,0.037864804,0.19923754,0.007813968
1799,0.14882138,0.11946261,0.04306093,0.029035041,0.105760455,0.09042757
1800,0.48537248,0.03155373,0.07132867,0.042710118,0.4140438,-0.011156388
1801,0.48897076,0.15559058,0.13663988,0.10344835,0.35233086,0.052142225
1802,0.30620006,0.038024638,0.05052226,0.038756844,0.2556778,-0.0007322058
1803,0.38373607,0.05566162,0.065719835,0.049525328,0.31801623,0.0061362907
1804,0.33245614,0.034687586,0.04966675,0.027300792,0.28278938,0.0073867943
1805,0.4104071,0.034062047,0.086067446,0.052942857,0.32433966,-0.01888081
1806,0.45847073,0.06355225,0.098794624,0.070889324,0.35967612,-0.007337071
1807,0.47133633,0.029566191,0.08353788,0.05761797,0.38779846,-0.028051779
1808,0.4150289,0.043970346,0.07502957,0.05325645,0.33999932,-0.009286102
1809,0.6615342,0.16286382,0.1627433,0.1225475,0.4987909,0.04031632
1810,0.21569717,-0.0030945349,0.040448774,0.027152084,0.1752484,-0.03024662
1811,0.18432927,0.017195525,0.027855156,0.021082735,0.15647411,-0.00388721
1812,0.6110655,0.07111101,0.11040254,0.07429829,0.500663,-0.0031872839
1813,0.5148269,0.0799416,0.07570385,0.05634844,0.43912303,0.023593161
1814,0.5170836,0.054726258,0.06349152,0.049986795,0.45359206,0.0047394633
1815,0.4892363,0.044619516,0.0791373,0.052191272,0.410099,-0.007571757
1816,0.0794466,-0.02610039,0.023978755,0.014114571,0.055467844,-0.04021496
1817,0.3833861,0.019208655,0.026677381,0.017960189,0.35670874,0.0012484659
1818,0.34521195,0.040207922,0.043112323,0.027113693,0.30209965,0.01309423
1819,0.65446794,0.0895553,0.13666251,0.08847274,0.51780546,0.0010825619
1820,0.31831276,0.043964155,0.081164986,0.050575703,0.23714778,-0.0066115484
1821,0.38045508,0.030917339,0.056397103,0.04174111,0.32405797,-0.010823771
1822,0.31506303,0.0335469,0.07830411,0.04552659,0.23675892,-0.011979692
1823,0.43413547,0.06896053,0.042842776,0.030591274,0.3912927,0.03836926
1824,0.55111486,0.09264863,0.1034462,0.08095718,0.44766867,0.011691451
1825,0.39801475,0.033912495,0.054851886,0.03805968,0.34316286,-0.004147187
1826,0.48386988,0.021694621,0.071183056,0.042313796,0.41268682,-0.020619174
1827,0.57564956,0.046781067,0.08333557,0.048310675,0.49231398,-0.0015296079
1828,0.5155755,0.09126085,0.11619412,0.08093236,0.3993814,0.010328494
1829,0.52826303,0.04836102,0.07487264,0.054810066,0.4533904,-0.0064490475
1830,0.75820535,0.0434574,0.08336378,0.058884982,0.6748416,-0.015427582
1831,0.2240197,0.04233556,0.06949051,0.046220407,0.1545292,-0.0038848482
1832,0.523089,0.06760652,0.1039064,0.064568035,0.4191826,0.0030384883
1833,0.3919698,0.066662535,0.06369414,0.041573547,0.32827565,0.025088988
1834,0.29108623,0.02709137,0.05113789,0.032596216,0.23994833,-0.0055048447
1835,0.73527294,0.074845515,0.13096096,0.09854964,0.604312,-0.023704126
1836,0.56254816,0.033340316,0.041212894,0.0319736,0.52133524,0.0013667159
1837,0.36645776,0.038161557,0.09293331,0.06263941,0.27352446,-0.02447785
1838,0.46363035,0.04790016,0.082825094,0.05259284,0.38080525,-0.004692681
1839,0.3324163,0.054645084,0.058057103,0.039582845,0.2743592,0.015062239
1840,0.47925216,0.032054063,0.047695804,0.03700408,0.43155634,-0.0049500167
1841,0.71199876,0.024895817,0.03828899,0.027829213,0.67370975,-0.002933396
1842,0.64723814,0.02722119,0.06510025,0.045352217,0.5821379,-0.018131027
1843,0.32044637,0.042081807,0.053057723,0.036012925,0.26738864,0.0060688816
1844,0.55285454,0.02345408,0.052433528,0.035440333,0.500421,-0.011986254
1845,0.23665905,-0.003795969,0.030230975,0.02122072,0.20642808,-0.025016688
1846,0.39670053,0.08017103,0.10317704,0.0741448,0.2935235,0.0060262233
1847,0.346858,0.019489774,0.0562394,0.040465474,0.2906186,-0.0209757
1848,0.5059484,0.061605595,0.093876764,0.06940968,0.41207165,-0.0078040883
1849,0.28704238,0.016214712,0.060435697,0.04156548,0.22660668,-0.02535077
1850,0.47783896,0.066721395,0.12135053,0.08603263,0.35648844,-0.019311234
1851,0.3009668,0.020048829,0.062737115,0.043202806,0.23822969,-0.023153977
1852,0.5816694,0.03589725,0.14303312,0.07818975,0.43863627,-0.0422925
1853,0.35742936,0.0017775849,0.09595425,0.05396317,0.26147512,-0.052185584
1854,0.5451578,0.018822456,0.034174006,0.023592053,0.51098377,-0.004769597
1855,0.3524533,-0.00017303105,0.017729623,0.01039017,0.33472368,-0.010563201
1856,0.3488893,0.06596909,0.080644496,0.06206272,0.2682448,0.0039063655
1857,0.43024397,0.09562201,0.13751198,0.09383838,0.292732,0.0017836317
1858,0.2994393,0.02575848,0.044525787,0.030560534,0.2549135,-0.004802054
1859,0.46489313,0.067779556,0.07240828,0.05218112,0.39248484,0.015598435
1860,0.51307553,0.051122796,0.07676689,0.041451942,0.43630862,0.009670854
1861,0.50524914,0.10628068,0.13418135,0.09803245,0.3710678,0.008248225
1862,0.5574634,0.06569386,0.08396981,0.06160951,0.4734936,0.0040843524
1863,0.51032805,0.05682352,0.060573395,0.046277314,0.44975466,0.010546207
1864,0.39748028,0.05802318,0.06618071,0.049190186,0.33129957,0.008832995
1865,0.4409529,0.0057532475,0.017837875,0.011517171,0.42311502,-0.0057639233
1866,0.22383635,0.0031416577,0.03543798,0.023382908,0.18839836,-0.02024125
1867,0.26045367,0.055565033,0.059959218,0.04225251,0.20049445,0.013312522
1868,0.35718286,0.029173654,0.060679704,0.046654854,0.29650316,-0.0174812
1869,0.40567505,0.07384566,0.07548285,0.062109485,0.3301922,0.011736177
1870,0.61681634,0.040330913,0.08605695,0.05905877,0.5307594,-0.018727858
1871,0.4000222,0.038312227,0.059611693,0.046067577,0.34041053,-0.0077553503
1872,0.47308648,0.0667549,0.075728446,0.057286285,0.39735803,0.009468615
1873,0.48590177,0.042698454,0.068456225,0.045238897,0.41744554,-0.002540443
1874,0.52047646,0.059584882,0.079769544,0.057338838,0.4407069,0.0022460446
1875,0.47391427,0.066703536,0.093281224,0.06317843,0.38063306,0.003525108
1876,0.5973612,0.059664823,0.092447795,0.06565684,0.5049134,-0.0059920177
1877,0.39243466,0.07791903,0.07825328,0.061559416,0.3141814,0.016359612
1878,0.5084006,0.1202652,0.12976983,0.09991262,0.3786308,0.02035258
1879,0.43309155,0.061925467,0.06440234,0.041697916,0.3686892,0.020227551
1880,0.4557797,0.059404917,0.10155756,0.0690993,0.35422215,-0.009694383
1881,0.10174652,0.011105972,0.039561454,0.024602141,0.062185068,-0.013496169
1882,0.4859134,0.053137913,0.06252732,0.03990177,0.42338607,0.013236143
1883,0.53985184,0.07682114,0.09401822,0.06701089,0.44583362,0.009810254
1884,0.07385938,0.011037361,0.020222457,0.014174449,0.053636923,-0.0031370884
1885,0.13183255,0.045593213,0.05574157,0.04383673,0.076090984,0.0017564818
1886,0.48787904,0.09171021,0.1136541,0.078194566,0.37422493,0.013515644
1887,0.37328586,0.07309811,0.07659329,0.059935167,0.29669258,0.013162941
1888,0.49556202,0.0473062,0.071642,0.047130365,0.42392004,0.0001758337
1889,0.40230957,0.05250056,0.06257954,0.04084884,0.33973002,0.011651721
1890,0.25990316,0.008924821,0.02858918,0.01628369,0.23131399,-0.0073588695
1891,0.63573956,0.055750683,0.08894406,0.06583252,0.5467955,-0.010081835
1892,0.24675906,0.028102532,0.044755574,0.029759059,0.20200348,-0.0016565267
1893,0.7276488,0.06023206,0.092127055,0.055806633,0.63552177,0.004425425
1894,0.14605002,0.0027726192,0.036237825,0.023172913,0.1098122,-0.020400293
1895,0.45497486,0.048202466,0.092479855,0.053386156,0.362495,-0.0051836893
1896,0.32967812,0.04345462,0.0818536,0.051047634,0.24782452,-0.0075930133
1897,0.3748538,0.049089987,0.08561581,0.060347263,0.28923798,-0.011257276
1898,0.61198586,0.06185523,0.1165698,0.07447173,0.49541605,-0.0126164965
1899,0.17691706,0.022206621,0.03016728,0.023387983,0.14674978,-0.0011813622
1900,0.5020701,0.060464587,0.0516396,0.036103144,0.4504305,0.024361443
1901,0.35064113,0.02420747,0.04176685,0.028732039,0.30887428,-0.00452457
1902,0.5452666,0.06592072,0.088220336,0.0634692,0.4570463,0.0024515167
1903,0.39763564,0.034406003,0.053321157,0.035425518,0.3443145,-0.0010195151
1904,0.5118439,0.0745846,0.10208283,0.0762534,0.40976107,-0.001668796
1905,0.4555208,0.048602194,0.07433816,0.04192889,0.38118264,0.0066733025
1906,0.75873524,0.08647351,0.11152104,0.08682943,0.6472142,-0.0003559217
1907,0.36596084,0.088202976,0.07952272,0.05847553,0.2864381,0.029727444
1908,0.54807067,0.06318411,0.09390375,0.06529895,0.45416692,-0.0021148399
1909,0.37740338,0.058751997,0.111432076,0.073412426,0.2659713,-0.014660429
1910,0.36657777,0.0599451,0.058474433,0.042090073,0.30810335,0.017855026
1911,0.3058799,0.047223292,0.07378109,0.05162169,0.2320988,-0.004398398
1912,0.4776077,0.054506686,0.07009939,0.04343643,0.4075083,0.011070255
1913,0.44865176,0.06373676,0.101780154,0.06949552,0.3468716,-0.0057587624
1914,0.5113187,0.08432984,0.07729359,0.05677911,0.4340251,0.027550735
1915,0.39080578,0.046102453,0.06512226,0.04898989,0.32568353,-0.0028874353
1916,0.27349034,0.024948081,0.04823859,0.031175504,0.22525175,-0.0062274225
1917,0.54649174,0.084088616,0.122409314,0.08569478,0.42408243,-0.0016061664
1918,0.20607196,0.008145484,0.027067576,0.019865097,0.17900439,-0.011719613
1919,0.30006385,0.07224031,0.059976727,0.044366837,0.24008712,0.027873471
1920,0.39883363,0.046772927,0.0860991,0.05318478,0.31273454,-0.006411854
1921,0.48762748,0.06720162,0.1134508,0.078941815,0.37417668,-0.011740193
1922,0.37321636,0.032929294,0.056659535,0.03492645,0.3165568,-0.001997158
1923,0.10599835,0.0057248077,0.011360586,0.009015601,0.09463777,-0.0032907934
1924,0.61602026,0.07164978,0.13321503,0.085533746,0.48280525,-0.013883963
1925,0.23991619,0.028330564,0.052148957,0.036076326,0.18776724,-0.0077457614
1926,0.29727292,0.03696879,0.0514295,0.03835206,0.24584343,-0.0013832711
1927,0.2580764,0.039301977,0.049111795,0.03968885,0.2089646,-0.00038687512
1928,0.6644918,0.050924584,0.097388,0.06928039,0.56710374,-0.01835581
1929,0.43331298,0.073518015,0.07274849,0.053227387,0.3605645,0.020290628
1930,0.37985703,0.06506459,0.06590924,0.050543644,0.3139478,0.014520943
1931,0.24566971,0.102976,0.052708887,0.04004951,0.19296083,0.06292649
1932,0.37509,0.03922621,0.04725882,0.03061796,0.32783118,0.008608252
1933,0.038328078,-0.006473661,0.040407702,0.025141962,-0.0020796247,-0.031615622
1934,0.43056628,0.08352797,0.07708771,0.054304246,0.35347858,0.029223721
1935,0.54526466,0.07299687,0.10473885,0.07877947,0.44052583,-0.0057825968
1936,0.18337514,0.024671761,0.01985984,0.0136930905,0.1635153,0.010978671
1937,0.4475146,0.041752774,0.053352233,0.037789103,0.39416236,0.0039636716
1938,0.6304671,0.077489525,0.07244226,0.05545087,0.5580249,0.022038653
1939,0.34814987,0.032226726,0.04033864,0.026710313,0.30781123,0.0055164136
1940,0.40940118,0.010634045,0.055531576,0.036787875,0.35386962,-0.026153829
1941,0.5543832,0.06520102,0.07560962,0.05233882,0.4787736,0.012862202
1942,0.1844973,0.020763803,0.048916567,0.030665532,0.13558073,-0.0099017285
1943,0.6379247,0.04800404,0.075049885,0.052724145,0.5628748,-0.0047201067
1944,0.4750301,0.09878383,0.046363816,0.03507779,0.4286663,0.06370604
1945,0.6361089,0.08773698,0.11240128,0.0810741,0.5237076,0.0066628754
1946,0.6909468,0.103735544,0.10988142,0.08033973,0.5810654,0.023395814
1947,0.49986184,0.08048364,0.071996704,0.058263604,0.42786515,0.022220034
1948,0.15582839,-0.034437094,0.0311946,0.014788917,0.12463379,-0.049226012
1949,0.4460338,0.06151659,0.114693105,0.08727904,0.3313407,-0.025762446
1950,0.33324978,0.07699205,0.07439522,0.054488774,0.25885457,0.022503275
1951,0.5144532,0.061746042,0.08285284,0.060943495,0.43160033,0.00080254674
1952,0.42110464,0.04590769,0.075444296,0.050894096,0.34566033,-0.0049864054
1953,0.38838205,0.031122891,0.07338874,0.043311164,0.31499332,-0.012188273
1954,0.4302434,0.054901127,0.090365134,0.06257179,0.33987826,-0.0076706596
1955,0.30516583,0.01880307,0.029704427,0.020912938,0.2754614,-0.0021098685
1956,0.56398064,0.06971103,0.08323147,0.05790615,0.48074916,0.011804879
1957,0.30986157,0.010542121,0.05041991,0.030027099,0.25944167,-0.019484978
1958,0.5070196,0.06852182,0.08898579,0.062114004,0.41803378,0.006407816
1959,0.20424652,0.022022627,0.045024257,0.03419948,0.15922226,-0.012176853
1960,0.5202912,0.07317628,0.11232812,0.07176501,0.4079631,0.0014112666
1961,0.45763537,0.049557976,0.10527678,0.072821304,0.35235858,-0.023263328
1962,0.529109,0.012721125,0.037513386,0.02330312,0.49159563,-0.010581994
1963,0.36926654,0.05759722,0.0786213,0.059038978,0.29064524,-0.0014417581
1964,0.5125683,0.072639704,0.08868452,0.069216914,0.42388377,0.0034227893
1965,0.48433328,0.05545362,0.11457433,0.06943046,0.36975896,-0.013976842
1966,0.35329384,0.10882833,0.06582399,0.046031218,0.28746986,0.062797114
1967,0.36387417,0.036490448,0.07147294,0.048158616,0.29240122,-0.011668168
1968,0.56077516,0.027339827,0.045017105,0.022242552,0.51575804,0.0050972756
1969,0.66547155,0.06856199,0.09299394,0.06891867,0.57247764,-0.0003566742
1970,0.73467547,0.060791496,0.10366886,0.071576744,0.6310066,-0.010785248
1971,0.62649065,0.07051722,0.11034049,0.07093236,0.5161502,-0.0004151389
1972,0.4175605,0.08608123,0.0742498,0.056655966,0.34331068,0.029425263
1973,0.36561152,0.022712702,0.048025332,0.030181333,0.31758618,-0.0074686315
1974,0.37925538,0.050691772,0.078070134,0.056278978,0.30118525,-0.0055872053
1975,0.23773786,0.02255478,0.01531282,0.013988042,0.22242504,0.008566737
1976,0.5232972,0.050422832,0.086614065,0.06470618,0.43668312,-0.014283344
1977,0.49149966,0.08262916,0.096794054,0.06988951,0.3947056,0.012739651
1978,0.38004205,0.06767331,0.07686895,0.049809933,0.3031731,0.017863378
1979,0.34454328,0.011385738,0.07339409,0.035465345,0.2711492,-0.024079606
1980,0.2172635,0.0250108,0.028019542,0.019320453,0.18924396,0.0056903474
1981,0.43621826,0.07024347,0.088281974,0.06067893,0.34793627,0.009564541
1982,0.6126531,0.07747963,0.08945486,0.0705644,0.52319825,0.006915234
1983,0.5663496,0.06009295,0.118125476,0.07632807,0.44822416,-0.01623512
1984,0.58783174,0.122196466,0.15261738,0.10502611,0.43521434,0.017170355
1985,0.43687892,0.075599596,0.079852134,0.056698658,0.3570268,0.018900938
1986,0.5091553,0.06374189,0.09543009,0.07243101,0.4137252,-0.00868912
1987,0.27195314,0.023532562,0.04978557,0.032423645,0.22216757,-0.008891083
1988,0.49012837,0.03138952,0.08608947,0.05368818,0.4040389,-0.02229866
1989,0.4431663,0.05163422,0.10089976,0.06728104,0.34226653,-0.015646819
1990,0.32185578,0.060759086,0.068488404,0.045408577,0.25336736,0.015350509
1991,0.66731507,0.07080453,0.084687814,0.055291966,0.58262724,0.015512563
1992,0.35915193,0.065797985,0.057919506,0.046469405,0.30123243,0.01932858
1993,0.44872364,0.0043657734,0.026361639,0.012937415,0.422362,-0.0085716415
1994,0.32939026,-0.007632054,0.009402772,0.006482593,0.31998748,-0.014114646
1995,0.42788655,0.010522435,0.059540268,0.04116496,0.36834627,-0.030642524
1996,0.55572003,0.04915386,0.09864997,0.070743226,0.45707005,-0.021589365
1997,0.23531502,0.11468114,0.063637406,0.04273181,0.17167762,0.07194933
1998,0.35266393,0.029455302,0.051852487,0.03620896,0.30081144,-0.006753659
1999,0.207665,0.024930656,0.043606635,0.027702143,0.16405836,-0.0027714875
2000,0.4889538,-0.0156137245,0.07314847,0.036336306,0.41580534,-0.05195003
2001,0.3528695,0.06239025,0.06351543,0.042031307,0.2893541,0.020358942
2002,0.37836242,0.053637315,0.09041609,0.06386722,0.28794634,-0.010229904
2003,0.28694052,0.014872923,0.06337766,0.041180894,0.22356285,-0.02630797
2004,0.46335497,0.04085148,0.0694545,0.054482326,0.39390048,-0.013630845
2005,0.62042123,0.068718515,0.09546012,0.065763205,0.5249611,0.00295531
2006,0.49280846,0.0613367,0.10173405,0.0695971,0.39107442,-0.008260403
2007,0.41017792,0.1047107,0.1350553,0.0961923,0.2751226,0.008518398
2008,0.22550264,0.027399175,0.04141094,0.027148463,0.1840917,0.00025071204
2009,0.1812537,0.03589899,0.039828073,0.021784658,0.14142562,0.014114333
2010,0.4497848,0.08569104,0.09725638,0.07285965,0.3525284,0.01283139
2011,0.34681025,0.07542856,0.07815656,0.055270467,0.2686537,0.020158093
2012,0.2193135,0.018489296,0.030726448,0.0193014,0.18858705,-0.000812104
2013,0.29327378,0.047395017,0.056873288,0.038539153,0.23640049,0.008855864
2014,0.1613316,-0.003953201,0.05476356,0.03806249,0.10656804,-0.04201569
2015,0.32830754,0.009492515,0.04991382,0.036460597,0.27839372,-0.026968082
2016,0.5509037,0.061109815,0.074507594,0.050472733,0.47639608,0.010637082
2017,0.4019899,0.038750358,0.059446365,0.035452962,0.34254354,0.003297396
2018,0.5398548,0.08039305,0.096981466,0.0583368,0.44287336,0.022056252
2019,0.6009681,0.05072703,0.074282385,0.049985822,0.5266857,0.0007412061
2020,0.40642115,0.06323964,0.07896462,0.054920454,0.32745653,0.008319188
2021,0.46665072,0.08992382,0.10111288,0.08264806,0.36553785,0.00727576
2022,0.55868214,0.054864172,0.07396862,0.046692416,0.48471352,0.008171756
2023,0.19284898,0.021283664,0.05856618,0.044053417,0.1342828,-0.022769753
2024,0.42184445,0.08577995,0.08224998,0.061494295,0.33959448,0.024285655
2025,0.5404027,0.03658953,0.07043681,0.042461205,0.4699659,-0.005871676
2026,0.5290317,0.033006534,0.053163294,0.03773797,0.4758684,-0.0047314353
2027,0.2921919,0.024907107,0.045972466,0.03092153,0.24621943,-0.0060144234
2028,0.38413638,0.02558841,0.051004738,0.03395007,0.33313164,-0.008361662
2029,0.19568688,0.03578816,0.03238039,0.024304574,0.16330649,0.011483585
2030,0.51568997,0.06551274,0.095492326,0.059287567,0.42019764,0.0062251724
2031,0.45226094,0.025707407,0.073985316,0.04473348,0.37827563,-0.019026073
2032,0.47722998,0.11630291,0.14327835,0.10877348,0.33395165,0.00752943
2033,0.5093053,0.05345088,0.088431016,0.06528133,0.4208743,-0.011830453
2034,0.4661973,-0.017421387,0.056187037,0.028534574,0.41001028,-0.045955963
2035,0.46497056,0.04794253,0.05402656,0.03688753,0.41094398,0.011055
2036,0.6595787,0.08837998,0.116745055,0.07850801,0.5428336,0.009871967
2037,0.082995795,-0.049461007,0.035655893,0.023665648,0.0473399,-0.07312666
2038,0.36502212,0.027034672,0.054770723,0.040527783,0.3102514,-0.013493111
2039,0.108290546,-0.0050173225,0.020050822,0.014263386,0.08823972,-0.01928071
2040,0.36822385,0.06589617,0.047564615,0.034185402,0.32065922,0.031710766
2041,0.34830645,0.041608408,0.062017377,0.042305313,0.28628907,-0.00069690496
2042,0.70591545,0.07095935,0.124334075,0.08363561,0.58158135,-0.012676261
2043,0.5396079,0.07942339,0.110545814,0.08092927,0.42906207,-0.0015058815
2044,0.36248806,0.08083332,0.113882095,0.080981165,0.24860597,-0.00014784187
2045,0.4844372,0.075066976,0.09198318,0.07006456,0.39245403,0.0050024167
2046,0.36822328,0.050326962,0.06225042,0.046100844,0.30597287,0.0042261183
2047,0.4801972,0.07533365,0.09172989,0.06654528,0.3884673,0.00878837
2048,0.47386983,0.044718593,0.06381558,0.04118539,0.41005427,0.0035332032
2049,0.3274568,0.03258628,0.07191996,0.046982396,0.25553685,-0.014396116
2050,0.57692957,0.049423367,0.084650084,0.058688775,0.49227947,-0.009265408
2051,0.60066414,0.13742992,0.1557125,0.12612535,0.44495165,0.011304572
2052,0.3184774,0.016008146,0.05871882,0.04150135,0.25975856,-0.025493205
2053,0.6180699,0.073765315,0.11240842,0.07841875,0.5056615,-0.0046534315
2054,0.5066256,0.07704226,0.09964889,0.074837126,0.4069767,0.0022051334
2055,0.34324124,0.05093495,0.06422195,0.050597895,0.2790193,0.00033705682
2056,0.5396822,0.062052082,0.107312754,0.08083116,0.43236947,-0.01877908
2057,0.6238334,0.06788611,0.09968393,0.07813449,0.5241495,-0.010248385
2058,0.2490439,0.05461056,0.047423758,0.02922212,0.20162013,0.025388442
2059,0.2872284,0.07657768,0.07399039,0.056013536,0.21323802,0.020564143
2060,0.15085359,0.064980425,0.038945857,0.033500105,0.111907735,0.03148032
2061,0.3025641,0.08777381,0.05736324,0.04073732,0.24520087,0.047036488
2062,0.61675096,0.03315094,0.07497717,0.052747097,0.5417738,-0.019596156
2063,0.33399734,0.08699273,0.08175883,0.05641234,0.2522385,0.030580394
2064,0.47412327,0.038772803,0.087952316,0.06245873,0.38617095,-0.023685928
2065,0.5088224,0.06448322,0.09294354,0.0708581,0.41587883,-0.0063748807
2066,0.46867755,0.041068625,0.07627965,0.053648517,0.3923979,-0.012579892
2067,0.2757525,0.04411041,0.04388647,0.029689875,0.23186605,0.014420535
2068,0.4460486,0.044730324,0.080564305,0.0588526,0.3654843,-0.0141222775
2069,0.45027745,0.037039757,0.06412316,0.046532717,0.3861543,-0.00949296
2070,0.30860022,0.041485626,0.055244636,0.036696903,0.2533556,0.004788723
2071,0.5898535,0.0623817,0.10338975,0.06650682,0.4864638,-0.0041251183
2072,0.42769152,0.052447077,0.06419489,0.047838427,0.36349663,0.0046086498
2073,0.46477008,0.014519216,0.048810672,0.029900398,0.41595942,-0.015381183
2074,0.64396375,0.032580566,0.088871114,0.05894669,0.55509263,-0.026366126
2075,0.4524864,0.0499494,0.08661083,0.062432613,0.36587557,-0.012483213
2076,0.2567654,0.05173292,0.05280949,0.03771406,0.2039559,0.01401886
2077,0.31701797,0.04633815,0.038338207,0.029910598,0.27867976,0.01642755
2078,0.4587799,0.12040041,0.06662368,0.048837174,0.3921562,0.07156323
2079,0.33188024,0.03701781,0.0493004,0.036004588,0.28257984,0.0010132231
2080,0.4555775,0.01623635,0.054716054,0.03504864,0.40086144,-0.018812291
2081,0.6311007,0.112561755,0.12092874,0.092019424,0.51017195,0.020542331
2082,0.242063,0.0057805004,0.014986468,0.0124103995,0.22707653,-0.006629899
2083,0.72479254,0.089968905,0.12009123,0.090860546,0.6047013,-0.0008916408
2084,0.48609212,0.065855235,0.08854964,0.061657358,0.39754248,0.004197877
2085,0.42997515,0.0765015,0.10228967,0.07654568,0.32768548,-4.4174492e-05
2086,0.7083892,0.0739215,0.1096119,0.084895365,0.5987773,-0.010973863
2087,0.35150278,0.047663003,0.04860251,0.036474373,0.30290025,0.01118863
2088,0.48548967,0.14028695,0.11657195,0.08755186,0.3689177,0.05273509
2089,0.37765476,0.05519041,0.06174068,0.04284718,0.3159141,0.012343232
2090,0.4739976,0.07161995,0.101864904,0.073909596,0.3721327,-0.0022896454
2091,0.34198928,0.090942375,0.09608123,0.07464671,0.24590805,0.016295664
2092,0.1321351,0.022356095,0.027070219,0.018185949,0.10506488,0.004170146
2093,0.41922,0.03397239,0.05708015,0.03743649,0.36213985,-0.003464099
2094,0.42488456,0.11614182,0.123715356,0.10041023,0.30116922,0.015731588
2095,0.39949676,0.09142376,0.10508363,0.08131331,0.29441315,0.010110445
2096,0.30364746,0.035416063,0.044130005,0.03307504,0.25951746,0.0023410246
2097,0.20053647,0.021993993,0.03599382,0.026547767,0.16454266,-0.0045537744
2098,1.2230959,-0.003462749,0.025890995,0.014803738,1.197205,-0.018266488
2099,0.4647469,0.047413528,0.07551148,0.05335071,0.3892354,-0.0059371814
2100,0.47660008,0.033241104,0.055412076,0.037202362,0.421188,-0.0039612576
2101,0.55354714,0.07780303,0.10001781,0.0741334,0.45352933,0.003669627
2102,0.362755,0.05533658,0.06555057,0.053170424,0.29720443,0.0021661557
2103,0.6883741,0.032461632,0.067469545,0.047050763,0.62090456,-0.014589131
2104,0.4261224,0.058295157,0.07286451,0.05196732,0.3532579,0.0063278377
2105,0.58986545,0.061345227,0.0703921,0.05665798,0.5194733,0.004687246
2106,0.5957619,0.024021313,0.048119813,0.028923398,0.5476421,-0.0049020853
2107,0.42217544,0.039992444,0.06312502,0.045160767,0.35905042,-0.0051683225
2108,0.61334753,0.06620952,0.11047894,0.07998257,0.5028686,-0.013773054
2109,0.39957187,0.025421575,0.07288132,0.042386588,0.32669055,-0.016965013
2110,0.5237374,0.10187609,0.17237325,0.11051828,0.35136414,-0.008642189
2111,0.29077864,-0.013599369,0.036912918,0.023654876,0.25386572,-0.037254244
2112,0.27884555,0.042430863,0.037321344,0.025378227,0.2415242,0.017052636
2113,0.5253712,0.02950152,0.078406565,0.05551631,0.44696462,-0.02601479
2114,0.24751122,0.12562048,0.050979346,0.037721958,0.19653188,0.08789852
2115,0.36233103,0.036842894,0.04577425,0.024962911,0.31655678,0.011879982
2116,0.53459835,0.09433515,0.084005825,0.057220854,0.45059252,0.0371143
2117,0.2929224,0.093595974,0.09139835,0.06683824,0.20152405,0.026757732
2118,0.19566768,0.0340358,0.03406247,0.025641149,0.16160521,0.008394649
2119,0.39202428,0.07211597,0.11304539,0.07981233,0.27897888,-0.0076963603
2120,0.31075984,0.008806754,0.048480105,0.026833562,0.26227975,-0.018026808
2121,0.4143534,0.05145591,0.055845924,0.04072801,0.35850748,0.010727901
2122,0.50304776,0.036540043,0.07895804,0.05265593,0.42408973,-0.016115889
2123,0.41101897,0.053899247,0.059713554,0.04381006,0.35130543,0.010089189
2124,0.36399734,0.035349965,0.07121548,0.053324275,0.29278186,-0.01797431
2125,0.36697063,0.1177043,0.04828291,0.027811913,0.3186877,0.08989239
2126,0.39937222,0.029030548,0.05929293,0.042144883,0.34007928,-0.013114335
2127,0.4511177,0.060946852,0.072309196,0.045363728,0.3788085,0.015583124
2128,0.4174536,0.036392625,0.06638686,0.04866498,0.3510667,-0.012272354
2129,0.42514455,0.04686866,0.061799422,0.04513739,0.36334515,0.0017312691
2130,0.35935342,0.035242297,0.06767854,0.048163805,0.29167488,-0.012921508
2131,0.45572367,0.07004224,0.10887326,0.07989402,0.3468504,-0.0098517835
2132,0.60453594,0.03152375,0.048600927,0.02824586,0.555935,0.0032778885
2133,0.5759685,0.064444184,0.057770424,0.03776536,0.5181981,0.026678823
2134,0.53608423,0.058920886,0.07878155,0.05275095,0.4573027,0.0061699376
2135,0.45447087,0.05993386,0.107774906,0.07129399,0.34669596,-0.0113601275
2136,0.6117405,0.09839513,0.10982234,0.07674562,0.5019182,0.02164951
2137,0.42094144,0.035053823,0.064030804,0.04285879,0.35691065,-0.0078049675
2138,0.54091936,0.02029925,0.08080108,0.049877442,0.4601183,-0.029578192
2139,0.5031977,0.05574115,0.086248666,0.058504093,0.41694906,-0.0027629435
2140,0.533804,0.066364504,0.11925013,0.068791285,0.41455388,-0.0024267808
2141,0.32335073,0.039572604,0.053270817,0.037242457,0.2700799,0.0023301467
2142,0.25178406,0.022217931,0.026194777,0.014890987,0.22558928,0.007326944
2143,0.31355315,0.06375763,0.05698797,0.037891716,0.25656518,0.025865912
2144,0.2923943,0.043743953,0.0642496,0.043998227,0.2281447,-0.00025427341
2145,0.5170004,0.049359597,0.097330526,0.06066808,0.41966987,-0.011308484
2146,0.67029655,0.058183633,0.120003656,0.073238604,0.5502929,-0.015054971
2147,0.6845231,0.058757134,0.08274735,0.053049184,0.60177577,0.0057079494
2148,0.20574738,0.014234538,0.054675885,0.040874828,0.15107149,-0.026640289
2149,0.65204614,0.02010237,0.04228849,0.03029322,0.60975766,-0.01019085
2150,0.38018963,0.0138628185,0.025578406,0.019560225,0.35461122,-0.005697407
2151,0.45621943,0.06268025,0.12685658,0.07764315,0.32936287,-0.014962897
2152,0.5940017,0.13425203,0.16972877,0.13026346,0.42427295,0.003988564
2153,0.55620074,0.039803874,0.06681644,0.046334438,0.4893843,-0.0065305643
2154,0.2922415,0.064170636,0.08008419,0.059760913,0.21215732,0.004409723
2155,0.48620477,0.058606647,0.09688158,0.06500849,0.38932317,-0.0064018443
2156,0.3410628,0.051220473,0.07182029,0.044254392,0.26924253,0.0069660805
2157,0.3812174,0.081857815,0.10039073,0.07323685,0.28082666,0.0086209625
2158,0.5387741,0.014525617,0.048437975,0.029778104,0.4903361,-0.015252488
2159,0.5052948,0.08202665,0.1272665,0.084915064,0.3780283,-0.0028884113
2160,0.24627414,0.033416335,0.05117938,0.031573128,0.19509476,0.0018432066
2161,0.26186016,0.078796245,0.11080618,0.07495801,0.15105398,0.0038382336
2162,0.489906,0.07928548,0.108140476,0.07761428,0.38176554,0.0016712025
2163,0.27628353,0.038217485,0.045970887,0.032914344,0.23031265,0.0053031407
2164,0.5991158,0.090462916,0.084702045,0.056713186,0.5144137,0.03374973
2165,0.49300638,0.057651445,0.07873808,0.05761748,0.4142683,3.396347e-05
2166,0.4104568,0.050096463,0.07973434,0.049069066,0.33072245,0.0010273978
2167,0.53879577,0.03825328,0.07405951,0.051457576,0.46473625,-0.013204295
2168,0.29901487,0.009681457,0.06821179,0.04637376,0.23080307,-0.036692303
2169,0.44562495,0.04695243,0.056229573,0.038110327,0.3893954,0.008842103
2170,0.4794959,0.09711775,0.09914245,0.07677413,0.38035345,0.020343624
2171,0.45045716,0.08331299,0.1098031,0.079193465,0.34065405,0.004119523
2172,0.6251915,0.09364072,0.08785363,0.06171247,0.5373379,0.031928252
2173,0.8018514,0.072332114,0.098983765,0.07948171,0.7028676,-0.0071495995
2174,0.39476728,0.0750014,0.10475625,0.07208154,0.29001105,0.0029198602
2175,0.29947793,0.10046215,0.07339686,0.056841165,0.22608107,0.04362099
2176,0.63536847,0.032957025,0.07640567,0.047683507,0.5589628,-0.014726482
2177,0.54694825,0.04176513,0.059268713,0.04648824,0.48767954,-0.0047231093
2178,0.38373548,0.0560973,0.05960137,0.035350855,0.3241341,0.020746443
2179,0.34589925,0.040750638,0.055893246,0.045653477,0.290006,-0.0049028397
2180,0.34852707,0.064527504,0.06369993,0.04814889,0.28482714,0.016378615
2181,0.51244354,0.07039165,0.07963143,0.0577985,0.4328121,0.012593146
2182,0.44690198,0.062902935,0.093264066,0.070411794,0.3536379,-0.007508859
2183,0.48563662,0.096719496,0.09192524,0.066598706,0.3937114,0.03012079
2184,0.49469155,0.06922828,0.07642503,0.056252286,0.41826653,0.012975991
2185,0.27379248,0.0554973,0.05765512,0.028503768,0.21613735,0.026993532
2186,0.09117723,0.04500474,0.012586661,0.012444632,0.07859057,0.03256011
2187,0.31136543,0.02204203,0.038745794,0.026660671,0.27261963,-0.004618641
2188,0.34547898,0.040554576,0.07907804,0.05622531,0.26640093,-0.015670735
2189,0.45327318,0.055965297,0.097191766,0.070298836,0.35608143,-0.014333539
2190,0.5721723,0.0439361,0.071698554,0.052220307,0.50047374,-0.008284207
2191,0.43026483,0.096753605,0.11191304,0.08167283,0.3183518,0.015080772
2192,0.26541674,0.06485728,0.07934631,0.0659664,0.18607044,-0.0011091158
2193,0.29110256,0.040171027,0.049016833,0.031202998,0.24208573,0.008968029
2194,0.51686317,0.045934085,0.077559635,0.055236217,0.43930352,-0.009302132
2195,0.42959902,0.03259577,0.040845037,0.029604096,0.38875398,0.0029916726
2196,0.347397,0.053002954,0.086908296,0.063044764,0.2604887,-0.010041811
2197,0.47775158,0.07645761,0.11631986,0.08677947,0.36143172,-0.010321856
2198,0.54473305,0.080549665,0.08489984,0.059275214,0.4598332,0.021274451
2199,0.28031814,0.10325409,0.027591476,0.015146323,0.25272667,0.088107765
2200,0.44408044,0.07431901,0.11347092,0.08354038,0.33060953,-0.009221368
2201,0.20908196,0.020984685,0.026763897,0.018975228,0.18231806,0.002009457
2202,0.7269477,0.08857283,0.11943161,0.08163433,0.6075161,0.006938502
2203,0.16427968,0.031698063,0.03919905,0.028387561,0.12508063,0.0033105016
2204,0.66567326,0.09759994,0.1426726,0.1031182,0.52300066,-0.005518265
2205,0.46614408,0.020410648,0.06418376,0.044637203,0.4019603,-0.024226556
2206,0.25650984,0.05086938,0.0535883,0.040300116,0.20292154,0.010569263
2207,0.10513856,0.09930773,0.041148663,0.029465485,0.0639899,0.06984225
2208,0.7249073,0.11686963,0.16960439,0.12467385,0.55530286,-0.0078042224
2209,0.3513267,0.059803866,0.06497517,0.043917567,0.28635153,0.0158863
2210,0.09070288,0.030347185,0.03507637,0.025031457,0.055626508,0.0053157285
2211,0.29472265,0.01810724,0.0752249,0.048972134,0.21949774,-0.030864894
2212,0.4893484,0.08140394,0.11670313,0.08300435,0.3726453,-0.0016004071
2213,0.6157974,0.02713602,0.06580242,0.044891194,0.549995,-0.017755173
2214,0.5254307,0.07580994,0.07361083,0.05753881,0.45181984,0.01827113
2215,0.4953862,0.08619818,0.1112803,0.06907636,0.38410592,0.017121822
2216,0.2533301,0.02510862,0.051877502,0.031725183,0.20145261,-0.0066165626
2217,0.13833036,0.038224068,0.042661954,0.030148137,0.095668405,0.00807593
2218,0.3832958,0.054076593,0.06862922,0.047090854,0.31466657,0.006985739
2219,0.41171438,0.058363743,0.087143525,0.058416568,0.32457083,-5.2824616e-05
2220,0.36099488,-0.019514479,0.075334445,0.04679367,0.28566045,-0.06630815
2221,0.1788713,0.030394573,0.03777288,0.03209566,0.14109842,-0.0017010868
2222,0.39548603,0.03578957,0.052446097,0.039470516,0.34303993,-0.0036809444
2223,0.3495897,0.035915837,0.059630603,0.041883692,0.2899591,-0.0059678555
2224,0.6201287,0.13580582,0.104630664,0.084964074,0.51549804,0.05084174
2225,0.37122914,0.024147836,0.045485206,0.03244438,0.32574394,-0.008296544
2226,0.5490855,0.08051842,0.08845778,0.060380522,0.46062773,0.020137895
2227,0.35604405,0.053169705,0.059037656,0.043310806,0.2970064,0.009858899
2228,0.22588953,0.02686706,0.038714953,0.028650744,0.18717459,-0.0017836839
2229,0.38197756,0.08742657,0.093143746,0.070125476,0.2888338,0.017301098
2230,0.24562176,0.0034593418,0.042227026,0.024645956,0.20339473,-0.021186614
2231,0.12571931,0.030494744,0.048300218,0.03444684,0.07741909,-0.0039520953
2232,0.20095855,0.027683405,0.019802356,0.0139665725,0.18115619,0.013716833
2233,0.47237298,0.045993675,0.069972366,0.051768214,0.4024006,-0.005774539
2234,0.25131375,0.009070791,0.044752706,0.03206588,0.20656104,-0.022995088
2235,0.60307425,0.055490054,0.083662204,0.06548181,0.51941204,-0.009991758
2236,0.6442394,0.07183125,0.109735206,0.07405549,0.53450423,-0.0022242442
2237,0.33829618,0.042893447,0.062223047,0.039156158,0.27607313,0.0037372895
2238,0.66940016,0.013932481,0.029469075,0.015014101,0.6399311,-0.0010816194
2239,0.5421499,0.10219736,0.122372925,0.08813452,0.41977698,0.014062837
2240,0.6826268,0.0812977,0.11815548,0.090721175,0.5644713,-0.009423472
2241,0.55701387,0.14019716,0.14391157,0.09848423,0.4131023,0.041712925
2242,0.56247646,0.037606176,0.0943568,0.05825029,0.46811965,-0.020644113
2243,0.3207035,0.0364809,0.060543958,0.04032973,0.26015955,-0.0038488284
2244,0.40363187,0.059997167,0.08231642,0.060778603,0.32131544,-0.0007814355
2245,0.54743177,0.056965627,0.08180066,0.05615752,0.4656311,0.0008081086
2246,0.34761733,0.03942423,0.051460408,0.03784692,0.2961569,0.0015773103
2247,0.37599954,0.0806608,0.09444346,0.07111314,0.28155607,0.009547658
2248,0.59165955,0.011957881,0.045940213,0.030474322,0.5457193,-0.01851644
2249,0.5865889,0.07977362,0.09492531,0.06480354,0.4916636,0.014970079
2250,0.46397474,0.04260341,0.05271869,0.03542217,0.41125605,0.007181242
2251,0.22906648,0.029890923,0.03528108,0.025583183,0.1937854,0.0043077394
2252,0.38555557,0.053729434,0.04557163,0.028927822,0.33998394,0.024801612
2253,0.40782258,0.025632247,0.049670886,0.033770796,0.3581517,-0.008138549
2254,0.6670971,0.118419826,0.14044224,0.10290103,0.52665484,0.015518799
2255,0.40165946,0.03936207,0.046053696,0.034193024,0.35560575,0.005169045
2256,0.4728733,0.1525452,0.15153632,0.116241716,0.32133698,0.036303483
2257,0.47091606,0.04149143,0.06351218,0.043977026,0.4074039,-0.0024855956
2258,0.44972506,0.04181874,0.04887782,0.036316846,0.40084726,0.005501896
2259,0.30606318,0.03215254,0.060732845,0.042090125,0.24533033,-0.009937584
2260,0.618224,0.13978212,0.15108988,0.10135974,0.46713415,0.038422376
2261,0.36310285,0.023961533,0.03240781,0.02126291,0.33069503,0.0026986226
2262,0.14945759,-0.003637027,0.033083063,0.021854615,0.11637452,-0.025491642
2263,0.40855688,0.04457471,0.093616836,0.059909806,0.31494004,-0.015335094
2264,0.47304755,0.022685396,0.06691205,0.043497823,0.4061355,-0.020812428
2265,0.32550123,0.054403078,0.07624965,0.05811286,0.24925157,-0.003709782
2266,0.69800425,0.05862181,0.0936417,0.06796434,0.60436255,-0.009342529
2267,0.44384012,0.054222032,0.0564772,0.046374906,0.38736293,0.007847127
2268,0.4022136,0.030861925,0.06769466,0.050658006,0.33451894,-0.01979608
2269,0.4244454,0.049133893,0.080746606,0.051246352,0.3436988,-0.0021124594
2270,0.31820244,0.02632223,0.055961132,0.038917847,0.2622413,-0.012595616
2271,0.110843666,0.026490135,0.02667314,0.017849736,0.08417053,0.008640399
2272,0.48391983,0.065639675,0.08278214,0.05718129,0.40113768,0.008458383
2273,0.34121558,0.012229459,0.02084875,0.013208723,0.32036683,-0.0009792633
2274,0.5941216,0.034512386,0.062323123,0.043363012,0.5317985,-0.008850627
2275,0.2760048,0.036779556,0.07271045,0.055190817,0.20329434,-0.01841126
2276,0.30490896,0.096039176,0.09665509,0.069375426,0.20825386,0.02666375
2277,0.38711753,0.03598178,0.038075443,0.026845856,0.3490421,0.009135926
2278,0.4696413,0.10114635,0.09241118,0.06578833,0.3772301,0.03535802
2279,0.12951496,0.027585013,0.030266669,0.022355827,0.09924829,0.0052291863
2280,0.4296195,0.061237734,0.10164831,0.06771667,0.3279712,-0.006478939
2281,0.43246463,0.07682128,0.12225196,0.085488416,0.31021267,-0.008667134
2282,0.47029948,0.03768921,0.046185803,0.033976246,0.4241137,0.0037129633
2283,0.58223677,0.057237063,0.119080365,0.07385184,0.4631564,-0.016614776
2284,0.47352716,0.039018176,0.07838547,0.055214692,0.3951417,-0.016196515
2285,0.49079245,0.06860848,0.0738748,0.05683402,0.41691765,0.011774458
2286,0.42913556,0.07651335,0.058123115,0.047115978,0.37101245,0.029397372
2287,0.2051385,0.020771617,0.029699521,0.023916338,0.17543899,-0.0031447206
2288,0.14789394,0.034530073,0.037962586,0.026449025,0.10993135,0.008081049
2289,0.5074284,0.08230866,0.114609346,0.07681754,0.39281905,0.005491115
2290,0.53456825,0.019039903,0.0523129,0.03615408,0.48225534,-0.017114177
2291,0.4732495,0.046158593,0.112441085,0.07083357,0.3608084,-0.024674978
2292,0.33820745,0.06925555,0.10726572,0.062792905,0.23094174,0.0064626485
2293,0.30784795,0.024556417,0.031729694,0.022463575,0.27611825,0.002092842
2294,0.19318582,0.13193756,0.04515379,0.024763232,0.14803204,0.10717433
2295,0.55452436,0.03441076,0.07855885,0.054407984,0.4759655,-0.019997224
2296,0.46141768,0.052199308,0.068794005,0.05316917,0.39262366,-0.0009698607
2297,0.64046645,0.00454875,0.04417672,0.032578398,0.59628975,-0.028029647
2298,0.38252562,0.053657494,0.07841753,0.058955144,0.30410808,-0.0052976497
2299,0.41736615,0.0110096205,0.03951813,0.029070329,0.37784803,-0.018060708
2300,0.72690254,0.053279273,0.12671135,0.09120563,0.6001912,-0.037926354
2301,0.700457,0.06597022,0.10915288,0.07336241,0.59130406,-0.0073921904
2302,0.23022692,0.01927999,0.049886096,0.035951935,0.18034083,-0.016671944
2303,0.39813754,0.020492395,0.07247579,0.046206918,0.32566175,-0.025714522
2304,0.4292952,0.06607179,0.07841055,0.05287282,0.35088468,0.013198972
2305,0.27898094,0.044959757,0.054763783,0.04209077,0.22421716,0.0028689876
2306,0.67384666,0.08669367,0.105046995,0.07720397,0.5687997,0.0094897
2307,0.654983,0.060440287,0.09542567,0.07028786,0.5595573,-0.009847574
2308,0.4686929,0.046841785,0.07359393,0.050185528,0.39509898,-0.0033437423
2309,0.424778,0.040397655,0.0746725,0.05085552,0.35010552,-0.010457866
2310,0.4000833,0.035407897,0.052721553,0.037877195,0.34736174,-0.0024692975
2311,0.5227925,0.060505174,0.12892878,0.08873544,0.39386374,-0.028230265
2312,0.51886886,0.05609759,0.081002235,0.05849214,0.43786663,-0.0023945495
2313,0.53458166,0.061031103,0.082512714,0.057141054,0.45206895,0.0038900487
2314,0.3852765,0.043717884,0.063976265,0.04350461,0.32130024,0.00021327287
2315,0.48333523,0.078730434,0.064822294,0.04851503,0.41851294,0.030215405
2316,0.36755508,0.09327747,0.10701739,0.072899915,0.26053768,0.020377554
2317,0.53535515,0.06392577,0.097900964,0.06829184,0.4374542,-0.00436607
2318,0.4503895,0.10044833,0.10963746,0.08426672,0.34075204,0.01618161
2319,0.44750696,0.082912125,0.09886831,0.06840027,0.34863865,0.014511853
2320,0.39017913,0.088856705,0.064431064,0.048033625,0.32574806,0.04082308
2321,0.17967339,0.03633169,0.043168437,0.030632699,0.13650495,0.005698992
2322,0.31637847,0.021743517,0.02662634,0.020307923,0.28975213,0.0014355946
2323,0.48135543,0.02741299,0.05358486,0.03946584,0.42777056,-0.012052851
2324,0.6318338,0.06658716,0.10506811,0.08278079,0.5267657,-0.016193636
2325,0.36960942,0.054437265,0.0537381,0.035993423,0.31587133,0.018443841
2326,0.6529031,0.09543859,0.10926641,0.08300234,0.5436367,0.012436256
2327,0.5832298,0.052833475,0.06908889,0.0489984,0.5141409,0.0038350746
2328,0.69153464,0.0855333,0.121060066,0.09465566,0.57047457,-0.009122364
2329,0.033851556,0.015684422,0.029149882,0.021532726,0.004701674,-0.0058483034
2330,0.27348244,0.04614892,0.033438053,0.024339627,0.24004439,0.021809291
2331,0.3605685,0.06573796,0.10930764,0.07240565,0.25126085,-0.0066676885
2332,0.18167523,0.004605718,0.030902587,0.021756556,0.15077263,-0.017150838
2333,0.15490577,0.07608628,0.037764434,0.028306415,0.117141336,0.047779866
2334,0.32999736,0.046777885,0.057233647,0.03632077,0.27276373,0.010457117
2335,0.43471438,0.06787541,0.12398057,0.06604096,0.3107338,0.0018344447
2336,0.14369012,0.021157525,0.021578848,0.016743295,0.122111276,0.0044142306
2337,0.45778307,0.046615254,0.09137696,0.062338132,0.3664061,-0.015722878
2338,0.4485337,0.05563734,0.045910925,0.037760746,0.4026228,0.017876595
2339,0.48794186,0.025128314,0.03213869,0.02749948,0.45580316,-0.002371166
2340,0.4305182,0.06365921,0.059166905,0.043154135,0.3713513,0.020505078
2341,0.2979385,0.10614143,0.052398447,0.03374411,0.24554005,0.07239732
2342,0.57425916,0.06161417,0.116607904,0.079265706,0.45765126,-0.017651536
2343,0.5589227,0.07662572,0.105151616,0.070611715,0.45377108,0.0060140043
2344,0.40965143,0.04626684,0.0855626,0.06705339,0.3240888,-0.020786554
2345,0.3582661,0.0059544975,0.029167723,0.015839623,0.32909837,-0.009885126
2346,0.30876985,0.0482408,0.054555908,0.040626694,0.25421393,0.007614106
2347,0.61455965,0.054893382,0.08097811,0.057277802,0.53358155,-0.0023844205
2348,0.2723702,0.021222956,0.058950435,0.03531023,0.21341975,-0.014087275
2349,0.5060551,0.06404916,0.0860158,0.06512561,0.42003933,-0.001076445
2350,0.565348,0.11240244,0.15711057,0.12074252,0.40823746,-0.008340083
2351,0.20098113,0.034120586,0.11383272,0.08256648,0.087148406,-0.04844589
2352,0.4382445,0.014523854,0.02230255,0.011819728,0.41594195,0.0027041258
2353,0.21410848,0.012707048,0.03968433,0.0251243,0.17442416,-0.012417252
2354,0.45912394,0.04619062,0.0717552,0.054992143,0.38736874,-0.008801524
2355,0.38085812,0.04099224,0.04164922,0.03126385,0.3392089,0.009728391
2356,0.43268862,0.069075085,0.063332275,0.050711703,0.36935633,0.018363383
2357,0.41194886,0.11748145,0.087313555,0.07010426,0.3246353,0.047377184
2358,0.34964028,0.07814881,0.08483359,0.06389586,0.2648067,0.014252953
2359,0.49608365,0.026336689,0.054158103,0.03455445,0.44192556,-0.008217763
2360,0.32962525,0.03405925,0.072989404,0.04797349,0.25663584,-0.013914242
2361,0.40940425,0.07080473,0.09502736,0.067843884,0.3143769,0.0029608458
2362,0.62869436,0.03566164,0.06702155,0.04019802,0.5616728,-0.004536379
2363,0.16047533,0.009360597,0.03175112,0.020090234,0.12872422,-0.010729637
2364,0.59157366,0.046492442,0.056475945,0.042358536,0.5350977,0.004133906
2365,0.41516253,0.032753393,0.07321191,0.05290012,0.34195063,-0.020146728
2366,0.31358898,0.021042047,0.047694728,0.031559285,0.26589423,-0.010517238
2367,0.45808575,0.090530895,0.0921752,0.06643913,0.36591053,0.024091765
2368,0.30260667,0.057775393,0.094660185,0.06597579,0.20794648,-0.0082004
2369,0.20042858,0.035953872,0.030403376,0.026880594,0.1700252,0.009073278
2370,0.35865268,0.03139997,0.07945519,0.05018166,0.27919748,-0.018781692
2371,0.5059337,0.11353883,0.11646966,0.08762279,0.38946405,0.02591604
2372,0.2104619,0.032916334,0.03069157,0.023543665,0.17977034,0.009372668
2373,0.35741886,0.05118927,0.048941463,0.03098567,0.3084774,0.0202036
2374,0.4606959,0.02136149,0.04833715,0.032516174,0.41235873,-0.011154683
2375,0.47223216,0.04326576,0.054125782,0.037567616,0.41810638,0.0056981444
2376,0.503588,0.021970104,0.048603095,0.03259053,0.45498493,-0.010620426
2377,0.22373378,0.019388707,0.021417286,0.013568563,0.2023165,0.005820144
2378,0.2899968,0.08354822,0.044114843,0.027564488,0.24588196,0.05598373
2379,0.4445556,0.035294633,0.07108134,0.045699954,0.37347427,-0.010405321
2380,0.449202,0.035510305,0.06460404,0.04198429,0.38459796,-0.0064739846
2381,0.55172896,0.062157944,0.101334065,0.072477296,0.4503949,-0.010319352
2382,0.43006176,0.06606129,0.07677004,0.054517716,0.35329172,0.011543572
2383,0.5034245,0.015932253,0.051079053,0.031188838,0.45234546,-0.015256586
2384,0.39688593,0.07234829,0.064410746,0.03866974,0.3324752,0.03367855
2385,0.47582498,0.09741595,0.09336615,0.07436103,0.38245884,0.02305492
2386,0.42662317,0.048979666,0.06625257,0.047326375,0.3603706,0.0016532913
2387,0.3618643,0.06666725,0.0866372,0.06144412,0.2752271,0.0052231327
2388,0.3580242,0.01570712,0.055392634,0.030794036,0.3026316,-0.015086915
2389,0.29367486,0.061163113,0.086743124,0.058486942,0.20693174,0.0026761703
2390,0.45541763,0.074047826,0.08405375,0.060158983,0.37136388,0.013888843
2391,0.30043206,0.0030183976,0.060823485,0.03945291,0.23960857,-0.036434513
2392,0.5281347,0.07093692,0.10835739,0.07682861,0.4197773,-0.005891688
2393,0.4352671,0.05638465,0.060137186,0.044624448,0.3751299,0.011760201
2394,0.42028895,0.05927104,0.084840365,0.057848744,0.3354486,0.0014222972
2395,0.30745614,0.016274549,0.045620676,0.033167895,0.26183546,-0.016893346
2396,0.40150362,0.058363482,0.073304184,0.051733233,0.32819945,0.0066302493
2397,0.14979501,0.023060441,0.009786213,0.009834989,0.14000879,0.013225452
2398,0.44660598,0.013786109,0.032125566,0.018167555,0.41448042,-0.004381446
2399,0.30600673,0.037800003,0.0411897,0.030841732,0.26481703,0.0069582704
2400,0.3520621,0.053956192,0.08472072,0.061205562,0.26734138,-0.00724937
2401,0.3507495,0.019576369,0.059492312,0.040180024,0.29125717,-0.020603655
2402,0.48367497,0.082867555,0.08946191,0.066605866,0.39421308,0.01626169
2403,0.4186573,0.04543625,0.059724927,0.038896482,0.35893238,0.0065397657
2404,0.20056576,0.02848029,0.05940752,0.041332267,0.14115824,-0.012851978
2405,0.10426363,0.01501711,0.020443054,0.014500269,0.08382058,0.0005168412
2406,0.22405566,0.054692887,0.07616141,0.052710414,0.14789426,0.0019824728
2407,0.49127427,0.045524485,0.06520942,0.04670136,0.42606485,-0.0011768751
2408,0.44720674,0.039324462,0.08465124,0.05954658,0.3625555,-0.020222116
2409,0.58248556,0.029870033,0.038602706,0.024055347,0.54388285,0.0058146864
2410,0.4426117,0.06321868,0.06703145,0.049431097,0.37558025,0.013787586
2411,0.3951294,0.043337114,0.05468375,0.041842498,0.34044567,0.0014946163
2412,0.6517157,0.10688561,0.09683326,0.06840124,0.5548824,0.038484372
2413,0.38515273,0.0610152,0.054390863,0.041453633,0.33076185,0.019561566
2414,0.5259258,0.039802387,0.04365574,0.034519687,0.48227006,0.0052827
2415,0.5062896,0.04913725,0.07626699,0.0559989,0.4300226,-0.0068616495
2416,0.24736568,0.011060061,0.036784697,0.02685754,0.21058099,-0.01579748
2417,0.5017646,0.01973776,0.059465747,0.047722273,0.44229886,-0.027984513
2418,0.4034579,0.06157882,0.0787014,0.0547073,0.3247565,0.0068715215
2419,0.39531693,0.03593515,0.05786318,0.043243222,0.33745375,-0.0073080733
2420,0.37447593,0.027529748,0.062266402,0.043769002,0.31220952,-0.016239254
2421,0.26615167,0.031027732,0.07049118,0.05420594,0.19566049,-0.023178207
2422,0.4060604,0.03855173,0.045547966,0.031325422,0.36051244,0.007226307
2423,0.54291916,0.06777299,0.06664462,0.046418857,0.47627455,0.021354135
2424,0.2521123,0.05361011,0.063961715,0.048346404,0.18815058,0.005263705
2425,0.45569485,0.061082043,0.055089198,0.038445394,0.40060565,0.022636648
2426,0.49581984,0.07924934,0.1009969,0.074245416,0.39482296,0.0050039217
2427,0.18439062,0.02601395,0.042398855,0.029329447,0.14199176,-0.0033154972
2428,0.27908388,0.037170373,0.044669624,0.032521654,0.23441425,0.004648719
2429,0.42704165,0.10600587,0.10926989,0.08720099,0.31777176,0.018804878
2430,0.22668071,0.061226748,0.05207167,0.0365674,0.17460904,0.024659347
2431,0.5706551,0.052999105,0.087081626,0.06007295,0.4835735,-0.0070738457
2432,0.4282416,0.056047924,0.105571076,0.07459164,0.32267052,-0.018543713
2433,0.4535417,0.01788303,0.060206946,0.0382583,0.39333475,-0.020375269
2434,0.361307,0.020949863,0.06411109,0.041332345,0.2971959,-0.020382483
2435,0.32051829,0.08537743,0.10051374,0.07774349,0.22000454,0.0076339394
2436,0.42761782,0.034407534,0.040053498,0.027201114,0.38756433,0.0072064195
2437,0.3284699,0.060197875,0.048505254,0.034884643,0.27996466,0.025313232
2438,0.40974116,0.07727223,0.08826769,0.059781693,0.32147348,0.017490536
2439,0.4863091,0.06567623,0.0609371,0.04656887,0.425372,0.019107357
2440,0.32151958,0.06037981,0.061756458,0.04256962,0.25976312,0.017810192
2441,0.351885,0.06405171,0.07992972,0.05258484,0.27195528,0.011466868
2442,0.5908741,0.08983363,0.10667825,0.0773635,0.48419583,0.012470134
2443,0.38000026,0.05361219,0.062492657,0.04278336,0.3175076,0.01082883
2444,0.6770021,0.060637314,0.090284415,0.06937001,0.58671767,-0.008732695
2445,0.23190497,-0.0020774023,0.04006329,0.02354829,0.19184168,-0.025625693
2446,0.43795896,-0.011317056,0.0077732964,0.0039260807,0.43018565,-0.015243136
2447,0.7700243,0.09450788,0.13613005,0.09693303,0.63389426,-0.002425149
2448,0.31042504,0.04308586,0.053665474,0.040465854,0.25675958,0.0026200041
2449,0.4790661,0.048244726,0.07252777,0.054573093,0.40653834,-0.0063283667
2450,0.41575003,0.08944634,0.09273556,0.06265571,0.32301447,0.026790634
2451,0.45276543,0.083145514,0.11150344,0.074301235,0.34126198,0.008844279
2452,0.23704804,0.030773263,0.04109218,0.03380957,0.19595587,-0.0030363053
2453,0.550882,0.054192,0.08266681,0.060054425,0.46821517,-0.005862426
2454,0.3716721,0.049257968,0.07470546,0.05687564,0.29696664,-0.007617671
2455,0.277081,0.044508245,0.0687056,0.044187125,0.20837541,0.00032112002
2456,0.16774316,0.01533918,0.02385852,0.015214409,0.14388464,0.00012477115
2457,0.418541,0.05563748,0.06485043,0.047114182,0.3536906,0.008523297
2458,0.592217,0.059186924,0.09479665,0.06698707,0.49742037,-0.007800143
2459,0.4079993,0.069269955,0.062179852,0.046685744,0.34581944,0.022584211
2460,0.6014281,0.045526367,0.06823117,0.047020774,0.5331969,-0.0014944077
2461,0.49095425,0.055389307,0.079836085,0.061452165,0.41111815,-0.006062858
2462,0.6082853,0.10639585,0.10613199,0.079869166,0.50215334,0.026526682
2463,0.31942084,0.11901525,0.055077583,0.039219484,0.26434326,0.07979576
2464,0.39241686,0.046602827,0.08762912,0.05482903,0.30478776,-0.008226205
2465,0.5738572,0.049844854,0.06821099,0.051395126,0.5056462,-0.0015502721
2466,0.45379353,0.033291608,0.0656674,0.042403504,0.38812613,-0.009111896
2467,0.3231176,0.0863786,0.09041268,0.06815155,0.23270494,0.018227048
2468,0.39510906,0.10570836,0.09810706,0.06401557,0.297002,0.041692793
2469,0.062196366,0.08633999,0.027318163,0.019372616,0.0348782,0.06696737
2470,0.42264512,0.13566315,0.06430635,0.04806701,0.35833877,0.08759614
2471,0.58960164,0.0737224,0.1041356,0.07056198,0.48546603,0.003160417
2472,0.28231546,0.01660571,0.038896207,0.026027273,0.24341926,-0.009421563
2473,0.25467512,0.046084743,0.055530243,0.037688162,0.19914487,0.008396581
2474,0.16744807,0.05015671,0.03646306,0.024291458,0.13098502,0.025865251
2475,0.58784235,0.08347161,0.1083423,0.076704085,0.47950006,0.0067675263
2476,0.50993073,0.058228996,0.0733188,0.05312816,0.43661192,0.005100835
2477,0.38161403,0.06301524,0.07445762,0.052444533,0.3071564,0.010570705
2478,0.41932228,0.12784918,0.090068206,0.0612271,0.3292541,0.06662208
2479,0.52799165,0.114424706,0.10634137,0.077048734,0.4216503,0.03737597
2480,0.38558337,0.04999275,0.06435756,0.04749051,0.32122582,0.0025022402
2481,0.40697694,0.0047648847,0.03509907,0.024537692,0.37187788,-0.019772807
2482,0.33902526,0.0680046,0.051733714,0.038941465,0.28729156,0.029063135
2483,0.46975374,0.07528589,0.09633151,0.06397831,0.37342224,0.011307582
2484,0.6617923,0.07358288,0.12040463,0.09071989,0.5413877,-0.017137013
2485,0.4999401,0.04095101,0.08891203,0.055069823,0.41102806,-0.014118813
2486,0.4361008,0.08490266,0.09993605,0.0712427,0.33616477,0.0136599615
2487,0.70073044,0.10358736,0.11374881,0.08220072,0.58698165,0.021386638
2488,0.5499725,0.06210532,0.113276854,0.08117929,0.43669564,-0.01907397
2489,0.38979447,0.028472655,0.040352244,0.031051507,0.3494422,-0.0025788527
2490,0.37523082,0.10441719,0.12990656,0.10472625,0.24532425,-0.00030905753
2491,0.40977922,0.047662564,0.09196558,0.065580435,0.31781363,-0.017917871
2492,0.6455141,0.10699259,0.12860195,0.09378368,0.5169121,0.013208911
2493,0.34569088,0.018392507,0.037636455,0.021342373,0.30805442,-0.0029498655
2494,0.22080527,0.07703401,0.07827085,0.05244713,0.14253442,0.024586882
2495,0.42390084,0.057815477,0.064675875,0.044882298,0.35922498,0.01293318
2496,0.48637584,0.0479434,0.05269762,0.037104513,0.4336782,0.010838885
2497,0.35234222,0.044921406,0.07066809,0.04498417,0.28167415,-6.276369e-05
2498,0.52097726,0.06546479,0.11588404,0.08297035,0.40509322,-0.017505564
2499,0.44753116,0.055011954,0.08920563,0.060932267,0.35832554,-0.0059203133
2500,0.4714739,0.03757839,0.07854205,0.04781878,0.39293185,-0.010240391
2501,0.6429395,0.07116714,0.105861485,0.07163027,0.537078,-0.0004631281
2502,0.45340872,0.0067708385,0.03849178,0.02650222,0.41491693,-0.019731382
2503,0.33071578,0.070342675,0.05664888,0.03702401,0.2740669,0.033318665
2504,0.24878384,-0.00508611,0.0064340406,0.0049786614,0.2423498,-0.010064771
2505,0.26105723,0.034311667,0.042905606,0.032067485,0.21815163,0.002244182
2506,0.24135503,-1.954211e-05,0.05254112,0.032191325,0.18881391,-0.032210868
2507,0.4457773,0.093210936,0.11454231,0.08737686,0.331235,0.005834073
2508,0.1043012,0.103487566,0.035244357,0.023304012,0.06905684,0.08018355
2509,0.43335626,0.07334507,0.09753109,0.06744557,0.33582518,0.005899504
2510,0.6157444,0.058471814,0.0676337,0.042023145,0.5481107,0.01644867
2511,0.40845993,0.046115454,0.0715719,0.044271372,0.33688802,0.001844082
2512,0.4559514,0.043392785,0.050343174,0.03777322,0.4056082,0.005619563
2513,0.6400028,0.034822434,0.07344725,0.040614367,0.56655556,-0.0057919323
2514,0.33071157,0.025220897,0.06820485,0.0431994,0.26250672,-0.017978504
2515,0.38112843,-0.00014261983,0.050675258,0.03262639,0.33045316,-0.03276901
2516,0.6682434,0.1224778,0.15646803,0.10951553,0.5117754,0.012962267
2517,0.49985456,0.07738924,0.087234534,0.067627795,0.41262004,0.009761445
2518,0.41935506,0.04478625,0.043865003,0.03237729,0.37549007,0.012408957
2519,0.68101263,0.13853142,0.13241652,0.09593272,0.54859614,0.042598695
2520,0.4365208,0.04511055,0.07442172,0.053150166,0.3620991,-0.008039616
2521,0.3806505,0.048122685,0.06267981,0.04466861,0.3179707,0.0034540743
2522,0.59326935,0.08115209,0.101881325,0.0717118,0.49138802,0.009440288
2523,0.36935067,0.04862244,0.05327686,0.042991143,0.3160738,0.005631298
2524,0.3223135,0.050672054,0.052408356,0.03251277,0.26990512,0.018159285
2525,0.40970072,0.11210622,0.12885137,0.09258608,0.28084934,0.019520141
2526,0.52943707,0.07379409,0.09596012,0.067884505,0.43347695,0.0059095845
2527,0.15438557,0.014040918,0.028521996,0.018636517,0.12586357,-0.004595599
2528,0.40044847,0.015265663,0.05809694,0.042750277,0.34235153,-0.027484614
2529,0.33685344,0.04805462,0.047362253,0.035533253,0.28949118,0.0125213675
2530,0.52190024,0.04979077,0.03796327,0.021561058,0.48393697,0.028229712
2531,0.3108027,0.087775946,0.080921374,0.05920393,0.22988132,0.028572015
2532,0.39845264,0.012269229,0.098733634,0.06260509,0.299719,-0.05033586
2533,0.23928218,0.08267162,0.06578433,0.0456763,0.17349786,0.03699532
2534,0.5557202,0.06975554,0.08562073,0.05993467,0.47009948,0.009820871
2535,0.17807895,0.090610616,0.053381275,0.03253412,0.12469767,0.058076497
2536,0.31305647,0.08376344,0.09735959,0.07906086,0.21569687,0.004702583
2537,0.4093048,0.0841837,0.08604226,0.059370685,0.32326254,0.024813015
2538,0.54604506,0.08406357,0.08902312,0.06395394,0.45702195,0.020109624
2539,0.24972166,-0.0071783853,0.043472923,0.02623187,0.20624873,-0.033410255
2540,0.32643,0.0251914,0.051275767,0.034174386,0.27515423,-0.008982986
2541,0.48055136,0.033090226,0.10196063,0.06700024,0.37859073,-0.033910014
2542,0.7391316,0.024377806,0.050914776,0.034022745,0.68821687,-0.009644939
2543,0.1505155,0.033318102,0.039449956,0.025338802,0.11106554,0.0079793
2544,0.5430698,0.026944285,0.0749915,0.049446095,0.4680783,-0.02250181
2545,0.4615677,0.016106019,0.06705702,0.044361833,0.3945107,-0.028255815
2546,0.40168476,0.06382131,0.0983961,0.06981968,0.30328867,-0.005998373
2547,0.4341515,0.045407556,0.057871047,0.040727835,0.37628046,0.004679721
2548,0.44903883,0.028777113,0.04852424,0.034963522,0.4005146,-0.006186409
2549,0.4665807,0.11351274,0.09843049,0.077379555,0.3681502,0.036133185
2550,0.520022,0.10548472,0.10863625,0.08132506,0.41138572,0.024159655
2551,0.47938997,0.0772072,0.075126976,0.048104577,0.404263,0.029102623
2552,0.43732953,0.023026139,0.053017393,0.03864779,0.38431215,-0.015621651
2553,0.53834045,0.05388939,0.0926517,0.0604122,0.44568875,-0.006522808
2554,0.6202358,0.08721343,0.13745572,0.09802811,0.4827801,-0.010814682
2555,0.5653411,0.039288092,0.0855285,0.066674486,0.47981262,-0.027386393
2556,0.6769419,0.06849686,0.09719775,0.06595154,0.5797441,0.0025453195
2557,0.36867142,0.043263596,0.077862166,0.053792544,0.29080924,-0.010528948
2558,0.46257773,0.04386945,0.062459875,0.040754847,0.40011784,0.0031146035
2559,0.34456885,0.00027539383,0.042815223,0.030101456,0.30175364,-0.029826062
