feature_idx,seq_effect_obs,struct_effect_obs,seq_effect_shuffle,struct_effect_shuffle,seq_delta,struct_delta
0,0.07156229,0.050511096,0.08339571,0.06230455,-0.011833422,-0.011793453
1,0.9239635,0.29966176,0.46797812,0.28176576,0.45598537,0.017895997
2,-0.018180802,0.037403416,0.006017113,0.0046304455,-0.024197916,0.03277297
3,0.3841542,0.17332208,0.21687788,0.1683002,0.16727632,0.005021885
4,0.07026383,0.046036415,0.03870455,0.024584668,0.03155928,0.021451747
5,0.026248239,-0.0032504092,0.033942316,0.02578926,-0.0076940767,-0.02903967
6,0.075349405,0.07101912,0.034692883,0.024468658,0.040656522,0.04655046
7,0.025387071,0.10043977,0.041822564,0.030704696,-0.016435493,0.06973508
8,0.84607875,0.45829445,0.5389987,0.42198622,0.30708003,0.03630823
9,0.19012052,0.09180771,0.11796419,0.08238413,0.072156325,0.009423576
10,0.07514704,0.06284248,0.0382192,0.021834183,0.03692784,0.041008297
11,-0.029796446,0.117489815,0.01555388,0.0073620756,-0.045350324,0.11012774
12,0.6990075,0.27836293,0.34590194,0.25161943,0.35310557,0.026743501
13,0.12217068,0.0762277,0.07082789,0.056329545,0.051342793,0.019898158
14,0.19984168,0.10782004,0.09716348,0.07018237,0.102678195,0.037637673
15,0.13179183,0.08925855,0.083583795,0.056884643,0.048208036,0.03237391
16,0.6115458,0.27275848,0.29961237,0.22639479,0.31193343,0.046363696
17,0.05018473,0.045485836,0.03752862,0.028810227,0.012656111,0.016675608
18,0.10213388,0.04779063,0.05446422,0.035489324,0.047669657,0.012301307
19,0.10963266,0.043957703,0.08714294,0.063802734,0.022489727,-0.019845031
20,0.06694716,0.020218996,0.029345723,0.016744224,0.03760144,0.003474772
21,0.74123484,0.3070084,0.3582651,0.26332742,0.38296974,0.043680966
22,0.8633803,0.4031412,0.5024336,0.36415958,0.3609467,0.038981616
23,0.04082378,0.028830528,0.038920663,0.022331,0.0019031167,0.006499529
24,1.0293534,0.37252447,0.5425619,0.35072127,0.4867915,0.0218032
25,0.8987916,0.37037942,0.4747595,0.33925074,0.42403212,0.031128675
26,1.0785378,0.33327365,0.49189988,0.33645737,0.586638,-0.0031837225
27,0.9938563,0.49657798,0.67957145,0.44661063,0.31428486,0.04996735
28,0.074244715,0.06283149,0.06054434,0.027671017,0.0137003735,0.035160474
29,0.4205314,0.22128616,0.3168785,0.2022291,0.103652894,0.019057065
30,0.6031039,0.28723985,0.3442869,0.2621527,0.258817,0.025087148
31,0.046591744,-0.01897498,0.03921392,0.022334099,0.0073778257,-0.04130908
32,0.1561543,0.10393076,0.11115984,0.0724307,0.044994466,0.031500056
33,0.05033937,0.03295583,0.039998397,0.02795707,0.010340974,0.0049987584
34,0.059235737,0.056166165,0.0350598,0.02761422,0.024175938,0.028551945
35,0.23175769,0.09583357,0.11582354,0.089343816,0.11593415,0.0064897537
36,1.3934982,0.7309609,1.0079894,0.7407267,0.38550878,-0.009765804
37,0.009538717,0.0018462064,0.044146422,0.030259592,-0.034607705,-0.028413385
38,0.8125842,0.31523094,0.41682616,0.31028453,0.39575806,0.0049464107
39,0.07047333,0.059210323,0.05499476,0.036854587,0.01547857,0.022355735
40,0.62172705,0.24332297,0.33454597,0.24231249,0.28718108,0.0010104775
41,0.35350376,0.23930022,0.3023731,0.2155767,0.051130652,0.023723528
42,0.11905127,0.041545432,0.06860252,0.045455147,0.050448753,-0.0039097145
43,0.12899657,0.05042383,0.08668071,0.054569535,0.042315856,-0.004145704
44,0.21509875,0.1887786,0.14043163,0.10125157,0.074667126,0.08752702
45,0.039532315,0.010886448,0.030996814,0.018739043,0.008535501,-0.007852594
46,0.6843689,0.20361604,0.2697546,0.2083527,0.41461432,-0.004736662
47,0.1496883,0.07330818,0.105063476,0.06883794,0.044624828,0.0044702366
48,0.103401035,0.10110709,0.07000965,0.04237882,0.033391386,0.05872827
49,0.488554,0.24424382,0.34061176,0.21909066,0.14794225,0.02515316
50,-0.041307352,0.18163647,0.027652979,0.012080504,-0.06896033,0.16955596
51,0.18093023,0.10411774,0.10728207,0.08014655,0.073648155,0.023971193
52,0.06256295,0.056523345,0.05059854,0.037556957,0.011964411,0.018966388
53,0.63890743,0.24658208,0.36975965,0.25184676,0.26914778,-0.0052646846
54,1.0030516,0.31908756,0.56032676,0.34216174,0.44272488,-0.02307418
55,0.07098682,0.06649042,0.047360998,0.03238076,0.023625825,0.03410966
56,0.14967509,0.211055,0.11023034,0.09275801,0.039444745,0.11829699
57,0.12367517,0.028549591,0.053821824,0.025047304,0.06985334,0.003502287
58,0.051939923,0.02168875,0.029229987,0.0198442,0.022709936,0.0018445496
59,0.77860165,0.32357597,0.34942168,0.26431075,0.42917997,0.059265226
60,0.8421832,0.40715566,0.5000396,0.383602,0.3421436,0.02355367
61,0.03989751,-0.011776878,0.026038032,0.016359393,0.013859477,-0.02813627
62,1.0607518,0.35084847,0.50891477,0.3636062,0.551837,-0.012757748
63,0.07870837,0.12186197,0.06991146,0.045973867,0.008796915,0.075888105
64,0.7881106,0.3424406,0.43343368,0.2909915,0.35467693,0.05144912
65,0.1996996,0.075676546,0.097324565,0.07018257,0.10237503,0.005493976
66,0.021889135,0.010484135,0.01310063,0.009152478,0.008788506,0.0013316572
67,1.068199,0.50799954,0.5844068,0.44393086,0.48379225,0.064068675
68,0.09342118,0.0532245,0.0664667,0.043211613,0.026954487,0.010012887
69,-0.031262107,0.11743329,0.009912902,0.0035398013,-0.041175008,0.11389349
70,1.2677096,0.6106527,0.81404924,0.5991436,0.45366037,0.011509061
71,0.066301145,0.05745198,0.030042002,0.025272163,0.036259145,0.032179818
72,0.48615718,0.19757336,0.27858195,0.20270067,0.20757523,-0.0051273108
73,0.5967562,0.25914446,0.35653186,0.2369792,0.24022436,0.022165254
74,0.039527807,-0.013031244,0.017653314,0.013388641,0.021874493,-0.026419885
75,0.5223533,0.19202794,0.28504446,0.20402233,0.23730883,-0.011994392
76,0.83573705,0.39997238,0.5447862,0.3680927,0.29095083,0.031879693
77,0.028616145,0.0436528,0.015350599,0.008556321,0.013265546,0.035096478
78,1.0328815,0.4651514,0.61446273,0.45235965,0.41841877,0.012791753
79,0.7878583,0.2424469,0.3361254,0.22151104,0.4517329,0.020935863
80,0.84971505,0.2908595,0.46493098,0.3066648,0.38478407,-0.015805304
81,0.013812576,0.13272864,0.032014195,0.014144089,-0.01820162,0.11858454
82,-0.03140065,0.12088049,0.015388735,0.0063831895,-0.046789385,0.114497304
83,0.8526008,0.4858114,0.56541514,0.4207886,0.28718567,0.065022826
84,1.0793083,0.5150436,0.74870217,0.49091575,0.3306061,0.02412787
85,0.6983333,0.34745744,0.4357119,0.31455445,0.26262143,0.032902986
86,0.03964088,0.063701846,0.047927707,0.033371486,-0.008286826,0.03033036
87,0.28630802,0.09336808,0.14144057,0.092406034,0.14486745,0.00096204877
88,0.47211644,0.246904,0.2992334,0.22946465,0.17288303,0.01743935
89,0.030690214,0.014522872,0.026248794,0.018457925,0.0044414196,-0.003935053
90,0.07132148,0.21644168,0.04576547,0.03832097,0.02555601,0.1781207
91,0.87247396,0.48540008,0.6005589,0.4383736,0.27191508,0.047026485
92,0.056014914,0.048691675,0.021521099,0.016764784,0.034493815,0.031926893
93,0.5099101,0.2120286,0.32315898,0.22396639,0.18675113,-0.011937797
94,0.8612686,0.34601495,0.6118208,0.35011944,0.24944776,-0.004104495
95,0.052306727,0.10579319,0.04628599,0.026668394,0.006020736,0.0791248
96,0.025471639,0.052903127,0.021346295,0.018962381,0.0041253436,0.033940747
97,1.1810633,0.35535216,0.45559654,0.33426014,0.7254667,0.021092027
98,1.0496602,0.5795762,0.7691686,0.53332245,0.2804916,0.04625374
99,0.14636847,0.15775035,0.11393404,0.07540349,0.032434434,0.082346864
100,0.07467913,0.012379309,0.039580822,0.030248355,0.035098307,-0.017869046
101,0.15420613,0.070456415,0.091718085,0.062330175,0.06248804,0.00812624
102,0.0542687,0.014714545,0.04629396,0.031860165,0.00797474,-0.01714562
103,0.056590024,0.14836438,0.05617062,0.040484242,0.00041940436,0.10788014
104,-0.040345933,0.11492631,0.0045542973,-0.0010937523,-0.04490023,0.11602006
105,0.91088885,0.4514639,0.52071434,0.39070988,0.3901745,0.06075403
106,0.11531869,0.020970805,0.1014058,0.059250988,0.013912894,-0.03828018
107,0.1037833,0.084734045,0.0634518,0.04609056,0.040331505,0.038643487
108,0.05179121,0.03928627,0.0114545105,0.010022701,0.0403367,0.02926357
109,0.8388878,0.29310054,0.5153067,0.3422315,0.3235811,-0.049130976
110,0.07404302,0.11346536,0.04772876,0.035924815,0.026314262,0.07754055
111,1.0094643,0.35505852,0.47168782,0.33769622,0.53777647,0.017362297
112,0.007907689,-0.05380524,0.021824863,0.008468697,-0.013917174,-0.062273934
113,0.9355035,0.486202,0.5119985,0.4026231,0.423505,0.083578914
114,0.08464544,0.14822678,0.07028805,0.043424834,0.0143573955,0.10480195
115,0.78608125,0.42024228,0.51054823,0.3535115,0.27553302,0.06673077
116,0.23187564,0.09704354,0.107386015,0.091629036,0.12448963,0.005414501
117,0.6071243,0.22566144,0.2801204,0.18990934,0.32700393,0.035752103
118,1.0442573,0.5161363,0.693685,0.5287938,0.3505723,-0.012657523
119,1.0444996,0.43500304,0.58063245,0.43544552,0.4638672,-0.00044247508
120,-0.027172651,0.13048315,0.022909233,0.010888662,-0.050081886,0.119594485
121,0.0971491,0.08445441,0.064857446,0.03704223,0.03229165,0.04741218
122,0.08301285,0.11925443,0.06772987,0.047365017,0.015282981,0.071889415
123,1.0044922,0.49050263,0.62279636,0.4663575,0.3816958,0.024145126
124,0.19430594,0.15764304,0.100673035,0.06798723,0.09363291,0.0896558
125,0.06534615,-0.018603379,0.043835178,0.021686198,0.021510974,-0.040289577
126,1.256631,0.28016385,0.32492313,0.24270004,0.93170786,0.037463814
127,0.34996384,0.20457171,0.26399434,0.19611044,0.08596951,0.008461267
128,0.02393828,-0.013261642,0.014085681,0.010270178,0.009852598,-0.02353182
129,0.880857,0.386103,0.54037493,0.3791369,0.34048206,0.006966114
130,0.020652289,-0.033305798,0.016376192,0.008394492,0.004276097,-0.04170029
131,0.73736984,0.3097039,0.4194572,0.29463643,0.31791264,0.015067458
132,-0.027352609,0.11983801,0.010012338,0.0030775708,-0.037364945,0.11676043
133,0.68991417,0.26227015,0.3754962,0.27735153,0.31441796,-0.015081376
134,0.8416143,0.37180063,0.42645863,0.30089518,0.41515568,0.07090545
135,0.24392378,0.0841025,0.13638642,0.07724597,0.10753736,0.0068565235
136,0.096461676,0.063840844,0.07281467,0.04390853,0.023647003,0.019932315
137,0.9243905,0.2739708,0.3199909,0.22538902,0.60439956,0.048581794
138,0.9769907,0.5016411,0.58827525,0.40121737,0.38871545,0.10042372
139,1.0966252,0.54369473,0.67992735,0.49319905,0.41669786,0.050495684
140,0.029336046,0.18123133,0.028242758,0.023368543,0.0010932889,0.1578628
141,0.23185608,0.11614106,0.1609476,0.09785792,0.07090847,0.018283136
142,0.02866698,-0.027021969,0.03338631,0.018389286,-0.004719328,-0.045411255
143,0.64549613,0.22688873,0.26053894,0.18369867,0.3849572,0.043190062
144,0.4308756,0.1559113,0.19214562,0.15311098,0.23872998,0.0028003156
145,0.04768431,0.042359065,0.04768094,0.037637725,3.3676624e-06,0.00472134
146,0.14338706,0.08842903,0.10566111,0.08463597,0.037725955,0.0037930533
147,0.053635288,0.033347484,0.026917042,0.022975769,0.026718246,0.010371715
148,0.050580304,0.055541936,0.03227611,0.024596954,0.018304195,0.030944983
149,0.7860797,0.3053303,0.44419825,0.29463822,0.34188145,0.01069209
150,0.91358155,0.33332378,0.5376779,0.32585403,0.37590367,0.0074697435
151,0.24924146,0.15972239,0.17282873,0.13633065,0.07641272,0.023391739
152,0.6839921,0.19203769,0.22699672,0.17004733,0.45699537,0.021990359
153,0.07570641,0.06416416,0.04989987,0.042469837,0.025806539,0.021694325
154,1.0308577,0.5909699,0.7719198,0.5886918,0.2589379,0.0022781491
155,0.06230896,0.07098523,0.05048837,0.039687477,0.011820588,0.03129775
156,0.051373757,0.041113425,0.041582346,0.025162553,0.009791411,0.015950872
157,0.8255504,0.44112936,0.55555284,0.4066674,0.26999754,0.034461945
158,0.060212363,0.06911966,0.06912387,0.057398457,-0.008911509,0.011721205
159,0.2468388,0.17410894,0.21116573,0.17093311,0.035673067,0.0031758249
160,1.5988964,0.9473586,1.2156693,0.9024217,0.3832271,0.044936895
161,0.101800404,0.053308036,0.056139946,0.04470026,0.04566046,0.008607775
162,1.0445781,0.42699996,0.75638884,0.4589642,0.28818923,-0.031964242
163,0.7008136,0.31174156,0.42775178,0.31273967,0.2730618,-0.0009981096
164,0.07473174,0.15635818,0.05956522,0.0393874,0.015166517,0.11697078
165,1.0204736,0.18736355,0.31980798,0.23482168,0.7006656,-0.047458127
166,0.94634235,0.496102,0.63451266,0.46915317,0.3118297,0.02694884
167,0.07272374,0.119677715,0.05693518,0.039567057,0.015788559,0.080110654
168,0.97181016,0.52682644,0.7123674,0.4959149,0.25944275,0.030911535
169,0.1602802,0.181779,0.09973706,0.06758232,0.060543135,0.11419668
170,1.07706,0.38462,0.3944525,0.31891888,0.6826075,0.06570113
171,0.042740088,0.023232367,0.0505712,0.033401806,-0.007831112,-0.010169439
172,0.58253485,0.2773302,0.3678416,0.25401086,0.21469325,0.023319334
173,0.020302111,-0.026947396,0.022804504,0.015178981,-0.002502393,-0.042126376
174,1.0683029,0.4560094,0.69020516,0.48197415,0.3780977,-0.025964767
175,0.27708808,0.12919271,0.16593258,0.11393008,0.111155495,0.015262634
176,0.080432296,0.10326976,0.054418292,0.038245052,0.026014004,0.06502471
177,0.049457602,0.009836008,0.04983279,0.03231828,-0.0003751889,-0.022482272
178,0.058192298,0.0025552034,0.031015279,0.026012653,0.027177019,-0.02345745
179,1.2261035,0.48662183,0.64456576,0.46684468,0.5815378,0.019777149
180,0.9040693,0.4445474,0.5638677,0.42230645,0.34020162,0.022240967
181,0.758206,0.19322994,0.2602177,0.19554052,0.4979883,-0.002310574
182,0.8944144,0.29955938,0.4583975,0.31436113,0.43601692,-0.014801741
183,0.079492226,-0.02042492,0.067204066,0.04524054,0.012288161,-0.06566546
184,0.008959603,0.03984301,0.008053613,0.0071853246,0.00090598967,0.032657687
185,0.13032834,0.003375834,0.06436673,0.04298488,0.065961614,-0.039609045
186,1.233745,0.41828954,0.5033318,0.36079785,0.7304132,0.05749169
187,1.1391191,0.35919768,0.6034536,0.38860512,0.5356656,-0.029407442
188,0.93996,0.58321303,0.77684706,0.57578516,0.16311294,0.007427871
189,1.364744,0.5261789,0.7976631,0.51303643,0.56708086,0.013142467
190,0.82437384,0.42594987,0.5812075,0.40957215,0.24316633,0.016377717
191,0.32753038,0.10378362,0.13284479,0.08422273,0.1946856,0.019560896
192,1.0166445,0.4693129,0.5548411,0.41131145,0.46180338,0.05800146
193,0.093132325,0.09567388,0.062621884,0.03808217,0.03051044,0.05759171
194,0.49845207,0.19316211,0.24987595,0.16452038,0.24857612,0.02864173
195,0.056033168,-0.031106675,0.042119637,0.022921238,0.013913531,-0.054027915
196,0.61760634,0.1829792,0.27092752,0.18527487,0.34667882,-0.002295673
197,0.33433613,0.15174702,0.18671212,0.11997928,0.14762402,0.03176774
198,0.8502613,0.32377252,0.50587785,0.33673435,0.34438342,-0.012961835
199,0.13582233,0.083776936,0.09369822,0.07224835,0.042124107,0.011528589
200,0.09952952,0.0041721435,0.09273281,0.05105165,0.00679671,-0.046879508
201,0.07452018,0.039898,0.035007417,0.017901309,0.03951276,0.021996692
202,0.15494005,0.06143407,0.07483119,0.055123284,0.080108866,0.006310787
203,0.18195188,0.10878828,0.12845807,0.095199116,0.053493813,0.013589166
204,0.22096997,0.13184279,0.17164637,0.12341689,0.049323604,0.008425899
205,0.9981483,0.39010686,0.52667785,0.3954232,0.47147048,-0.005316347
206,0.5329504,0.24544255,0.27737296,0.19646999,0.25557745,0.048972562
207,0.010194665,-0.042415805,0.016840942,0.008644757,-0.0066462774,-0.05106056
208,0.5039396,0.0978812,0.19019929,0.118329965,0.31374034,-0.020448767
209,0.86783344,0.1394663,0.31361791,0.21594048,0.55421555,-0.076474175
210,0.58481413,0.16582195,0.26896563,0.16922642,0.3158485,-0.0034044683
211,0.9062975,0.2418481,0.32576093,0.23674679,0.5805366,0.005101308
212,-0.046943307,0.12549001,0.0022974692,-0.0024435841,-0.049240775,0.12793359
213,0.6783239,0.23420548,0.2621042,0.19748619,0.4162197,0.036719292
214,0.7256637,0.3113776,0.3704887,0.27386943,0.35517502,0.03750819
215,0.076301135,0.015684748,0.061462916,0.04239364,0.014838219,-0.026708892
216,0.21520382,0.052501623,0.092217706,0.06657579,0.122986116,-0.014074165
217,0.681931,0.25682595,0.36419377,0.24187757,0.31773725,0.014948383
218,0.09006627,0.068990774,0.06872938,0.047238167,0.02133689,0.021752607
219,0.7329412,0.21648249,0.31273326,0.23617464,0.42020795,-0.019692153
220,0.124595635,0.069463044,0.10557434,0.08333373,0.019021295,-0.013870686
221,0.66592735,0.24233745,0.33821186,0.24786179,0.3277155,-0.0055243373
222,0.5182873,0.19442439,0.2645573,0.18980026,0.25373,0.0046241283
223,0.13296665,0.008376111,0.06589404,0.04303319,0.067072615,-0.03465708
224,1.1393261,0.61097646,0.79117876,0.6212911,0.34814733,-0.010314643
225,0.16948925,0.10449561,0.07098343,0.056823727,0.09850582,0.04767188
226,0.05815096,0.015250376,0.037079126,0.02116539,0.021071833,-0.005915013
227,1.0160722,0.32013333,0.47043237,0.3084492,0.54563975,0.01168412
228,0.9257039,0.5689472,0.7412589,0.5427775,0.18444496,0.026169717
229,0.055224422,-0.018446509,0.031099986,0.01758241,0.024124436,-0.036028918
230,0.1388057,0.04460094,0.13471867,0.08121842,0.004087031,-0.03661748
231,0.08247679,0.0021349436,0.05516124,0.033531748,0.027315546,-0.031396803
232,-0.0053280904,-0.011109106,0.0082203625,0.0038228454,-0.013548452,-0.014931952
233,0.18771009,0.063136175,0.124545164,0.076185256,0.06316493,-0.013049081
234,0.82273597,0.30638754,0.4918142,0.33415437,0.33092177,-0.027766824
235,0.04027852,0.060597144,0.034725904,0.024557164,0.005552616,0.03603998
236,0.06760688,0.035731047,0.039281987,0.024401672,0.028324895,0.011329375
237,0.17791387,0.079503395,0.10166461,0.06983947,0.076249264,0.009663925
238,0.9278635,0.27043188,0.21241194,0.1652993,0.71545154,0.10513258
239,0.934831,0.10868876,0.18041597,0.12919955,0.75441504,-0.020510793
240,1.0602845,0.60502446,0.8567522,0.5737954,0.20353228,0.031229079
241,0.91407967,0.21870275,0.35046697,0.22234054,0.5636127,-0.0036377907
242,0.060250737,0.03996486,0.04745595,0.03417741,0.012794785,0.005787447
243,0.6842339,0.13165708,0.24508268,0.12998763,0.43915123,0.0016694516
244,0.034946214,0.09281983,0.02651412,0.022111826,0.008432094,0.07070801
245,0.8210836,0.4054334,0.6017284,0.45156938,0.21935523,-0.04613599
246,0.059593454,0.036402114,0.03186745,0.023574132,0.027726006,0.012827981
247,0.95355755,0.5606144,0.75038767,0.5407566,0.20316988,0.019857824
248,0.7776542,0.37898892,0.44821247,0.34096938,0.3294417,0.038019538
249,0.7083663,0.32770577,0.4760462,0.33060104,0.23232007,-0.0028952658
250,0.057066184,0.035459585,0.03333352,0.02330985,0.023732662,0.012149736
251,0.040580116,0.0033891343,0.06301507,0.04249086,-0.022434957,-0.039101724
252,0.06884685,-0.024908286,0.038343307,0.022835296,0.030503545,-0.04774358
253,1.0883002,0.42090124,0.40021342,0.27686027,0.6880868,0.14404097
254,0.037413493,0.03991739,0.026511021,0.024766572,0.010902472,0.015150819
255,0.5814236,0.2374225,0.30264044,0.2266226,0.27878314,0.0107999
256,0.0731215,0.008727836,0.052271515,0.035944127,0.020849988,-0.02721629
257,-0.020666704,0.119853534,0.01672192,0.008337688,-0.037388623,0.11151585
258,0.053133916,-0.044845097,0.040877152,0.02271035,0.012256764,-0.06755544
259,0.74958116,0.35534072,0.45772862,0.33078644,0.29185253,0.024554282
260,0.13776252,0.027866248,0.089670934,0.0533756,0.048091583,-0.025509354
261,0.03087249,0.00975434,0.027840128,0.015731972,0.003032362,-0.0059776315
262,-0.0089228,0.0038070085,0.0043895505,0.0007467603,-0.013312351,0.0030602482
263,0.62648386,0.26635355,0.30338866,0.23217016,0.3230952,0.034183383
264,0.82986337,0.46759006,0.57223725,0.40897262,0.25762612,0.058617443
265,1.0314236,0.2503095,0.37836155,0.25720787,0.653062,-0.0068983734
266,0.55430585,0.20152196,0.3238931,0.21273756,0.23041275,-0.011215597
267,1.0005143,0.5030279,0.7643845,0.51136297,0.23612976,-0.008335054
268,0.98860365,0.5291402,0.7044678,0.51946276,0.28413588,0.00967741
269,0.6150409,0.25321504,0.33682334,0.2479813,0.27821755,0.0052337497
270,0.14434685,0.10003737,0.080276355,0.063488744,0.06407049,0.03654863
271,0.11022332,0.08780093,0.056939088,0.03904227,0.053284235,0.048758656
272,0.70477515,0.2505347,0.30960694,0.20870616,0.39516822,0.041828558
273,0.7900008,0.23447031,0.32662433,0.23174654,0.46337646,0.0027237684
274,0.77657676,0.34183195,0.45776707,0.32863262,0.3188097,0.013199329
275,0.09613319,-0.0020904797,0.07147398,0.04903471,0.024659209,-0.05112519
276,0.016356222,0.0022771999,0.00641485,0.0057015806,0.009941373,-0.0034243807
277,0.91627234,0.18890521,0.27900618,0.19346774,0.63726616,-0.004562527
278,-0.046336547,0.12943031,0.008976821,0.0021097271,-0.055313367,0.12732059
279,0.24290188,0.21992794,0.19527158,0.15393513,0.047630295,0.0659928
280,0.6026842,0.27966204,0.4131004,0.26332423,0.18958381,0.016337812
281,0.7506589,0.26427245,0.3208436,0.2265065,0.42981532,0.03776595
282,-0.002185412,0.11404211,0.024120435,0.0148336915,-0.026305847,0.09920842
283,0.040471308,-0.021499755,0.04622982,0.03048539,-0.0057585128,-0.051985145
284,0.8724164,0.38996753,0.54628384,0.35037953,0.32613254,0.039588004
285,0.22568811,0.12258509,0.13504,0.10987926,0.090648115,0.012705825
286,0.013718935,0.13609907,0.01874248,0.0116686635,-0.0050235447,0.1244304
287,0.73607117,0.29977262,0.35560167,0.2616226,0.3804695,0.038150012
288,0.69276816,0.33111715,0.45862904,0.29524487,0.23413911,0.03587228
289,-0.007679345,0.01973992,0.01502132,0.0111405635,-0.022700666,0.008599357
290,1.0965806,0.34171808,0.4744474,0.35020936,0.62213326,-0.008491278
291,0.57508904,0.28059623,0.3689281,0.26133,0.20616093,0.019266218
292,0.06971696,0.12177916,0.043226894,0.027917271,0.026490066,0.093861885
293,0.85201144,0.25675163,0.51432353,0.31129962,0.3376879,-0.054547995
294,0.23205733,0.07129669,0.10418796,0.06288516,0.12786937,0.008411534
295,0.7046377,0.359727,0.49310485,0.3501945,0.21153286,0.009532481
296,0.68330956,0.24893881,0.32941163,0.21574356,0.35389793,0.033195257
297,0.72522503,0.32332525,0.42666546,0.29283318,0.29855958,0.030492067
298,0.10853959,0.06713494,0.05484645,0.0431538,0.053693138,0.023981139
299,0.05133775,-0.020456908,0.042814113,0.024626471,0.008523636,-0.04508338
300,0.56402636,0.24666436,0.2935857,0.19384405,0.27044067,0.05282031
301,1.050874,0.370133,0.52348995,0.3730679,0.52738404,-0.002934873
302,0.8320326,0.42723176,0.5698363,0.4101868,0.2621963,0.017044961
303,0.18217058,0.06694321,0.09782484,0.06907568,0.08434574,-0.002132468
304,0.057400182,0.13189359,0.035294723,0.030020451,0.02210546,0.10187314
305,0.89637417,0.3949765,0.6216926,0.43241692,0.27468157,-0.03744042
306,1.0451866,0.568201,0.7936651,0.5256493,0.25152153,0.042551696
307,0.8616134,0.2822175,0.35897386,0.26876175,0.50263953,0.013455749
308,0.9436406,0.36795172,0.46513867,0.33389366,0.47850192,0.034058064
309,0.18352737,0.18830681,0.12133227,0.079329796,0.062195092,0.10897701
310,0.05568022,0.042520497,0.02988767,0.028160537,0.025792548,0.01435996
311,0.45647442,0.13943316,0.16599517,0.11774971,0.29047924,0.021683447
312,0.081191696,0.00571517,0.024134435,0.015100715,0.05705726,-0.009385545
313,0.63173556,0.23086841,0.3589963,0.25629306,0.27273926,-0.025424644
314,0.1315298,0.03780744,0.08866276,0.06546832,0.042867035,-0.02766088
315,0.0888905,0.037230004,0.037181996,0.025513317,0.051708505,0.011716686
316,0.022948762,0.02282619,0.012042718,0.008769704,0.010906044,0.014056485
317,0.08756477,0.16251522,0.06450088,0.04918612,0.023063883,0.1133291
318,0.08680235,0.03247134,0.056189243,0.04575314,0.030613106,-0.0132818
319,0.025570054,0.13638717,0.03378872,0.023203842,-0.008218665,0.11318333
320,1.0186675,0.31066385,0.3763616,0.29052123,0.64230585,0.020142615
321,0.60564655,0.24419014,0.32942635,0.25433725,0.2762202,-0.01014711
322,0.3753566,0.06379035,0.07140809,0.04633236,0.30394852,0.017457992
323,0.1550292,0.15529521,0.09343587,0.06827111,0.061593324,0.0870241
324,0.0031602765,0.009895042,0.018135564,0.01114164,-0.014975288,-0.0012465985
325,0.00720863,-0.047929432,0.012818001,0.0038077384,-0.0056093712,-0.05173717
326,0.2939053,0.14128259,0.16374983,0.107748054,0.13015546,0.033534534
327,0.065885775,0.13816786,0.046047192,0.032978147,0.019838583,0.10518971
328,0.053105928,0.043913323,0.019328216,0.013697446,0.033777714,0.030215878
329,0.04125565,0.1503804,0.03168019,0.023589762,0.00957546,0.12679064
330,-0.041783106,0.15408179,0.007049348,0.0043854113,-0.048832454,0.14969638
331,-0.0136614945,0.21827503,0.019883523,0.017129056,-0.033545017,0.20114598
332,0.104800805,0.09019339,0.06324832,0.04791237,0.041552484,0.04228102
333,0.24516691,0.14330164,0.118018664,0.08870953,0.12714824,0.054592103
334,-0.044291954,0.11196125,0.0070011057,0.0010171521,-0.05129306,0.1109441
335,1.4828341,0.5112612,0.7347278,0.56421906,0.7481063,-0.052957833
336,0.7656152,0.4182161,0.5176964,0.34385636,0.24791884,0.074359745
337,0.7044516,0.15741882,0.20260115,0.14478242,0.5018505,0.012636393
338,0.017693497,0.046303153,0.034401864,0.03271686,-0.016708367,0.013586294
339,-0.0023549073,0.0040107598,0.01277982,0.009368488,-0.015134728,-0.005357728
340,0.041605163,0.048520025,0.020737395,0.0133216465,0.020867769,0.03519838
341,0.030976817,0.0022259383,0.018329645,0.0133121,0.012647172,-0.011086162
342,0.12868904,0.0850885,0.07569069,0.057975326,0.05299835,0.027113173
343,0.22312942,0.10701303,0.120093316,0.081480354,0.103036106,0.025532678
344,-0.018674225,0.1209119,0.01592305,0.007983573,-0.034597274,0.11292833
345,0.6332639,0.13106371,0.20926619,0.14983542,0.4239977,-0.018771708
346,0.07965987,-0.0042198487,0.041103538,0.03107342,0.038556334,-0.035293266
347,0.06280657,0.048286844,0.049212,0.03287258,0.013594568,0.015414264
348,0.32307148,0.16557115,0.18586165,0.14313129,0.13720983,0.022439867
349,0.10563582,0.109491736,0.07326302,0.046194874,0.032372802,0.06329686
350,0.11514097,0.028137242,0.07965419,0.057100993,0.03548678,-0.02896375
351,1.3953841,0.6222754,0.8475002,0.5707114,0.54788387,0.051564038
352,0.028609976,0.118347295,0.03188128,0.0191098,-0.003271304,0.099237494
353,0.86922294,0.31344488,0.50756377,0.34896618,0.36165917,-0.0355213
354,0.19323608,0.13211104,0.16759014,0.12507471,0.025645941,0.0070363283
355,0.1160487,0.14710408,0.07927669,0.057992913,0.036772013,0.08911117
356,0.7998917,0.387588,0.55964994,0.38796926,0.24024177,-0.0003812611
357,0.82200015,0.3442124,0.42183074,0.32593682,0.4001694,0.018275589
358,0.66622317,0.23070394,0.30794916,0.2144074,0.358274,0.016296536
359,0.04947534,-0.016798083,0.032861464,0.019794738,0.016613875,-0.03659282
360,0.92025197,0.39965346,0.50628275,0.3546745,0.41396922,0.044978976
361,0.025011593,-0.008851757,0.04582534,0.029409152,-0.020813746,-0.038260907
362,0.70898473,0.27636373,0.3625614,0.28231907,0.34642333,-0.0059553385
363,0.61406916,0.22707121,0.3161651,0.21908924,0.29790407,0.007981971
364,0.35674882,0.13330615,0.15491031,0.107351236,0.20183851,0.02595491
365,0.032932073,-0.021198647,0.02987846,0.019820005,0.003053613,-0.04101865
366,0.62253016,0.2083497,0.28068537,0.18971047,0.3418448,0.018639237
367,0.84537274,0.27225372,0.3530073,0.25621167,0.49236545,0.016042054
368,0.7425035,0.3248561,0.55582523,0.330564,0.18667829,-0.00570789
369,0.08866438,0.060841285,0.05734268,0.039499678,0.031321704,0.021341607
370,0.29878283,0.21039823,0.23777582,0.16799286,0.061007008,0.042405367
371,0.8012123,0.38620168,0.4889902,0.34203765,0.31222212,0.04416403
372,0.1947507,0.09248058,0.14955118,0.113063194,0.045199513,-0.020582616
373,0.81168467,0.24846686,0.35000515,0.2376564,0.46167952,0.010810465
374,-0.011561175,0.25102472,0.022773558,0.017514765,-0.034334734,0.23350996
375,0.03579641,0.05354268,0.024360351,0.020819807,0.01143606,0.032722875
376,0.74670964,0.33294806,0.39444435,0.30129007,0.3522653,0.031657994
377,0.56088495,0.2611239,0.30294257,0.22129244,0.25794238,0.03983146
378,0.15634623,0.046329174,0.09841827,0.052442666,0.05792796,-0.006113492
379,0.6906097,0.33710432,0.45453888,0.338483,0.23607081,-0.0013786852
380,0.12470036,0.14607853,0.114149615,0.063304566,0.010550745,0.08277396
381,0.12736268,0.051214058,0.100628234,0.06049061,0.026734449,-0.00927655
382,0.06994974,0.04352278,0.039893445,0.027621042,0.030056294,0.015901737
383,0.81551045,0.29039973,0.4965891,0.32813346,0.31892136,-0.037733734
384,0.56326485,0.300936,0.3589009,0.27247062,0.20436394,0.02846539
385,0.6226681,0.20265695,0.20502256,0.14565782,0.4176455,0.056999132
386,0.3088053,0.097547874,0.1877239,0.12127926,0.12108138,-0.023731388
387,0.050174877,0.058104336,0.035801124,0.025046714,0.014373753,0.033057623
388,0.56296074,0.17830987,0.2740377,0.17518468,0.28892305,0.0031251907
389,-0.006679189,-0.009852386,0.022061305,0.015007764,-0.028740494,-0.024860151
390,1.0389128,0.41807753,0.5711059,0.42072496,0.46780688,-0.0026474297
391,-0.03735061,0.11702332,0.011486591,0.0072826785,-0.0488372,0.10974064
392,0.74949235,0.40479425,0.46260667,0.35335568,0.28688568,0.05143857
393,0.008563356,0.01847141,0.014880552,0.009713936,-0.0063171964,0.008757475
394,-0.0069396193,0.024687748,0.008840507,0.007759958,-0.015780127,0.01692779
395,0.06392986,0.06844615,0.044476442,0.033896513,0.019453421,0.03454964
396,0.16223192,0.052540995,0.109154634,0.082582206,0.053077288,-0.03004121
397,0.5952717,0.22542506,0.30124927,0.21524574,0.29402244,0.010179326
398,0.07247035,-0.012792165,0.052164502,0.033164665,0.02030585,-0.04595683
399,0.11185375,0.09176176,0.110590994,0.08519139,0.0012627542,0.006570369
400,0.9856367,0.440581,0.5444135,0.39267305,0.4412232,0.04790795
401,0.5782856,0.1387349,0.18410888,0.13756493,0.3941767,0.0011699796
402,0.867766,0.3604665,0.5100385,0.33527958,0.35772753,0.025186926
403,0.38821262,0.25680476,0.2792726,0.2086092,0.108940035,0.04819557
404,0.71525896,0.270698,0.48273286,0.3053702,0.2325261,-0.0346722
405,0.9226221,0.3996766,0.5577257,0.40421894,0.36489636,-0.004542351
406,0.14399423,0.09282647,0.08011008,0.05599731,0.06388415,0.036829162
407,0.108226724,0.04294024,0.051099014,0.039833933,0.05712771,0.0031063072
408,0.10812393,0.092624836,0.09300371,0.07593761,0.015120216,0.01668723
409,0.15003015,0.13453847,0.112021714,0.07237249,0.038008437,0.062165983
410,0.63436174,0.35804766,0.3866693,0.3020327,0.24769244,0.056014955
411,0.1392433,0.07644827,0.08605143,0.05977066,0.053191878,0.01667761
412,0.0019358126,0.0488367,0.00725331,0.007353255,-0.0053174975,0.041483447
413,0.1132671,0.06705682,0.06645385,0.05626898,0.04681325,0.010787841
414,0.044714194,0.15533249,0.040927358,0.033352762,0.0037868358,0.12197973
415,0.14115483,0.09918148,0.101999566,0.0773651,0.03915526,0.02181638
416,0.057829477,0.0013142938,0.040494837,0.027922666,0.01733464,-0.026608372
417,0.037317835,0.028554356,0.017812336,0.013072796,0.019505499,0.01548156
418,0.80877626,0.25271267,0.3588874,0.2419475,0.44988886,0.010765165
419,0.0020514885,-0.0647784,0.025687398,0.010306954,-0.023635909,-0.07508536
420,0.05791505,0.027926927,0.050068054,0.033642996,0.007846996,-0.0057160687
421,0.0007336112,-0.019314561,0.021384649,0.013764901,-0.020651039,-0.03307946
422,0.064870745,0.027015403,0.036026396,0.02607783,0.02884435,0.0009375736
423,0.0014003492,-0.049888965,0.028983125,0.014067457,-0.027582776,-0.063956425
424,0.04922684,0.008461678,0.028757388,0.023062188,0.020469451,-0.01460051
425,0.19060458,0.18476893,0.14587973,0.09764573,0.04472485,0.0871232
426,0.045032904,-0.02456423,0.032381628,0.01665743,0.012651276,-0.041221663
427,0.14190625,0.1386787,0.08789611,0.057070456,0.054010138,0.08160824
428,0.112100564,0.08492581,0.10197857,0.077387616,0.010121994,0.007538192
429,0.94932276,0.42219836,0.5187938,0.39587346,0.43052894,0.026324898
430,0.035424154,0.03422875,0.039185647,0.030443046,-0.0037614927,0.0037857033
431,0.04395155,-0.013971044,0.06314373,0.037549008,-0.019192182,-0.05152005
432,0.41860104,0.21565036,0.29659706,0.20530912,0.12200397,0.010341242
433,0.033930838,0.0199817,0.022676654,0.014156683,0.011254184,0.0058250176
434,0.57334054,0.20135398,0.29589307,0.20365421,0.27744746,-0.0023002326
435,-0.009835347,-0.047148377,0.0061406423,-0.00067563483,-0.01597599,-0.046472743
436,0.10743082,0.07840844,0.07056735,0.05271247,0.036863476,0.025695972
437,0.012799465,0.034012802,0.019549942,0.016565215,-0.0067504765,0.017447587
438,-0.021154355,0.12389098,0.018922698,0.008146565,-0.040077053,0.11574441
439,0.6826507,0.17354688,0.1923833,0.14149378,0.4902674,0.032053098
440,0.6938525,0.25794914,0.31540734,0.23311473,0.37844515,0.02483441
441,0.04051725,0.04922694,0.029000608,0.023201756,0.01151664,0.026025183
442,0.1319282,0.14874953,0.11038178,0.08837377,0.021546423,0.060375758
443,0.76389647,0.3108264,0.42031127,0.28808978,0.3435852,0.022736609
444,0.9043956,0.2040672,0.3162907,0.21794954,0.58810484,-0.013882339
445,1.1057506,0.37425196,0.6272488,0.4392593,0.47850174,-0.06500733
446,0.17882162,0.04260607,0.04358089,0.033421002,0.13524073,0.009185068
447,0.7852238,0.13742185,0.2166866,0.15363589,0.5685372,-0.016214043
448,0.06887974,0.048680287,0.04195278,0.031294897,0.026926957,0.01738539
449,0.056077782,0.025632005,0.05567902,0.0440088,0.00039876252,-0.018376794
450,0.05352659,0.036003903,0.03289892,0.022343174,0.02062767,0.013660729
451,0.6863374,0.26722068,0.3503643,0.2529212,0.3359731,0.014299482
452,0.3874803,0.2009618,0.2770131,0.1881273,0.110467196,0.012834504
453,0.8066417,0.36907905,0.44707707,0.33408332,0.35956463,0.034995735
454,0.74466544,0.26367617,0.3705748,0.2818516,0.37409064,-0.018175423
455,0.72855604,0.3584366,0.45261738,0.34477818,0.27593866,0.013658434
456,0.03874288,0.02763284,0.014373456,0.013052701,0.024369426,0.014580139
457,0.92421573,0.44609302,0.60926646,0.4294526,0.31494927,0.016640425
458,0.928174,0.49487013,0.6425416,0.46620625,0.28563243,0.028663874
459,0.30032006,0.1403473,0.14702468,0.101295546,0.15329538,0.039051756
460,0.05639544,0.022511775,0.0130628105,0.009684214,0.04333263,0.01282756
461,0.74557996,0.34137192,0.5039723,0.33261257,0.24160767,0.00875935
462,0.03723579,0.023862341,0.016176496,0.015501521,0.021059293,0.008360821
463,1.2809998,0.6236416,0.82496285,0.5986641,0.45603693,0.024977505
464,0.25958118,0.17739157,0.18079661,0.14521518,0.07878457,0.03217639
465,0.040690333,0.09272595,0.04345201,0.024798382,-0.002761677,0.06792757
466,1.0139756,0.5623724,0.7757482,0.5738588,0.23822743,-0.011486411
467,-0.038774125,0.11133801,0.006277176,0.0006858626,-0.045051303,0.11065215
468,0.8819427,0.24884391,0.41187876,0.259116,0.47006392,-0.010272086
469,0.72948325,0.2882272,0.37222287,0.26126945,0.35726038,0.02695775
470,0.08137384,0.041633196,0.042624146,0.026807036,0.038749695,0.01482616
471,0.067259684,0.047790516,0.05581478,0.036058653,0.011444904,0.011731863
472,0.51752955,0.21853122,0.31092554,0.2123862,0.206604,0.0061450154
473,0.9927549,0.41860187,0.633275,0.41003338,0.3594799,0.0085684955
474,0.68789184,0.26636928,0.29589158,0.20124835,0.39200026,0.065120935
475,0.05697374,0.036221832,0.04104745,0.028750107,0.01592629,0.0074717253
476,0.03356347,0.02596551,0.024341833,0.018451381,0.009221636,0.0075141285
477,0.03747976,-0.018052341,0.039736785,0.028589481,-0.0022570267,-0.046641823
478,0.6959235,0.32509655,0.39252838,0.30315804,0.30339512,0.021938503
479,0.029454637,-0.0458327,0.013006912,0.004730669,0.016447727,-0.05056337
480,0.052491724,0.028967185,0.029367508,0.020047717,0.023124216,0.008919468
481,0.59684503,0.21299921,0.27358434,0.2041079,0.3232607,0.008891314
482,0.6887682,0.41526255,0.558038,0.40023705,0.13073021,0.0150254965
483,0.04068633,0.0134491,0.02860365,0.021833513,0.012082681,-0.008384413
484,0.835973,0.44760028,0.49844745,0.37087333,0.33752558,0.07672694
485,0.86202574,0.24972188,0.28138688,0.19462994,0.5806389,0.055091947
486,0.01754012,-0.021315748,0.018085299,0.008188436,-0.0005451795,-0.029504184
487,0.6022242,0.053854898,0.1329426,0.08751195,0.46928155,-0.03365705
488,0.047183387,0.050666645,0.021636276,0.016961457,0.025547111,0.03370519
489,0.7632726,0.3162519,0.33302745,0.2426675,0.43024513,0.07358441
490,-0.03991121,0.16312478,0.022163885,0.0081279315,-0.062075093,0.15499686
491,0.0064012837,-0.032943718,0.016410153,0.0062337434,-0.01000887,-0.039177462
492,0.1210729,0.042999294,0.084288836,0.052205443,0.036784068,-0.00920615
493,0.052130144,0.0057753483,0.033640508,0.026271397,0.018489636,-0.020496048
494,0.053799696,0.043926712,0.030497177,0.018547567,0.02330252,0.025379146
495,0.10392617,0.080150686,0.07195422,0.054230407,0.031971946,0.02592028
496,0.10531921,0.068105154,0.058391105,0.04420548,0.046928104,0.023899674
497,0.8711482,0.4760825,0.6422977,0.4147205,0.22885054,0.061362
498,-0.0034710995,0.18461381,0.037635718,0.025430001,-0.041106816,0.1591838
499,0.72860706,0.33683732,0.43692756,0.31612223,0.2916795,0.020715088
500,0.05282324,-0.011517411,0.035389405,0.01753475,0.017433837,-0.02905216
501,0.68170977,0.2252985,0.37915507,0.23276234,0.3025547,-0.0074638426
502,0.028104307,0.12696016,0.014004046,0.00871527,0.014100261,0.11824489
503,0.05714957,-0.02128371,0.038775925,0.02308767,0.018373646,-0.04437138
504,0.12041623,0.0071956045,0.08013838,0.04125665,0.040277854,-0.03406105
505,0.5444609,0.30906832,0.42202312,0.33095044,0.122437775,-0.021882117
506,0.03225962,0.064649135,0.021997819,0.017509688,0.010261802,0.047139447
507,0.07476503,0.13731539,0.05299296,0.044999648,0.021772068,0.09231575
508,0.021169962,0.0094883405,0.01551694,0.010482178,0.005653023,-0.0009938376
509,-0.0043906155,0.1030962,0.019401541,0.016100023,-0.023792157,0.08699618
510,-0.026410392,-0.01889713,-0.000775908,-0.0016478957,-0.025634484,-0.017249234
511,0.7141003,0.31221408,0.4122729,0.27398053,0.3018274,0.03823355
512,0.066113934,0.19144498,0.06596049,0.025452267,0.00015344471,0.1659927
513,0.027345117,0.019346334,0.01960148,0.014815016,0.007743638,0.0045313183
514,0.9608678,0.6127315,0.7708596,0.59147906,0.19000822,0.021252453
515,0.91303194,0.25504673,0.34900853,0.26140898,0.5640234,-0.0063622594
516,0.7836671,0.3584565,0.4558094,0.32428658,0.32785767,0.034169912
517,0.061272006,0.060332205,0.0510991,0.040782884,0.010172907,0.019549321
518,0.56187963,0.253293,0.35751584,0.24985424,0.2043638,0.0034387708
519,0.3282725,0.09703992,0.11291099,0.08147625,0.2153615,0.015563674
520,1.051623,0.55718875,0.74367005,0.49830833,0.30795294,0.05888042
521,0.05632398,-0.0032060982,0.06340661,0.04138689,-0.00708263,-0.044592988
522,0.69452745,0.24713334,0.3807008,0.23645045,0.31382665,0.010682896
523,0.99604475,0.48331395,0.6431985,0.4376609,0.35284626,0.045653045
524,-0.0076242066,-0.026842384,0.022080958,0.013148415,-0.029705165,-0.039990798
525,0.9234372,0.5270702,0.70174634,0.5416924,0.22169083,-0.014622152
526,0.87739444,0.36429006,0.49111915,0.3494,0.3862753,0.014890045
527,0.015007949,0.11504879,0.04318709,0.02991152,-0.028179139,0.08513727
528,0.07303967,0.05265372,0.04778366,0.034973446,0.025256012,0.017680272
529,0.06312756,0.0016422707,0.068018585,0.046367954,-0.004891023,-0.044725683
530,0.67863756,0.35614872,0.49343678,0.37749797,0.18520078,-0.021349251
531,0.101903394,0.01136838,0.06966166,0.050687384,0.032241732,-0.039319005
532,1.0599333,0.1654423,0.39730224,0.2512505,0.66263103,-0.0858082
533,1.3294076,0.73248136,1.102692,0.743038,0.22671556,-0.010556638
534,0.92583543,0.4792648,0.6043305,0.44977403,0.32150495,0.029490769
535,0.6394538,0.3551737,0.47175068,0.3068936,0.16770315,0.04828012
536,0.059273526,0.037595633,0.04539459,0.023229003,0.013878938,0.01436663
537,-0.005236279,0.07374988,0.008280204,0.004539327,-0.013516483,0.06921055
538,0.80249053,0.3832045,0.5486058,0.39852774,0.25388473,-0.0153232515
539,0.07870707,0.12103083,0.070670746,0.04370815,0.008036323,0.07732268
540,0.89640814,0.33048415,0.36470318,0.2634679,0.53170496,0.067016244
541,1.1741785,0.4918347,0.6306807,0.47386372,0.5434978,0.01797098
542,0.6887298,0.29866818,0.32345706,0.20378546,0.36527276,0.09488271
543,0.07209793,0.052211575,0.05601277,0.03964498,0.016085159,0.012566596
544,0.75588703,0.3448112,0.37742653,0.2740187,0.3784605,0.070792496
545,1.0281655,0.40492862,0.53771704,0.38302627,0.49044842,0.021902353
546,0.05144363,0.0046537905,0.03443111,0.021043241,0.017012518,-0.01638945
547,0.9639501,0.30450028,0.39636612,0.2473341,0.567584,0.05716619
548,0.09737488,0.022538405,0.055966195,0.037943818,0.041408684,-0.015405413
549,0.020193838,-0.02630504,0.016992353,0.011865627,0.0032014847,-0.038170666
550,0.83012694,0.41041377,0.5159508,0.3860209,0.31417614,0.024392873
551,0.54965276,0.18039322,0.19128051,0.13492249,0.35837224,0.04547073
552,0.047571864,0.10527153,0.055446938,0.029085934,-0.007875074,0.0761856
553,0.020372378,0.12706554,0.009312538,0.0077432604,0.011059839,0.11932228
554,0.023879597,-0.038999286,0.013324843,0.0057299775,0.010554754,-0.044729263
555,0.006555074,0.12361612,0.033852905,0.019696036,-0.027297832,0.10392009
556,0.8277747,0.34932092,0.5351041,0.35838604,0.2926706,-0.009065121
557,0.09009083,0.058531173,0.056681037,0.03958968,0.033409797,0.018941492
558,0.062540725,0.05976449,0.043750416,0.031942934,0.018790308,0.027821556
559,0.6090911,0.22695585,0.3722658,0.24385028,0.23682532,-0.01689443
560,0.7579421,0.29993618,0.48428145,0.30812326,0.27366063,-0.008187085
561,0.70615065,0.29562688,0.36054733,0.2685506,0.34560332,0.027076274
562,0.11201586,0.009897237,0.0822676,0.047682654,0.029748261,-0.03778542
563,0.029183205,0.021890758,0.025648361,0.013967839,0.0035348441,0.007922919
564,1.1037797,0.40755552,0.8425536,0.43557784,0.26122606,-0.02802232
565,0.8017897,0.33273995,0.50236,0.34532917,0.2994297,-0.012589216
566,0.9003336,0.35180768,0.4048718,0.30907062,0.4954618,0.042737067
567,0.07504804,0.029821638,0.04478281,0.030166123,0.030265227,-0.00034448504
568,0.63622975,0.30298558,0.42939508,0.28644177,0.20683467,0.016543806
569,0.6424068,0.2732757,0.38138023,0.26774082,0.2610266,0.0055348873
570,0.6247752,0.24157926,0.25780797,0.18625532,0.3669672,0.055323943
571,0.21871254,0.12812293,0.1349467,0.088568136,0.083765835,0.03955479
572,0.036779735,0.25447944,0.05240527,0.03806762,-0.015625536,0.21641181
573,1.0516608,0.6120278,0.7512753,0.5658852,0.30038548,0.046142638
574,1.0005832,0.43212953,0.5895037,0.4164874,0.41107947,0.015642136
575,-0.02913871,0.10153955,0.01002684,0.0037901106,-0.03916555,0.09774944
576,0.96045184,0.41169426,0.55703074,0.3962462,0.4034211,0.015448064
577,0.10259412,0.062927805,0.05903569,0.050948154,0.043558434,0.011979651
578,0.8856163,0.4743037,0.59648913,0.46771067,0.28912717,0.006593019
579,0.9995294,0.45534664,0.5907862,0.42241305,0.4087432,0.032933593
580,0.20665577,0.07138211,0.09416202,0.062338285,0.11249375,0.009043828
581,0.75981236,0.3386836,0.49781564,0.34024897,0.26199672,-0.001565367
582,0.6574122,0.3097928,0.3891407,0.28692502,0.26827148,0.022867769
583,0.03163558,0.048142992,0.015244936,0.01428667,0.016390644,0.03385632
584,0.03058834,0.12158043,0.018448917,0.015236217,0.012139423,0.106344216
585,0.033368547,-0.02728879,0.030149585,0.018513743,0.0032189619,-0.045802534
586,0.04697488,0.042981114,0.02774771,0.022451855,0.01922717,0.020529259
587,-0.018700697,0.1537148,0.0063611,0.004262394,-0.025061797,0.14945242
588,1.1510974,0.5554576,0.71200645,0.4802327,0.43909097,0.075224906
589,0.31340435,0.1832078,0.17949554,0.12132206,0.13390881,0.061885737
590,0.73425263,0.33819658,0.48576018,0.3424149,0.24849245,-0.00421831
591,0.7027887,0.33803478,0.43990627,0.3201152,0.26288244,0.01791957
592,0.2473368,0.070254564,0.110412806,0.06999011,0.136924,0.0002644509
593,0.8519574,0.34315026,0.48693553,0.35490954,0.36502185,-0.011759281
594,0.82928836,0.36670935,0.4881521,0.33494455,0.34113628,0.031764805
595,0.7346521,0.21946958,0.3123261,0.20800327,0.422326,0.011466309
596,0.6459008,0.2064752,0.26752523,0.19077817,0.37837556,0.015697032
597,0.27004987,0.17947862,0.20541555,0.14738044,0.06463432,0.032098174
598,0.023687208,0.00028247293,0.01628377,0.013482962,0.007403439,-0.013200489
599,0.21588835,0.11168834,0.12677056,0.07433952,0.089117795,0.03734882
600,0.7400042,0.35317436,0.45182163,0.32402396,0.28818256,0.029150397
601,0.078255236,0.047204804,0.04515987,0.024263306,0.033095367,0.022941498
602,0.6526827,0.19449826,0.28335914,0.21335602,0.36932358,-0.018857762
603,0.049377803,-0.004431925,0.038092818,0.022756798,0.011284985,-0.027188722
604,0.75541914,0.43373883,0.596394,0.4285208,0.15902513,0.005218029
605,0.26770505,0.15197448,0.17741843,0.109874755,0.09028663,0.04209973
606,0.8946095,0.48677483,0.63086545,0.4660143,0.26374406,0.020760536
607,0.053410582,0.024007367,0.040101428,0.02745203,0.013309155,-0.0034446623
608,0.7860834,0.36435258,0.5398028,0.37771672,0.24628061,-0.013364136
609,0.6764422,0.33606085,0.4496264,0.32375795,0.22681582,0.012302905
610,0.2930245,0.1507219,0.16302931,0.11744897,0.1299952,0.033272922
611,0.07554619,0.047897816,0.03700546,0.02972217,0.03854073,0.018175645
612,0.15808941,0.0319184,0.10065511,0.068525545,0.057434306,-0.036607146
613,0.012229038,-0.055346146,0.017532699,0.005999263,-0.0053036604,-0.06134541
614,0.88173264,0.4548656,0.6169075,0.40352806,0.26482517,0.05133754
615,0.99607056,0.352333,0.46733657,0.3235998,0.52873397,0.028733224
616,0.011972746,0.039748933,0.0049216477,0.0065192943,0.007051098,0.033229638
617,0.7762704,0.28063798,0.3702112,0.2737137,0.40605918,0.0069242716
618,0.33042148,0.15743223,0.25369382,0.1773723,0.07672766,-0.019940078
619,0.061625812,0.038502567,0.031755406,0.023825767,0.029870406,0.0146768
620,-0.0015231646,-0.0042227516,0.018981671,0.01364108,-0.020504836,-0.017863832
621,0.8966347,0.4792527,0.5569079,0.4183978,0.3397268,0.060854882
622,1.2117591,0.2032304,0.38761955,0.25491717,0.82413954,-0.05168678
623,0.9911893,0.299304,0.3587096,0.260228,0.63247967,0.039076
624,-0.005422288,-0.030398862,0.013243892,0.0059956615,-0.01866618,-0.036394525
625,0.9096281,0.39416414,0.51148945,0.37444532,0.39813864,0.019718826
626,0.08560061,0.04673305,0.055473328,0.035712093,0.03012728,0.011020958
627,0.8072974,0.36116126,0.4816093,0.33134693,0.3256881,0.029814333
628,0.8255659,0.22937813,0.29729307,0.21272647,0.5282728,0.01665166
629,0.19962615,0.16365969,0.13967447,0.08793038,0.059951678,0.07572931
630,0.09806945,0.008360975,0.05781484,0.04016136,0.04025461,-0.031800386
631,0.20439585,0.14130028,0.19038057,0.1148294,0.014015272,0.026470877
632,1.1226221,0.3381003,0.46667805,0.3421645,0.6559441,-0.0040641725
633,0.9333418,0.36456767,0.66168725,0.38077447,0.27165455,-0.016206801
634,0.035158567,0.051728692,0.02158983,0.020987697,0.013568737,0.030740995
635,0.846631,0.24291484,0.37142438,0.26169306,0.4752066,-0.01877822
636,1.0049906,0.5194956,0.56832707,0.47233537,0.4366635,0.047160238
637,0.03212169,0.053695187,0.0275404,0.01750968,0.004581291,0.036185507
638,0.03857328,0.022689657,0.025902959,0.017761292,0.012670321,0.0049283653
639,0.011424708,0.005001718,0.021965247,0.0136123635,-0.0105405385,-0.008610645
640,1.0442156,0.5352052,0.6754902,0.5240166,0.36872536,0.011188567
641,0.69203734,0.32733023,0.38986522,0.2947764,0.30217212,0.03255382
642,0.5110017,0.2494831,0.30001196,0.22056307,0.21098974,0.028920025
643,0.01789256,0.099617094,0.015840622,0.013637182,0.0020519383,0.08597991
644,0.7824496,0.3673598,0.45695725,0.31903931,0.32549235,0.048320472
645,0.09345344,0.049062543,0.05471444,0.043089643,0.038738996,0.0059728995
646,0.17238075,0.12870155,0.13576654,0.109256156,0.03661421,0.019445397
647,1.0890191,0.33846208,0.5782752,0.33528936,0.51074386,0.0031727254
648,0.71701103,0.35206866,0.45760602,0.33372745,0.25940502,0.018341213
649,0.17566252,0.1025419,0.119138144,0.0857159,0.056524374,0.016826004
650,0.06670583,0.058063406,0.058023572,0.042485,0.008682258,0.015578408
651,0.084391706,0.14812312,0.10262819,0.06768222,-0.01823648,0.080440894
652,0.99319035,0.4430804,0.6227033,0.42499354,0.37048703,0.01808685
653,0.8794721,0.4526162,0.7167926,0.45493627,0.1626795,-0.0023200512
654,0.03934652,0.019591862,0.020166874,0.016346036,0.019179646,0.0032458268
655,1.07444,0.47143945,0.5560044,0.4098313,0.5184356,0.061608166
656,0.9655526,0.3558137,0.48260304,0.31971696,0.48294958,0.03609675
657,0.8063077,0.43215573,0.6368064,0.44645908,0.16950125,-0.014303356
658,0.5984593,0.24253975,0.33779567,0.24502742,0.26066363,-0.0024876744
659,0.029434599,0.0711212,0.042014465,0.03257853,-0.012579866,0.03854267
660,0.008228202,0.017488996,0.008087486,0.0008064544,0.00014071632,0.016682541
661,0.1362926,0.06678913,0.07882232,0.05708196,0.057470284,0.009707168
662,0.07813869,0.025572136,0.03599681,0.028057199,0.042141877,-0.002485063
663,0.6824062,0.33818683,0.50775117,0.33079362,0.17465502,0.007393211
664,0.06836315,0.03083727,0.035267837,0.02708253,0.033095315,0.0037547387
665,0.18184663,0.053269204,0.11397613,0.060819354,0.067870505,-0.00755015
666,0.7075103,0.24548799,0.27048355,0.19903402,0.43702674,0.046453968
667,0.09265446,0.04524799,0.050338626,0.034122057,0.042315833,0.011125933
668,0.7342529,0.3770381,0.48546115,0.36089244,0.24879178,0.016145647
669,0.08623304,0.14603536,0.064446665,0.04997563,0.021786377,0.096059725
670,0.1145457,0.08832249,0.08013783,0.05693427,0.034407876,0.03138822
671,0.6124187,0.33306554,0.41925526,0.2934839,0.19316345,0.039581627
672,0.6861396,0.4157696,0.62222975,0.4585078,0.06390983,-0.0427382
673,0.6669972,0.3571046,0.44425476,0.34212115,0.22274244,0.014983445
674,0.5411488,0.19161077,0.2683643,0.19732323,0.27278447,-0.0057124645
675,0.09099892,0.014258902,0.08932219,0.059438743,0.0016767308,-0.04517984
676,0.6146729,0.14860539,0.18923964,0.13249184,0.42543328,0.01611355
677,0.6209245,0.3375842,0.441437,0.32259136,0.17948747,0.014992833
678,0.120488964,0.09118059,0.08181501,0.04935926,0.038673952,0.041821335
679,0.64516187,0.28013793,0.3635423,0.24436253,0.28161958,0.035775393
680,0.8170797,0.28240386,0.3401204,0.2539065,0.47695932,0.028497368
681,0.63399905,0.316825,0.42377117,0.30378658,0.21022788,0.013038427
682,0.6503141,0.39521518,0.4779982,0.3778646,0.1723159,0.017350584
683,0.022849977,-0.007732496,0.013780689,0.009080875,0.009069288,-0.016813371
684,0.13581091,0.045809597,0.08243194,0.061356544,0.05337897,-0.015546948
685,0.65509284,0.30787212,0.41002014,0.29877368,0.2450727,0.00909844
686,0.1513494,0.023404734,0.059887994,0.045908753,0.091461405,-0.022504019
687,0.74397177,0.21915112,0.33495346,0.22945799,0.4090183,-0.010306865
688,0.6066142,0.2243418,0.37601632,0.24487415,0.23059785,-0.020532355
689,0.5518942,0.2634559,0.2687962,0.18541928,0.28309798,0.07803662
690,0.11422833,0.09147668,0.09546819,0.058881726,0.018760137,0.032594953
691,0.06689916,0.059003465,0.030300079,0.026318744,0.036599077,0.03268472
692,0.7752519,0.39068988,0.4607029,0.34198192,0.31454903,0.048707962
693,0.031227406,0.00078482664,0.019448148,0.014062745,0.011779258,-0.013277918
694,0.98719877,0.4022417,0.6193682,0.40263626,0.36783057,-0.00039455295
695,0.5858787,0.25926423,0.32948434,0.22561225,0.25639433,0.033651978
696,0.6536294,0.21389878,0.31246066,0.22341841,0.34116876,-0.009519637
697,0.9676305,0.40451834,0.54768866,0.3794443,0.41994184,0.025074035
698,0.8119967,0.3902483,0.5095503,0.38994896,0.30244642,0.00029933453
699,0.16678458,0.0635726,0.07102747,0.051579863,0.09575711,0.011992738
700,0.101632155,0.07367158,0.079232134,0.060776304,0.022400022,0.012895275
701,0.8609416,0.19636841,0.27687037,0.1956006,0.5840712,0.00076781213
702,0.038421925,0.06917934,0.019607633,0.017646596,0.018814292,0.051532745
703,0.04150472,0.04976266,0.042771235,0.035909902,-0.0012665167,0.0138527565
704,0.84805024,0.20610045,0.2813162,0.21675599,0.5667341,-0.010655537
705,0.9453577,0.35475296,0.539319,0.37120032,0.4060387,-0.016447365
706,0.77290237,0.34164476,0.5408228,0.32926324,0.23207957,0.012381524
707,0.9130064,0.30229074,0.3757146,0.27740762,0.5372918,0.024883121
708,0.12807515,0.040279698,0.11837717,0.08799574,0.009697981,-0.04771604
709,0.114319056,0.035162393,0.110165395,0.07576948,0.0041536614,-0.040607084
710,0.045679342,0.05839503,0.032168794,0.027952384,0.013510548,0.030442648
711,0.16719338,0.03722508,0.11956749,0.07139789,0.047625892,-0.034172814
712,1.0118344,0.42931998,0.55702835,0.41258952,0.45480603,0.016730458
713,0.1555707,0.16769555,0.11594954,0.072320335,0.03962116,0.09537522
714,0.7828166,0.36631736,0.45588806,0.3357277,0.32692853,0.03058967
715,0.8857893,0.23054218,0.31961975,0.2249485,0.5661695,0.0055936873
716,0.17782676,0.07471079,0.11594578,0.08962247,0.061880983,-0.014911681
717,0.15848613,-0.008809306,0.07009817,0.043946408,0.08838796,-0.052755713
718,0.26288497,0.15473148,0.116948105,0.07713896,0.14593688,0.07759252
719,0.70072985,0.22050267,0.3079294,0.213828,0.39280045,0.006674677
720,-0.0021410373,-0.057720006,0.021713162,0.010421689,-0.0238542,-0.06814169
721,0.06874324,0.10580104,0.06485257,0.049464904,0.0038906634,0.056336135
722,0.3840146,0.24849379,0.27615476,0.20440497,0.10785985,0.044088826
723,0.18916726,0.08980918,0.13200384,0.09069168,0.057163417,-0.0008824989
724,0.7108286,0.3286749,0.41796917,0.28383943,0.29285944,0.044835478
725,0.6977446,0.23565046,0.29784483,0.21122915,0.39989978,0.02442132
726,0.070389375,0.15041354,0.051503707,0.03697569,0.018885668,0.113437854
727,0.9365858,0.47694188,0.62012905,0.4748339,0.31645674,0.0021079779
728,0.7934359,0.39774573,0.4822253,0.36700797,0.31121057,0.030737758
729,0.5929215,0.21019666,0.3297216,0.22310494,0.2631999,-0.01290828
730,0.87708646,0.5119623,0.7056801,0.51111186,0.17140639,0.0008504391
731,0.83085907,0.40175572,0.55448943,0.36701,0.27636963,0.034745723
732,0.95098555,0.43508273,0.71791536,0.44599324,0.2330702,-0.010910511
733,1.092705,0.43202505,0.6572276,0.46709406,0.43547744,-0.03506902
734,0.13045019,0.099425174,0.07989399,0.06319173,0.050556198,0.036233447
735,0.81697047,0.31044263,0.47833934,0.33274296,0.33863112,-0.022300333
736,-0.04200315,0.17614315,0.020522865,0.018380709,-0.06252602,0.15776244
737,1.2043728,0.48084912,0.67740136,0.47240952,0.5269714,0.0084396005
738,-0.0046498794,0.110546164,0.023556666,0.011234241,-0.028206546,0.099311925
739,0.069031626,0.17506579,0.06250581,0.050718818,0.0065258145,0.12434697
740,0.05351365,0.039789386,0.039180126,0.031710178,0.014333524,0.008079208
741,0.06989801,0.024947511,0.08882425,0.060243644,-0.01892624,-0.035296135
742,0.12144439,0.048304528,0.08558649,0.052193936,0.0358579,-0.003889408
743,0.11395439,0.0729485,0.11584956,0.09257794,-0.0018951744,-0.019629441
744,1.2133403,0.7838273,0.9938482,0.77887404,0.21949208,0.004953265
745,0.5119288,0.29894274,0.41411492,0.27319694,0.097813874,0.02574581
746,0.013807401,0.09607989,0.034541745,0.02584719,-0.020734344,0.070232704
747,0.053328186,-0.028785385,0.044346124,0.02120398,0.008982062,-0.049989365
748,-0.008309551,-0.004358305,0.020796075,0.014722292,-0.029105626,-0.019080598
749,0.91873825,0.34676045,0.46576163,0.3173279,0.4529766,0.029432565
750,0.77549493,0.39051455,0.46485165,0.3409281,0.3106433,0.049586445
751,0.5913053,0.30040395,0.37958395,0.26696017,0.21172136,0.03344378
752,0.1673551,0.10955033,0.1337344,0.082855456,0.0336207,0.026694871
753,0.1763414,0.07627088,0.07867611,0.061225396,0.09766529,0.015045483
754,0.16430974,0.118364766,0.10907942,0.07451143,0.05523032,0.043853335
755,0.051735982,-0.01805549,0.0400525,0.02561173,0.011683483,-0.04366722
756,-0.02573575,-0.06422323,0.0065780957,0.0019404647,-0.032313846,-0.0661637
757,0.06172148,0.04553409,0.033830978,0.025660552,0.027890503,0.019873537
758,0.30055586,0.17180866,0.20338501,0.15301573,0.097170845,0.018792927
759,0.24227093,0.055285808,0.18212333,0.11245927,0.0601476,-0.057173464
760,0.030071737,0.0628488,0.029428365,0.024969919,0.00064337254,0.03787888
761,1.035481,0.42774782,0.6270522,0.44441617,0.4084288,-0.01666835
762,0.022646286,0.04356028,0.018291486,0.018075775,0.004354799,0.025484506
763,0.088423975,0.060186982,0.060863156,0.046696853,0.027560819,0.013490129
764,0.10628532,0.05256897,0.08622494,0.061730698,0.020060375,-0.009161729
765,0.03677618,0.005168223,0.029295707,0.019014426,0.007480474,-0.013846203
766,0.12495321,0.012086763,0.051010896,0.03192832,0.07394232,-0.019841556
767,0.1692162,0.06322915,0.05951934,0.045112845,0.109696865,0.018116307
768,-0.020941006,0.12645406,0.021382648,0.011018545,-0.042323656,0.11543551
769,0.30244586,0.114625216,0.19482961,0.1302645,0.107616246,-0.01563929
770,0.39097112,0.17411831,0.2662379,0.16181618,0.12473321,0.01230213
771,0.88242155,0.3150643,0.47409403,0.29126415,0.40832752,0.023800164
772,-0.035789605,0.14323449,0.016952831,0.0051432936,-0.052742437,0.13809119
773,1.0425599,0.11121844,0.17754969,0.13332611,0.86501014,-0.022107676
774,-0.03462285,0.13637318,0.022220256,0.013339592,-0.05684311,0.12303358
775,1.0376335,0.62081766,0.83133155,0.617547,0.20630199,0.0032706857
776,0.7372419,0.3276259,0.3976665,0.28685668,0.3395754,0.04076922
777,0.08851753,0.033316992,0.10340233,0.07300223,-0.0148848,-0.039685234
778,0.7282324,0.3080912,0.46273753,0.327084,0.26549485,-0.018992811
779,0.88271016,0.35378328,0.42627305,0.30598673,0.4564371,0.047796547
780,0.13798223,0.2116008,0.098941475,0.07681824,0.03904076,0.13478255
781,0.2800137,0.17383523,0.2333456,0.17708007,0.046668112,-0.0032448322
782,0.019776646,0.0955951,0.013385576,0.011502841,0.00639107,0.08409226
783,0.73352474,0.3445396,0.4204993,0.3124153,0.31302544,0.03212431
784,0.8198175,0.25240836,0.3451974,0.24851245,0.47462007,0.0038959086
785,0.033354864,0.036889546,0.02265678,0.021863962,0.010698084,0.015025584
786,0.073241614,-0.006573034,0.045753926,0.029171443,0.027487688,-0.035744477
787,0.10999582,0.062017497,0.04040367,0.0262225,0.06959215,0.035794996
788,0.024066295,0.112320825,0.039851084,0.025309557,-0.015784789,0.08701127
789,0.15800636,0.06356914,0.077893116,0.057222024,0.08011324,0.00634712
790,0.10172542,0.030208606,0.0644244,0.050880145,0.03730102,-0.020671539
791,0.079599,0.024541896,0.037620746,0.025364116,0.041978255,-0.00082222
792,0.40311855,0.23927025,0.29321393,0.20839782,0.10990462,0.030872434
793,0.17284043,0.08509884,0.079551056,0.06169561,0.093289375,0.023403231
794,0.95368224,0.3867944,0.5339958,0.39595997,0.41968644,-0.009165585
795,-0.002276533,0.17424875,0.027090356,0.01656102,-0.029366888,0.15768774
796,0.6679263,0.18275003,0.26656353,0.1938935,0.40136278,-0.011143476
797,-0.023663213,0.13101031,0.014628545,0.008522225,-0.03829176,0.12248808
798,0.60085315,0.18515073,0.31568694,0.19900514,0.2851662,-0.013854414
799,0.05252155,0.054481238,0.035221323,0.02807118,0.017300226,0.026410058
800,-0.006277916,0.011013386,0.019383961,0.012507527,-0.025661878,-0.0014941413
801,0.31610507,0.2665836,0.25542235,0.18307868,0.060682714,0.083504915
802,1.1511528,0.46021524,0.5353625,0.42740023,0.61579037,0.03281501
803,0.7913357,0.26359496,0.44024688,0.29275522,0.35108882,-0.029160261
804,1.083479,0.43292093,0.5717867,0.4062007,0.51169235,0.026720226
805,0.75895715,0.28529727,0.38274163,0.2600481,0.37621552,0.025249183
806,0.7283671,0.3983387,0.518112,0.36380902,0.21025509,0.034529686
807,0.14213786,0.17067976,0.12819165,0.090535074,0.013946205,0.08014469
808,0.36965543,0.14545795,0.17396192,0.12732111,0.19569351,0.018136844
809,-0.042526186,0.15505044,0.012131287,0.00303198,-0.054657474,0.15201846
810,0.8072498,0.3894552,0.57208997,0.38838455,0.23515981,0.0010706484
811,0.12578136,0.074788466,0.098080195,0.070218995,0.027701162,0.004569471
812,0.7864889,0.31921396,0.45039597,0.33721614,0.33609292,-0.018002182
813,0.74950117,0.41117415,0.5108136,0.36306432,0.23868757,0.04810983
814,1.1868654,0.39753133,0.62261236,0.43197063,0.5642531,-0.034439296
815,0.10036641,0.024647899,0.07301816,0.043823317,0.02734825,-0.019175418
816,0.86412424,0.32938227,0.5093362,0.3676303,0.35478806,-0.038248032
817,0.8421526,0.30736163,0.4281962,0.30123666,0.4139564,0.0061249733
818,0.02794668,0.030200785,0.022490695,0.015005019,0.0054559857,0.015195766
819,0.042623743,0.027921947,0.020867955,0.014470515,0.021755788,0.013451432
820,0.0767442,0.05474521,0.058254104,0.044938296,0.018490095,0.009806912
821,0.017412933,0.0017926795,0.015991902,0.011868874,0.0014210306,-0.010076194
822,0.7949931,0.3276493,0.4434192,0.30318776,0.3515739,0.024461538
823,1.0735744,0.47396052,0.7119271,0.4684003,0.3616473,0.0055602193
824,0.036231086,-0.023051316,0.018729225,0.008213968,0.01750186,-0.031265285
825,1.0006452,0.64160436,0.85293233,0.6162483,0.14771283,0.025356054
826,0.09357455,0.06540756,0.043671213,0.03141369,0.049903333,0.03399387
827,0.13930231,0.18310171,0.12766755,0.09356728,0.011634767,0.08953443
828,0.8766216,0.28725943,0.35358638,0.26974517,0.5230352,0.017514259
829,0.032372475,-0.032070763,0.01901763,0.011777728,0.013354845,-0.043848492
830,0.0823401,0.05646392,0.051400453,0.040670678,0.030939646,0.015793242
831,0.80654114,0.30986166,0.41812512,0.29817393,0.38841602,0.011687726
832,0.75857633,0.39075407,0.4341289,0.32588586,0.32444742,0.06486821
833,0.851744,0.29553944,0.46418363,0.30185258,0.38756037,-0.006313145
834,0.09815715,-0.012237905,0.031697087,0.022810185,0.066460066,-0.03504809
835,0.7596413,0.44471154,0.54536897,0.38638553,0.21427232,0.058326006
836,0.15173705,0.07961382,0.09974515,0.07494471,0.051991902,0.0046691075
837,0.07696388,0.065725915,0.06296369,0.047864266,0.014000192,0.01786165
838,0.07581603,-0.019868344,0.041807838,0.023336025,0.03400819,-0.043204367
839,0.074145086,0.026616285,0.033205867,0.016355269,0.04093922,0.010261016
840,0.094611995,0.066246755,0.047285084,0.039679445,0.04732691,0.02656731
841,-0.038395133,0.1303763,0.015183324,0.006086381,-0.05357846,0.124289915
842,1.0969986,0.50809145,0.6823821,0.5074725,0.41461647,0.00061893463
843,0.42008808,0.1520466,0.19819744,0.13366905,0.22189064,0.018377557
844,0.8644362,0.35286534,0.41989365,0.31509936,0.44454256,0.03776598
845,0.19426638,0.08286867,0.07899103,0.06280026,0.115275346,0.020068415
846,0.6635494,0.16450576,0.24399327,0.17249331,0.41955614,-0.007987544
847,0.07489534,0.049279783,0.025725866,0.02118522,0.049169473,0.028094564
848,0.04692705,0.042144507,0.033444043,0.022443676,0.0134830065,0.01970083
849,0.08152749,0.057205543,0.048542377,0.039160833,0.03298511,0.01804471
850,0.081037655,-0.016961183,0.029522024,0.0179334,0.05151563,-0.034894586
851,0.019782009,0.05110224,0.010182053,0.008815892,0.009599956,0.042286348
852,0.7266001,0.2937631,0.4119366,0.2805707,0.3146635,0.013192415
853,0.01861646,-0.025698723,0.031749677,0.021077324,-0.013133217,-0.04677605
854,0.071163945,0.040276725,0.03876648,0.026490381,0.032397464,0.013786344
855,0.17107542,0.05467011,0.088022165,0.0497452,0.08305325,0.004924912
856,0.88152605,0.3335414,0.56164896,0.35418984,0.3198771,-0.02064845
857,1.0544858,0.22458999,0.39451718,0.269784,0.6599686,-0.045194015
858,0.07918314,0.038668692,0.047373965,0.031265605,0.031809174,0.007403087
859,0.4466253,0.16004862,0.22401285,0.15547179,0.22261244,0.004576832
860,0.5087976,0.26200768,0.3279471,0.22638027,0.18085048,0.03562741
861,0.49531397,0.19790803,0.32533035,0.21355315,0.16998363,-0.015645117
862,0.0708467,0.05099793,0.029868465,0.023849208,0.040978234,0.027148724
863,0.5567465,0.2572956,0.39204043,0.26252082,0.16470605,-0.0052252114
864,0.075758405,0.045865312,0.037849862,0.026015598,0.037908543,0.019849714
865,0.75958556,0.456246,0.6037007,0.38622242,0.15588486,0.07002357
866,0.5766691,0.23057887,0.36250213,0.24446915,0.21416697,-0.013890281
867,0.10074987,0.08884203,0.06260064,0.037070524,0.03814923,0.051771503
868,0.9106792,0.38437676,0.48406085,0.35280284,0.42661837,0.03157392
869,1.0502434,0.21248235,0.27948955,0.2052382,0.77075386,0.007244155
870,0.1367749,0.08880636,0.097237244,0.077498555,0.039537653,0.011307806
871,0.13380784,0.0038899633,0.10181108,0.052394424,0.031996757,-0.04850446
872,0.89492327,0.3416155,0.5163059,0.37207544,0.37861735,-0.03045994
873,0.8728744,0.22389068,0.3255934,0.24289456,0.54728097,-0.019003883
874,0.727313,0.28379968,0.4534122,0.26837078,0.27390078,0.015428901
875,0.043356575,-0.00011037416,0.025308773,0.020951144,0.018047802,-0.02106152
876,0.11608303,-0.005580655,0.06576124,0.045607343,0.050321795,-0.051188
877,0.28866014,0.12829374,0.23088427,0.12672706,0.05777587,0.0015666783
878,0.27724448,0.1956378,0.24198656,0.15970713,0.03525792,0.03593068
879,1.0896349,0.5121463,0.7553698,0.53683054,0.3342651,-0.02468425
880,0.13082065,0.1255996,0.08675823,0.05826745,0.044062413,0.06733214
881,0.47855538,0.19665623,0.23429932,0.15575159,0.24425606,0.04090464
882,0.8148147,0.3243331,0.45143178,0.31933618,0.3633829,0.0049969256
883,1.022562,0.547169,0.7239339,0.50928926,0.29862815,0.037879765
884,0.15737756,0.0920762,0.11876553,0.08081964,0.038612023,0.011256561
885,0.028257785,0.11693247,0.025831873,0.017269164,0.0024259128,0.0996633
886,0.14196555,-0.0031111273,0.05954413,0.04440014,0.08242142,-0.04751127
887,0.021460015,0.06802613,0.009754681,0.0058783647,0.011705334,0.062147766
888,0.054350648,-0.015343297,0.057696372,0.036253683,-0.0033457242,-0.05159698
889,0.9067139,0.2536421,0.3433061,0.23084489,0.5634078,0.022797227
890,0.21358405,0.07928004,0.09759268,0.07236484,0.11599137,0.006915204
891,1.1789683,0.46939233,0.57155913,0.4399789,0.6074092,0.029413432
892,0.6299607,0.37499407,0.4267409,0.31295758,0.2032198,0.062036484
893,0.10830287,0.042858537,0.07849609,0.050145544,0.029806778,-0.007287007
894,0.005027486,0.022647012,0.013879142,0.014188182,-0.008851656,0.00845883
895,0.88014185,0.41922298,0.5569344,0.398533,0.32320744,0.020689994
896,0.37516615,0.22948165,0.2297507,0.17124805,0.14541546,0.058233604
897,0.7083259,0.25716376,0.3610957,0.24298845,0.34723023,0.014175311
898,0.04477384,0.004935963,0.030356796,0.019767297,0.014417043,-0.014831334
899,0.08160356,0.054059863,0.05456935,0.039392482,0.027034208,0.014667381
900,1.0363511,0.5423597,0.7616454,0.5665149,0.2747057,-0.0241552
901,0.15197346,0.090218216,0.09774944,0.06784888,0.054224014,0.022369333
902,0.7394974,0.26564312,0.3060705,0.21238548,0.43342692,0.053257644
903,0.59172815,0.31144017,0.38564602,0.27066416,0.20608214,0.040776014
904,0.073639244,0.0252096,0.036647223,0.029908735,0.03699202,-0.004699135
905,0.72228086,0.23304096,0.34067997,0.23857668,0.3816009,-0.005535722
906,1.1027505,0.4701629,0.72457296,0.49162215,0.37817758,-0.021459252
907,0.08560569,0.0047089388,0.048289895,0.033944335,0.037315793,-0.029235397
908,0.05792103,0.040179946,0.033958893,0.025235154,0.023962136,0.014944792
909,0.920385,0.51044935,0.7392856,0.50143576,0.18109941,0.009013593
910,0.7504683,0.33778983,0.45480236,0.31982625,0.29566595,0.017963588
911,0.7798371,0.32264546,0.44050315,0.30927515,0.33933392,0.013370305
912,0.051131774,0.043689407,0.046952236,0.02339536,0.0041795373,0.020294048
913,0.45494917,0.13780257,0.21931142,0.14566958,0.23563775,-0.007867008
914,0.89473933,0.482452,0.6224499,0.4882938,0.27228945,-0.0058417916
915,0.1605269,0.11517219,0.13235654,0.0981772,0.028170362,0.01699499
916,0.66799426,0.26590598,0.37514606,0.25657633,0.2928482,0.009329647
917,0.96868646,0.3822767,0.48205897,0.34504712,0.4866275,0.037229598
918,0.02224485,0.008141863,0.015290781,0.009409142,0.0069540692,-0.0012672786
919,0.64573205,0.3184282,0.36024204,0.27357268,0.28549,0.044855505
920,0.64506435,0.23407036,0.298055,0.20042175,0.34700936,0.03364861
921,0.13453758,0.045480687,0.06985683,0.051315047,0.06468075,-0.0058343597
922,0.5262391,0.11729359,0.24551304,0.15913768,0.28072608,-0.041844092
923,0.36194256,0.15368731,0.16722105,0.119064614,0.1947215,0.0346227
924,0.8864828,0.42465913,0.5362952,0.39288238,0.3501876,0.031776756
925,0.8616818,0.23365507,0.31235895,0.21014246,0.54932284,0.023512602
926,0.8680819,0.3742438,0.45716313,0.33973253,0.4109188,0.03451127
927,0.027824279,0.048213013,0.023106549,0.017064957,0.00471773,0.031148056
928,-0.028904906,0.120599814,0.012584609,0.0059206868,-0.041489515,0.11467913
929,0.8009037,0.3228461,0.39158955,0.27366725,0.40931413,0.04917887
930,0.5755381,0.21730031,0.25759873,0.19604458,0.31793937,0.021255732
931,0.16446823,0.042648714,0.11684166,0.061449155,0.04762657,-0.018800441
932,0.077068344,0.086074926,0.07335229,0.057324816,0.0037160516,0.02875011
933,0.20356956,0.121638626,0.12613896,0.08977096,0.077430606,0.031867668
934,0.007875156,0.04417516,0.0040673604,0.00523475,0.0038077952,0.038940407
935,0.92583215,0.28045952,0.22592823,0.16811857,0.6999039,0.11234096
936,0.015841115,0.1528412,0.05379524,0.028345339,-0.037954126,0.12449586
937,0.14045589,0.035240985,0.082534894,0.06246419,0.057920992,-0.027223203
938,0.08489499,0.061394516,0.053588506,0.0368654,0.031306487,0.024529118
939,0.27483994,0.12852572,0.17107636,0.12667313,0.10376358,0.0018525869
940,0.7878349,0.37461787,0.5332841,0.3563659,0.25455076,0.018251985
941,0.08601835,0.06473059,0.07728149,0.057389308,0.008736864,0.0073412843
942,0.75999486,0.19696671,0.3076177,0.20100647,0.45237717,-0.0040397644
943,0.0655445,0.10386527,0.041155916,0.03226998,0.024388585,0.071595296
944,0.8854216,0.3118734,0.42328465,0.3058366,0.46213692,0.006036818
945,0.059237532,0.0938265,0.046215024,0.026767733,0.0130225085,0.06705877
946,-0.025219452,0.11858596,0.016331827,0.0064515537,-0.041551277,0.112134404
947,0.567796,0.27610147,0.40253663,0.2743392,0.16525936,0.0017622709
948,0.025711898,0.043452453,0.0344597,0.029063974,-0.008747801,0.014388479
949,0.039447736,0.010329035,0.041897826,0.025311649,-0.00245009,-0.014982614
950,0.098351,-0.01372264,0.031057982,0.020390913,0.06729302,-0.034113552
951,1.1190412,0.5545528,0.8349403,0.548989,0.2841009,0.0055637956
952,1.0673785,0.26607957,0.4487004,0.27946043,0.6186781,-0.013380855
953,0.66947854,0.2488513,0.3239724,0.23949012,0.34550613,0.009361178
954,0.78151417,0.3281135,0.49882522,0.31510383,0.28268895,0.013009667
955,0.039696638,-0.028115002,0.034106318,0.017502846,0.0055903196,-0.04561785
956,0.67682004,0.15791497,0.22628075,0.15664092,0.4505393,0.0012740493
957,0.1874599,0.054667324,0.13097002,0.08018019,0.056489885,-0.025512867
958,1.0131227,0.22078486,0.25202075,0.17323561,0.76110196,0.047549248
959,0.6442906,0.25042838,0.3504239,0.24885204,0.29386672,0.0015763342
960,0.06793576,0.07243607,0.0646406,0.048155475,0.0032951608,0.024280597
961,-0.02629682,0.11792768,0.014273951,0.0065952204,-0.040570773,0.11133246
962,0.792978,0.26460493,0.41331986,0.28395322,0.37965813,-0.019348294
963,0.115222245,0.010303122,0.08415035,0.048614945,0.031071894,-0.038311824
964,0.07658851,0.09907415,0.052776594,0.034274634,0.023811918,0.06479952
965,0.32520562,0.16226615,0.21473129,0.1458671,0.11047433,0.016399056
966,0.08353435,0.03750134,0.033223763,0.021081505,0.05031059,0.016419834
967,0.061844673,-0.026530202,0.045716394,0.02844949,0.01612828,-0.054979693
968,1.4292592,0.60855085,0.6698792,0.5151672,0.75938,0.09338367
969,1.0876281,0.3531941,0.5713035,0.41510442,0.51632464,-0.06191033
970,0.013190516,0.16366535,0.020577693,0.016110117,-0.007387177,0.14755523
971,0.59276104,0.29896486,0.40182564,0.2811731,0.1909354,0.017791748
972,0.62314945,0.15677932,0.21278232,0.15266348,0.41036713,0.004115835
973,0.03342622,-0.0430897,0.012810453,0.009755581,0.020615768,-0.05284528
974,0.04234202,0.054189965,0.046923522,0.032913312,-0.0045815036,0.021276653
975,0.13650064,0.030954378,0.048664864,0.0304376,0.087835774,0.00051677786
976,0.5984227,0.22196521,0.30254447,0.21870227,0.29587823,0.003262937
977,0.03622397,0.056671076,0.035109345,0.028986763,0.0011146255,0.027684312
978,0.15679067,0.10356966,0.08587443,0.0652435,0.07091624,0.03832616
979,0.10710505,0.034177195,0.09894124,0.06583167,0.00816381,-0.031654473
980,0.9560684,0.52823174,0.70872825,0.5442499,0.24734014,-0.016018152
981,0.09496826,-0.007776416,0.06354299,0.04162316,0.031425267,-0.049399577
982,0.68683875,0.29590502,0.3685632,0.2860763,0.31827554,0.0098287165
983,0.041886788,0.069982305,0.043619286,0.03188785,-0.0017324984,0.038094454
984,0.08365687,0.14363743,0.051103637,0.04456066,0.032553233,0.09907678
985,0.89573014,0.37906504,0.512486,0.3487643,0.38324416,0.030300736
986,0.83802384,0.39010063,0.49794778,0.37151027,0.34007606,0.01859036
987,0.021323217,0.012582347,0.017044617,0.011175981,0.0042786,0.001406366
988,0.68407494,0.31154004,0.387005,0.29692143,0.29706994,0.014618605
989,0.21815214,0.2159012,0.1695966,0.10391243,0.048555538,0.11198877
990,0.21910094,0.08328782,0.14889427,0.10503129,0.07020667,-0.021743469
991,0.014144444,0.047736917,0.005773379,0.0026468283,0.008371064,0.045090087
992,0.01144941,0.041856743,0.017679032,0.01704166,-0.0062296223,0.024815083
993,0.056777682,0.057102587,0.041664563,0.02295787,0.015113119,0.034144714
994,0.8812755,0.41116247,0.49526897,0.37440413,0.3860065,0.036758333
995,0.8031683,0.43298432,0.55011034,0.39736104,0.25305796,0.035623282
996,0.71699727,0.26206708,0.33375424,0.24546012,0.38324302,0.016606957
997,0.72322196,0.14373943,0.21647124,0.15218756,0.5067507,-0.008448124
998,0.9450257,0.3070853,0.42616594,0.3077412,0.51885974,-0.0006558895
999,0.60906655,0.39353427,0.4364905,0.3505451,0.17257604,0.042989165
1000,0.8516977,0.34290305,0.43379533,0.308349,0.41790235,0.034554034
1001,0.08713813,0.022932641,0.06765778,0.05095704,0.019480348,-0.028024398
1002,0.14640953,0.08058703,0.09159691,0.071089745,0.054812618,0.009497285
1003,0.82524526,0.38082504,0.5097024,0.3554622,0.31554288,0.02536285
1004,1.095122,0.44497275,0.6889779,0.4850606,0.40614408,-0.04008785
1005,0.024275959,0.03952104,0.0468632,0.018137522,-0.02258724,0.021383516
1006,0.04309205,0.05198355,0.039915252,0.027633613,0.0031767972,0.024349937
1007,0.053576168,0.033975963,0.03974479,0.02879601,0.013831377,0.005179953
1008,0.024831137,0.058616422,0.018733466,0.015245744,0.0060976706,0.04337068
1009,0.9428324,0.59428495,0.7542919,0.560069,0.18854052,0.034215927
1010,0.062013987,-0.021026824,0.04773447,0.02501926,0.014279518,-0.046046086
1011,0.5391407,0.25069135,0.29066598,0.22622009,0.24847472,0.024471268
1012,0.018986281,-0.04364692,0.011291291,0.0029629427,0.0076949904,-0.046609864
1013,0.16422318,0.065042056,0.06387658,0.049485173,0.1003466,0.015556883
1014,0.39919022,0.22749043,0.23730385,0.19744532,0.16188636,0.030045107
1015,-0.021018788,-0.013381847,0.008372945,0.0076643606,-0.029391732,-0.021046208
1016,0.13694529,0.088704884,0.08444714,0.06738228,0.052498154,0.0213226
1017,0.8823004,0.26277587,0.3945314,0.2774825,0.48776898,-0.014706641
1018,1.3447678,0.40458378,0.5884544,0.42445278,0.7563134,-0.019869
1019,0.08857052,0.16529486,0.07038245,0.054309115,0.018188067,0.11098574
1020,0.6331685,0.29803532,0.403588,0.30091372,0.22958052,-0.0028783977
1021,0.6651546,0.20675898,0.24700357,0.17631024,0.41815102,0.030448735
1022,1.1406039,0.30314264,0.38761497,0.30173406,0.75298893,0.001408577
1023,0.84114707,0.38967958,0.5184103,0.38853323,0.32273674,0.0011463463
1024,0.069077164,-0.019605108,0.06207359,0.029110288,0.0070035756,-0.048715398
1025,0.87250847,0.2642528,0.31913307,0.23563905,0.55337536,0.028613761
1026,0.14995597,0.10595265,0.09966958,0.07456361,0.05028639,0.031389043
1027,0.023795981,0.05483041,0.021443522,0.0197726,0.0023524594,0.03505781
1028,0.24419867,0.0953257,0.17675903,0.113389224,0.06743963,-0.018063523
1029,0.034735743,0.04082033,0.033754934,0.02274066,0.0009808093,0.01807967
1030,0.028061979,-0.0009757654,0.032152947,0.022548897,-0.0040909685,-0.023524662
1031,0.8655348,0.30301973,0.28724003,0.20628005,0.57829475,0.09673968
1032,1.1747211,0.7407567,0.950686,0.73961663,0.22403514,0.001140058
1033,1.0744464,0.5194428,0.6830519,0.5121883,0.39139456,0.0072544813
1034,1.0521909,0.37905124,0.5650472,0.38064155,0.4871437,-0.0015903115
1035,0.88395405,0.36465758,0.4680514,0.3330577,0.41590264,0.03159988
1036,1.3161265,0.6619286,0.92673266,0.61614573,0.3893938,0.045782864
1037,0.06519846,0.06855195,0.052524175,0.044405393,0.012674283,0.024146557
1038,0.78018415,0.13283855,0.19926085,0.14189643,0.5809233,-0.009057879
1039,0.07235537,0.12614827,0.06516521,0.04259129,0.0071901605,0.08355698
1040,1.3405085,0.5869868,0.75924957,0.5646456,0.5812589,0.022341192
1041,0.71423703,0.3391917,0.47052026,0.34456944,0.24371678,-0.0053777397
1042,0.9323632,0.32678777,0.5620199,0.3311883,0.37034333,-0.0044005215
1043,0.09419747,0.046346087,0.026558587,0.022181189,0.06763888,0.024164898
1044,-0.00090322184,-0.0050174254,0.0079939505,0.0052377107,-0.008897172,-0.010255136
1045,0.052556757,0.05496765,0.021024441,0.016076159,0.031532317,0.03889149
1046,1.1991581,0.32438985,0.41633832,0.3249602,0.78281975,-0.00057035685
1047,0.62419415,0.3573759,0.35954875,0.26205075,0.2646454,0.09532514
1048,-0.019091215,0.12549636,0.01940849,0.008863213,-0.038499705,0.11663315
1049,-0.0031177849,-0.03512044,0.016358264,0.010771542,-0.019476049,-0.04589198
1050,0.61826557,0.2273583,0.29990932,0.21898888,0.31835625,0.008369416
1051,0.06842052,0.047038842,0.039444074,0.029949982,0.028976448,0.01708886
1052,0.030990496,0.057709094,0.024703167,0.022252422,0.006287329,0.035456672
1053,0.056922466,0.13252433,0.036571324,0.025974963,0.020351142,0.10654937
1054,-0.0046555097,0.0008017082,0.0065330714,0.004590929,-0.011188582,-0.003789221
1055,-0.004302117,0.106302224,0.006595331,0.006479682,-0.010897448,0.09982254
1056,0.7315087,0.31098145,0.4873935,0.3371022,0.24411517,-0.026120752
1057,0.8524155,0.2808179,0.45271286,0.30615628,0.39970264,-0.025338382
1058,0.8066561,0.28401932,0.46482602,0.31129622,0.3418301,-0.027276903
1059,1.0359598,0.4335686,0.61610776,0.427688,0.41985208,0.0058805943
1060,-0.056809023,0.1244447,0.00069614284,-0.0028632786,-0.057505164,0.12730798
1061,0.13168867,0.05042786,0.09135034,0.062188417,0.04033833,-0.011760555
1062,0.7607728,0.2655622,0.38643616,0.26058197,0.37433666,0.0049802363
1063,0.07068655,-0.014030667,0.052523106,0.03284437,0.018163443,-0.046875037
1064,0.7483477,0.25826663,0.39789772,0.27287686,0.35044998,-0.014610231
1065,0.53394943,0.2366607,0.29999858,0.21959738,0.23395085,0.01706332
1066,-0.03208962,0.11868683,0.009200172,0.0031898296,-0.04128979,0.115497
1067,1.0344466,0.5097588,0.68182856,0.4784032,0.35261804,0.03135556
1068,0.40686893,0.17422672,0.29515743,0.19843443,0.1117115,-0.024207711
1069,0.49867153,0.17753217,0.2326774,0.16212319,0.26599413,0.015408978
1070,0.79606164,0.40597385,0.52363086,0.3560997,0.27243078,0.049874157
1071,0.8076363,0.23039721,0.32037324,0.24322122,0.48726308,-0.012824014
1072,1.0311211,0.25037402,0.41437405,0.2898396,0.6167471,-0.039465576
1073,0.9516274,0.53293717,0.7082929,0.5040601,0.24333447,0.02887708
1074,-0.033870485,0.110267386,0.0064871474,0.00057431834,-0.04035763,0.109693065
1075,0.78166133,0.3601789,0.4974081,0.33967796,0.28425324,0.020500928
1076,0.6030677,0.16704202,0.22632563,0.17224298,0.37674206,-0.005200967
1077,0.024520265,0.09239885,0.030571697,0.023647282,-0.0060514323,0.06875157
1078,0.82256186,0.23577613,0.2832274,0.20977311,0.5393344,0.026003018
1079,0.814067,0.46707007,0.56473994,0.43258998,0.24932706,0.034480095
1080,0.80562574,0.40357953,0.44380462,0.34443942,0.36182112,0.059140116
1081,0.03977243,-0.031829912,0.024763986,0.013099521,0.015008442,-0.044929434
1082,0.114921056,0.047629096,0.08315883,0.064519554,0.031762227,-0.016890459
1083,0.17284328,0.0540212,0.07809639,0.057468742,0.09474689,-0.0034475438
1084,0.636547,0.25159177,0.33974755,0.241219,0.29679948,0.010372773
1085,0.832535,0.27080032,0.34775457,0.25341198,0.48478046,0.017388344
1086,0.9884916,0.46073082,0.58657783,0.4171376,0.40191376,0.043593228
1087,0.053576406,-0.008596267,0.028811596,0.020782974,0.02476481,-0.029379241
1088,0.5376544,0.19046332,0.25835788,0.16972786,0.27929652,0.020735458
1089,1.0695952,0.096128725,0.2984123,0.20622838,0.7711829,-0.11009965
1090,0.03950495,0.017641617,0.020025864,0.010689544,0.019479085,0.0069520734
1091,0.17423193,0.083275035,0.15921843,0.094599456,0.015013501,-0.011324421
1092,0.0033074818,-0.004021246,0.023311166,0.017354053,-0.020003684,-0.021375299
1093,1.0935221,0.29987767,0.4457358,0.3026648,0.64778626,-0.0027871132
1094,0.009236912,0.021806085,0.006015864,0.0064870017,0.003221048,0.015319084
1095,-0.016963908,0.11976501,0.0185732,0.008458008,-0.03553711,0.111307
1096,0.0920512,0.04874885,0.058572393,0.041558523,0.033478808,0.007190328
1097,0.06599886,0.022582997,0.023753092,0.018298704,0.042245768,0.0042842925
1098,0.19199531,0.104126364,0.12649135,0.08723261,0.065503955,0.016893752
1099,0.057456065,0.030135045,0.09388397,0.06314762,-0.036427904,-0.033012576
1100,-0.018770104,-0.063896425,0.013733341,0.00826792,-0.032503445,-0.07216434
1101,0.01924997,-0.034035746,0.02237274,0.010786294,-0.0031227693,-0.04482204
1102,0.6629433,0.22336304,0.30792987,0.2252181,0.35501343,-0.0018550605
1103,-0.0076932367,0.21137,0.01472724,0.012716392,-0.022420477,0.19865361
1104,0.15989088,0.07890068,0.08248833,0.057802603,0.07740255,0.021098077
1105,0.5816175,0.291103,0.35357466,0.26938784,0.22804281,0.021715164
1106,0.119102895,0.067030266,0.085809164,0.060224913,0.03329373,0.006805353
1107,-0.016192634,0.009026721,0.013938622,0.010654808,-0.030131254,-0.0016280869
1108,0.9019033,0.36348963,0.501579,0.35988513,0.40032429,0.0036045015
1109,1.1337637,0.5618207,0.91119856,0.5838474,0.22256511,-0.022026718
1110,0.1919605,0.07700853,0.09978768,0.072090566,0.09217282,0.0049179643
1111,0.01538315,0.018178055,0.005731501,0.006567883,0.00965165,0.011610173
1112,0.69506854,0.3319804,0.426299,0.31811473,0.26876953,0.0138656795
1113,0.029768579,0.026029471,0.023882434,0.017696058,0.005886145,0.008333413
1114,0.059931364,-0.014622287,0.04256253,0.027826337,0.017368834,-0.042448625
1115,0.13010015,0.058589596,0.07776691,0.047090836,0.052333236,0.01149876
1116,0.42725497,0.2589831,0.3475003,0.23172475,0.07975468,0.027258351
1117,0.14762977,0.07558337,0.101968564,0.06668745,0.045661204,0.008895919
1118,0.7009172,0.27450708,0.41825038,0.31131455,0.2826668,-0.036807477
1119,9.680415e-05,-0.032181576,0.013078618,0.008618158,-0.012981813,-0.040799733
1120,0.123967946,-0.013680157,0.055775587,0.029591145,0.06819236,-0.043271303
1121,1.3508162,0.78007364,0.83172876,0.5559889,0.5190875,0.22408473
1122,0.6145155,0.3055359,0.4373777,0.31207812,0.17713779,-0.006542206
1123,0.8282757,0.34826165,0.4480944,0.3384775,0.38018128,0.009784162
1124,0.9886209,0.47282943,0.6205354,0.45088533,0.3680855,0.021944106
1125,0.012734935,0.0029520954,0.025375223,0.016597062,-0.012640288,-0.013644967
1126,0.11270345,0.084433496,0.08145337,0.06438754,0.031250082,0.020045958
1127,0.076258615,0.06697423,0.045462325,0.031016197,0.03079629,0.035958033
1128,0.78607893,0.3538034,0.5601171,0.3801131,0.2259618,-0.026309699
1129,0.023923006,-0.042223264,0.024341805,0.009223907,-0.000418799,-0.05144717
1130,0.090663984,-0.0076076454,0.04474682,0.033024818,0.045917165,-0.040632464
1131,0.6724165,0.23906696,0.35374284,0.24046522,0.31867367,-0.0013982654
1132,0.84848845,0.480025,0.602854,0.45002463,0.24563444,0.030000359
1133,0.15923002,0.0789549,0.13186496,0.084166914,0.027365059,-0.0052120164
1134,0.7545328,0.3623032,0.5018469,0.36578605,0.2526859,-0.0034828484
1135,0.8049495,0.44158196,0.54789996,0.403227,0.25704956,0.038354963
1136,0.11732453,0.03853328,0.07274073,0.053433657,0.044583797,-0.014900375
1137,0.9337516,0.22658455,0.35143325,0.25557125,0.5823183,-0.028986692
1138,0.3323806,0.18679167,0.21132545,0.14879376,0.12105514,0.037997916
1139,0.9477706,0.49099323,0.6789992,0.49443805,0.2687714,-0.0034448206
1140,0.021517707,0.034062147,0.020631924,0.013811407,0.00088578276,0.020250741
1141,0.58133024,0.2929255,0.35740912,0.25242543,0.22392112,0.040500075
1142,0.8861182,0.2826515,0.42758492,0.30531037,0.45853326,-0.022658855
1143,0.66747904,0.36070722,0.5039869,0.39601928,0.16349214,-0.035312057
1144,1.1890802,0.62084126,0.71267176,0.5586674,0.47640848,0.062173843
1145,0.7360791,0.24836504,0.3594937,0.2627606,0.3765854,-0.014395565
1146,1.4013299,0.44955963,0.74255025,0.47545245,0.6587796,-0.025892824
1147,1.0394244,0.38538665,0.6231827,0.4503963,0.4162417,-0.06500965
1148,0.042863473,0.06834232,0.029036235,0.019803846,0.013827238,0.048538476
1149,0.060955267,0.029193737,0.031239366,0.020540358,0.029715901,0.008653378
1150,0.13035162,0.07028652,0.13273996,0.081982315,-0.0023883432,-0.011695795
1151,0.04126607,-0.016103307,0.026163993,0.016407205,0.015102075,-0.03251051
1152,0.29809076,0.21878809,0.20107193,0.13092513,0.09701882,0.08786295
1153,0.2716011,0.11362923,0.1245815,0.090887845,0.14701961,0.022741385
1154,0.014415602,0.044902723,0.0185979,0.014817747,-0.0041822987,0.030084975
1155,0.18005462,0.087828964,0.12691994,0.08155561,0.05313468,0.0062733516
1156,0.08756677,0.03149373,0.064398095,0.045846343,0.023168676,-0.014352612
1157,0.22711535,0.095742434,0.14641568,0.09909823,0.08069967,-0.0033557937
1158,0.015307151,0.0058323382,0.03470499,0.02147837,-0.01939784,-0.015646031
1159,0.87171286,0.39228284,0.48800948,0.36476135,0.38370338,0.027521491
1160,0.045468483,0.05183481,0.022866022,0.019257275,0.022602461,0.032577537
1161,0.09257869,0.056915566,0.05785794,0.042102538,0.034720745,0.014813028
1162,1.1093724,0.4592913,0.64062256,0.43313366,0.46874982,0.026157647
1163,0.08133722,0.020514714,0.022137837,0.013310337,0.059199385,0.007204376
1164,0.666319,0.27508694,0.34950534,0.2562525,0.31681368,0.018834442
1165,0.8331178,0.36265305,0.5054741,0.35694882,0.3276437,0.005704224
1166,0.61141884,0.24895662,0.30938905,0.23185444,0.3020298,0.017102182
1167,0.8445888,0.40932098,0.49882567,0.36589918,0.34576315,0.043421805
1168,0.18448167,0.1052511,0.11337245,0.08126883,0.07110921,0.023982272
1169,0.60045415,0.2939974,0.40500805,0.28901097,0.1954461,0.004986435
1170,0.36925355,0.18952669,0.20210594,0.15572949,0.1671476,0.033797204
1171,0.07914268,-0.019939948,0.028828917,0.021840027,0.050313763,-0.041779973
1172,0.6724101,0.1790002,0.29200324,0.21161929,0.38040683,-0.03261909
1173,0.05004514,0.013011317,0.055945586,0.041002117,-0.0059004463,-0.0279908
1174,1.0452864,0.46802387,0.6147922,0.4200206,0.4304942,0.048003256
1175,-0.01641075,0.118004,0.01818647,0.008413099,-0.034597218,0.1095909
1176,0.03866262,-0.025134565,0.025449201,0.015354932,0.013213418,-0.0404895
1177,0.3654572,0.15100129,0.17633,0.11763529,0.1891272,0.033366002
1178,0.3055362,0.10064113,0.11472422,0.08188187,0.19081199,0.018759258
1179,0.9369206,0.33392397,0.4604846,0.31455588,0.476436,0.019368082
1180,0.12797058,0.06900509,0.087060936,0.06339873,0.04090964,0.0056063607
1181,0.9531115,0.2478372,0.3742278,0.26630008,0.57888377,-0.018462881
1182,0.5833393,0.27036685,0.39319205,0.25641885,0.19014722,0.0139479935
1183,0.5833675,0.2656946,0.33936223,0.23518646,0.2440053,0.03050813
1184,0.038401943,0.013936691,0.016818665,0.0129242,0.021583278,0.0010124911
1185,0.13331075,0.06449419,0.07119103,0.05557944,0.062119722,0.008914754
1186,0.03589599,0.089061394,0.04100041,0.024158306,-0.0051044226,0.06490309
1187,1.0676763,0.6558731,0.8397958,0.62867624,0.22788048,0.027196884
1188,1.0002131,0.4633021,0.60746074,0.434485,0.3927524,0.028817117
1189,0.997317,0.43319747,0.5538935,0.39483014,0.4434235,0.03836733
1190,0.97840315,0.47521967,0.637155,0.4217202,0.34124815,0.05349946
1191,0.19426198,0.05605528,0.122350104,0.082028516,0.07191188,-0.025973234
1192,0.72572947,0.42295796,0.5026913,0.37371093,0.22303814,0.049247026
1193,0.81713355,0.21808654,0.2951742,0.19785309,0.5219593,0.020233452
1194,0.37734732,0.18769787,0.2233923,0.14998354,0.15395503,0.037714332
1195,0.6873367,0.43506372,0.56337184,0.41560376,0.123964846,0.019459963
1196,0.23935534,0.12320298,0.14999038,0.110872306,0.08936496,0.012330674
1197,0.041145492,-0.04072213,0.018593187,0.0071655554,0.022552306,-0.047887687
1198,0.02370659,-0.009724813,0.008152353,0.0036928183,0.015554238,-0.013417631
1199,0.039442666,0.038895655,0.027505942,0.021964874,0.011936724,0.016930781
1200,-0.0058664987,-0.06493512,0.020910935,0.0093377745,-0.026777435,-0.07427289
1201,0.71327615,0.42469895,0.52048934,0.3949331,0.19278681,0.029765844
1202,0.021184191,-0.02043276,0.030356333,0.018686924,-0.009172142,-0.039119683
1203,0.8316072,0.40216684,0.57166463,0.383485,0.2599426,0.018681854
1204,0.72637707,0.26345083,0.3523933,0.2606821,0.37398377,0.0027687252
1205,0.82205695,0.55079985,0.6632386,0.51433545,0.15881836,0.036464393
1206,0.8881517,0.3880468,0.5978675,0.40632927,0.29028422,-0.018282473
1207,0.49230176,0.10924316,0.13421452,0.10078278,0.35808724,0.00846038
1208,0.07456042,0.1502602,0.043678924,0.032336432,0.030881494,0.11792377
1209,0.7028428,0.30551028,0.442966,0.29948005,0.25987676,0.0060302317
1210,0.50476,0.22984263,0.31409478,0.21600081,0.19066525,0.013841823
1211,0.697033,0.3731469,0.5071228,0.35055214,0.18991017,0.02259475
1212,0.076421544,0.04644221,0.055900313,0.042431027,0.020521231,0.004011184
1213,0.76520604,0.27750856,0.3558004,0.2731241,0.40940565,0.004384458
1214,0.7539324,0.27460223,0.38278946,0.27274057,0.37114295,0.0018616617
1215,0.850423,0.31408438,0.45417443,0.32897788,0.39624855,-0.014893502
1216,0.30672085,0.14554505,0.22918618,0.13669543,0.077534676,0.008849621
1217,0.7225324,0.26075703,0.4052377,0.2981828,0.3172947,-0.037425756
1218,0.041150466,0.13215716,0.036100283,0.02341548,0.0050501823,0.108741686
1219,0.6028067,0.21398264,0.27697936,0.18938336,0.32582733,0.024599284
1220,0.057707287,0.034161672,0.026586467,0.023172047,0.03112082,0.010989625
1221,0.69697094,0.27841854,0.38945457,0.29620516,0.30751637,-0.017786622
1222,0.04508296,0.05471004,0.037393037,0.029406069,0.007689923,0.025303973
1223,0.07297218,0.11997432,0.042875357,0.03127675,0.030096821,0.08869757
1224,0.05639938,0.042227503,0.031868495,0.02517542,0.024530884,0.017052082
1225,0.9758291,0.42122993,0.71540016,0.4449671,0.26042897,-0.023737162
1226,0.40038034,0.20004892,0.27260095,0.19053087,0.1277794,0.009518057
1227,0.59469247,0.2001995,0.30373046,0.21000199,0.290962,-0.0098024905
1228,0.016974228,0.036997713,0.015901389,0.012967208,0.0010728389,0.024030505
1229,0.019760523,-0.04237335,0.017434042,0.009063552,0.002326481,-0.051436905
1230,0.004120543,0.11148035,0.010028702,0.0090138465,-0.005908159,0.1024665
1231,0.6875271,0.35035825,0.4288044,0.32136565,0.25872272,0.028992593
1232,0.58399177,0.206533,0.1809382,0.13133115,0.40305358,0.075201854
1233,0.07530526,0.11758148,0.050597236,0.03810871,0.024708025,0.079472765
1234,0.12512012,0.0344903,0.07395565,0.046737388,0.05116447,-0.012247089
1235,0.0061635734,0.12817095,0.027319118,0.017563712,-0.021155545,0.11060724
1236,0.8846484,0.41004685,0.4931711,0.35601658,0.3914773,0.05403027
1237,0.02409427,0.033661548,0.010104481,0.00874466,0.013989789,0.024916887
1238,0.9447861,0.3682616,0.42848474,0.33314255,0.51630133,0.035119057
1239,0.034925967,0.008265579,0.046557255,0.027734421,-0.011631288,-0.019468842
1240,1.0852065,0.5078022,0.7676236,0.5095951,0.3175829,-0.0017929077
1241,1.154944,0.40819785,0.71433145,0.3798331,0.4406125,0.028364748
1242,0.6705766,0.26063013,0.43770263,0.27934134,0.23287395,-0.01871121
1243,0.7210639,0.42300272,0.5820113,0.42501822,0.13905263,-0.0020155013
1244,0.7819657,0.32479292,0.4785444,0.33280784,0.30342126,-0.008014917
1245,0.17058337,0.06292578,0.11951297,0.076003686,0.0510704,-0.013077907
1246,0.9406651,0.40104547,0.5338174,0.39794973,0.40684772,0.003095746
1247,0.14753324,0.067443654,0.06591359,0.0492308,0.08161965,0.018212855
1248,0.07237696,0.058909338,0.022938881,0.015815401,0.049438078,0.043093935
1249,0.73033834,0.26090306,0.3224231,0.23958589,0.40791523,0.02131717
1250,0.8868706,0.3920619,0.5641177,0.4005812,0.3227529,-0.008519322
1251,0.112353645,0.054447655,0.07670873,0.052821584,0.03564492,0.0016260706
1252,0.68041056,0.34668547,0.49871597,0.3084344,0.1816946,0.038251072
1253,0.43583578,0.27999294,0.3459392,0.2653066,0.08989659,0.014686346
1254,-0.020198872,0.117640436,0.022288894,0.010771868,-0.042487767,0.106868565
1255,0.48223606,0.20750502,0.28470334,0.1963957,0.19753271,0.011109322
1256,1.0368533,0.45331928,0.63859916,0.44984645,0.39825416,0.0034728348
1257,0.9474333,0.4371058,0.5768951,0.41836345,0.37053818,0.018742353
1258,0.8642954,0.41144133,0.6165532,0.40094087,0.24774224,0.010500461
1259,0.019731097,-0.007831295,0.015657658,0.011272014,0.004073439,-0.01910331
1260,0.6345898,0.1225288,0.18441933,0.123175554,0.45017046,-0.0006467551
1261,-0.01686775,0.12199724,0.019330174,0.007887614,-0.036197923,0.11410962
1262,0.6416681,0.17470226,0.27182704,0.17084707,0.36984104,0.0038551837
1263,0.15981913,0.08877466,0.12370487,0.091071606,0.036114253,-0.002296947
1264,0.95429295,0.31629136,0.4043085,0.32392555,0.54998446,-0.0076341927
1265,0.75442153,0.3940804,0.5498148,0.3879652,0.20460671,0.006115198
1266,-0.029360197,0.11616027,0.013688754,0.0036292437,-0.04304895,0.11253103
1267,-0.027354142,0.11703204,0.013265256,0.005018726,-0.040619396,0.11201332
1268,0.62169534,0.35398754,0.42899883,0.3212869,0.19269651,0.032700658
1269,0.7982145,0.29211804,0.44071904,0.32716587,0.35749546,-0.03504783
1270,0.03295506,0.14278154,0.051989943,0.028677251,-0.019034881,0.114104286
1271,0.8043467,0.27981517,0.49114376,0.31520367,0.31320292,-0.0353885
1272,1.0318295,0.49163646,0.707204,0.47868183,0.3246255,0.0129546225
1273,0.19228837,0.053254332,0.055940513,0.044579223,0.13634786,0.00867511
1274,0.9515368,0.52698606,0.73479223,0.542471,0.21674454,-0.015484929
1275,0.78915477,0.41291687,0.5556001,0.40306556,0.23355466,0.009851307
1276,0.052633006,0.1352306,0.04012988,0.031210396,0.012503125,0.10402021
1277,0.7109993,0.3601031,0.43543738,0.32174632,0.27556193,0.03835678
1278,0.18153842,0.14545827,0.15143195,0.11429568,0.03010647,0.03116259
1279,0.77742654,0.34603807,0.39423057,0.2900009,0.38319597,0.056037188
1280,1.0728827,0.47643018,0.6558576,0.44106376,0.41702503,0.035366416
1281,0.68571436,0.30044296,0.4430989,0.30908924,0.24261546,-0.00864628
1282,0.0058813435,-0.05257062,0.015704544,0.0044860654,-0.009823201,-0.057056684
1283,0.5207622,0.2259726,0.27659467,0.20469593,0.24416754,0.021276668
1284,1.4102486,0.6318491,0.88239044,0.59390384,0.5278582,0.03794527
1285,0.70422,0.32828885,0.42510685,0.30659318,0.27911314,0.021695673
1286,0.8010493,0.33528495,0.46066532,0.31242293,0.34038398,0.022862017
1287,0.59177256,0.1505815,0.19320768,0.14508736,0.39856488,0.0054941326
1288,0.07978665,0.1505909,0.044924673,0.033142444,0.03486198,0.11744845
1289,0.08468924,0.026061315,0.06352314,0.046297487,0.021166094,-0.020236172
1290,0.8780938,0.30598772,0.39365917,0.27363598,0.4844346,0.032351732
1291,0.8331725,0.28074464,0.49243996,0.32486042,0.34073254,-0.04411578
1292,0.27966172,0.08934607,0.19893497,0.11261777,0.08072674,-0.023271695
1293,0.5380912,0.23545155,0.3243024,0.20683533,0.21378878,0.02861622
1294,0.062487245,0.06075441,0.05104137,0.03701488,0.011445876,0.023739532
1295,0.942256,0.31976473,0.5224095,0.3442921,0.41984648,-0.02452737
1296,0.8488484,0.2787479,0.46147937,0.30558035,0.38736904,-0.026832461
1297,0.74884516,0.20884614,0.32913816,0.225804,0.419707,-0.016957864
1298,0.0649726,0.03689877,0.07124282,0.04773314,-0.006270215,-0.01083437
1299,0.7646145,0.3466361,0.4157888,0.30842376,0.34882572,0.03821233
1300,0.19264804,0.108984776,0.11223678,0.08213645,0.080411255,0.026848324
1301,0.73342025,0.25433403,0.4019891,0.25918168,0.33143115,-0.0048476458
1302,0.08917358,0.08258881,0.074854545,0.057016805,0.014319032,0.025572002
1303,0.04089939,0.2035522,0.044892885,0.035877,-0.0039934963,0.1676752
1304,0.21766765,0.18432269,0.19557633,0.1543004,0.02209133,0.030022278
1305,0.004978598,-0.020932002,0.028304307,0.017636042,-0.023325708,-0.038568042
1306,0.42302716,0.19470085,0.24857086,0.18289845,0.1744563,0.011802405
1307,0.79798275,0.39972335,0.48734963,0.371365,0.31063312,0.02835834
1308,0.59627914,0.2808567,0.41180462,0.28860268,0.18447453,-0.007745981
1309,0.8862574,0.31583485,0.44067279,0.2944268,0.44558463,0.021408051
1310,0.06920262,0.051815044,0.03365072,0.02190698,0.0355519,0.029908065
1311,0.080372855,0.1490716,0.05166551,0.038601786,0.028707344,0.11046982
1312,0.11047137,0.05493422,0.096889086,0.07160186,0.013582282,-0.016667642
1313,0.50426555,0.16994178,0.22702004,0.16693482,0.27724552,0.003006965
1314,0.65856767,0.30902234,0.4515918,0.31421036,0.20697588,-0.005188018
1315,0.02671193,0.02556461,0.007607047,0.0061560865,0.019104883,0.019408522
1316,0.6924549,0.19301766,0.27246562,0.19986345,0.41998926,-0.006845787
1317,0.007913952,0.067164384,0.022364972,0.013249142,-0.01445102,0.05391524
1318,0.592647,0.26028562,0.30960435,0.24446946,0.28304267,0.015816152
1319,0.09408018,0.09653831,0.0680188,0.050415862,0.026061378,0.04612245
1320,0.08359997,0.17251015,0.11677459,0.09101326,-0.03317462,0.08149689
1321,0.09546883,0.12161812,0.0628404,0.046674028,0.032628424,0.074944094
1322,0.2859678,0.13178255,0.15758687,0.11992922,0.12838092,0.01185333
1323,0.51694566,0.1726131,0.22836363,0.15299124,0.28858203,0.019621864
1324,1.1723887,0.4348057,0.5577757,0.40378457,0.614613,0.031021118
1325,0.88891995,0.30937868,0.45386106,0.33420676,0.4350589,-0.024828076
1326,0.121108755,0.08619745,0.09339557,0.070652865,0.027713187,0.015544586
1327,0.09044478,0.070522524,0.05946608,0.04573939,0.030978702,0.024783134
1328,0.85599595,0.485947,0.57516366,0.4228439,0.2808323,0.06310311
1329,0.5932635,0.18897635,0.23199667,0.17168725,0.36126685,0.017289102
1330,0.07610301,-0.05667802,0.027037706,0.013678497,0.049065303,-0.07035652
1331,1.0066859,0.44459972,0.6411605,0.467101,0.36552536,-0.02250129
1332,0.05700407,0.037791923,0.03813347,0.02608297,0.018870603,0.0117089525
1333,0.053201966,0.028209027,0.021043718,0.018162794,0.032158248,0.0100462325
1334,0.00016864955,0.006415269,0.023032872,0.013471713,-0.022864223,-0.0070564444
1335,0.57215226,0.325568,0.3669047,0.21837062,0.20524755,0.107197374
1336,0.7370831,0.3137165,0.41954032,0.2927592,0.31754276,0.020957291
1337,0.93600214,0.34222946,0.4815317,0.34130895,0.45447043,0.00092050433
1338,0.11756772,0.010414626,0.08030732,0.05281924,0.0372604,-0.042404614
1339,0.58233637,0.17901793,0.26474097,0.1700932,0.3175954,0.008924738
1340,1.0642711,0.47446984,0.6869413,0.4845612,0.37732977,-0.010091364
1341,0.91195315,0.2938359,0.4482211,0.29257518,0.46373206,0.0012607276
1342,0.6783791,0.17858066,0.22582193,0.16875197,0.4525572,0.009828687
1343,0.0884623,0.04843837,0.050302964,0.037853617,0.038159337,0.010584753
1344,-0.0018798439,0.020382566,0.009860767,0.008645095,-0.011740611,0.011737471
1345,0.17874986,0.07795507,0.10675838,0.071820505,0.07199148,0.006134562
1346,0.025580248,-0.050691463,0.012792033,0.004606045,0.012788215,-0.05529751
1347,0.12644483,0.07647599,0.08828697,0.06563688,0.038157858,0.010839112
1348,0.08906849,0.055643227,0.03925811,0.02899441,0.049810376,0.026648818
1349,0.33306393,0.12893024,0.19623853,0.1308396,0.1368254,-0.0019093603
1350,0.6553461,0.22223042,0.26242042,0.19487543,0.39292568,0.027354985
1351,0.83215564,0.51496845,0.62695223,0.4551751,0.20520341,0.059793353
1352,0.81138426,0.49336836,0.59395325,0.43390378,0.21743101,0.059464574
1353,0.11848705,0.011919201,0.076404035,0.050600175,0.042083018,-0.038680974
1354,1.0682105,0.42903188,0.6430937,0.42763656,0.42511678,0.0013953149
1355,1.1955646,0.6340616,0.8787679,0.62439257,0.31679672,0.009669006
1356,0.122959405,0.04843007,0.06156291,0.0424881,0.061396495,0.005941972
1357,0.20700073,0.12279264,0.1233483,0.08279906,0.08365243,0.039993577
1358,0.7371787,0.22647642,0.26358622,0.19040659,0.47359246,0.036069825
1359,0.038746674,0.01203176,0.028708575,0.018642357,0.010038098,-0.0066105966
1360,0.21638419,0.110298514,0.17086144,0.127347,0.04552275,-0.017048493
1361,0.93778384,0.45960733,0.5775679,0.4157175,0.36021596,0.04388982
1362,0.72611904,0.24538372,0.3466238,0.23378563,0.37949523,0.011598095
1363,0.9477649,0.40957305,0.49852484,0.34908107,0.44924003,0.06049198
1364,1.025941,0.4415512,0.58539313,0.44827023,0.44054788,-0.006719023
1365,0.8415701,0.41211486,0.56775236,0.39747924,0.27381772,0.0146356225
1366,0.02049365,0.03307806,0.015072358,0.008869528,0.005421293,0.02420853
1367,-0.019358402,0.12612207,0.019448482,0.009608818,-0.038806885,0.11651325
1368,0.8242241,0.26633024,0.38226455,0.28002062,0.44195956,-0.013690382
1369,0.99557555,0.36795384,0.48253796,0.35049027,0.51303756,0.017463565
1370,0.85362685,0.38870692,0.49319488,0.35625345,0.36043197,0.032453477
1371,0.8056006,0.30835056,0.38989842,0.28414327,0.41570216,0.024207294
1372,0.16445316,0.041037865,0.10168138,0.0727788,0.06277178,-0.031740934
1373,0.05216194,0.007915544,0.017697213,0.008926917,0.034464724,-0.0010113725
1374,0.022803592,0.036470927,0.04591967,0.03252356,-0.02311608,0.003947366
1375,0.08344546,-0.004806319,0.06740475,0.036057655,0.016040713,-0.040863972
1376,0.05408912,0.021624606,0.03163034,0.021428574,0.02245878,0.00019603223
1377,1.1620554,0.5785981,0.6822618,0.5057293,0.47979355,0.072868764
1378,0.037976705,0.02816686,0.016367227,0.015743813,0.021609478,0.012423048
1379,0.106241025,0.04753652,0.06984129,0.04576947,0.036399737,0.0017670467
1380,0.7526042,0.35310975,0.4619248,0.33442461,0.2906794,0.018685132
1381,0.03669021,0.034565054,0.025460728,0.0229559,0.011229482,0.011609154
1382,0.05042845,0.10056119,0.05159232,0.029206138,-0.0011638701,0.071355045
1383,2.8413278e-05,-0.027089361,0.02796256,0.018782526,-0.027934147,-0.045871887
1384,1.01291,0.25742233,0.4080016,0.2820681,0.6049084,-0.024645776
1385,0.014264231,0.23238578,0.030598408,0.02232158,-0.016334176,0.2100642
1386,0.86153483,0.44117007,0.6247848,0.4595167,0.23675,-0.018346637
1387,0.13015418,0.05533472,0.093711846,0.068845175,0.036442332,-0.013510454
1388,0.048549313,0.12514761,0.056814693,0.038513623,-0.00826538,0.08663399
1389,0.9071722,0.35194656,0.36271486,0.26627398,0.5444573,0.08567259
1390,0.026343193,0.036466867,0.026364053,0.020572571,-2.0859763e-05,0.015894296
1391,0.9640132,0.41350543,0.5331668,0.37865743,0.4308464,0.034848005
1392,0.77000386,0.35414165,0.5388687,0.34366515,0.23113513,0.0104765
1393,0.16923398,0.053621635,0.10477218,0.06647136,0.0644618,-0.012849726
1394,0.028692422,0.023298828,0.005747424,0.007969148,0.022944998,0.0153296795
1395,0.12934366,0.0313109,0.088291705,0.057535984,0.041051954,-0.026225083
1396,1.0371866,0.49739468,0.6776806,0.4659571,0.359506,0.031437576
1397,0.08413573,0.16572611,0.06632702,0.05017338,0.017808713,0.11555273
1398,1.2490729,0.6830392,0.7421629,0.5559015,0.50691,0.12713766
1399,0.6366034,0.22479604,0.30036157,0.21356073,0.33624184,0.011235312
1400,1.2740456,0.49481332,0.6095912,0.44033095,0.6644544,0.05448237
1401,0.9645845,0.5364374,0.7029432,0.47649285,0.26164132,0.05994454
1402,1.4860234,0.5347592,0.8876436,0.52805305,0.59837985,0.006706178
1403,0.120748,0.07094587,0.079383515,0.057118133,0.041364484,0.013827734
1404,0.12019428,0.09306757,0.08702146,0.05458195,0.033172816,0.03848562
1405,0.59974504,0.29188967,0.38604623,0.25921777,0.2136988,0.0326719
1406,0.09769691,0.07274261,0.049600825,0.03234114,0.048096083,0.04040147
1407,0.039272383,0.12775943,0.03125584,0.023911059,0.008016542,0.10384837
1408,0.99686825,0.29294354,0.43704084,0.3232085,0.55982745,-0.030264974
1409,0.7503358,0.281519,0.3966135,0.2849135,0.3537223,-0.0033945143
1410,0.7610331,0.32332823,0.4876817,0.33355483,0.27335143,-0.010226607
1411,0.7012579,0.33286166,0.44549018,0.3055735,0.2557677,0.027288169
1412,0.016037425,0.032193776,0.026603796,0.019229824,-0.010566371,0.0129639525
1413,0.28519815,0.12186305,0.17091565,0.12154241,0.1142825,0.0003206432
1414,0.061515074,0.032006953,0.03967615,0.024487393,0.021838926,0.00751956
1415,0.7985323,0.41094553,0.5695046,0.39576244,0.22902769,0.015183091
1416,0.9948283,0.27538875,0.31119126,0.24301487,0.683637,0.032373875
1417,0.07216314,0.048576638,0.0413975,0.030042507,0.030765641,0.018534131
1418,0.024654029,0.003474151,0.015712775,0.010990485,0.008941254,-0.007516334
1419,0.025283813,0.09519851,0.042616863,0.029884294,-0.01733305,0.06531422
1420,0.8845132,0.44456878,0.51255214,0.36576232,0.37196106,0.07880646
1421,0.75855887,0.31368503,0.4492524,0.2994094,0.30930647,0.01427564
1422,0.5216709,0.22370131,0.29274595,0.21284558,0.22892493,0.010855734
1423,0.16715793,0.059193335,0.04775136,0.035190586,0.11940657,0.02400275
1424,0.11890831,0.07795579,0.06318667,0.051994327,0.05572164,0.025961462
1425,1.3237865,0.51283664,0.6655935,0.47151935,0.658193,0.041317284
1426,-0.029989265,0.13914783,0.021941196,0.009695242,-0.05193046,0.12945259
1427,0.11638416,0.10394192,0.09227292,0.06574791,0.024111241,0.03819401
1428,0.13454561,0.051479895,0.05538447,0.0416656,0.07916114,0.009814296
1429,0.07763838,0.03671328,0.03215386,0.021180032,0.04548452,0.015533248
1430,0.88263094,0.519421,0.64363205,0.52842814,0.23899889,-0.009007156
1431,0.045713317,0.15747756,0.043131046,0.030934988,0.0025822707,0.12654257
1432,0.7138201,0.16823645,0.29427966,0.19324116,0.41954044,-0.025004715
1433,0.21425821,0.12053992,0.14792696,0.10799905,0.06633125,0.012540869
1434,0.8964163,0.38482547,0.519655,0.36466724,0.37676132,0.020158231
1435,0.020526355,0.0062675034,0.034505278,0.020614352,-0.013978923,-0.014346849
1436,0.5516274,0.25382915,0.29246995,0.20638941,0.25915745,0.04743974
1437,0.04654739,0.14197698,0.038250178,0.02596386,0.008297212,0.116013125
1438,0.9415687,0.47831845,0.69823325,0.4531588,0.24333543,0.025159657
1439,0.11970911,0.20697865,0.11856757,0.08469928,0.0011415407,0.12227937
1440,0.09374714,0.07097626,0.053662278,0.046069667,0.04008486,0.02490659
1441,0.050042555,0.050911725,0.04254438,0.029263327,0.007498175,0.021648398
1442,0.65520865,0.28338292,0.3608743,0.27200478,0.29433435,0.011378139
1443,0.6463359,0.41508672,0.47052142,0.3366044,0.17581448,0.07848233
1444,0.12756161,0.07279767,0.0669073,0.046071097,0.060654312,0.026726574
1445,0.7247746,0.3523413,0.39877072,0.2989729,0.32600388,0.05336839
1446,0.16828817,0.06748949,0.10679579,0.066566125,0.061492383,0.00092336535
1447,0.8338458,0.38333455,0.52121913,0.33980516,0.31262666,0.04352939
1448,0.8575698,0.2760277,0.39398614,0.28896475,0.46358368,-0.012937039
1449,0.95258415,0.29473016,0.4645229,0.3066768,0.48806125,-0.011946648
1450,0.67476016,0.33825314,0.43723765,0.31852433,0.23752251,0.01972881
1451,0.123215735,0.028272705,0.036363684,0.028106458,0.08685205,0.00016624667
1452,0.055127844,0.08581147,0.050496005,0.03064258,0.0046318397,0.055168893
1453,0.021254253,-0.07840493,0.035725266,0.01743894,-0.014471013,-0.095843874
1454,0.7068479,0.2423557,0.3689016,0.26738054,0.3379463,-0.025024831
1455,0.060930796,0.028306736,0.03902384,0.030375065,0.021906957,-0.0020683296
1456,0.74507654,0.1420786,0.19587165,0.14578368,0.5492049,-0.0037050843
1457,0.0853542,-0.003487697,0.05165451,0.03453542,0.03369969,-0.038023118
1458,0.18058707,0.23460995,0.116111495,0.093846604,0.06447557,0.14076334
1459,1.1201771,0.53672725,0.69920546,0.49706307,0.4209717,0.03966418
1460,0.7107052,0.23971708,0.3779437,0.28484225,0.33276153,-0.04512517
1461,0.74549645,0.20034066,0.20697606,0.13696979,0.5385204,0.06337087
1462,0.06831518,0.03621006,0.07419915,0.05428925,-0.0058839694,-0.018079191
1463,0.51986754,0.12216444,0.16130544,0.11778281,0.3585621,0.0043816343
1464,0.87255955,0.34777817,0.43883967,0.300675,0.43371987,0.047103167
1465,0.6133674,0.28670317,0.33415076,0.23920016,0.27921662,0.04750301
1466,0.10177738,0.042342946,0.043115735,0.02732654,0.058661647,0.015016407
1467,0.2979816,0.11645385,0.13981314,0.1093749,0.15816845,0.0070789456
1468,0.098037995,0.040553477,0.06175156,0.039425567,0.036286436,0.0011279099
1469,0.18665741,0.13733108,0.1325766,0.10170272,0.054080814,0.035628363
1470,0.09566661,0.07771642,0.07759843,0.060901742,0.01806818,0.016814675
1471,0.9389162,0.43560278,0.5790553,0.42190725,0.3598609,0.013695538
1472,0.08395726,0.11080118,0.051417794,0.02700039,0.03253947,0.08380079
1473,0.923828,0.32751718,0.4947109,0.35952502,0.4291171,-0.032007843
1474,1.0017596,0.2764063,0.44284123,0.320154,0.5589184,-0.043747723
1475,0.6013653,0.3226808,0.45795086,0.31892297,0.14341447,0.0037578344
1476,0.04415118,0.019066708,0.022766318,0.01904435,0.021384861,2.235733e-05
1477,0.8693521,0.47668198,0.58429015,0.42894664,0.28506196,0.047735333
1478,0.024019923,0.023664193,0.024203597,0.019174514,-0.00018367358,0.004489679
1479,0.81978667,0.3140404,0.43245998,0.32544622,0.3873267,-0.011405826
1480,0.7604318,0.29272407,0.36582264,0.2775283,0.39460918,0.015195787
1481,0.77785337,0.2784397,0.42642692,0.28478166,0.35142645,-0.006341964
1482,-9.223474e-06,-0.0009502717,0.026430285,0.01536965,-0.026439508,-0.016319921
1483,0.30166522,0.115908995,0.16546606,0.10898899,0.13619916,0.0069200024
1484,0.8823529,0.3738894,0.49684086,0.34914628,0.38551202,0.02474311
1485,0.9027125,0.51280916,0.6116426,0.46053788,0.29106992,0.052271277
1486,0.31936345,0.112759046,0.161351,0.109920174,0.15801245,0.0028388724
1487,0.6456296,0.28247657,0.40306273,0.30807656,0.24256685,-0.025599986
1488,0.75462043,0.21826732,0.28119615,0.19788267,0.4734243,0.020384654
1489,0.04238078,0.031684123,0.024783969,0.021441445,0.017596811,0.010242678
1490,0.7044053,0.30851847,0.4157673,0.30828193,0.288638,0.00023654103
1491,0.050618257,0.05096483,0.035924,0.024846755,0.014694259,0.026118074
1492,1.3025231,0.26305068,0.37148944,0.21669914,0.93103373,0.046351537
1493,0.0124920765,0.11427429,0.038789853,0.021736102,-0.026297778,0.09253819
1494,0.81528354,0.4519601,0.55395776,0.44713172,0.26132578,0.0048283637
1495,0.06818694,-0.004071599,0.04489995,0.03070953,0.023286987,-0.03478113
1496,0.38177165,0.07169704,0.09717663,0.07181706,0.284595,-0.0001200214
1497,-0.033348545,0.120110676,0.011726659,0.004354139,-0.045075204,0.115756534
1498,0.020232627,-0.0056348196,0.022780402,0.015820177,-0.0025477745,-0.021454997
1499,0.5648472,0.3061889,0.4029266,0.3173834,0.16192058,-0.011194497
1500,0.28818005,0.13732585,0.18690373,0.12631607,0.10127632,0.011009783
1501,0.16821226,0.106119566,0.11067476,0.08166167,0.057537504,0.024457894
1502,0.9956514,0.27519637,0.39855096,0.25023508,0.5971005,0.024961293
1503,0.111957885,0.039214686,0.04328726,0.031296656,0.06867063,0.00791803
1504,0.16542093,0.053236485,0.084881335,0.05000873,0.0805396,0.0032277554
1505,0.047560748,0.05492646,0.035763584,0.024557294,0.011797164,0.030369164
1506,0.7833615,0.3911623,0.58533347,0.38614693,0.19802803,0.005015373
1507,1.1089913,0.39608544,0.59708613,0.4160627,0.51190513,-0.019977272
1508,0.10673045,-0.0055728084,0.074787974,0.04248669,0.03194248,-0.048059497
1509,0.022220092,0.0006090946,0.021936363,0.014820202,0.00028372929,-0.014211108
1510,0.2545053,0.1640961,0.21090738,0.15428776,0.04359792,0.009808347
1511,0.09606166,0.053079795,0.049425077,0.031982254,0.046636585,0.02109754
1512,0.017925415,0.029803762,0.01716742,0.011620067,0.000757996,0.018183695
1513,0.107341215,0.06766525,0.058518324,0.04801151,0.04882289,0.019653738
1514,0.5387673,0.16485688,0.22389433,0.16201763,0.31487295,0.0028392524
1515,0.24052565,0.1039375,0.16107218,0.111033745,0.07945347,-0.007096246
1516,0.9729653,0.29071218,0.41553366,0.283269,0.55743164,0.0074431896
1517,0.100715674,0.068159096,0.0727376,0.05153627,0.027978078,0.016622826
1518,0.18668465,0.14024623,0.14239064,0.10715595,0.044294015,0.03309028
1519,0.89826334,0.33318672,0.4182295,0.30125648,0.48003384,0.031930238
1520,0.8399406,0.21961823,0.3790087,0.2661063,0.4609319,-0.046488076
1521,0.006448017,0.13403967,0.014213503,0.012081418,-0.0077654864,0.121958256
1522,0.07723466,0.124454744,0.068469025,0.04666802,0.008765638,0.07778673
1523,0.011237669,-0.013858127,0.041864622,0.026707225,-0.030626953,-0.040565353
1524,0.15196002,0.077812515,0.10161079,0.07916158,0.050349228,-0.0013490617
1525,0.067827895,0.0006584845,0.037516907,0.027845731,0.030310988,-0.027187247
1526,0.08675756,0.029365968,0.074697465,0.05356279,0.012060098,-0.024196822
1527,0.90302455,0.32028684,0.5151997,0.34981593,0.38782483,-0.029529095
1528,1.1793998,0.4497022,0.50995284,0.395571,0.669447,0.05413121
1529,0.038434543,0.028090183,0.04737175,0.033886503,-0.008937206,-0.0057963207
1530,0.065067805,0.029921914,0.055671252,0.029572757,0.009396553,0.00034915656
1531,0.065635875,0.046029925,0.043437976,0.03183985,0.022197898,0.014190074
1532,0.30548906,0.17547446,0.21302664,0.16272,0.09246242,0.01275447
1533,0.78689593,0.4040156,0.5579107,0.40630805,0.22898525,-0.0022924542
1534,0.19116908,0.036532223,0.078123115,0.05153292,0.11304597,-0.015000697
1535,0.06412896,0.14637008,0.0791575,0.051746413,-0.015028544,0.09462367
1536,0.9620561,0.39076185,0.52330405,0.3546841,0.43875206,0.036077738
1537,0.6329649,0.21830851,0.29679057,0.21786793,0.33617434,0.00044058263
1538,0.9873852,0.4737245,0.6388304,0.47667122,0.3485548,-0.0029467046
1539,0.046157643,0.024695933,0.029348312,0.015294672,0.016809331,0.009401261
1540,0.044958476,0.14889391,0.055286095,0.035831045,-0.010327619,0.11306286
1541,1.0372933,0.35877904,0.38610563,0.2711637,0.65118766,0.08761534
1542,0.05581148,0.1357477,0.029397136,0.023031387,0.026414344,0.11271632
1543,0.70692545,0.29431087,0.40234947,0.2966945,0.30457598,-0.0023836195
1544,0.6786351,0.19286905,0.24545273,0.16468754,0.4331824,0.028181508
1545,-0.0151928,-0.048345592,0.008280677,0.00052889175,-0.023473477,-0.048874483
1546,0.6818787,0.29108053,0.41135243,0.28485805,0.27052626,0.0062224865
1547,0.8419843,0.36092305,0.47891247,0.31915793,0.3630718,0.041765124
1548,0.8024854,0.36687216,0.5784428,0.3591932,0.2240426,0.007678956
1549,0.48676652,0.15792319,0.20039052,0.13374771,0.286376,0.02417548
1550,0.13000551,0.056553304,0.09917395,0.06952184,0.03083156,-0.012968533
1551,1.0637397,0.4644942,0.69151306,0.41502848,0.3722266,0.049465716
1552,0.083913505,0.14567554,0.049176596,0.035284553,0.03473691,0.11039099
1553,0.058892448,-0.0054991557,0.051900554,0.0341009,0.006991893,-0.039600056
1554,0.1511853,0.111621976,0.08712751,0.07330325,0.0640578,0.038318723
1555,0.091491304,0.044469416,0.045109354,0.027302044,0.04638195,0.017167373
1556,0.20098294,0.12418186,0.17722246,0.108331606,0.023760483,0.015850253
1557,0.0040770075,-0.05883188,0.012446413,0.0023601584,-0.008369405,-0.06119204
1558,0.35146353,0.10987163,0.23270033,0.14664501,0.11876319,-0.036773376
1559,0.06431163,0.045218114,0.050260752,0.03950556,0.014050879,0.005712554
1560,0.022593433,-0.032367524,0.021845715,0.008137399,0.0007477179,-0.040504925
1561,0.81976616,0.35004377,0.43649977,0.33684716,0.3832664,0.013196617
1562,0.0413618,0.033086617,0.04106925,0.022308892,0.00029255077,0.010777725
1563,0.18839188,0.16514565,0.09152912,0.061349936,0.096862756,0.103795715
1564,-0.031481482,0.037479796,0.009628781,0.0063049383,-0.041110262,0.031174857
1565,0.15363373,0.024814839,0.11066144,0.07713302,0.04297229,-0.052318186
1566,0.12743095,0.056876075,0.07402433,0.051783048,0.05340662,0.005093027
1567,0.017780779,0.058901522,0.022103393,0.019271515,-0.0043226145,0.039630007
1568,0.9490242,0.56724215,0.6477893,0.50426745,0.3012349,0.06297469
1569,0.0678265,0.027946463,0.031688027,0.024649652,0.036138475,0.0032968111
1570,0.07755582,0.042193763,0.04543216,0.03146405,0.03212366,0.0107297115
1571,0.036666628,0.072293624,0.025538096,0.013388079,0.011128532,0.058905546
1572,0.097982936,0.053506162,0.047840193,0.034533206,0.050142743,0.018972956
1573,0.28160545,0.15524223,0.12547082,0.095707074,0.15613464,0.05953516
1574,0.21102203,0.1372105,0.16568914,0.116925046,0.045332894,0.020285457
1575,0.04753704,-0.014779882,0.02385303,0.016300263,0.02368401,-0.031080145
1576,0.06833916,0.041450936,0.04181904,0.032591883,0.026520122,0.008859053
1577,0.09793844,-0.0016348514,0.083062,0.048434686,0.01487644,-0.050069537
1578,0.21928354,0.1319425,0.13770695,0.10779029,0.081576586,0.024152204
1579,0.02279502,0.046094786,0.015702093,0.015484793,0.0070929267,0.030609993
1580,0.67539525,0.23658217,0.30696177,0.22553045,0.36843348,0.011051729
1581,0.96098876,0.2517712,0.31093296,0.2227907,0.65005577,0.028980508
1582,0.74076223,0.31305516,0.42743725,0.29600582,0.313325,0.017049342
1583,0.16181068,0.062939614,0.067178704,0.045622338,0.09463198,0.017317276
1584,0.0792656,-0.015713092,0.052273337,0.031001883,0.026992265,-0.046714976
1585,0.7583893,0.26068267,0.3431409,0.2558321,0.4152484,0.0048505664
1586,0.27641362,0.12632099,0.15522851,0.1052958,0.12118511,0.021025188
1587,0.06519848,0.010142921,0.027972726,0.021325888,0.037225753,-0.011182968
1588,0.5106686,0.28366,0.33848315,0.25191918,0.17218542,0.031740814
1589,0.0329769,0.03407372,0.01879533,0.010488348,0.014181569,0.023585374
1590,0.6465637,0.27813578,0.40070197,0.27486956,0.24586174,0.0032662153
1591,0.9055385,0.24643101,0.35309938,0.23689565,0.5524391,0.009535357
1592,0.5885428,0.31694013,0.43363962,0.32240313,0.1549032,-0.005463004
1593,0.15891556,0.14152665,0.13698706,0.10391525,0.021928504,0.037611403
1594,0.9391162,0.4462173,0.6163316,0.43132377,0.3227846,0.014893532
1595,0.0631545,0.09740976,0.030973058,0.02214022,0.032181446,0.07526954
1596,0.054757927,-0.0063710427,0.01785557,0.0095986165,0.036902357,-0.01596966
1597,0.8806131,0.47210017,0.6127838,0.45756125,0.2678293,0.014538914
1598,0.8987248,0.3712468,0.57143486,0.35678592,0.32728994,0.0144608915
1599,0.87432235,0.47805712,0.6082213,0.42866164,0.26610106,0.04939547
1600,-0.025143562,-0.016050877,0.0013904202,0.00026692645,-0.026533982,-0.016317803
1601,0.6511988,0.31547406,0.39328286,0.28517905,0.25791594,0.030295014
1602,0.07237526,0.027288305,0.04506638,0.027051892,0.027308881,0.00023641251
1603,0.0734347,0.043964054,0.054333802,0.035594348,0.0191009,0.008369707
1604,0.767724,0.3164191,0.40295088,0.29161417,0.3647731,0.02480492
1605,0.016840363,0.13735025,0.031999268,0.024504082,-0.015158905,0.112846166
1606,0.57548565,0.33197755,0.35332042,0.26208022,0.22216523,0.069897324
1607,0.68863934,0.21193041,0.34562612,0.21699512,0.34301323,-0.005064711
1608,0.609111,0.18679503,0.28271663,0.19031325,0.32639438,-0.0035182238
1609,0.7038987,0.32144657,0.46521524,0.31856048,0.23868349,0.0028860867
1610,0.035792712,0.030914092,0.02664934,0.01874916,0.009143373,0.012164932
1611,1.1277297,0.4895667,0.6715345,0.43705472,0.45619518,0.05251199
1612,0.047807686,-0.0381093,0.03054772,0.015767204,0.017259967,-0.053876504
1613,0.67963195,0.3319034,0.38605967,0.287928,0.29357228,0.043975413
1614,1.0390648,0.59232926,0.838389,0.6009162,0.20067579,-0.008586943
1615,0.1130914,0.07566146,0.07491283,0.046707984,0.03817857,0.028953474
1616,0.9245551,0.36852083,0.45676774,0.35071126,0.46778738,0.01780957
1617,0.1621162,0.09947673,0.094799116,0.06657895,0.06731708,0.032897785
1618,0.7051473,0.24480157,0.3666603,0.24760525,0.33848703,-0.0028036833
1619,0.78019667,0.25917563,0.33656693,0.23487636,0.44362974,0.024299264
1620,0.063688315,0.077921785,0.059450995,0.048877683,0.0042373203,0.029044103
1621,1.006547,0.44714263,0.6030406,0.4265395,0.4035064,0.02060312
1622,0.5320908,0.2455938,0.31769237,0.21235216,0.21439841,0.033241645
1623,0.9300639,0.40684664,0.615897,0.39827824,0.3141669,0.008568406
1624,1.3678327,0.40999782,0.61153096,0.42083782,0.7563017,-0.010839999
1625,0.06804162,0.01749112,0.04699296,0.03476167,0.021048661,-0.01727055
1626,1.1702459,0.37467453,0.5330262,0.3850704,0.63721967,-0.0103958845
1627,0.1559846,0.079341725,0.11253646,0.08217727,0.043448135,-0.002835542
1628,0.97280055,0.39823258,0.5788334,0.4208103,0.39396715,-0.022577733
1629,0.12579493,0.07361015,0.10580107,0.068740584,0.019993864,0.0048695654
1630,0.93654436,0.4316107,0.5548137,0.39843187,0.38173068,0.033178836
1631,0.18759765,0.1428481,0.08509135,0.056590416,0.102506295,0.08625769
1632,-0.025226323,0.11836695,0.014512212,0.00638499,-0.039738536,0.11198196
1633,0.07106788,0.0304872,0.06267766,0.04355005,0.008390218,-0.0130628515
1634,0.08415003,0.05209953,0.053337436,0.039055236,0.030812595,0.013044294
1635,0.72759926,0.2671279,0.33664346,0.24209316,0.3909558,0.02503474
1636,0.53722346,0.3133814,0.40213636,0.25999022,0.1350871,0.05339119
1637,0.031593,0.041001555,0.038598012,0.031303525,-0.0070050135,0.00969803
1638,0.92825997,0.4049936,0.55113846,0.37713677,0.3771215,0.027856827
1639,0.6830538,0.2745711,0.36468783,0.2603166,0.31836596,0.014254481
1640,0.051307704,0.07918757,0.06810574,0.051521644,-0.016798038,0.027665928
1641,-0.016115243,-0.02862298,0.018984497,0.013165726,-0.035099737,-0.041788705
1642,0.13779478,0.026780756,0.06600621,0.04228518,0.071788564,-0.015504425
1643,1.035209,0.5043462,0.63225317,0.4828626,0.40295577,0.0214836
1644,0.9182518,0.30126554,0.37005195,0.27327043,0.5481999,0.02799511
1645,0.79641926,0.31506723,0.47804835,0.35192925,0.3183709,-0.036862016
1646,0.77582854,0.34112024,0.48605895,0.32589027,0.2897696,0.01522997
1647,0.18891332,0.11465161,0.12932838,0.07848248,0.05958493,0.036169134
1648,0.20042534,0.10515935,0.14324735,0.097219445,0.05717799,0.007939905
1649,0.10370703,-0.007824234,0.064638995,0.034167014,0.039068036,-0.04199125
1650,0.08298169,0.098087944,0.041753702,0.032614864,0.04122799,0.06547308
1651,1.058576,0.7134283,0.81213343,0.59778476,0.24644256,0.11564356
1652,1.4238194,0.51873744,0.61357605,0.45961335,0.81024337,0.059124082
1653,0.67708826,0.26980448,0.3761396,0.26206204,0.30094865,0.0077424347
1654,0.009558585,-0.027523734,0.039246835,0.024322893,-0.02968825,-0.051846627
1655,0.08856624,0.06051974,0.03165666,0.027494242,0.056909584,0.033025496
1656,0.00835633,-0.0648166,0.02601826,0.015060984,-0.01766193,-0.079877585
1657,-0.011850812,0.12884524,0.011121924,0.010795995,-0.022972737,0.11804925
1658,1.0428852,0.51730925,0.62630266,0.48089397,0.41658252,0.03641528
1659,0.021490613,0.027377458,0.032916754,0.016561752,-0.0114261415,0.010815706
1660,0.6142421,0.24178724,0.31209075,0.23478714,0.30215132,0.0070001036
1661,0.09214051,0.06634488,0.09264431,0.069884904,-0.0005038008,-0.0035400242
1662,0.849273,0.23838317,0.33930606,0.23348609,0.50996697,0.004897088
1663,0.64279824,0.30282617,0.43893978,0.3145224,0.20385846,-0.011696219
1664,0.14229023,0.04726359,0.059059072,0.040605683,0.083231166,0.006657906
1665,0.6689873,0.20991778,0.27264023,0.19681227,0.39634705,0.013105512
1666,0.04120348,0.043054707,0.028658466,0.023600323,0.012545014,0.019454384
1667,0.54859096,0.14196643,0.2350277,0.15607457,0.31356326,-0.014108136
1668,1.2712624,0.60055965,0.9077664,0.64372885,0.363496,-0.0431692
1669,0.072902836,0.050580442,0.061858535,0.039477494,0.011044301,0.011102948
1670,0.033549294,-0.028395567,0.029244136,0.016666835,0.004305158,-0.0450624
1671,0.04217611,0.037674695,0.028143814,0.022050645,0.014032295,0.01562405
1672,0.04519793,0.08081098,0.02522195,0.019490505,0.01997598,0.061320476
1673,0.6013493,0.22040968,0.31723484,0.23622867,0.28411445,-0.015818998
1674,0.65573996,0.19980507,0.26962134,0.19699436,0.38611862,0.0028107017
1675,1.0793182,0.46192765,0.6427628,0.41401199,0.4365554,0.047915667
1676,0.8983421,0.31831843,0.548772,0.3384876,0.3495701,-0.020169169
1677,-0.024821194,0.1261168,0.017727518,0.00561169,-0.042548712,0.12050511
1678,1.159827,0.6176682,0.8208632,0.62547225,0.3389638,-0.007804036
1679,0.027590968,-0.031363513,0.03155807,0.016815694,-0.0039671026,-0.04817921
1680,0.14219497,0.048222553,0.084669806,0.06715972,0.057525165,-0.018937167
1681,0.7706168,0.238333,0.3454386,0.25008023,0.42517823,-0.011747226
1682,0.018643236,0.017268006,0.0036009508,0.004732474,0.0150422845,0.012535531
1683,0.34249502,0.22242971,0.25959027,0.20720653,0.082904756,0.015223175
1684,0.2291627,0.101665795,0.11499395,0.08597906,0.11416874,0.015686736
1685,0.11334869,-0.0008699085,0.07382951,0.04380936,0.039519183,-0.04467927
1686,0.10399731,0.108534805,0.07326193,0.047317877,0.030735381,0.061216928
1687,0.57417023,0.1914327,0.26510847,0.16128965,0.30906177,0.030143052
1688,0.021992814,0.01862069,0.036170974,0.020421077,-0.014178161,-0.0018003862
1689,0.10140699,0.0620932,0.06132685,0.043334547,0.04008014,0.01875865
1690,0.55348504,0.23099542,0.2901676,0.20296742,0.26331744,0.028027996
1691,0.68923575,0.3355007,0.44506565,0.33789745,0.2441701,-0.0023967624
1692,0.54552007,0.23015517,0.25787944,0.19614314,0.28764063,0.034012035
1693,0.17665607,0.08735643,0.11242941,0.075677626,0.06422666,0.011678807
1694,0.74779856,0.30248266,0.4014909,0.2918848,0.34630767,0.010597855
1695,0.664541,0.2923415,0.40061226,0.29004672,0.26392874,0.0022947788
1696,0.7819613,0.2245734,0.26352966,0.19479683,0.51843166,0.029776573
1697,0.035554904,0.04721284,0.042809483,0.034652255,-0.007254578,0.012560584
1698,0.6565057,0.27340186,0.33652046,0.23543502,0.31998524,0.037966833
1699,0.1427121,0.10403266,0.08492191,0.06461097,0.05779019,0.039421685
1700,0.80778354,0.43014854,0.5534333,0.3524359,0.25435024,0.077712655
1701,0.03375104,0.06390965,0.028799243,0.020807482,0.0049517974,0.043102168
1702,0.5125909,0.2045278,0.28428146,0.1959161,0.22830942,0.008611694
1703,0.84844095,0.14223477,0.3186624,0.23677343,0.52977854,-0.09453866
1704,-0.007973526,0.009853752,0.018478967,0.013233067,-0.026452493,-0.0033793142
1705,0.04074063,0.051629297,0.03472173,0.02483045,0.006018903,0.026798848
1706,0.01464002,0.010501251,0.014995265,0.0083618285,-0.0003552446,0.002139422
1707,0.06653602,0.051028095,0.033990238,0.026238294,0.03254578,0.0247898
1708,0.97792137,0.4742669,0.6696422,0.5003943,0.30827916,-0.026127398
1709,0.11462828,0.059369277,0.07709811,0.05316874,0.03753017,0.006200537
1710,0.0013580379,-0.0043126964,0.024341939,0.017612604,-0.022983901,-0.0219253
1711,-0.0029021252,-0.015460363,0.002068442,7.2922354e-05,-0.0049705673,-0.015533285
1712,1.1408777,0.39732236,0.45061684,0.33313602,0.6902609,0.064186335
1713,0.034509968,0.023561653,0.047691062,0.028737752,-0.013181094,-0.005176099
1714,0.09640579,0.07827865,0.06381787,0.045117516,0.032587916,0.033161137
1715,0.057844646,0.05803156,0.029579429,0.02360017,0.028265217,0.03443139
1716,0.6485615,0.35211587,0.42237204,0.29567078,0.22618943,0.056445092
1717,0.1919749,0.10130892,0.14348926,0.10714378,0.048485637,-0.0058348626
1718,0.03493824,0.046330187,0.02803346,0.025524257,0.006904779,0.02080593
1719,0.066859856,0.044680074,0.040083,0.029836899,0.026776858,0.014843175
1720,0.050234266,0.06918419,0.03428586,0.021739116,0.015948407,0.047445074
1721,0.122683786,0.061356254,0.076843336,0.05559211,0.04584045,0.0057641454
1722,0.02784463,0.020800123,0.026402952,0.020785555,0.001441678,1.4567748e-05
1723,0.21692066,0.08308524,0.15670137,0.122620486,0.060219288,-0.039535247
1724,0.6368422,0.2291492,0.28138742,0.20568083,0.35545477,0.02346836
1725,0.3890265,0.258964,0.27979463,0.18734993,0.10923186,0.07161407
1726,0.34126386,0.10179345,0.110533446,0.07829578,0.23073041,0.02349767
1727,0.027683947,0.11239314,0.04575818,0.029711314,-0.018074233,0.08268183
1728,1.0406591,0.60774326,0.7607427,0.56281143,0.27991635,0.04493183
1729,0.21153013,0.13774936,0.101162255,0.070773214,0.11036788,0.066976145
1730,1.1337883,0.2619581,0.3914821,0.2643896,0.74230623,-0.0024315119
1731,0.07241005,-0.018773656,0.056858297,0.029750006,0.01555175,-0.048523664
1732,0.10841234,0.064504944,0.069967724,0.0503592,0.038444616,0.014145743
1733,0.9271938,0.27316162,0.38519898,0.2705498,0.5419948,0.002611816
1734,0.3543987,0.17847596,0.26854417,0.18672447,0.08585453,-0.008248508
1735,0.0011386388,0.0011223123,0.03795808,0.023345955,-0.036819443,-0.022223642
1736,0.81972224,0.47243735,0.5834797,0.416755,0.23624253,0.05568236
1737,0.053167406,0.05677723,0.03473467,0.027539447,0.018432736,0.029237784
1738,0.038214345,0.02478652,0.03650756,0.02476948,0.0017067827,1.704134e-05
1739,1.0748553,0.5811395,0.86935294,0.58084947,0.20550239,0.0002900362
1740,0.050691675,0.02526309,0.053489417,0.039899107,-0.0027977414,-0.014636017
1741,0.13292307,0.07039868,0.080304235,0.06131246,0.05261883,0.009086221
1742,0.03402805,0.046060428,0.026790403,0.017598951,0.0072376467,0.028461477
1743,0.15004681,0.09286887,0.10261596,0.074436344,0.04743085,0.018432528
1744,0.14463842,0.08029271,0.07858065,0.055352308,0.06605777,0.024940401
1745,0.03543458,0.1047362,0.049206942,0.03177783,-0.013772361,0.07295837
1746,0.3644407,0.12563598,0.20018475,0.14430282,0.16425596,-0.018666834
1747,0.931571,0.3067737,0.4029451,0.3032527,0.5286259,0.0035209954
1748,0.8917393,0.42458802,0.6121035,0.4289551,0.2796358,-0.0043670833
1749,0.07677196,0.053368717,0.037829325,0.026918026,0.038942635,0.026450692
1750,0.5332343,0.19399495,0.22891612,0.15555497,0.3043182,0.03843999
1751,0.9028298,0.41282254,0.47748825,0.33446926,0.42534158,0.078353286
1752,0.08698976,0.04158978,0.06141317,0.036442045,0.025576591,0.0051477365
1753,0.8513393,0.26681134,0.3491673,0.25975123,0.502172,0.0070601106
1754,0.8627574,0.27996466,0.3557352,0.2684691,0.50702214,0.01149556
1755,0.11719682,0.13973065,0.10191615,0.055451524,0.015280671,0.08427912
1756,-0.0012003962,0.110112116,0.027419498,0.016739825,-0.028619895,0.09337229
1757,0.03987491,-0.02072631,0.035854504,0.019485071,0.004020408,-0.04021138
1758,0.5799722,0.23965636,0.2939406,0.22055726,0.2860316,0.019099101
1759,0.5545883,0.2574239,0.32656452,0.23309906,0.2280238,0.02432485
1760,0.8716133,0.48838857,0.71271294,0.47964978,0.15890038,0.008738786
1761,0.015465318,0.08142536,0.033415284,0.025724588,-0.017949965,0.05570077
1762,1.0088038,0.2952675,0.38117087,0.2716946,0.627633,0.023572892
1763,0.23135293,0.15791272,0.1326114,0.08565987,0.09874153,0.07225285
1764,0.30601075,0.113402426,0.15058479,0.10373825,0.15542597,0.009664178
1765,0.9727921,0.37318096,0.57724625,0.32025978,0.39554584,0.052921176
1766,0.044328798,0.12387952,0.033282712,0.017442776,0.0110460855,0.106436744
1767,0.5261592,0.20121945,0.26604366,0.19002655,0.26011556,0.011192903
1768,0.041244578,0.028217213,0.021799387,0.020421,0.01944519,0.007796213
1769,0.9589124,0.37505773,0.52068025,0.3784706,0.43823212,-0.0034128726
1770,0.5896198,0.17886922,0.2591566,0.1934632,0.3304632,-0.014593989
1771,0.8544832,0.34878117,0.50394565,0.3416078,0.35053754,0.0071733594
1772,0.804289,0.3032162,0.39446175,0.25317705,0.40982723,0.050039142
1773,0.044092797,-0.014987112,0.053853616,0.03051768,-0.009760819,-0.045504794
1774,0.074856676,0.04318648,0.047537133,0.03095928,0.027319543,0.012227198
1775,0.19247423,0.14903186,0.14234954,0.10428258,0.05012469,0.044749282
1776,1.0063493,0.32562378,0.3969423,0.2889866,0.60940707,0.036637187
1777,0.6147503,0.3186166,0.4003015,0.30338,0.21444884,0.015236586
1778,-0.030448694,0.14152594,0.020755846,0.006648481,-0.05120454,0.13487746
1779,0.17547475,0.06507548,0.09507645,0.0689911,0.0803983,-0.003915623
1780,0.5818896,0.316197,0.42076892,0.29226232,0.16112071,0.023934692
1781,1.6090795,0.7459902,0.89460295,0.7159979,0.7144765,0.029992342
1782,0.87367046,0.35748672,0.4990081,0.31320846,0.37466237,0.044278264
1783,0.07738198,0.022459764,0.08658055,0.054139517,-0.009198569,-0.031679753
1784,0.07256926,0.1530994,0.04900619,0.042895094,0.023563068,0.11020431
1785,0.8934546,0.50688905,0.6196865,0.47396997,0.27376813,0.03291908
1786,1.1680461,0.6752383,0.9722072,0.72977906,0.19583893,-0.054540753
1787,0.17206351,0.084048845,0.1060982,0.0735798,0.06596532,0.010469042
1788,0.72192055,0.21608958,0.28097847,0.20653845,0.44094208,0.009551123
1789,0.8204631,0.3571016,0.44176587,0.33048087,0.37869725,0.026620716
1790,0.04735958,-0.023558995,0.029650886,0.020683715,0.017708693,-0.04424271
1791,0.16369453,0.092283286,0.1081491,0.08481941,0.055545434,0.0074638724
1792,0.61859304,0.21776755,0.32797554,0.22496046,0.2906175,-0.0071929097
1793,0.3251072,0.1590282,0.19089425,0.1432931,0.13421294,0.015735105
1794,0.039858356,-0.08099705,0.010551623,-1.2706733e-05,0.029306732,-0.08098435
1795,0.82220256,0.24108057,0.34346825,0.23812374,0.4787343,0.0029568225
1796,0.20422906,0.15185522,0.07840088,0.05236067,0.12582818,0.09949455
1797,0.04003439,0.011374148,0.01914498,0.014577916,0.02088941,-0.0032037683
1798,1.1632987,0.4616971,0.543856,0.4021151,0.6194427,0.059581995
1799,0.9332601,0.40148604,0.51196283,0.36575806,0.42129725,0.035727978
1800,0.50666785,0.19488546,0.29174808,0.20119034,0.21491978,-0.006304875
1801,0.60400695,0.25871384,0.32487565,0.23420818,0.2791313,0.02450566
1802,0.09560907,0.060935315,0.061332617,0.04470641,0.034276452,0.016228903
1803,1.6265019,0.90507185,1.0978916,0.8269942,0.52861035,0.078077674
1804,0.22916374,0.11899634,0.1228242,0.08028981,0.10633954,0.038706526
1805,0.96066445,0.26186287,0.44930017,0.31308436,0.5113643,-0.05122149
1806,0.6136319,0.31143814,0.3802952,0.27203476,0.23333672,0.03940338
1807,0.015038889,-0.053451672,0.019736826,0.0073187514,-0.0046979375,-0.060770422
1808,0.06458259,0.033930346,0.028449357,0.020971373,0.03613323,0.012958974
1809,0.8151991,0.38800865,0.57476115,0.39613664,0.24043792,-0.008127987
1810,0.8634931,0.43943614,0.63990545,0.45464242,0.22358763,-0.015206277
1811,0.8747797,0.44771117,0.66955614,0.4356972,0.20522356,0.012013972
1812,0.06862015,-0.029932003,0.031185199,0.01742387,0.037434954,-0.047355875
1813,0.036490757,0.048774265,0.049684796,0.03936324,-0.013194039,0.009411026
1814,0.046795517,0.072779745,0.022211324,0.01607827,0.024584193,0.056701474
1815,0.8031146,0.3940537,0.52826226,0.37043226,0.27485234,0.02362144
1816,0.027480522,0.055812523,0.021878798,0.019353228,0.0056017246,0.036459297
1817,0.04908848,0.031097926,0.04743224,0.030548682,0.0016562417,0.00054924376
1818,0.01605307,0.03984141,0.032067772,0.023897987,-0.016014703,0.015943423
1819,0.85660774,0.4782165,0.5775148,0.4231204,0.2790929,0.05509609
1820,0.7170166,0.33950955,0.58622855,0.36833018,0.13078803,-0.028820634
1821,0.6221208,0.2614957,0.3276355,0.20668377,0.2944853,0.05481194
1822,0.033014633,0.020761296,0.0052088005,0.005026873,0.027805831,0.015734423
1823,0.12254887,0.0885847,0.07157576,0.042961847,0.05097311,0.04562285
1824,0.91255987,0.44518104,0.57288396,0.42160738,0.3396759,0.023573667
1825,0.11037529,0.032382704,0.0763947,0.054304548,0.033980593,-0.021921843
1826,0.8908999,0.4417554,0.5265002,0.39890563,0.36439967,0.04284978
1827,0.5928196,0.26291665,0.31874034,0.24340412,0.27407923,0.019512534
1828,0.11271946,0.11050055,0.07938428,0.0587901,0.03333518,0.051710453
1829,0.04196698,-0.01992796,0.028568074,0.014887834,0.013398904,-0.034815796
1830,0.025079958,0.052767422,0.028882854,0.026910204,-0.0038028955,0.025857218
1831,0.0010799016,0.09208674,0.02611161,0.01066393,-0.025031708,0.081422806
1832,0.23363297,0.12151254,0.09118931,0.06427636,0.14244366,0.05723618
1833,0.38064852,0.14770369,0.22058001,0.15074798,0.16006851,-0.0030442923
1834,0.017357336,0.04197383,0.01877053,0.017468626,-0.0014131945,0.024505204
1835,0.04196155,0.019141765,0.026558638,0.016474884,0.015402913,0.0026668813
1836,0.13338815,0.097462796,0.10683405,0.08837696,0.0265541,0.009085834
1837,0.039296236,0.13282208,0.05088244,0.037891943,-0.011586204,0.09493014
1838,0.0523541,0.011108615,0.037985064,0.024671288,0.014369037,-0.013562673
1839,0.65091133,0.22600183,0.31964225,0.20353842,0.3312691,0.022463411
1840,0.07032636,0.12401892,0.022110667,0.018127376,0.04821569,0.10589155
1841,0.28165606,0.10787101,0.1421201,0.09981435,0.13953596,0.008056663
1842,0.072374284,0.07016392,0.05122652,0.04353454,0.021147765,0.02662938
1843,0.1894129,0.10486566,0.12222682,0.092571124,0.06718609,0.012294538
1844,-0.0068323324,0.024463562,0.0013873448,0.0029186597,-0.008219677,0.021544904
1845,0.66051316,0.27789083,0.3342645,0.23023982,0.32624868,0.047651008
1846,0.058304742,0.13320285,0.037904333,0.026054604,0.020400409,0.107148245
1847,0.88929456,0.5087546,0.618691,0.45966133,0.27060354,0.049093276
1848,-0.011894479,0.12888156,0.020724444,0.014207244,-0.032618925,0.114674315
1849,0.70524734,0.41964507,0.5071217,0.37356132,0.19812566,0.04608375
1850,1.2040454,0.41507426,0.64479035,0.42747343,0.55925506,-0.012399167
1851,0.6737623,0.27492082,0.337306,0.25019193,0.33645633,0.024728894
1852,1.1810527,0.39215648,0.6091391,0.3507064,0.5719136,0.041450083
1853,0.7604114,0.33662903,0.5089769,0.31386304,0.2514345,0.022765994
1854,0.75426817,0.36825514,0.5132438,0.3717017,0.24102437,-0.0034465492
1855,1.1757436,0.43716115,0.6660927,0.44795632,0.5096509,-0.010795176
1856,0.27012482,0.19689006,0.23699497,0.18774706,0.033129856,0.009142995
1857,0.36937228,0.17148726,0.23802511,0.15243499,0.13134716,0.019052267
1858,0.17099562,0.06534438,0.09707542,0.07042346,0.073920205,-0.005079083
1859,0.6000768,0.23481482,0.34684265,0.23096542,0.25323415,0.003849402
1860,0.6059649,0.28861684,0.3952804,0.28850496,0.21068451,0.00011187792
1861,0.08533902,0.14070027,0.057879016,0.032852348,0.027460001,0.107847914
1862,0.16695395,0.11141436,0.10431725,0.070790045,0.0626367,0.040624313
1863,0.0783774,0.052623276,0.061428517,0.046474166,0.016948886,0.0061491095
1864,0.025649998,0.05831062,0.02367848,0.00900272,0.0019715186,0.0493079
1865,0.9192046,0.25037903,0.3290993,0.22329819,0.5901053,0.027080834
1866,0.74775374,0.2681972,0.4939939,0.2976588,0.25375983,-0.029461592
1867,0.21993648,0.1627642,0.11908725,0.08749949,0.100849226,0.075264715
1868,1.0561923,0.5404551,0.9118547,0.5849867,0.1443376,-0.044531584
1869,0.8433017,0.4861897,0.64765954,0.43595317,0.19564217,0.050236523
1870,0.93123394,0.32017878,0.4569943,0.30808648,0.47423965,0.012092292
1871,0.022718186,0.11083905,0.036897782,0.020863285,-0.014179597,0.08997576
1872,0.6390513,0.24456489,0.37463516,0.2557577,0.26441616,-0.011192799
1873,0.085337445,0.041220915,0.033216313,0.026489511,0.052121133,0.014731403
1874,0.96143895,0.4401228,0.5711127,0.4254022,0.39032626,0.014720619
1875,0.09496983,0.09810241,0.057028346,0.043199472,0.037941486,0.05490294
1876,0.0611334,0.034702167,0.03685722,0.019336928,0.024276178,0.015365239
1877,0.09334132,0.18527985,0.080608934,0.06324664,0.012732387,0.12203321
1878,0.04128176,0.04609067,0.037441492,0.020607444,0.0038402677,0.025483226
1879,0.019582866,0.01826952,0.022563977,0.018344672,-0.0029811114,-7.5152144e-05
1880,0.10923908,0.05362901,0.08803464,0.048609246,0.021204442,0.0050197653
1881,0.79461086,0.41153705,0.538226,0.34993404,0.25638485,0.06160301
1882,0.76390886,0.2633558,0.3311905,0.24218471,0.43271837,0.021171078
1883,0.9559215,0.36774316,0.57399035,0.39505756,0.38193113,-0.027314395
1884,0.1651217,0.15391132,0.086278416,0.055522766,0.07884329,0.09838855
1885,0.24057807,0.12415906,0.15765227,0.10398845,0.0829258,0.020170614
1886,1.0444542,0.5638635,0.74946123,0.53870356,0.29499298,0.025159955
1887,0.09422624,0.0345393,0.04903109,0.033403922,0.04519515,0.0011353791
1888,1.0949103,0.49423617,0.7557885,0.5129945,0.33912176,-0.018758357
1889,0.09876871,0.030092586,0.088672906,0.04672774,0.010095805,-0.016635153
1890,0.792529,0.40790713,0.5584782,0.3855667,0.23405081,0.022340417
1891,0.771568,0.3965957,0.5064009,0.37092716,0.26516712,0.025668532
1892,0.009994791,0.0572486,0.008549004,0.010517403,0.001445787,0.046731196
1893,1.2433722,0.58181405,0.6678019,0.4562032,0.5755703,0.12561086
1894,0.6766427,0.23279713,0.34035933,0.23158415,0.3362834,0.0012129843
1895,0.32544115,0.12252937,0.15358259,0.11797091,0.17185856,0.004558459
1896,0.8844288,0.42234656,0.52752274,0.36977714,0.35690606,0.05256942
1897,0.06802319,0.09472395,0.05896677,0.03634907,0.009056419,0.058374878
1898,0.8294805,0.28194124,0.3551075,0.25906622,0.47437304,0.022875011
1899,0.6545915,0.31407073,0.405608,0.27588078,0.2489835,0.038189948
1900,0.029213397,0.025304664,0.011086318,0.0074087037,0.01812708,0.01789596
1901,0.26103148,0.16898721,0.1540753,0.11999795,0.106956184,0.048989266
1902,0.69149464,0.2016241,0.30271304,0.20298998,0.3887816,-0.0013658851
1903,0.23896836,0.1150748,0.16060203,0.1242379,0.078366324,-0.009163104
1904,0.7176542,0.35951886,0.43439704,0.315182,0.2832572,0.044336855
1905,0.05374352,0.051210865,0.03392914,0.028179035,0.01981438,0.02303183
1906,-0.0065399883,0.009000765,0.021979978,0.017836131,-0.028519966,-0.008835366
1907,0.036102124,0.117595285,0.05455388,0.03613302,-0.018451758,0.081462264
1908,0.099582426,0.06962611,0.06010125,0.044415887,0.039481178,0.02521022
1909,-0.016455261,0.12275115,0.0159081,0.0059546935,-0.032363363,0.11679646
1910,1.005484,0.38951063,0.52294236,0.41073585,0.48254162,-0.021225214
1911,0.22914761,0.095731854,0.15504694,0.100395314,0.07410067,-0.00466346
1912,0.9243571,0.32038406,0.40855107,0.29669982,0.5158061,0.023684233
1913,1.1141329,0.4917196,0.7053915,0.5224669,0.40874135,-0.030747294
1914,0.0208858,0.01803891,0.0020859616,0.0037961558,0.018799838,0.014242754
1915,0.11900913,0.06434835,0.06847152,0.048709746,0.05053761,0.015638601
1916,0.91555864,0.29746923,0.4068467,0.2982588,0.50871193,-0.00078958273
1917,-0.029693838,0.11332104,0.010885464,0.0039590085,-0.040579304,0.109362036
1918,0.039692912,0.15670756,0.02902233,0.021774609,0.010670582,0.13493295
1919,1.0031676,0.7178287,0.8259668,0.6631923,0.17720085,0.05463642
1920,0.06649872,0.022813112,0.05977528,0.039353315,0.0067234375,-0.016540203
1921,0.03001854,0.05176548,0.02373931,0.021636996,0.00627923,0.030128483
1922,0.00017121248,0.16270828,0.017385764,0.014042276,-0.017214552,0.14866601
1923,0.26316875,0.11077847,0.15148652,0.10266378,0.111682236,0.008114696
1924,0.06268766,0.029147243,0.0332966,0.027582621,0.029391058,0.0015646219
1925,0.038438182,0.07857076,0.030831268,0.020309689,0.0076069143,0.058261074
1926,0.0663623,0.05827174,0.07261871,0.047051605,-0.006256409,0.011220135
1927,0.9758685,0.39532143,0.5087059,0.34314388,0.4671626,0.05217755
1928,0.60306627,0.15583083,0.21010126,0.1620356,0.39296502,-0.006204769
1929,1.1447679,0.49652433,0.6332286,0.48893163,0.5115393,0.007592708
1930,0.87677693,0.34113252,0.5043906,0.3299905,0.37238634,0.011142015
1931,0.732867,0.3615472,0.41181466,0.30966932,0.32105234,0.051877886
1932,0.82695067,0.3188545,0.5573795,0.34768742,0.2695712,-0.028832912
1933,0.81675345,0.39201632,0.5263145,0.37345645,0.29043895,0.018559873
1934,0.14712778,0.15771134,0.122096345,0.085048705,0.025031433,0.07266264
1935,0.014481831,0.018862633,0.044519663,0.032614738,-0.030037832,-0.013752105
1936,0.012672312,0.053377025,0.018571666,0.008665908,-0.005899354,0.044711117
1937,0.026480602,-0.0142245,0.028050408,0.016393377,-0.0015698057,-0.030617878
1938,0.050148744,0.004422462,0.040189065,0.02722497,0.009959679,-0.022802508
1939,-0.032903768,0.112834536,0.006517266,0.0021363634,-0.039421033,0.11069817
1940,0.044695392,-0.029094853,0.029270686,0.01372509,0.015424706,-0.042819943
1941,0.101028375,0.055943124,0.05657215,0.045344688,0.044456225,0.010598436
1942,0.85222095,0.39400443,0.5166667,0.38249883,0.33555424,0.011505604
1943,1.0935143,0.4596212,0.7363493,0.48632365,0.35716504,-0.026702464
1944,0.1646309,0.12888601,0.12684786,0.08590235,0.03778304,0.042983666
1945,0.032774296,0.09995482,0.047632247,0.030945601,-0.014857952,0.06900922
1946,0.8253533,0.33959776,0.33734155,0.2183263,0.48801178,0.12127146
1947,0.0949359,0.049927276,0.060495753,0.041459747,0.03444015,0.008467529
1948,0.08215941,0.05128871,0.05610755,0.040875882,0.026051857,0.010412827
1949,0.55154717,0.3665485,0.47150698,0.33615592,0.08004019,0.030392587
1950,0.056120574,0.09140069,0.043981846,0.033767182,0.012138728,0.057633508
1951,0.6122619,0.21108904,0.28985056,0.177638,0.32241133,0.03345105
1952,0.8276062,0.32631588,0.42735872,0.2951429,0.40024748,0.03117299
1953,0.8058898,0.26713413,0.36435372,0.25955668,0.44153607,0.007577449
1954,0.03790715,-0.0010194981,0.030349033,0.017323313,0.0075581167,-0.018342812
1955,0.085474595,0.022006214,0.05127578,0.040977713,0.034198817,-0.018971499
1956,0.07170043,0.025739543,0.032270145,0.019075599,0.039430287,0.0066639446
1957,0.036953922,-0.017229931,0.01312011,0.010846985,0.023833811,-0.028076917
1958,0.08698384,0.1416286,0.05334858,0.036769915,0.03363526,0.10485868
1959,0.6575061,0.18674101,0.24696714,0.17492913,0.41053897,0.011811882
1960,0.6148026,0.22876553,0.29620835,0.21822584,0.31859425,0.010539696
1961,0.13448554,0.098965265,0.1192927,0.08633711,0.015192844,0.012628153
1962,0.06508359,0.058445547,0.038704485,0.02989923,0.026379108,0.028546317
1963,0.041117493,0.022554247,0.025595035,0.018691912,0.015522458,0.0038623344
1964,0.97683614,0.4901839,0.70013815,0.50335723,0.276698,-0.013173342
1965,0.7545659,0.15306532,0.24367306,0.16541654,0.51089287,-0.012351215
1966,1.0632511,0.43976092,0.65714896,0.45432127,0.40610218,-0.014560342
1967,0.7269281,0.2537446,0.359568,0.25268856,0.36736012,0.0010560453
1968,-0.012494419,0.10998787,0.013788439,0.0046159853,-0.026282858,0.105371885
1969,0.25849554,0.11442699,0.14011379,0.110335045,0.11838175,0.0040919483
1970,0.11289902,0.010278585,0.062249042,0.038734633,0.05064998,-0.028456047
1971,-0.0071175904,0.12142139,0.019530142,0.009277739,-0.026647732,0.11214365
1972,0.701356,0.2979721,0.39313564,0.28469953,0.30822036,0.0132725835
1973,0.24023314,0.14975621,0.20488413,0.1488241,0.03534901,0.00093211234
1974,0.10805094,0.078322545,0.110226564,0.078873694,-0.0021756217,-0.00055114925
1975,0.32981658,0.25291935,0.29493496,0.21735895,0.03488162,0.0355604
1976,0.7435417,0.27792498,0.40442333,0.27250838,0.3391184,0.005416602
1977,0.195857,0.04204621,0.09486504,0.060804877,0.100991964,-0.018758666
1978,0.6479291,0.27464908,0.37784192,0.27866307,0.27008715,-0.0040139854
1979,0.01739134,0.016310211,0.011926724,0.007476049,0.005464617,0.008834163
1980,0.68703,0.26887745,0.41764563,0.2556056,0.26938438,0.013271838
1981,0.84741217,0.33072016,0.49401033,0.3302051,0.35340184,0.00051504374
1982,0.67539686,0.18951195,0.2443043,0.16997822,0.43109256,0.019533738
1983,0.5055147,0.23486109,0.2969963,0.21736637,0.20851839,0.017494723
1984,-0.011420154,-0.03472277,0.0044481354,-0.00014503575,-0.01586829,-0.034577735
1985,-0.01823643,0.014144893,0.01122344,0.008197264,-0.029459871,0.005947629
1986,0.4508486,0.18129526,0.20474112,0.14258525,0.24610749,0.038710013
1987,0.6108059,0.27472973,0.40297192,0.27301237,0.207834,0.0017173588
1988,0.26717025,0.09543503,0.17115802,0.12302754,0.096012235,-0.02759251
1989,0.061901744,0.04097528,0.04601766,0.034436084,0.015884083,0.006539196
1990,0.0468497,0.039047215,0.021386856,0.015454974,0.025462845,0.023592241
1991,0.09337795,0.054276545,0.05791155,0.037930265,0.0354664,0.01634628
1992,0.08407722,0.0017183967,0.07591261,0.054781117,0.008164607,-0.05306272
1993,0.19316699,0.14390887,0.076914854,0.05959564,0.11625213,0.08431323
1994,0.6382327,0.24998024,0.3408666,0.22194242,0.2973661,0.028037816
1995,0.01883123,0.0451376,0.011642329,0.01282981,0.0071889013,0.03230779
1996,0.07613118,-0.01579468,0.06422892,0.040604882,0.011902258,-0.05639956
1997,0.6139188,0.21304666,0.25994143,0.18714869,0.35397735,0.025897965
1998,-0.0073446427,0.084925584,0.012705872,0.010272484,-0.020050514,0.074653104
1999,-0.008381183,-0.035846613,0.015005862,0.010042358,-0.023387045,-0.04588897
2000,0.09587088,0.07197122,0.07360904,0.057776287,0.022261843,0.014194936
2001,0.577056,0.17795236,0.24698298,0.16983017,0.330073,0.008122191
2002,0.16115564,0.013702087,0.09464076,0.049161125,0.06651488,-0.035459038
2003,0.019966379,-0.029159885,0.017073518,0.0076657487,0.0028928611,-0.036825635
2004,1.059351,0.37257883,0.53264165,0.35123733,0.5267093,0.021341503
2005,0.63164675,0.19393875,0.26770023,0.19201183,0.36394653,0.0019269139
2006,-0.018347716,-0.033428058,0.014243579,0.0076828944,-0.032591294,-0.04111095
2007,0.7221761,0.27191985,0.43210915,0.28939298,0.29006693,-0.017473131
2008,0.006389281,0.12760925,0.029403748,0.01867421,-0.023014467,0.10893504
2009,1.0944257,0.38828832,0.4499203,0.30344695,0.6445054,0.08484137
2010,0.66507965,0.34078017,0.4388917,0.30902088,0.22618794,0.031759292
2011,0.80088884,0.20952666,0.25218028,0.15857688,0.54870856,0.050949782
2012,0.56911767,0.30868217,0.40084377,0.28566575,0.1682739,0.023016423
2013,1.0534075,0.5563795,0.64198494,0.49318486,0.4114226,0.06319463
2014,0.84656656,0.38851216,0.54357547,0.3790839,0.3029911,0.009428263
2015,0.031062046,0.011464666,0.028716374,0.024174204,0.0023456719,-0.012709538
2016,0.19041282,0.056198888,0.120399415,0.07701942,0.070013404,-0.020820536
2017,0.021322498,0.032100633,0.01640556,0.015679047,0.004916938,0.016421586
2018,0.82149714,0.29725274,0.38553533,0.29719442,0.4359618,5.8323145e-05
2019,0.16997714,0.06319733,0.1410045,0.09475527,0.02897264,-0.03155794
2020,0.04703764,-0.013669185,0.022000125,0.011970472,0.025037514,-0.025639657
2021,0.9735494,0.3462636,0.54463917,0.36187217,0.42891026,-0.015608579
2022,0.13158053,0.08024376,0.08459796,0.07159643,0.04698257,0.00864733
2023,0.20202014,0.1125294,0.13137005,0.10299287,0.070650086,0.009536527
2024,0.116652995,0.07109729,0.0991808,0.069088206,0.017472193,0.0020090863
2025,0.7579954,0.4052355,0.5368899,0.40618953,0.22110552,-0.00095403194
2026,0.07280068,0.0011814367,0.057901837,0.042286463,0.014898844,-0.041105025
2027,0.07315912,0.059172507,0.05979084,0.0459728,0.0133682825,0.013199706
2028,0.78168535,0.39285153,0.5613118,0.38627636,0.22037357,0.006575167
2029,0.10176066,0.064723164,0.066359594,0.051476534,0.03540107,0.013246629
2030,0.029503483,0.11753737,0.024258988,0.017598115,0.0052444953,0.09993926
2031,0.09527849,0.106803365,0.08584851,0.05751319,0.009429976,0.049290176
2032,0.018217241,0.062805295,0.012103976,0.01235042,0.0061132656,0.050454877
2033,0.98964065,0.3860408,0.5716191,0.39899525,0.41802156,-0.012954444
2034,0.020867404,0.026457334,0.011624885,0.010761015,0.009242519,0.015696319
2035,0.07596628,0.08578839,0.03363048,0.022840356,0.042335805,0.06294803
2036,0.8034016,0.25517693,0.33681035,0.22733141,0.46659124,0.027845517
2037,-0.006305426,0.13322549,0.027504697,0.013662185,-0.033810124,0.119563304
2038,0.51547647,0.2511372,0.27390742,0.21046981,0.24156904,0.040667385
2039,0.64637727,0.17827699,0.26597875,0.19745003,0.3803985,-0.019173041
2040,0.06548038,0.05626736,0.048790127,0.037084106,0.016690254,0.019183252
2041,0.057737492,0.124642834,0.03325022,0.02660365,0.024487272,0.09803918
2042,0.71346015,0.3588052,0.4948593,0.32725835,0.21860084,0.03154686
2043,0.24512024,0.13896541,0.23042184,0.14599922,0.014698401,-0.00703381
2044,0.8800796,0.5091406,0.60783017,0.49146998,0.27224946,0.017670631
2045,0.26564583,0.12124864,0.18106584,0.12810454,0.08457999,-0.0068558976
2046,0.5584591,0.12940092,0.24549851,0.16931681,0.3129606,-0.03991589
2047,0.662418,0.2868758,0.3837434,0.27856782,0.2786746,0.008307993
2048,0.06545426,0.017562496,0.035243507,0.02470266,0.030210752,-0.007140165
2049,0.045222923,-0.014421935,0.041627675,0.029298324,0.0035952479,-0.04372026
2050,-0.022795126,0.12067674,0.016995095,0.010107355,-0.03979022,0.11056939
2051,0.7830219,0.34463093,0.4818858,0.33668572,0.30113614,0.00794521
2052,0.075340346,0.01681909,0.05084578,0.03662515,0.024494566,-0.019806061
2053,0.1308246,0.07311887,0.066766046,0.04923001,0.06405855,0.023888864
2054,0.045989398,0.04920724,0.029285923,0.02310849,0.016703475,0.02609875
2055,0.877758,0.39623627,0.49883375,0.37955287,0.37892428,0.0166834
2056,0.15298872,0.06583539,0.08056042,0.05398764,0.07242829,0.011847746
2057,0.77105427,0.14708932,0.21027292,0.13846089,0.56078136,0.008628428
2058,0.7333814,0.3169881,0.42698863,0.28742608,0.30639276,0.029562026
2059,0.05447486,0.07173174,0.04247897,0.0318482,0.011995889,0.03988354
2060,0.16520186,0.13342285,0.15357488,0.10639677,0.011626974,0.02702608
2061,0.051716927,0.036831167,0.026522383,0.02118527,0.025194544,0.015645897
2062,0.8375234,0.45250168,0.5511639,0.4187256,0.2863595,0.033776075
2063,0.085839875,0.04380044,0.040165294,0.030961268,0.04567458,0.012839172
2064,-0.015219294,0.12772241,0.021451455,0.015491749,-0.03667075,0.112230666
2065,0.688417,0.20374522,0.23751613,0.16542079,0.45090088,0.03832443
2066,0.3998922,0.19358589,0.24662642,0.17793725,0.15326579,0.015648633
2067,0.6578749,0.25276098,0.37840298,0.26313335,0.2794719,-0.0103723705
2068,0.94703037,0.1576465,0.20029292,0.14384204,0.7467375,0.0138044655
2069,0.12748487,0.066265546,0.07361131,0.057097696,0.05387356,0.00916785
2070,0.012490117,0.034419425,0.013688501,0.010412166,-0.001198384,0.024007259
2071,0.08892417,0.027321585,0.09178898,0.060330715,-0.0028648078,-0.03300913
2072,0.621308,0.21879083,0.31703255,0.22782603,0.30427548,-0.0090352
2073,0.81978,0.16375957,0.30360907,0.20554808,0.5161709,-0.041788504
2074,0.32817787,0.14812852,0.17559631,0.109497726,0.15258156,0.0386308
2075,0.56095374,0.16872989,0.27456886,0.17578962,0.28638488,-0.007059738
2076,0.85674185,0.3603335,0.5304477,0.32949165,0.32629412,0.030841857
2077,-0.03494889,0.11357196,0.007594709,0.0020377303,-0.042543598,0.11153422
2078,0.9200115,0.4483853,0.5872404,0.4457472,0.33277112,0.0026381016
2079,0.67192096,0.24682388,0.329983,0.24589424,0.34193796,0.00092963874
2080,0.16623156,0.08150677,0.09667522,0.07309864,0.06955634,0.008408129
2081,0.27996573,0.13405581,0.19880056,0.12451329,0.081165165,0.009542517
2082,-0.0034754076,-0.05084478,0.0027333538,-0.0019343869,-0.0062087616,-0.048910394
2083,0.8112993,0.36100307,0.46084473,0.29666346,0.3504546,0.06433961
2084,0.9924854,0.5405249,0.7497273,0.5251828,0.2427581,0.015342116
2085,1.0058041,0.39916524,0.542153,0.3773351,0.46365106,0.021830142
2086,0.84021455,0.456849,0.60141975,0.40696973,0.2387948,0.049879283
2087,-0.028112808,-0.04524449,0.0127235055,0.008188783,-0.040836312,-0.053433273
2088,1.1197258,0.47961023,0.67804307,0.48890805,0.44168276,-0.009297818
2089,0.108449206,0.034828,0.07139021,0.053915847,0.037058994,-0.019087847
2090,0.7040948,0.29551756,0.34281653,0.2502493,0.3612783,0.045268267
2091,0.1329878,0.07775625,0.08003089,0.0586679,0.05295691,0.01908835
2092,0.08073282,0.0455144,0.043757662,0.028936636,0.03697516,0.016577765
2093,0.82368577,0.27901828,0.36957178,0.25152236,0.454114,0.02749592
2094,0.14072837,0.113590665,0.12557203,0.09767162,0.015156344,0.015919045
2095,1.022045,0.44996393,0.59762335,0.43133527,0.42442167,0.018628657
2096,0.7859102,0.35399318,0.4938641,0.35169026,0.2920461,0.0023029149
2097,0.13421857,0.0017588076,0.0839089,0.05127839,0.050309673,-0.049519584
2098,0.061462734,0.010861836,0.040277123,0.024347924,0.02118561,-0.013486087
2099,0.17080744,0.08007435,0.10035596,0.078609556,0.070451476,0.0014647916
2100,0.16513336,-0.00088669866,0.06769607,0.041339103,0.097437285,-0.0422258
2101,1.0276791,0.3944514,0.45351508,0.32270062,0.57416403,0.07175079
2102,0.9339291,0.28930607,0.46362072,0.3055192,0.47030836,-0.016213119
2103,0.44293216,0.22233884,0.30052063,0.204065,0.14241153,0.018273845
2104,0.3145417,0.14901064,0.2172035,0.14687696,0.0973382,0.0021336824
2105,0.9094219,0.4316725,0.5756288,0.41968676,0.3337931,0.011985749
2106,0.0271117,-0.0068967603,0.032060865,0.018348137,-0.0049491655,-0.025244897
2107,0.14776966,0.020135451,0.10827003,0.061575066,0.039499633,-0.041439615
2108,0.067276396,0.04922566,0.045223333,0.032229573,0.022053063,0.016996086
2109,-0.022304026,0.10321958,0.0062368186,-0.0008652795,-0.028540846,0.104084864
2110,0.476244,0.26405093,0.27308786,0.20624575,0.20315614,0.05780518
2111,0.037167937,0.039476242,0.026191534,0.019186528,0.010976402,0.020289714
2112,0.039718535,0.13471831,0.030036509,0.02642338,0.009682026,0.108294934
2113,0.57166547,0.18944676,0.27797237,0.19082108,0.2936931,-0.0013743192
2114,0.039434586,-0.00070945703,0.041506242,0.02972176,-0.0020716563,-0.030431217
2115,0.5517993,0.20548083,0.31383163,0.19974859,0.23796767,0.0057322383
2116,0.39671382,0.1595921,0.20556659,0.14253403,0.19114724,0.017058074
2117,0.14742567,0.010233685,0.06990158,0.03986061,0.07752409,-0.029626925
2118,0.14639795,0.11393646,0.1331517,0.08570292,0.013246253,0.028233543
2119,0.10260304,0.04315296,0.068555124,0.04321335,0.034047917,-6.039068e-05
2120,0.659883,0.34501275,0.47875777,0.3477114,0.18112525,-0.00269866
2121,0.031273477,0.03200151,0.042373028,0.031678237,-0.011099551,0.00032327324
2122,1.2297672,0.6508506,0.87501246,0.61388886,0.35475475,0.036961734
2123,-0.017582528,0.13344723,0.022768622,0.015114692,-0.040351152,0.118332535
2124,0.87813485,0.4142982,0.53949237,0.37946528,0.33864248,0.034832925
2125,0.6015679,0.22773394,0.33148053,0.2237309,0.2700874,0.004003033
2126,0.04002934,0.09237758,0.04127361,0.030889986,-0.0012442693,0.061487593
2127,0.64168555,0.44568086,0.50120854,0.38555622,0.140477,0.060124636
2128,0.8097887,0.43741414,0.57238895,0.40856144,0.23739976,0.028852701
2129,0.10488056,0.07244946,0.07235322,0.05936839,0.032527335,0.01308107
2130,0.011368074,-0.027846534,0.0046476857,0.0024778757,0.006720389,-0.030324409
2131,0.65199316,0.2585104,0.34855354,0.25442904,0.30343962,0.0040813684
2132,0.16673525,0.044264082,0.082046755,0.044111434,0.08468849,0.0001526475
2133,0.09813372,0.0073824096,0.058024865,0.0494398,0.040108856,-0.042057388
2134,0.04323893,-0.015752314,0.038822576,0.024545105,0.004416354,-0.04029742
2135,1.0435452,0.39455187,0.6857986,0.4380894,0.35774666,-0.043537527
2136,0.704111,0.34869412,0.5710945,0.3600132,0.13301647,-0.011319071
2137,0.11944342,0.038649164,0.034741584,0.026218643,0.084701836,0.012430521
2138,0.892618,0.41374043,0.55648327,0.39282432,0.33613473,0.020916104
2139,0.011365551,0.06451266,0.036856398,0.0310143,-0.025490846,0.03349836
2140,0.67920196,0.27858752,0.4055906,0.27911136,0.27361137,-0.0005238354
2141,0.046438746,0.013917787,0.03268354,0.0251453,0.013755206,-0.011227513
2142,0.74218804,0.34487233,0.5079709,0.35450923,0.2342171,-0.009636909
2143,0.07860134,0.069191344,0.067352176,0.04214523,0.011249162,0.027046114
2144,0.8860821,0.43901426,0.5500073,0.42949668,0.33607483,0.00951758
2145,0.10557733,0.06592385,0.0373054,0.03125126,0.06827193,0.034672588
2146,0.074779816,0.108039856,0.06403832,0.042554434,0.010741495,0.06548542
2147,0.08912074,0.012783923,0.056155432,0.03085906,0.032965306,-0.018075138
2148,0.8149086,0.24108529,0.33307976,0.24028498,0.48182887,0.00080031157
2149,0.19352512,0.075002305,0.12992357,0.091953985,0.06360155,-0.01695168
2150,0.7059615,0.30195165,0.37825766,0.26670036,0.32770386,0.03525129
2151,0.22370653,0.0980104,0.10372798,0.080494575,0.11997855,0.017515823
2152,0.2590441,0.07778143,0.15677649,0.09841411,0.10226762,-0.020632677
2153,0.77296597,0.21766248,0.3502429,0.25048545,0.42272305,-0.032822967
2154,0.33302382,0.19499531,0.24825008,0.14730023,0.084773734,0.047695085
2155,-0.029217385,0.11424858,0.011060306,0.0027224089,-0.04027769,0.11152617
2156,0.9507285,0.44840953,0.5519088,0.41062072,0.39881968,0.03778881
2157,0.72675383,0.3671357,0.40405858,0.3039619,0.32269526,0.0631738
2158,0.038580544,0.12618929,0.028061245,0.025192652,0.0105193,0.10099664
2159,0.16136724,0.16282162,0.11155275,0.07039681,0.049814485,0.09242481
2160,1.2865412,0.28184432,0.42218757,0.3144766,0.86435366,-0.03263229
2161,0.9992897,0.55392766,0.7395104,0.49333632,0.25977927,0.06059134
2162,0.032767467,0.026377648,0.033194464,0.025189739,-0.0004269965,0.0011879094
2163,0.029835798,0.03898905,0.03134172,0.026481679,-0.0015059225,0.01250737
2164,0.0088851405,0.22873954,0.030584596,0.022356652,-0.021699455,0.2063829
2165,0.38217452,0.1729887,0.23757342,0.17312132,0.1446011,-0.00013262033
2166,0.029135566,0.04094995,0.02274019,0.010043669,0.0063953754,0.030906282
2167,0.06223491,0.0317071,0.066573896,0.029764967,-0.004338987,0.0019421335
2168,0.67102605,0.23819213,0.26679662,0.19230422,0.40422943,0.045887902
2169,0.1788326,0.072010554,0.12915386,0.10684011,0.049678743,-0.034829557
2170,0.7785258,0.24382105,0.3853463,0.27201,0.39317954,-0.028188944
2171,0.090902,0.0052189967,0.0732529,0.043813802,0.0176491,-0.038594805
2172,0.5974911,0.28188857,0.39213097,0.28714183,0.20536011,-0.0052532554
2173,0.6400566,0.27181572,0.3682319,0.27000982,0.27182472,0.0018059015
2174,0.8131637,0.42219016,0.5452609,0.39344007,0.2679028,0.028750092
2175,0.07582544,0.0394035,0.039552838,0.031607036,0.0362726,0.0077964626
2176,0.038388833,0.027458934,0.028774662,0.02282847,0.009614171,0.004630463
2177,0.050039347,0.047240056,0.05395262,0.037999433,-0.003913272,0.009240624
2178,0.16324121,0.06936721,0.070072025,0.04356175,0.09316918,0.025805458
2179,0.07121083,-0.028396219,0.027385747,0.017282454,0.043825082,-0.045678675
2180,1.3159193,0.55739576,0.70515305,0.49820942,0.61076623,0.05918634
2181,1.1061891,0.31621125,0.538579,0.3717033,0.56761014,-0.055492043
2182,0.2909636,0.068830244,0.2139059,0.13192287,0.07705769,-0.06309263
2183,1.1816858,0.49291447,0.6279372,0.45437977,0.5537486,0.0385347
2184,-0.005525559,0.0043314565,0.023423271,0.016870027,-0.02894883,-0.012538571
2185,0.87683743,0.448713,0.6058278,0.44590178,0.27100962,0.0028112233
2186,0.11509925,0.082177386,0.06696253,0.051546287,0.04813672,0.030631099
2187,0.09830795,0.10192356,0.09218546,0.050533522,0.0061224923,0.05139004
2188,0.7619009,0.28341234,0.4118256,0.30224127,0.3500753,-0.018828928
2189,0.07891312,0.04982578,0.055732403,0.039534386,0.02318072,0.010291394
2190,0.25754333,0.13138399,0.2082358,0.14162475,0.049307525,-0.010240763
2191,0.85326976,0.47523215,0.62406003,0.47148913,0.22920972,0.0037430227
2192,0.9057683,0.43339646,0.5889639,0.4045607,0.31680435,0.028835773
2193,0.054508377,0.023611287,0.02566395,0.0193717,0.028844427,0.004239587
2194,0.037162453,0.000120919496,0.05446248,0.038000714,-0.017300028,-0.037879795
2195,0.78387064,0.24480906,0.42382294,0.273064,0.3600477,-0.028254926
2196,0.046544276,-0.029845646,0.026108101,0.0138901975,0.020436175,-0.043735843
2197,0.65056217,0.35489112,0.55259615,0.38807365,0.097966015,-0.03318253
2198,0.97832435,0.22500555,0.3590896,0.22611508,0.61923474,-0.0011095256
2199,0.21008019,0.16723654,0.15775685,0.11697831,0.05232334,0.050258227
2200,0.0123564,0.055163182,0.00289896,0.0068730116,0.009457439,0.04829017
2201,0.013391198,-0.03139841,0.022434654,0.011704159,-0.009043456,-0.04310257
2202,0.05862964,-0.0015420397,0.040792365,0.024229754,0.017837275,-0.025771793
2203,0.98299026,0.39811817,0.50218344,0.37395397,0.48080683,0.0241642
2204,0.13064604,0.052397616,0.07191418,0.054384146,0.058731854,-0.0019865297
2205,0.012481056,-0.00916098,0.016117008,0.007538071,-0.0036359522,-0.01669905
2206,0.65960777,0.26605925,0.32341945,0.24823277,0.33618832,0.017826483
2207,-0.021823596,0.121433035,0.017961852,0.009266321,-0.03978545,0.11216672
2208,0.08288253,0.05463484,0.08172893,0.06006031,0.0011536032,-0.005425472
2209,0.30776015,0.22880359,0.23362444,0.16540916,0.074135706,0.06339443
2210,0.14672719,0.041204512,0.1282517,0.083593935,0.018475488,-0.042389423
2211,0.87056667,0.3186493,0.3737788,0.27654094,0.49678788,0.042108357
2212,0.08772396,0.15296167,0.06356833,0.041221276,0.024155632,0.111740395
2213,0.8163115,0.39470372,0.5299332,0.3442764,0.28637826,0.050427318
2214,0.74594223,0.36351097,0.49321115,0.36079887,0.25273108,0.0027121007
2215,1.2747531,0.3574686,0.58049333,0.44280946,0.69425976,-0.08534086
2216,0.03158331,0.18565062,0.07644981,0.045830607,-0.044866502,0.13982001
2217,0.98407453,0.3086167,0.46101525,0.31831357,0.52305925,-0.009696871
2218,0.08873871,0.053490266,0.057605386,0.04050364,0.031133324,0.0129866265
2219,0.014508266,0.0020666048,0.022645507,0.018118814,-0.008137241,-0.016052209
2220,0.84777737,0.35884842,0.4846209,0.3314404,0.36315647,0.027408034
2221,0.0623092,0.026168982,0.04904456,0.0349878,0.013264641,-0.008818818
2222,0.035832725,0.12230832,0.022993436,0.01910535,0.012839289,0.10320297
2223,0.22419447,0.06213838,0.12091306,0.06330267,0.10328141,-0.0011642948
2224,1.1418785,0.47312573,0.58331406,0.38781965,0.5585644,0.08530608
2225,0.06311312,0.062946655,0.066118166,0.040928602,-0.0030050427,0.022018053
2226,0.028933153,0.1688453,0.031746704,0.025508886,-0.0028135516,0.14333642
2227,0.11023436,0.050731983,0.057975918,0.039705332,0.05225844,0.011026651
2228,0.97818255,0.31304908,0.49574432,0.34419492,0.48243824,-0.03114584
2229,0.10600941,0.006210805,0.083883956,0.052921444,0.022125453,-0.04671064
2230,0.78169686,0.4795058,0.539142,0.4131842,0.24255484,0.06632161
2231,0.003455983,-0.0032790028,0.00767674,0.004156312,-0.004220757,-0.007435315
2232,0.012256953,0.024049195,0.010824013,0.009953501,0.0014329404,0.014095694
2233,1.0461465,0.37866277,0.48801953,0.34507504,0.558127,0.033587724
2234,0.05274281,0.006355436,0.056413975,0.040621474,-0.0036711656,-0.03426604
2235,0.038639687,0.0703432,0.03688973,0.022340799,0.0017499588,0.0480024
2236,0.0848982,0.051299393,0.050134704,0.033648927,0.0347635,0.017650466
2237,0.7673776,0.3968792,0.48834023,0.3604291,0.2790374,0.036450088
2238,0.15241991,0.10099642,0.12603888,0.08507371,0.02638103,0.01592271
2239,1.0076859,0.45278502,0.6113855,0.4188256,0.39630038,0.03395942
2240,0.13692178,0.028343996,0.093909055,0.06046336,0.043012723,-0.032119364
2241,0.048386656,0.026431056,0.0394945,0.030758739,0.008892156,-0.004327683
2242,0.04709805,-0.008309575,0.04240866,0.03107879,0.0046893917,-0.039388366
2243,0.82092285,0.33156094,0.3526865,0.25742528,0.46823636,0.07413566
2244,0.7683795,0.3367077,0.46657252,0.31177095,0.301807,0.024936765
2245,1.2408952,0.52722037,0.6999544,0.5111965,0.54094076,0.016023874
2246,1.5930774,0.71887565,0.86926275,0.6713039,0.72381467,0.04757172
2247,0.32746586,0.16583268,0.18254907,0.12951773,0.14491679,0.03631495
2248,0.17175427,0.09812513,0.11874234,0.08337821,0.05301193,0.014746919
2249,0.6394767,0.26646814,0.3221084,0.2206007,0.31736833,0.045867443
2250,0.58947176,0.2314535,0.28505915,0.20196752,0.3044126,0.02948597
2251,1.0409248,0.40549767,0.59581083,0.4158643,0.44511396,-0.010366619
2252,1.0336798,0.5200462,0.70230174,0.47234616,0.3313781,0.047700018
2253,0.9019956,0.3295973,0.39660916,0.29008797,0.5053865,0.039509326
2254,0.41259217,0.15321381,0.24622354,0.165338,0.16636863,-0.012124181
2255,0.08880608,0.1614105,0.05462119,0.037994776,0.034184888,0.12341572
2256,0.111385375,0.0315852,0.04858634,0.035263993,0.06279904,-0.0036787912
2257,0.022104815,0.017330395,0.007893347,0.006737766,0.0142114675,0.010592629
2258,-0.01868309,0.121743806,0.016813727,0.007496368,-0.035496816,0.11424744
2259,0.88113505,0.29272017,0.3964692,0.30544624,0.48466584,-0.0127260685
2260,0.8570975,0.41437948,0.5310481,0.38474545,0.3260494,0.029634029
2261,0.053316943,0.13344143,0.047865443,0.03730931,0.0054515004,0.09613212
2262,0.61122555,0.3456339,0.41760895,0.30133078,0.1936166,0.04430312
2263,0.15605743,0.07879242,0.12132631,0.08120049,0.03473112,-0.002408065
2264,0.022498917,0.046529364,0.0166844,0.015792232,0.005814517,0.030737132
2265,0.7500799,0.25906438,0.4047214,0.2605936,0.34535846,-0.0015292168
2266,0.63850456,0.27801114,0.43305904,0.31233755,0.20544553,-0.034326404
2267,0.1067005,0.116242155,0.13730012,0.10011259,-0.030599616,0.016129568
2268,0.020798067,0.006547348,0.024593549,0.011443461,-0.0037954822,-0.004896113
2269,0.62312627,0.3470183,0.3797694,0.28423783,0.24335685,0.06278047
2270,0.022319762,0.042682108,0.037207354,0.028089508,-0.014887592,0.014592599
2271,0.9806239,0.180947,0.29629943,0.19107006,0.6843245,-0.010123059
2272,0.14201282,0.08596852,0.111296415,0.0736302,0.030716404,0.012338318
2273,0.06327949,0.042425763,0.042160712,0.03540785,0.021118775,0.007017914
2274,0.742502,0.2649098,0.3522728,0.26096782,0.39022917,0.003941983
2275,1.0542498,0.42001456,0.4856442,0.36646438,0.56860554,0.053550184
2276,0.018762147,0.007296802,0.02623084,0.023256266,-0.007468693,-0.015959464
2277,0.09295801,0.04609028,0.06192192,0.042993143,0.03103609,0.0030971356
2278,0.8217336,0.22580217,0.1875156,0.14451927,0.634218,0.0812829
2279,0.5293645,0.16051212,0.20848936,0.13962644,0.32087517,0.020885676
2280,0.6842952,0.1786228,0.2510794,0.15781078,0.43321577,0.02081202
2281,0.64917153,0.34166732,0.40721908,0.31393647,0.24195245,0.027730852
2282,0.78492486,0.23441018,0.34697846,0.23543842,0.4379464,-0.0010282397
2283,0.061987136,0.03754142,0.036498412,0.025969138,0.025488723,0.011572281
2284,1.5806642,0.6203404,0.6569235,0.39132428,0.9237407,0.22901613
2285,1.5665363,0.5520752,0.8461615,0.5821002,0.7203748,-0.030025005
2286,0.1329869,0.13918673,0.07321931,0.05231656,0.059767596,0.08687016
2287,-0.013102654,0.10329379,0.007450627,0.0044146236,-0.020553282,0.098879166
2288,0.8509167,0.3756047,0.5784869,0.41136822,0.27242976,-0.035763532
2289,0.78407776,0.32777506,0.4925534,0.31058657,0.29152435,0.01718849
2290,1.0053759,0.39876318,0.52820325,0.3931848,0.4771726,0.005578369
2291,0.7558749,0.35999298,0.45681602,0.3117194,0.29905885,0.048273593
2292,0.08021384,0.09045338,0.050727926,0.03806292,0.029485911,0.05239046
2293,0.027689504,0.1273398,0.05342914,0.030512327,-0.025739638,0.09682747
2294,0.052375507,0.025006201,0.034468055,0.022805264,0.017907452,0.002200937
2295,0.7570694,0.26053056,0.443156,0.29594722,0.3139134,-0.035416663
2296,0.042492174,-0.020433418,0.025443947,0.018017052,0.017048227,-0.038450472
2297,1.016136,0.4431616,0.69785964,0.4590958,0.3182764,-0.0159342
2298,0.3646391,0.19446988,0.2521401,0.1691484,0.112499,0.025321484
2299,0.05074529,-0.025006635,0.042669013,0.027011294,0.008076277,-0.052017927
2300,0.65769595,0.29671878,0.41422355,0.3046763,0.2434724,-0.007957518
2301,0.10709999,0.060528502,0.06591961,0.05071669,0.04118038,0.009811811
2302,0.13632919,0.07997052,0.093879424,0.067018,0.042449765,0.012952521
2303,0.9130712,0.2633621,0.4022932,0.29438478,0.510778,-0.031022668
2304,0.691366,0.19324553,0.29345345,0.2140247,0.39791256,-0.020779163
2305,0.003907073,0.019662296,0.008110622,0.006999897,-0.004203549,0.0126624
2306,0.0018368732,-0.06371665,0.011412943,0.0040679253,-0.009576069,-0.06778458
2307,0.19964516,0.13305216,0.14472479,0.09866455,0.054920375,0.034387603
2308,0.014785384,-0.024914764,0.026376016,0.014417291,-0.011590633,-0.039332055
2309,0.78191584,0.21476136,0.33728284,0.23896569,0.444633,-0.024204329
2310,0.6575786,0.2225742,0.2756582,0.1893186,0.3819204,0.033255607
2311,0.3268513,0.07287423,0.16276546,0.10122213,0.16408585,-0.028347895
2312,0.046590336,0.0062147896,0.033643413,0.023183173,0.012946922,-0.016968383
2313,0.19218831,0.06085427,0.11331731,0.07969468,0.078871,-0.01884041
2314,0.029553315,-0.033042252,0.016966082,0.0071399603,0.0125872325,-0.04018221
2315,0.049823374,-0.0071929367,0.05119005,0.028799253,-0.0013666749,-0.03599219
2316,0.23851411,0.0577277,0.06234876,0.046941523,0.17616534,0.010786176
2317,0.86656463,0.2882879,0.3653827,0.25710613,0.50118196,0.031181782
2318,0.21978526,0.11352323,0.14501733,0.10880569,0.07476793,0.0047175363
2319,0.06788208,-0.026475336,0.06131639,0.038035423,0.0065656938,-0.06451076
2320,-0.0045696762,0.016254194,0.01001982,0.009348632,-0.014589496,0.0069055622
2321,0.11061093,0.06774441,0.077543475,0.056740373,0.033067457,0.011004038
2322,0.18080983,0.14108266,0.12808935,0.09137801,0.052720472,0.04970465
2323,-0.012303255,-0.00399002,-0.0014969355,0.0014207516,-0.010806319,-0.005410772
2324,0.03781385,0.081771724,0.036562763,0.025578601,0.0012510866,0.05619312
2325,-0.045592118,0.117555074,0.0077653397,0.0048140744,-0.05335746,0.112741
2326,0.055624835,-0.0019458664,0.06758786,0.03914821,-0.011963025,-0.04109408
2327,0.26176962,0.18441905,0.17883569,0.1338523,0.08293393,0.050566748
2328,0.100596204,0.04701266,0.07565891,0.05519002,0.024937294,-0.008177359
2329,0.72413754,0.2896274,0.38141444,0.27835235,0.3427231,0.011275053
2330,0.06836342,0.04250805,0.043331992,0.026586078,0.025031429,0.015921973
2331,0.045623995,-0.023342572,0.03361286,0.022469498,0.012011137,-0.04581207
2332,0.6531166,0.3480686,0.4373914,0.32714376,0.21572518,0.020924836
2333,0.7246162,0.27600926,0.32769352,0.24202216,0.3969227,0.033987105
2334,0.07807724,0.039571133,0.041992884,0.03597669,0.036084358,0.0035944432
2335,0.6885127,0.22827499,0.30675042,0.20919405,0.38176227,0.019080937
2336,0.057023134,-0.01571712,0.041743603,0.028325176,0.0152795315,-0.044042297
2337,0.52596134,0.23203893,0.35209316,0.23356232,0.17386818,-0.0015233904
2338,0.83972883,0.37546858,0.44286042,0.3307332,0.3968684,0.044735372
2339,0.16537444,0.13696836,0.13912886,0.10123948,0.02624558,0.03572888
2340,0.04513309,-0.029428044,0.04792974,0.024114192,-0.00279665,-0.053542234
2341,0.09051598,0.019992318,0.022876142,0.0119327055,0.067639835,0.0080596125
2342,0.85442406,0.43452656,0.5981043,0.4018951,0.25631976,0.032631457
2343,0.910631,0.4372726,0.65707123,0.44896758,0.25355977,-0.011694968
2344,0.7543795,0.39465293,0.47595555,0.3411087,0.27842396,0.053544223
2345,0.14445077,0.05380614,0.09270364,0.063017495,0.05174713,-0.009211354
2346,-0.033151124,0.11246095,0.008480262,0.0018320536,-0.041631386,0.110628895
2347,0.8101754,0.3551547,0.4861905,0.3116823,0.32398492,0.04347238
2348,1.027786,0.3128947,0.43047825,0.323561,0.5973078,-0.010666311
2349,0.05669437,0.05092824,0.023367437,0.021561861,0.03332693,0.029366378
2350,0.058732808,0.026398337,0.035494912,0.024113977,0.023237895,0.0022843592
2351,-0.015275838,0.016489904,0.014580835,0.010417599,-0.029856673,0.006072305
2352,0.04775636,0.057997763,0.028751759,0.0208198,0.0190046,0.037177965
2353,0.077953905,0.04339045,0.04635428,0.036727883,0.031599626,0.006662566
2354,0.976201,0.391524,0.6050311,0.4066665,0.37116992,-0.0151425
2355,0.5080635,0.20160706,0.23440687,0.17202029,0.2736566,0.029586777
2356,0.79606664,0.32748842,0.45272312,0.33898926,0.34334353,-0.011500835
2357,0.7929325,0.28643668,0.47139493,0.34132615,0.32153758,-0.05488947
2358,0.5345148,0.15892632,0.19643658,0.15291965,0.3380782,0.006006673
2359,0.038487952,0.002919564,0.051510625,0.030462973,-0.013022672,-0.027543409
2360,0.059280757,0.033632807,0.032283343,0.0236059,0.026997413,0.010026908
2361,0.639782,0.15289661,0.22420657,0.15493912,0.41557544,-0.0020425022
2362,0.9054328,0.4658434,0.5765387,0.42694798,0.32889414,0.03889543
2363,0.86639893,0.23029208,0.37620363,0.24652867,0.4901953,-0.016236588
2364,0.77472305,0.3264705,0.35387403,0.26488554,0.42084903,0.06158495
2365,1.1074426,0.37560004,0.5982678,0.41915074,0.5091748,-0.0435507
2366,0.746168,0.26768792,0.30926213,0.22475019,0.4369059,0.042937726
2367,0.019164084,0.021663815,0.0034729736,0.0061667818,0.015691109,0.015497033
2368,0.44822294,0.20903802,0.27233374,0.21478502,0.1758892,-0.0057470053
2369,0.22046123,0.08603131,0.112841636,0.08337582,0.1076196,0.0026554912
2370,0.076209046,0.047191266,0.036400814,0.027147653,0.039808232,0.020043613
2371,0.08993299,0.02909369,0.046549376,0.03616742,0.043383617,-0.00707373
2372,0.79863626,0.28303745,0.43474934,0.31357637,0.36388692,-0.030538917
2373,0.009556118,0.0014635901,0.028391372,0.019800387,-0.018835254,-0.018336797
2374,0.04551262,0.13782153,0.032756478,0.025857398,0.012756143,0.11196413
2375,0.046633996,0.028342796,0.017692288,0.013876352,0.028941708,0.014466444
2376,0.0116194105,0.046352945,0.018561246,0.017651709,-0.0069418354,0.028701236
2377,0.29882687,0.17637114,0.18381792,0.117716044,0.11500895,0.058655098
2378,1.1874429,0.5021106,0.7361437,0.46340537,0.4512992,0.03870523
2379,0.12403054,0.0009000161,0.07612118,0.045351967,0.047909357,-0.044451952
2380,0.2978304,0.14462776,0.16564451,0.124193765,0.13218589,0.020434
2381,0.7305521,0.38133773,0.4408501,0.3208418,0.28970197,0.060495943
2382,0.1269718,0.09362161,0.069692925,0.048594736,0.05727887,0.045026876
2383,0.25701812,0.083265275,0.1028609,0.07126356,0.15415722,0.012001716
2384,1.1659406,0.46867427,0.789037,0.5006859,0.37690365,-0.0320116
2385,0.8960463,0.38806048,0.4991914,0.35509926,0.39685488,0.03296122
2386,0.6953698,0.28952757,0.41134793,0.27566278,0.28402185,0.013864785
2387,0.6891521,0.32297707,0.4478902,0.28746682,0.24126193,0.035510242
2388,0.2133989,0.102833726,0.12436999,0.08109706,0.08902892,0.021736667
2389,0.23098472,0.11072944,0.07596503,0.040986475,0.15501969,0.06974296
2390,0.09976748,0.039934512,0.070597515,0.05132536,0.029169962,-0.011390846
2391,0.7505052,0.314683,0.4672993,0.31531128,0.2832059,-0.00062829256
2392,0.4813989,0.27362916,0.3578269,0.28090268,0.12357202,-0.007273525
2393,0.0069377823,0.0986552,0.02132815,0.015055372,-0.014390367,0.08359983
2394,0.8460639,0.3942972,0.50592405,0.34738258,0.34013987,0.046914637
2395,0.6738583,0.31298712,0.4134568,0.29739693,0.2604015,0.015590191
2396,-0.03355068,0.11428026,0.0097615095,0.0027020054,-0.04331219,0.111578256
2397,0.6005211,0.23196301,0.28547513,0.1924156,0.31504595,0.039547414
2398,0.11954826,0.0452097,0.077518724,0.052631214,0.042029537,-0.007421516
2399,0.7528032,0.3417374,0.4133617,0.31733105,0.3394415,0.024406344
2400,0.04759722,0.11182106,0.012762045,0.006197886,0.034835175,0.10562318
2401,0.028822923,0.13402474,0.014128646,0.012768146,0.014694277,0.12125659
2402,0.050064962,0.03471311,0.030573174,0.025739405,0.019491788,0.0089737065
2403,-0.043590643,0.16303968,0.016224395,0.010064258,-0.059815038,0.15297543
2404,0.053283893,0.054651886,0.03864253,0.028111154,0.014641363,0.026540732
2405,0.07255505,0.0015480365,0.04290776,0.02623858,0.02964729,-0.024690542
2406,0.06292639,0.03792101,0.037785374,0.029989704,0.025141016,0.007931307
2407,0.16125669,0.1055862,0.11472328,0.08947453,0.046533406,0.016111672
2408,0.057793442,-0.016397424,0.045348663,0.025026832,0.012444779,-0.041424256
2409,0.021592151,-0.00869139,0.009389615,0.007958268,0.012202537,-0.016649658
2410,0.040558115,-0.011467315,0.02653459,0.019382052,0.014023524,-0.030849367
2411,0.11043229,-0.024334574,0.057854842,0.0302522,0.052577447,-0.054586776
2412,0.9253041,0.3141767,0.37579033,0.28604645,0.5495138,0.028130263
2413,0.6050953,0.22457764,0.3395248,0.23070064,0.26557052,-0.0061230063
2414,0.8432623,0.44133985,0.5961763,0.44321823,0.24708599,-0.0018783808
2415,0.05196627,0.05669915,0.055986546,0.040816322,-0.0040202774,0.015882827
2416,0.19732161,0.086737536,0.19666122,0.105252594,0.00066038966,-0.018515058
2417,0.65593064,0.27012184,0.3515365,0.25392345,0.30439413,0.016198397
2418,1.065233,0.3450802,0.4052353,0.30926326,0.6599977,0.035816938
2419,0.60873055,0.1893603,0.25214967,0.16722563,0.35658088,0.022134677
2420,0.7707868,0.3303011,0.4794897,0.32310337,0.2912971,0.0071977377
2421,0.13089879,0.063335285,0.071410194,0.053521566,0.059488595,0.0098137185
2422,0.81866986,0.34994975,0.48674512,0.36267772,0.33192474,-0.012727976
2423,0.59545135,0.3000431,0.37962097,0.26590413,0.21583039,0.034138978
2424,0.7281987,0.12009248,0.2137016,0.13857618,0.5144971,-0.018483698
2425,0.22706778,0.095795676,0.18076882,0.11631194,0.046298966,-0.020516261
2426,0.31972376,0.1918121,0.2264185,0.15563232,0.09330526,0.03617978
2427,0.073485784,0.0405789,0.039634813,0.029465519,0.03385097,0.011113383
2428,0.5679004,0.343187,0.39087388,0.28996772,0.17702654,0.05321929
2429,0.5316533,0.2583485,0.30523232,0.22323824,0.22642097,0.03511025
2430,0.04517788,0.012598965,0.04026457,0.025703544,0.0049133115,-0.0131045785
2431,0.7198973,0.29937991,0.3844333,0.2745661,0.33546397,0.024813801
2432,0.0794683,0.03980177,0.051417146,0.035529777,0.028051157,0.0042719916
2433,0.00149015,0.15023044,0.044258114,0.03251885,-0.042767964,0.11771159
2434,0.07979584,-0.008605161,0.053515505,0.034142517,0.026280332,-0.042747676
2435,-0.0061489427,-0.029273504,0.015364325,0.010900923,-0.021513268,-0.04017443
2436,0.3790737,0.18194392,0.2064283,0.15183008,0.1726454,0.030113846
2437,0.52226055,0.15172523,0.21142477,0.1473676,0.31083578,0.004357636
2438,1.1988536,0.44371712,0.55786264,0.41573152,0.640991,0.027985603
2439,0.66008544,0.2996126,0.3700977,0.27850583,0.28998774,0.02110678
2440,0.0027278627,0.1177557,0.044820115,0.030568637,-0.042092253,0.08718707
2441,1.0589887,0.38178128,0.5203444,0.37019637,0.5386443,0.011584908
2442,1.5030178,0.44079584,0.54937047,0.35319996,0.9536473,0.08759588
2443,0.8499926,0.25337926,0.28944087,0.21119109,0.5605517,0.042188168
2444,0.8398661,0.34646326,0.48628,0.36004433,0.3535861,-0.013581067
2445,0.045211915,-0.018859433,0.04272327,0.025608785,0.0024886467,-0.044468217
2446,0.06288074,0.05299181,0.065544635,0.044478796,-0.0026638955,0.008513015
2447,0.044650543,0.021449743,0.021729896,0.015551464,0.022920648,0.005898279
2448,0.014192291,0.105481036,0.025956135,0.01089197,-0.011763845,0.09458907
2449,0.09373489,0.1283406,0.07899416,0.050116453,0.014740728,0.07822415
2450,0.718428,0.33494133,0.43680295,0.33081302,0.28162506,0.004128307
2451,0.8350826,0.2726045,0.41362718,0.28424606,0.4214554,-0.011641562
2452,0.024643183,0.042849366,0.021939365,0.019780997,0.0027038176,0.023068368
2453,1.0934196,0.3259881,0.45510197,0.33185744,0.6383176,-0.005869329
2454,-0.030735373,0.11869065,0.014554689,0.005384798,-0.04529006,0.11330585
2455,0.10022752,0.13035499,0.087328784,0.058513142,0.012898736,0.07184184
2456,-0.024282059,-0.017890994,0.0042208163,0.0029171587,-0.028502874,-0.020808153
2457,0.11732731,-0.0085194055,0.087678105,0.048947453,0.029649206,-0.057466857
2458,0.714148,0.30181772,0.40108064,0.29648525,0.31306735,0.00533247
2459,0.55389655,0.21644107,0.3241655,0.23902398,0.22973105,-0.022582918
2460,0.5894526,0.2941911,0.4427179,0.30381927,0.14673471,-0.009628177
2461,0.031972814,0.053191643,0.022132821,0.018276267,0.009839993,0.034915376
2462,0.50203234,0.20995146,0.2741402,0.20665379,0.22789213,0.0032976717
2463,0.13417464,0.13333105,0.07855125,0.052605174,0.055623397,0.08072587
2464,0.706178,0.26597166,0.32958844,0.22378486,0.37658957,0.042186797
2465,0.05175018,0.061322935,0.044750866,0.03536605,0.006999314,0.025956884
2466,0.7565703,0.345545,0.49499434,0.37330368,0.26157594,-0.027758688
2467,0.1240639,0.07160277,0.065394975,0.05480027,0.058668926,0.016802501
2468,0.06379354,0.1366524,0.038746137,0.018844431,0.025047403,0.11780796
2469,0.105950035,-0.015650876,0.05971156,0.039148796,0.046238475,-0.054799672
2470,0.29180706,0.15490775,0.1681282,0.12583876,0.12367885,0.029068992
2471,0.016856946,-0.051725186,0.019034345,0.0058002733,-0.0021773987,-0.05752546
2472,0.08091856,0.057554506,0.05312626,0.040629297,0.027792297,0.016925208
2473,0.08776059,0.01542264,0.061845228,0.044459753,0.025915362,-0.029037112
2474,0.61562294,0.26645428,0.34930184,0.2423274,0.2663211,0.024126872
2475,0.047278352,0.02463043,0.015036924,0.011147398,0.032241426,0.013483032
2476,0.14609787,0.061684463,0.11475137,0.07429458,0.0313465,-0.012610119
2477,0.90937376,0.4160343,0.57116705,0.38043487,0.3382067,0.03559944
2478,1.005719,0.4328172,0.5758428,0.45342118,0.42987615,-0.020603985
2479,0.04893205,0.054636963,0.037631012,0.027679114,0.011301037,0.026957849
2480,0.87837005,0.36820313,0.39032117,0.28684673,0.48804888,0.081356406
2481,0.6009652,0.25816914,0.35634726,0.2658632,0.24461794,-0.0076940656
2482,0.0786111,0.05273552,0.051491972,0.037706606,0.027119126,0.015028913
2483,0.91601884,0.26086745,0.3930689,0.2746649,0.52294993,-0.013797462
2484,0.057919852,0.040557753,0.050609116,0.03297269,0.007310737,0.0075850636
2485,1.2649034,0.5005398,0.7399417,0.47224197,0.5249617,0.028297812
2486,0.752257,0.35338134,0.5593514,0.39058647,0.1929056,-0.03720513
2487,0.46447113,0.30180672,0.38318145,0.28371915,0.08128968,0.018087566
2488,0.008727958,-0.031116785,0.007196324,0.0015764002,0.0015316345,-0.032693185
2489,0.27930552,0.07312218,0.11862848,0.08300315,0.16067705,-0.009880967
2490,0.3402722,0.14077777,0.20661066,0.14931995,0.13366152,-0.00854218
2491,0.1415074,0.11933845,0.10675808,0.077772595,0.03474932,0.041565858
2492,1.5247195,0.6445584,0.952895,0.6197554,0.5718245,0.024803042
2493,0.6949512,0.19547257,0.2862459,0.21445076,0.40870526,-0.018978193
2494,0.6458951,0.19579817,0.33611438,0.20006377,0.30978075,-0.0042655915
2495,0.023378754,0.1623902,0.03294227,0.031183055,-0.009563515,0.13120715
2496,0.037518486,0.03566235,0.05578663,0.025609402,-0.018268142,0.010052947
2497,0.07744528,0.00034882655,0.057099108,0.036544718,0.020346176,-0.036195893
2498,0.8957769,0.37038964,0.5294378,0.32061812,0.36633915,0.049771518
2499,0.0006772099,0.025232816,0.0048413267,0.0069243456,-0.004164117,0.01830847
2500,0.05873728,0.03973474,0.029189615,0.022401268,0.029547667,0.017333472
2501,0.03345327,0.07581212,0.02502368,0.020323448,0.008429591,0.055488676
2502,0.10143325,0.05899688,0.08870749,0.056137986,0.012725756,0.002858892
2503,0.88425565,0.34553728,0.4623711,0.306486,0.42188454,0.039051265
2504,0.24002694,0.109399274,0.13262093,0.09876559,0.107406005,0.010633685
2505,0.19007738,0.1330127,0.13251068,0.09165841,0.057566702,0.041354284
2506,1.1304852,0.14297253,0.16649021,0.11496456,0.963995,0.02800797
2507,0.21974988,0.13353358,0.15746583,0.121483736,0.062284052,0.012049846
2508,1.2387476,0.5206266,0.7226097,0.48891363,0.5161379,0.03171298
2509,0.16040339,0.2162961,0.13597988,0.10416388,0.02442351,0.11213223
2510,0.40525547,0.1420481,0.18314567,0.13749072,0.2221098,0.004557386
2511,0.21522786,0.09975742,0.08880986,0.06334125,0.126418,0.036416166
2512,1.1166096,0.4925229,0.7762745,0.5074096,0.34033507,-0.014886677
2513,0.08682456,0.05492775,0.06121545,0.044715773,0.02560911,0.010211978
2514,0.11524114,0.14337681,0.0832273,0.059438433,0.03201384,0.083938375
2515,0.038232755,-0.02533595,0.034249067,0.0222204,0.0039836876,-0.04755635
2516,0.061345488,0.022778057,0.017953219,0.014246399,0.04339227,0.008531658
2517,-0.007257313,0.10802514,0.018572956,0.011180056,-0.025830269,0.09684508
2518,0.10143048,0.037363704,0.065446086,0.051219042,0.035984397,-0.013855338
2519,0.7889475,0.23944466,0.3214933,0.23195122,0.46745422,0.0074934363
2520,1.0095403,0.52415925,0.6472193,0.49305308,0.36232102,0.031106174
2521,-0.017495027,-0.020838965,0.010931165,0.005040105,-0.028426193,-0.02587907
2522,0.6675894,0.30067,0.40546867,0.2957526,0.26212075,0.004917383
2523,0.07744428,0.053777248,0.06057578,0.04072118,0.016868498,0.013056066
2524,0.043740302,-0.012823189,0.04003745,0.022471962,0.0037028529,-0.03529515
2525,-0.015734952,-0.03762614,0.030022405,0.014225722,-0.045757357,-0.05185186
2526,0.789616,0.044410508,0.27468646,0.19758247,0.51492953,-0.15317196
2527,0.074360915,0.041978102,0.039964966,0.027787805,0.034395948,0.014190298
2528,0.83558726,0.41573116,0.6016667,0.42045644,0.23392057,-0.0047252774
2529,0.98463017,0.3899945,0.52068347,0.34572116,0.4639467,0.044273347
2530,0.08724376,0.10000797,0.11007797,0.08037553,-0.022834212,0.019632444
2531,0.015842535,0.04282171,0.0122415805,0.0037385514,0.003600954,0.039083157
2532,0.055074893,0.009561881,0.044752806,0.027486203,0.0103220865,-0.017924322
2533,0.14087604,0.112374455,0.09757758,0.06937127,0.04329846,0.043003187
2534,1.2972618,0.5423634,0.7264784,0.5292541,0.57078344,0.013109326
2535,0.16477318,0.03897046,0.11367284,0.06350424,0.051100343,-0.024533782
2536,0.021277549,0.003964294,0.009895501,0.0065824883,0.011382048,-0.002618194
2537,0.32055244,0.17841157,0.21923207,0.15938793,0.10132037,0.019023642
2538,0.044711255,-0.028901704,0.034140624,0.019490363,0.01057063,-0.048392065
2539,0.053355664,0.05323364,0.025313683,0.019242315,0.028041981,0.033991322
2540,0.37572023,0.13491167,0.25018874,0.14850152,0.1255315,-0.013589844
2541,0.06248346,0.06222219,0.05987244,0.047308322,0.0026110187,0.014913868
2542,0.029120743,0.06254683,0.026135297,0.016679844,0.0029854458,0.04586698
2543,0.056291457,0.07751868,0.05114756,0.04282388,0.0051438957,0.0346948
2544,0.0815992,0.024638966,0.029785631,0.020127144,0.051813565,0.004511822
2545,0.5618797,0.23197077,0.3229504,0.2195974,0.2389293,0.012373373
2546,0.96369517,0.3923217,0.46267837,0.35338834,0.5010168,0.038933367
2547,1.0649092,0.6489442,0.79006743,0.5755064,0.2748418,0.07343781
2548,1.0587281,0.28796625,0.40882325,0.28487772,0.64990485,0.0030885339
2549,0.7286831,0.23174486,0.33343598,0.22031417,0.39524713,0.011430681
2550,0.2781994,0.074582696,0.093712814,0.065676995,0.1844866,0.008905701
2551,0.98357224,0.26911953,0.327049,0.24172136,0.6565232,0.027398169
2552,0.7581822,0.34673083,0.45881444,0.33423382,0.2993678,0.012497008
2553,0.5493895,0.2093799,0.24217968,0.17898308,0.3072098,0.03039682
2554,0.9199793,0.32130817,0.49110234,0.3458281,0.42887694,-0.02451992
2555,0.7305728,0.2832196,0.3897332,0.2748667,0.34083962,0.0083529055
2556,0.045628276,0.03498556,0.038256437,0.02926216,0.007371839,0.0057234
2557,0.09511501,0.05109499,0.08559755,0.048149046,0.009517461,0.0029459447
2558,0.2694358,0.12887299,0.15441586,0.11536195,0.11501993,0.013511039
2559,0.15972015,0.06616888,0.077656835,0.05886887,0.08206332,0.007300012
