feature_idx,seq_effect_obs,struct_effect_obs,seq_effect_shuffle,struct_effect_shuffle,seq_delta,struct_delta
0,0.38939053,0.09972666,0.10015366,0.07140986,0.28923687,0.028316803
1,0.38837522,0.061287094,0.07798495,0.06059648,0.31039026,0.00069061294
2,0.35583556,0.056763377,0.11246702,0.074734226,0.24336854,-0.017970849
3,0.37589946,0.07659108,0.094735906,0.064178914,0.28116357,0.012412168
4,0.46248338,0.049261197,0.07810198,0.052736994,0.3843814,-0.0034757964
5,0.4895364,0.08416955,0.09661364,0.06287987,0.39292276,0.021289684
6,0.5308679,0.06299131,0.09552643,0.06684953,0.43534145,-0.003858216
7,0.46634835,0.028610054,0.10873003,0.06918864,0.35761833,-0.040578585
8,0.5949343,0.063105516,0.11630255,0.08399303,0.47863173,-0.020887516
9,0.48924088,0.09367543,0.10077035,0.073162585,0.38847053,0.020512842
10,0.4916058,0.09528266,0.10905334,0.081660725,0.38255244,0.013621934
11,0.3724513,0.045073442,0.07611148,0.05792593,0.2963398,-0.012852486
12,0.52630806,0.099326655,0.129955,0.09105795,0.39635307,0.0082687065
13,0.52600974,0.10383675,0.14588784,0.10852637,0.3801219,-0.004689619
14,0.3875232,0.06648935,0.07833271,0.05653529,0.3091905,0.009954058
15,0.6063263,0.16473012,0.12523372,0.09781613,0.48109257,0.066913985
16,0.35735682,0.08073971,0.085439034,0.05730525,0.2719178,0.023434456
17,0.20680833,0.028229471,0.045621637,0.029556122,0.1611867,-0.0013266504
18,0.5697804,0.07728082,0.108241856,0.074937895,0.46153855,0.0023429245
19,0.5685853,0.08534106,0.1009338,0.06781504,0.4676515,0.017526016
20,0.28120568,0.046566233,0.046651635,0.031714946,0.23455405,0.014851287
21,0.45726973,0.0725363,0.09101906,0.06831211,0.36625066,0.0042241886
22,0.5462255,0.10143055,0.123028,0.092044525,0.42319748,0.009386025
23,0.4325082,0.061731964,0.07791954,0.057799913,0.35458866,0.0039320514
24,0.51298696,0.08385688,0.13896252,0.08632285,0.37402445,-0.0024659708
25,0.4312431,0.097545415,0.12365388,0.09615427,0.3075892,0.0013911426
26,0.4245661,0.07128055,0.07307717,0.052057553,0.35148892,0.019222993
27,0.32259625,0.060949218,0.09332145,0.06498045,0.22927481,-0.0040312298
28,0.39320144,0.08526021,0.068629764,0.05338297,0.32457167,0.031877242
29,0.4351481,0.07460758,0.09375746,0.07137396,0.34139064,0.003233619
30,0.4768956,0.038686883,0.10286862,0.067315154,0.37402698,-0.028628271
31,0.5654363,0.1025785,0.12453635,0.08690106,0.44089997,0.015677437
32,0.5954619,0.04270119,0.09617703,0.06755787,0.49928486,-0.024856683
33,0.5503018,0.09567274,0.1017999,0.068121664,0.44850188,0.027551077
34,0.46428892,0.104425766,0.11087387,0.07575449,0.35341504,0.028671272
35,0.60662067,0.103823625,0.14276916,0.09824052,0.4638515,0.0055831075
36,0.6193045,0.1268608,0.112546846,0.08702916,0.5067576,0.03983164
37,0.58223766,0.11514825,0.10392932,0.077909,0.47830835,0.037239246
38,0.49771893,0.054746363,0.0753574,0.05243281,0.42236152,0.0023135543
39,0.5012692,0.060530048,0.08870078,0.0604214,0.41256845,0.00010864809
40,0.46270972,0.07598453,0.097789995,0.06968695,0.36491972,0.006297581
41,0.3621174,0.05575505,0.08547759,0.06325815,0.27663982,-0.0075030997
42,0.5532597,0.1386754,0.12461946,0.08970956,0.42864022,0.04896585
43,0.5671597,0.13179345,0.14002182,0.10119984,0.4271379,0.030593611
44,0.42888877,0.02716219,0.048926402,0.03441888,0.37996235,-0.0072566904
45,0.5034384,0.10784044,0.124001116,0.091866046,0.3794373,0.015974395
46,0.57730883,0.06986728,0.141841,0.09530064,0.43546784,-0.025433354
47,0.48922423,0.06899524,0.09859479,0.05526328,0.39062944,0.0137319565
48,0.6026635,0.06731153,0.11290081,0.071705654,0.48976272,-0.0043941215
49,0.3586837,0.046442967,0.068558276,0.04530483,0.29012543,0.0011381358
50,0.41514117,0.058503173,0.07209076,0.053002376,0.34305042,0.005500797
51,0.42800075,0.07010433,0.095120765,0.06601464,0.33288,0.0040896907
52,0.36663666,0.032926224,0.087572835,0.058436815,0.27906382,-0.02551059
53,0.5291993,0.12851717,0.12083428,0.08798205,0.408365,0.040535115
54,0.4847521,0.085612275,0.081192315,0.05473859,0.40355977,0.030873686
55,0.58660823,0.100185275,0.1106051,0.080976464,0.47600314,0.019208811
56,0.5170759,0.06815764,0.087259725,0.059294447,0.4298162,0.008863196
57,0.3888941,0.060805943,0.07695718,0.05153204,0.31193691,0.009273902
58,0.55910397,0.084933825,0.13502197,0.09209895,0.42408198,-0.0071651265
59,0.49295247,0.08036266,0.123524435,0.08735269,0.36942804,-0.0069900304
60,0.48064694,0.06573808,0.08304432,0.06086808,0.39760262,0.004870001
61,0.5184497,0.09372415,0.13042311,0.09138696,0.3880266,0.0023371875
62,0.38932186,0.073055275,0.088955,0.06715631,0.30036688,0.0058989674
63,0.37703767,0.07025601,0.08625084,0.05667569,0.29078683,0.013580319
64,0.36068937,0.07069984,0.08729634,0.06046329,0.27339303,0.01023655
65,0.55707246,0.08371997,0.12357954,0.08283962,0.43349293,0.0008803457
66,0.4883649,0.06299055,0.0877473,0.058856245,0.4006176,0.0041343085
67,0.41291493,0.059256095,0.08425543,0.05726581,0.3286595,0.0019902848
68,0.4242531,0.037400097,0.068831414,0.04522005,0.3554217,-0.007819954
69,0.37336677,0.09904843,0.075167425,0.056217972,0.29819936,0.042830456
70,0.3450797,0.042616427,0.07059237,0.051561065,0.27448732,-0.008944638
71,0.55747324,0.07207572,0.117828004,0.077433884,0.43964523,-0.005358167
72,0.52798814,0.11187809,0.12416857,0.09092209,0.40381956,0.020956002
73,0.5617244,0.07719304,0.09689876,0.06356656,0.46482566,0.013626479
74,0.5547804,0.08528858,0.11916767,0.08798341,0.43561274,-0.0026948303
75,0.3291634,0.046768475,0.06433304,0.04544287,0.26483035,0.0013256036
76,0.6295072,0.068308115,0.106866576,0.07124441,0.5226406,-0.0029362962
77,0.4503291,0.091207676,0.08713454,0.066857025,0.36319456,0.02435065
78,0.4142904,0.049118873,0.079604276,0.055568766,0.33468613,-0.006449893
79,0.5755633,0.08439101,0.102390766,0.07258585,0.47317255,0.011805162
80,0.4371712,0.05438523,0.08118493,0.054511055,0.35598627,-0.0001258254
81,0.47701472,0.06175093,0.08943248,0.06455887,0.38758224,-0.0028079413
82,0.66671586,0.08258208,0.11931988,0.08090412,0.547396,0.0016779602
83,0.44971043,0.065046296,0.11614033,0.076520294,0.3335701,-0.011473998
84,0.5973653,0.018188993,0.061452486,0.03538264,0.5359128,-0.017193647
85,0.47589567,0.09112093,0.102535,0.08100354,0.37336066,0.010117389
86,0.5079816,0.08193787,0.10308616,0.07136037,0.40489542,0.0105775
87,0.3499157,0.06487816,0.09767084,0.07356657,0.2522449,-0.008688413
88,0.39675176,0.072656795,0.080896474,0.05963143,0.3158553,0.013025366
89,0.5099372,0.094626084,0.11166727,0.07506292,0.39826995,0.01956316
90,0.34761474,-0.009325374,0.05236418,0.028465359,0.29525056,-0.03779073
91,0.585984,0.094614424,0.10985098,0.07838975,0.47613302,0.016224675
92,0.4709162,0.08536502,0.08750779,0.062009245,0.38340843,0.023355775
93,0.44269088,0.06749066,0.095241606,0.074219696,0.34744927,-0.0067290366
94,0.42097607,0.060970146,0.09205942,0.069024794,0.32891667,-0.008054648
95,0.5440924,0.10293486,0.17463797,0.11359351,0.36945444,-0.010658652
96,0.4862859,0.10314688,0.13843104,0.10300736,0.34785485,0.00013951957
97,0.582704,0.08705177,0.12920296,0.090137795,0.45350105,-0.003086023
98,0.3862655,0.05036474,0.088934354,0.059735507,0.29733112,-0.009370767
99,0.36455733,0.03862344,0.0949233,0.062314387,0.269634,-0.023690946
100,0.6588609,0.1250791,0.18463503,0.1376495,0.47422588,-0.012570411
101,0.31407914,0.060470648,0.099332884,0.06290163,0.21474625,-0.002430983
102,0.5330587,0.13216595,0.12086,0.09168975,0.4121987,0.040476203
103,0.41026834,0.11645609,0.12740798,0.08872731,0.28286034,0.027728781
104,0.31863174,0.06697479,0.06838156,0.049909167,0.25025016,0.017065622
105,0.5636199,0.07385516,0.11747421,0.08255909,0.4461457,-0.008703925
106,0.5161566,0.043745715,0.09915863,0.06597687,0.41699797,-0.022231158
107,0.45245057,0.07366522,0.08184996,0.056915917,0.3706006,0.0167493
108,0.61719644,0.05263655,0.08278421,0.0566934,0.5344122,-0.0040568523
109,0.66558456,0.063032225,0.076656505,0.05509487,0.58892804,0.007937353
110,0.6222672,0.100204244,0.19602412,0.13721205,0.42624307,-0.03700781
111,0.5791433,0.09479789,0.13356245,0.0942078,0.44558084,0.000590086
112,0.5142467,0.058949407,0.07601976,0.054282527,0.43822694,0.00466688
113,0.44276533,0.040280674,0.08145718,0.055329833,0.36130816,-0.0150491595
114,0.42805278,0.058177058,0.09532866,0.06805291,0.33272412,-0.009875853
115,0.46123436,0.056229778,0.10595626,0.07311401,0.3552781,-0.01688423
116,0.37895215,0.061351903,0.08128752,0.05732686,0.29766464,0.004025042
117,0.3536575,0.043914102,0.08897684,0.055512935,0.26468068,-0.011598833
118,0.57034475,0.066863716,0.08597802,0.06170295,0.48436671,0.005160764
119,0.46288872,0.08509528,0.112117656,0.08879356,0.35077107,-0.003698282
120,0.44861454,0.0906836,0.108774364,0.084874846,0.33984017,0.0058087558
121,0.5491058,0.08956579,0.11890466,0.0870567,0.43020117,0.0025090948
122,0.46805078,0.047532495,0.08608415,0.064177826,0.38196662,-0.016645331
123,0.48934627,0.08271173,0.11831474,0.08251241,0.37103152,0.00019931793
124,0.22183633,0.05382484,0.076158665,0.053235464,0.14567766,0.00058937445
125,0.5529292,0.086939625,0.073339626,0.05387841,0.47958958,0.033061214
126,0.5942296,0.05479183,0.09619658,0.06559762,0.498033,-0.010805793
127,0.52559716,0.1002979,0.110208474,0.07305424,0.41538867,0.027243659
128,0.4854528,0.10164287,0.11010311,0.08878051,0.3753497,0.012862362
129,0.3576457,0.023801664,0.040092636,0.029122964,0.31755304,-0.0053212997
130,0.5502371,0.061397336,0.13661905,0.10110419,0.4136181,-0.039706856
131,0.5452844,0.09957787,0.11560736,0.07846508,0.42967704,0.021112785
132,0.44038922,0.072242856,0.084996834,0.06264872,0.3553924,0.009594135
133,0.4766546,0.06762111,0.088019304,0.06374804,0.38863528,0.0038730726
134,0.39529708,0.07562042,0.12278236,0.08637005,0.27251473,-0.010749631
135,0.34404236,0.021277143,0.029095411,0.018374743,0.31494695,0.0029023997
136,0.28334785,0.04524424,0.058486745,0.03836956,0.2248611,0.0068746805
137,0.5426133,0.05082195,0.08390068,0.061654035,0.45871264,-0.010832086
138,0.43018302,0.051427893,0.085045345,0.058755092,0.3451377,-0.007327199
139,0.40796757,0.06000452,0.084611766,0.06328586,0.3233558,-0.0032813363
140,0.4530398,0.056454204,0.06555781,0.047447875,0.387482,0.009006329
141,0.35692692,0.05056906,0.072538674,0.052751783,0.28438824,-0.002182722
142,0.45257357,0.10802648,0.119086236,0.09241936,0.33348733,0.015607119
143,0.6310965,0.030175088,0.05086276,0.031629372,0.5802337,-0.0014542844
144,0.4309022,0.07522538,0.08382089,0.0642902,0.34708133,0.01093518
145,0.46360523,0.047425937,0.072813526,0.051147975,0.3907917,-0.0037220381
146,0.41387165,0.050553933,0.06795401,0.053917054,0.34591764,-0.0033631213
147,0.5222272,0.075039305,0.12140491,0.08177733,0.4008223,-0.006738022
148,0.4219979,0.10145722,0.0976608,0.072916955,0.3243371,0.028540269
149,0.414749,0.06953567,0.08579669,0.062428646,0.3289523,0.007107027
150,0.45676857,0.078216106,0.10161423,0.074708745,0.35515434,0.0035073608
151,0.31183836,0.05267677,0.07255676,0.051707253,0.2392816,0.000969518
152,0.44771218,0.0480888,0.07539641,0.050583854,0.37231576,-0.0024950542
153,0.4279943,0.08561006,0.1173996,0.07520184,0.3105947,0.010408223
154,0.4916096,0.04784065,0.13302825,0.07606271,0.35858136,-0.028222058
155,0.41999543,0.049486812,0.0877033,0.05833801,0.33229214,-0.008851197
156,0.25906098,0.054568943,0.063885435,0.04855619,0.19517554,0.0060127527
157,0.46487534,0.072421186,0.08978686,0.067215875,0.37508848,0.005205311
158,0.49934068,0.085793585,0.096060246,0.07013534,0.40328044,0.015658244
159,0.40586963,0.07495412,0.09870975,0.07339182,0.3071599,0.0015623048
160,0.53534,0.024767607,0.0663622,0.041517943,0.4689778,-0.016750336
161,0.19732915,0.008964991,0.024259275,0.016826896,0.17306988,-0.007861905
162,0.6942167,0.09102863,0.11975746,0.07643297,0.57445925,0.014595658
163,0.49462476,0.045419063,0.09335535,0.06496841,0.4012694,-0.019549344
164,0.47604078,0.10329916,0.11819659,0.09084171,0.35784417,0.012457453
165,0.42294937,0.06215541,0.07938992,0.05885233,0.34355944,0.0033030808
166,0.45746204,0.07912736,0.102600396,0.073452756,0.35486165,0.0056746006
167,0.299329,0.069455534,0.07076362,0.045736086,0.2285654,0.023719449
168,0.49666008,0.050017335,0.06480528,0.049579013,0.4318548,0.00043832138
169,0.56848866,0.083917744,0.15383159,0.10611561,0.41465706,-0.022197865
170,0.4203636,0.093443625,0.111827,0.073879115,0.3085366,0.01956451
171,0.6054577,0.086069815,0.07952975,0.05565084,0.52592796,0.030418973
172,0.6609947,0.11341111,0.16824694,0.111593015,0.49274778,0.0018180981
173,0.6195605,0.089928605,0.09484114,0.07699802,0.52471936,0.012930587
174,0.4362791,0.08168669,0.10852792,0.075461894,0.32775116,0.006224796
175,0.59099275,0.072833985,0.13544941,0.09725174,0.45554334,-0.024417758
176,0.44542116,0.07321072,0.06952426,0.049983583,0.3758969,0.02322714
177,0.812572,0.07661689,0.105782144,0.0743512,0.70678985,0.0022656918
178,0.5439338,0.10666257,0.120549604,0.09317122,0.4233842,0.013491355
179,0.45796427,0.07534097,0.11848382,0.084668085,0.33948046,-0.009327114
180,0.57392335,0.08414105,0.12387016,0.08880212,0.4500532,-0.0046610683
181,0.6243086,0.06339346,0.07589414,0.05475083,0.54841447,0.008642629
182,0.23206611,0.029839007,0.042791028,0.02990978,0.18927509,-7.0773065e-05
183,0.5619947,0.07759747,0.12900126,0.086905845,0.4329934,-0.009308375
184,0.33293948,0.038623504,0.064814284,0.047244973,0.26812518,-0.008621469
185,0.6026815,0.15471955,0.17240435,0.126661,0.43027717,0.028058544
186,0.46905407,0.042007733,0.0774781,0.054023467,0.39157596,-0.012015734
187,0.3661488,0.09058257,0.10970749,0.08157596,0.2564413,0.009006612
188,0.63809466,0.15033086,0.16096899,0.11329495,0.47712567,0.037035905
189,0.40975314,0.061242707,0.07659744,0.052429482,0.3331557,0.008813225
190,0.47134185,0.046915703,0.087647736,0.062434454,0.3836941,-0.015518751
191,0.52448285,0.06293394,0.078976095,0.055559926,0.44550675,0.007374011
192,0.54037833,0.14885482,0.1614001,0.13098305,0.37897825,0.017871767
193,0.41464597,0.054977592,0.07530065,0.053370323,0.33934534,0.001607269
194,0.4465447,0.05257381,0.090650186,0.06925486,0.3558945,-0.016681049
195,0.40105924,0.06530515,0.09059188,0.067412406,0.31046736,-0.0021072552
196,0.65753907,0.11556707,0.15500483,0.12067703,0.5025343,-0.0051099584
197,0.51015186,0.091654934,0.084616244,0.06260887,0.42553562,0.029046066
198,0.35352606,0.081581675,0.08900081,0.060623404,0.26452523,0.02095827
199,0.5082486,0.041569754,0.07996217,0.05405445,0.42828646,-0.012484696
200,0.5737963,0.045287047,0.07292985,0.047654666,0.5008664,-0.0023676194
201,0.4810473,0.056508653,0.08186752,0.056406092,0.3991798,0.00010256097
202,0.549278,0.073061936,0.096993625,0.06698481,0.4522844,0.0060771257
203,0.38129565,0.072065555,0.08336629,0.061680272,0.29792935,0.010385282
204,0.39215022,0.06042968,0.085070714,0.060935736,0.3070795,-0.0005060546
205,0.34064558,0.06790049,0.077400886,0.059124123,0.2632447,0.008776363
206,0.5050118,0.072208546,0.08768444,0.06538845,0.41732734,0.0068200976
207,0.51435685,0.057969607,0.09998216,0.07162498,0.4143747,-0.013655372
208,0.46917608,0.08046284,0.106610544,0.08130994,0.36256555,-0.00084709376
209,0.56265664,0.08092404,0.13806415,0.094849914,0.4245925,-0.013925873
210,0.3939895,0.053385787,0.099672854,0.06750309,0.29431665,-0.0141173005
211,0.38366947,0.102730714,0.14108962,0.10442781,0.24257985,-0.0016970932
212,0.45727664,0.11092877,0.10645131,0.0721831,0.35082534,0.038745664
213,0.51992905,0.06399205,0.08455696,0.053237393,0.43537208,0.01075466
214,0.36604267,0.051684186,0.09575458,0.0692631,0.2702881,-0.017578915
215,0.4860435,0.086867064,0.12223517,0.085866444,0.36380833,0.0010006204
216,0.63182104,0.04905267,0.107261635,0.073904745,0.5245594,-0.024852075
217,0.34601364,0.05601953,0.07510857,0.052819077,0.27090508,0.0032004528
218,0.4399229,0.07067029,0.09226374,0.068739094,0.34765917,0.0019311979
219,0.46189326,0.040680658,0.06250829,0.042798277,0.39938498,-0.002117619
220,0.53373194,0.088567026,0.12036607,0.08809622,0.41336587,0.00047080964
221,0.517815,0.092437156,0.1018224,0.08035308,0.4159926,0.012084074
222,0.4754275,0.07221277,0.09525319,0.065511614,0.3801743,0.0067011565
223,0.34642094,0.048465505,0.051170014,0.030479599,0.29525092,0.017985906
224,0.50398856,0.041886363,0.07239366,0.04747954,0.4315949,-0.005593177
225,0.45050588,0.0637535,0.06735032,0.049298927,0.38315555,0.014454573
226,0.46639782,0.09825524,0.11244563,0.08249122,0.3539522,0.01576402
227,0.59814495,0.12594715,0.14574334,0.10535161,0.4524016,0.020595536
228,0.73469615,0.093038954,0.11498544,0.08256879,0.6197107,0.010470167
229,0.5983423,0.06797817,0.09145012,0.066849306,0.5068922,0.0011288673
230,0.5569515,0.10588439,0.11212101,0.074839465,0.4448305,0.031044923
231,0.45511135,0.12589075,0.109032705,0.076229125,0.34607863,0.04966162
232,0.4906737,0.016023342,0.059955906,0.044970177,0.4307178,-0.028946836
233,0.68170804,0.13236736,0.13435474,0.09638906,0.54735327,0.035978295
234,0.54644084,0.10723861,0.12555294,0.091756985,0.4208879,0.0154816285
235,0.44688496,0.06952353,0.09090927,0.069161326,0.3559757,0.00036220253
236,0.519981,0.0924418,0.14263566,0.099251546,0.37734538,-0.0068097487
237,0.49219587,0.087018386,0.0991073,0.078556955,0.39308858,0.008461431
238,0.40830946,0.06534858,0.09416523,0.06596594,0.31414422,-0.00061736256
239,0.22904472,0.052031487,0.05631583,0.035740957,0.1727289,0.01629053
240,0.47263324,0.11188402,0.11038432,0.08281974,0.36224893,0.029064283
241,0.48653805,0.078152426,0.11979458,0.08427088,0.36674348,-0.006118454
242,0.5188329,0.11192217,0.13751814,0.104311645,0.38131478,0.007610522
243,0.5192617,0.057659432,0.08115151,0.056571115,0.4381102,0.0010883175
244,0.36704305,0.06407287,0.08581117,0.059647266,0.28123188,0.004425604
245,0.27743393,0.03131182,0.05711175,0.04076067,0.22032218,-0.009448849
246,0.4777794,0.11012858,0.120348416,0.09344058,0.35743096,0.016688004
247,0.45484537,0.11805713,0.1339877,0.10086819,0.32085767,0.017188944
248,0.4145199,0.048810184,0.09087999,0.06620992,0.32363993,-0.017399736
249,0.36410907,0.08358363,0.09114742,0.06666389,0.27296165,0.01691974
250,0.4633271,0.065698266,0.08916585,0.06416214,0.37416124,0.0015361235
251,0.43983364,0.05632925,0.081196,0.059635315,0.35863763,-0.0033060648
252,0.4585664,0.08483766,0.10391821,0.06978698,0.35464817,0.015050679
253,0.61390126,0.028763238,0.049086582,0.03680001,0.5648147,-0.00803677
254,0.4205008,0.113797374,0.11929991,0.094379045,0.30120087,0.019418329
255,0.4495021,0.06947849,0.102716655,0.068461396,0.34678546,0.0010170937
256,0.49817318,0.04416743,0.095203534,0.067850664,0.40296966,-0.023683235
257,0.6069786,0.06166357,0.0961234,0.07262867,0.5108552,-0.010965098
258,0.41955155,0.07091774,0.088945046,0.06517725,0.33060652,0.0057404935
259,0.46001732,0.1006043,0.09398894,0.06794887,0.36602837,0.032655433
260,0.5300935,0.0699653,0.09466935,0.07098754,0.43542415,-0.0010222346
261,0.6364833,0.07877153,0.10286624,0.06637851,0.5336171,0.01239302
262,0.4151006,0.027137643,0.05221891,0.036133025,0.3628817,-0.008995382
263,0.3464039,0.05961619,0.06036986,0.044717878,0.28603405,0.014898311
264,0.45981294,0.046925817,0.06888287,0.046979807,0.39093006,-5.3990632e-05
265,0.45662916,0.0916891,0.103411086,0.072111145,0.35321808,0.019577958
266,0.43885732,0.06544601,0.104822524,0.079241484,0.3340348,-0.013795473
267,0.57646835,0.08260274,0.124963515,0.076787695,0.45150483,0.005815044
268,0.51805013,0.11138361,0.09075217,0.06791109,0.42729795,0.04347252
269,0.48754558,0.05924973,0.09834852,0.0730684,0.38919705,-0.013818674
270,0.39484423,0.015762245,0.055549666,0.036319185,0.33929455,-0.02055694
271,0.41320872,0.06237262,0.11730556,0.076078676,0.29590315,-0.013706055
272,0.4464811,0.09235251,0.10571807,0.075660065,0.34076303,0.016692445
273,0.52700657,0.12111666,0.11864526,0.085013665,0.40836132,0.036102995
274,0.27059692,0.025642535,0.07063427,0.047259565,0.19996265,-0.02161703
275,0.5473158,0.10395963,0.15208352,0.09111261,0.39523226,0.012847014
276,0.3859275,0.055158947,0.06534703,0.046259686,0.32058048,0.00889926
277,0.4193292,0.028071094,0.062300105,0.041953426,0.35702908,-0.013882332
278,0.5377225,0.088546686,0.124587335,0.08736195,0.4131352,0.0011847392
279,0.3790855,0.08020069,0.08230867,0.058785968,0.29677683,0.02141472
280,0.49534568,0.09825642,0.10424195,0.07835749,0.39110374,0.019898929
281,0.6710231,0.0855153,0.1339158,0.09567608,0.5371073,-0.010160781
282,0.37324342,0.053205285,0.08505824,0.06174951,0.28818518,-0.008544225
283,0.4271047,0.07435795,0.117469415,0.08284592,0.30963528,-0.00848797
284,0.46625888,0.06469408,0.08176664,0.061026845,0.38449225,0.0036672316
285,0.6686873,0.07796442,0.09362174,0.07205662,0.57506555,0.0059077963
286,0.41725075,0.079649866,0.11795833,0.08534889,0.29929242,-0.0056990236
287,0.5714932,0.112388656,0.1226835,0.090983085,0.4488097,0.02140557
288,0.6073239,0.060604498,0.10430667,0.06783897,0.5030172,-0.007234469
289,0.43101707,0.042069726,0.0865532,0.061633687,0.34446388,-0.019563962
290,0.28064942,0.024637299,0.039098013,0.025493827,0.24155141,-0.00085652806
291,0.57639325,0.076346494,0.107026145,0.07305638,0.4693671,0.0032901168
292,0.40298763,0.07677005,0.08426972,0.06164875,0.3187179,0.0151213035
293,0.3025896,0.064350784,0.07909585,0.060497943,0.22349375,0.0038528405
294,0.50756246,0.081113376,0.09986741,0.069010064,0.40769506,0.012103312
295,0.42430845,0.072728895,0.10518549,0.07163725,0.31912297,0.0010916442
296,0.48997864,0.077087894,0.10172785,0.07307709,0.3882508,0.004010804
297,0.4327715,0.08045714,0.08031301,0.055928517,0.35245848,0.024528626
298,0.3918412,0.030112704,0.051654566,0.03537559,0.34018663,-0.005262887
299,0.5581371,0.046773452,0.09399894,0.061570767,0.46413818,-0.014797315
300,0.26925415,0.053520057,0.09074886,0.058059815,0.17850529,-0.004539758
301,0.48788935,0.044760145,0.09276331,0.06400698,0.39512604,-0.019246832
302,0.49438742,0.072336644,0.104894966,0.07265368,0.38949245,-0.0003170371
303,0.351053,0.06518588,0.100885265,0.068293594,0.25016773,-0.0031077117
304,0.6562483,0.11496008,0.14314893,0.102147706,0.5130993,0.012812376
305,0.4814753,0.08229513,0.09213138,0.061773323,0.38934392,0.020521805
306,0.46919784,0.05281896,0.10023104,0.06733617,0.36896682,-0.01451721
307,0.51735467,0.0884797,0.11389964,0.082277514,0.40345502,0.0062021837
308,0.49491683,0.032951757,0.057967946,0.041569483,0.4369489,-0.008617725
309,0.36338857,0.016585022,0.05634255,0.03508945,0.30704603,-0.01850443
310,0.49555013,0.07722292,0.09803683,0.06723658,0.3975133,0.009986341
311,0.43532363,0.06414403,0.08956018,0.06365741,0.34576344,0.00048661977
312,0.4369132,0.061994,0.0787328,0.058042523,0.3581804,0.0039514787
313,0.4678755,0.065852396,0.08990921,0.06560061,0.37796628,0.00025178492
314,0.33345208,0.04215805,0.06757675,0.04651966,0.26587534,-0.004361611
315,0.3661961,0.055021264,0.08014872,0.051486395,0.28604737,0.0035348684
316,0.3800292,0.10755104,0.12054582,0.08856496,0.2594834,0.018986076
317,0.49879304,0.048270173,0.06710809,0.04694335,0.43168494,0.0013268217
318,0.4080144,0.08069194,0.08456724,0.06340828,0.32344714,0.017283663
319,0.33677512,0.073682666,0.0831356,0.05622895,0.25363952,0.017453715
320,0.44487625,0.060880244,0.07063153,0.053878482,0.37424472,0.0070017613
321,0.43366113,0.037967477,0.058791235,0.04011505,0.37486988,-0.002147574
322,0.50431967,0.08393183,0.13869704,0.08364259,0.36562264,0.00028924644
323,0.4477909,0.08972694,0.11434427,0.084406525,0.33344662,0.005320415
324,0.4310657,0.09053858,0.10144704,0.079209186,0.32961866,0.011329398
325,0.6003031,0.07690385,0.12033978,0.08314373,0.47996333,-0.0062398836
326,0.3851848,0.05771198,0.08404568,0.05706731,0.30113912,0.00064467266
327,0.6397427,0.1611346,0.1782435,0.12137722,0.46149915,0.03975738
328,0.6125176,0.0674017,0.11765721,0.08179209,0.49486038,-0.014390387
329,0.46891168,0.06102953,0.06345407,0.045345515,0.40545762,0.015684016
330,0.53688526,0.08452859,0.09733059,0.081284195,0.43955466,0.0032443926
331,0.5296622,0.0939654,0.13708515,0.09134724,0.39257705,0.0026181564
332,0.48880175,0.07381897,0.105285265,0.07456714,0.3835165,-0.0007481724
333,0.39691478,0.06097697,0.09195756,0.062323432,0.3049572,-0.0013464615
334,0.36403897,0.06103376,0.07726914,0.054060046,0.28676984,0.0069737136
335,0.34813556,0.05896494,0.08566191,0.060837407,0.26247364,-0.001872465
336,0.48154458,0.06828911,0.0968781,0.069870904,0.3846665,-0.0015817955
337,0.68788433,0.07829915,0.10918235,0.07237059,0.578702,0.005928561
338,0.56836975,0.044532027,0.06933949,0.049947772,0.49903026,-0.005415745
339,0.4890938,0.096980445,0.099292934,0.07809202,0.38980088,0.018888429
340,0.34542823,0.04479139,0.0868719,0.062332135,0.25855634,-0.017540745
341,0.43163535,0.047802027,0.09413497,0.06485245,0.3375004,-0.017050419
342,0.49163273,0.06824703,0.08354374,0.061437793,0.40808898,0.0068092346
343,0.50081015,0.07435922,0.09532939,0.07364003,0.40548074,0.00071918964
344,0.39528114,0.065731406,0.09733263,0.07225055,0.2979485,-0.0065191463
345,0.53829384,0.029939543,0.0857307,0.05325694,0.45256314,-0.023317397
346,0.42682835,0.036198646,0.07747113,0.04986558,0.34935722,-0.013666935
347,0.25886405,0.035859782,0.07594738,0.048359685,0.18291667,-0.012499902
348,0.73175186,0.09314717,0.11711799,0.08768211,0.61463386,0.0054650605
349,0.53336495,0.056176767,0.08438506,0.06198197,0.44897988,-0.005805202
350,0.42002848,0.03298544,0.04978166,0.03585564,0.37024683,-0.0028701983
351,0.47937566,0.055437982,0.07451674,0.050051022,0.40485892,0.0053869598
352,0.39273626,0.062096123,0.08272242,0.059910215,0.31001383,0.0021859072
353,0.5770936,0.08258043,0.11633615,0.08940623,0.46075743,-0.0068257973
354,0.5168561,0.109364145,0.10910304,0.078356974,0.40775305,0.03100717
355,0.29946077,8.5560554e-05,0.025855847,0.017453585,0.27360493,-0.017368024
356,0.4928586,0.055712044,0.061212935,0.04434009,0.43164566,0.011371955
357,0.48419443,0.03938259,0.06651082,0.051701874,0.4176836,-0.012319282
358,0.5505883,0.073040605,0.12992465,0.0858137,0.42066365,-0.012773097
359,0.44603118,0.076089695,0.083998166,0.059232507,0.362033,0.016857188
360,0.474554,0.088565074,0.11102553,0.08198497,0.3635285,0.006580107
361,0.55004156,0.113085195,0.10791742,0.08189324,0.44212413,0.031191953
362,0.600811,0.074520215,0.13739032,0.084290855,0.4634207,-0.009770639
363,0.6506916,0.13331765,0.16115515,0.110817835,0.48953646,0.022499815
364,0.5355973,0.052463137,0.096112326,0.058683652,0.439485,-0.006220516
365,0.3541512,0.062361393,0.076949865,0.057111394,0.27720132,0.0052499995
366,0.5589377,0.10050956,0.10862747,0.07879842,0.45031026,0.02171114
367,0.44425422,0.04731929,0.091948874,0.064449854,0.35230535,-0.017130565
368,0.39712447,0.044986706,0.08183562,0.062226232,0.31528884,-0.017239526
369,0.5525944,0.13839611,0.12918097,0.10207732,0.42341346,0.036318794
370,0.5401136,0.07688673,0.09371717,0.07117814,0.44639647,0.00570859
371,0.39628193,0.06851317,0.07948502,0.059110623,0.3167969,0.009402547
372,0.33192158,0.050713688,0.057869557,0.03646511,0.27405202,0.01424858
373,0.6331928,0.07304179,0.11799539,0.086288035,0.5151974,-0.013246246
374,0.4893289,0.08026813,0.10380743,0.06906682,0.38552147,0.011201307
375,0.3847815,0.08405188,0.100267045,0.06890467,0.28451446,0.015147209
376,0.46794903,0.06425651,0.082082264,0.055462185,0.38586676,0.008794326
377,0.53115773,0.07543229,0.09655059,0.06902289,0.43460715,0.0064094067
378,0.34701076,0.0453084,0.08135557,0.05644648,0.2656552,-0.011138082
379,0.4012571,0.06367335,0.08939284,0.06383358,0.31186426,-0.00016023219
380,0.41542408,0.06761673,0.082617305,0.06116658,0.33280677,0.00645015
381,0.5116989,0.04864791,0.0547537,0.037136566,0.4569452,0.011511344
382,0.3177573,0.05444543,0.08954518,0.05676726,0.22821212,-0.0023218282
383,0.3584537,0.03883354,0.06323737,0.045963403,0.29521632,-0.007129863
384,0.43390578,0.0705219,0.084444664,0.05795597,0.3494611,0.012565929
385,0.78561944,0.12010447,0.16911961,0.121207364,0.61649984,-0.0011028945
386,0.39428574,0.04256933,0.08518189,0.06283189,0.30910385,-0.020262562
387,0.5913135,0.06374058,0.088054724,0.062465414,0.50325876,0.0012751669
388,0.5523717,0.075245105,0.12829693,0.082612544,0.42407477,-0.0073674396
389,0.46434757,0.056662846,0.07645325,0.05228633,0.38789433,0.0043765157
390,0.37584722,0.09909318,0.12258825,0.091095164,0.25325897,0.007998012
391,0.47711113,0.088586934,0.11082892,0.07933549,0.36628222,0.0092514455
392,0.48041493,0.062249523,0.111947745,0.07389419,0.36846718,-0.011644665
393,0.6003009,0.087913305,0.12205579,0.08656962,0.4782451,0.0013436824
394,0.55227363,0.07471807,0.12097007,0.07920319,0.43130356,-0.0044851154
395,0.44243088,0.07060239,0.073914096,0.048625678,0.3685168,0.02197671
396,0.4822287,0.09211828,0.10433646,0.07252713,0.37789223,0.019591145
397,0.5109065,0.07699243,0.10495686,0.07902905,0.40594965,-0.0020366237
398,0.51339453,0.087261856,0.08099952,0.059554625,0.432395,0.02770723
399,0.5421305,0.058643147,0.09783503,0.07093378,0.44429544,-0.012290634
400,0.51749533,0.06864239,0.092487596,0.071534745,0.42500773,-0.0028923526
401,0.41904527,0.11909788,0.118572585,0.087792456,0.30047268,0.031305425
402,0.45922658,0.03927137,0.050312523,0.030800547,0.40891406,0.008470822
403,0.47415125,0.06785525,0.11771863,0.07540103,0.35643262,-0.007545784
404,0.2913543,0.036680747,0.0678308,0.03891997,0.2235235,-0.0022392236
405,0.25794226,0.037372936,0.06469208,0.044538397,0.19325018,-0.007165462
406,0.5277946,0.059605017,0.079734184,0.053944185,0.44806042,0.005660832
407,0.30831087,0.027380554,0.069817655,0.04774019,0.2384932,-0.020359637
408,0.5562832,0.10922145,0.137402,0.100544155,0.41888118,0.008677296
409,0.44662857,0.060107205,0.08946409,0.060548205,0.35716447,-0.00044099987
410,0.51661015,0.112168625,0.1298798,0.088912755,0.38673034,0.02325587
411,0.47052285,0.04745654,0.07353002,0.053393364,0.39699283,-0.005936824
412,0.55654603,0.045491263,0.07560487,0.054800555,0.48094118,-0.009309292
413,0.49340138,0.078590155,0.08488659,0.057692617,0.4085148,0.020897537
414,0.40614843,0.06998175,0.09800884,0.0711824,0.3081396,-0.0012006536
415,0.3978198,0.053838465,0.06554085,0.049069643,0.33227894,0.0047688223
416,0.5289794,0.077208005,0.08775204,0.06474232,0.44122738,0.012465686
417,0.5957647,0.06830276,0.11513465,0.07703016,0.48063004,-0.0087274015
418,0.39659777,0.071994,0.09017556,0.07034351,0.3064222,0.0016504899
419,0.14956734,0.03754111,0.04425838,0.027942777,0.10530896,0.009598333
420,0.63021946,0.09217809,0.13624664,0.09564106,0.49397284,-0.0034629703
421,0.60933733,0.08851362,0.112365425,0.07662699,0.4969719,0.0118866265
422,0.44381866,0.08256802,0.10888453,0.0809288,0.33493412,0.0016392171
423,0.4319451,0.0713473,0.09536644,0.070819035,0.33657864,0.0005282685
424,0.42016697,0.061262343,0.15301232,0.09722127,0.26715463,-0.035958927
425,0.5105991,0.12678614,0.11799541,0.086583346,0.39260367,0.040202796
426,0.51308626,0.06351078,0.08113078,0.056802735,0.4319555,0.0067080483
427,0.5385633,0.05378766,0.08226191,0.058809258,0.4563014,-0.005021598
428,0.62694204,0.10673212,0.124599025,0.09076235,0.502343,0.015969776
429,0.32376087,0.08451509,0.093945034,0.070906326,0.22981584,0.013608761
430,0.39328516,0.060640194,0.09055612,0.064875506,0.30272904,-0.0042353123
431,0.49477804,0.08918312,0.115343094,0.08387133,0.37943494,0.0053117946
432,0.5555877,0.1586995,0.15845296,0.11878528,0.39713475,0.03991422
433,0.53808016,0.08416392,0.12583129,0.0940174,0.41224885,-0.009853482
434,0.31152278,0.06254131,0.08337268,0.055498913,0.2281501,0.0070424005
435,0.6520539,0.13796821,0.18729457,0.14563325,0.46475932,-0.007665038
436,0.5039377,0.08710688,0.0797989,0.057875346,0.4241388,0.029231537
437,0.50092745,0.046222392,0.07309802,0.044756718,0.42782944,0.0014656745
438,0.6225607,0.046248633,0.1225889,0.07376353,0.49997178,-0.027514894
439,0.51428235,0.060391963,0.08890379,0.06659717,0.42537856,-0.0062052086
440,0.47804642,0.032468032,0.06308831,0.037049826,0.41495812,-0.004581794
441,0.62662184,0.12082747,0.13626227,0.09749716,0.49035957,0.023330316
442,0.456881,0.06581161,0.0861255,0.061870895,0.3707555,0.0039407164
443,0.5312082,0.07568216,0.08884885,0.06674313,0.44235936,0.008939035
444,0.55580926,0.05680622,0.11647473,0.07894629,0.4393345,-0.02214007
445,0.5058419,0.06945271,0.10446184,0.07512189,0.40138006,-0.0056691766
446,0.41895533,0.08597204,0.112324566,0.08010463,0.30663076,0.005867414
447,0.5065526,0.06089042,0.083823174,0.061966218,0.4227294,-0.0010757968
448,0.66038305,0.09083695,0.11953634,0.087640665,0.5408467,0.0031962842
449,0.48643354,0.07515742,0.10126532,0.06986794,0.38516822,0.00528948
450,0.46131164,0.08498273,0.1038743,0.08186191,0.35743734,0.0031208172
451,0.5274443,0.078446895,0.10616019,0.07640063,0.4212841,0.0020462647
452,0.43610027,0.06636428,0.092601,0.07133158,0.34349927,-0.004967302
453,0.4786752,0.112979405,0.11123456,0.08092386,0.36744064,0.032055542
454,0.4948277,0.07676872,0.10111317,0.074630685,0.39371452,0.0021380335
455,0.43796274,0.07164597,0.07988471,0.059230044,0.35807803,0.012415923
456,0.543736,0.091905154,0.11306862,0.0757547,0.43066737,0.016150452
457,0.5147604,0.0806859,0.122274406,0.092347324,0.39248598,-0.011661425
458,0.5191559,0.07182492,0.10648411,0.07955131,0.4126718,-0.007726386
459,0.48437747,0.06657009,0.07558193,0.05472363,0.40879554,0.011846457
460,0.47886118,0.11646101,0.13308305,0.10476903,0.34577814,0.01169198
461,0.53867364,0.051399164,0.08939378,0.06136011,0.44927984,-0.009960946
462,0.4440875,0.03585724,0.06812534,0.045773182,0.37596217,-0.00991594
463,0.5926606,0.07548639,0.11028986,0.076697305,0.48237073,-0.0012109131
464,0.5302242,0.058428742,0.089387715,0.06579776,0.4408365,-0.007369019
465,0.25824317,0.038572226,0.0528819,0.03428046,0.20536128,0.0042917654
466,0.53594494,0.041105866,0.06249638,0.04476408,0.47344857,-0.0036582127
467,0.44212168,0.06721297,0.09937351,0.06298783,0.34274817,0.0042251423
468,0.511212,0.038231988,0.087418176,0.060232982,0.42379382,-0.022000995
469,0.6069071,0.040627036,0.09697981,0.056249574,0.50992733,-0.015622538
470,0.4622775,0.06188537,0.07705099,0.053520694,0.38522652,0.008364677
471,0.6862304,0.108411804,0.11966196,0.078355186,0.5665685,0.030056618
472,0.50731564,0.08224521,0.11302334,0.075737655,0.3942923,0.006507553
473,0.4727449,0.096882395,0.09952387,0.073784135,0.37322104,0.02309826
474,0.6613877,0.07734507,0.12176411,0.087850735,0.53962356,-0.010505661
475,0.46439987,0.074351534,0.10331948,0.070750974,0.3610804,0.0036005601
476,0.52315384,0.09339973,0.108622104,0.08729312,0.41453174,0.006106615
477,0.54485625,0.07052339,0.12547244,0.08815003,0.41938382,-0.017626643
478,0.46947634,0.090553515,0.09594124,0.06926376,0.3735351,0.021289758
479,0.3449475,0.061318357,0.088237114,0.06199442,0.25671038,-0.00067606196
480,0.5444757,0.09750835,0.12566431,0.08646413,0.41881138,0.011044219
481,0.36929852,0.08869303,0.102187015,0.07625029,0.2671115,0.012442738
482,0.4483816,0.09172443,0.14856963,0.09687495,0.29981196,-0.0051505193
483,0.45450798,0.052887168,0.0700848,0.050814785,0.38442317,0.0020723827
484,0.5502477,0.14601225,0.18939582,0.1450726,0.3608519,0.0009396523
485,0.5346483,0.09443709,0.11739168,0.07934352,0.41725662,0.015093572
486,0.45695627,0.019557396,0.06551103,0.046585206,0.39144522,-0.02702781
487,0.531964,0.07158686,0.10706953,0.076750316,0.42489448,-0.0051634535
488,0.31785867,0.06642107,0.088296525,0.05330419,0.22956213,0.0131168775
489,0.54741555,0.072409265,0.098567516,0.071336515,0.44884804,0.0010727495
490,0.5736408,0.049470544,0.087810576,0.05403462,0.48583025,-0.0045640767
491,0.41329485,0.09434203,0.09177403,0.0657547,0.3215208,0.028587334
492,0.53915775,0.110397674,0.112377405,0.078767955,0.42678034,0.03162972
493,0.43143502,0.082640916,0.112762734,0.083090074,0.3186723,-0.00044915825
494,0.3510675,0.06893317,0.07769185,0.054957595,0.27337566,0.013975572
495,0.62580043,0.13681558,0.12029001,0.08845445,0.50551045,0.04836113
496,0.3917246,0.047790315,0.06700173,0.051403914,0.32472286,-0.0036135986
497,0.518613,0.027438536,0.0676485,0.048520613,0.45096448,-0.021082077
498,0.45206055,0.06392902,0.11888385,0.07431951,0.3331767,-0.01039049
499,0.33661672,0.06965765,0.087334566,0.0636769,0.24928215,0.0059807524
500,0.67127454,0.15265033,0.13303599,0.100030385,0.5382385,0.05261994
501,0.52804184,0.078899436,0.11808759,0.08780596,0.40995425,-0.008906521
502,0.53825355,0.10287307,0.13210423,0.0933192,0.40614933,0.009553872
503,0.65426856,0.03709307,0.0632876,0.046672136,0.59098095,-0.009579066
504,0.60230434,0.14200012,0.14950553,0.10052896,0.4527988,0.04147116
505,0.47678563,0.057929073,0.0828795,0.056482412,0.39390612,0.0014466606
506,0.5716075,0.08221966,0.11286965,0.07001386,0.45873782,0.012205802
507,0.40223125,0.058160044,0.06667721,0.04742885,0.33555403,0.010731194
508,0.51039976,0.08156982,0.13308877,0.090893276,0.377311,-0.009323455
509,0.64923334,0.12763257,0.207435,0.14932539,0.44179833,-0.021692812
510,0.47001085,0.0711268,0.113781765,0.07926281,0.35622907,-0.008136012
511,0.48483858,0.11312925,0.11851826,0.09749849,0.3663203,0.01563076
512,0.27712974,0.052554164,0.089518,0.062196948,0.18761173,-0.009642784
513,0.45261648,0.09492775,0.110427245,0.080297925,0.34218925,0.014629826
514,0.45116925,0.08157614,0.094315395,0.0645323,0.35685384,0.017043836
515,0.398215,0.06468836,0.10059129,0.066917814,0.2976237,-0.0022294521
516,0.37527785,0.055798758,0.07281825,0.056012936,0.3024596,-0.00021417812
517,0.4266086,0.08182165,0.14553499,0.09780014,0.2810736,-0.015978493
518,0.47725287,0.069040254,0.09136964,0.06593178,0.38588324,0.0031084716
519,0.4016194,0.074305326,0.10389469,0.074819654,0.29772472,-0.0005143285
520,0.53594756,0.115989946,0.14552033,0.0891675,0.39042723,0.026822448
521,0.40840048,0.08962143,0.09813111,0.075822584,0.31026936,0.013798848
522,0.4624654,0.059452415,0.09428481,0.06728986,0.3681806,-0.007837445
523,0.58484274,0.082275085,0.108381554,0.07302629,0.47646117,0.009248793
524,0.35181177,0.05679833,0.08813129,0.055501178,0.26368046,0.0012971535
525,0.49595934,0.07623014,0.09745486,0.06916016,0.3985045,0.007069975
526,0.4178722,0.05432928,0.0733372,0.054026283,0.344535,0.0003029965
527,0.36691397,0.05861768,0.08407358,0.06037288,0.2828404,-0.0017552003
528,0.5104019,0.06690191,0.08628737,0.059336666,0.42411453,0.0075652413
529,0.36637667,0.081179306,0.08037115,0.05748803,0.28600553,0.023691274
530,0.4222756,0.069874234,0.09909268,0.062294655,0.32318294,0.00757958
531,0.42630267,0.065910175,0.08174587,0.05928967,0.3445568,0.006620504
532,0.35460496,0.014969909,0.05596061,0.035908815,0.29864436,-0.020938907
533,0.52296704,0.015773464,0.08243837,0.055077747,0.44052866,-0.039304283
534,0.41080377,0.09064472,0.102383606,0.07695227,0.30842015,0.013692446
535,0.3701533,0.0523027,0.071905464,0.054696087,0.29824784,-0.0023933873
536,0.36478025,0.071355246,0.092277825,0.06539711,0.27250242,0.0059581324
537,0.5160676,0.0878023,0.12975484,0.08192921,0.38631278,0.0058730915
538,0.58524406,0.17206918,0.15165506,0.12267089,0.43358898,0.049398288
539,0.43452466,0.051331554,0.083271086,0.052611776,0.35125357,-0.0012802221
540,0.43484277,0.079610094,0.09410873,0.07190199,0.34073403,0.0077081025
541,0.4402803,0.0939677,0.09988869,0.076666564,0.3403916,0.017301135
542,0.3882979,0.065097995,0.10611207,0.07654715,0.28218582,-0.011449158
543,0.11215368,0.02551241,0.0269,0.018083677,0.08525368,0.0074287336
544,0.37093115,0.038406566,0.0641865,0.048866205,0.30674464,-0.010459639
545,0.4804373,0.07020972,0.086612396,0.05949522,0.3938249,0.010714497
546,0.53449214,0.09114373,0.089992724,0.059274454,0.4444994,0.031869274
547,0.508172,0.09090149,0.1063626,0.07615805,0.40180936,0.01474344
548,0.4618597,0.091501474,0.09522846,0.079390064,0.36663124,0.0121114105
549,0.40159848,0.077444784,0.07203695,0.053150438,0.32956153,0.024294347
550,0.5131113,0.08280416,0.11301479,0.082996346,0.4000965,-0.00019218773
551,0.40695193,0.072242536,0.092946894,0.06905829,0.31400505,0.003184244
552,0.4982504,0.077435136,0.10421851,0.075805455,0.39403188,0.0016296804
553,0.5312599,0.055621494,0.09151521,0.063276544,0.43974468,-0.0076550506
554,0.3100819,0.055816796,0.101045415,0.06422526,0.20903648,-0.008408461
555,0.4453134,0.06893252,0.10344107,0.06313494,0.34187233,0.00579758
556,0.58332634,0.08762407,0.12469319,0.09204152,0.45863315,-0.0044174492
557,0.62704486,0.047726244,0.08482548,0.062131315,0.5422194,-0.014405072
558,0.66932297,0.08039902,0.12992208,0.080352895,0.5394009,4.6126544e-05
559,0.58408886,0.079531685,0.09794835,0.070336886,0.48614052,0.009194799
560,0.39647296,0.040732242,0.077823326,0.04846563,0.31864965,-0.007733386
561,0.43608847,0.08254081,0.12866673,0.09182395,0.30742174,-0.00928314
562,0.53300107,0.07420373,0.10205074,0.068062365,0.43095034,0.0061413646
563,0.49654847,0.08533197,0.12647928,0.08795678,0.3700692,-0.0026248097
564,0.4637583,0.041606028,0.055623908,0.04186381,0.40813437,-0.00025778264
565,0.554764,0.08496737,0.12761718,0.09235355,0.4271468,-0.007386185
566,0.44592315,0.09542531,0.11850946,0.08096798,0.32741368,0.01445733
567,0.57187384,0.04652699,0.07692792,0.053419307,0.4949459,-0.006892316
568,0.38767198,0.049121555,0.070346646,0.052916445,0.31732532,-0.00379489
569,0.42528176,0.06263732,0.063477345,0.040323425,0.36180443,0.022313897
570,0.5106868,0.09052202,0.1328364,0.09544937,0.3778504,-0.004927352
571,0.45066512,0.02730449,0.07289496,0.04414148,0.37777016,-0.01683699
572,0.4343422,0.06206446,0.0683991,0.04801215,0.3659431,0.014052313
573,0.6045177,0.12536304,0.14071289,0.09919777,0.4638048,0.02616527
574,0.45709008,0.07573996,0.07901035,0.060812972,0.3780797,0.014926985
575,0.37769106,0.038792446,0.063321285,0.045464057,0.31436977,-0.006671611
576,0.5598498,0.11091672,0.12552369,0.094703525,0.4343261,0.016213194
577,0.3855866,0.072126634,0.07633343,0.05650788,0.30925316,0.015618753
578,0.37292123,0.085252166,0.09137287,0.06475179,0.28154835,0.020500377
579,0.3790772,0.048626974,0.06669016,0.04781396,0.31238705,0.0008130148
580,0.6875731,0.045820877,0.07622035,0.049472842,0.61135274,-0.0036519654
581,0.28872117,0.048031863,0.08077397,0.05759186,0.2079472,-0.009559996
582,0.5269895,0.03586485,0.06292484,0.043119393,0.4640647,-0.0072545446
583,0.46010804,0.04706031,0.07957761,0.05627843,0.38053042,-0.009218119
584,0.5604478,0.061887998,0.09620009,0.06955829,0.4642477,-0.0076702945
585,0.389768,0.13065788,0.15908659,0.11874771,0.23068142,0.01191017
586,0.5456455,0.06986956,0.083431594,0.054809257,0.46221387,0.015060306
587,0.55522597,0.11314552,0.12293786,0.08950345,0.4322881,0.02364207
588,0.42201844,0.060986802,0.081225984,0.05777933,0.34079245,0.0032074712
589,0.52279997,0.09763127,0.108215034,0.0787949,0.41458493,0.018836372
590,0.4068413,0.08912331,0.077895135,0.05903923,0.32894617,0.030084077
591,0.48785013,0.076969996,0.10175454,0.07296809,0.38609558,0.004001908
592,0.40804866,0.06851691,0.08208395,0.061420903,0.32596472,0.0070960075
593,0.61422247,0.08763905,0.14047024,0.099377126,0.47375223,-0.011738077
594,0.4596862,0.09754862,0.13735855,0.09147763,0.32232764,0.0060709864
595,0.45841542,0.104936205,0.12224112,0.08958837,0.3361743,0.015347838
596,0.6984294,0.107234284,0.1798616,0.11504949,0.5185678,-0.007815205
597,0.25316888,0.061576072,0.08755081,0.061484586,0.16561806,9.148568e-05
598,0.60492086,0.11344353,0.13961588,0.09246747,0.46530497,0.02097606
599,0.5569371,0.0892468,0.11468465,0.08914865,0.44225246,9.815395e-05
600,0.43465576,0.06199918,0.07393721,0.04958112,0.36071855,0.012418058
601,0.4633743,0.07241403,0.122138865,0.08227975,0.34123543,-0.009865716
602,0.5986832,0.03950817,0.0793012,0.049998876,0.519382,-0.010490704
603,0.56776625,0.15666689,0.22120476,0.15197723,0.3465615,0.0046896636
604,0.55444854,0.079736315,0.12947585,0.0930527,0.4249727,-0.013316385
605,0.43177631,0.03491382,0.048609085,0.032597024,0.38316724,0.0023167953
606,0.50174165,0.06310195,0.092513226,0.06392028,0.4092284,-0.0008183345
607,0.5883986,0.09020511,0.11849293,0.08777095,0.46990564,0.0024341643
608,0.33844846,0.06461379,0.09098299,0.075931534,0.24746548,-0.011317745
609,0.298256,0.081079975,0.06838587,0.049096774,0.22987014,0.0319832
610,0.44084322,0.06177355,0.09523387,0.07131235,0.34560937,-0.009538803
611,0.4561065,0.055142306,0.06468937,0.04973264,0.39141715,0.0054096654
612,0.5173158,0.07337177,0.093869485,0.06614017,0.42344633,0.0072316006
613,0.27033797,0.03194924,0.040111855,0.027056344,0.23022611,0.004892897
614,0.5067433,0.07371042,0.14893162,0.096418545,0.3578117,-0.022708125
615,0.41987666,0.09200464,0.099449724,0.07291892,0.32042694,0.01908572
616,0.5283323,0.1504752,0.17264634,0.12094533,0.35568595,0.029529877
617,0.41113323,0.046188165,0.07000411,0.04979299,0.34112912,-0.0036048256
618,0.48351967,0.09959259,0.11084997,0.08270607,0.3726697,0.016886517
619,0.5140257,0.0996792,0.124783166,0.08265728,0.38924253,0.017021924
620,0.6571254,0.12901169,0.15845777,0.11578835,0.49866766,0.013223343
621,0.43048638,0.06365966,0.09845372,0.05989703,0.33203265,0.0037626289
622,0.444503,0.024239607,0.05780968,0.04022559,0.38669333,-0.015985984
623,0.41181695,0.07425942,0.081658915,0.0629064,0.33015805,0.011353023
624,0.44809833,0.076122925,0.0960515,0.06911019,0.35204685,0.0070127323
625,0.45821998,0.083364464,0.10995983,0.08810872,0.34826013,-0.004744254
626,0.3586054,0.10609712,0.08209055,0.06206541,0.27651486,0.044031706
627,0.4919159,0.056147315,0.10578592,0.07639689,0.38612998,-0.020249575
628,0.34316903,0.03835363,0.05402623,0.040835734,0.2891428,-0.002482105
629,0.639474,0.095580295,0.11918978,0.08564421,0.5202842,0.009936087
630,0.2778378,0.0542905,0.07525878,0.049526773,0.20257904,0.004763726
631,0.46620515,0.094385825,0.11908239,0.0875393,0.34712276,0.006846525
632,0.43479377,0.06384434,0.07533257,0.057689417,0.3594612,0.006154921
633,0.26493928,0.0714479,0.08708333,0.06375512,0.17785594,0.007692784
634,0.48343638,0.09302469,0.08574798,0.06483099,0.3976884,0.028193705
635,0.53794616,0.05787967,0.08878387,0.060606033,0.4491623,-0.0027263612
636,0.40413058,0.065480895,0.08126525,0.05910832,0.32286534,0.0063725747
637,0.51925695,0.04732935,0.088339135,0.060948662,0.4309178,-0.013619311
638,0.35221532,0.05125366,0.08681486,0.065666184,0.26540047,-0.014412522
639,0.59535635,0.07922715,0.1360824,0.086771004,0.45927393,-0.0075438544
640,0.52108574,0.057443514,0.118604854,0.0767462,0.4024809,-0.019302689
641,0.41075847,0.06408147,0.08397222,0.054018922,0.32678625,0.010062546
642,0.3821173,0.08825828,0.10750959,0.0838461,0.27460772,0.0044121817
643,0.31507564,0.057702333,0.069674194,0.048545543,0.24540144,0.00915679
644,0.31120792,0.051441476,0.06978986,0.043963417,0.24141806,0.0074780583
645,0.48702607,0.061414916,0.09047649,0.0636333,0.39654958,-0.0022183843
646,0.43973768,0.05401397,0.079445235,0.05524302,0.36029243,-0.0012290478
647,0.40495816,0.054037407,0.09605139,0.06212136,0.30890676,-0.008083954
648,0.4608264,0.08621081,0.12343201,0.091040984,0.3373944,-0.004830174
649,0.5239243,0.12083118,0.15811677,0.12113824,0.36580753,-0.00030706078
650,0.47570252,0.0759404,0.106309354,0.07455342,0.36939317,0.0013869777
651,0.446455,0.032872118,0.06118184,0.04361786,0.38527316,-0.010745741
652,0.45733348,0.075360246,0.09107025,0.058573257,0.3662632,0.016786989
653,0.42409348,0.056644887,0.06709341,0.041832786,0.35700008,0.014812101
654,0.3710228,0.1176411,0.09233201,0.069657214,0.2786908,0.047983885
655,0.5078378,0.09343585,0.103839286,0.072742365,0.4039985,0.020693488
656,0.33962774,0.047861636,0.06603058,0.04768119,0.27359718,0.00018044561
657,0.43993825,0.021091891,0.07368186,0.045272585,0.3662564,-0.024180694
658,0.53387445,0.06688704,0.09246032,0.06513165,0.44141412,0.001755394
659,0.4607127,0.06652607,0.06983121,0.051322415,0.39088148,0.015203655
660,0.65994054,0.088092975,0.13082893,0.086726554,0.5291116,0.0013664216
661,0.37389937,0.06717974,0.09349693,0.06813496,0.28040242,-0.00095522404
662,0.4891512,0.10111898,0.12549147,0.09226732,0.36365974,0.008851662
663,0.28542,0.042927414,0.055085745,0.038736362,0.23033425,0.004191052
664,0.49795857,0.08339563,0.08969864,0.06206052,0.40825993,0.02133511
665,0.4158873,0.08971574,0.098249204,0.07067932,0.3176381,0.01903642
666,0.44886017,0.048751965,0.09226912,0.06172335,0.35659105,-0.012971386
667,0.49310023,0.06774807,0.13323146,0.073196344,0.35986876,-0.0054482743
668,0.4613465,0.06774308,0.088616095,0.059871558,0.3727304,0.00787152
669,0.597827,0.08280474,0.12625976,0.08567845,0.47156727,-0.0028737113
670,0.4047056,0.08047262,0.0851622,0.059959427,0.31954342,0.020513192
671,0.40070093,0.07070608,0.10254369,0.06609527,0.29815724,0.0046108067
672,0.4771053,0.05604806,0.075005196,0.052830532,0.4021001,0.0032175295
673,0.4558159,0.07480612,0.115826644,0.08346043,0.33998927,-0.008654311
674,0.5278562,0.105088815,0.11381568,0.08761945,0.4140405,0.017469361
675,0.55984515,0.11030875,0.13881981,0.09551499,0.42102534,0.014793761
676,0.53196144,0.083609246,0.10304209,0.06407931,0.42891935,0.019529939
677,0.5462015,0.08194033,0.16117212,0.106230386,0.3850294,-0.024290055
678,0.43179685,0.05667567,0.07788865,0.052558556,0.35390818,0.0041171126
679,0.5277802,0.08120322,0.10993838,0.08230527,0.4178418,-0.0011020452
680,0.4423618,0.079804204,0.09784457,0.06586348,0.34451723,0.013940722
681,0.58618796,0.058212005,0.080838956,0.048700906,0.505349,0.009511098
682,0.4875,0.07832802,0.10917013,0.078514725,0.37832987,-0.0001867041
683,0.5533841,0.060268637,0.09540513,0.071644604,0.457979,-0.011375967
684,0.48969713,0.053262293,0.07504702,0.05262962,0.4146501,0.0006326735
685,0.46644253,0.09107636,0.14468616,0.09960498,0.32175636,-0.00852862
686,0.40782514,0.05373993,0.08996678,0.06418908,0.31785837,-0.010449145
687,0.5118162,0.09800311,0.16487041,0.12043731,0.3469458,-0.022434197
688,0.4916192,0.174554,0.17074351,0.12516047,0.3208757,0.049393535
689,0.17553233,0.030582193,0.04348688,0.029893242,0.13204545,0.00068895146
690,0.4991649,0.053392034,0.09632609,0.062292766,0.40283883,-0.008900732
691,0.4473253,0.08234198,0.10893308,0.07945722,0.3383922,0.002884753
692,0.43952283,0.112226054,0.09633007,0.059828117,0.34319276,0.052397937
693,0.59300965,0.12578468,0.14521466,0.10925924,0.44779497,0.01652544
694,0.45738834,0.045819957,0.06938638,0.04984759,0.38800198,-0.004027635
695,0.35532254,0.068809025,0.076738514,0.053772554,0.27858403,0.015036471
696,0.5404152,0.08467089,0.09339095,0.06456793,0.4470243,0.020102955
697,0.43553162,0.03395161,0.07753596,0.0489677,0.35799566,-0.01501609
698,0.5046432,0.07347387,0.10275522,0.07356181,0.40188798,-8.79392e-05
699,0.42327562,0.08996651,0.11788003,0.091831885,0.3053956,-0.0018653721
700,0.42153582,0.067610845,0.06913249,0.049077187,0.35240334,0.018533658
701,0.37445283,0.04151453,0.07867323,0.056551673,0.2957796,-0.015037142
702,0.40634748,0.06715151,0.08435311,0.06295638,0.32199436,0.0041951314
703,0.22079246,0.015250785,0.029210169,0.021494236,0.19158229,-0.0062434506
704,0.48462278,0.09302476,0.14016777,0.09526212,0.344455,-0.0022373572
705,0.43982324,0.039539687,0.07711207,0.053159986,0.36271116,-0.013620298
706,0.51376855,0.09451263,0.1290988,0.08669645,0.38466975,0.007816173
707,0.43178588,0.060220413,0.07826615,0.044330977,0.35351974,0.015889436
708,0.5175115,0.07386254,0.095376566,0.06996636,0.42213494,0.0038961768
709,0.648547,0.092034526,0.13167375,0.0977145,0.51687324,-0.0056799725
710,0.3487731,0.06666106,0.06782535,0.04797394,0.28094774,0.018687122
711,0.4838727,0.07753612,0.107757606,0.07726927,0.3761151,0.00026685
712,0.46343508,0.07483324,0.08925492,0.06288988,0.37418017,0.011943355
713,0.44615477,0.091942705,0.11309,0.08047956,0.33306476,0.011463143
714,0.5218465,0.084644996,0.12818263,0.08854134,0.39366382,-0.0038963407
715,0.39489225,0.06435969,0.084225684,0.05498225,0.31066656,0.009377439
716,0.38087353,0.103706904,0.09477296,0.069834985,0.28610057,0.03387192
717,0.49885482,0.05073249,0.08342266,0.05597597,0.41543216,-0.00524348
718,0.61706823,0.103773676,0.12639853,0.0984573,0.4906697,0.0053163767
719,0.61489654,0.04527596,0.05401671,0.037691504,0.5608798,0.0075844564
720,0.43080866,0.07896322,0.086090595,0.061856464,0.34471807,0.017106757
721,0.53622997,0.10834032,0.13024318,0.09403061,0.4059868,0.014309712
722,0.35640815,0.09123704,0.081778735,0.050769534,0.2746294,0.040467504
723,0.5081978,0.084090605,0.09551441,0.07654446,0.41268337,0.0075461417
724,0.5810939,0.09612322,0.11234171,0.0808474,0.4687522,0.015275821
725,0.49834126,0.05398422,0.07466057,0.055172443,0.4236807,-0.0011882223
726,0.6161729,0.06635973,0.09321696,0.059805933,0.52295595,0.006553795
727,0.5169216,0.04951889,0.096306846,0.061168667,0.42061472,-0.011649776
728,0.43427846,0.08457249,0.073700555,0.050877895,0.3605779,0.03369459
729,0.53226006,0.1608216,0.17933142,0.13340737,0.35292864,0.027414232
730,0.3486088,0.032215655,0.064013794,0.04415599,0.284595,-0.011940334
731,0.45518818,0.04930068,0.08212441,0.051017184,0.37306377,-0.001716502
732,0.43590426,0.10999806,0.11567321,0.074978806,0.32023105,0.035019256
733,0.37086248,0.04597258,0.074405186,0.04736185,0.2964573,-0.0013892725
734,0.37691543,0.052982617,0.07989339,0.057318486,0.29702204,-0.004335869
735,0.47100863,0.10602766,0.11838432,0.09300676,0.3526243,0.013020903
736,0.48245633,0.08351631,0.11992283,0.08618751,0.3625335,-0.0026712045
737,0.6346562,0.15101588,0.17732844,0.1399346,0.45732775,0.011081278
738,0.29767162,0.054215215,0.07694866,0.05745269,0.22072296,-0.0032374747
739,0.5735396,0.057656486,0.08378431,0.057658583,0.4897553,-2.0973384e-06
740,0.52116495,0.069231376,0.10162323,0.07100135,0.41954172,-0.0017699748
741,0.43174073,0.060250763,0.09395469,0.06889953,0.33778605,-0.008648764
742,0.36731836,0.07627468,0.09951253,0.072242126,0.2678058,0.0040325522
743,0.32358104,0.055471923,0.06993077,0.049063016,0.25365028,0.0064089075
744,0.5434699,0.082250595,0.12735736,0.09089364,0.41611254,-0.008643046
745,0.4699536,0.049233425,0.037569117,0.027146772,0.4323845,0.022086654
746,0.51952904,0.040998224,0.07876947,0.054045238,0.44075957,-0.013047013
747,0.48404488,0.065556385,0.08718654,0.061029963,0.39685833,0.0045264214
748,0.45705163,0.09963768,0.15278566,0.093975924,0.30426598,0.005661756
749,0.48346153,0.10078681,0.14585042,0.10081526,0.3376111,-2.8446317e-05
750,0.37262332,0.05857297,0.095902584,0.066311866,0.27672073,-0.0077388957
751,0.37117028,0.07498084,0.112021,0.07809691,0.25914928,-0.0031160712
752,0.44625676,0.055346448,0.08622918,0.05992024,0.36002758,-0.004573792
753,0.41288194,0.049028248,0.07655514,0.054930706,0.3363268,-0.005902458
754,0.56652945,0.083351925,0.11834195,0.08977866,0.4481875,-0.0064267367
755,0.40232903,0.017842546,0.0593895,0.038714457,0.34293953,-0.020871911
756,0.36511904,0.038741596,0.0770752,0.05223249,0.28804386,-0.013490893
757,0.6098665,0.10409109,0.13560498,0.08988114,0.47426152,0.014209956
758,0.45682812,0.08328022,0.09182536,0.06310791,0.36500275,0.020172313
759,0.50808793,0.09364649,0.10503918,0.07670195,0.40304875,0.016944543
760,0.43630853,0.06336974,0.06551248,0.044095483,0.37079605,0.01927426
761,0.47573206,0.069870785,0.09728989,0.071274,0.37844217,-0.0014032125
762,0.4375007,0.08119299,0.09817212,0.07949884,0.33932856,0.0016941503
763,0.519639,0.105397426,0.121571995,0.08240511,0.39806703,0.022992313
764,0.37637606,0.07977132,0.09101365,0.063036025,0.28536242,0.016735293
765,0.5381618,0.085346155,0.09394929,0.07355585,0.44421253,0.011790305
766,0.458141,0.13051155,0.13290223,0.09569583,0.32523876,0.03481572
767,0.4751706,0.06152333,0.11021468,0.07160932,0.36495593,-0.010085989
768,0.5617095,0.106301695,0.11427782,0.08557946,0.4474317,0.020722233
769,0.5855684,0.09525764,0.11668489,0.08322536,0.46888354,0.012032278
770,0.41099995,0.05804635,0.07408314,0.057888087,0.3369168,0.00015826151
771,0.38123468,0.08176933,0.08267715,0.060499392,0.29855752,0.02126994
772,0.5123365,0.07096992,0.11341421,0.082180336,0.39892226,-0.011210419
773,0.5389469,0.03500221,0.0895043,0.06367163,0.44944263,-0.028669424
774,0.5505986,0.049733263,0.0989492,0.06751458,0.45164943,-0.017781321
775,0.5609719,0.022838548,0.046808448,0.036070548,0.5141635,-0.013232
776,0.3969807,0.062337488,0.06575583,0.049116027,0.33122486,0.013221461
777,0.5747637,0.07181909,0.09821608,0.069251195,0.47654763,0.0025678948
778,0.46654108,0.062771015,0.10174043,0.07449449,0.36480066,-0.011723474
779,0.17180586,0.038865406,0.056036197,0.04120105,0.11576966,-0.0023356453
780,0.4599333,0.0699272,0.10378748,0.072242156,0.35614583,-0.002314955
781,0.56950855,0.068593256,0.09446,0.06747354,0.47504854,0.001119718
782,0.46716356,0.06562878,0.06955054,0.048761204,0.39761302,0.016867578
783,0.39957803,0.07540375,0.08213023,0.054040767,0.3174478,0.021362983
784,0.29723153,0.051726375,0.082416736,0.062290225,0.21481478,-0.01056385
785,0.4795769,0.07900351,0.10215303,0.076828204,0.37742385,0.0021753088
786,0.4430594,0.023814205,0.06206001,0.043977857,0.38099942,-0.020163652
787,0.4459423,0.0905115,0.09437952,0.06349474,0.3515628,0.027016759
788,0.58922577,0.1285709,0.1416947,0.103061154,0.44753107,0.025509745
789,0.39957762,0.06743409,0.080266945,0.05838129,0.31931067,0.009052798
790,0.4091054,0.025295937,0.030756116,0.020259716,0.37834927,0.005036222
791,0.52325016,0.065383926,0.088031776,0.057589695,0.4352184,0.007794231
792,0.558304,0.066046715,0.09565609,0.06946388,0.4626479,-0.003417164
793,0.39974216,0.08460626,0.099129125,0.07313481,0.30061305,0.01147145
794,0.43824074,0.13877709,0.15940055,0.1276654,0.27884018,0.011111692
795,0.4929724,0.045015033,0.10950348,0.08026081,0.38346893,-0.03524578
796,0.42014188,0.053649824,0.07657144,0.054837953,0.34357044,-0.0011881292
797,0.58184975,0.04616269,0.078797646,0.055653267,0.5030521,-0.009490576
798,0.52224773,0.07682366,0.112165086,0.07913237,0.41008264,-0.0023087114
799,0.49226916,0.073170304,0.104617015,0.07016921,0.38765216,0.0030010939
800,0.5482195,0.092384644,0.13159747,0.09055605,0.41662204,0.001828596
801,0.4721122,0.08544119,0.10463411,0.073915005,0.3674781,0.011526182
802,0.37780967,0.09180914,0.08998367,0.070135124,0.287826,0.021674015
803,0.47003648,0.05968172,0.0903433,0.06700387,0.37969318,-0.0073221475
804,0.42538008,0.06157013,0.080932446,0.05998013,0.34444764,0.0015899986
805,0.589107,0.12914826,0.15593067,0.1069085,0.4331763,0.02223976
806,0.38694295,0.07797392,0.061387353,0.045659706,0.3255556,0.03231421
807,0.52225673,0.06654174,0.0912118,0.060597733,0.43104494,0.005944006
808,0.4002526,0.05357188,0.07094854,0.05239494,0.32930407,0.0011769384
809,0.4692086,0.07539401,0.10298123,0.07317769,0.36622736,0.0022163242
810,0.34545103,0.14334816,0.15579358,0.124193996,0.18965745,0.019154161
811,0.41336694,0.06649593,0.08284088,0.058718726,0.33052605,0.0077772066
812,0.5567318,0.13173024,0.14276122,0.10444136,0.4139706,0.027288884
813,0.4066291,0.04789249,0.08441155,0.058537494,0.32221752,-0.010645006
814,0.5182425,0.044072676,0.0650148,0.0502314,0.45322767,-0.0061587244
815,0.24250558,0.032961253,0.0386959,0.029773647,0.20380968,0.003187606
816,0.6782701,0.046842396,0.08234153,0.05796233,0.59592855,-0.011119932
817,0.46718737,0.11480083,0.13894798,0.11040494,0.32823938,0.0043958947
818,0.4767074,0.07340598,0.1083046,0.07306163,0.3684028,0.00034435093
819,0.409674,0.06385955,0.12008947,0.07498637,0.28958452,-0.011126816
820,0.26804417,0.01710915,0.031847447,0.022774901,0.23619673,-0.005665751
821,0.3367852,0.038876887,0.069077976,0.044162747,0.26770723,-0.005285859
822,0.4335756,0.0846783,0.116101906,0.07852506,0.3174737,0.006153241
823,0.44593218,0.06263236,0.083955415,0.056775976,0.36197677,0.0058563836
824,0.344098,0.055862762,0.055672646,0.040342655,0.28842536,0.015520107
825,0.5458769,0.111740865,0.15998568,0.108689174,0.38589126,0.0030516908
826,0.46292084,0.071515605,0.10225978,0.075564854,0.36066106,-0.004049249
827,0.6643085,0.037553255,0.08673953,0.04491743,0.57756895,-0.007364176
828,0.5325878,0.08254361,0.09104655,0.065809414,0.44154128,0.016734198
829,0.45006385,0.07261766,0.1029923,0.08442331,0.34707156,-0.011805654
830,0.43010184,0.07108587,0.09412923,0.06981829,0.3359726,0.0012675822
831,0.48364228,0.06152928,0.08079581,0.058626227,0.40284646,0.0029030517
832,0.466554,0.08559708,0.1409368,0.10007128,0.3256172,-0.014474198
833,0.63248336,0.10414496,0.13827482,0.09717534,0.49420854,0.0069696233
834,0.54987234,0.0433485,0.089062236,0.06530466,0.4608101,-0.02195616
835,0.4744484,0.09911014,0.11914185,0.084147856,0.35530657,0.014962286
836,0.4424892,0.03794927,0.049382504,0.035976004,0.3931067,0.0019732676
837,0.38909647,0.081504874,0.08896528,0.063621484,0.3001312,0.01788339
838,0.49543625,0.07870239,0.10647997,0.080947325,0.38895628,-0.0022449344
839,0.45822316,0.054098573,0.07118484,0.04816674,0.38703832,0.005931832
840,0.46431327,0.011763406,0.0455175,0.027544701,0.41879576,-0.015781295
841,0.67209953,0.20187871,0.14437523,0.11237975,0.52772427,0.08949896
842,0.5138402,0.08855699,0.10337287,0.07481628,0.41046733,0.013740711
843,0.49717668,0.048484754,0.061911356,0.045788333,0.43526533,0.002696421
844,0.63301665,0.06262903,0.100671835,0.076159865,0.5323448,-0.0135308355
845,0.558784,0.08207892,0.14108223,0.09508409,0.41770178,-0.013005175
846,0.55849445,0.058866806,0.107022636,0.07203779,0.4514718,-0.013170987
847,0.63162637,0.08733858,0.13593785,0.09558195,0.4956885,-0.008243367
848,0.5205366,0.11577348,0.1532215,0.11518581,0.3673151,0.00058766454
849,0.49775395,0.14940743,0.1602602,0.121985376,0.33749375,0.027422056
850,0.5310727,0.08601322,0.09404089,0.06850606,0.43703178,0.017507158
851,0.45947897,0.076028876,0.113998994,0.08700302,0.34547997,-0.010974146
852,0.40765586,0.05998202,0.06363036,0.049344108,0.3440255,0.010637913
853,0.5424145,0.1013603,0.15528351,0.11240561,0.38713098,-0.011045314
854,0.48595682,0.08679218,0.09044235,0.07319622,0.39551446,0.013595961
855,0.32356852,0.086162865,0.08293108,0.062513985,0.24063745,0.02364888
856,0.39457688,0.11023021,0.10172554,0.071359955,0.29285133,0.038870253
857,0.49579427,0.0993819,0.11167189,0.088271305,0.38412237,0.011110596
858,0.22203895,0.036216706,0.050438456,0.034005567,0.17160049,0.0022111386
859,0.5167825,0.082001016,0.09622054,0.07211596,0.42056197,0.009885058
860,0.5930401,0.16334306,0.1443095,0.107389696,0.4487306,0.05595336
861,0.45963225,0.06608094,0.09795636,0.069172174,0.3616759,-0.003091231
862,0.48641497,0.056700386,0.11768205,0.08233107,0.36873293,-0.025630683
863,0.55183035,0.09305936,0.11311153,0.08248744,0.43871883,0.010571919
864,0.53224313,0.060895164,0.1170919,0.08965972,0.41515124,-0.028764557
865,0.5785286,0.08666465,0.1171158,0.08686103,0.4614128,-0.0001963824
866,0.4863074,0.07665761,0.105355,0.07150966,0.38095242,0.005147949
867,0.45291945,0.09539278,0.11242894,0.079747036,0.34049052,0.015645742
868,0.49424407,0.0655848,0.10608864,0.07774643,0.38815543,-0.012161627
869,0.38460463,0.061256047,0.07594243,0.04967936,0.3086622,0.011576686
870,0.5861525,0.07538221,0.08580334,0.06698279,0.50034916,0.0083994195
871,0.40366948,0.106572695,0.113916196,0.09220485,0.2897533,0.014367849
872,0.38032204,0.06874777,0.08257349,0.06438835,0.29774857,0.0043594167
873,0.5000173,0.07894949,0.07704322,0.051987518,0.42297405,0.026961971
874,0.4761363,0.0595003,0.10046847,0.07256833,0.3756678,-0.013068028
875,0.47933584,0.08964056,0.118328735,0.08111863,0.3610071,0.008521929
876,0.5058149,0.1091061,0.105255835,0.076204576,0.40055907,0.032901525
877,0.43343237,0.09358411,0.09409403,0.067864686,0.33933833,0.025719427
878,0.5902065,0.07375907,0.10906628,0.076650545,0.48114023,-0.0028914735
879,0.5074827,0.115342125,0.12437825,0.09464617,0.38310444,0.020695955
880,0.4599914,0.066684544,0.090480335,0.06118084,0.36951107,0.005503703
881,0.52068377,0.09080583,0.11547487,0.08548182,0.4052089,0.005324006
882,0.52785325,0.08217197,0.09863438,0.06984611,0.4292189,0.012325861
883,0.521431,0.06574301,0.101802625,0.074978136,0.4196284,-0.009235129
884,0.45394713,0.03073382,0.049690317,0.035728082,0.40425682,-0.004994262
885,0.16119313,0.017534936,0.02625659,0.01690679,0.13493654,0.0006281454
886,0.4142897,0.07437271,0.12176741,0.07369471,0.2925223,0.0006779954
887,0.45568275,0.08157449,0.104613885,0.07386819,0.35106885,0.0077062994
888,0.34406763,0.03751327,0.0646418,0.04354283,0.27942583,-0.0060295574
889,0.3584103,0.05781926,0.08145659,0.05674063,0.2769537,0.001078628
890,0.615472,0.12683497,0.12205832,0.09085881,0.4934137,0.035976164
891,0.46204552,0.090547174,0.12448186,0.08510068,0.33756366,0.0054464936
892,0.57281315,0.043722454,0.07011323,0.049942225,0.5026999,-0.0062197708
893,0.4137294,0.07988427,0.081282586,0.06257065,0.3324468,0.017313622
894,0.30994847,0.047646765,0.078468904,0.05666898,0.23147957,-0.0090222135
895,0.44456688,0.052817795,0.07638907,0.056439385,0.3681778,-0.0036215894
896,0.52809674,0.05754522,0.08144433,0.061892692,0.4466524,-0.0043474734
897,0.50169116,0.069229975,0.10061632,0.0679482,0.40107483,0.0012817755
898,0.42504266,0.089730196,0.10207088,0.0761934,0.32297176,0.013536796
899,0.28091195,0.025727212,0.065550834,0.044669434,0.21536112,-0.018942222
900,0.64650464,0.08427004,0.11822766,0.08426962,0.528277,4.172325e-07
901,0.39535514,0.0707809,0.10989996,0.07845544,0.28545517,-0.0076745376
902,0.55215,0.07784888,0.1165628,0.08560282,0.43558723,-0.0077539384
903,0.47359905,0.08627594,0.099444516,0.07119297,0.37415454,0.01508297
904,0.53307116,0.1441624,0.12696943,0.10196468,0.40610173,0.04219772
905,0.35427842,0.07371219,0.08038937,0.060136404,0.27388903,0.013575789
906,0.21892358,0.036404334,0.052286677,0.032480508,0.16663691,0.003923826
907,0.4278128,0.041876905,0.06356932,0.042337336,0.3642435,-0.00046043098
908,0.44522756,0.07470815,0.09338213,0.06418563,0.35184544,0.010522522
909,0.5418195,0.060813986,0.087418646,0.06251685,0.45440087,-0.0017028674
910,0.40717882,0.06453652,0.09128643,0.06727331,0.3158924,-0.002736792
911,0.3754527,0.07699953,0.09950195,0.07132108,0.27595073,0.0056784526
912,0.44564727,0.072386004,0.097899035,0.07801586,0.34774822,-0.0056298524
913,0.26287767,0.059373237,0.08449687,0.059792396,0.1783808,-0.0004191585
914,0.5193577,0.04943866,0.064681605,0.04758883,0.4546761,0.0018498302
915,0.44090214,0.041275874,0.09165595,0.060915813,0.3492462,-0.01963994
916,0.26927957,0.0508478,0.0662417,0.05080391,0.20303787,4.3887645e-05
917,0.40912962,0.09914721,0.12623578,0.09185262,0.28289384,0.007294588
918,0.41224456,0.079116374,0.13260731,0.09156126,0.27963725,-0.012444884
919,0.46581984,0.09372285,0.1145975,0.08562809,0.35122234,0.008094758
920,0.41216338,0.05529968,0.06271532,0.04583755,0.34944806,0.009462129
921,0.39626777,0.07310844,0.08849533,0.062219754,0.30777246,0.010888688
922,0.5352243,0.07117747,0.089387044,0.06284511,0.44583726,0.008332357
923,0.4614309,0.048707742,0.079059236,0.05294326,0.38237166,-0.0042355172
924,0.47381285,0.092517,0.13438565,0.09957489,0.3394272,-0.0070578903
925,0.4614105,0.058478333,0.10178685,0.065075554,0.35962364,-0.006597221
926,0.45569348,0.07985372,0.1023015,0.07181725,0.35339198,0.008036472
927,0.43000925,0.09849912,0.09935286,0.07587102,0.33065638,0.022628099
928,0.2694403,0.03961501,0.057634547,0.037070062,0.21180575,0.002544947
929,0.47056237,0.05353306,0.07184015,0.04684389,0.39872223,0.0066891685
930,0.49725664,0.06776172,0.092919484,0.06829399,0.40433717,-0.0005322695
931,0.41699335,0.06312618,0.09725949,0.068841405,0.31973386,-0.0057152286
932,0.45540097,0.15042904,0.13371304,0.10466878,0.32168794,0.04576026
933,0.5189795,0.057214312,0.07507397,0.058317818,0.44390553,-0.0011035055
934,0.4577769,0.04024511,0.07173951,0.05049872,0.3860374,-0.010253612
935,0.49760517,0.06491168,0.07036985,0.048491508,0.42723534,0.01642017
936,0.5872119,0.117467135,0.12679218,0.099334754,0.4604197,0.018132381
937,0.48239845,0.043683164,0.10299622,0.07011296,0.37940222,-0.026429795
938,0.50065917,0.103393786,0.13636321,0.09867034,0.36429596,0.0047234446
939,0.514953,0.050843574,0.10646755,0.07368138,0.40848547,-0.022837803
940,0.4314828,0.056335386,0.07093585,0.045043793,0.36054695,0.011291593
941,0.5919251,0.07811347,0.15299003,0.0963289,0.43893504,-0.018215433
942,0.40054876,0.06729519,0.07403705,0.050696082,0.3265117,0.016599111
943,0.48704776,0.09917587,0.121565334,0.09054496,0.36548242,0.008630909
944,0.39802942,0.09154618,0.098040484,0.06629114,0.29998893,0.02525504
945,0.37885886,0.08065784,0.078743994,0.05797034,0.30011487,0.022687498
946,0.45618728,0.09000868,0.1108741,0.08355294,0.3453132,0.006455742
947,0.38530096,0.04896086,0.09681408,0.07211714,0.2884869,-0.023156282
948,0.44530845,0.10552362,0.10069513,0.079332,0.3446133,0.026191622
949,0.54956365,0.109955736,0.11171735,0.07952126,0.4378463,0.030434474
950,0.49165285,0.11488399,0.08613072,0.06551602,0.4055221,0.04936797
951,0.46089572,0.08991354,0.120955445,0.08485529,0.33994028,0.0050582513
952,0.6134229,0.112471774,0.13083592,0.09318467,0.48258695,0.019287102
953,0.48969343,0.066717446,0.0842966,0.057808712,0.40539682,0.008908734
954,0.5208041,0.049881235,0.082683176,0.04951293,0.43812093,0.00036830455
955,0.38828582,0.09317126,0.10747016,0.07605254,0.28081566,0.017118722
956,0.45438603,0.048498057,0.06662259,0.04752029,0.38776344,0.0009777658
957,0.18660492,0.03452722,0.039528534,0.027603472,0.14707638,0.006923748
958,0.41651756,0.090363726,0.10109654,0.06497356,0.31542102,0.025390163
959,0.5397216,0.10582742,0.14667778,0.09811423,0.39304382,0.007713191
960,0.44843894,0.07339249,0.095838584,0.067405574,0.35260037,0.005986914
961,0.49122488,0.058635432,0.0811449,0.053989917,0.41008,0.0046455152
962,0.303706,0.050237525,0.061363745,0.04455873,0.24234225,0.0056787953
963,0.47107515,0.08938368,0.10224307,0.07280526,0.36883208,0.016578414
964,0.38584742,0.06854266,0.0671162,0.050425615,0.31873122,0.018117044
965,0.4813026,0.03599539,0.10354273,0.061428633,0.37775987,-0.025433242
966,0.66839767,0.06509317,0.12052392,0.0845798,0.54787374,-0.019486636
967,0.55623895,0.06240107,0.075942986,0.06217549,0.48029596,0.00022558123
968,0.39714688,0.09073059,0.07753012,0.05270542,0.31961676,0.038025174
969,0.5090456,0.07331111,0.094543085,0.069715716,0.4145025,0.0035953969
970,0.41739336,0.081063494,0.1084041,0.07747332,0.30898926,0.003590174
971,0.6587866,0.06473125,0.11934525,0.07957985,0.53944135,-0.014848605
972,0.41922048,0.11995243,0.101132795,0.06946179,0.3180877,0.05049064
973,0.6017301,0.057080235,0.091333866,0.06430587,0.51039624,-0.0072256364
974,0.48621017,0.11120017,0.12629728,0.08903024,0.35991287,0.022169925
975,0.4742954,0.026336122,0.06650757,0.043419603,0.40778783,-0.017083481
976,0.55586946,0.08126294,0.12616804,0.093307965,0.42970142,-0.012045026
977,0.3940709,0.071974576,0.085526735,0.06033607,0.30854416,0.011638507
978,0.3812993,0.064956196,0.09639553,0.07418988,0.28490376,-0.009233683
979,0.43487588,0.066205435,0.10482619,0.078567564,0.3300497,-0.01236213
980,0.5103182,0.058591224,0.1076544,0.06953518,0.40266383,-0.010943957
981,0.20033203,0.013906198,0.020150816,0.015054006,0.18018122,-0.0011478085
982,0.48080692,0.06557112,0.096889466,0.05152951,0.38391745,0.01404161
983,0.45799014,0.04115077,0.07531373,0.049717158,0.38267642,-0.008566387
984,0.58335966,0.113908395,0.09432776,0.06728979,0.4890319,0.046618603
985,0.54120183,0.08623706,0.11020354,0.08230283,0.4309983,0.003934227
986,0.50258803,0.102347076,0.12573694,0.096006386,0.37685108,0.00634069
987,0.4226648,0.07563959,0.095980704,0.06503114,0.3266841,0.01060845
988,0.4230953,0.07851339,0.085655004,0.057166386,0.33744028,0.021347005
989,0.64795524,0.11919799,0.1455891,0.10592043,0.5023661,0.0132775605
990,0.41544282,0.069116496,0.08454258,0.06507881,0.33090025,0.0040376857
991,0.5400239,0.0797551,0.08894543,0.067794345,0.45107847,0.011960752
992,0.5381706,0.088707656,0.13428463,0.09480104,0.40388596,-0.006093383
993,0.5208986,0.053481508,0.093645334,0.06625606,0.42725325,-0.012774553
994,0.5011849,0.089016974,0.10056704,0.07131091,0.40061784,0.017706066
995,0.46770006,0.041115135,0.090946525,0.06651809,0.37675354,-0.025402956
996,0.41986313,0.051779114,0.083112344,0.058213316,0.3367508,-0.006434202
997,0.33567527,0.069895014,0.0673218,0.051813904,0.26835346,0.01808111
998,0.52036846,0.12079114,0.1495741,0.096190065,0.37079436,0.024601072
999,0.31652272,0.056241967,0.04991383,0.03720102,0.2666089,0.019040946
1000,0.5238152,0.12141335,0.150148,0.10875475,0.3736672,0.0126586035
1001,0.40863207,0.08038758,0.11573403,0.075104445,0.29289803,0.005283132
1002,0.34633482,0.07225768,0.0822995,0.059218965,0.2640353,0.013038717
1003,0.47871885,0.05946734,0.09098386,0.061642814,0.38773498,-0.0021754727
1004,0.4377804,0.073205136,0.14062001,0.09407329,0.2971604,-0.020868152
1005,0.44242898,0.07055739,0.083872795,0.05521235,0.35855618,0.015345044
1006,0.5486628,0.10146465,0.11927045,0.08593509,0.42939234,0.015529558
1007,0.3427016,0.079838604,0.11585347,0.078247316,0.22684814,0.0015912876
1008,0.5257596,0.02905359,0.061902687,0.040034145,0.46385688,-0.010980556
1009,0.56115466,0.08172661,0.105199546,0.07980489,0.45595512,0.0019217208
1010,0.43427595,0.0997503,0.109913185,0.08104659,0.32436275,0.018703714
1011,0.4320237,0.07409895,0.09233089,0.06938441,0.33969283,0.004714541
1012,0.50032395,0.08729792,0.1419727,0.08455757,0.35835123,0.002740346
1013,0.5965635,0.10867984,0.102124184,0.07862957,0.49443933,0.03005027
1014,0.40505654,0.060449425,0.083687305,0.058152825,0.32136923,0.0022966005
1015,0.5078164,0.082867265,0.11718699,0.07943992,0.39062938,0.0034273416
1016,0.5138442,0.03863356,0.08978381,0.06442071,0.42406037,-0.025787149
1017,0.50355494,0.076575324,0.13056202,0.085339345,0.37299293,-0.008764021
1018,0.46813473,0.053112593,0.06302553,0.043163847,0.4051092,0.009948745
1019,0.38984105,0.0693769,0.10633513,0.069826216,0.28350592,-0.0004493147
1020,0.5387628,0.06650976,0.11579444,0.070658416,0.42296836,-0.0041486546
1021,0.5568436,0.06659427,0.09454283,0.061928965,0.46230075,0.0046653077
1022,0.36098278,0.06959222,0.084022865,0.064047575,0.2769599,0.0055446476
1023,0.352721,0.076458745,0.11531267,0.08678599,0.23740834,-0.010327242
1024,0.4875459,0.057982042,0.10352828,0.07543643,0.38401762,-0.017454386
1025,0.5441031,0.08343413,0.13080214,0.095701486,0.41330093,-0.012267359
1026,0.48120886,0.093548015,0.12238927,0.095082134,0.3588196,-0.0015341192
1027,0.3890593,0.057634678,0.059866,0.0424329,0.3291933,0.015201777
1028,0.48183054,0.047491916,0.07167545,0.051892012,0.4101551,-0.004400097
1029,0.3305352,0.06261052,0.06460784,0.04582872,0.26592737,0.016781803
1030,0.49356833,0.10260394,0.13175455,0.09428243,0.36181378,0.008321509
1031,0.6438656,0.08221795,0.12315058,0.08845322,0.520715,-0.0062352717
1032,0.56707084,0.057027396,0.07382585,0.04791667,0.493245,0.009110726
1033,0.48338252,0.08385732,0.10085948,0.071648195,0.38252306,0.012209125
1034,0.45008063,0.07613986,0.10756441,0.08366139,0.3425162,-0.0075215325
1035,0.5403707,0.05979358,0.07001721,0.05266293,0.47035348,0.007130649
1036,0.45362243,0.049080722,0.08549942,0.053865496,0.368123,-0.004784774
1037,0.37316868,0.037004717,0.08490538,0.054466996,0.2882633,-0.01746228
1038,0.55077684,0.07829908,0.0998153,0.07265757,0.45096153,0.0056415126
1039,0.43797597,0.04937201,0.080154255,0.055208866,0.3578217,-0.0058368556
1040,0.35324737,0.07872171,0.10803145,0.08049135,0.24521592,-0.0017696396
1041,0.5033535,0.0982807,0.134316,0.09292028,0.36903748,0.005360417
1042,0.41305766,0.07235188,0.11707821,0.08228497,0.29597944,-0.009933092
1043,0.25938576,0.023719886,0.048436422,0.031241862,0.21094935,-0.007521976
1044,0.4431668,0.06247878,0.08117339,0.053736042,0.3619934,0.0087427385
1045,0.5758299,0.088506065,0.13904141,0.09419901,0.4367885,-0.005692944
1046,0.33622462,0.06675862,0.072948225,0.053261023,0.2632764,0.013497595
1047,0.2620111,0.04097041,0.06589521,0.047540694,0.19611591,-0.0065702833
1048,0.52528816,0.047881868,0.0594442,0.041465413,0.46584398,0.006416455
1049,0.385007,0.05731537,0.09563939,0.063974306,0.28936762,-0.006658938
1050,0.37052643,0.04404555,0.059209738,0.045192014,0.3113167,-0.0011464655
1051,0.3452197,0.05074617,0.07040431,0.052064553,0.27481538,-0.001318384
1052,0.5483922,0.10336772,0.13470761,0.1024155,0.41368455,0.00095222145
1053,0.5248352,0.06973985,0.07968713,0.055842053,0.4451481,0.013897795
1054,0.463879,0.040215887,0.07700778,0.047044646,0.38687122,-0.006828759
1055,0.28750896,0.02470202,0.039566424,0.02688538,0.24794254,-0.002183359
1056,0.5320106,0.10102559,0.1359724,0.09129491,0.39603823,0.009730682
1057,0.43375507,0.07155678,0.09004868,0.066155314,0.3437064,0.0054014623
1058,0.4431639,0.058387354,0.08456093,0.05684497,0.35860297,0.0015423857
1059,0.40071025,0.09196985,0.09906524,0.07005972,0.301645,0.021910131
1060,0.24535006,0.033497635,0.059335485,0.04028351,0.18601458,-0.0067858733
1061,0.5818342,0.090829045,0.1586942,0.11362897,0.42314,-0.022799924
1062,0.4869332,0.10425483,0.13345203,0.09929047,0.35348117,0.004964359
1063,0.40906134,0.034843896,0.064898126,0.046269797,0.3441632,-0.011425901
1064,0.5150403,0.024455493,0.052013244,0.033011053,0.46302703,-0.008555559
1065,0.5023618,0.09213422,0.08571288,0.06030325,0.4166489,0.031830974
1066,0.6023653,0.0750481,0.08870047,0.06229791,0.51366484,0.012750186
1067,0.4046456,0.07876762,0.0887735,0.0705847,0.3158721,0.0081829205
1068,0.36146244,0.047634803,0.079571135,0.056477413,0.28189132,-0.00884261
1069,0.46414688,0.09340218,0.096188776,0.07138356,0.3679581,0.022018619
1070,0.482201,0.096499614,0.10578355,0.06812066,0.37641746,0.028378956
1071,0.4849316,0.09226123,0.10850813,0.07904063,0.37642345,0.013220601
1072,0.5204457,0.073638946,0.10641092,0.07761894,0.41403478,-0.003979996
1073,0.30204165,0.020973673,0.038924634,0.02379626,0.26311702,-0.0028225873
1074,0.49364984,0.06974377,0.10795746,0.080579616,0.3856924,-0.010835849
1075,0.6821065,0.0802675,0.07287993,0.059931826,0.6092266,0.02033567
1076,0.36331502,0.07827919,0.09073347,0.068241775,0.27258155,0.010037415
1077,0.47505248,0.06394284,0.09149316,0.06434521,0.38355932,-0.0004023686
1078,0.49145055,0.06662283,0.09842017,0.07397766,0.39303038,-0.0073548257
1079,0.4340607,0.026838087,0.059005804,0.041499022,0.3750549,-0.014660936
1080,0.43618682,0.048307553,0.0708476,0.051716037,0.36533922,-0.0034084842
1081,0.4008028,0.074388444,0.09335086,0.06716682,0.30745193,0.0072216243
1082,0.5396705,0.079180956,0.1280482,0.09621102,0.41162235,-0.017030068
1083,0.5320271,0.08984779,0.11746745,0.070373654,0.41455966,0.019474134
1084,0.44787538,0.07071586,0.101720944,0.07770873,0.34615445,-0.006992869
1085,0.5052458,-0.0015817971,0.02977196,0.017994529,0.47547385,-0.019576326
1086,0.4677247,0.061931808,0.08265166,0.055878095,0.38507307,0.006053712
1087,0.6768113,0.111800425,0.1440082,0.10438065,0.53280306,0.0074197724
1088,0.59350413,0.06832919,0.11094375,0.081718944,0.4825604,-0.013389751
1089,0.41797674,0.0828215,0.115075886,0.08615362,0.30290085,-0.0033321157
1090,0.45868665,0.11494902,0.13379237,0.09794274,0.32489428,0.017006278
1091,0.67815185,0.100407675,0.14048356,0.09169414,0.5376683,0.008713536
1092,0.5166767,0.048250467,0.07593834,0.057384383,0.44073838,-0.009133916
1093,0.51492614,0.07287749,0.087257825,0.064304784,0.4276683,0.008572705
1094,0.3213384,0.04662336,0.06350297,0.048236832,0.25783542,-0.0016134717
1095,0.5808326,0.09554962,0.1106612,0.082231484,0.4701714,0.013318136
1096,0.3974888,0.029156668,0.063682735,0.04592953,0.33380607,-0.01677286
1097,0.16657019,0.047443528,0.059182495,0.034944963,0.10738769,0.012498565
1098,0.5732206,0.061798826,0.09037584,0.06417797,0.48284477,-0.0023791417
1099,0.43004802,0.06384637,0.08788016,0.059904017,0.34216785,0.0039423555
1100,0.4228545,0.060371336,0.071450636,0.05373265,0.3514039,0.006638687
1101,0.5502779,0.11699227,0.11417714,0.08228352,0.43610075,0.034708753
1102,0.48908654,0.092872165,0.105293885,0.08258586,0.38379264,0.010286309
1103,0.4449989,0.061914794,0.08207089,0.06331535,0.362928,-0.0014005527
1104,0.5276204,0.06776507,0.081466,0.055940446,0.4461544,0.0118246265
1105,0.61916965,0.08978739,0.12876369,0.09123332,0.49040598,-0.0014459342
1106,0.6065568,0.08033732,0.11347686,0.08461585,0.4930799,-0.0042785257
1107,0.32773644,0.07878402,0.10424458,0.070118435,0.22349185,0.008665584
1108,0.4858704,0.04759634,0.091933526,0.06323593,0.39393687,-0.015639592
1109,0.67958385,0.0705929,0.11680789,0.0861291,0.56277597,-0.0155361965
1110,0.5707267,0.09515921,0.13660386,0.094714835,0.43412283,0.00044437498
1111,0.39877233,0.048548833,0.075832285,0.05850171,0.32294005,-0.009952877
1112,0.49280128,0.07109237,0.09393954,0.069323234,0.39886174,0.0017691329
1113,0.5880498,0.098815426,0.12694974,0.087219626,0.4611001,0.0115958005
1114,0.6084546,0.119499475,0.1309343,0.102015555,0.4775203,0.01748392
1115,0.5662856,0.04546434,0.071935765,0.05492563,0.49434984,-0.009461291
1116,0.50347656,0.08649425,0.09653255,0.069790155,0.406944,0.016704097
1117,0.27367127,0.110933386,0.09755788,0.057553057,0.1761134,0.05338033
1118,0.5462621,0.074110284,0.10889585,0.0738565,0.43736625,0.00025378168
1119,0.38022354,0.061863467,0.08191571,0.056635343,0.29830784,0.0052281246
1120,0.57533526,0.1160067,0.13183519,0.08879734,0.44350007,0.027209364
1121,0.3867351,0.08696825,0.09916755,0.07399766,0.28756756,0.012970589
1122,0.468965,0.06683612,0.10548585,0.07039478,0.36347914,-0.003558658
1123,0.36017573,0.067663915,0.084833965,0.06377003,0.27534175,0.003893882
1124,0.48689702,0.046674244,0.10589568,0.06304422,0.38100135,-0.016369976
1125,0.5018165,0.066131465,0.09114721,0.06272189,0.4106693,0.003409572
1126,0.4069855,0.067865975,0.0895944,0.057291105,0.3173911,0.01057487
1127,0.5319805,0.10248621,0.10258767,0.07707779,0.42939284,0.025408417
1128,0.38585603,0.058605958,0.0774832,0.05421429,0.30837283,0.0043916665
1129,0.5156849,0.12456709,0.14894561,0.1102892,0.36673927,0.01427789
1130,0.33272716,0.08373212,0.09721324,0.07458645,0.23551393,0.00914567
1131,0.45414984,0.095477864,0.10479793,0.06796813,0.3493519,0.027509734
1132,0.44027746,0.06677413,0.09062684,0.061646312,0.34965062,0.0051278174
1133,0.37501416,0.0631352,0.083837725,0.05971609,0.29117644,0.0034191087
1134,0.44702747,0.07076349,0.07744589,0.05508667,0.36958158,0.015676823
1135,0.6107583,0.11460542,0.11332093,0.08445676,0.49743736,0.030148663
1136,0.5493172,0.0731258,0.090382315,0.06952718,0.45893487,0.003598623
1137,0.57922715,0.09139602,0.09165975,0.068881206,0.4875674,0.022514813
1138,0.48528567,0.088409275,0.0908496,0.067915104,0.39443606,0.02049417
1139,0.42527822,0.05730507,0.07060769,0.04849262,0.35467052,0.00881245
1140,0.45130447,0.053919464,0.068647124,0.050898463,0.38265735,0.0030210018
1141,0.4076809,0.05647099,0.07812918,0.059512585,0.32955173,-0.0030415952
1142,0.38428923,0.074265584,0.07085233,0.050891396,0.3134369,0.023374189
1143,0.53251505,0.057500772,0.078661054,0.054194406,0.453854,0.0033063665
1144,0.5212512,0.042888235,0.07376318,0.047193132,0.447488,-0.004304897
1145,0.6150934,0.07364887,0.12183289,0.090442635,0.4932605,-0.016793765
1146,0.371461,0.074645236,0.09512231,0.07091818,0.2763387,0.003727056
1147,0.47625357,0.09677028,0.1075273,0.082923405,0.36872625,0.013846874
1148,0.58611214,0.08912306,0.09231101,0.06899729,0.49380112,0.02012577
1149,0.51687,0.06002945,0.059970174,0.041465923,0.45689985,0.018563528
1150,0.53434676,0.078600705,0.11084655,0.06446907,0.4235002,0.014131635
1151,0.53716177,0.048088122,0.10179366,0.06698415,0.43536812,-0.018896025
1152,0.5975971,0.107615225,0.12639815,0.09670738,0.47119898,0.010907844
1153,0.49482137,0.10288345,0.1191698,0.08534292,0.37565157,0.01754053
1154,0.33284172,0.08139507,0.09343961,0.06974418,0.23940212,0.01165089
1155,0.48603088,0.059938885,0.087148905,0.06379155,0.39888197,-0.0038526654
1156,0.47558394,0.054065164,0.09908249,0.06489518,0.37650144,-0.010830019
1157,0.523302,0.066363,0.09735418,0.07435941,0.42594784,-0.00799641
1158,0.5253148,0.101379104,0.13717313,0.09457149,0.3881417,0.0068076104
1159,0.6635449,0.11964318,0.14822195,0.10789349,0.5153229,0.011749692
1160,0.42299488,0.025758276,0.064194635,0.04859744,0.35880023,-0.022839164
1161,0.5836063,0.12244318,0.123985656,0.09057038,0.45962065,0.031872794
1162,0.56160843,0.05966899,0.08615718,0.06610488,0.47545126,-0.0064358898
1163,0.48331258,0.07020036,0.1262648,0.07834829,0.3570478,-0.008147925
1164,0.58581024,0.11885019,0.16114958,0.122446746,0.42466068,-0.0035965592
1165,0.60010713,0.080736525,0.119903535,0.08517876,0.4802036,-0.0044422373
1166,0.48752064,0.061300244,0.081359215,0.05895701,0.40616143,0.0023432337
1167,0.3801426,0.07674658,0.07153634,0.052412234,0.30860627,0.024334349
1168,0.63952637,0.09972473,0.15201811,0.099215105,0.48750824,0.00050962716
1169,0.48585084,0.10867118,0.12586477,0.09382016,0.35998607,0.014851019
1170,0.5757004,0.058052916,0.116750486,0.08721971,0.45894992,-0.029166792
1171,0.49162206,0.0678367,0.074475996,0.05469281,0.41714606,0.013143893
1172,0.53272384,0.07076271,0.08731341,0.064270064,0.44541043,0.0064926445
1173,0.4912482,0.06367761,0.11642548,0.08535281,0.3748227,-0.0216752
1174,0.3204126,0.06973657,0.077383734,0.053270712,0.24302888,0.016465858
1175,0.39277232,0.042261213,0.08353985,0.05749786,0.30923247,-0.015236646
1176,0.50304675,0.09014001,0.09674725,0.07158757,0.4062995,0.018552437
1177,0.45524165,0.073838405,0.0837461,0.057975944,0.37149554,0.015862461
1178,0.51038724,0.11367356,0.110249355,0.08754788,0.4001379,0.026125677
1179,0.49100658,0.04760791,0.06076208,0.048200715,0.4302445,-0.00059280545
1180,0.3622179,0.049315877,0.05570466,0.04089167,0.30651325,0.008424208
1181,0.60339797,0.080499634,0.12335495,0.09129646,0.48004302,-0.010796823
1182,0.514293,0.091922574,0.11720678,0.09113286,0.39708623,0.00078971684
1183,0.3722892,0.037657637,0.08631308,0.060145594,0.28597614,-0.022487957
1184,0.29861993,0.044538345,0.05342425,0.035554275,0.24519567,0.00898407
1185,0.38773555,0.03123927,0.062636256,0.042926162,0.3250993,-0.011686893
1186,0.48514706,0.066780254,0.08821091,0.06621614,0.39693615,0.00056411326
1187,0.5365136,0.117679,0.11330772,0.07734187,0.4232059,0.04033713
1188,0.4766523,0.06387795,0.08082414,0.05746859,0.39582816,0.0064093582
1189,0.45032638,0.07049467,0.09787427,0.058628477,0.3524521,0.01186619
1190,0.5820549,0.07841121,0.089221284,0.06741033,0.4928336,0.011000879
1191,0.4778447,0.10834424,0.102377355,0.0740411,0.37546733,0.034303144
1192,0.51423156,0.11712493,0.12697104,0.09476429,0.38726053,0.022360638
1193,0.41205412,0.06328488,0.088152245,0.062337354,0.3239019,0.0009475276
1194,0.73690975,0.107098185,0.1574177,0.11474599,0.57949203,-0.007647805
1195,0.4995147,0.09621888,0.12388574,0.092589594,0.37562895,0.0036292821
1196,0.47336772,0.07855835,0.09713819,0.06647931,0.37622952,0.012079038
1197,0.28164822,0.051613566,0.08157308,0.05024718,0.20007515,0.0013663843
1198,0.5256263,0.034801222,0.0599258,0.03836928,0.4657005,-0.003568057
1199,0.8138812,0.12167379,0.17980291,0.1277591,0.6340783,-0.0060853064
1200,0.5940461,0.14138067,0.122200154,0.093310535,0.47184595,0.048070133
1201,0.39869958,0.07221041,0.09146914,0.07005019,0.30723044,0.0021602213
1202,0.54824406,0.04466629,0.051005512,0.034791883,0.49723855,0.009874407
1203,0.73271996,0.093454465,0.1336072,0.0980899,0.59911275,-0.0046354383
1204,0.5647572,0.031795993,0.052901883,0.031650532,0.51185536,0.00014546141
1205,0.39552805,0.025103616,0.047603562,0.028802304,0.34792447,-0.003698688
1206,0.5778565,0.093181044,0.13619505,0.0957233,0.44166142,-0.0025422573
1207,0.7440875,0.020952526,0.057885125,0.036966722,0.6862024,-0.016014196
1208,0.55432254,0.097117364,0.10568091,0.07350871,0.44864163,0.023608655
1209,0.5102611,0.08235431,0.10256635,0.06898775,0.40769476,0.013366558
1210,0.5369556,0.055128522,0.0742624,0.05601366,0.46269318,-0.0008851364
1211,0.50822914,0.07955996,0.12011018,0.08205471,0.38811895,-0.0024947524
1212,0.43414703,0.07175686,0.090003185,0.066345245,0.34414384,0.0054116175
1213,0.33323607,0.05171163,0.0850775,0.050604682,0.24815857,0.0011069477
1214,0.6639267,0.09503876,0.11601039,0.07606849,0.54791635,0.018970266
1215,0.4978683,0.07796689,0.08661103,0.058212515,0.41125727,0.019754376
1216,0.4725325,0.10114898,0.1386875,0.10740852,0.33384502,-0.0062595457
1217,0.4706447,0.054216605,0.07727303,0.055980727,0.39337167,-0.0017641224
1218,0.61912876,0.10935749,0.11789878,0.09118217,0.50123,0.018175319
1219,0.43140957,0.09466024,0.104366645,0.07663162,0.32704294,0.018028617
1220,0.41523254,0.096808955,0.099637814,0.070730194,0.31559473,0.02607876
1221,0.57181436,0.13802984,0.14968948,0.106486045,0.42212486,0.0315438
1222,0.45797944,0.06887006,0.15039283,0.099442996,0.3075866,-0.030572936
1223,0.49252728,0.057592187,0.09547295,0.07280443,0.3970543,-0.015212242
1224,0.45082998,0.05496824,0.06880661,0.05121378,0.38202336,0.003754463
1225,0.5197292,0.060425323,0.078814924,0.05726497,0.44091427,0.0031603537
1226,0.5374478,0.07264667,0.081607714,0.06152164,0.4558401,0.011125032
1227,0.49954864,0.10839568,0.08873281,0.065894224,0.41081583,0.042501457
1228,0.531065,0.10778128,0.15321092,0.11233473,0.37785405,-0.0045534447
1229,0.5123276,0.12888272,0.13241981,0.096684866,0.3799078,0.032197855
1230,0.47746894,0.060342684,0.06800966,0.04126584,0.4094593,0.019076843
1231,0.50974953,0.08637586,0.11562091,0.080333926,0.39412862,0.0060419366
1232,0.61926705,0.06615289,0.09496087,0.07044287,0.5243062,-0.0042899773
1233,0.5248455,0.13803475,0.13039559,0.09686517,0.3944499,0.041169576
1234,0.6648113,0.12934802,0.13130926,0.09701555,0.53350204,0.032332473
1235,0.5146083,0.0701627,0.08463932,0.059413854,0.429969,0.010748845
1236,0.36426044,0.08000782,0.060173325,0.045901608,0.3040871,0.034106214
1237,0.68246096,0.11456436,0.17553236,0.11523532,0.5069286,-0.00067096204
1238,0.55272824,0.08439388,0.10880161,0.08780928,0.44392663,-0.0034153983
1239,0.60387343,0.08507039,0.13320754,0.08158997,0.47066587,0.0034804195
1240,0.4482276,0.06175408,0.09059889,0.06646198,0.35762873,-0.004707899
1241,0.5228209,0.09218748,0.11081307,0.07797799,0.4120078,0.014209487
1242,0.605254,0.083600834,0.119225174,0.08391376,0.48602882,-0.00031292439
1243,0.5993202,0.077811934,0.079496294,0.059843108,0.5198239,0.017968826
1244,0.4943223,0.0683331,0.09298692,0.06528613,0.4013354,0.003046967
1245,0.34751466,0.053663056,0.06395837,0.04900323,0.28355628,0.004659828
1246,0.6209104,0.09642538,0.13215889,0.08939423,0.48875153,0.00703115
1247,0.45703217,0.08561911,0.09797058,0.07162237,0.3590616,0.013996735
1248,0.38958067,0.06200916,0.0832046,0.05532941,0.30637607,0.006679751
1249,0.51562524,0.06062158,0.07957492,0.057576627,0.43605033,0.0030449517
1250,0.3503165,0.030791344,0.04445602,0.033746876,0.30586046,-0.0029555317
1251,0.473512,0.06748583,0.0743434,0.05089766,0.3991686,0.01658817
1252,0.20131339,0.047918625,0.05184415,0.036368392,0.14946924,0.011550233
1253,0.5792544,0.12356618,0.1265276,0.08970811,0.45272678,0.03385807
1254,0.52016526,0.09261368,0.1369604,0.09276009,0.38320488,-0.00014641136
1255,0.4554983,0.13249826,0.12402491,0.08348794,0.3314734,0.04901032
1256,0.51867604,0.07036366,0.105913736,0.07159777,0.4127623,-0.0012341067
1257,0.5642842,0.07812159,0.08511782,0.0648665,0.4791664,0.0132550895
1258,0.5187902,0.09643971,0.112778366,0.08382018,0.40601182,0.012619533
1259,0.45571846,0.073872186,0.0992884,0.063786246,0.35643005,0.01008594
1260,0.4031873,0.06700992,0.067923725,0.05285163,0.33526358,0.01415829
1261,0.4553844,0.0939892,0.11933913,0.09507444,0.33604527,-0.0010852367
1262,0.5329913,0.10056034,0.12604284,0.08102702,0.40694845,0.019533314
1263,0.58549404,0.0910258,0.1265241,0.09562706,0.45896995,-0.0046012625
1264,0.5870144,0.078938596,0.121583425,0.08121629,0.46543095,-0.0022776946
1265,0.27014986,0.044218056,0.0667006,0.044150926,0.20344925,6.712973e-05
1266,0.5672066,0.1038568,0.14425534,0.09796293,0.42295128,0.005893871
1267,0.42257437,0.06203649,0.080456525,0.061716016,0.34211785,0.00032047182
1268,0.38494852,0.06836564,0.1076952,0.076394826,0.27725333,-0.008029185
1269,0.4419928,0.052748065,0.085742466,0.06514123,0.35625032,-0.012393165
1270,0.5969363,0.057031054,0.10005688,0.06794958,0.4968794,-0.010918524
1271,0.44769174,0.06156699,0.090196915,0.06183474,0.35749483,-0.00026775151
1272,0.4075552,0.07208949,0.07635761,0.0573985,0.3311976,0.0146909915
1273,0.5024516,0.052607916,0.090889655,0.07277636,0.41156194,-0.020168446
1274,0.49564627,0.08643156,0.13186859,0.08638185,0.3637777,4.9710274e-05
1275,0.40924975,0.058151387,0.09761905,0.07329372,0.3116307,-0.0151423365
1276,0.24851385,0.0875504,0.08430598,0.060437735,0.16420788,0.027112667
1277,0.5826087,0.0635358,0.103315175,0.074973546,0.47929353,-0.011437744
1278,0.5096057,0.09490014,0.10711251,0.07312958,0.40249318,0.02177056
1279,0.5405964,0.07939546,0.07312208,0.05159766,0.46747434,0.0277978
1280,0.4853009,0.06997171,0.06246684,0.04600021,0.42283407,0.023971502
1281,0.39521432,0.08105277,0.099864244,0.07477794,0.29535007,0.0062748343
1282,0.7338126,0.17942443,0.24063726,0.1811623,0.49317533,-0.0017378628
1283,0.6463746,0.0890728,0.12570548,0.08802891,0.5206691,0.0010438934
1284,0.42949876,0.059847847,0.10736331,0.0692118,0.32213545,-0.009363957
1285,0.56194234,0.09030408,0.10335348,0.07754332,0.45858887,0.012760758
1286,0.4070128,0.06583378,0.07839139,0.05352157,0.3286214,0.012312207
1287,0.39223763,0.047208577,0.07014125,0.051303994,0.32209638,-0.0040954165
1288,0.42603442,0.060660396,0.09755454,0.06287351,0.3284799,-0.0022131167
1289,0.61265147,0.107786275,0.14970176,0.10972938,0.4629497,-0.001943104
1290,0.46584663,0.05643551,0.084660746,0.054446846,0.3811859,0.0019886643
1291,0.4950685,0.059760746,0.08789072,0.063766964,0.40717778,-0.004006218
1292,0.41547433,0.1027847,0.09291614,0.061219763,0.3225582,0.041564938
1293,0.66617405,0.2079859,0.24655211,0.19169481,0.41962194,0.016291082
1294,0.43011716,0.062397864,0.0743506,0.05625028,0.35576656,0.006147582
1295,0.43921188,0.037832636,0.079775065,0.053864,0.3594368,-0.016031362
1296,0.60100716,0.07912874,0.11845436,0.07910001,0.4825528,2.8729439e-05
1297,0.5225074,0.08065894,0.105685145,0.08076304,0.41682228,-0.00010409951
1298,0.5411314,0.07652024,0.13370854,0.08564807,0.40742284,-0.0091278255
1299,0.62571836,0.05652612,0.11143207,0.078361094,0.5142863,-0.021834973
1300,0.62750906,0.14471394,0.14026076,0.109490655,0.4872483,0.035223283
1301,0.42430848,0.09151472,0.13885356,0.08749108,0.28545493,0.0040236413
1302,0.5038188,0.0830544,0.119132176,0.08047711,0.38468665,0.00257729
1303,0.42122024,0.065087155,0.09434877,0.067894205,0.32687145,-0.002807051
1304,0.52566487,0.05992685,0.10779077,0.07396254,0.4178741,-0.014035691
1305,0.5676012,0.08568957,0.112086646,0.077209644,0.45551455,0.008479923
1306,0.5642899,0.05328003,0.10241819,0.06642583,0.46187174,-0.013145801
1307,0.5495728,0.085545555,0.122627236,0.08064587,0.4269456,0.004899688
1308,0.49125412,0.11652488,0.11126566,0.07954415,0.37998846,0.036980733
1309,0.4676291,0.061941277,0.102474734,0.06809911,0.3651544,-0.006157834
1310,0.5388432,0.1390075,0.18547411,0.14668751,0.35336912,-0.007680014
1311,0.4718455,0.102226295,0.1272462,0.085854396,0.3445993,0.016371898
1312,0.45888546,0.078081265,0.0819193,0.058025956,0.37696618,0.020055309
1313,0.45646065,0.06943072,0.07790954,0.06003334,0.37855113,0.009397376
1314,0.68906766,0.12722664,0.1567429,0.11214213,0.5323248,0.015084505
1315,0.47020593,0.09498896,0.105805896,0.086641,0.36440003,0.008347958
1316,0.47502276,0.055287573,0.07526417,0.058422092,0.39975858,-0.0031345189
1317,0.55344605,0.0924482,0.123401836,0.09171806,0.43004423,0.00073013455
1318,0.58315706,0.1050504,0.14543621,0.102893256,0.43772084,0.0021571442
1319,0.43958715,0.07285232,0.08804802,0.051152896,0.35153913,0.021699425
1320,0.4736438,0.101425245,0.11746208,0.087636136,0.35618174,0.01378911
1321,0.43062568,0.06306804,0.06048742,0.045830056,0.37013826,0.017237984
1322,0.60134286,0.07308319,0.09967091,0.06396546,0.50167197,0.00911773
1323,0.4903557,0.07276925,0.093552224,0.0670741,0.39680347,0.0056951493
1324,0.550813,0.056507878,0.10719405,0.06496479,0.44361895,-0.008456916
1325,0.59303117,0.06480439,0.10906396,0.07605764,0.4839672,-0.011253253
1326,0.528988,0.065914914,0.08671116,0.06585071,0.44227684,6.420165e-05
1327,0.5244325,0.078347914,0.092860214,0.06346259,0.43157226,0.014885321
1328,0.4818698,0.08430371,0.10054187,0.07513235,0.38132793,0.009171359
1329,0.6379491,0.13458264,0.15476644,0.12042011,0.48318267,0.014162526
1330,0.3875855,0.07252563,0.066557765,0.04780011,0.32102773,0.02472552
1331,0.6595627,0.16339096,0.16301177,0.122765034,0.49655092,0.04062593
1332,0.5049301,0.08076613,0.10584415,0.0702084,0.39908594,0.010557726
1333,0.37298605,0.05029846,0.07347993,0.056399237,0.29950613,-0.0061007775
1334,0.34730837,0.037317708,0.06903543,0.046713796,0.27827293,-0.009396087
1335,0.389396,0.047651056,0.077357866,0.050385002,0.31203815,-0.0027339458
1336,0.42102593,0.074265294,0.10874436,0.08099532,0.31228158,-0.0067300275
1337,0.43308812,0.09334559,0.072725855,0.05036472,0.36036226,0.04298087
1338,0.4517662,0.14786287,0.1049674,0.08096774,0.34679878,0.06689513
1339,0.42875713,0.056301795,0.057498485,0.04327171,0.37125865,0.013030086
1340,0.40177515,0.04569338,0.08107636,0.055073675,0.3206988,-0.009380296
1341,0.60701644,0.09564834,0.11498723,0.09109994,0.49202922,0.0045484006
1342,0.3174987,0.03755646,0.047433544,0.032713477,0.27006516,0.0048429817
1343,0.46046627,0.046861876,0.09861354,0.064630345,0.36185274,-0.017768469
1344,0.49422488,0.091978595,0.13908352,0.100193635,0.35514134,-0.00821504
1345,0.24271302,0.031324442,0.038744584,0.028597724,0.20396844,0.0027267188
1346,0.46143198,0.08227775,0.08878632,0.061219,0.37264568,0.021058753
1347,0.4386776,0.054275345,0.069295496,0.050608788,0.3693821,0.0036665574
1348,0.43557665,0.07079813,0.08279861,0.057351995,0.35277805,0.013446134
1349,0.47199655,0.07017692,0.10689208,0.07394714,0.36510447,-0.0037702173
1350,0.42177004,0.10317419,0.14610586,0.10343523,0.27566418,-0.000261046
1351,0.21890028,0.04523119,0.06144771,0.043043062,0.15745257,0.0021881275
1352,0.5422174,0.067322105,0.098467104,0.07174025,0.44375026,-0.004418142
1353,0.46955004,0.09207463,0.13378257,0.09405842,0.33576748,-0.0019837841
1354,0.3120008,0.0428912,0.05982375,0.04223553,0.25217706,0.0006556697
1355,0.60403734,0.109908275,0.14056967,0.10017971,0.46346766,0.009728566
1356,0.64328575,0.08117733,0.1108938,0.0738096,0.53239197,0.00736773
1357,0.2791131,0.020685375,0.04207732,0.032639097,0.2370358,-0.011953723
1358,0.5138814,0.049209427,0.067336015,0.052292716,0.44654536,-0.0030832887
1359,0.63415587,0.09163791,0.16716455,0.10829017,0.4669913,-0.016652264
1360,0.49945408,0.09499333,0.124258935,0.08936263,0.37519515,0.005630702
1361,0.38452032,0.10824079,0.074359596,0.06035095,0.31016073,0.04788984
1362,0.7292347,0.15745775,0.16282777,0.1259126,0.5664069,0.031545147
1363,0.4973503,0.13688931,0.1550767,0.10247315,0.3422736,0.03441616
1364,0.43147108,0.13613074,0.11105041,0.07735884,0.32042068,0.058771893
1365,0.44424197,0.07117873,0.10410141,0.0761769,0.34014055,-0.00499817
1366,0.3672797,0.057355616,0.086675905,0.060917534,0.2806038,-0.0035619177
1367,0.48208332,0.08540148,0.14775929,0.10106249,0.33432403,-0.015661009
1368,0.53511226,0.10560396,0.12122056,0.09030686,0.4138917,0.0152971
1369,0.48133153,0.087180704,0.1050844,0.0698462,0.37624714,0.017334506
1370,0.39819464,0.058646973,0.07580404,0.05060753,0.32239062,0.008039445
1371,0.45766184,0.049488652,0.08642077,0.059695143,0.37124106,-0.010206491
1372,0.47080526,0.043778323,0.061911806,0.046889372,0.40889347,-0.0031110495
1373,0.6084783,0.10869244,0.119159676,0.08532077,0.48931864,0.023371667
1374,0.42595807,0.1308637,0.11705358,0.088327885,0.30890447,0.04253581
1375,0.28189817,0.04467084,0.05671871,0.042405713,0.22517946,0.0022651255
1376,0.38124606,0.063941844,0.08575175,0.06016007,0.29549432,0.0037817731
1377,0.43640056,0.059976988,0.10477441,0.07047025,0.33162615,-0.010493264
1378,0.4891197,0.07480605,0.09685319,0.07000479,0.3922665,0.0048012584
1379,0.3539366,0.062198542,0.0789015,0.057197724,0.2750351,0.0050008185
1380,0.31965837,0.052537102,0.084987506,0.056290403,0.23467086,-0.0037533008
1381,0.40979856,0.084122874,0.078576975,0.053983163,0.33122158,0.03013971
1382,0.4414423,0.07004781,0.06572674,0.047036804,0.37571555,0.023011006
1383,0.36284804,0.09427758,0.08803607,0.070328094,0.27481198,0.023949489
1384,0.5438862,0.13879211,0.15881829,0.12587596,0.38506788,0.012916148
1385,0.47599193,0.0775571,0.08290124,0.061895765,0.3930907,0.015661336
1386,0.42054164,0.05027828,0.09301405,0.06171024,0.32752758,-0.0114319585
1387,0.30025402,0.03125192,0.07677705,0.05286986,0.22347698,-0.021617942
1388,0.4369863,0.067665696,0.09335021,0.063216425,0.3436361,0.0044492707
1389,0.8502268,0.089404106,0.110899955,0.08417943,0.73932683,0.005224675
1390,0.29212543,0.03280434,0.046191856,0.031077214,0.24593358,0.0017271265
1391,0.40051737,0.037847817,0.06559136,0.04538436,0.334926,-0.0075365417
1392,0.5222579,0.062709324,0.08736513,0.06019083,0.4348928,0.0025184937
1393,0.45485026,0.09279914,0.10219822,0.08299245,0.35265204,0.009806693
1394,0.45661885,0.1298271,0.12591358,0.09194877,0.33070529,0.037878327
1395,0.2550836,0.055572934,0.050346866,0.0352809,0.20473672,0.020292036
1396,0.46821442,0.063573346,0.110537745,0.078138076,0.35767668,-0.01456473
1397,0.54449505,0.122000195,0.112939894,0.0849248,0.43155515,0.037075393
1398,0.390552,0.067013875,0.088309385,0.06934624,0.30224264,-0.002332367
1399,0.43571523,0.07845316,0.09887532,0.06851149,0.3368399,0.009941667
1400,0.64780575,0.09919585,0.12611085,0.088999614,0.5216949,0.010196239
1401,0.4052578,0.02777477,0.07190509,0.048724685,0.33335268,-0.020949915
1402,0.47373864,0.063335784,0.08620709,0.06430365,0.38753155,-0.0009678677
1403,0.45425218,0.0625716,0.090048075,0.06355801,0.3642041,-0.0009864122
1404,0.4046965,0.11540661,0.085921705,0.06526941,0.3187748,0.0501372
1405,0.44917628,0.07103154,0.088275194,0.06531206,0.3609011,0.005719483
1406,0.39564902,0.056522712,0.08119548,0.05771756,0.31445354,-0.0011948496
1407,0.7083755,0.135149,0.16301501,0.12759128,0.5453605,0.00755772
1408,0.50006354,0.14164397,0.13958186,0.10554824,0.36048168,0.03609573
1409,0.59767634,0.100631006,0.114857696,0.08133276,0.48281863,0.019298248
1410,0.545316,0.055804003,0.08117552,0.060302235,0.46414047,-0.004498232
1411,0.49611005,0.07560198,0.08601825,0.05952507,0.41009182,0.016076911
1412,0.5065423,0.073258944,0.095329076,0.069943406,0.41121325,0.0033155382
1413,0.5747377,0.10555376,0.13848817,0.09111632,0.43624955,0.0144374445
1414,0.50714713,0.041212477,0.07038337,0.05039729,0.43676376,-0.009184815
1415,0.44064674,0.09163009,0.09931238,0.067417435,0.34133434,0.024212651
1416,0.42305276,0.09193508,0.11216488,0.082478344,0.31088787,0.009456739
1417,0.4625474,0.072462246,0.115113795,0.08239947,0.3474336,-0.009937227
1418,0.49375552,0.10785362,0.090974055,0.064529665,0.40278146,0.043323956
1419,0.4371872,0.06446863,0.09040224,0.06071302,0.34678495,0.0037556104
1420,0.56448585,0.11718725,0.1584689,0.11262823,0.40601695,0.0045590177
1421,0.4501726,0.095143594,0.13904367,0.090259224,0.3111289,0.0048843697
1422,0.42889822,0.04956172,0.079873845,0.054965246,0.34902436,-0.005403526
1423,0.62662464,0.118249655,0.14240329,0.10201891,0.48422134,0.016230747
1424,0.5061853,0.08942587,0.08178839,0.060394697,0.4243969,0.029031172
1425,0.55322814,0.11637692,0.118077695,0.08981725,0.43515044,0.026559673
1426,0.4949642,0.022534631,0.05666157,0.039217632,0.43830264,-0.016683001
1427,0.50361943,0.08792005,0.11223259,0.08304858,0.39138684,0.0048714653
1428,0.48114806,0.060603656,0.09011767,0.066829026,0.3910304,-0.00622537
1429,0.6103045,0.07241491,0.10953668,0.083798334,0.5007678,-0.011383422
1430,0.41359037,0.06251473,0.091340154,0.06361365,0.32225022,-0.0010989234
1431,0.43135843,0.06741757,0.08161657,0.062051114,0.34974185,0.0053664558
1432,0.66359955,0.111426726,0.14032073,0.0979526,0.52327883,0.013474129
1433,0.20575954,0.03111138,0.037934195,0.029145291,0.16782534,0.001966089
1434,0.5437811,0.1072792,0.13375676,0.09763811,0.41002434,0.009641089
1435,0.4161553,0.05622516,0.06456063,0.04481483,0.3515947,0.0114103295
1436,0.5715037,0.05961754,0.091978215,0.06618041,0.47952548,-0.0065628663
1437,0.4394058,0.06457428,0.049035426,0.036249265,0.39037037,0.028325014
1438,0.46294823,0.049749773,0.067072146,0.045352947,0.39587608,0.004396826
1439,0.2629342,0.03616247,0.058990203,0.037713673,0.203944,-0.0015512034
1440,0.4758853,0.051653005,0.084098265,0.06031183,0.39178705,-0.008658826
1441,0.33773988,0.037344024,0.052578706,0.039855734,0.28516117,-0.00251171
1442,0.2905175,0.05763876,0.0449112,0.030998308,0.2456063,0.026640452
1443,0.5258197,0.094319694,0.12844823,0.08769042,0.39737147,0.0066292733
1444,0.42324686,0.056375466,0.09320089,0.06337117,0.33004597,-0.0069957003
1445,0.5395576,0.06585647,0.11909652,0.084524654,0.42046106,-0.018668182
1446,0.57798845,0.07926774,0.11343603,0.07820485,0.4645524,0.0010628924
1447,0.48248407,0.07840239,0.09221642,0.06435479,0.39026767,0.0140476
1448,0.48467922,0.060883425,0.10864195,0.07725625,0.37603727,-0.016372822
1449,0.59981906,0.08000644,0.13099708,0.08373097,0.468822,-0.0037245303
1450,0.33271214,0.06368349,0.089229085,0.06678785,0.24348307,-0.003104359
1451,0.45582736,0.083057344,0.08554868,0.06327777,0.3702787,0.01977957
1452,0.4583731,0.074989736,0.07945146,0.05984454,0.37892163,0.0151451975
1453,0.46459985,0.098407686,0.14468369,0.10194993,0.31991616,-0.0035422444
1454,0.3979059,0.09157388,0.09737498,0.06855009,0.3005309,0.023023792
1455,0.5499151,0.080823846,0.1353878,0.09586928,0.4145273,-0.015045434
1456,0.4837108,0.10308585,0.14751469,0.10527141,0.33619612,-0.0021855533
1457,0.3954951,0.053776756,0.07140365,0.054530744,0.32409143,-0.0007539876
1458,0.6135551,0.10683411,0.119224876,0.085500374,0.4943302,0.02133374
1459,0.39741892,0.08096022,0.104522966,0.07607964,0.29289594,0.004880585
1460,0.450686,0.05288951,0.07607755,0.056511216,0.37460846,-0.0036217049
1461,0.4477839,0.08228745,0.07933001,0.058419097,0.36845386,0.023868356
1462,0.39861178,0.048990905,0.07035284,0.049265176,0.32825893,-0.00027427077
1463,0.5486023,0.12632838,0.14004904,0.103998825,0.40855324,0.022329554
1464,0.41011763,0.027254112,0.062536985,0.04557829,0.34758064,-0.018324178
1465,0.58682615,0.08403631,0.105841964,0.078169085,0.48098418,0.005867228
1466,0.4896625,0.10843335,0.12060774,0.08457932,0.36905476,0.023854032
1467,0.23864107,0.025716307,0.044493064,0.03077116,0.194148,-0.005054854
1468,0.50157356,0.04078001,0.08105595,0.053771626,0.42051762,-0.012991615
1469,0.37152705,0.07737299,0.07599687,0.05937122,0.29553017,0.018001769
1470,0.40226862,0.042468023,0.08445589,0.0567384,0.31781274,-0.014270376
1471,0.48619485,0.070369385,0.1019614,0.067175426,0.38423344,0.0031939596
1472,0.4089365,0.09442855,0.13376221,0.09898765,0.2751743,-0.0045590997
1473,0.4880912,0.06115282,0.082297586,0.05901977,0.4057936,0.002133049
1474,0.42505285,0.07568026,0.11845889,0.07689844,0.30659395,-0.0012181774
1475,0.42350292,0.063755505,0.07566125,0.06050938,0.34784168,0.0032461248
1476,0.37258068,0.045827765,0.061750494,0.043655943,0.31083018,0.002171822
1477,0.44050956,0.08265406,0.09725799,0.07368797,0.3432516,0.008966088
1478,0.37938133,0.054305684,0.0855268,0.05872348,0.29385453,-0.0044177957
1479,0.48755765,0.08413104,0.11538774,0.08469037,0.3721699,-0.00055933
1480,0.5143636,0.08814261,0.09525568,0.07201385,0.4191079,0.016128764
1481,0.5176894,0.09543314,0.102161914,0.07743584,0.4155275,0.017997295
1482,0.27361897,0.040413182,0.0585624,0.04233895,0.21505657,-0.0019257665
1483,0.5666565,0.076800436,0.12909152,0.09088455,0.43756497,-0.014084116
1484,0.4529302,0.06624825,0.06308343,0.039902452,0.38984677,0.0263458
1485,0.37390596,0.057365857,0.06868118,0.049775872,0.30522478,0.0075899847
1486,0.52517956,0.063498594,0.10748949,0.076756485,0.41769007,-0.013257891
1487,0.505811,0.12165141,0.12124396,0.089884415,0.38456702,0.031766996
1488,0.5332162,0.09432425,0.11750391,0.08219216,0.41571227,0.012132093
1489,0.45904472,0.11115981,0.09893222,0.07373855,0.3601125,0.037421256
1490,0.34853372,0.040488664,0.051885094,0.037847456,0.29664862,0.0026412085
1491,0.5756941,0.07864055,0.13037294,0.07851258,0.44532114,0.00012797117
1492,0.36044407,0.12353003,0.11627779,0.091516085,0.24416628,0.032013945
1493,0.36496177,0.046741944,0.07546028,0.050130673,0.2895015,-0.003388729
1494,0.40176007,0.077441655,0.10327179,0.07168993,0.2984883,0.0057517216
1495,0.44499657,0.091067046,0.11951736,0.08147559,0.3254792,0.009591453
1496,0.57792515,0.12305652,0.13783859,0.09951244,0.44008654,0.02354408
1497,0.3323351,0.028197732,0.06109034,0.046618056,0.27124476,-0.018420324
1498,0.607529,0.108322084,0.10447064,0.07623871,0.5030583,0.032083377
1499,0.28087765,0.045211792,0.04700097,0.038050707,0.23387668,0.0071610846
1500,0.49858457,0.07161535,0.10173834,0.07109923,0.39684623,0.00051612407
1501,0.58091766,0.065743774,0.113950156,0.077211514,0.4669675,-0.01146774
1502,0.51770186,0.08004275,0.108560316,0.08083616,0.40914154,-0.0007934123
1503,0.3986542,0.06377044,0.093054794,0.06503719,0.3055994,-0.0012667477
1504,0.37358302,0.042242482,0.0701598,0.04495543,0.30342323,-0.0027129464
1505,0.4219791,0.071638525,0.09341034,0.07114472,0.32856876,0.00049380213
1506,0.51925623,0.06489599,0.1020003,0.071434356,0.41725594,-0.0065383688
1507,0.42227092,0.041416656,0.056539863,0.037191924,0.36573106,0.0042247325
1508,0.5003676,0.05777163,0.06754647,0.04723375,0.4328211,0.010537881
1509,0.5671708,0.07136116,0.120094106,0.07815493,0.44707668,-0.006793767
1510,0.45051795,0.06966673,0.10804785,0.083387606,0.3424701,-0.0137208775
1511,0.411167,0.083301336,0.108679265,0.08059495,0.30248773,0.0027063861
1512,0.47135508,0.09445578,0.109986715,0.078390814,0.36136836,0.016064964
1513,0.6139717,0.08971177,0.10552492,0.07272249,0.5084468,0.016989283
1514,0.37987265,0.026169864,0.059912756,0.040976275,0.31995988,-0.01480641
1515,0.55644417,0.10388707,0.123537086,0.09306777,0.43290707,0.010819301
1516,0.5066863,0.06257696,0.0748217,0.055792164,0.43186456,0.006784793
1517,0.4092173,0.08778082,0.077671744,0.056876194,0.33154556,0.030904625
1518,0.45402902,0.07646557,0.10099013,0.073566295,0.3530389,0.0028992742
1519,0.43141115,0.090305574,0.11276837,0.078503035,0.3186428,0.011802539
1520,0.4451912,0.050062172,0.088163584,0.05469245,0.35702762,-0.004630279
1521,0.41173765,0.07572443,0.086071156,0.06486606,0.3256665,0.010858372
1522,0.6387098,0.09149757,0.11263119,0.073382474,0.5260786,0.018115096
1523,0.43642563,0.03239649,0.053312443,0.034171432,0.38311318,-0.0017749406
1524,0.38978788,0.033541165,0.05090341,0.035305377,0.33888447,-0.0017642118
1525,0.52437013,0.062675625,0.077408165,0.05798744,0.44696197,0.0046881847
1526,0.4907807,0.07577808,0.10682774,0.07959912,0.38395298,-0.0038210377
1527,0.42535105,0.06754153,0.0929137,0.060244795,0.33243734,0.0072967373
1528,0.4225755,0.10251625,0.09829732,0.074707374,0.32427818,0.027808875
1529,0.5186844,0.057444144,0.0919775,0.066818684,0.42670688,-0.00937454
1530,0.42205584,0.09566771,0.087221734,0.061182495,0.3348341,0.034485217
1531,0.41289276,0.032284122,0.07298792,0.04935638,0.33990484,-0.017072257
1532,0.47874847,0.083578855,0.10085483,0.073384754,0.37789363,0.0101941
1533,0.30988443,0.02117726,0.0710306,0.050752845,0.23885383,-0.029575584
1534,0.4921526,0.07636631,0.075016655,0.053752508,0.41713595,0.022613805
1535,0.39969635,0.099092476,0.14408661,0.10059099,0.25560975,-0.0014985129
1536,0.35275158,0.022192245,0.053390313,0.03262403,0.29936126,-0.010431783
1537,0.33363602,0.08725111,0.08086426,0.05563774,0.25277176,0.031613372
1538,0.50710654,0.11248419,0.12120376,0.08367971,0.3859028,0.028804474
1539,0.2887134,0.021966217,0.064648174,0.044176117,0.22406521,-0.0222099
1540,0.41573116,0.06698051,0.10023053,0.07849826,0.31550062,-0.011517748
1541,0.5827172,0.08266254,0.13407254,0.102442876,0.44864464,-0.019780338
1542,0.5114558,0.07509932,0.079844244,0.05910258,0.43161154,0.01599674
1543,0.4097315,0.07266571,0.087718755,0.06811786,0.32201275,0.0045478493
1544,0.43689284,0.07411518,0.09347322,0.07084059,0.3434196,0.0032745898
1545,0.46653086,0.06550947,0.09407748,0.06788367,0.3724534,-0.002374202
1546,0.48150742,0.053878568,0.08925352,0.0617374,0.3922539,-0.007858831
1547,0.41193455,0.07584262,0.09325095,0.068488695,0.3186836,0.007353924
1548,0.48272276,0.060003508,0.07984792,0.054285098,0.40287483,0.00571841
1549,0.54616576,0.1196275,0.12833689,0.09167715,0.41782886,0.027950346
1550,0.4794975,0.050503187,0.08646191,0.061500505,0.3930356,-0.010997318
1551,0.39405334,0.07108092,0.09229326,0.064378396,0.30176008,0.0067025274
1552,0.44802558,0.056547496,0.08559784,0.056960322,0.36242774,-0.0004128255
1553,0.61392385,0.103825845,0.12820412,0.098893195,0.48571974,0.0049326494
1554,0.59682745,0.08013845,0.13461179,0.09357091,0.46221566,-0.013432458
1555,0.40874746,0.05598168,0.09521718,0.06591665,0.31353027,-0.009934969
1556,0.59289163,0.08342372,0.12288126,0.08387044,0.47001037,-0.0004467219
1557,0.43085942,0.052089892,0.067178346,0.050122347,0.36368108,0.0019675456
1558,0.43011355,0.07303265,0.098019086,0.06786943,0.33209446,0.005163215
1559,0.5383523,0.05929417,0.074611455,0.054061975,0.46374086,0.0052321963
1560,0.53335494,0.082337804,0.13366511,0.091151945,0.39968982,-0.008814141
1561,0.34023032,0.037154973,0.049766168,0.035259776,0.29046416,0.0018951967
1562,0.32429755,0.06682856,0.10375218,0.07492736,0.22054537,-0.008098803
1563,0.40151656,0.06041523,0.0893583,0.062405434,0.31215826,-0.0019902028
1564,0.6008977,0.09254515,0.10504434,0.08358537,0.4958534,0.008959785
1565,0.41582522,0.046107005,0.08782551,0.056081664,0.3279997,-0.0099746585
1566,0.5250407,0.059826437,0.14549175,0.08417439,0.37954894,-0.02434795
1567,0.19993892,0.04309396,0.05834936,0.036380704,0.14158957,0.0067132562
1568,0.38285825,0.045360778,0.054669123,0.039198086,0.32818913,0.006162692
1569,0.48194107,0.06794774,0.10719618,0.070374586,0.3747449,-0.0024268478
1570,0.47166646,0.109265715,0.1088987,0.08114191,0.36276776,0.028123803
1571,0.45173842,0.082180046,0.116830975,0.08875354,0.33490744,-0.006573491
1572,0.38979238,0.11099958,0.11585171,0.09128747,0.27394068,0.019712105
1573,0.5102011,0.12237854,0.12551823,0.088799514,0.38468286,0.03357903
1574,0.4968254,0.07982596,0.09170877,0.064632475,0.40511662,0.015193485
1575,0.41742045,0.06405837,0.06303608,0.041859657,0.35438436,0.022198714
1576,0.40826416,0.05217951,0.06486125,0.043527793,0.34340292,0.0086517185
1577,0.41751567,0.036441784,0.07645593,0.05044208,0.34105974,-0.014000297
1578,0.66033846,0.13239354,0.14511214,0.10431098,0.5152263,0.028082557
1579,0.4859388,0.05833914,0.10319179,0.06594153,0.382747,-0.007602386
1580,0.36483228,0.08299184,0.104447305,0.07733382,0.26038498,0.0056580156
1581,0.39457557,0.07798609,0.088624746,0.068247736,0.30595082,0.009738356
1582,0.51291996,0.12742867,0.11285679,0.08720377,0.40006316,0.040224895
1583,0.4052324,0.05211574,0.07864652,0.055568468,0.3265859,-0.0034527294
1584,0.40901086,0.07188298,0.10331393,0.06908484,0.30569693,0.00279814
1585,0.56671417,0.08411047,0.11570415,0.084798105,0.45101002,-0.00068763644
1586,0.5993685,0.12708421,0.10788057,0.08281621,0.49148795,0.044267997
1587,0.36444157,0.13479476,0.09807715,0.06810789,0.26636443,0.06668687
1588,0.52422696,0.021723676,0.0652538,0.035317093,0.45897317,-0.013593417
1589,0.4214305,0.06415133,0.11499138,0.075868726,0.3064391,-0.011717394
1590,0.43373993,0.10999527,0.1310874,0.093522266,0.30265254,0.016473003
1591,0.42630798,0.051544353,0.07302387,0.048431624,0.35328412,0.0031127296
1592,0.50090814,0.07677022,0.10504117,0.07212627,0.39586696,0.0046439543
1593,0.5109689,0.13131277,0.15679675,0.11313414,0.35417217,0.018178634
1594,0.46830782,0.019467246,0.033578757,0.022828985,0.43472907,-0.0033617392
1595,0.42197347,0.118942656,0.08053214,0.060673017,0.34144133,0.05826964
1596,0.5797856,0.059453517,0.081734255,0.055776577,0.49805135,0.0036769398
1597,0.47948453,0.039273497,0.0800675,0.054130472,0.39941704,-0.0148569755
1598,0.3187591,0.064378895,0.07237661,0.05082338,0.2463825,0.013555516
1599,0.6264343,0.07759853,0.098617695,0.064816944,0.52781665,0.012781583
1600,0.47623298,0.06100031,0.070211485,0.05314854,0.40602148,0.007851768
1601,0.60319513,0.07167636,0.09230414,0.070728995,0.51089096,0.0009473637
1602,0.47132573,0.067110166,0.12217477,0.08245314,0.34915096,-0.015342973
1603,0.50182205,0.090035334,0.12584439,0.08566546,0.37597767,0.0043698773
1604,0.57925105,0.06643547,0.10080208,0.07292892,0.478449,-0.006493449
1605,0.48610854,0.057914384,0.10196927,0.065978676,0.38413927,-0.008064292
1606,0.2653564,0.06414894,0.08235332,0.053494655,0.18300307,0.010654286
1607,0.43498528,0.07868089,0.09070587,0.06949112,0.3442794,0.00918977
1608,0.5064101,0.10833693,0.15158488,0.10599351,0.35482526,0.0023434237
1609,0.48042968,0.0664152,0.11001329,0.0671783,0.3704164,-0.00076310337
1610,0.49724275,0.086099625,0.11579326,0.080932274,0.3814495,0.00516735
1611,0.39073902,0.070896484,0.10054695,0.07704716,0.29019207,-0.006150678
1612,0.6621602,0.06818318,0.11685923,0.082304925,0.54530096,-0.014121741
1613,0.5003811,0.09209061,0.116488464,0.08506054,0.38389266,0.00703007
1614,0.4678037,0.0616324,0.08894715,0.06631029,0.37885654,-0.004677888
1615,0.5498197,0.07851117,0.14312643,0.09980759,0.40669328,-0.02129642
1616,0.5348411,0.09597046,0.11795357,0.08769978,0.41688755,0.008270681
1617,0.5664913,0.057934355,0.102694236,0.06640901,0.46379706,-0.008474652
1618,0.5564403,0.08748927,0.14065959,0.099417105,0.41578072,-0.011927836
1619,0.4706725,0.058543038,0.07133841,0.048556156,0.39933407,0.009986881
1620,0.5087236,0.122577764,0.12543367,0.10042416,0.38328993,0.022153601
1621,0.31686532,0.048344966,0.083323956,0.061797686,0.23354137,-0.01345272
1622,0.48848355,0.069644086,0.1067651,0.06839221,0.38171846,0.0012518764
1623,0.48641816,0.052849084,0.089834526,0.0659237,0.39658362,-0.013074614
1624,0.47442523,0.07951272,0.09125471,0.07122799,0.38317052,0.008284733
1625,0.5584656,0.037824564,0.101357505,0.062384788,0.45710808,-0.024560224
1626,0.5316692,0.097308934,0.14414902,0.099355265,0.3875202,-0.0020463318
1627,0.4170003,0.10374428,0.10537949,0.077876784,0.3116208,0.0258675
1628,0.50761473,0.024899075,0.058129136,0.03308192,0.4494856,-0.008182844
1629,0.40517846,0.070380434,0.092378095,0.058910057,0.31280035,0.011470377
1630,0.46656746,0.08903783,0.08783385,0.065098196,0.3787336,0.023939632
1631,0.46304134,0.066554524,0.0725024,0.053852953,0.39053893,0.012701571
1632,0.6126495,0.058473088,0.13058507,0.083268814,0.48206443,-0.024795726
1633,0.6996586,0.09468483,0.14816183,0.104172185,0.55149674,-0.009487353
1634,0.37268594,0.11306592,0.12899931,0.08863633,0.24368663,0.02442959
1635,0.61659026,0.06796585,0.066221654,0.053486194,0.5503686,0.014479656
1636,0.40299797,0.038065605,0.059076566,0.044067774,0.3439214,-0.006002169
1637,0.38011837,0.029178932,0.06496452,0.041568093,0.31515384,-0.012389161
1638,0.5508556,0.08176458,0.09608654,0.07190508,0.45476905,0.009859502
1639,0.51635534,0.13403498,0.14216322,0.11297461,0.37419212,0.02106037
1640,0.40145946,0.0636826,0.07831095,0.057319246,0.3231485,0.0063633546
1641,0.58004755,0.06624595,0.097786434,0.06246582,0.48226112,0.0037801303
1642,0.40740857,0.03473592,0.09729794,0.06350992,0.31011063,-0.028773997
1643,0.36613315,0.0651021,0.09288856,0.06474506,0.2732446,0.00035703927
1644,0.40767843,0.057664648,0.066694014,0.049105372,0.3409844,0.008559275
1645,0.5030238,0.12584655,0.15159251,0.124317706,0.3514313,0.0015288442
1646,0.40311837,0.050171874,0.07224364,0.049201556,0.33087474,0.0009703189
1647,0.5519843,0.09033751,0.10426502,0.075944066,0.44771928,0.014393441
1648,0.3981508,0.0536977,0.08319295,0.062079854,0.31495786,-0.008382153
1649,0.43370855,0.07172754,0.08976867,0.06332263,0.34393987,0.008404903
1650,0.44475114,0.07317138,0.09436131,0.06996806,0.35038984,0.0032033175
1651,0.5282145,0.056171324,0.0668201,0.047934294,0.46139443,0.00823703
1652,0.5554418,0.050530586,0.10189975,0.07211979,0.45354205,-0.021589201
1653,0.49353415,0.13880154,0.13858972,0.09466013,0.3549444,0.04414141
1654,0.48562798,0.05467383,0.09023761,0.06702831,0.39539036,-0.012354478
1655,0.480084,0.089147374,0.08253992,0.057065055,0.3975441,0.03208232
1656,0.22208126,0.059047278,0.066413544,0.04659538,0.15566772,0.012451898
1657,0.49138537,0.046012543,0.062197257,0.043940257,0.4291881,0.0020722859
1658,0.5570557,0.046911433,0.09481073,0.06053639,0.462245,-0.013624955
1659,0.538023,0.14252661,0.16084181,0.11478464,0.37718117,0.027741969
1660,0.52000046,0.066200264,0.13138817,0.084569275,0.38861227,-0.018369012
1661,0.3203937,0.03934534,0.055583835,0.041010026,0.26480988,-0.001664687
1662,0.37105715,0.006587017,0.023189783,0.017850626,0.34786737,-0.011263609
1663,0.5003716,0.050373346,0.07491845,0.054077696,0.42545313,-0.0037043504
1664,0.4627039,0.10118765,0.12382395,0.09754715,0.33887997,0.0036404952
1665,0.43477044,0.08225674,0.09256908,0.06607065,0.34220135,0.016186088
1666,0.5284216,0.07018854,0.095909335,0.061684318,0.43251225,0.008504219
1667,0.6734431,0.037827387,0.06593914,0.043617044,0.60750395,-0.005789656
1668,0.5200307,0.16886151,0.18294503,0.1338414,0.33708566,0.035020113
1669,0.5267413,0.07533815,0.097183466,0.06729434,0.42955786,0.008043811
1670,0.5829283,0.11690199,0.11870368,0.081973754,0.46422464,0.034928232
1671,0.5523783,0.10054537,0.12299338,0.09615377,0.42938492,0.0043915957
1672,0.522262,0.047912434,0.07942933,0.056891885,0.44283265,-0.008979451
1673,0.60029435,0.07871885,0.11042415,0.08099822,0.4898702,-0.002279371
1674,0.5174997,0.03870067,0.053960953,0.03915376,0.46353874,-0.00045308843
1675,0.44240603,0.05558445,0.08195487,0.05679107,0.36045116,-0.0012066215
1676,0.4450487,0.082653575,0.11656766,0.07895179,0.32848102,0.0037017837
1677,0.50842774,0.07605224,0.1045369,0.07655455,0.40389085,-0.0005023107
1678,0.50632846,0.07264396,0.118512005,0.06661694,0.38781646,0.0060270205
1679,0.60421044,0.11400238,0.13661975,0.08962342,0.4675907,0.024378955
1680,0.33947256,0.013589469,0.05119167,0.03301995,0.2882809,-0.01943048
1681,0.45623532,0.047090206,0.08761143,0.06510332,0.36862388,-0.018013116
1682,0.50929886,0.04832765,0.067693874,0.04961385,0.44160497,-0.0012861975
1683,0.4113022,0.058504306,0.08431922,0.06161964,0.32698298,-0.0031153336
1684,0.3559489,0.050809003,0.065677844,0.0449939,0.29027104,0.0058151037
1685,0.67197126,0.046257526,0.07294043,0.050023813,0.59903085,-0.0037662871
1686,0.42959076,0.065848686,0.085994184,0.059472702,0.34359658,0.0063759834
1687,0.3724005,0.051559094,0.084979676,0.05773791,0.2874208,-0.006178815
1688,0.45064598,0.05816743,0.069347985,0.04165773,0.381298,0.0165097
1689,0.5238348,0.077865034,0.11152019,0.08077488,0.41231462,-0.0029098466
1690,0.5401181,0.06397332,0.11465111,0.07947858,0.42546698,-0.015505254
1691,0.5243197,0.04310221,0.07121638,0.051088575,0.45310333,-0.007986367
1692,0.4660533,0.08015795,0.10501902,0.07267319,0.36103427,0.007484764
1693,0.685094,0.028143324,0.062497713,0.047303163,0.62259626,-0.019159839
1694,0.28181186,0.09547623,0.09439888,0.060973544,0.18741298,0.03450269
1695,0.35242483,0.07492845,0.057799682,0.045022625,0.29462516,0.029905822
1696,0.42441455,0.06661438,0.084920436,0.059981164,0.3394941,0.0066332184
1697,0.59473246,0.08455021,0.10555443,0.0750276,0.48917803,0.009522609
1698,0.48736683,0.116292216,0.13209824,0.09012179,0.3552686,0.026170425
1699,0.6217259,0.11204977,0.15863818,0.1136395,0.46308774,-0.0015897304
1700,0.59828126,0.07864547,0.12681916,0.08701451,0.4714621,-0.0083690435
1701,0.5159607,0.1295999,0.14505292,0.10074557,0.37090778,0.028854325
1702,0.3245255,0.06465143,0.084457725,0.05714588,0.24006778,0.007505551
1703,0.37152323,0.07605397,0.071160644,0.052478626,0.3003626,0.023575343
1704,0.53050214,0.08118083,0.13058296,0.09484141,0.39991918,-0.01366058
1705,0.42245778,0.05673699,0.091716655,0.06330326,0.33074114,-0.006566271
1706,0.46245986,0.065284945,0.09172389,0.05760501,0.37073597,0.0076799355
1707,0.42198646,0.088939555,0.068036616,0.049162917,0.35394984,0.03977664
1708,0.53866315,0.071035266,0.089141,0.064257085,0.44952214,0.0067781806
1709,0.5175524,0.07228402,0.08319739,0.06283751,0.434355,0.009446509
1710,0.49550977,0.15325308,0.14867821,0.10266191,0.34683156,0.05059117
1711,0.4925591,0.07558892,0.082212485,0.05875153,0.41034663,0.016837388
1712,0.4158751,0.09455327,0.13258256,0.0847277,0.28329253,0.009825572
1713,0.4302829,0.06958334,0.10709353,0.0761041,0.32318938,-0.0065207556
1714,0.40767276,0.09519652,0.11063001,0.08383997,0.29704276,0.011356555
1715,0.45097643,0.0676203,0.10299185,0.07314228,0.34798458,-0.005521983
1716,0.30445725,0.03948184,0.053071223,0.035489857,0.25138602,0.003991984
1717,0.51492256,0.059224382,0.065592706,0.043597795,0.44932985,0.015626587
1718,0.27624017,0.051108293,0.088455126,0.066899575,0.18778504,-0.015791282
1719,0.5855387,0.10266419,0.12685245,0.0922201,0.45868623,0.01044409
1720,0.5009031,0.057709023,0.076953344,0.049302083,0.42394978,0.008406941
1721,0.5937309,0.04855003,0.05458011,0.03812082,0.53915083,0.010429207
1722,0.4695583,0.042286564,0.07085488,0.048519753,0.39870343,-0.0062331893
1723,0.54328924,0.1502454,0.14341742,0.08991861,0.39987183,0.060326785
1724,0.44430616,0.08647034,0.12147529,0.068165176,0.3228309,0.018305168
1725,0.5064684,0.07742865,0.09758461,0.0717973,0.4088838,0.00563135
1726,0.5113365,0.055501554,0.07421187,0.060684726,0.43712464,-0.0051831715
1727,0.3431044,0.12108939,0.1431779,0.092296295,0.1999265,0.028793097
1728,0.24695736,0.059334762,0.0753325,0.05101958,0.17162487,0.008315183
1729,0.28338203,0.07128629,0.07573612,0.054859247,0.20764591,0.016427044
1730,0.375229,0.086554796,0.09076443,0.065540105,0.28446457,0.02101469
1731,0.42132849,0.08107183,0.096646234,0.07290217,0.32468224,0.0081696585
1732,0.57584685,0.09599799,0.1617778,0.11398932,0.41406906,-0.017991334
1733,0.4551966,0.05359858,0.09064839,0.057839327,0.3645482,-0.0042407475
1734,0.4061501,0.07375961,0.11266157,0.08328767,0.29348853,-0.009528063
1735,0.45491284,0.032630272,0.09712265,0.058459792,0.3577902,-0.02582952
1736,0.43088043,0.058509193,0.094782725,0.07100689,0.33609772,-0.012497693
1737,0.36330014,0.07917753,0.09348342,0.06732837,0.26981673,0.0118491575
1738,0.37542656,0.034394942,0.051668156,0.035847556,0.3237584,-0.0014526136
1739,0.3315355,0.045821346,0.078550756,0.045739837,0.25298473,8.150935e-05
1740,0.50883985,0.07073901,0.081973046,0.06076105,0.4268668,0.009977959
1741,0.5488815,0.040076517,0.05635638,0.04195815,0.4925251,-0.001881633
1742,0.47602004,0.08081535,0.101101905,0.07034573,0.37491813,0.010469623
1743,0.48768434,0.06860324,0.0749763,0.05406306,0.41270804,0.014540181
1744,0.49230254,0.058429416,0.12950194,0.07628675,0.3628006,-0.017857332
1745,0.45867246,0.11107712,0.117771566,0.08426214,0.3409009,0.026814982
1746,0.5170398,0.04052116,0.052828044,0.040860992,0.46421173,-0.00033983216
1747,0.4514685,0.061371434,0.078112066,0.05091424,0.37335643,0.010457195
1748,0.46899274,0.10989899,0.12473926,0.09678323,0.34425348,0.013115764
1749,0.5834708,0.09182514,0.13303076,0.099909686,0.45044005,-0.008084543
1750,0.4891557,0.050493214,0.082503624,0.06582675,0.4066521,-0.015333537
1751,0.3876024,0.06395159,0.09204814,0.069700636,0.29555425,-0.005749047
1752,0.5297372,0.09189043,0.1225919,0.083992355,0.40714526,0.007898077
1753,0.47879523,0.100906014,0.09803429,0.070500776,0.38076094,0.030405238
1754,0.42636448,0.061027378,0.075071394,0.054693133,0.3512931,0.006334245
1755,0.4939808,0.1055974,0.12048131,0.08796347,0.37349948,0.01763393
1756,0.60699296,0.073183164,0.11196941,0.07650849,0.49502355,-0.0033253282
1757,0.5760719,0.055784404,0.11831227,0.08564064,0.45775965,-0.029856235
1758,0.5914606,0.07599484,0.10510819,0.07926028,0.48635238,-0.0032654405
1759,0.35026264,0.040631544,0.06343616,0.045776006,0.2868265,-0.005144462
1760,0.3979316,0.07046802,0.10095243,0.07501043,0.2969792,-0.004542403
1761,0.6523918,0.081088044,0.09586419,0.06686609,0.5565276,0.014221951
1762,0.64536494,0.056057908,0.11069931,0.07226591,0.53466564,-0.016208
1763,0.4298868,0.03853986,0.06407965,0.04560773,0.36580715,-0.0070678703
1764,0.56183547,0.072625615,0.13312265,0.096474096,0.42871282,-0.023848481
1765,0.3942896,0.07735328,0.075506285,0.056318607,0.31878334,0.02103467
1766,0.4678486,0.084347926,0.07137685,0.0506233,0.39647174,0.033724625
1767,0.5549876,0.12117312,0.10818709,0.0836047,0.44680053,0.03756842
1768,0.18633802,0.03646679,0.033746865,0.02112158,0.15259115,0.015345208
1769,0.4454948,0.07825072,0.11304538,0.08168911,0.33244944,-0.0034383908
1770,0.44083914,0.074378975,0.0942792,0.0678333,0.34655994,0.006545678
1771,0.3557557,0.055420432,0.079366714,0.0519172,0.27638897,0.0035032332
1772,0.46581647,0.061388716,0.094543256,0.060735367,0.37127322,0.00065334886
1773,0.4316695,0.0734494,0.085679166,0.052304186,0.34599033,0.021145217
1774,0.50774455,0.08793677,0.11793389,0.08251004,0.38981065,0.0054267272
1775,0.504709,0.033414014,0.084502734,0.05863695,0.42020628,-0.025222935
1776,0.4508435,0.058535732,0.07685877,0.059042007,0.37398475,-0.0005062744
1777,0.37830326,0.09337883,0.09006033,0.06537232,0.28824294,0.028006509
1778,0.5067694,0.04891798,0.085192025,0.062290043,0.4215774,-0.013372064
1779,0.43332815,0.080677085,0.07465016,0.055194,0.35867798,0.025483083
1780,0.50666255,0.12798196,0.1304183,0.097178705,0.37624425,0.030803256
1781,0.6687014,0.14019246,0.1516029,0.108340114,0.51709855,0.03185235
1782,0.5752157,0.13988186,0.11121362,0.08218644,0.46400207,0.057695426
1783,0.49971923,0.06314,0.09817182,0.07030871,0.4015474,-0.00716871
1784,0.46662417,0.08771221,0.09642534,0.07304239,0.37019885,0.014669821
1785,0.5146606,0.034867432,0.08907017,0.0508969,0.42559043,-0.01602947
1786,0.4163529,0.08304791,0.09040351,0.06497416,0.32594937,0.018073753
1787,0.5896844,0.16210224,0.11818627,0.07469919,0.47149816,0.087403044
1788,0.51472765,0.0720019,0.09882311,0.0763494,0.41590455,-0.004347503
1789,0.45421728,0.067535244,0.11343618,0.0810238,0.3407811,-0.013488553
1790,0.47912773,0.08616359,0.1139744,0.08627215,0.36515334,-0.00010856241
1791,0.4815437,0.043554574,0.08035412,0.06008136,0.40118957,-0.016526785
1792,0.18940467,0.022576135,0.03279935,0.021396793,0.15660532,0.0011793412
1793,0.43691805,0.09548954,0.07753523,0.0559355,0.3593828,0.03955404
1794,0.58437,0.1546881,0.16408049,0.12180295,0.42028952,0.032885157
1795,0.33552766,0.04966092,0.07943323,0.056577884,0.25609443,-0.0069169626
1796,0.37656027,0.06470176,0.090620816,0.07197043,0.28593946,-0.0072686747
1797,0.399844,0.1022207,0.11892591,0.07561643,0.2809181,0.026604272
1798,0.41037515,0.081177436,0.09593978,0.07176414,0.31443536,0.0094132945
1799,0.41420767,0.040940147,0.076437466,0.05292944,0.3377702,-0.011989292
1800,0.6227323,0.121583,0.15129621,0.110269874,0.47143608,0.0113131255
1801,0.5675474,0.17396206,0.17484497,0.12787533,0.3927024,0.04608673
1802,0.42494938,0.10004151,0.115332946,0.08737162,0.30961645,0.012669891
1803,0.4424621,0.085640244,0.10010062,0.07358295,0.34236145,0.012057297
1804,0.35172063,0.050122425,0.07007888,0.039757945,0.28164175,0.01036448
1805,0.50786597,0.038236298,0.09515156,0.054129895,0.41271442,-0.015893597
1806,0.54199606,0.06915055,0.10273013,0.07070378,0.43926594,-0.00155323
1807,0.50165,0.068517216,0.1055539,0.07603024,0.39609608,-0.007513024
1808,0.58199036,0.083528735,0.112884656,0.08104788,0.46910572,0.002480857
1809,0.5217724,0.133201,0.1419718,0.1055475,0.3798006,0.0276535
1810,0.40993848,0.03117183,0.06486736,0.04318844,0.34507114,-0.012016611
1811,0.32175553,0.042697795,0.05926679,0.046154495,0.26248872,-0.0034567006
1812,0.63258946,0.0855372,0.10914016,0.07882271,0.5234493,0.006714493
1813,0.47617644,0.09681555,0.09576937,0.07239072,0.38040707,0.024424829
1814,0.49253654,0.053056944,0.065273225,0.048386715,0.42726332,0.004670229
1815,0.4550635,0.05681031,0.08144158,0.058554254,0.3736219,-0.0017439462
1816,0.32818726,0.06844587,0.118818924,0.08942472,0.20936833,-0.020978853
1817,0.46577978,0.05455168,0.072432645,0.054519318,0.39334714,3.2361597e-05
1818,0.61730236,0.09098641,0.12412277,0.084258415,0.4931796,0.0067279935
1819,0.55595535,0.10031807,0.12848601,0.08605561,0.42746934,0.01426246
1820,0.41561636,0.0773075,0.10986884,0.07211016,0.3057475,0.0051973388
1821,0.44657326,0.058575578,0.07835039,0.05942441,0.36822286,-0.0008488335
1822,0.37380695,0.077361226,0.08983502,0.059521057,0.28397194,0.01784017
1823,0.4841597,0.07636189,0.07909515,0.058730192,0.40506455,0.017631695
1824,0.5746773,0.081186265,0.09943984,0.07820536,0.47523746,0.0029809028
1825,0.50066423,0.051737893,0.09336707,0.06251908,0.40729716,-0.010781188
1826,0.4659436,0.06345788,0.124284156,0.08873061,0.34165946,-0.025272734
1827,0.48469433,0.0765698,0.090318106,0.057324413,0.39437622,0.01924539
1828,0.64775956,0.13843262,0.121973306,0.08712149,0.5257863,0.051311135
1829,0.5871609,0.106736876,0.1395845,0.097464316,0.4475764,0.0092725605
1830,0.7570555,0.06624366,0.12896533,0.0875856,0.6280902,-0.021341935
1831,0.4271726,0.10542146,0.1304551,0.09178051,0.2967175,0.013640948
1832,0.44818017,0.07532985,0.11015868,0.07066794,0.3380215,0.0046619102
1833,0.46070898,0.07472929,0.0955422,0.06612752,0.36516678,0.008601777
1834,0.34406063,0.04567451,0.07578176,0.05003471,0.26827887,-0.004360199
1835,0.6026979,0.10798729,0.16083477,0.11594417,0.44186312,-0.007956877
1836,0.47971725,0.07122005,0.07567555,0.058561787,0.4040417,0.012658261
1837,0.47825563,0.063973926,0.10876239,0.079722606,0.36949325,-0.01574868
1838,0.5043335,0.08905819,0.108958766,0.07118594,0.39537472,0.017872252
1839,0.44947186,0.086107135,0.0986787,0.07162971,0.35079315,0.014477424
1840,0.42376277,0.039278112,0.047182485,0.037068825,0.3765803,0.0022092871
1841,0.48183212,0.08342026,0.10147005,0.07550857,0.38036206,0.00791169
1842,0.7217809,0.040287443,0.10153477,0.0676132,0.6202461,-0.027325757
1843,0.42415947,0.059457187,0.081309296,0.054779477,0.34285018,0.004677709
1844,0.7099476,0.035148434,0.04955355,0.036913842,0.660394,-0.0017654076
1845,0.43884802,0.07518688,0.10487524,0.076043926,0.33397278,-0.00085704774
1846,0.48166895,0.061410353,0.098966256,0.07173377,0.3827027,-0.01032342
1847,0.41630837,0.06034398,0.09113992,0.060037896,0.32516846,0.00030608475
1848,0.5034995,0.070833534,0.103652686,0.0734,0.39984682,-0.0025664642
1849,0.34050223,0.036661092,0.08213823,0.05056934,0.258364,-0.013908248
1850,0.43779096,0.07318473,0.110053904,0.07986361,0.32773706,-0.0066788793
1851,0.37539035,0.053980693,0.07750733,0.05423018,0.29788303,-0.00024948642
1852,0.47857523,0.07577429,0.13361996,0.07962449,0.34495527,-0.0038501993
1853,0.4804339,0.02661507,0.08868698,0.05464722,0.39174694,-0.028032148
1854,0.581079,0.041273266,0.06980529,0.04562949,0.51127374,-0.004356224
1855,0.37489268,-0.00050679233,0.028344853,0.016329028,0.34654784,-0.01683582
1856,0.43746814,0.10440387,0.13261564,0.10287684,0.3048525,0.0015270263
1857,0.47213772,0.12793103,0.15572724,0.11061514,0.31641048,0.017315887
1858,0.38100818,0.050972037,0.08379337,0.058418684,0.2972148,-0.0074466467
1859,0.49696288,0.07948601,0.12742777,0.08986927,0.3695351,-0.010383256
1860,0.52150047,0.07631697,0.10404872,0.06691373,0.41745174,0.009403236
1861,0.5370528,0.12531562,0.14362451,0.100834236,0.3934283,0.024481386
1862,0.56177723,0.093636334,0.12308564,0.08819521,0.4386916,0.0054411218
1863,0.42009097,0.035177868,0.06901092,0.05179722,0.35108006,-0.01661935
1864,0.39676687,0.09451949,0.11205009,0.084589966,0.28471678,0.009929523
1865,0.48520207,0.049273904,0.066341646,0.046842456,0.41886044,0.0024314485
1866,0.3416424,0.033360336,0.06563155,0.042142976,0.27601087,-0.00878264
1867,0.4110241,0.0944325,0.114068784,0.08303404,0.29695532,0.011398464
1868,0.43459317,0.05159226,0.08596781,0.063884355,0.34862536,-0.0122920945
1869,0.3797094,0.07401389,0.08335151,0.064071395,0.29635787,0.009942494
1870,0.5181831,0.06887766,0.106706254,0.07234164,0.41147685,-0.0034639835
1871,0.49001417,0.08329387,0.111854896,0.08451233,0.37815928,-0.0012184605
1872,0.50432,0.10290524,0.09635101,0.067564346,0.407969,0.035340898
1873,0.6187931,0.065842345,0.094556116,0.06543622,0.524237,0.0004061237
1874,0.5255671,0.08708247,0.11359224,0.08365796,0.41197488,0.0034245104
1875,0.452696,0.06563421,0.09211997,0.06195615,0.36057603,0.0036780648
1876,0.5416093,0.03857658,0.079937674,0.059199408,0.46167162,-0.020622827
1877,0.543416,0.14639772,0.16725512,0.1247495,0.37616092,0.021648228
1878,0.42285317,0.08134034,0.09189603,0.07058463,0.33095714,0.01075571
1879,0.36564565,0.071171865,0.06720833,0.048903022,0.29843733,0.022268843
1880,0.4528175,0.08511305,0.103547774,0.07292227,0.34926972,0.0121907815
1881,0.18242995,0.010651915,0.03331324,0.021939352,0.14911671,-0.011287437
1882,0.4690972,0.07185334,0.07459916,0.04935496,0.39449805,0.02249838
1883,0.51547927,0.05867489,0.0806362,0.05697082,0.43484306,0.0017040707
1884,0.1698646,0.01713702,0.0332916,0.02166185,0.13657299,-0.004524829
1885,0.41028672,0.05493418,0.0912131,0.069358274,0.31907362,-0.014424093
1886,0.6105506,0.14281042,0.17046471,0.124174215,0.4400859,0.018636204
1887,0.5499493,0.10868661,0.13016322,0.09755789,0.41978607,0.011128724
1888,0.58105385,0.07345112,0.09980407,0.07178073,0.48124978,0.0016703904
1889,0.51198596,0.09800263,0.10250557,0.07048536,0.4094804,0.027517267
1890,0.2799112,0.052753188,0.053906213,0.03750961,0.22600497,0.015243579
1891,0.5986572,0.06268562,0.095706426,0.07079366,0.5029508,-0.008108042
1892,0.34264696,0.04860814,0.07402235,0.05095562,0.2686246,-0.0023474805
1893,0.53666997,0.07395583,0.08474822,0.054253615,0.45192176,0.019702211
1894,0.22950083,0.03722192,0.060602326,0.03922775,0.16889851,-0.0020058304
1895,0.5072426,0.080290385,0.10412193,0.06888439,0.4031207,0.011405997
1896,0.33519667,0.034326542,0.08020122,0.05132239,0.25499547,-0.016995847
1897,0.3817818,0.04494117,0.065486975,0.048524402,0.31629482,-0.0035832338
1898,0.5757482,0.055599082,0.1067512,0.070185006,0.468997,-0.014585923
1899,0.22444297,0.03070899,0.045431267,0.035271727,0.1790117,-0.0045627374
1900,0.5657023,0.07878282,0.09177774,0.064550444,0.47392458,0.014232375
1901,0.46006706,0.06405674,0.08308812,0.059831347,0.37697893,0.004225392
1902,0.54131114,0.070208766,0.10599712,0.076289065,0.43531403,-0.0060802996
1903,0.38713625,0.049892157,0.07328245,0.049538463,0.3138538,0.00035369396
1904,0.64949226,0.11086815,0.14011917,0.10074065,0.50937307,0.0101275
1905,0.51517373,0.04593096,0.0816683,0.04817949,0.43350542,-0.0022485293
1906,0.58482456,0.08477994,0.11740272,0.08806754,0.46742183,-0.0032875985
1907,0.35498893,0.10322619,0.09821972,0.07532536,0.2567692,0.02790083
1908,0.5979938,0.06992072,0.1263433,0.0895485,0.47165048,-0.01962778
1909,0.46041,0.07017221,0.123098075,0.081528366,0.33731192,-0.011356153
1910,0.3730806,0.08709414,0.0889808,0.06911359,0.28409982,0.017980553
1911,0.4386891,0.11767448,0.14701492,0.10370512,0.2916742,0.013969354
1912,0.4913865,0.07985746,0.105835326,0.07019795,0.38555118,0.009659514
1913,0.50894284,0.12312318,0.12856673,0.09239132,0.3803761,0.030731857
1914,0.59127825,0.11482086,0.117251396,0.08743018,0.47402686,0.027390681
1915,0.5245949,0.0825211,0.09632897,0.07347403,0.42826593,0.009047076
1916,0.3987958,0.08382624,0.09313699,0.06808979,0.30565882,0.015736446
1917,0.58645713,0.082569815,0.13613333,0.0891739,0.45032382,-0.006604083
1918,0.44454676,0.08006716,0.1025591,0.078036286,0.34198767,0.0020308718
1919,0.3852292,0.09012386,0.091477156,0.061750382,0.29375204,0.02837348
1920,0.5438345,0.07664317,0.11739044,0.07748744,0.42644405,-0.00084427
1921,0.41037712,0.06710232,0.09610213,0.065774344,0.31427497,0.0013279766
1922,0.56856155,0.042327523,0.108568266,0.065656565,0.4599933,-0.023329042
1923,0.17693426,0.010268126,0.02327552,0.017179308,0.15365873,-0.006911183
1924,0.54447925,0.05893867,0.1005218,0.07260031,0.44395745,-0.013661642
1925,0.3820378,0.05510219,0.08383502,0.060277324,0.29820275,-0.005175136
1926,0.4168163,0.06396944,0.08516956,0.06569584,0.33164674,-0.0017263964
1927,0.3848303,0.09376491,0.09109642,0.06878165,0.29373387,0.024983257
1928,0.5284272,0.07550097,0.12139737,0.08247572,0.4070298,-0.0069747493
1929,0.5049789,0.07916121,0.08904945,0.06442793,0.41592944,0.014733285
1930,0.4980627,0.09728521,0.09052256,0.07042486,0.40754014,0.026860349
1931,0.3543203,0.08268886,0.081227854,0.05429607,0.27309245,0.028392792
1932,0.50029135,0.11158751,0.08542276,0.0573825,0.4148686,0.054205008
1933,0.23928173,0.042481184,0.09148359,0.058835313,0.14779814,-0.016354129
1934,0.50818866,0.09297387,0.100726694,0.06939092,0.40746197,0.02358295
1935,0.55868274,0.05134197,0.094643526,0.069791906,0.4640392,-0.018449936
1936,0.21405838,0.032717448,0.031211196,0.021535782,0.18284719,0.011181666
1937,0.44268247,0.06089723,0.07593046,0.052433793,0.36675203,0.008463439
1938,0.546742,0.099518105,0.09280007,0.070968635,0.45394194,0.02854947
1939,0.21672781,0.015907714,0.034789648,0.019467585,0.18193816,-0.0035598706
1940,0.39989442,0.027708877,0.061946735,0.044882473,0.33794767,-0.017173596
1941,0.4331348,0.06505629,0.08528325,0.05618001,0.34785154,0.008876275
1942,0.44238466,0.077075265,0.13265611,0.08832195,0.30972856,-0.011246681
1943,0.6518991,0.0602609,0.071341544,0.05018903,0.5805576,0.01007187
1944,0.5378506,0.12111038,0.09728174,0.070850864,0.44056886,0.050259516
1945,0.6096675,0.08461215,0.12079553,0.08615864,0.48887193,-0.0015464872
1946,0.5134528,0.10417971,0.12774019,0.09920597,0.38571262,0.0049737394
1947,0.47096068,0.08863478,0.09366366,0.07226024,0.377297,0.016374543
1948,0.4241153,0.033640455,0.09172504,0.056871947,0.33239025,-0.023231491
1949,0.46547264,0.052155107,0.11162815,0.07961634,0.3538445,-0.02746123
1950,0.40999612,0.08561543,0.09821858,0.06887546,0.31177753,0.016739964
1951,0.57651716,0.09362415,0.13890922,0.101609975,0.43760794,-0.007985823
1952,0.48924696,0.06606663,0.08710315,0.06213321,0.4021438,0.0039334185
1953,0.47601065,0.06817653,0.124474876,0.06692779,0.35153577,0.0012487397
1954,0.4264136,0.07623401,0.09088827,0.064960696,0.33552533,0.011273317
1955,0.39396465,0.040821113,0.055450354,0.038395666,0.3385143,0.002425447
1956,0.55644673,0.06448088,0.07796501,0.05415743,0.4784817,0.01032345
1957,0.511415,0.0672178,0.10925435,0.07361456,0.40216064,-0.006396763
1958,0.49839246,0.05531323,0.08297951,0.056278285,0.41541296,-0.0009650551
1959,0.46797955,0.0146036185,0.04239625,0.029470706,0.4255833,-0.014867088
1960,0.53689295,0.089679495,0.13352823,0.0876437,0.40336472,0.0020357966
1961,0.48554456,0.05583957,0.109271616,0.06887013,0.37627295,-0.013030559
1962,0.57081306,0.05080714,0.08230075,0.05482444,0.4885123,-0.004017301
1963,0.47557977,0.078124665,0.102027886,0.0776261,0.37355188,0.00049856305
1964,0.5786029,0.1065394,0.11676958,0.08824678,0.46183333,0.01829262
1965,0.5005626,0.050508197,0.09722655,0.066764385,0.40333605,-0.016256187
1966,0.4318783,0.0862349,0.09927317,0.070418335,0.33260512,0.015816562
1967,0.45338842,0.083774656,0.10588827,0.07215036,0.34750015,0.011624299
1968,0.61448854,0.05678092,0.06502478,0.04151836,0.54946375,0.015262559
1969,0.69751006,0.124154314,0.13244246,0.10259921,0.5650676,0.021555103
1970,0.52725565,0.065319866,0.08847702,0.06407293,0.43877864,0.0012469366
1971,0.4917206,0.03609726,0.077132516,0.05029152,0.41458806,-0.014194261
1972,0.44478273,0.10965457,0.09801971,0.07227897,0.346763,0.0373756
1973,0.4654869,0.04109715,0.0718008,0.04734198,0.39368612,-0.006244831
1974,0.56287265,0.11493274,0.14614978,0.104950495,0.41672286,0.009982243
1975,0.27279052,0.03326732,0.030174889,0.021928139,0.24261564,0.01133918
1976,0.5166721,0.052534923,0.10522128,0.07575547,0.4114508,-0.023220547
1977,0.48273322,0.06210629,0.09038839,0.066426426,0.39234483,-0.004320137
1978,0.42935804,0.07336845,0.09262147,0.06464759,0.33673656,0.00872086
1979,0.48022363,0.044782996,0.09241404,0.055302158,0.38780957,-0.010519162
1980,0.592243,0.123982444,0.13020189,0.09242511,0.46204114,0.031557336
1981,0.39521575,0.083876304,0.09310221,0.0659377,0.30211353,0.017938606
1982,0.5523269,0.09363907,0.11288309,0.081995495,0.43944383,0.011643574
1983,0.56707996,0.07210155,0.12762205,0.08825529,0.4394579,-0.016153745
1984,0.4417887,0.07011551,0.10060422,0.07090956,0.3411845,-0.0007940531
1985,0.45212683,0.09125494,0.09580029,0.07105258,0.35632655,0.020202361
1986,0.52272123,0.08836612,0.110789195,0.08605263,0.41193205,0.0023134947
1987,0.295136,0.03407513,0.060424447,0.04309898,0.23471156,-0.009023849
1988,0.5063614,0.06676029,0.10471488,0.07249364,0.40164655,-0.005733356
1989,0.41824576,0.08709572,0.1328668,0.08993741,0.28537896,-0.0028416887
1990,0.384291,0.04885799,0.07355038,0.05271891,0.31074062,-0.0038609207
1991,0.59602094,0.06522454,0.09812484,0.060824327,0.4978961,0.004400216
1992,0.41242865,0.089978516,0.09833149,0.07875565,0.31409717,0.011222869
1993,0.57464635,0.033424985,0.060319766,0.033657465,0.5143266,-0.00023248047
1994,0.46592742,0.013520587,0.028245915,0.019283898,0.4376815,-0.005763311
1995,0.49698323,0.061669055,0.0873317,0.065259725,0.40965152,-0.0035906695
1996,0.5167591,0.051837593,0.086408064,0.05987432,0.43035102,-0.008036725
1997,0.35580575,0.16249892,0.093485415,0.066949144,0.26232034,0.09554978
1998,0.4298139,0.06635047,0.090426885,0.06561929,0.339387,0.0007311776
1999,0.4011754,0.08160003,0.08924591,0.06717055,0.3119295,0.01442948
2000,0.5087322,0.04822132,0.094827026,0.06311191,0.41390517,-0.014890589
2001,0.36178398,0.05752718,0.08276228,0.054021988,0.2790217,0.0035051927
2002,0.5250693,0.06492661,0.11692196,0.08513992,0.40814734,-0.020213313
2003,0.42643896,0.041927945,0.09309714,0.06523336,0.3333418,-0.023305412
2004,0.45134813,0.05016781,0.07476879,0.058087423,0.37657934,-0.007919613
2005,0.7441923,0.10041079,0.14365715,0.10586269,0.60053515,-0.0054519027
2006,0.39690825,0.07294061,0.1273938,0.09061799,0.26951444,-0.017677382
2007,0.45381054,0.11937647,0.15921736,0.114669606,0.2945932,0.004706867
2008,0.2598239,0.054699257,0.0724252,0.050964095,0.18739869,0.0037351623
2009,0.43138352,0.075536534,0.07992436,0.049432073,0.35145915,0.026104461
2010,0.52121,0.109498575,0.11484848,0.08446802,0.40636152,0.025030553
2011,0.39211005,0.03906284,0.075261526,0.050922204,0.31684852,-0.011859365
2012,0.30692652,0.06463182,0.08067022,0.054863777,0.2262563,0.009768043
2013,0.4202858,0.03594953,0.07110946,0.05036924,0.34917635,-0.014419712
2014,0.38061604,0.0487918,0.08033142,0.057517562,0.30028462,-0.008725762
2015,0.46391326,0.056431245,0.10057647,0.07147114,0.3633368,-0.015039895
2016,0.6064913,0.08479375,0.09347436,0.06501523,0.51301694,0.01977852
2017,0.45325512,0.072603166,0.08981432,0.060012005,0.3634408,0.012591161
2018,0.5442021,0.075740285,0.08716576,0.05472526,0.45703632,0.021015026
2019,0.54402643,0.043792572,0.07715807,0.053886186,0.46686837,-0.010093614
2020,0.44856456,0.07694867,0.08519217,0.056633517,0.3633724,0.020315155
2021,0.5196165,0.06294977,0.08146784,0.06347886,0.43814865,-0.0005290881
2022,0.5106767,0.039887697,0.06798386,0.044728026,0.44269282,-0.0048403293
2023,0.37638736,0.053825285,0.08133888,0.0626775,0.29504848,-0.008852217
2024,0.45530376,0.09001218,0.10993803,0.08247832,0.34536573,0.0075338557
2025,0.5536457,0.048910744,0.09177324,0.06671587,0.46187243,-0.017805122
2026,0.43715188,0.04313898,0.06167126,0.043150567,0.37548062,-1.1585653e-05
2027,0.33471987,0.056880396,0.08186807,0.06148206,0.25285178,-0.004601665
2028,0.4272105,0.028183296,0.056870773,0.035493772,0.37033975,-0.007310476
2029,0.3820386,0.09597732,0.09224889,0.06671996,0.2897897,0.029257365
2030,0.5275723,0.057196245,0.07549315,0.04741953,0.45207912,0.009776715
2031,0.45602906,0.06516317,0.10262646,0.069865964,0.3534026,-0.0047027916
2032,0.5075119,0.122908436,0.14706294,0.10458153,0.36044896,0.018326908
2033,0.5234915,0.08109395,0.11264795,0.08246041,0.41084355,-0.0013664588
2034,0.53942156,0.021713864,0.08945284,0.057858333,0.44996873,-0.03614447
2035,0.47643384,0.09039794,0.080528766,0.054887503,0.39590508,0.035510436
2036,0.52926654,0.0812294,0.10158648,0.075342335,0.42768005,0.005887069
2037,0.47767955,0.07210704,0.15057583,0.11374052,0.32710373,-0.04163348
2038,0.37715548,0.03254881,0.049676962,0.035989303,0.32747853,-0.0034404919
2039,0.40566114,0.04237558,0.093911916,0.068466656,0.31174922,-0.026091076
2040,0.44337052,0.07225748,0.06833595,0.050980896,0.37503457,0.021276586
2041,0.36339492,0.06352489,0.070130974,0.049301844,0.29326394,0.014223043
2042,0.618763,0.077003025,0.12584537,0.09127243,0.49291766,-0.014269404
2043,0.51979756,0.08126034,0.12302663,0.08925924,0.39677092,-0.007998899
2044,0.42091233,0.068920046,0.09997122,0.07176131,0.3209411,-0.002841264
2045,0.49993387,0.09482315,0.11798707,0.090891734,0.3819468,0.003931418
2046,0.45976943,0.09572659,0.11640039,0.08144287,0.34336904,0.014283717
2047,0.56644404,0.11848628,0.11908948,0.08945675,0.44735456,0.029029526
2048,0.49989367,0.07872414,0.10260131,0.07470925,0.39729235,0.004014887
2049,0.4428019,0.07128507,0.10534903,0.07344047,0.33745286,-0.0021554008
2050,0.6748834,0.07571281,0.127923,0.09545174,0.5469604,-0.019738935
2051,0.4789727,0.1181908,0.11375028,0.090440646,0.36522242,0.027750157
2052,0.3523586,0.050182477,0.08596925,0.056928407,0.26638937,-0.0067459308
2053,0.54696995,0.08186461,0.100081176,0.07244424,0.44688877,0.009420373
2054,0.5084503,0.107793935,0.13145816,0.09835345,0.37699217,0.009440482
2055,0.4643549,0.0789339,0.10972637,0.07994227,0.35462853,-0.001008369
2056,0.5433106,0.07898222,0.100208074,0.076272234,0.4431025,0.0027099848
2057,0.606628,0.09080906,0.11038644,0.085814804,0.49624157,0.0049942583
2058,0.4377824,0.08885307,0.08423537,0.05310585,0.35354704,0.03574722
2059,0.30684114,0.056549188,0.058164448,0.042889368,0.24867669,0.01365982
2060,0.40446103,0.09995364,0.106819116,0.081032895,0.2976419,0.018920742
2061,0.48471656,0.091594614,0.10942235,0.07719317,0.3752942,0.014401443
2062,0.55721796,0.06866959,0.08564994,0.060153615,0.47156802,0.008515973
2063,0.46271178,0.097962074,0.09986454,0.066072255,0.36284724,0.03188982
2064,0.43388063,0.03513633,0.08678751,0.062305804,0.3470931,-0.027169473
2065,0.51792264,0.09031165,0.121688016,0.09020076,0.39623463,0.00011088699
2066,0.44358787,0.062268626,0.08373374,0.0580294,0.35985413,0.0042392276
2067,0.39678362,0.062260505,0.0887647,0.056098055,0.30801892,0.0061624497
2068,0.42283946,0.0604604,0.09366513,0.06616324,0.32917434,-0.005702842
2069,0.5304412,0.08422373,0.10637855,0.07698329,0.42406267,0.0072404444
2070,0.3781051,0.06583597,0.090399496,0.06564826,0.2877056,0.00018770993
2071,0.5504183,0.090272486,0.15250231,0.09574771,0.39791602,-0.005475223
2072,0.54078317,0.10037257,0.12124178,0.09388124,0.4195414,0.006491326
2073,0.34494954,0.052271213,0.094927445,0.06329835,0.2500221,-0.011027139
2074,0.52178806,0.036405332,0.08091951,0.054008733,0.44086856,-0.017603401
2075,0.48971164,0.096569724,0.11972406,0.08972321,0.36998758,0.0068465173
2076,0.35601217,0.0822089,0.11745511,0.087718636,0.23855706,-0.005509734
2077,0.3566417,0.0682693,0.06866042,0.048245825,0.28798127,0.020023473
2078,0.52180254,0.09481455,0.067397825,0.048802704,0.4544047,0.046011843
2079,0.3543034,0.05261959,0.082798004,0.060294542,0.2715054,-0.007674951
2080,0.48102894,0.04767468,0.091648795,0.062173244,0.38938016,-0.014498565
2081,0.566889,0.093296975,0.10865927,0.08324745,0.45822972,0.010049522
2082,0.34142756,0.01511449,0.028859532,0.021795757,0.31256804,-0.006681267
2083,0.61085355,0.10382997,0.11196552,0.08421547,0.49888802,0.019614503
2084,0.50265557,0.053340424,0.09522495,0.060213752,0.40743062,-0.0068733282
2085,0.52648556,0.09517766,0.13780855,0.08858667,0.388677,0.0065909848
2086,0.57744765,0.0743498,0.09918161,0.07617841,0.47826606,-0.0018286109
2087,0.5820982,0.15310057,0.15131325,0.11849472,0.43078494,0.034605846
2088,0.5287498,0.12525548,0.13418528,0.10119401,0.39456454,0.024061471
2089,0.3914099,0.069921665,0.06236161,0.04282517,0.3290483,0.027096495
2090,0.48999614,0.07544577,0.113659725,0.08522146,0.3763364,-0.009775691
2091,0.4639609,0.09970996,0.10918658,0.080241986,0.3547743,0.019467972
2092,0.20833251,0.06384178,0.059666067,0.042711925,0.14866644,0.021129858
2093,0.4511617,0.054131642,0.071344286,0.04957421,0.37981743,0.0045574307
2094,0.46525776,0.14307636,0.147632,0.118514776,0.31762576,0.024561584
2095,0.37088624,0.09502879,0.10012198,0.073291495,0.27076426,0.021737292
2096,0.42894858,0.07784797,0.075225025,0.05546262,0.35372356,0.022385351
2097,0.44632012,0.04512309,0.08626324,0.06493373,0.36005688,-0.019810643
2098,1.0199777,-0.005558691,0.0327214,0.018683227,0.9872563,-0.024241917
2099,0.43430927,0.06797556,0.08529335,0.059813675,0.34901592,0.008161884
2100,0.51966786,0.08901508,0.10990494,0.08091684,0.40976292,0.008098245
2101,0.43397254,0.08127199,0.103979215,0.07835455,0.3299933,0.0029174387
2102,0.6003611,0.086333,0.10618918,0.08611503,0.49417192,0.00021796674
2103,0.60449374,0.026874073,0.061667386,0.04091022,0.54282635,-0.014036149
2104,0.4794105,0.08023,0.078427136,0.058392845,0.40098336,0.021837153
2105,0.5728716,0.03715743,0.06924557,0.047532048,0.50362605,-0.010374617
2106,0.7479517,0.033312377,0.05210728,0.030622754,0.6958444,0.0026896223
2107,0.4062082,0.044508733,0.07234755,0.051556047,0.33386064,-0.007047314
2108,0.47277585,0.068582974,0.089521,0.06428613,0.38325486,0.0042968467
2109,0.49965972,0.0672165,0.08776259,0.05653671,0.41189712,0.010679789
2110,0.54127085,0.098611526,0.1340659,0.09318761,0.40720496,0.0054239184
2111,0.5121729,0.077839874,0.12310596,0.08473174,0.38906693,-0.006891869
2112,0.4126118,0.06409661,0.0673212,0.049581036,0.3452906,0.014515571
2113,0.5213723,0.056564584,0.11887734,0.082363844,0.40249497,-0.02579926
2114,0.41022086,0.1295244,0.11601641,0.08322416,0.29420444,0.046300232
2115,0.40766022,0.07328852,0.098495714,0.061921887,0.3091645,0.011366636
2116,0.53985804,0.0849833,0.10549061,0.07402434,0.43436742,0.010958955
2117,0.33709338,0.08691207,0.09670996,0.07343185,0.24038342,0.013480224
2118,0.38197604,0.07129917,0.09790975,0.06919901,0.2840663,0.0021001622
2119,0.5336215,0.09905698,0.15524065,0.11276798,0.37838084,-0.013710998
2120,0.39292172,0.03901302,0.06522582,0.046327524,0.3276959,-0.007314503
2121,0.4205379,0.07225803,0.09273527,0.06906457,0.32780263,0.0031934604
2122,0.48725778,0.04018951,0.07492862,0.050961312,0.41232917,-0.010771804
2123,0.49044633,0.09488612,0.10889246,0.080902755,0.38155386,0.013983361
2124,0.57639253,0.08065712,0.13205795,0.09872723,0.44433457,-0.018070117
2125,0.43421575,0.110695705,0.07421461,0.046554357,0.36000115,0.06414135
2126,0.50050855,0.069938004,0.08546976,0.060198355,0.4150388,0.009739649
2127,0.37729046,0.045702837,0.07670281,0.047064424,0.30058765,-0.0013615862
2128,0.5792349,0.07180213,0.09416638,0.07172225,0.4850685,7.9885125e-05
2129,0.56044436,0.055924144,0.09464543,0.06705142,0.4657989,-0.0111272745
2130,0.4748332,0.058398463,0.09292491,0.067358024,0.3819083,-0.008959562
2131,0.44686437,0.06241276,0.11537387,0.08013774,0.3314905,-0.017724976
2132,0.54916966,0.05256432,0.06597344,0.03860957,0.48319623,0.0139547475
2133,0.708606,0.08574434,0.093870886,0.06199966,0.6147351,0.023744684
2134,0.52129346,0.07665022,0.10402809,0.07246772,0.41726536,0.004182495
2135,0.5012067,0.07074314,0.13300078,0.08420774,0.3682059,-0.0134646
2136,0.691511,0.12784602,0.16162094,0.10529982,0.52989006,0.022546194
2137,0.45702642,0.0420175,0.08596325,0.055382103,0.37106317,-0.013364602
2138,0.49564946,0.025870701,0.07281761,0.04538585,0.42283183,-0.019515147
2139,0.49963543,0.070687026,0.09350473,0.06658756,0.4061307,0.004099466
2140,0.46548316,0.046205834,0.10548656,0.06470199,0.35999662,-0.018496156
2141,0.36401868,0.028992793,0.05696332,0.03796831,0.30705535,-0.008975519
2142,0.3187716,0.047478832,0.059874162,0.037916858,0.25889742,0.009561975
2143,0.4369669,0.093426086,0.09652154,0.06326405,0.34044534,0.030162036
2144,0.36169228,0.10233193,0.10865922,0.076217264,0.25303304,0.026114665
2145,0.5361202,0.06662337,0.09728333,0.06819233,0.43883684,-0.0015689656
2146,0.61651814,0.053429473,0.10058763,0.06528148,0.51593053,-0.011852007
2147,0.6277123,0.06615299,0.14004907,0.08338918,0.48766324,-0.017236188
2148,0.27736443,0.031096105,0.060108546,0.04380964,0.21725589,-0.012713537
2149,0.62349933,0.026231552,0.049174074,0.03212417,0.57432526,-0.0058926176
2150,0.50250816,0.02917907,0.068449594,0.051390816,0.43405858,-0.022211745
2151,0.43524736,0.07942524,0.10440303,0.06426545,0.33084434,0.015159786
2152,0.59882027,0.12792139,0.16723081,0.123840205,0.43158945,0.004081182
2153,0.5933206,0.06875762,0.086334564,0.06314074,0.506986,0.005616881
2154,0.44496945,0.07118703,0.09368137,0.06760642,0.35128808,0.0035806075
2155,0.45829192,0.07225138,0.090945005,0.059815153,0.3673469,0.012436226
2156,0.45076954,0.059709895,0.09062222,0.060540844,0.36014733,-0.00083094835
2157,0.51073486,0.07958703,0.10951291,0.08022584,0.40122193,-0.0006388128
2158,0.52040917,0.05590634,0.08653761,0.055312086,0.43387157,0.0005942546
2159,0.49792415,0.102711976,0.1402173,0.09672755,0.35770684,0.0059844255
2160,0.53380114,0.0874715,0.11116418,0.07447363,0.42263696,0.012997873
2161,0.34978452,0.10826556,0.1500606,0.10524473,0.19972393,0.003020823
2162,0.5471724,0.078584425,0.12314214,0.08685934,0.4240303,-0.008274913
2163,0.62121737,0.053390477,0.05943401,0.044541597,0.5617834,0.0088488795
2164,0.68061006,0.13781878,0.15710686,0.10278069,0.5235032,0.03503809
2165,0.45304695,0.07438997,0.09965778,0.07506978,0.35338917,-0.0006798059
2166,0.4224568,0.058530092,0.07414577,0.051403314,0.34831104,0.0071267784
2167,0.4568203,0.056811128,0.07684536,0.057562992,0.37997496,-0.00075186417
2168,0.40007344,0.050095458,0.08985458,0.06673543,0.31021887,-0.016639974
2169,0.52665335,0.06753734,0.091984965,0.05739943,0.4346684,0.010137908
2170,0.60488224,0.10914797,0.12168868,0.09182769,0.48319358,0.017320283
2171,0.41779906,0.063817374,0.09212342,0.06569406,0.32567564,-0.001876682
2172,0.63184994,0.09116974,0.10623655,0.0799499,0.5256134,0.011219837
2173,0.6401325,0.09360521,0.11228649,0.078358136,0.527846,0.015247077
2174,0.44630402,0.064132705,0.09202998,0.061230853,0.35427403,0.0029018521
2175,0.4122488,0.119414605,0.10750681,0.078295775,0.30474198,0.04111883
2176,0.5670662,0.055252682,0.090129115,0.055820443,0.4769371,-0.0005677603
2177,0.48407128,0.040797923,0.061932135,0.04681276,0.42213914,-0.006014839
2178,0.48428243,0.07534499,0.0796518,0.050730146,0.40463063,0.02461484
2179,0.39949968,0.082933955,0.083515465,0.06613739,0.31598422,0.016796567
2180,0.5026799,0.084651574,0.09178816,0.06730568,0.4108917,0.017345898
2181,0.43622044,0.08049354,0.09847027,0.07142707,0.33775017,0.00906647
2182,0.5498906,0.09691175,0.13328141,0.09811514,0.41660917,-0.001203388
2183,0.45029503,0.094468415,0.100121476,0.07232185,0.35017356,0.022146568
2184,0.4197853,0.06548095,0.071821205,0.055152945,0.34796408,0.010328002
2185,0.43701318,0.077715546,0.058775965,0.03621817,0.37823722,0.041497376
2186,0.29036137,0.043177918,0.047107242,0.03414114,0.24325413,0.009036779
2187,0.387308,0.044283606,0.068498075,0.04995784,0.31880993,-0.0056742355
2188,0.3666305,0.081137195,0.09884606,0.07585748,0.26778442,0.0052797124
2189,0.5411896,0.06730598,0.122568324,0.091578245,0.4186213,-0.024272263
2190,0.5520959,0.09387596,0.11711821,0.08945676,0.43497768,0.0044192
2191,0.4682876,0.08388149,0.109333,0.07949026,0.35895458,0.0043912306
2192,0.3790694,0.094108656,0.10577238,0.08118051,0.273297,0.012928143
2193,0.34429714,0.049611755,0.06407081,0.042516876,0.28022632,0.0070948787
2194,0.73887676,0.17901354,0.1743327,0.13481347,0.5645441,0.044200063
2195,0.4055978,0.04212042,0.06230365,0.044604152,0.34329414,-0.002483733
2196,0.378338,0.07875764,0.09874231,0.07141959,0.2795957,0.0073380545
2197,0.4873542,0.08615991,0.10041165,0.07445449,0.38694254,0.011705421
2198,0.59865457,0.080016315,0.10604312,0.07221892,0.49261144,0.0077973977
2199,0.4154486,0.09601521,0.08220789,0.0555263,0.33324072,0.040488906
2200,0.52611876,0.08068915,0.10869366,0.076543465,0.4174251,0.004145682
2201,0.31395927,0.042085025,0.058782134,0.044857778,0.25517714,-0.0027727522
2202,0.5714607,0.064836115,0.084199995,0.057434306,0.48726073,0.007401809
2203,0.38068727,0.062439993,0.078386225,0.056551028,0.30230105,0.005888965
2204,0.5750229,0.07307857,0.109551094,0.07828927,0.46547177,-0.0052106977
2205,0.53843606,0.056180317,0.113810845,0.075430796,0.42462522,-0.019250479
2206,0.3605256,0.074781336,0.09404758,0.06591413,0.26647803,0.008867204
2207,0.41088802,0.07599446,0.102273524,0.0689816,0.3086145,0.007012859
2208,0.6897799,0.094029576,0.13413557,0.09884327,0.5556443,-0.0048136935
2209,0.4073337,0.07851818,0.08513448,0.06215979,0.32219923,0.01635839
2210,0.13235345,0.03757878,0.039107047,0.029337995,0.09324641,0.008240785
2211,0.4133256,0.044714905,0.08626325,0.056034952,0.32706237,-0.011320047
2212,0.44800335,0.07400039,0.09507509,0.06957182,0.35292825,0.0044285655
2213,0.5768173,0.082962275,0.113502674,0.07970329,0.4633146,0.0032589883
2214,0.5556631,0.09055029,0.09623273,0.07276977,0.4594304,0.01778052
2215,0.60348266,0.13508539,0.16300932,0.10467141,0.44047335,0.030413978
2216,0.4118734,0.059276395,0.08962898,0.059490167,0.3222444,-0.00021377206
2217,0.30353212,0.07069886,0.08247651,0.05642584,0.22105561,0.014273018
2218,0.37590367,0.05531192,0.070945606,0.048540786,0.30495805,0.0067711323
2219,0.4248463,0.0698936,0.08618056,0.059025947,0.33866572,0.010867652
2220,0.4526846,0.022563625,0.08185583,0.05731235,0.37082878,-0.034748726
2221,0.19539621,0.01895885,0.037951324,0.029634103,0.1574449,-0.010675253
2222,0.41975382,0.05721594,0.083131865,0.061311025,0.33662194,-0.004095085
2223,0.47164184,0.07633976,0.09944715,0.07419905,0.37219468,0.0021407083
2224,0.73533106,0.2155251,0.18165867,0.1436933,0.5536724,0.07183181
2225,0.48177934,0.05650375,0.063994944,0.045739867,0.4177844,0.010763884
2226,0.55631244,0.08474475,0.08738218,0.05898643,0.46893024,0.025758322
2227,0.46688443,0.08826029,0.1119803,0.07939927,0.35490415,0.00886102
2228,0.35309553,0.034822017,0.040562242,0.030405778,0.3125333,0.0044162385
2229,0.37290698,0.08710879,0.08706729,0.065733,0.28583968,0.02137579
2230,0.3324051,0.028096767,0.07775876,0.053765565,0.25464633,-0.025668798
2231,0.43856463,0.1209313,0.16500875,0.12118642,0.27355587,-0.00025512278
2232,0.29891533,0.047046315,0.053095117,0.039085522,0.24582021,0.007960793
2233,0.46086642,0.061577745,0.08307301,0.05977452,0.3777934,0.001803223
2234,0.44805437,0.08614656,0.08271017,0.06407344,0.3653442,0.02207312
2235,0.6246062,0.11681078,0.16762991,0.11864462,0.4569763,-0.0018338412
2236,0.59658587,0.07718717,0.13170964,0.09035754,0.46487623,-0.013170369
2237,0.32666704,0.07335318,0.08525224,0.062311765,0.2414148,0.011041414
2238,0.6081829,0.06885003,0.087866575,0.06135149,0.52031636,0.0074985437
2239,0.5466028,0.09886823,0.12993988,0.09401523,0.4166629,0.0048529953
2240,0.6427772,0.07681424,0.10980957,0.08229582,0.5329676,-0.0054815784
2241,0.47380787,0.11589032,0.13008413,0.0916171,0.34372374,0.024273217
2242,0.4970641,0.072516724,0.10261699,0.07046731,0.39444712,0.0020494163
2243,0.39976385,0.05445469,0.06468401,0.047583614,0.33507985,0.006871078
2244,0.514544,0.08748966,0.11284687,0.0826148,0.40169713,0.0048748553
2245,0.5440355,0.056460887,0.075280435,0.05015576,0.46875507,0.0063051283
2246,0.48589015,0.0754248,0.09973083,0.07029802,0.38615933,0.0051267743
2247,0.4108074,0.08245265,0.086461246,0.06458867,0.32434615,0.017863974
2248,0.48143706,0.05102318,0.087632425,0.068406746,0.39380464,-0.017383564
2249,0.5392686,0.08432824,0.09670082,0.07146642,0.4425678,0.012861818
2250,0.5410769,0.12081717,0.11791249,0.08137807,0.4231644,0.039439097
2251,0.32601744,0.039082065,0.057969175,0.03986806,0.26804826,-0.0007859953
2252,0.5385133,0.06693683,0.08323489,0.058893804,0.4552784,0.008043025
2253,0.56109613,0.061960336,0.082813285,0.057593517,0.47828284,0.004366819
2254,0.5197802,0.093953334,0.12722954,0.092084445,0.39255068,0.0018688887
2255,0.45913547,0.06374721,0.095406435,0.06453889,0.36372903,-0.00079167634
2256,0.47992486,0.14217128,0.1493362,0.11561408,0.33058864,0.0265572
2257,0.4348336,0.05937393,0.069335826,0.048962813,0.36549777,0.010411117
2258,0.5313512,0.105448656,0.11981531,0.085972145,0.4115359,0.01947651
2259,0.38014692,0.04135895,0.077411674,0.05144313,0.30273524,-0.010084178
2260,0.6757249,0.13351707,0.1551039,0.102783404,0.520621,0.030733667
2261,0.45656806,0.02822757,0.04830034,0.030416606,0.40826774,-0.0021890365
2262,0.2899196,0.046665985,0.09012202,0.062111866,0.1997976,-0.015445881
2263,0.4661348,0.054321315,0.09841821,0.06805152,0.36771658,-0.013730202
2264,0.54653805,0.063363,0.09439302,0.06251256,0.45214504,0.0008504391
2265,0.35963088,0.05831812,0.09984062,0.07220867,0.25979027,-0.013890553
2266,0.48260966,0.042031515,0.0669323,0.051090203,0.41567737,-0.009058688
2267,0.3830021,0.06210014,0.066966064,0.05144303,0.31603605,0.010657109
2268,0.43259746,0.052612282,0.09409749,0.06313808,0.33849996,-0.0105258
2269,0.5199386,0.08912973,0.10989437,0.071953535,0.41004422,0.017176196
2270,0.3960431,0.047467608,0.07809995,0.049066566,0.31794316,-0.0015989579
2271,0.18217836,0.040397067,0.041070193,0.02755385,0.14110817,0.012843216
2272,0.57731605,0.073398955,0.10238986,0.070193246,0.47492617,0.0032057092
2273,0.47936252,0.03051398,0.047840174,0.031236041,0.43152234,-0.00072206184
2274,0.5464746,0.074677974,0.116731845,0.079359345,0.42974272,-0.004681371
2275,0.38380176,0.05300997,0.08450743,0.06414726,0.29929432,-0.011137288
2276,0.5074861,0.1552792,0.17536408,0.13197115,0.33212203,0.023308054
2277,0.46148995,0.08089835,0.084128685,0.06409911,0.37736127,0.016799241
2278,0.5796306,0.084884286,0.10650256,0.07043419,0.47312805,0.014450096
2279,0.16453804,0.030281927,0.038852647,0.028785827,0.1256854,0.0014961008
2280,0.4788092,0.076677255,0.124902375,0.08446233,0.35390684,-0.0077850744
2281,0.54704356,0.07288804,0.12335365,0.08054775,0.4236899,-0.007659711
2282,0.4153052,0.05280539,0.05920562,0.044761613,0.35609958,0.008043777
2283,0.57324743,0.07917956,0.11202096,0.078101575,0.46122646,0.0010779873
2284,0.5146692,0.04840367,0.0931729,0.062178336,0.42149627,-0.013774667
2285,0.6044785,0.06595345,0.09051106,0.06484487,0.5139674,0.0011085793
2286,0.5863991,0.1227445,0.12227902,0.09500218,0.46412006,0.027742319
2287,0.32686317,0.045929763,0.056380644,0.043982893,0.27048254,0.0019468702
2288,0.21824463,0.066161245,0.05715566,0.04062157,0.16108897,0.025539674
2289,0.3135491,0.06963958,0.07883093,0.054532018,0.23471817,0.015107561
2290,0.5128491,0.061940715,0.07739569,0.05739847,0.43545341,0.0045422465
2291,0.5478251,0.06588531,0.11659571,0.07032809,0.43122938,-0.0044427738
2292,0.45071334,0.10089415,0.13335295,0.08553529,0.3173604,0.015358865
2293,0.44129145,0.05361,0.071726866,0.04552681,0.3695646,0.008083191
2294,0.43936026,0.1063704,0.1033436,0.0704855,0.33601665,0.035884894
2295,0.54773116,0.058686744,0.08859191,0.05895257,0.45913926,-0.00026582554
2296,0.46099868,0.070476644,0.086596735,0.06668199,0.37440196,0.0037946552
2297,0.7156125,0.038806025,0.09353039,0.074088514,0.6220821,-0.03528249
2298,0.43604806,0.07793672,0.10206549,0.080988295,0.3339826,-0.003051579
2299,0.46487737,0.048414517,0.08093114,0.062452644,0.38394624,-0.014038127
2300,0.76769215,0.0900843,0.15611057,0.11479601,0.61158156,-0.024711713
2301,0.5289023,0.11062637,0.12196034,0.08781975,0.40694195,0.022806622
2302,0.34741244,0.07687079,0.09072163,0.067543246,0.2566908,0.009327546
2303,0.52183735,0.04432441,0.09542347,0.062034294,0.4264139,-0.017709885
2304,0.45494485,0.08428517,0.10905799,0.07315931,0.34588686,0.011125863
2305,0.4061127,0.092341125,0.10582573,0.07799525,0.30028698,0.014345877
2306,0.6304685,0.06849776,0.10686755,0.07512982,0.52360094,-0.00663206
2307,0.5868771,0.061633427,0.08597214,0.06273851,0.500905,-0.0011050813
2308,0.50093675,0.063075356,0.07730733,0.0523973,0.4236294,0.010678057
2309,0.4317458,0.060357686,0.088100955,0.05945894,0.34364486,0.0008987449
2310,0.43139493,0.03934096,0.06587469,0.046076104,0.36552024,-0.0067351423
2311,0.31912798,0.042476833,0.08239106,0.05864602,0.23673692,-0.016169187
2312,0.5030202,0.07885363,0.10196158,0.0673598,0.40105864,0.011493832
2313,0.4937219,0.088652655,0.08962206,0.0676463,0.40409985,0.021006353
2314,0.4635643,0.0709324,0.10193457,0.07262653,0.36162972,-0.0016941279
2315,0.549118,0.113892406,0.09935093,0.07349777,0.44976705,0.040394634
2316,0.40300357,0.09319125,0.12602358,0.0894976,0.27697998,0.0036936477
2317,0.425024,0.06915091,0.10119987,0.07473364,0.32382414,-0.0055827275
2318,0.44594398,0.10547276,0.12654978,0.099789135,0.3193942,0.0056836233
2319,0.5123102,0.06493385,0.08153491,0.06048821,0.43077528,0.0044456422
2320,0.36106154,0.12097731,0.08335763,0.06267089,0.2777039,0.058306426
2321,0.3387394,0.05908218,0.09517633,0.06890609,0.24356306,-0.009823911
2322,0.45116577,0.06678951,0.098286696,0.07556062,0.35287908,-0.008771114
2323,0.47020555,0.031625766,0.07149204,0.047796544,0.3987135,-0.016170777
2324,0.6151257,0.080137655,0.11315362,0.087899715,0.5019721,-0.0077620596
2325,0.51761645,0.096835576,0.08928701,0.062329836,0.42832944,0.03450574
2326,0.568813,0.08126324,0.092314556,0.0700013,0.47649848,0.01126194
2327,0.5260249,0.08372043,0.09334235,0.067362,0.4326825,0.016358428
2328,0.6353006,0.069364056,0.109352976,0.08031307,0.5259476,-0.010949016
2329,0.35443193,0.04902557,0.07251311,0.051871408,0.28191882,-0.0028458387
2330,0.42015415,0.07113412,0.07925665,0.053944215,0.3408975,0.017189905
2331,0.45107904,0.089297384,0.10919895,0.074551865,0.34188008,0.014745519
2332,0.5187091,0.040773697,0.08091049,0.053150434,0.43779862,-0.012376737
2333,0.43090102,0.08721485,0.08345296,0.061857034,0.34744805,0.025357816
2334,0.49413916,0.099371515,0.14035939,0.09237999,0.3537798,0.006991528
2335,0.43881896,0.075395085,0.10374208,0.0638149,0.33507687,0.011580184
2336,0.27224672,0.035766836,0.04779306,0.03890948,0.22445366,-0.0031426437
2337,0.5220745,0.04847319,0.08381949,0.05456522,0.438255,-0.0060920306
2338,0.4893448,0.07973397,0.091750056,0.065653674,0.39759475,0.0140802935
2339,0.3096198,0.057734378,0.05629889,0.043175474,0.25332093,0.014558904
2340,0.44158438,0.07568531,0.07761381,0.06018717,0.36397058,0.015498139
2341,0.47510442,0.1093279,0.1146524,0.078716286,0.36045203,0.030611612
2342,0.57321304,0.044121064,0.114679486,0.07759126,0.45853356,-0.0334702
2343,0.598289,0.09627761,0.11879632,0.08023505,0.4794927,0.01604256
2344,0.4301406,0.06443538,0.105532914,0.08153765,0.3246077,-0.017102271
2345,0.37251943,0.038824998,0.05458213,0.03714967,0.3179373,0.0016753264
2346,0.3552493,0.057963517,0.061165147,0.047450524,0.29408413,0.010512993
2347,0.47264412,0.06866088,0.08045496,0.062557735,0.39218915,0.006103143
2348,0.36244965,0.06310506,0.11028754,0.07512374,0.2521621,-0.012018681
2349,0.4833009,0.053481944,0.08723578,0.063473456,0.39606512,-0.009991512
2350,0.50867003,0.068148024,0.11890408,0.089452274,0.38976595,-0.02130425
2351,0.4347908,0.08444688,0.17351387,0.12871754,0.2612769,-0.044270664
2352,0.50309616,0.01776231,0.03652623,0.02263535,0.46656993,-0.004873039
2353,0.29372838,0.02189958,0.05163023,0.03287763,0.24209815,-0.010978052
2354,0.45261264,0.047676563,0.085729904,0.063641965,0.36688274,-0.015965402
2355,0.44536775,0.050390597,0.064960234,0.049509622,0.3804075,0.0008809753
2356,0.54204553,0.07288681,0.083003424,0.062072482,0.4590421,0.010814328
2357,0.50161016,0.13075049,0.11172867,0.08383014,0.3898815,0.04692035
2358,0.40264282,0.07429079,0.08570876,0.06828278,0.31693405,0.0060080066
2359,0.59321177,0.08980785,0.10789101,0.07473446,0.48532075,0.015073396
2360,0.3849933,0.059873752,0.092546724,0.062684394,0.29244658,-0.0028106421
2361,0.39597452,0.07922021,0.10751575,0.078615196,0.28845876,0.00060501695
2362,0.52395296,0.042840924,0.07450479,0.050231393,0.44944817,-0.0073904693
2363,0.3666627,0.055745713,0.08813402,0.05731049,0.2785287,-0.0015647784
2364,0.51806545,0.09080204,0.107935704,0.07972207,0.41012976,0.0110799745
2365,0.42598587,0.066115156,0.0885595,0.06355639,0.33742636,0.0025587678
2366,0.4054271,0.042442724,0.07261317,0.055699196,0.33281392,-0.013256472
2367,0.5042457,0.08814083,0.11778099,0.08385691,0.38646472,0.00428392
2368,0.48925194,0.100325294,0.120658636,0.08991227,0.3685933,0.010413021
2369,0.3916578,0.09262018,0.0910608,0.07184832,0.300597,0.020771861
2370,0.3072302,0.042726725,0.07599276,0.05117261,0.23123744,-0.008445885
2371,0.5783411,0.1068462,0.13174124,0.09676112,0.4465999,0.010085076
2372,0.40158257,0.07713004,0.09261814,0.06926744,0.30896443,0.007862605
2373,0.48500532,0.092065185,0.08697906,0.058405846,0.39802626,0.03365934
2374,0.62997603,0.09085541,0.1317084,0.09613261,0.49826765,-0.0052772015
2375,0.51550835,0.10273652,0.10545161,0.07492387,0.41005674,0.027812645
2376,0.5548018,0.05449369,0.08608725,0.060854927,0.46871457,-0.006361235
2377,0.36565062,0.030743463,0.05069827,0.034531597,0.31495234,-0.003788134
2378,0.43509242,0.09811057,0.091468595,0.06478031,0.34362382,0.03333026
2379,0.5675088,0.052426036,0.09591593,0.06294979,0.4715929,-0.010523755
2380,0.477973,0.059712846,0.08581471,0.06264873,0.3921583,-0.0029358827
2381,0.49187657,0.07953504,0.09938822,0.079380825,0.39248836,0.00015421212
2382,0.47207314,0.0695848,0.089622796,0.06629944,0.38245034,0.0032853633
2383,0.57263404,0.06887846,0.09306261,0.05778551,0.47957143,0.011092946
2384,0.3807539,0.07687125,0.094673224,0.06118677,0.2860807,0.015684482
2385,0.46325973,0.10086466,0.09674165,0.075875975,0.36651808,0.024988689
2386,0.51992065,0.053707164,0.068281986,0.04819374,0.45163867,0.005513422
2387,0.4159112,0.086679325,0.10767421,0.07550029,0.308237,0.011179037
2388,0.48641774,0.061283648,0.1070305,0.06946363,0.37938723,-0.008179985
2389,0.41767454,0.0961482,0.111082,0.075463325,0.30659252,0.020684876
2390,0.44932213,0.08156929,0.09112001,0.06861342,0.35820213,0.012955874
2391,0.43253058,0.06176405,0.08000278,0.056340102,0.3525278,0.005423948
2392,0.45951363,0.055717565,0.09033533,0.06476015,0.3691783,-0.009042583
2393,0.3711511,0.066034034,0.069913045,0.055800263,0.30123806,0.010233771
2394,0.16787997,0.032326743,0.04752727,0.030506425,0.1203527,0.0018203184
2395,0.41022614,0.091460325,0.104881756,0.07765767,0.30534437,0.013802655
2396,0.5447682,0.08245295,0.10799746,0.07301286,0.43677074,0.009440094
2397,0.24859765,0.06618175,0.06653688,0.05293562,0.18206078,0.01324613
2398,0.6145311,0.030480074,0.08636811,0.04927154,0.528163,-0.018791465
2399,0.3036978,0.052581664,0.056983177,0.04199718,0.24671462,0.010584485
2400,0.52274555,0.092266716,0.12788014,0.09664243,0.3948654,-0.004375711
2401,0.49193326,0.080088496,0.14028254,0.09366758,0.3516507,-0.0135790855
2402,0.5872789,0.07978659,0.11202877,0.08249331,0.47525012,-0.0027067214
2403,0.47785515,0.081930704,0.09975546,0.06931933,0.37809968,0.012611374
2404,0.440808,0.04467819,0.09328672,0.062278233,0.34752128,-0.017600045
2405,0.18219496,0.027570374,0.035923272,0.02462748,0.14627169,0.0029428937
2406,0.40044415,0.08011326,0.10497695,0.06681896,0.2954672,0.013294302
2407,0.38156062,0.06770224,0.08457272,0.061026193,0.2969879,0.006676048
2408,0.48104402,0.06928693,0.09526357,0.061403517,0.38578045,0.007883411
2409,0.5661542,0.09290922,0.0944001,0.06974059,0.47175407,0.023168623
2410,0.4168121,0.073007524,0.073609,0.052639637,0.3432031,0.020367887
2411,0.5347591,0.06314527,0.10698476,0.07395556,0.42777434,-0.010810286
2412,0.6305875,0.13569294,0.13563244,0.098747164,0.49495506,0.036945775
2413,0.3659645,0.053124443,0.0598099,0.04471624,0.3061546,0.008408204
2414,0.48271847,0.056527972,0.06868433,0.05284939,0.41403413,0.0036785826
2415,0.4702256,0.07666142,0.09334786,0.06912418,0.37687773,0.0075372458
2416,0.35806817,0.0532411,0.08588004,0.056962382,0.27218813,-0.003721282
2417,0.465004,0.06604737,0.10089126,0.07627609,0.36411273,-0.010228723
2418,0.42821756,0.09161645,0.0966104,0.07303016,0.33160716,0.018586293
2419,0.39857242,0.042144254,0.05507196,0.04150604,0.34350047,0.000638213
2420,0.5020189,0.06721672,0.09510588,0.06594979,0.40691304,0.0012669265
2421,0.42879874,0.060859058,0.10242458,0.079663344,0.32637417,-0.018804286
2422,0.41575396,0.048169024,0.07783931,0.04775534,0.33791465,0.00041368604
2423,0.5173697,0.09004054,0.09159384,0.062282905,0.42577586,0.027757637
2424,0.4232062,0.095653,0.10585514,0.076913156,0.31735107,0.018739842
2425,0.43330592,0.0856611,0.07262466,0.05408995,0.36068127,0.03157115
2426,0.5017829,0.07325093,0.10481193,0.07231732,0.39697096,0.0009336099
2427,0.40823513,0.058142398,0.09677091,0.066375226,0.31146422,-0.008232828
2428,0.41559082,0.056021295,0.084612824,0.05670648,0.330978,-0.0006851852
2429,0.44665405,0.106254384,0.115385406,0.09008996,0.33126864,0.016164422
2430,0.37861782,0.07298907,0.0926674,0.06719243,0.28595042,0.005796641
2431,0.5098201,0.07823377,0.11255165,0.076073065,0.39726844,0.0021607056
2432,0.4412552,0.06773131,0.11047439,0.07613942,0.3307808,-0.008408107
2433,0.50597787,0.057697844,0.09618906,0.06791582,0.40978882,-0.010217976
2434,0.4489465,0.046505876,0.07904025,0.052677613,0.36990625,-0.006171737
2435,0.46147543,0.11513082,0.14180747,0.10655386,0.31966797,0.008576959
2436,0.55470186,0.05779821,0.07638798,0.05269486,0.4783139,0.0051033497
2437,0.45148575,0.088513665,0.10085668,0.07347227,0.3506291,0.015041396
2438,0.5057882,0.0932672,0.10213058,0.07221242,0.40365762,0.021054782
2439,0.45477358,0.0652391,0.071794346,0.056959856,0.3829792,0.008279245
2440,0.45247543,0.094506755,0.11676879,0.081222035,0.33570665,0.0132847205
2441,0.41568574,0.053849656,0.08405889,0.05814909,0.33162686,-0.004299432
2442,0.63315123,0.11656854,0.12917139,0.09042306,0.50397986,0.02614548
2443,0.3953205,0.060492326,0.07540889,0.05631203,0.3199116,0.0041802973
2444,0.65317917,0.09830752,0.114007406,0.08386155,0.53917176,0.014445968
2445,0.47649923,0.061476853,0.10903591,0.07010271,0.36746332,-0.008625854
2446,0.6286889,0.0035109713,0.033584345,0.018189922,0.5951045,-0.01467895
2447,0.6436099,0.09061405,0.13611206,0.09399037,0.5074978,-0.00337632
2448,0.29312915,0.042069115,0.058438867,0.040951792,0.23469028,0.0011173226
2449,0.45606244,0.082045004,0.104267016,0.07303062,0.35179543,0.009014383
2450,0.4255269,0.08029136,0.09526671,0.066042244,0.3302602,0.014249116
2451,0.3886321,0.07946229,0.08779069,0.06048106,0.3008414,0.01898123
2452,0.37227595,0.1055052,0.11348748,0.086014725,0.25878847,0.019490473
2453,0.6393656,0.07326787,0.11394964,0.080167875,0.52541596,-0.006900005
2454,0.49156952,0.06542615,0.08710027,0.060777508,0.40446925,0.0046486408
2455,0.43347216,0.075110756,0.10516984,0.075076714,0.32830232,3.4041703e-05
2456,0.33091897,0.04116736,0.059765905,0.04143792,0.27115306,-0.00027056038
2457,0.5410183,0.057979174,0.07992033,0.054399658,0.461098,0.003579516
2458,0.5889614,0.0814915,0.09167256,0.06658277,0.49728885,0.014908731
2459,0.46828896,0.09243465,0.1009215,0.07687493,0.36736745,0.015559725
2460,0.5000863,0.05108827,0.0637623,0.046596546,0.436324,0.004491724
2461,0.58390135,0.08092886,0.12574486,0.086764164,0.45815647,-0.005835302
2462,0.5278937,0.08094087,0.090350285,0.0679104,0.43754345,0.013030469
2463,0.4430013,0.10671958,0.10441217,0.07193235,0.33858913,0.03478723
2464,0.44213843,0.032406446,0.0866883,0.057933703,0.35545012,-0.025527257
2465,0.5922036,0.0968197,0.12150454,0.08462648,0.47069907,0.012193218
2466,0.52706,0.091526374,0.104510784,0.07459811,0.4225492,0.016928263
2467,0.4103569,0.10064687,0.09142834,0.07212837,0.31892857,0.028518498
2468,0.4729345,0.11370303,0.1197695,0.080776125,0.35316503,0.032926902
2469,0.31037325,0.123668574,0.09877536,0.074330114,0.21159789,0.04933846
2470,0.54588914,0.122597545,0.086223945,0.066677876,0.45966518,0.05591967
2471,0.5889177,0.10065412,0.13504964,0.086646296,0.45386803,0.014007822
2472,0.4422155,0.07349571,0.10589122,0.07932286,0.33632427,-0.0058271512
2473,0.2554106,0.055245087,0.054364514,0.03916671,0.2010461,0.016078375
2474,0.35392782,0.07476221,0.0743204,0.052394573,0.27960742,0.022367638
2475,0.5481177,0.0646665,0.09385774,0.06897923,0.45425996,-0.0043127313
2476,0.44217783,0.060626283,0.09079729,0.061634604,0.35138053,-0.0010083206
2477,0.4835054,0.0671084,0.082442015,0.060464095,0.40106338,0.006644305
2478,0.36978534,0.07147664,0.08730938,0.060865518,0.28247595,0.010611121
2479,0.4891223,0.099199995,0.09971626,0.078617714,0.38940603,0.020582281
2480,0.43607578,0.087530546,0.11953433,0.08240613,0.31654143,0.0051244125
2481,0.5108079,0.073862456,0.10150771,0.07570699,0.40930015,-0.0018445328
2482,0.44748917,0.10438231,0.1040019,0.08021151,0.34348726,0.024170794
2483,0.34885183,0.06256438,0.088391684,0.05822498,0.26046014,0.0043394007
2484,0.66620827,0.14422251,0.1854138,0.1352627,0.4807945,0.008959815
2485,0.43282965,0.03409457,0.08052411,0.054564446,0.35230553,-0.020469878
2486,0.46881452,0.072121896,0.07941895,0.056608643,0.38939556,0.0155132525
2487,0.60387135,0.08828165,0.10287429,0.07540803,0.50099707,0.01287362
2488,0.5306935,0.07186113,0.11966507,0.08417505,0.4110284,-0.012313917
2489,0.52409554,0.06859739,0.08678167,0.065229654,0.43731385,0.003367737
2490,0.4656782,0.12879996,0.16244553,0.12406737,0.30323267,0.0047325864
2491,0.48743343,0.05807573,0.09901095,0.0702101,0.3884225,-0.012134369
2492,0.5337591,0.06780267,0.09166655,0.06345372,0.44209257,0.0043489486
2493,0.38542953,0.04952645,0.059003428,0.039339606,0.3264261,0.010186844
2494,0.30336055,0.09752847,0.088223994,0.058126453,0.21513656,0.03940202
2495,0.42657134,0.07608637,0.07280149,0.048035778,0.35376984,0.028050594
2496,0.5215755,0.07421466,0.08981884,0.057188343,0.43175668,0.017026316
2497,0.44076952,0.058494344,0.09458479,0.06257588,0.34618473,-0.0040815324
2498,0.44130558,0.08516775,0.10869252,0.077683635,0.33261305,0.0074841157
2499,0.40330127,0.05764927,0.083236866,0.05844217,0.3200644,-0.00079290196
2500,0.43832415,0.07350168,0.0933066,0.06463893,0.34501755,0.008862749
2501,0.57390904,0.0628598,0.10555241,0.07063984,0.46835664,-0.007780038
2502,0.6812334,0.088691816,0.12391822,0.08731859,0.5573152,0.001373224
2503,0.37126955,0.06668749,0.073141515,0.057280354,0.29812804,0.009407133
2504,0.38088205,0.011540306,0.025231816,0.019228261,0.35565025,-0.007687955
2505,0.34227312,0.060920224,0.087599084,0.06449621,0.25467402,-0.003575988
2506,0.4157348,0.050241873,0.08918877,0.055372577,0.326546,-0.0051307045
2507,0.52780426,0.12012171,0.14929862,0.10699909,0.37850565,0.013122618
2508,0.39991102,0.10733418,0.10387122,0.07443283,0.2960398,0.032901354
2509,0.4969261,0.124599926,0.1554721,0.111047715,0.341454,0.013552211
2510,0.54910135,0.076070026,0.0858825,0.058512688,0.46321887,0.017557338
2511,0.48098096,0.0764206,0.097911365,0.06587581,0.3830696,0.010544784
2512,0.46134114,0.040055905,0.07007217,0.04661315,0.39126897,-0.006557245
2513,0.5574597,0.03823027,0.07362176,0.042856384,0.48383796,-0.004626114
2514,0.50385785,0.04945534,0.09884103,0.06919964,0.40501684,-0.019744296
2515,0.5522792,0.05516937,0.08778015,0.060626518,0.46449903,-0.005457148
2516,0.4532279,0.07861595,0.10876777,0.077228844,0.34446013,0.0013871044
2517,0.47975937,0.07813324,0.098229,0.07153689,0.38153037,0.006596349
2518,0.49125716,0.059257317,0.07090662,0.05049627,0.42035055,0.008761048
2519,0.7127482,0.13560116,0.14666152,0.10817486,0.5660867,0.027426302
2520,0.47083575,0.06761472,0.07653988,0.057698432,0.39429587,0.009916287
2521,0.3984367,0.059683856,0.09477653,0.06657202,0.30366015,-0.0068881623
2522,0.53398335,0.09675583,0.10512237,0.0762528,0.42886096,0.02050303
2523,0.4122662,0.050741542,0.06644643,0.047602315,0.34581977,0.0031392276
2524,0.44158754,0.064991675,0.078817256,0.05672373,0.3627703,0.008267947
2525,0.4528442,0.09383887,0.12775046,0.093511,0.32509375,0.00032787025
2526,0.53110313,0.07909706,0.09680437,0.0698457,0.43429875,0.009251364
2527,0.20776214,0.024580225,0.03785722,0.023007598,0.16990492,0.0015726276
2528,0.5380784,0.044724558,0.06981756,0.052775968,0.46826088,-0.00805141
2529,0.4196425,0.07827897,0.08188346,0.059185572,0.33775905,0.019093402
2530,0.54846495,0.052174103,0.06141887,0.041147485,0.4870461,0.011026617
2531,0.5463921,0.13570389,0.14245543,0.102507345,0.40393665,0.033196546
2532,0.5544181,0.05723662,0.13257799,0.08657965,0.4218401,-0.029343031
2533,0.5016632,0.117424436,0.13402787,0.092531435,0.36763534,0.024893
2534,0.56057835,0.0705061,0.0926259,0.059782907,0.46795243,0.010723196
2535,0.60247314,0.06856811,0.09024675,0.058061685,0.5122264,0.010506425
2536,0.37984884,0.07802515,0.09348733,0.071447715,0.28636152,0.006577432
2537,0.50102097,0.09179514,0.10597556,0.07317003,0.3950454,0.01862511
2538,0.5480543,0.10864711,0.12212089,0.08778783,0.4259334,0.020859279
2539,0.44651476,0.05067325,0.082792304,0.059564415,0.36372244,-0.008891165
2540,0.4337099,0.02518867,0.060500845,0.04157369,0.37320906,-0.016385019
2541,0.617743,0.110748604,0.16215384,0.11548431,0.45558918,-0.0047357082
2542,0.7394163,0.09349926,0.11801726,0.089462556,0.62139904,0.004036702
2543,0.29529822,0.06415349,0.10384833,0.065431096,0.19144988,-0.0012776032
2544,0.47863954,0.04237107,0.09976879,0.06866992,0.37887076,-0.026298855
2545,0.58110785,0.07156587,0.11009315,0.07614562,0.4710147,-0.0045797527
2546,0.46647513,0.09170151,0.12104778,0.08790935,0.34542733,0.0037921593
2547,0.46592623,0.051269796,0.06784167,0.050197158,0.39808455,0.0010726377
2548,0.46062502,0.062053103,0.06742395,0.04762001,0.39320108,0.014433093
2549,0.41103792,0.102166995,0.094894975,0.07368806,0.31614295,0.028478935
2550,0.50602186,0.06791667,0.10329713,0.074879,0.40272474,-0.006962329
2551,0.42365023,0.062376954,0.07498943,0.052887574,0.3486608,0.00948938
2552,0.40768555,0.037616365,0.077422224,0.06010692,0.33026332,-0.022490554
2553,0.4446925,0.059992056,0.08776798,0.057954535,0.3569245,0.0020375215
2554,0.6100464,0.09205013,0.14368719,0.099262714,0.4663592,-0.0072125867
2555,0.46948794,0.06750412,0.09136657,0.061283022,0.37812138,0.0062211007
2556,0.5193736,0.07953781,0.0995506,0.066764094,0.419823,0.012773715
2557,0.40313283,0.049285207,0.08082078,0.054506313,0.32231206,-0.005221106
2558,0.3648538,0.04961446,0.06570272,0.047636323,0.29915106,0.0019781366
2559,0.5437814,0.07320701,0.11584398,0.08433041,0.42793742,-0.011123396
