feature_idx,seq_effect_obs,struct_effect_obs,seq_effect_shuffle,struct_effect_shuffle,seq_delta,struct_delta
0,0.43219814,0.10818046,0.10138733,0.067595534,0.33081082,0.04058493
1,0.25460678,0.039995357,0.07146157,0.048135232,0.18314521,-0.008139875
2,0.32289818,0.04587681,0.04938487,0.036771346,0.27351332,0.009105463
3,0.45363364,0.022161942,0.06446871,0.039584316,0.38916492,-0.017422374
4,0.13128567,0.030998914,0.031029804,0.024446554,0.10025586,0.006552359
5,0.29581606,0.056669176,0.08544651,0.064385645,0.21036956,-0.0077164695
6,0.27370343,0.049307205,0.07430863,0.04518885,0.19939479,0.004118353
7,0.5210132,0.02447146,0.05674191,0.042349447,0.4642713,-0.017877987
8,0.42626458,0.08221432,0.06962914,0.051547445,0.35663545,0.030666873
9,0.29924715,0.03210961,0.06118665,0.039447326,0.2380605,-0.0073377155
10,0.16374813,0.025947418,0.03532863,0.026119506,0.1284195,-0.00017208792
11,0.43134052,0.055266973,0.04861174,0.034940068,0.3827288,0.020326905
12,0.37823293,0.05289105,0.063670866,0.048794337,0.31456205,0.004096713
13,0.48540282,0.08791062,0.12555315,0.09330589,0.3598497,-0.005395271
14,0.26029083,0.033483576,0.0466126,0.03176484,0.21367823,0.0017187372
15,0.3667826,0.025872666,0.050065923,0.036530625,0.31671667,-0.010657959
16,0.34240782,0.057894308,0.06695712,0.044350218,0.2754507,0.01354409
17,0.3804448,0.076235525,0.055620432,0.04045948,0.32482436,0.035776045
18,0.43455037,0.0752101,0.07946415,0.0624834,0.3550862,0.012726702
19,0.34338066,0.03847814,0.05319258,0.04036833,0.29018807,-0.00189019
20,0.5523115,0.02703479,0.087564506,0.053316526,0.46474698,-0.026281737
21,0.37244236,0.04687513,0.05608792,0.04704222,0.31635445,-0.00016709045
22,0.43992937,0.05452947,0.08724323,0.048701268,0.35268614,0.005828202
23,0.2902631,0.011674462,0.021957403,0.017986227,0.2683057,-0.006311765
24,0.3680497,0.099953875,0.08718657,0.06449149,0.28086314,0.035462387
25,0.3046526,0.03627498,0.0506822,0.04114425,0.2539704,-0.004869271
26,0.6149658,0.09054782,0.11382417,0.08176043,0.5011416,0.008787394
27,0.14128172,0.0384653,0.02468095,0.01936727,0.116600774,0.019098029
28,0.5821764,0.08608943,0.13664751,0.09545801,0.44552886,-0.009368576
29,0.3740681,0.042289693,0.049852367,0.03535541,0.32421574,0.0069342814
30,0.24966282,0.11228062,0.08026373,0.058798358,0.16939908,0.053482264
31,0.29444304,0.05633195,0.06088438,0.046157137,0.23355865,0.010174815
32,0.37262893,0.028566197,0.051169544,0.04153272,0.32145938,-0.012966525
33,0.3640062,0.025166774,0.049644485,0.033077527,0.3143617,-0.007910753
34,0.4282527,0.04512408,0.06914533,0.046694297,0.35910738,-0.0015702173
35,0.42327148,0.029750032,0.048049018,0.036552917,0.37522244,-0.006802885
36,0.4262696,0.051955093,0.073161066,0.052724324,0.35310853,-0.00076923147
37,0.4680331,0.046131786,0.040539656,0.028868908,0.42749345,0.017262878
38,0.2814297,0.07770907,0.05890639,0.043070044,0.22252332,0.034639027
39,0.5808724,0.06985634,0.11389907,0.081627175,0.46697336,-0.011770837
40,0.11077663,0.087022364,0.06060983,0.031947408,0.050166804,0.055074956
41,0.24474303,0.06580855,0.049317706,0.028547434,0.19542533,0.037261114
42,0.36068732,0.008425199,0.031435803,0.0218922,0.32925153,-0.013467
43,0.5765821,0.115982644,0.12561749,0.10271604,0.45096457,0.013266601
44,0.45191592,0.060781516,0.10557876,0.07280642,0.34633717,-0.012024902
45,0.3759478,0.07979332,0.09206441,0.053950187,0.2838834,0.025843132
46,0.41131318,0.043928206,0.0641649,0.04612774,0.34714827,-0.0021995343
47,0.6451646,0.06071349,0.09619519,0.063855946,0.5489694,-0.0031424575
48,0.5173908,0.047452014,0.08039045,0.054503385,0.43700033,-0.007051371
49,0.56802666,0.036299452,0.071701735,0.050850444,0.49632493,-0.014550991
50,0.47514203,0.07175586,0.07308991,0.056228828,0.4020521,0.015527029
51,0.64048094,0.046688475,0.104843825,0.07029159,0.53563714,-0.023603119
52,0.22505204,0.030898683,0.030183842,0.02140345,0.1948682,0.009495232
53,0.67315954,0.04325499,0.07970179,0.056220137,0.59345776,-0.012965146
54,0.4617937,0.05089195,0.07683301,0.050548244,0.38496068,0.00034370646
55,0.45505613,0.061480343,0.059738964,0.043264735,0.39531717,0.018215608
56,0.27263984,0.025060385,0.08999298,0.05778016,0.18264687,-0.032719776
57,0.43567577,0.033742107,0.06753578,0.04600452,0.36813998,-0.012262411
58,0.36925033,0.027810154,0.061947264,0.04362083,0.30730307,-0.015810674
59,0.42327547,0.057001915,0.088973664,0.058544926,0.3343018,-0.0015430115
60,0.3519816,0.021909973,0.04782493,0.031568673,0.3041567,-0.0096587
61,0.117337584,-0.030236611,0.05373192,0.025511282,0.063605666,-0.055747893
62,0.42234102,0.0676315,0.06333781,0.04836339,0.35900322,0.019268107
63,0.44983625,0.0415221,0.07353807,0.054075204,0.3762982,-0.012553103
64,0.45840672,0.05004305,0.06895596,0.048790194,0.38945076,0.0012528561
65,0.3917841,0.035489373,0.061408296,0.040397458,0.3303758,-0.004908085
66,0.4000418,0.07641929,0.055809397,0.038821224,0.34423238,0.037598062
67,0.42541778,0.04980164,0.052554265,0.04219445,0.37286353,0.007607192
68,0.32963616,0.06652417,0.07866725,0.061294094,0.2509689,0.0052300766
69,0.35553017,0.05262458,0.07952217,0.056881145,0.276008,-0.004256565
70,0.41805837,0.042117663,0.09073943,0.06406586,0.32731894,-0.021948196
71,0.45978406,0.05907411,0.06596542,0.043147475,0.39381865,0.015926637
72,0.2952203,0.039229292,0.07080368,0.040612232,0.22441661,-0.0013829395
73,0.55394125,0.0104936,0.026419807,0.019445486,0.52752143,-0.008951887
74,0.32958353,0.018337334,0.024461377,0.014449943,0.30512214,0.0038873907
75,0.5438443,0.0739674,0.08532534,0.06411379,0.45851895,0.009853609
76,0.38166544,0.055109043,0.09417779,0.06419424,0.28748766,-0.009085197
77,0.35555142,0.06403042,0.09199905,0.064554386,0.26355237,-0.00052396953
78,0.33858973,0.06274525,0.064662874,0.046324626,0.27392685,0.016420625
79,0.43933177,0.0011962979,0.04118021,0.022488201,0.39815158,-0.021291902
80,0.35076624,0.06299631,0.04399366,0.03133906,0.3067726,0.031657252
81,0.25848588,0.021676974,0.0448597,0.03161075,0.21362618,-0.009933775
82,0.48571354,0.041312475,0.068748705,0.045249645,0.41696483,-0.00393717
83,0.23350948,0.072367206,0.06815703,0.05429872,0.16535245,0.018068485
84,0.46416855,0.060816284,0.074004576,0.050576426,0.39016396,0.010239858
85,0.22634992,-0.0024396107,0.061063755,0.034037933,0.16528617,-0.036477543
86,0.3358565,0.06507168,0.079155184,0.05021701,0.25670132,0.01485467
87,0.4297163,0.068584606,0.07128206,0.050519153,0.35843423,0.018065453
88,0.52683157,0.0897011,0.12618744,0.09203035,0.40064412,-0.0023292452
89,0.385028,0.056173366,0.07840915,0.05523338,0.30661887,0.0009399839
90,0.33421284,0.052105866,0.03554787,0.029593606,0.29866496,0.02251226
91,0.43081394,0.019096985,0.028951364,0.020797508,0.40186256,-0.0017005224
92,0.43674326,0.019362343,0.034830667,0.023028092,0.4019126,-0.003665749
93,0.57711476,0.059832588,0.098341025,0.07386521,0.47877374,-0.014032625
94,0.21133748,0.04783447,0.050214585,0.034684956,0.16112289,0.013149515
95,0.24806643,0.031663794,0.045381133,0.034093387,0.2026853,-0.0024295934
96,0.4894978,0.08960156,0.10020981,0.07773122,0.389288,0.0118703395
97,0.473991,0.0034619223,0.023573834,0.0156186335,0.45041716,-0.012156711
98,0.42774358,0.04826607,0.10718656,0.07290098,0.32055703,-0.024634909
99,0.158454,0.027086824,0.035959467,0.02360669,0.12249453,0.0034801345
100,0.50346506,0.044476725,0.07024473,0.049388908,0.43322033,-0.0049121827
101,0.5705089,0.059101414,0.091092765,0.06882687,0.47941613,-0.009725455
102,0.45191395,0.06768777,0.0690335,0.05281432,0.38288045,0.0148734525
103,0.62327784,0.04298572,0.07283062,0.05994409,0.5504472,-0.01695837
104,0.3389332,0.07857779,0.075636975,0.059240527,0.26329622,0.01933726
105,0.448922,0.04821784,0.05452403,0.0375617,0.39439797,0.010656141
106,0.25382298,0.033866134,0.042710844,0.031129267,0.21111214,0.0027368665
107,0.5020643,0.033955052,0.08909269,0.065859295,0.41297162,-0.031904243
108,0.45282263,0.050822668,0.05672393,0.037647933,0.3960987,0.013174735
109,0.23716733,0.0153394705,0.026379842,0.014728712,0.21078749,0.00061075855
110,0.44015065,0.009159039,0.04877347,0.031937037,0.39137718,-0.022777997
111,0.39065513,0.031296387,0.063565455,0.044070266,0.32708967,-0.012773879
112,0.31247345,0.03344357,0.044012275,0.033427816,0.26846117,1.5754253e-05
113,0.23032042,0.09714931,0.06858193,0.043057527,0.16173849,0.054091785
114,0.4257473,0.03165372,0.05718924,0.042417645,0.36855805,-0.010763925
115,0.5552166,0.06849644,0.105590306,0.065583155,0.4496263,0.0029132888
116,0.21798706,0.01856099,0.02512781,0.017847484,0.19285925,0.0007135067
117,0.69960994,0.118287675,0.12916069,0.081330866,0.57044923,0.03695681
118,0.35002503,0.106322974,0.13761665,0.10426548,0.21240838,0.0020574927
119,0.43238723,0.04691794,0.075829834,0.05439948,0.3565574,-0.0074815378
120,0.42769787,0.0477635,0.06348899,0.04514888,0.36420888,0.002614621
121,0.34380135,0.09791661,0.0717896,0.055606395,0.27201176,0.042310216
122,0.3883581,0.025501106,0.047864366,0.03489524,0.3404937,-0.009394135
123,0.36499828,0.12598091,0.08853615,0.062694125,0.27646214,0.06328679
124,0.68998706,0.09909771,0.13545246,0.095364265,0.5545346,0.0037334412
125,0.37232962,0.057840176,0.07268908,0.053619675,0.29964054,0.0042205006
126,0.49954936,0.076783106,0.08967555,0.061125293,0.4098738,0.015657812
127,0.49483532,0.062151507,0.10140524,0.0690988,0.39343008,-0.006947294
128,0.38440233,0.03797164,0.06251742,0.049914908,0.32188493,-0.0119432695
129,0.38871825,0.056434296,0.0728204,0.054032974,0.31589785,0.0024013221
130,0.46356362,0.043156598,0.06410838,0.047892064,0.39945525,-0.004735466
131,0.4398577,0.014494323,0.056938972,0.042965606,0.38291872,-0.028471284
132,0.27852708,0.0049922573,0.037793364,0.02567951,0.24073371,-0.020687252
133,0.41146702,0.10351036,0.08085955,0.052872702,0.33060747,0.050637655
134,0.37390238,0.069615506,0.060942937,0.04468334,0.31295943,0.024932165
135,0.7177211,0.11987992,0.13823675,0.096964695,0.57948434,0.022915222
136,0.45253277,0.07212449,0.09187074,0.06882263,0.36066204,0.003301859
137,0.15498304,0.029044671,0.022507705,0.01908204,0.13247535,0.009962631
138,0.21313852,0.023360785,0.047323793,0.033054315,0.16581473,-0.009693529
139,0.33558846,0.028614579,0.04476908,0.029394105,0.29081938,-0.0007795263
140,0.38609964,0.0487604,0.07074312,0.05465372,0.31535652,-0.00589332
141,0.38298213,0.028313065,0.04321022,0.034660876,0.33977193,-0.006347811
142,0.20154811,0.010252234,0.032044534,0.020544257,0.16950358,-0.010292023
143,0.2942946,0.024981655,0.06371396,0.04577352,0.23058063,-0.020791866
144,0.33801857,0.07506847,0.09922771,0.0733424,0.23879085,0.0017260686
145,0.30673885,0.056842316,0.054778732,0.034468554,0.25196013,0.022373762
146,0.5752088,0.049464952,0.06310559,0.05192111,0.5121032,-0.0024561584
147,0.24208693,0.014295016,0.036382176,0.026811995,0.20570475,-0.012516978
148,0.54515207,0.07304227,0.08222552,0.063160904,0.46292657,0.00988137
149,0.25055236,-0.008548123,0.08476767,0.04476558,0.16578469,-0.053313702
150,0.42227802,0.0751204,0.068937935,0.037413634,0.3533401,0.037706763
151,0.47365865,0.019552609,0.06388681,0.03822541,0.40977186,-0.0186728
152,0.2019556,0.059787586,0.032092363,0.019761687,0.16986324,0.040025897
153,0.35931948,0.057063203,0.057439934,0.04257092,0.30187955,0.0144922845
154,0.46266532,0.042567953,0.08509157,0.052323285,0.37757376,-0.009755332
155,0.18807109,0.07320624,0.0418523,0.030164829,0.14621879,0.043041408
156,0.16655079,0.03650728,0.052106824,0.029982202,0.11444396,0.006525077
157,0.3285797,0.05672719,0.043635454,0.027747681,0.28494424,0.028979508
158,0.3007984,0.054875717,0.05197528,0.03431686,0.2488231,0.020558856
159,0.63741744,0.122812204,0.14338803,0.10300486,0.4940294,0.019807346
160,0.2154222,0.054496262,0.052725837,0.026269708,0.16269636,0.028226554
161,0.35543594,0.06934706,0.08403894,0.055325896,0.271397,0.014021166
162,0.39897466,0.023836339,0.049402956,0.036343634,0.3495717,-0.012507295
163,0.4966069,0.089985006,0.12340283,0.08369221,0.37320405,0.0062927976
164,0.2929208,0.026886564,0.04838972,0.035023034,0.24453108,-0.00813647
165,0.41202664,0.055937905,0.07044181,0.05077379,0.34158483,0.0051641166
166,0.41021818,0.008276449,0.016924813,0.013895113,0.39329338,-0.0056186644
167,0.39949664,0.024102695,0.05176861,0.038357,0.34772804,-0.0142543055
168,0.55409324,0.046078414,0.10446218,0.070324466,0.44963107,-0.024246052
169,0.2993902,0.07181237,0.07164251,0.054795653,0.22774768,0.017016716
170,0.30348578,0.04389797,0.05543482,0.042317033,0.24805096,0.0015809387
171,0.19821821,0.037510347,0.053940013,0.03363601,0.1442782,0.0038743354
172,0.42225683,0.07710539,0.0702302,0.05178676,0.35202664,0.025318626
173,0.58034956,0.06718805,0.08093714,0.05372001,0.49941242,0.013468038
174,0.31637,0.04822388,0.049939565,0.03790711,0.26643044,0.0103167705
175,0.1781012,0.01121475,0.017794061,0.012169889,0.16030714,-0.0009551393
176,0.5173498,0.06732144,0.0899915,0.06420768,0.42735827,0.0031137615
177,0.44253966,0.031723164,0.06874095,0.04230289,0.37379873,-0.010579728
178,0.639846,0.074008584,0.097381614,0.072232455,0.54246444,0.001776129
179,0.41178346,0.06531337,0.093381986,0.064570114,0.31840146,0.000743255
180,0.56289357,0.088100016,0.104584865,0.07974765,0.4583087,0.008352369
181,0.41242096,0.06222858,0.07383153,0.053464714,0.33858943,0.008763865
182,0.48297253,0.06373403,0.07270802,0.050538324,0.41026452,0.013195708
183,0.6820349,0.06490686,0.09335715,0.06993682,0.58867776,-0.0050299615
184,0.5552537,0.018369537,0.061553955,0.033684563,0.49369973,-0.015315026
185,0.5011908,0.07627075,0.089501165,0.06650799,0.4116896,0.009762764
186,0.34045252,0.04831451,0.06517633,0.042704087,0.27527618,0.005610425
187,0.21755134,0.027765444,0.038300347,0.027187921,0.17925099,0.00057752244
188,0.49625883,0.09465421,0.10061294,0.073847674,0.3956459,0.020806536
189,0.61693734,0.05781327,0.08683016,0.06322387,0.5301072,-0.0054106005
190,0.3876658,0.0967048,0.12049514,0.08956909,0.26717067,0.0071357116
191,0.4597296,0.022500278,0.061040737,0.042261515,0.39868888,-0.019761236
192,0.5152321,0.07259352,0.070374124,0.05110201,0.44485795,0.021491509
193,0.63619566,0.07076752,0.0812331,0.05778248,0.5549626,0.012985043
194,0.2899227,-0.013379097,0.0041264137,0.0041166157,0.2857963,-0.017495712
195,0.2897472,0.009762627,0.031664226,0.02261866,0.258083,-0.012856034
196,0.40206838,0.028993253,0.051617578,0.03816854,0.3504508,-0.009175286
197,0.46868688,0.05827101,0.08262578,0.059045013,0.3860611,-0.00077400357
198,0.4851989,0.04386007,0.09965085,0.07233304,0.38554803,-0.028472967
199,0.4014469,0.041280653,0.076956704,0.04644448,0.3244902,-0.005163826
200,0.4394347,0.041429985,0.06771121,0.047334455,0.3717235,-0.0059044696
201,0.45133767,0.057293527,0.07658127,0.05904935,0.3747564,-0.0017558224
202,0.42928812,0.049086537,0.064676225,0.044338685,0.3646119,0.0047478527
203,0.1657052,0.031262454,0.028473604,0.020055361,0.1372316,0.011207093
204,0.3767613,0.059639297,0.060760308,0.047863796,0.31600097,0.011775501
205,0.46375605,0.039883066,0.0574561,0.03947186,0.40629995,0.000411205
206,0.3123598,0.04808725,0.08522926,0.052608356,0.22713055,-0.0045211054
207,0.5241304,0.062342316,0.06938807,0.052879676,0.45474234,0.00946264
208,0.45283654,0.116964,0.1424874,0.10230704,0.31034914,0.014656961
209,0.33143076,0.02516398,0.060761616,0.043301485,0.27066916,-0.018137505
210,0.54494715,0.072393104,0.08725257,0.059191246,0.4576946,0.013201859
211,0.32822,0.03364786,0.04374415,0.02905168,0.28447586,0.004596181
212,0.58834255,0.05437684,0.08321625,0.055842638,0.5051263,-0.0014657974
213,0.42177057,0.08084436,0.059437595,0.041804057,0.36233297,0.0390403
214,0.33558655,0.060792096,0.04147193,0.03108247,0.29411462,0.029709626
215,0.55019206,0.016380696,0.055129133,0.033942282,0.49506292,-0.017561587
216,0.569833,0.06852542,0.07858607,0.05520601,0.4912469,0.01331941
217,0.34257305,0.036902882,0.06434362,0.03957014,0.27822942,-0.0026672594
218,0.07957942,0.010581217,0.011861477,0.0089045605,0.06771794,0.0016766563
219,0.32540366,0.049020335,0.09966465,0.06567006,0.225739,-0.016649723
220,0.29437163,0.033878956,0.043665756,0.03226769,0.25070587,0.0016112663
221,0.5224527,0.08404261,0.12776937,0.08772322,0.39468336,-0.0036806092
222,0.29833582,0.031056698,0.061401792,0.05072206,0.23693404,-0.01966536
223,0.7296482,0.05692744,0.076006845,0.057664663,0.65364134,-0.0007372238
224,0.3508953,0.039586175,0.07200807,0.05039178,0.2788872,-0.010805603
225,0.26954532,0.021954512,0.03615498,0.027364995,0.23339033,-0.005410483
226,0.42202607,0.053585645,0.07368197,0.05457403,0.3483441,-0.0009883866
227,0.4663945,0.05401187,0.06200375,0.048804674,0.40439075,0.005207196
228,0.40986207,0.047574576,0.049752887,0.03385181,0.36010918,0.013722766
229,0.3512165,0.056392156,0.08025198,0.061661262,0.2709645,-0.0052691065
230,0.49025518,0.062207624,0.08583907,0.065653674,0.4044161,-0.00344605
231,0.15186144,0.032179017,0.0387235,0.032775525,0.113137946,-0.0005965084
232,0.5695348,0.057104763,0.09546962,0.067309506,0.47406515,-0.010204744
233,0.48026744,0.055475205,0.08678801,0.06396943,0.3934794,-0.008494228
234,0.28464243,0.043711744,0.045516472,0.029235527,0.23912595,0.014476217
235,0.6049094,0.06474774,0.10574642,0.07984537,0.499163,-0.015097626
236,0.51938385,0.10835144,0.05233211,0.03561332,0.46705174,0.07273812
237,0.21403441,0.03286426,0.043767072,0.036302514,0.17026734,-0.003438253
238,0.38477695,0.034427583,0.07183383,0.052460246,0.31294313,-0.018032663
239,0.52374876,0.095861964,0.1126756,0.08103795,0.41107315,0.01482401
240,0.5551605,0.054619655,0.07978541,0.052251726,0.47537512,0.0023679286
241,0.40799198,0.049265433,0.068012126,0.043593768,0.33997986,0.005671665
242,0.30203083,0.08752645,0.083553895,0.067707665,0.21847694,0.019818783
243,0.59740746,0.06250738,0.10737176,0.0757263,0.4900357,-0.013218917
244,0.4179494,0.014019585,0.07734482,0.048361436,0.3406046,-0.03434185
245,0.40822,0.036027156,0.057401862,0.04349393,0.35081813,-0.0074667744
246,0.1595824,0.01978557,0.037165217,0.028901532,0.12241719,-0.009115962
247,0.48615587,0.04897626,0.07009136,0.04884268,0.4160645,0.00013358146
248,0.44932795,0.046204805,0.053769287,0.040106043,0.39555866,0.006098762
249,0.2779182,0.018827964,0.050483912,0.030393986,0.22743428,-0.011566022
250,0.26943982,0.05565453,0.056560196,0.046269078,0.21287963,0.009385452
251,0.3893569,0.022402434,0.078404896,0.049477965,0.310952,-0.027075531
252,0.4316225,0.017160818,0.042981688,0.030228276,0.38864082,-0.013067458
253,0.34698197,0.049746964,0.056789294,0.037691176,0.29019266,0.012055788
254,0.35774758,0.06424106,0.08560534,0.06287335,0.27214223,0.0013677105
255,0.27245015,0.08505118,0.03408496,0.025807545,0.23836519,0.059243634
256,0.40200204,0.01638082,0.044134535,0.033125218,0.3578675,-0.016744398
257,0.4412496,0.036693823,0.059244934,0.043555237,0.38200468,-0.0068614148
258,0.65210444,0.06385668,0.072498746,0.052294146,0.5796057,0.011562537
259,0.2057919,0.050900847,0.045321107,0.035083767,0.1604708,0.01581708
260,0.5205116,0.07954184,0.096332274,0.06414571,0.42417935,0.015396133
261,0.29927212,0.07495075,0.077050634,0.056345876,0.2222215,0.01860487
262,0.42088303,0.04048895,0.062477175,0.047032963,0.35840586,-0.0065440126
263,0.26733676,0.028606856,0.05590625,0.042736042,0.2114305,-0.014129186
264,0.5035646,0.07387074,0.1084047,0.06635776,0.3951599,0.007512979
265,0.50734067,0.023980867,0.05668932,0.03580153,0.45065135,-0.011820663
266,0.3884415,0.064987764,0.06776357,0.048691627,0.32067794,0.016296137
267,0.4246178,0.04421242,0.04974076,0.032152314,0.37487704,0.012060106
268,0.48192945,0.008553797,0.028759604,0.015673585,0.45316985,-0.007119788
269,0.19489601,0.05996251,0.039983477,0.033655375,0.15491253,0.026307136
270,0.5147279,0.13074963,0.15035856,0.11483288,0.36436933,0.01591675
271,0.49295208,0.110732675,0.07147567,0.05096389,0.42147642,0.059768785
272,0.15787445,0.03406354,0.033809055,0.026021056,0.1240654,0.0080424845
273,0.49000564,0.049390364,0.074842714,0.055069156,0.41516292,-0.0056787916
274,0.18572429,0.029224494,0.03466358,0.023946073,0.1510607,0.0052784216
275,0.32313487,0.04984493,0.05757278,0.040060423,0.2655621,0.0097845085
276,0.3936118,0.055794116,0.10179929,0.0649856,0.2918125,-0.009191487
277,0.25131425,0.05370605,0.05065991,0.03529929,0.20065434,0.01840676
278,0.4258549,0.025849003,0.047236085,0.033625904,0.3786188,-0.007776901
279,0.3500805,0.08866146,0.074007794,0.05242426,0.27607268,0.036237203
280,0.27801195,0.08156862,0.061193965,0.03284259,0.21681798,0.04872603
281,0.49724594,0.013938,0.062310424,0.03846247,0.4349355,-0.02452447
282,0.45044103,0.060170744,0.08421176,0.058160387,0.36622927,0.0020103566
283,0.0872899,-0.006149464,0.07919658,0.04394413,0.00809332,-0.050093595
284,0.5026806,0.04019646,0.07010219,0.043679334,0.4325784,-0.0034828745
285,0.29221308,0.03640054,0.060098667,0.044382524,0.23211442,-0.007981982
286,0.4255792,0.040085986,0.06613741,0.03896348,0.3594418,0.0011225045
287,0.3894473,0.05468115,0.08451625,0.05167471,0.30493104,0.0030064397
288,0.37309888,0.0378053,0.07348278,0.053713255,0.2996161,-0.015907954
289,0.13739124,0.10586264,0.031236686,0.022754572,0.10615455,0.08310807
290,0.4247222,0.02911852,0.03805824,0.025140796,0.38666394,0.0039777234
291,0.3933222,0.03278963,0.05928736,0.04291771,0.33403483,-0.010128081
292,0.52104574,0.10101579,0.10427828,0.074175976,0.41676748,0.026839815
293,0.254528,0.012095683,0.03107097,0.01889943,0.22345701,-0.0068037463
294,0.3068048,0.022357263,0.038839176,0.022622779,0.2679656,-0.00026551634
295,0.32260415,0.033863056,0.056411542,0.0410293,0.26619262,-0.007166244
296,0.30408385,0.028937645,0.05331293,0.035906702,0.25077093,-0.006969057
297,0.41185373,-0.006433941,0.027598577,0.013413589,0.38425514,-0.01984753
298,0.36757123,0.026607396,0.05964177,0.035020117,0.30792946,-0.008412721
299,0.40612388,0.046046525,0.08060167,0.057953104,0.3255222,-0.011906579
300,0.55795556,0.056806482,0.08699976,0.06435653,0.4709558,-0.007550046
301,0.47851634,0.03677201,0.073695004,0.04861487,0.40482134,-0.011842862
302,0.25691265,0.0785312,0.08943466,0.07116064,0.167478,0.0073705614
303,0.08908267,0.027935632,0.023913061,0.01563771,0.06516961,0.012297921
304,0.42308784,0.039706837,0.047884822,0.03471128,0.375203,0.0049955584
305,0.4954126,0.039321057,0.07454945,0.05050855,0.42086315,-0.011187494
306,0.6059634,0.054946866,0.10178642,0.07171793,0.504177,-0.016771067
307,0.5232777,0.04647644,0.07029759,0.05382267,0.4529801,-0.0073462315
308,0.72505486,0.11020616,0.14323466,0.1043119,0.5818202,0.0058942586
309,0.583205,0.08691107,0.13057898,0.09762857,0.452626,-0.010717504
310,0.46218103,0.0401406,0.054499324,0.03448633,0.4076817,0.005654268
311,0.46570957,0.03833425,0.064477146,0.03877113,0.40123242,-0.0004368797
312,0.16928275,0.039811786,0.047178674,0.03244457,0.12210408,0.007367216
313,0.2916533,0.06543437,0.038920928,0.02912498,0.25273237,0.036309384
314,0.2536769,0.06849758,0.06530718,0.049100175,0.18836972,0.019397408
315,0.24003056,0.15651768,0.028858809,0.024593981,0.21117175,0.1319237
316,0.41618854,0.055398427,0.093302116,0.06902637,0.3228864,-0.013627946
317,0.386279,0.022768786,0.038289897,0.026981158,0.34798908,-0.004212372
318,0.46481767,0.08820772,0.07868416,0.059933648,0.38613352,0.028274074
319,0.30463603,0.055164527,0.068078086,0.04926504,0.23655795,0.005899489
320,0.45311037,0.04261026,0.060723066,0.033258878,0.3923873,0.009351384
321,0.5188472,0.048153866,0.07349357,0.049497712,0.44535366,-0.0013438463
322,0.62759656,0.11937483,0.13976207,0.10515423,0.48783448,0.014220595
323,0.4456768,-0.011567544,0.011946017,0.008156445,0.43373078,-0.01972399
324,0.4724289,0.08482626,0.10900638,0.06914855,0.3634225,0.015677713
325,0.2063723,0.015894027,0.033670157,0.02263585,0.17270215,-0.0067418218
326,0.4808669,0.044203278,0.05654686,0.04060806,0.42432004,0.003595218
327,0.35529837,0.022941004,0.05195204,0.025436528,0.30334634,-0.0024955235
328,0.7627472,0.014480177,0.06951314,0.038298413,0.6932341,-0.023818236
329,0.2657489,0.056763828,0.074124284,0.057690345,0.19162461,-0.00092651695
330,0.475377,0.037491605,0.054455984,0.038940713,0.420921,-0.0014491081
331,0.51059675,0.04572752,0.08403004,0.044665832,0.42656672,0.0010616891
332,0.5142519,0.05865624,0.086978674,0.062952004,0.4272732,-0.0042957626
333,0.47723022,0.06126457,0.06842874,0.047325242,0.4088015,0.0139393285
334,0.5266945,0.036020998,0.060833815,0.04675024,0.46586066,-0.010729242
335,0.34020507,0.024921253,0.03560172,0.019541288,0.30460334,0.0053799655
336,0.5027026,0.022917828,0.04640702,0.030823268,0.45629558,-0.00790544
337,0.45291308,0.038114496,0.091795795,0.05385794,0.36111727,-0.015743446
338,0.16686703,0.015072839,0.030261958,0.019584501,0.13660507,-0.004511662
339,0.3332391,0.051101856,0.04300984,0.031503357,0.29022926,0.019598499
340,0.30681685,0.024611417,0.058855582,0.034880746,0.24796127,-0.010269329
341,0.29082185,0.024437103,0.03211076,0.022802185,0.2587111,0.0016349182
342,0.17618382,0.012493163,0.03281416,0.019865677,0.14336966,-0.0073725134
343,0.47516635,0.067728564,0.10078125,0.07047983,0.37438512,-0.0027512684
344,0.4583484,0.05690152,0.06476103,0.047934428,0.39358735,0.00896709
345,0.39663038,0.060106076,0.10091452,0.06430324,0.29571587,-0.0041971654
346,0.46063417,0.048123576,0.054765105,0.035241082,0.40586907,0.012882493
347,0.2584147,0.05727373,0.05331368,0.031860106,0.20510101,0.025413625
348,0.52713543,0.119623065,0.17224437,0.12070725,0.35489106,-0.0010841861
349,0.62263685,0.09600538,0.13676497,0.09473185,0.48587188,0.0012735277
350,0.2869544,0.05510033,0.058386173,0.042184502,0.22856823,0.012915827
351,0.4244692,0.08441467,0.11205262,0.07917699,0.31241658,0.005237676
352,0.5461093,0.028530331,0.046433277,0.027487293,0.49967605,0.0010430384
353,0.39346012,0.051729467,0.0692907,0.050696675,0.32416943,0.001032792
354,0.3050345,0.0148122115,0.037575174,0.021104505,0.2674593,-0.006292294
355,0.50898015,0.126459,0.068798155,0.04588255,0.440182,0.08057645
356,0.35423103,0.03737741,0.03982353,0.029884452,0.3144075,0.0074929576
357,0.42898014,0.03124045,0.034875073,0.02267342,0.39410508,0.00856703
358,0.24173433,0.0134065095,0.056541003,0.032800045,0.18519333,-0.019393535
359,0.5428751,0.055541683,0.07941839,0.05684539,0.46345672,-0.0013037063
360,0.31911328,0.039854206,0.05447559,0.035477474,0.2646377,0.004376732
361,0.41525728,0.02146918,0.050759654,0.032725457,0.36449763,-0.011256278
362,0.4431902,0.05859282,0.07064725,0.04993531,0.37254295,0.008657508
363,0.5566233,0.03166506,0.0718389,0.04226616,0.48478436,-0.0106011
364,0.33069763,0.023262884,0.04480827,0.028736815,0.28588936,-0.0054739304
365,0.39263615,0.057535596,0.08148337,0.05979786,0.3111528,-0.0022622645
366,0.43883312,0.041863613,0.056983043,0.037337676,0.38185006,0.004525937
367,0.4690436,0.057991244,0.088667296,0.059939004,0.3803763,-0.0019477606
368,0.39898455,0.03151876,0.057467464,0.041889787,0.3415171,-0.010371026
369,0.2668038,0.04081371,0.046497144,0.0338426,0.22030666,0.0069711097
370,0.3772269,0.022088306,0.07146914,0.0417147,0.30575776,-0.019626396
371,0.30264357,0.059038844,0.061630048,0.04501463,0.24101353,0.014024213
372,0.4129435,0.0605685,0.08392406,0.059174247,0.32901946,0.0013942532
373,0.46655127,0.052921116,0.06180123,0.047734942,0.40475005,0.005186174
374,0.68806386,0.13423845,0.1563651,0.114691645,0.53169876,0.019546807
375,0.545567,0.07024293,0.11038199,0.073296405,0.435185,-0.003053479
376,0.2879494,0.049194943,0.061936602,0.0420569,0.22601281,0.0071380436
377,0.08431726,-0.011790232,0.021443518,0.011208259,0.06287374,-0.02299849
378,0.51671463,0.07013563,0.1301059,0.08504272,0.38660872,-0.014907092
379,0.4662305,0.072580606,0.09814647,0.06673374,0.36808404,0.0058468655
380,0.17115995,0.03149678,0.033290282,0.020739209,0.13786967,0.010757573
381,0.5429905,0.06732577,0.079498746,0.05720912,0.46349177,0.010116652
382,0.5312386,0.046378553,0.06193248,0.050403323,0.46930614,-0.00402477
383,0.4664532,0.05506819,0.059955135,0.03828728,0.40649807,0.016780913
384,0.45972696,0.062287584,0.08074009,0.06212599,0.37898687,0.00016159564
385,0.49339893,0.034954388,0.06630383,0.04696798,0.42709512,-0.012013592
386,0.36126184,0.039130993,0.05989266,0.046544872,0.3013692,-0.007413879
387,0.37619835,0.01818706,0.05224442,0.038679212,0.32395393,-0.020492153
388,0.54882646,0.07841426,0.10620021,0.070690006,0.44262624,0.0077242553
389,0.37825555,0.04550486,0.07590921,0.05146083,0.30234635,-0.005955968
390,0.52616996,0.073635146,0.07683341,0.05898745,0.44933653,0.014647696
391,0.47801846,0.049952395,0.07792775,0.050422616,0.4000907,-0.00047022104
392,0.49143007,0.041768532,0.057369605,0.044198643,0.43406045,-0.0024301112
393,0.42081982,0.06280085,0.110596254,0.07939419,0.31022358,-0.016593345
394,0.54711753,0.05840176,0.09089535,0.061379667,0.45622218,-0.0029779077
395,0.61998355,0.05037682,0.06429134,0.04713702,0.5556922,0.003239803
396,0.53311956,0.030445863,0.06935262,0.042843126,0.46376693,-0.012397263
397,0.41738552,0.06804819,0.06705658,0.052359123,0.35032892,0.015689064
398,0.39807647,0.041842826,0.057639103,0.03558977,0.34043738,0.006253056
399,0.2476353,0.074933104,0.03302285,0.01823803,0.21461245,0.056695074
400,0.23725303,0.04031426,0.05366261,0.033031244,0.18359041,0.007283017
401,0.3566974,0.037630808,0.039991297,0.026236748,0.31670612,0.011394059
402,0.42182234,0.025010146,0.05237619,0.03630461,0.36944616,-0.0112944655
403,0.5065272,0.03175549,0.078192785,0.052353635,0.42833441,-0.020598147
404,0.3385235,0.047084067,0.07837288,0.05294393,0.2601506,-0.005859863
405,0.3572263,0.04968645,0.08103077,0.058256887,0.27619553,-0.008570436
406,0.28136367,0.068373926,0.07723508,0.06276293,0.2041286,0.005610995
407,0.21724425,0.024209749,0.04025649,0.029020496,0.17698777,-0.0048107468
408,0.31279647,0.055079114,0.040702738,0.027264325,0.27209374,0.027814789
409,0.27106813,0.10597841,0.058495816,0.039866358,0.2125723,0.06611205
410,0.44837227,0.060501747,0.08103763,0.05511166,0.36733463,0.0053900853
411,0.37256974,0.026053604,0.047750503,0.031596407,0.32481924,-0.0055428036
412,0.16018774,0.02115504,0.027073665,0.013676975,0.13311407,0.007478066
413,0.38913777,0.02563551,0.03297848,0.023944909,0.3561593,0.0016906019
414,0.6168356,0.058291566,0.07756018,0.05430801,0.5392754,0.003983557
415,0.6529399,0.060735423,0.11195054,0.07934665,0.5409894,-0.018611226
416,0.1397113,0.041013096,0.07466335,0.055753686,0.06504796,-0.01474059
417,0.5204592,0.09361369,0.11120194,0.080705985,0.40925723,0.012907706
418,0.47459942,0.027960932,0.036901306,0.02189842,0.43769813,0.0060625114
419,0.2930192,0.022747524,0.048861694,0.033561483,0.24415751,-0.010813959
420,0.27113622,0.058767006,0.058078766,0.04294842,0.21305746,0.015818585
421,0.45882812,0.09248424,0.08121481,0.063110046,0.3776133,0.029374197
422,0.31880265,0.038258757,0.05442123,0.037261635,0.2643814,0.0009971224
423,0.4597862,0.09424841,0.1502293,0.11064682,0.3095569,-0.016398415
424,0.39256924,0.09516567,0.05903031,0.03767995,0.33353895,0.05748572
425,0.3396869,0.05641689,0.049685817,0.039607633,0.2900011,0.016809259
426,0.35680875,0.046380363,0.07476268,0.04852651,0.28204608,-0.0021461472
427,0.2419933,0.039741315,0.04994317,0.03761084,0.19205013,0.002130475
428,0.45346653,0.0134267965,0.036420256,0.019304132,0.41704628,-0.0058773356
429,0.36279303,0.048527442,0.06052504,0.041652888,0.302268,0.006874554
430,0.5315002,0.10782916,0.14740096,0.10229425,0.38409925,0.0055349097
431,0.3789023,0.069193095,0.08709693,0.060595483,0.29180536,0.008597612
432,0.4082538,0.025175212,0.06168485,0.03966959,0.34656894,-0.014494376
433,0.39029786,0.009805623,0.06652525,0.04158832,0.3237726,-0.031782698
434,0.4526109,0.043464895,0.08443057,0.06460189,0.36818033,-0.021136995
435,0.52001554,0.04585769,0.05480894,0.041834906,0.4652066,0.0040227845
436,0.07368941,0.04420524,0.058167186,0.044664558,0.015522223,-0.00045931712
437,0.46614897,0.042569444,0.069426835,0.049858175,0.39672214,-0.0072887316
438,0.24781282,0.015200889,0.014916734,0.010766756,0.23289609,0.004434133
439,0.48079658,0.06467349,0.084941514,0.05851866,0.39585507,0.0061548315
440,0.63762075,0.04610773,0.10381514,0.064140074,0.5338056,-0.018032342
441,0.20286226,0.035046514,0.04747186,0.03701749,0.15539041,-0.0019709766
442,0.266879,0.029922716,0.046929084,0.03061764,0.2199499,-0.0006949231
443,0.3462174,0.034382798,0.08494193,0.06115125,0.26127547,-0.026768453
444,0.27632207,0.05746043,0.078636095,0.050777618,0.19768597,0.006682813
445,0.61982226,0.06885698,0.13098985,0.0845531,0.4888324,-0.015696123
446,0.33575127,0.0181262,0.018617887,0.008540391,0.31713337,0.00958581
447,0.36078072,0.051762104,0.0928951,0.06256542,0.26788563,-0.0108033195
448,0.31686783,0.04003591,0.06134568,0.045599114,0.25552213,-0.0055632032
449,0.39703643,0.056063548,0.054417036,0.038141977,0.3426194,0.01792157
450,0.3516366,0.03044757,0.0490454,0.03072856,0.3025912,-0.00028098933
451,0.3939719,0.06460748,0.08128739,0.055908747,0.3126845,0.008698732
452,0.34070164,0.019787157,0.054680992,0.035746478,0.28602064,-0.01595932
453,0.30356282,0.037374612,0.048444435,0.030459918,0.25511837,0.006914694
454,0.41681102,0.06849335,0.09434316,0.06676138,0.32246786,0.0017319694
455,0.31607407,0.0011468871,0.010384378,0.0069136126,0.3056897,-0.0057667256
456,0.35860553,0.06369817,0.07450214,0.05348561,0.2841034,0.010212563
457,0.3565197,0.056820918,0.085184745,0.06418142,0.27133495,-0.0073604994
458,0.30574957,0.0134986425,0.024966473,0.016416697,0.2807831,-0.0029180543
459,0.46025684,0.057768635,0.06996488,0.047065552,0.39029196,0.010703083
460,0.5786632,0.044669904,0.085977644,0.060802218,0.49268553,-0.016132314
461,0.40269318,-0.013752224,0.05426427,0.035172317,0.3484289,-0.048924543
462,0.49227193,0.044196583,0.048489872,0.029891884,0.44378206,0.014304699
463,0.3727416,0.07021791,0.088761225,0.057281345,0.28398037,0.012936562
464,0.42243642,0.08299759,0.11225461,0.08340072,0.3101818,-0.00040312856
465,0.4582373,0.050006118,0.055402856,0.041466493,0.40283445,0.0085396245
466,0.43841934,0.11750251,0.07811398,0.060509965,0.36030537,0.056992546
467,0.3946717,0.06681197,0.06599217,0.040738355,0.32867953,0.026073616
468,0.4523037,0.058808554,0.0923367,0.0671053,0.359967,-0.008296747
469,0.4874916,0.0467461,0.08868291,0.068163686,0.3988087,-0.021417584
470,0.23860484,0.019429568,0.036787506,0.02706712,0.20181733,-0.007637551
471,0.3924497,0.059735555,0.08972242,0.06525277,0.30272728,-0.0055172183
472,0.21420881,0.08672877,0.042309303,0.026967213,0.17189951,0.059761554
473,0.43946174,0.024256345,0.05148988,0.03740088,0.38797185,-0.013144534
474,0.49496755,0.07723247,0.09733835,0.07023176,0.3976292,0.0070007145
475,0.62138504,0.077920295,0.12291436,0.08697671,0.49847066,-0.009056412
476,0.4597746,0.08801109,0.09988864,0.0702815,0.359886,0.017729595
477,0.45183066,0.051359102,0.06658628,0.04608658,0.38524437,0.0052725226
478,0.5814046,0.020757174,0.050435897,0.030421978,0.5309687,-0.009664804
479,0.44895482,0.13037102,0.15237576,0.11583934,0.29657906,0.014531679
480,0.3244757,0.041527662,0.050671548,0.036457196,0.27380416,0.0050704665
481,0.48557505,0.04223502,0.099316366,0.06202412,0.3862587,-0.0197891
482,0.2843787,0.0870107,0.07146575,0.042332076,0.21291295,0.04467862
483,0.42554,0.041503206,0.078438185,0.05962316,0.3471018,-0.018119954
484,0.47109067,0.054536458,0.10608373,0.07221132,0.36500695,-0.01767486
485,0.35951373,0.033502974,0.06774506,0.04638755,0.29176867,-0.012884576
486,0.19915804,0.025525466,0.040423457,0.025561841,0.15873459,-3.6375597e-05
487,0.55819464,0.018590918,0.031991884,0.018013187,0.52620274,0.00057773106
488,0.44954798,0.008194564,0.037909597,0.027120607,0.41163838,-0.018926043
489,0.40425944,0.026039463,0.050339274,0.03351096,0.35392016,-0.007471498
490,0.38135353,0.026574666,0.051510587,0.03981277,0.32984293,-0.013238104
491,0.2410953,0.03674844,0.048555862,0.03356155,0.19253944,0.003186889
492,0.23872252,0.07327834,0.07198134,0.06339558,0.16674118,0.009882756
493,0.30338144,0.058982305,0.068176486,0.049441904,0.23520496,0.009540401
494,0.53133184,0.05692346,0.08180114,0.061725803,0.4495307,-0.0048023425
495,0.44907635,0.02329983,0.050797585,0.032077778,0.39827877,-0.008777948
496,0.43884903,0.023875616,0.03418654,0.024858901,0.4046625,-0.0009832848
497,0.3396296,0.011411547,0.07617824,0.04676033,0.26345134,-0.035348784
498,0.4379967,0.06747517,0.081529245,0.05959218,0.35646743,0.00788299
499,0.28828454,0.021529345,0.03415387,0.024625685,0.25413066,-0.0030963402
500,0.28619224,0.05201041,0.046958342,0.03468605,0.2392339,0.017324358
501,0.35085234,0.04167469,0.063748114,0.046279725,0.28710422,-0.004605036
502,0.5868897,0.08722625,0.10351786,0.07647815,0.48337182,0.010748096
503,0.529021,0.06487162,0.08472374,0.05727896,0.44429728,0.0075926557
504,0.33987764,0.07100457,0.08691315,0.057980232,0.2529645,0.013024338
505,0.36139807,0.13270055,0.117935695,0.09141933,0.24346238,0.041281216
506,0.19991595,0.041951124,0.05295037,0.034632675,0.14696558,0.0073184483
507,0.4020853,0.10819623,0.06455454,0.039269425,0.33753076,0.068926804
508,0.36405808,0.10563955,0.06790344,0.041850664,0.29615465,0.06378888
509,0.39724842,0.041874178,0.067754515,0.044570975,0.3294939,-0.0026967973
510,0.32656395,0.040425006,0.037331983,0.02711229,0.28923196,0.013312716
511,0.4717179,0.08561347,0.102662966,0.06929268,0.3690549,0.016320787
512,0.32321206,0.08270638,0.065142326,0.051436115,0.25806972,0.03127026
513,0.3477425,0.069739714,0.10490468,0.07900605,0.24283782,-0.009266339
514,0.3472652,0.038838767,0.059963096,0.045411933,0.2873021,-0.0065731667
515,0.58219683,0.061750676,0.08063511,0.06455214,0.5015617,-0.0028014667
516,0.53535926,0.06070491,0.06601432,0.046717424,0.46934494,0.013987485
517,0.3886095,0.072479576,0.08150561,0.047193356,0.30710387,0.02528622
518,0.5676921,0.07351075,0.06531815,0.04970436,0.50237393,0.02380639
519,0.43899682,-0.006239259,0.012031713,0.0062239473,0.42696512,-0.012463206
520,0.47226778,0.060381953,0.06696196,0.0472962,0.4053058,0.013085753
521,0.504246,0.061145138,0.095975704,0.065704435,0.4082703,-0.004559297
522,0.59183806,0.076511666,0.099017106,0.06616294,0.49282095,0.01034873
523,0.26405665,0.04925172,0.052579302,0.040496983,0.21147735,0.008754738
524,0.2715684,0.033362716,0.059763767,0.04246469,0.21180463,-0.009101972
525,0.4819511,0.057784084,0.098565266,0.06605055,0.38338584,-0.008266468
526,0.43636796,0.03589147,0.057638973,0.040605493,0.378729,-0.0047140233
527,0.55312943,0.037314713,0.102240875,0.070339665,0.45088857,-0.03302495
528,0.27204323,0.05830596,0.054348506,0.034363266,0.21769473,0.023942694
529,0.54149544,0.056472424,0.08856704,0.060456112,0.4529284,-0.0039836876
530,0.45935243,0.048176147,0.07165515,0.050883304,0.38769728,-0.0027071573
531,0.35451356,0.07269755,0.09217331,0.0731932,0.26234025,-0.0004956499
532,0.4259859,0.057001952,0.081900984,0.057610177,0.34408492,-0.0006082244
533,0.51910406,0.055368938,0.11115365,0.0779783,0.4079504,-0.02260936
534,0.6815503,0.005980162,0.062877566,0.03258504,0.6186727,-0.026604878
535,0.52431285,0.078289755,0.1541721,0.099781364,0.37014076,-0.02149161
536,0.39622918,0.060281765,0.08025728,0.058407217,0.3159719,0.0018745475
537,0.2774234,0.01950065,0.034712743,0.02343698,0.24271066,-0.00393633
538,0.32409865,0.028140273,0.07342321,0.053059813,0.25067544,-0.02491954
539,0.47858238,0.033165574,0.036466394,0.026967127,0.442116,0.006198447
540,0.42318878,0.012206244,0.018919684,0.0140378345,0.4042691,-0.0018315902
541,0.39411148,0.049534358,0.06777398,0.04890052,0.32633752,0.0006338395
542,0.25514877,0.037625115,0.062315993,0.04332341,0.19283277,-0.0056982934
543,0.6787812,0.008718954,0.04103766,0.023884661,0.63774353,-0.015165707
544,0.36214337,0.05729856,0.080568165,0.051926006,0.2815752,0.005372554
545,0.38429245,0.04391471,0.061173964,0.03802703,0.32311848,0.0058876798
546,0.3366761,0.027827717,0.050228346,0.03198785,0.28644773,-0.0041601323
547,0.36197928,0.056408886,0.06939386,0.052140318,0.29258543,0.004268568
548,0.3062075,0.02957266,0.06040813,0.039772544,0.24579938,-0.010199884
549,0.43337682,0.021689832,0.05363131,0.04118313,0.3797455,-0.019493297
550,0.6300457,0.0056133103,0.04205523,0.021255322,0.58799046,-0.015642012
551,0.389633,0.046429355,0.056657054,0.03569613,0.33297595,0.010733224
552,0.3863856,0.043783844,0.07379021,0.049745012,0.31259537,-0.0059611686
553,0.49162173,0.028146809,0.071375415,0.048059534,0.4202463,-0.019912725
554,0.5769139,0.08174404,0.10281225,0.07673228,0.47410163,0.0050117597
555,0.31058863,0.053618513,0.060468644,0.047501944,0.25011998,0.006116569
556,0.49965826,0.065966256,0.086989544,0.061258025,0.4126687,0.0047082305
557,0.3347835,0.058142,0.056665763,0.04147775,0.27811772,0.016664248
558,0.38370255,0.07964069,0.09612236,0.07422853,0.2875802,0.005412154
559,0.3788465,0.014560742,0.025208747,0.020203525,0.35363775,-0.005642783
560,0.49794963,0.04708642,0.0719953,0.047038537,0.42595434,4.788488e-05
561,0.33205056,0.046544153,0.059737567,0.04377086,0.272313,0.0027732924
562,0.2597299,0.020659659,0.035909094,0.028077072,0.2238208,-0.0074174125
563,0.35013434,0.047542408,0.060873184,0.048634287,0.28926116,-0.0010918789
564,0.3718783,0.074184455,0.06753802,0.04301868,0.30434027,0.031165775
565,0.28283235,0.05829794,0.057162844,0.037645463,0.2256695,0.020652477
566,0.23500891,0.07007964,0.048323564,0.03584778,0.18668535,0.03423186
567,0.35286787,0.050765704,0.045021005,0.034454953,0.30784687,0.016310751
568,0.41728383,0.050625786,0.05619231,0.039327387,0.36109152,0.011298399
569,0.53107077,0.022268293,0.046621293,0.031558715,0.48444948,-0.009290421
570,0.28905472,0.096854605,0.033406124,0.021080798,0.2556486,0.075773805
571,0.3810893,0.04041088,0.069744304,0.045798097,0.31134498,-0.005387217
572,0.38199767,0.10798878,0.06612736,0.043737497,0.3158703,0.06425129
573,0.3936498,0.047628943,0.07521349,0.051119044,0.3184363,-0.0034901015
574,0.16044475,0.029441072,0.04543899,0.034296002,0.11500576,-0.0048549306
575,0.37817568,0.020309187,0.03351514,0.025813539,0.34466052,-0.005504351
576,0.27645236,0.014503015,0.04964359,0.03762746,0.22680877,-0.023124443
577,0.34801248,0.04453808,0.074166425,0.060493074,0.27384606,-0.015954994
578,0.3155556,0.03309393,0.04814305,0.037450634,0.26741254,-0.0043567047
579,0.6204568,0.010580261,0.04777271,0.027168749,0.5726841,-0.016588487
580,0.5429303,0.027332354,0.064815186,0.044350244,0.4781151,-0.01701789
581,0.33975574,0.033493355,0.035233565,0.02360093,0.3045222,0.009892425
582,0.30388898,0.097799405,0.105629474,0.07490407,0.1982595,0.022895336
583,0.34590727,0.028692687,0.034850728,0.025503624,0.31105655,0.0031890627
584,0.59364545,0.09444415,0.11373076,0.08455574,0.4799147,0.009888411
585,0.30466783,0.08639378,0.0959174,0.069939554,0.20875043,0.016454227
586,0.50303656,0.03939681,0.06690477,0.047717847,0.43613178,-0.008321036
587,0.43642125,0.088908136,0.10273132,0.06904922,0.33368993,0.01985892
588,0.46232477,0.04626906,0.08209788,0.05644447,0.38022688,-0.010175411
589,0.27999178,0.04413059,0.05966434,0.037547447,0.22032744,0.006583143
590,0.5213885,0.09713981,0.08331797,0.05784958,0.4380705,0.039290234
591,0.3426994,0.018125186,0.060597852,0.037677813,0.28210157,-0.019552628
592,0.3899346,0.05497559,0.08194694,0.05740819,0.30798766,-0.0024325997
593,0.453494,-0.0025556725,0.013737939,0.007347226,0.43975607,-0.009902898
594,0.40208945,0.06843249,0.08257552,0.062580235,0.31951392,0.0058522522
595,0.4753303,0.028473623,0.07558353,0.046596184,0.39974678,-0.018122561
596,0.4215049,0.06374072,0.096144296,0.07240236,0.32536063,-0.008661635
597,0.52311766,0.008932532,0.012519491,0.005002388,0.5105982,0.003930144
598,0.37257433,0.08209948,0.09524547,0.067331456,0.27732885,0.014768027
599,0.2476,0.020306654,0.036601886,0.028580038,0.21099812,-0.008273384
600,0.5132488,0.0028670926,0.047062654,0.029011931,0.46618614,-0.026144838
601,0.46908468,0.07571189,0.07636511,0.058982275,0.39271957,0.016729616
602,0.39838788,0.045263264,0.074924186,0.053812813,0.32346368,-0.008549549
603,0.26329702,0.00429573,0.025762487,0.015223754,0.23753454,-0.010928024
604,0.6227214,0.09694248,0.13408622,0.10066727,0.48863515,-0.003724791
605,0.314256,0.04982317,0.05266396,0.04053491,0.26159206,0.009288259
606,0.46848974,0.0373937,0.08934541,0.05947547,0.3791443,-0.02208177
607,0.21482599,0.030516777,0.046753123,0.034463797,0.16807286,-0.0039470196
608,0.45041224,0.031428084,0.053259462,0.034677844,0.39715278,-0.0032497607
609,0.319607,0.044212237,0.062109407,0.050178353,0.25749758,-0.0059661157
610,0.3313565,0.05112225,0.081263706,0.05548734,0.2500928,-0.0043650903
611,0.24836124,0.021142203,0.03112978,0.021667907,0.21723147,-0.00052570365
612,0.39220688,0.070881456,0.099899404,0.0775003,0.29230747,-0.0066188425
613,0.16393755,0.061701544,0.054681312,0.041924305,0.10925624,0.019777238
614,0.3456159,0.060381364,0.048578244,0.03758754,0.29703766,0.022793826
615,0.39536536,0.043282613,0.05424045,0.035985667,0.3411249,0.007296946
616,0.5221135,0.09099487,0.080557644,0.060554434,0.44155586,0.030440439
617,0.31503537,0.027420226,0.046982303,0.03613795,0.26805305,-0.008717723
618,0.5435076,0.0458638,0.07308508,0.05348133,0.4704225,-0.0076175295
619,0.40598682,0.020588668,0.06823744,0.043686513,0.33774936,-0.023097845
620,0.44096613,0.07860317,0.089556724,0.06835361,0.3514094,0.010249563
621,0.56370384,0.037752487,0.06728092,0.050092846,0.49642292,-0.012340359
622,0.29865363,0.023909342,0.08726391,0.054122806,0.21138972,-0.030213464
623,0.51835006,0.06893778,0.080801204,0.057190813,0.43754888,0.011746965
624,0.39025137,0.034002934,0.038029935,0.02769826,0.35222143,0.006304674
625,0.30136734,0.059825055,0.07730102,0.05498283,0.22406632,0.0048422255
626,0.69987184,0.061365087,0.10091588,0.072198935,0.598956,-0.010833848
627,0.33886102,0.021209514,0.043771658,0.030513715,0.29508936,-0.009304201
628,0.19537878,0.0019101115,0.014011804,0.009857962,0.18136698,-0.00794785
629,0.31938928,0.019600764,0.042400707,0.02971466,0.27698857,-0.010113897
630,0.30439964,0.032590743,0.052041188,0.03225172,0.25235844,0.00033902377
631,0.6104602,-0.0051341364,0.017038696,0.011185057,0.5934215,-0.016319193
632,0.3374015,0.026355779,0.04434782,0.033127915,0.2930537,-0.0067721363
633,0.38846582,0.012126821,0.047289424,0.02453584,0.3411764,-0.012409019
634,0.34350917,0.02448826,0.039601266,0.029589824,0.3039079,-0.0051015653
635,0.46911842,0.04486846,0.06012056,0.040674094,0.40899786,0.0041943677
636,0.44977754,0.03977098,0.054560937,0.041877817,0.3952166,-0.002106838
637,0.5032385,0.07927465,0.09909187,0.07413473,0.4041466,0.005139917
638,0.5216062,-0.007131414,0.018635947,0.011523974,0.5029703,-0.018655388
639,0.257255,0.030680448,0.028691707,0.021072097,0.22856328,0.009608351
640,0.511986,0.13784543,0.15646425,0.11822856,0.35552177,0.019616865
641,0.41557696,0.062057137,0.07922805,0.057439853,0.33634892,0.004617285
642,0.31974617,0.08022091,0.07687804,0.062707976,0.24286813,0.017512932
643,0.21513474,0.017841551,0.07175312,0.0424595,0.14338163,-0.024617948
644,0.50555915,0.107492894,0.12196422,0.0867189,0.38359493,0.020773992
645,0.215967,0.02560857,0.036176633,0.027293546,0.17979036,-0.0016849767
646,0.30310783,0.025167804,0.034423016,0.024849236,0.2686848,0.0003185682
647,0.35371822,0.07005813,0.088823356,0.06269851,0.26489487,0.0073596165
648,0.26493475,0.04935481,0.03927341,0.02903214,0.22566134,0.020322671
649,0.40390942,0.044852056,0.048819494,0.038435627,0.35508993,0.006416429
650,0.4113068,0.02664645,0.0373535,0.027541205,0.37395328,-0.0008947551
651,0.18923661,0.046605725,0.0455507,0.032177035,0.1436859,0.01442869
652,0.3067427,0.0511476,0.07071582,0.047487985,0.23602688,0.0036596134
653,0.5182334,0.087860785,0.11556087,0.08561392,0.40267256,0.0022468641
654,0.39569405,0.059157167,0.043177508,0.03312947,0.35251653,0.026027698
655,0.41840726,0.028642561,0.067377076,0.04285463,0.35103017,-0.014212068
656,0.48990363,0.055038635,0.05337838,0.039708342,0.43652526,0.015330292
657,0.19547988,0.008460181,0.024590287,0.016404921,0.1708896,-0.00794474
658,0.5160159,-0.005897299,0.013017858,0.007581754,0.50299805,-0.013479053
659,0.44380423,0.054281056,0.084301814,0.059499674,0.35950243,-0.0052186176
660,0.44565162,0.041059934,0.06266705,0.04433739,0.38298458,-0.0032774583
661,0.28603727,0.016116677,0.042752318,0.031517748,0.24328494,-0.015401071
662,0.60127676,0.088357925,0.10496605,0.07470819,0.4963107,0.013649732
663,0.3555357,0.06406126,0.049541377,0.036552224,0.3059943,0.027509037
664,0.5624516,0.06894671,0.10768001,0.07783763,0.45477158,-0.008890919
665,0.5327454,0.05892056,0.084853955,0.06692621,0.44789147,-0.008005653
666,0.48337984,0.06577241,0.09342475,0.06610078,0.3899551,-0.0003283769
667,0.5430993,0.012658162,0.03925277,0.022440104,0.5038465,-0.009781942
668,0.45135346,0.022878619,0.046526518,0.033576794,0.40482694,-0.010698175
669,0.35255498,0.078745365,0.090414785,0.053906377,0.26214018,0.024838988
670,0.39832458,0.019856201,0.047704153,0.03245413,0.35062042,-0.012597928
671,0.58554727,0.053142536,0.06200211,0.04066987,0.52354515,0.012472667
672,0.39354196,0.04302372,0.0769599,0.060504407,0.31658205,-0.017480686
673,0.12720738,0.00827743,0.028057553,0.0147524085,0.09914983,-0.0064749783
674,0.542474,0.10983851,0.11176824,0.08440253,0.43070573,0.025435977
675,0.36631587,0.027750187,0.05077086,0.03142883,0.31554502,-0.0036786422
676,0.39854532,0.04996464,0.05780287,0.03325839,0.34074247,0.01670625
677,0.3464697,0.07012296,0.080754474,0.06494802,0.26571524,0.005174935
678,0.5173942,0.026266962,0.0652602,0.044577405,0.45213398,-0.018310443
679,0.36165705,0.04776635,0.059003197,0.039189186,0.30265385,0.008577164
680,0.38724115,0.12237511,0.12606543,0.10334237,0.26117572,0.01903274
681,0.45339084,0.038985904,0.06422203,0.046146497,0.3891688,-0.007160593
682,0.40177935,0.08675288,0.052946005,0.03372485,0.34883335,0.05302803
683,0.43949008,0.057102244,0.06412059,0.042718723,0.3753695,0.014383521
684,0.32558426,0.037736498,0.10519443,0.064180166,0.22038984,-0.026443668
685,0.43627718,0.10321799,0.10033744,0.07501572,0.33593974,0.028202266
686,0.44757256,0.05888519,0.07685926,0.05993393,0.3707133,-0.00104874
687,0.3467198,0.013608412,0.020145323,0.017042432,0.32657447,-0.00343402
688,0.5282204,0.08856954,0.064088985,0.035571247,0.4641314,0.05299829
689,0.19389395,0.017924063,0.024016483,0.016789172,0.16987747,0.0011348911
690,0.43760908,0.03663075,0.07641876,0.053368784,0.36119032,-0.016738035
691,0.55612826,0.05737435,0.07391697,0.05078944,0.4822113,0.0065849125
692,0.30247888,0.04950432,0.052348785,0.032574307,0.2501301,0.016930014
693,0.3536837,0.04905373,0.07879282,0.049935423,0.2748909,-0.00088169426
694,0.50415874,0.046087604,0.07430949,0.054552995,0.42984924,-0.008465391
695,0.4273475,0.04957751,0.06789839,0.046364296,0.35944912,0.0032132156
696,0.3142975,0.057763357,0.07435079,0.04892491,0.23994671,0.008838445
697,0.38176367,0.03179873,0.047621425,0.030916587,0.33414224,0.000882145
698,0.21786107,0.025402457,0.05689951,0.044092882,0.16096157,-0.018690426
699,0.42836127,0.08716802,0.09672431,0.07663157,0.33163697,0.010536455
700,0.2731847,0.029859852,0.086592235,0.0585361,0.18659246,-0.02867625
701,0.72596717,-0.0057575274,0.013490012,0.007689281,0.71247715,-0.013446808
702,0.11771912,0.0270881,0.02658407,0.02142834,0.091135055,0.005659761
703,0.49327597,0.051677607,0.06064534,0.043433614,0.43263063,0.008243993
704,0.4622454,0.05199815,0.07029678,0.046463337,0.39194864,0.005534813
705,0.3203709,0.018174293,0.045764856,0.033795733,0.27460605,-0.0156214405
706,0.2915996,0.025788087,0.048073974,0.034033064,0.24352562,-0.008244976
707,0.34675407,0.061874483,0.06304349,0.04419156,0.2837106,0.017682921
708,0.4089114,0.07496068,0.073109396,0.05455264,0.33580202,0.020408038
709,0.71113646,0.008646915,0.032035284,0.020375641,0.67910117,-0.011728726
710,0.6985273,0.05746604,0.08815241,0.06954566,0.61037487,-0.012079615
711,0.6046651,0.17862321,0.08326393,0.06862544,0.52140117,0.10999777
712,0.45041752,0.061368246,0.08615818,0.06032773,0.36425933,0.0010405146
713,0.7653047,0.1790566,0.2537397,0.15656385,0.51156497,0.022492751
714,0.40852457,0.035860498,0.097493455,0.05428013,0.3110311,-0.01841963
715,0.33716062,0.04769357,0.041456416,0.028370483,0.2957042,0.019323086
716,0.37987423,0.06022057,0.08691389,0.06375033,0.29296035,-0.0035297573
717,0.659633,0.10485855,0.08255038,0.058802843,0.57708263,0.046055704
718,0.43950304,0.047778927,0.087680295,0.06203263,0.35182273,-0.014253702
719,0.4635806,0.089814536,0.11297542,0.08630703,0.3506052,0.0035075098
720,0.37923145,0.005903051,0.021879423,0.018487139,0.35735202,-0.012584088
721,0.37184128,0.04115213,0.06621624,0.047937185,0.30562505,-0.0067850538
722,0.34737083,0.07382949,0.1085915,0.07093602,0.23877934,0.0028934702
723,0.4083484,0.049208127,0.063610926,0.041021448,0.34473747,0.008186679
724,0.21840377,0.0020535174,0.032804176,0.021639023,0.1855996,-0.019585505
725,0.36545944,0.026032725,0.061010502,0.04245177,0.30444893,-0.016419044
726,0.48410705,0.06578474,0.083914146,0.06408975,0.40019292,0.0016949847
727,0.28875068,0.084845565,0.068419814,0.055174794,0.22033086,0.029670771
728,0.39339033,0.03778192,0.049144644,0.036827203,0.34424567,0.0009547174
729,0.27592942,0.050725978,0.05259469,0.038253743,0.22333473,0.012472235
730,0.15027854,0.014590632,0.01970393,0.01212166,0.13057461,0.0024689725
731,0.33703077,0.041407052,0.06819969,0.049984537,0.26883107,-0.008577485
732,0.58901995,0.023113895,0.06771484,0.044004127,0.5213051,-0.020890232
733,0.4133567,0.037934892,0.059966255,0.04265851,0.35339043,-0.0047236197
734,0.1101258,0.022475207,0.02350992,0.013567609,0.08661588,0.008907598
735,0.42514127,0.060908645,0.119513646,0.0845985,0.30562764,-0.023689851
736,0.40829107,0.040089678,0.05389163,0.040709116,0.35439944,-0.00061943755
737,0.3312095,0.027324785,0.10821857,0.06857745,0.22299093,-0.04125267
738,0.61681575,0.059690204,0.08675183,0.0664526,0.5300639,-0.0067623965
739,0.6907618,-0.015319895,0.0146135725,0.006964948,0.67614824,-0.022284843
740,0.50196093,0.09151669,0.108454116,0.081981085,0.39350682,0.009535603
741,0.5431036,0.08105564,0.08310628,0.06465238,0.4599973,0.016403258
742,0.38985887,0.06290386,0.0633973,0.046411853,0.32646155,0.016492005
743,0.42257577,0.06468714,0.046360955,0.036669463,0.3762148,0.028017677
744,0.08208393,0.0135976,0.017815106,0.014783004,0.06426883,-0.0011854041
745,0.40797132,0.05856038,0.0683983,0.04876155,0.33957303,0.0097988285
746,0.45275357,0.059123747,0.0765466,0.05544679,0.37620696,0.0036769584
747,0.66154504,0.0648119,0.09324601,0.063335225,0.56829906,0.0014766753
748,0.21002446,0.048665818,0.047641482,0.03905843,0.16238298,0.00960739
749,0.2949892,0.02704456,0.059033655,0.038578484,0.23595554,-0.011533923
750,0.3078847,0.03529173,0.058663312,0.038882907,0.24922138,-0.0035911761
751,0.4977824,0.04296137,0.083993025,0.06104602,0.4137894,-0.018084649
752,0.28176638,0.030712185,0.03216645,0.022407427,0.24959993,0.008304758
753,0.37619773,0.04817425,0.074627265,0.049625732,0.30157048,-0.0014514811
754,0.2968459,0.065901645,0.08246718,0.05694819,0.21437873,0.008953456
755,0.43658677,0.051093455,0.077362314,0.055788655,0.35922444,-0.0046951994
756,0.20180352,-0.008812056,0.043926854,0.030908408,0.15787667,-0.039720464
757,0.353372,0.015495297,0.049072288,0.034901325,0.3042997,-0.019406028
758,0.16120784,0.039472993,0.04537582,0.033943616,0.115832016,0.0055293776
759,0.5514745,0.040962175,0.0460531,0.03570474,0.5054214,0.005257435
760,0.5174184,0.037357785,0.06256791,0.042980943,0.45485047,-0.005623158
761,0.3170345,0.02819465,0.06096697,0.046042643,0.25606754,-0.017847994
762,0.38210434,0.0399432,0.062157646,0.04136207,0.3199467,-0.00141887
763,0.3365362,0.043777592,0.057963643,0.039064515,0.27857256,0.004713077
764,0.6347511,0.07428902,0.097015575,0.07324717,0.5377355,0.0010418445
765,0.37072316,0.020134723,0.042296346,0.025638692,0.3284268,-0.0055039693
766,0.43925074,0.1139773,0.051319316,0.035664346,0.3879314,0.07831295
767,0.5635931,0.081333145,0.10746606,0.0719963,0.45612705,0.009336844
768,0.48353043,0.06224265,0.071948834,0.05334324,0.4115816,0.008899409
769,0.23720491,0.035353173,0.062250413,0.04356641,0.1749545,-0.008213237
770,0.31099933,0.051680677,0.07890476,0.052999612,0.23209457,-0.0013189353
771,0.3791069,0.04415135,0.08121701,0.04827402,0.2978899,-0.0041226707
772,0.2602432,0.038994014,0.031116765,0.020184014,0.22912644,0.01881
773,0.4462522,0.062330436,0.073547475,0.059593577,0.3727047,0.002736859
774,0.24605569,0.07151177,0.059937857,0.043475598,0.18611783,0.02803617
775,0.3803554,0.05200673,0.048101444,0.03174081,0.33225393,0.020265918
776,0.8648247,0.0054606684,0.011568117,0.008196252,0.8532566,-0.002735584
777,0.3984145,0.06529164,0.0726444,0.0560067,0.32577008,0.009284943
778,0.5344815,0.066825464,0.13956341,0.09024657,0.3949181,-0.023421109
779,0.35357562,0.041472074,0.059873376,0.04126787,0.29370224,0.00020420179
780,0.43183318,0.025501559,0.053003356,0.032879423,0.37882984,-0.007377865
781,0.299177,0.05694171,0.051117953,0.041075364,0.24805903,0.015866347
782,0.34746742,0.0426839,0.04893202,0.033003632,0.2985354,0.009680267
783,0.29849964,0.061452396,0.07103502,0.047866784,0.22746462,0.013585612
784,0.28186628,0.114605464,0.108358204,0.07065978,0.17350808,0.043945685
785,0.123746924,0.04096397,0.04711691,0.030528829,0.07663001,0.010435142
786,0.59458137,0.009486647,0.020287555,0.01404426,0.5742938,-0.0045576124
787,0.33522683,0.059474148,0.061270334,0.047600437,0.2739565,0.011873711
788,0.5733204,0.037245397,0.07560128,0.045097638,0.4977191,-0.007852241
789,0.20129111,0.033503022,0.0431336,0.031209229,0.15815751,0.0022937935
790,0.21703121,0.029470347,0.040974554,0.03198238,0.17605665,-0.002512034
791,0.28997418,0.04095759,0.059420258,0.03834507,0.23055393,0.00261252
792,0.5211691,0.053120464,0.0581984,0.043029297,0.46297073,0.010091167
793,0.5757961,0.104249075,0.13953967,0.09384429,0.43625647,0.010404788
794,0.57040095,0.04641055,0.08563053,0.06272555,0.48477042,-0.016315002
795,0.056586273,0.029518684,0.031526357,0.018377753,0.025059916,0.011140931
796,0.42669,0.058797903,0.05291174,0.03842739,0.37377828,0.020370513
797,0.31716463,0.078397974,0.06342693,0.044635892,0.2537377,0.033762082
798,0.34591246,0.0334826,0.052603517,0.038267303,0.29330894,-0.0047847033
799,0.5324717,0.06899901,0.08506522,0.06683891,0.4474065,0.0021600947
800,0.62266666,0.09303948,0.11840817,0.08793935,0.5042585,0.005100131
801,0.63529193,0.020779775,0.03877556,0.032611545,0.5965164,-0.01183177
802,0.3205573,0.036934696,0.05650551,0.042920724,0.2640518,-0.0059860274
803,0.42791387,0.017179187,0.049289163,0.035440862,0.3786247,-0.018261675
804,0.45992783,0.061441746,0.082329534,0.053016838,0.3775983,0.008424908
805,0.3452545,0.042247094,0.03554238,0.02819782,0.30971214,0.014049275
806,0.4011009,0.042738423,0.06094692,0.044221196,0.340154,-0.0014827736
807,0.41957712,0.036180064,0.047506724,0.0357066,0.3720704,0.00047346577
808,0.39762485,0.07641296,0.07565065,0.052270435,0.32197422,0.024142526
809,0.3452279,0.05530345,0.09356806,0.06629814,0.25165984,-0.010994691
810,0.43700245,0.060413636,0.06374932,0.048151184,0.37325314,0.012262452
811,0.44761297,0.02009904,0.046938125,0.033873912,0.40067485,-0.013774872
812,0.37701845,0.073086955,0.094547585,0.06942975,0.28247088,0.003657207
813,0.40224338,0.0959487,0.097037345,0.07665251,0.30520603,0.019296192
814,0.31563443,0.023439175,0.051128972,0.032394968,0.26450545,-0.008955793
815,0.32110006,0.03029326,0.07260985,0.047233213,0.24849021,-0.016939953
816,0.39562595,0.052209485,0.046931963,0.031468414,0.348694,0.020741072
817,0.19170117,0.031999316,0.027685191,0.019716494,0.16401598,0.012282822
818,0.38137728,0.042834483,0.059213966,0.03931083,0.3221633,0.0035236515
819,0.407349,0.021275662,0.018500494,0.008450961,0.38884848,0.012824701
820,0.32180405,0.057982545,0.06156319,0.04429109,0.26024085,0.013691455
821,0.58377314,0.04921072,0.06768143,0.05085968,0.5160917,-0.0016489588
822,0.46164733,0.07867028,0.10325855,0.08071606,0.35838878,-0.0020457804
823,0.2609717,-0.0012928252,0.056609582,0.027368909,0.20436211,-0.028661733
824,0.34587777,0.075501,0.04996627,0.035358954,0.2959115,0.04014205
825,0.29375878,0.02067341,0.06399539,0.046048027,0.22976339,-0.025374617
826,0.39691004,0.0745322,0.09053258,0.07401317,0.30637747,0.0005190298
827,0.30079558,-0.003619557,0.052040525,0.0294142,0.24875507,-0.033033755
828,0.2728899,0.021119082,0.046879824,0.034421246,0.22601008,-0.013302164
829,0.6499911,0.051265463,0.069377825,0.045721974,0.58061326,0.005543489
830,0.511165,0.06199914,0.08807451,0.05890003,0.42309052,0.00309911
831,0.29272488,0.07599662,0.07641565,0.058182474,0.21630922,0.017814148
832,0.22558965,0.023275694,0.038930595,0.02818341,0.18665905,-0.004907716
833,0.31524748,0.10352775,0.053059254,0.03346546,0.26218823,0.07006229
834,0.42437124,-0.009043892,0.0094646,0.0050561954,0.41490665,-0.014100088
835,0.44956723,0.02149145,0.030005151,0.023778727,0.41956207,-0.002287278
836,0.40136853,0.04398983,0.053324305,0.041992515,0.34804422,0.0019973144
837,0.44681478,0.048569564,0.06206771,0.045464266,0.38474706,0.0031052977
838,0.2946707,0.04948881,0.06745009,0.04294099,0.22722061,0.00654782
839,0.35001692,0.02146596,0.04167806,0.024636285,0.30833885,-0.0031703245
840,0.29982454,0.0284538,0.05359372,0.03938172,0.24623081,-0.010927919
841,0.412001,0.039380096,0.06290495,0.04332176,0.34909606,-0.0039416626
842,0.35218745,0.044061925,0.0384496,0.026468601,0.31373787,0.017593324
843,0.18121308,0.017609177,0.02973123,0.01964174,0.15148185,-0.002032563
844,0.46430567,0.07922205,0.0916982,0.071910046,0.37260747,0.0073120072
845,0.35602772,0.06097599,0.06446377,0.04997778,0.29156396,0.010998212
846,0.32343063,0.02076588,0.026358273,0.01580453,0.29707235,0.004961351
847,0.31550753,0.031006567,0.07794621,0.046049748,0.23756132,-0.01504318
848,0.17942302,0.022575742,0.03163144,0.019915953,0.14779158,0.0026597884
849,0.3759035,0.04163553,0.06176705,0.045822438,0.31413645,-0.0041869096
850,0.5588359,0.07152696,0.094182976,0.0682514,0.46465296,0.0032755584
851,0.49010593,0.0619968,0.091203235,0.064677924,0.39890268,-0.002681125
852,0.3804508,0.055461287,0.046297103,0.035461117,0.33415368,0.02000017
853,0.46027243,0.05649864,0.057932064,0.045664277,0.40234035,0.010834362
854,0.37532577,0.043859974,0.07827989,0.046902757,0.2970459,-0.0030427836
855,0.32816455,0.027940815,0.061331242,0.039062425,0.2668333,-0.01112161
856,0.2951033,0.037703983,0.034936246,0.027440758,0.26016706,0.010263225
857,0.17596254,0.025432477,0.028598446,0.022537246,0.1473641,0.0028952304
858,0.30399054,0.054330923,0.052361056,0.035360202,0.25162947,0.01897072
859,0.3451845,0.016754048,0.04979381,0.03852369,0.2953907,-0.021769641
860,0.2701049,0.03959659,0.065995105,0.046358,0.20410979,-0.0067614093
861,0.38903522,0.059008863,0.033166993,0.02445354,0.35586822,0.034555323
862,0.36221498,0.11203544,0.09866139,0.0677736,0.2635536,0.044261836
863,0.3134084,0.043608647,0.040856123,0.029936058,0.27255228,0.013672588
864,0.49998495,0.033046808,0.06354037,0.045207858,0.43644458,-0.01216105
865,0.42861283,-0.0023699042,0.044746842,0.03198785,0.38386598,-0.034357753
866,0.43031093,0.06592969,0.07461473,0.04348666,0.3556962,0.02244303
867,0.4391159,0.051906567,0.071572274,0.05544335,0.36754364,-0.0035367832
868,0.35695094,0.070706375,0.061369777,0.045622457,0.29558116,0.025083918
869,0.5228781,0.043867357,0.04670261,0.03374061,0.4761755,0.010126747
870,0.38868582,0.027506888,0.050396107,0.031142676,0.3382897,-0.0036357883
871,0.23716483,0.058366727,0.04870249,0.037167545,0.18846233,0.021199182
872,0.71956575,0.034550138,0.062054537,0.04260279,0.65751123,-0.008052651
873,0.33539715,0.039783746,0.055873074,0.047581032,0.2795241,-0.007797286
874,0.23764072,0.06489573,0.063540705,0.04951063,0.17410001,0.015385095
875,0.48590592,0.0115945665,0.0203231,0.013315806,0.46558282,-0.0017212396
876,0.46566194,0.08062675,0.074406564,0.051059023,0.39125538,0.029567726
877,0.47703466,0.06566655,0.10853447,0.06541249,0.36850017,0.00025405735
878,0.42184132,0.054600507,0.0676374,0.04582693,0.35420394,0.0087735765
879,0.37892488,0.027057244,0.029984983,0.020028811,0.3489399,0.0070284326
880,0.3794858,0.05648887,0.08620486,0.060521558,0.29328093,-0.0040326864
881,0.6094797,0.08319171,0.12181521,0.09207957,0.48766452,-0.008887865
882,0.52032995,0.065768264,0.07499805,0.050706454,0.4453319,0.015061811
883,0.5432284,0.07903308,0.11571045,0.084066495,0.42751795,-0.0050334185
884,0.49611014,0.07540433,0.09777906,0.06238117,0.39833108,0.01302316
885,0.667288,0.08136007,0.08619798,0.058787517,0.58109003,0.022572555
886,0.33590156,0.024408739,0.030807458,0.021531606,0.3050941,0.002877133
887,0.53281707,0.038209036,0.056442305,0.043880288,0.47637475,-0.0056712516
888,0.19945917,0.06371714,0.063031234,0.04538678,0.13642794,0.018330362
889,0.46520686,0.05734699,0.07836619,0.055450935,0.38684067,0.0018960536
890,0.4452562,0.07190892,0.0836273,0.05507433,0.3616289,0.01683459
891,0.46428493,0.12137754,0.17233732,0.13492052,0.2919476,-0.01354298
892,0.53914344,0.0620011,0.104372226,0.068220854,0.4347712,-0.006219752
893,0.3026354,0.05923386,0.08125493,0.06513678,0.22138047,-0.0059029236
894,0.73797536,0.104512654,0.1577963,0.09387359,0.5801791,0.010639064
895,0.38278475,0.079442345,0.06489151,0.0480527,0.31789324,0.031389646
896,0.51644236,0.08071185,0.09941417,0.076229006,0.4170282,0.004482843
897,0.5690683,0.017386891,0.030866394,0.017065294,0.5382019,0.00032159686
898,0.28078067,0.015141338,0.050175883,0.03030208,0.2306048,-0.015160741
899,0.44162834,0.06108013,0.088768855,0.065846965,0.3528595,-0.004766833
900,0.3668681,0.04378965,0.052867908,0.040841497,0.3140002,0.0029481538
901,0.28758126,0.048049483,0.05723782,0.040445775,0.23034345,0.0076037087
902,0.5034288,0.004659646,0.06028673,0.040567283,0.4431421,-0.035907637
903,0.07821566,0.0056590913,0.030785937,0.020406937,0.04742972,-0.014747846
904,0.7389385,0.11779131,0.13056418,0.09545724,0.60837436,0.022334069
905,0.36310303,0.06474615,0.072897926,0.04963205,0.29020512,0.015114099
906,0.35507527,0.023686755,0.08009414,0.05309822,0.27498114,-0.029411465
907,0.3630485,0.033017576,0.09587418,0.0546712,0.2671743,-0.021653626
908,0.37372988,0.028679729,0.060920123,0.043018226,0.31280977,-0.014338497
909,0.41368997,0.041078307,0.07087349,0.049314894,0.34281647,-0.008236587
910,0.1405048,0.05304843,0.026733968,0.020778969,0.11377084,0.03226946
911,0.5508125,0.06690043,0.101686455,0.075874984,0.44912603,-0.008974552
912,0.44043198,0.065029904,0.10772,0.06800601,0.332712,-0.0029761046
913,0.37981984,0.052870173,0.08371942,0.058685586,0.29610044,-0.005815413
914,0.39146817,0.029649122,0.031888302,0.021758394,0.35957986,0.007890727
915,0.567648,0.09839834,0.16279514,0.103375636,0.40485287,-0.0049772933
916,0.40627074,0.039145503,0.05257081,0.03791321,0.35369992,0.0012322925
917,0.48906946,0.062101338,0.074821316,0.050598513,0.41424814,0.011502825
918,0.33872563,0.04899619,0.05411228,0.035923943,0.28461334,0.013072249
919,0.4952476,0.07632639,0.097961664,0.07003814,0.39728594,0.006288253
920,0.38099858,0.03507055,0.07052528,0.045856882,0.3104733,-0.010786332
921,0.45193946,0.06915294,0.11769727,0.077643275,0.3342422,-0.008490339
922,0.28805146,0.03890493,0.04109606,0.027301352,0.2469554,0.011603579
923,0.2720714,0.053921733,0.061949473,0.03735866,0.21012191,0.016563073
924,0.4498279,0.051508103,0.09653732,0.06647747,0.3532906,-0.0149693675
925,0.38376442,0.017193258,0.057408046,0.035643436,0.32635638,-0.018450178
926,0.41362906,0.05025436,0.08006297,0.05096985,0.33356607,-0.00071549043
927,0.51763797,0.042996466,0.0737125,0.054523777,0.44392547,-0.011527311
928,0.5231147,0.06955879,0.07705614,0.045976806,0.44605854,0.023581985
929,0.43688276,0.064893045,0.0706625,0.052515034,0.36622027,0.012378011
930,0.4321807,0.10214538,0.09295228,0.06658842,0.33922842,0.035556965
931,0.26130465,0.016998503,0.034702476,0.022886224,0.22660217,-0.0058877207
932,0.38610697,0.07688597,0.0611589,0.04095636,0.32494807,0.03592961
933,0.42110345,0.068838574,0.06327509,0.045802128,0.35782835,0.023036446
934,0.62239474,0.10103858,0.14458832,0.09202627,0.47780642,0.009012312
935,0.44476238,0.06769388,0.087385386,0.06575051,0.357377,0.0019433722
936,0.37661132,0.024576614,0.037763312,0.026999788,0.338848,-0.0024231747
937,0.39886776,0.06432091,0.08760942,0.05561521,0.31125835,0.008705698
938,0.5095698,-0.0036064726,0.011528483,0.008885184,0.49804133,-0.0124916565
939,0.4001725,0.035372388,0.027059665,0.019624978,0.37311283,0.01574741
940,0.38283384,0.058654755,0.093130805,0.06007234,0.28970304,-0.0014175847
941,0.41713724,0.08874785,0.12366723,0.092449866,0.29347,-0.0037020147
942,0.45198098,0.05752202,0.046792712,0.033785086,0.40518826,0.023736935
943,0.43858394,0.07372276,0.10200533,0.0629006,0.3365786,0.010822155
944,0.54286844,0.06296658,0.08584148,0.05997227,0.45702696,0.0029943064
945,0.49462596,0.048815962,0.057825133,0.041275363,0.43680084,0.0075405985
946,0.4928814,0.052890677,0.08155771,0.05801313,0.41132367,-0.005122453
947,0.2547243,0.03470259,0.065818846,0.045157693,0.18890545,-0.010455102
948,0.46136382,0.11856183,0.06790216,0.04167287,0.39346164,0.076888956
949,0.20871219,0.038791772,0.051801175,0.04024574,0.15691102,-0.0014539696
950,0.31592104,0.046595123,0.07255777,0.05490398,0.24336326,-0.008308858
951,0.36757317,0.032618277,0.066725716,0.044959113,0.30084747,-0.012340836
952,0.33380327,0.031271026,0.06940372,0.044650372,0.26439953,-0.013379347
953,0.48901743,0.0029195135,0.025794644,0.011033112,0.46322277,-0.008113598
954,0.43833023,0.102398835,0.077696696,0.05563876,0.36063355,0.046760075
955,0.5729946,0.0315687,0.06436688,0.04680674,0.5086277,-0.015238043
956,0.18810967,0.043729883,0.04913233,0.033501197,0.13897733,0.010228686
957,0.3884176,0.045090552,0.09228477,0.059050135,0.29613283,-0.013959583
958,0.24169092,0.04307541,0.047190208,0.032500587,0.19450071,0.010574821
959,0.42553002,-0.009910643,0.013571381,0.006723079,0.41195863,-0.016633723
960,0.38403684,0.041705925,0.063049935,0.04796885,0.3209869,-0.0062629245
961,0.3461811,0.06205385,0.08557997,0.06088945,0.26060113,0.0011644028
962,0.28461727,0.019332945,0.0432436,0.028559294,0.24137367,-0.009226348
963,0.3506532,0.034562867,0.04910466,0.033848025,0.30154854,0.00071484223
964,0.33278316,0.08306398,0.07127698,0.051625084,0.2615062,0.0314389
965,0.39405942,0.041607082,0.06077684,0.04776924,0.3332826,-0.006162159
966,0.15887605,-0.0009420445,0.03920892,0.02220031,0.11966713,-0.023142355
967,0.41011667,0.10376412,0.0846844,0.05331304,0.32543227,0.050451078
968,0.4779256,0.058008302,0.07249339,0.056961045,0.40543222,0.0010472573
969,0.45774007,0.059376072,0.07965416,0.056148287,0.3780859,0.0032277852
970,0.5343672,0.09901122,0.12842399,0.089565165,0.4059432,0.009446055
971,0.30551037,0.049531005,0.046502687,0.037284356,0.2590077,0.01224665
972,0.3566702,0.0077984757,0.03262236,0.022446532,0.32404783,-0.014648056
973,0.6172424,0.08101521,0.07593459,0.059897013,0.5413078,0.021118194
974,0.28738686,0.06981832,0.03506011,0.024493966,0.25232676,0.04532435
975,0.39906898,0.040650822,0.06368022,0.05108852,0.33538878,-0.010437697
976,0.30712792,0.07547715,0.088421896,0.07013391,0.21870603,0.0053432435
977,0.45325425,0.041692633,0.06245228,0.048817344,0.39080197,-0.007124711
978,0.5337436,0.04789915,0.06755191,0.04968407,0.4661917,-0.0017849207
979,0.5246997,0.05742809,0.0761,0.055078756,0.4485997,0.0023493357
980,0.40589166,0.012763356,0.05552735,0.033331256,0.3503643,-0.020567901
981,0.47452506,0.09804278,0.1016184,0.07144577,0.37290666,0.026597008
982,0.4424407,0.03223489,0.073266774,0.05649986,0.3691739,-0.024264973
983,0.20712517,0.019639127,0.036118332,0.023263054,0.17100684,-0.003623927
984,0.3924343,0.03236292,0.048373193,0.035421584,0.3440611,-0.0030586645
985,0.6530168,0.08142698,0.10303041,0.07378114,0.54998636,0.007645838
986,0.70035154,0.1254722,0.18897992,0.13469172,0.5113716,-0.009219512
987,0.7150502,0.18265718,0.093495734,0.06890017,0.6215545,0.113757014
988,0.44483668,0.030103268,0.06783229,0.046762347,0.37700438,-0.01665908
989,0.43235233,0.06093687,0.072028555,0.051620092,0.3603238,0.009316776
990,0.26211992,0.10717338,0.10819097,0.07236035,0.15392895,0.03481303
991,0.28200337,0.031741746,0.04724187,0.033242878,0.2347615,-0.0015011318
992,0.24849094,0.009609341,0.04635262,0.033646837,0.20213832,-0.024037495
993,0.48771906,0.036272865,0.100193,0.057322633,0.38752607,-0.021049768
994,0.0435693,0.036203954,0.012031241,0.011263578,0.031538058,0.024940375
995,0.50165635,0.03736501,0.053099666,0.040789768,0.4485567,-0.00342476
996,0.20067403,0.05604414,0.040169463,0.025760854,0.16050456,0.030283285
997,0.2706502,0.020052342,0.04841975,0.03656585,0.22223046,-0.01651351
998,0.4588419,0.038853228,0.058615074,0.045694143,0.40022683,-0.0068409145
999,0.3598398,0.031153876,0.04257676,0.031660028,0.31726304,-0.00050615147
1000,0.5519713,0.07036671,0.083666526,0.052262593,0.46830478,0.018104117
1001,0.5921378,0.048465144,0.08768333,0.06122259,0.5044545,-0.012757447
1002,0.21177971,0.01713379,0.027984442,0.02306882,0.18379527,-0.00593503
1003,0.4260911,0.042575438,0.057704292,0.041305713,0.3683868,0.0012697242
1004,0.22346702,0.022805773,0.029012201,0.021481872,0.19445482,0.0013239011
1005,0.3169114,0.068647705,0.06810208,0.047197275,0.24880932,0.02145043
1006,0.6399939,0.058923095,0.11540008,0.07917327,0.52459383,-0.020250171
1007,0.30473015,0.030499665,0.07838726,0.047125828,0.22634289,-0.016626162
1008,0.24406518,0.025913874,0.022530017,0.01574035,0.22153516,0.010173524
1009,0.28846332,0.019580064,0.042967316,0.0286886,0.245496,-0.009108536
1010,0.24939057,0.021666666,0.03639821,0.028695123,0.21299237,-0.007028457
1011,0.56809694,0.09025845,0.12564228,0.08690932,0.44245464,0.0033491328
1012,0.5292438,0.08600516,0.10615115,0.080388635,0.42309266,0.0056165233
1013,0.33658266,0.039665926,0.06102233,0.044637408,0.27556032,-0.004971482
1014,0.31019068,0.02401112,0.04234179,0.029409386,0.26784888,-0.005398266
1015,0.34250617,0.058015786,0.067186,0.046063468,0.27532017,0.011952318
1016,0.323821,0.027790073,0.06075195,0.04793598,0.26306906,-0.020145908
1017,0.5472815,0.07811305,0.085956775,0.062111262,0.46132472,0.016001787
1018,0.39846876,0.02979918,0.068783276,0.03901913,0.32968548,-0.00921995
1019,0.51286703,0.049919136,0.059114385,0.04754669,0.45375264,0.0023724474
1020,0.21153021,0.04338225,0.04292613,0.028936174,0.16860408,0.014446076
1021,0.34453934,0.032334484,0.063069075,0.049019694,0.28147027,-0.01668521
1022,0.31109652,0.07426492,0.07816309,0.052685108,0.23293343,0.021579813
1023,0.32301673,0.085107565,0.082300425,0.055337764,0.24071631,0.0297698
1024,0.3780335,0.043460812,0.04687543,0.037089385,0.33115807,0.0063714273
1025,0.32807764,0.027399465,0.07172258,0.043881215,0.25635505,-0.01648175
1026,0.57248795,0.06566687,0.06795263,0.0538476,0.5045353,0.0118192695
1027,0.38881627,0.107770585,0.08857522,0.06802147,0.30024105,0.039749116
1028,0.6752169,0.045851972,0.071012564,0.04295309,0.60420436,0.002898883
1029,0.636149,0.09141307,0.12310505,0.09947362,0.51304394,-0.008060545
1030,0.3405091,0.059872758,0.08190745,0.059826814,0.25860164,4.5944005e-05
1031,0.4618916,0.115869686,0.10334284,0.08041415,0.35854876,0.035455532
1032,0.3767732,0.06265804,0.089634284,0.072096065,0.28713894,-0.009438023
1033,0.09938095,-0.000964207,0.02209286,0.016656468,0.07728809,-0.017620675
1034,0.42246747,0.047996268,0.07893913,0.053329192,0.34352833,-0.0053329244
1035,0.58858734,0.060287066,0.07953107,0.05524889,0.50905627,0.0050381757
1036,0.35301176,0.037223045,0.05464271,0.0392408,0.29836905,-0.002017755
1037,0.1962084,0.008889689,0.025948258,0.020872474,0.17026015,-0.011982785
1038,0.5947039,0.06221124,0.06723068,0.05034736,0.5274732,0.01186388
1039,0.22042266,0.00045930364,0.03834287,0.026330417,0.18207979,-0.025871113
1040,0.4799031,0.09301749,0.10207221,0.07980758,0.3778309,0.013209909
1041,0.49495733,0.030602226,0.07602292,0.04941757,0.4189344,-0.018815344
1042,0.31086463,0.028512478,0.05132153,0.03518401,0.2595431,-0.006671533
1043,0.32867306,0.042757023,0.066196196,0.043401565,0.26247686,-0.0006445423
1044,0.3257042,0.011507821,0.072246775,0.04662401,0.25345743,-0.03511619
1045,0.32250857,0.021695884,0.033646505,0.020376623,0.28886208,0.0013192613
1046,0.33325434,0.01849553,0.038923047,0.025264628,0.29433128,-0.0067690983
1047,0.3304656,0.057975788,0.04430462,0.032540902,0.286161,0.025434885
1048,0.4187781,0.07626445,0.06495735,0.048206072,0.35382074,0.028058376
1049,0.35237312,0.02650449,0.06014364,0.042865433,0.29222947,-0.016360942
1050,0.63892245,0.12781677,0.11628814,0.086493105,0.5226343,0.04132366
1051,0.43621507,0.044476546,0.09068911,0.066148326,0.34552598,-0.02167178
1052,0.35545295,0.026279077,0.037030533,0.024634345,0.31842244,0.0016447324
1053,0.22173558,0.025147213,0.026915004,0.023990868,0.19482058,0.001156345
1054,0.3092974,0.007655777,0.028468173,0.02162113,0.28082925,-0.013965353
1055,0.5053451,0.08388046,0.0840962,0.06668145,0.4212489,0.01719901
1056,0.4897371,0.03730568,0.069390416,0.04378572,0.42034668,-0.006480042
1057,0.56767374,0.0435139,0.067354836,0.043636013,0.5003189,-0.00012211129
1058,0.44602284,0.04920825,0.07997911,0.06026,0.36604375,-0.011051752
1059,0.5839365,0.021496793,0.062253486,0.03989863,0.52168304,-0.018401837
1060,0.37797603,0.030540224,0.06397252,0.03768704,0.31400353,-0.0071468167
1061,0.40631136,0.06305717,0.071547344,0.058250375,0.334764,0.004806794
1062,0.38810712,0.063575156,0.062214687,0.042984854,0.32589245,0.020590302
1063,0.24744304,0.032884993,0.042461902,0.034059573,0.20498113,-0.0011745803
1064,0.44899446,0.017919816,0.06911815,0.03990695,0.37987632,-0.021987133
1065,0.22763373,0.03281835,0.052274574,0.042873576,0.17535916,-0.010055225
1066,0.38411322,0.057796225,0.05233024,0.03942518,0.331783,0.018371046
1067,0.41934937,0.040428173,0.045897692,0.029632,0.37345168,0.010796173
1068,0.27958164,0.043492414,0.052618515,0.034986235,0.22696312,0.008506179
1069,0.38696805,0.037375867,0.046254396,0.035168603,0.34071365,0.0022072643
1070,0.34782165,0.054069567,0.086239375,0.06295393,0.2615823,-0.008884359
1071,0.19311641,0.008056997,0.016078956,0.009044734,0.17703745,-0.0009877365
1072,0.4174023,0.046241444,0.06783633,0.046030525,0.34956598,0.00021091849
1073,0.31738737,0.04632001,0.08061774,0.055781547,0.23676963,-0.009461537
1074,0.48621264,-0.0028183486,0.015230383,0.009987493,0.47098225,-0.012805842
1075,0.40579137,0.054628935,0.0934239,0.061167803,0.31236747,-0.006538868
1076,0.5000098,0.048088923,0.058549672,0.037341785,0.4414601,0.010747138
1077,0.15079139,0.07258836,0.03596234,0.02942896,0.11482905,0.043159403
1078,0.32388952,0.05890852,0.06464159,0.036100466,0.25924793,0.022808053
1079,0.32241157,0.044023618,0.06578541,0.047527097,0.25662616,-0.003503479
1080,0.27976924,0.025614781,0.060134195,0.043011583,0.21963504,-0.017396802
1081,0.21291241,0.01615742,0.043460652,0.024505198,0.16945176,-0.008347778
1082,0.47321135,0.067539826,0.11265444,0.07653533,0.3605569,-0.008995503
1083,0.45877638,-0.008899156,0.0112016015,0.008429739,0.4475748,-0.017328896
1084,0.45997372,0.04944684,0.10798188,0.06816449,0.35199183,-0.01871765
1085,0.5861614,0.12967102,0.14798778,0.117707685,0.4381736,0.011963338
1086,0.29887438,0.0383933,0.064005844,0.04652362,0.23486853,-0.008130319
1087,0.21981901,0.026058724,0.028461311,0.021838034,0.1913577,0.0042206906
1088,0.8216173,0.05045449,0.087299,0.061493978,0.7343183,-0.011039488
1089,0.6133975,0.059162904,0.08912264,0.06484102,0.5242748,-0.0056781135
1090,0.35665748,0.017404465,0.041318215,0.02923589,0.31533927,-0.011831425
1091,0.60731536,0.08238124,0.118728444,0.07534091,0.4885869,0.0070403293
1092,0.30681765,0.051396944,0.053459305,0.03954089,0.25335833,0.011856053
1093,0.13139549,0.0077244956,0.022354757,0.015211415,0.10904073,-0.007486919
1094,0.2263605,0.06471499,0.06850833,0.050450154,0.15785217,0.014264837
1095,0.39512095,0.06747824,0.080356985,0.055393293,0.31476396,0.012084946
1096,0.4170901,0.022350488,0.060230512,0.039138358,0.35685956,-0.01678787
1097,0.37585184,0.08859858,0.10482966,0.08548188,0.27102217,0.003116697
1098,0.4555441,0.08946835,0.1107468,0.07759471,0.3447973,0.01187364
1099,0.45451474,0.074335754,0.099490255,0.07539758,0.3550245,-0.001061827
1100,0.11485715,0.010525735,0.032527525,0.020304289,0.08232963,-0.009778554
1101,0.32965097,0.07484075,0.08394002,0.06755075,0.24571094,0.0072899982
1102,0.24697526,0.043599162,0.041843347,0.028329805,0.20513192,0.015269358
1103,0.5335231,0.05292375,0.08438869,0.058699135,0.4491344,-0.0057753846
1104,0.46287033,0.01695478,0.059991077,0.039154537,0.40287924,-0.022199757
1105,0.3282281,0.022122847,0.048847772,0.031632774,0.27938032,-0.009509927
1106,0.4108873,0.072903566,0.07810403,0.053875133,0.33278328,0.019028433
1107,0.30827662,0.059343368,0.06300066,0.043861665,0.24527597,0.015481703
1108,0.14998668,0.026010236,0.038404256,0.019805843,0.11158243,0.0062043928
1109,0.27509457,0.045168,0.069501646,0.049607553,0.20559293,-0.0044395514
1110,0.30890632,0.053705797,0.051531997,0.041806582,0.25737432,0.011899214
1111,0.39722836,0.06561736,0.07623188,0.052737318,0.32099646,0.012880042
1112,0.5700189,0.09998281,0.13558966,0.097345464,0.43442923,0.002637349
1113,0.42860457,0.09822819,0.12653202,0.094823234,0.30207255,0.0034049526
1114,0.32922244,0.032051373,0.06671497,0.042119578,0.26250747,-0.010068204
1115,0.45350122,0.067291655,0.115486994,0.074876204,0.33801425,-0.0075845495
1116,0.41615814,0.07346279,0.0615847,0.040100932,0.35457343,0.03336186
1117,0.31423596,0.03700958,0.067243725,0.04980586,0.24699223,-0.012796283
1118,0.38948333,0.0016510318,0.03885111,0.019303868,0.35063222,-0.017652836
1119,0.5517543,0.028737107,0.051164676,0.030058147,0.5005896,-0.0013210401
1120,0.31889662,0.029082777,0.041212752,0.030297128,0.27768385,-0.0012143515
1121,0.19363153,0.033143688,0.05562411,0.038313016,0.13800742,-0.0051693283
1122,0.54779613,0.06296622,0.07332086,0.0554236,0.47447526,0.0075426213
1123,0.27276084,0.031845365,0.04696539,0.029285884,0.22579545,0.0025594812
1124,0.5179494,0.06998107,0.08552228,0.06394525,0.4324271,0.0060358196
1125,0.4065402,0.04441691,0.05843929,0.04332748,0.3481009,0.0010894276
1126,0.48917452,0.027822485,0.07582386,0.042419225,0.41335064,-0.01459674
1127,0.36211467,0.10975548,0.07788755,0.057729855,0.28422713,0.052025624
1128,0.42690408,0.0291772,0.043747507,0.020186756,0.38315657,0.008990444
1129,0.44397524,0.018962227,0.040962067,0.028178388,0.40301317,-0.009216161
1130,0.28626353,0.07327927,0.081151724,0.056604527,0.2051118,0.016674742
1131,0.3574926,0.026230935,0.038502034,0.027611999,0.31899056,-0.0013810638
1132,0.65655863,0.0962843,0.12138717,0.09247444,0.53517145,0.0038098618
1133,0.31693834,0.045108642,0.06218408,0.041205112,0.25475425,0.0039035305
1134,0.22781233,0.03301794,0.03203046,0.023803147,0.19578187,0.009214794
1135,0.36391303,0.012898724,0.055402853,0.035460606,0.30851018,-0.022561882
1136,0.281602,0.026951069,0.0916322,0.056024518,0.1899698,-0.029073449
1137,0.33842772,0.04211571,0.055749692,0.04566617,0.28267804,-0.0035504587
1138,0.2653056,0.03357549,0.054703172,0.038337685,0.21060243,-0.004762195
1139,0.487572,0.06379265,0.0635256,0.04849163,0.4240464,0.015301023
1140,0.32511112,0.054980256,0.08370278,0.053107277,0.24140835,0.0018729791
1141,0.40168065,0.023320688,0.062328234,0.037512816,0.33935243,-0.014192129
1142,0.2576887,0.06747175,0.05040388,0.038607698,0.20728482,0.028864052
1143,0.3422254,0.070110455,0.07873141,0.0580685,0.26349398,0.012041956
1144,0.17084603,0.044270445,0.047783054,0.03438456,0.123062976,0.009885885
1145,0.35402834,0.06222692,0.096041165,0.07106735,0.25798717,-0.008840427
1146,0.32630795,0.066918805,0.10491283,0.08233824,0.22139512,-0.0154194385
1147,0.53833205,0.06099806,0.08782512,0.06522235,0.45050693,-0.004224293
1148,0.4624994,0.18940775,0.13485958,0.105902635,0.32763982,0.08350512
1149,0.5386053,0.0650884,0.073142596,0.05414092,0.46546268,0.010947477
1150,0.455929,0.03196667,0.059174526,0.03916339,0.39675447,-0.007196717
1151,0.27942586,0.016298963,0.053481854,0.03688531,0.22594401,-0.020586347
1152,0.40592435,0.063378505,0.096791744,0.06716782,0.3091326,-0.0037893131
1153,0.30881536,0.048713885,0.062046744,0.049542766,0.24676862,-0.0008288808
1154,0.42950314,0.0042932606,0.01845128,0.010708149,0.41105187,-0.006414888
1155,0.2145511,0.04469748,0.06835741,0.04594309,0.1461937,-0.0012456104
1156,0.47458437,0.08552076,0.14876224,0.114289045,0.32582211,-0.028768286
1157,0.38950709,0.05261422,0.07542444,0.06033111,0.31408265,-0.0077168904
1158,0.25530234,0.01909658,0.032709878,0.02141601,0.22259246,-0.002319431
1159,0.5473005,0.1215047,0.1291052,0.09276697,0.4181953,0.028737731
1160,0.5622671,0.024106089,0.06585349,0.043142878,0.49641365,-0.019036788
1161,0.4760317,0.073842146,0.104712754,0.08049686,0.37131894,-0.006654717
1162,0.5114752,0.05060103,0.07720127,0.052922234,0.43427393,-0.0023212023
1163,0.48650563,0.057747617,0.088157065,0.05962339,0.39834857,-0.0018757731
1164,0.31136748,0.017870422,0.04086723,0.029766528,0.27050024,-0.0118961055
1165,0.08530939,0.024742445,0.046778463,0.035127014,0.03853093,-0.010384569
1166,0.19090858,0.02849607,0.034895312,0.026932515,0.15601327,0.0015635546
1167,0.50963587,0.07941124,0.08250972,0.0611671,0.42712614,0.01824414
1168,0.452066,0.052528538,0.06211983,0.048983578,0.38994616,0.0035449602
1169,0.52712244,0.06355696,0.07838719,0.048700873,0.44873524,0.014856089
1170,0.2218561,0.046657283,0.05391469,0.039489087,0.16794142,0.007168196
1171,0.64582855,0.07534223,0.12054972,0.09072417,0.5252788,-0.01538194
1172,0.39882377,0.065974355,0.07613252,0.056004778,0.32269126,0.009969577
1173,0.31804755,0.044241417,0.09452562,0.058652226,0.22352193,-0.014410809
1174,0.3847645,0.05442496,0.093741894,0.06053853,0.2910226,-0.00611357
1175,0.2528706,0.016645519,0.054319754,0.037018146,0.19855084,-0.020372627
1176,0.2136074,0.03195393,0.04710986,0.037425674,0.16649754,-0.0054717436
1177,0.24395281,0.04136971,0.065617785,0.038887553,0.17833503,0.0024821572
1178,0.44413665,0.06356411,0.09287997,0.05756479,0.35125667,0.0059993155
1179,0.42895404,0.0414381,0.054647893,0.031085225,0.37430614,0.010352874
1180,0.31888446,0.07205251,0.07950872,0.053331837,0.23937574,0.018720672
1181,0.4958321,0.07024017,0.06964739,0.051448446,0.4261847,0.018791724
1182,0.23042487,0.01595553,0.037365522,0.029445956,0.19305934,-0.013490425
1183,0.325955,0.02029137,0.0415096,0.027945124,0.2844454,-0.007653754
1184,0.4695457,-0.006967733,0.011777417,0.007583491,0.45776826,-0.014551224
1185,0.5964624,-0.0068538813,0.024837794,0.011591374,0.57162464,-0.018445255
1186,0.21260469,0.02279987,0.0404588,0.028914988,0.17214589,-0.006115118
1187,0.3062303,0.05664327,0.06545956,0.046113923,0.24077076,0.010529347
1188,0.45378488,0.081227496,0.108703785,0.08441271,0.3450811,-0.0031852126
1189,0.833539,0.13360292,0.1951491,0.13335226,0.63838995,0.00025065243
1190,0.33202815,0.054617774,0.08412709,0.059755865,0.24790105,-0.0051380917
1191,0.4256328,0.03790201,0.0746431,0.048838407,0.3509897,-0.010936398
1192,0.37653595,0.053341903,0.078463115,0.05859811,0.29807284,-0.005256206
1193,0.54839253,0.024808755,0.050163094,0.030445343,0.49822944,-0.0056365877
1194,0.3592655,0.064433046,0.09068567,0.053263664,0.26857984,0.011169381
1195,0.31488526,0.031466845,0.073078744,0.049011182,0.2418065,-0.017544337
1196,0.2860996,0.043147705,0.039622143,0.029741865,0.24647747,0.013405841
1197,0.46191183,0.08769596,0.11786356,0.088342525,0.34404826,-0.0006465614
1198,0.322864,0.050174404,0.07255056,0.04937716,0.25031343,0.00079724565
1199,0.2734886,0.0936393,0.061156675,0.037230317,0.21233194,0.056408983
1200,0.5424341,0.029492436,0.079446524,0.050906774,0.46298757,-0.021414338
1201,0.3036436,0.05715308,0.059821278,0.047487937,0.24382234,0.009665143
1202,0.28831884,0.038376316,0.052117415,0.03538985,0.23620144,0.0029864646
1203,0.70259005,0.032996733,0.086359605,0.047461543,0.6162304,-0.0144648105
1204,0.40514225,0.034644596,0.048248377,0.034331184,0.35689387,0.0003134124
1205,0.5713567,0.0574899,0.08716784,0.056273337,0.48418888,0.0012165643
1206,0.29384515,0.016900295,0.041773256,0.028974667,0.2520719,-0.012074372
1207,0.3389809,0.036663506,0.08367433,0.05886117,0.2553066,-0.022197664
1208,0.36837947,-0.0005472352,0.012446859,0.0091609005,0.35593262,-0.009708135
1209,0.4816115,0.08293388,0.101558305,0.06849239,0.3800532,0.01444149
1210,0.3187557,0.04036009,0.04345492,0.033513166,0.27530077,0.0068469234
1211,0.44323033,0.03747389,0.06942651,0.047613896,0.37380382,-0.0101400055
1212,0.5009034,0.053063117,0.08651672,0.06001161,0.4143867,-0.0069484934
1213,0.39300957,0.045377746,0.05234812,0.030057881,0.34066147,0.015319865
1214,0.32326585,0.0643839,0.06459063,0.048938766,0.25867522,0.0154451355
1215,0.6991185,0.0804774,0.101599276,0.074527286,0.5975192,0.0059501156
1216,0.44887054,0.03174156,0.048562117,0.034490198,0.40030843,-0.0027486384
1217,0.44229952,0.0036489293,0.045635857,0.025608556,0.39666367,-0.021959627
1218,0.37980336,0.04840066,0.056414865,0.037895754,0.3233885,0.010504905
1219,0.5392645,0.046410043,0.08880196,0.061279234,0.45046255,-0.014869191
1220,0.34055984,0.05767479,0.07002615,0.053074405,0.27053368,0.004600387
1221,0.44372904,0.055198606,0.082788125,0.06384895,0.36094093,-0.008650344
1222,0.47452864,0.020919492,0.052017286,0.033816237,0.42251134,-0.012896745
1223,0.4719228,0.017881239,0.06636877,0.047479097,0.40555406,-0.029597858
1224,0.44344082,0.13202314,0.08251212,0.06256328,0.3609287,0.06945986
1225,0.33635324,0.052265268,0.051647913,0.040692206,0.28470534,0.011573061
1226,0.49480212,0.061760437,0.08181473,0.05574296,0.41298738,0.0060174763
1227,0.3510588,0.031522665,0.061610207,0.041579966,0.28944862,-0.0100573
1228,0.4800536,0.021734279,0.05441911,0.035855282,0.4256345,-0.014121003
1229,0.51907635,0.020978723,0.037810326,0.02659366,0.48126602,-0.0056149364
1230,0.32088354,0.029577978,0.042611316,0.035053153,0.2782722,-0.0054751746
1231,0.4162966,0.096353464,0.043081723,0.035651512,0.37321487,0.06070195
1232,0.40169108,0.054559838,0.06781011,0.04992815,0.33388096,0.004631687
1233,0.5666516,0.06592213,0.12732613,0.085911036,0.43932545,-0.019988902
1234,0.43414953,0.057494603,0.066136695,0.047136288,0.36801285,0.010358315
1235,0.39110282,0.10728852,0.1175004,0.08763252,0.27360243,0.019655995
1236,0.76915705,-0.0192434,0.011170251,0.007126957,0.7579868,-0.026370358
1237,0.334114,0.043249197,0.054600377,0.043831397,0.2795136,-0.00058219954
1238,0.49647352,0.02677816,0.063389525,0.042465042,0.433084,-0.015686883
1239,0.5129576,0.05349921,0.07056147,0.044568777,0.4423961,0.008930434
1240,0.28987515,0.06376215,0.07334911,0.045171842,0.21652603,0.018590309
1241,0.38552853,0.043034866,0.06747082,0.047714457,0.31805772,-0.0046795905
1242,0.46306175,0.046659272,0.0722178,0.05262993,0.39084396,-0.005970657
1243,0.32455176,0.036977828,0.045404565,0.029308751,0.2791472,0.0076690763
1244,0.46888125,0.028139597,0.062481333,0.038212508,0.4063999,-0.010072911
1245,0.40027925,0.05629395,0.070746675,0.053691614,0.32953256,0.002602335
1246,0.5695166,0.055823963,0.082975656,0.06221569,0.48654094,-0.0063917264
1247,0.44131973,0.06800297,0.08407178,0.06480903,0.35724795,0.0031939372
1248,0.392322,0.032114662,0.067230746,0.045119356,0.32509124,-0.013004694
1249,0.71957797,0.14806423,0.19483274,0.15339407,0.5247452,-0.0053298473
1250,0.35839173,0.0008831489,0.048298158,0.03178967,0.31009358,-0.030906523
1251,0.48688602,-0.0073503787,0.0064277323,0.0033070308,0.4804583,-0.010657409
1252,0.48967183,0.031852726,0.08860959,0.054691,0.40106225,-0.022838276
1253,0.65343773,-0.0030648608,0.03492303,0.019509632,0.6185147,-0.022574494
1254,0.19137986,0.021755187,0.04367615,0.033628225,0.1477037,-0.0118730385
1255,0.24474396,0.048619416,0.026780272,0.022740457,0.21796368,0.025878958
1256,0.5664254,0.096222416,0.08674645,0.06120227,0.47967893,0.035020147
1257,0.40564144,0.05316211,0.096147425,0.06589777,0.30949402,-0.012735661
1258,0.46467593,0.01187181,0.042050775,0.028009403,0.42262515,-0.016137592
1259,0.43503645,0.014952806,0.07327556,0.048546616,0.36176088,-0.03359381
1260,0.26009822,0.04580896,0.098258115,0.068676956,0.16184011,-0.022867996
1261,0.38519347,0.058593053,0.09003672,0.061705016,0.29515675,-0.0031119622
1262,0.21373999,0.03000794,0.040698387,0.02740413,0.17304161,0.0026038103
1263,0.32110587,0.13756725,0.09064347,0.066454396,0.2304624,0.071112856
1264,0.36293766,0.042861693,0.042235356,0.030490628,0.3207023,0.012371065
1265,0.3331986,0.04914456,0.08324326,0.056734376,0.24995536,-0.007589817
1266,0.47811508,0.10621274,0.13379627,0.07633864,0.3443188,0.029874101
1267,0.140767,0.032834984,0.03934708,0.02416856,0.10141991,0.008666424
1268,0.53533787,0.09352135,0.12173394,0.093931004,0.41360393,-0.00040965527
1269,0.4464267,0.04200599,0.06956294,0.04549267,0.37686375,-0.0034866817
1270,0.42459708,0.052914474,0.08344534,0.06268394,0.34115174,-0.009769466
1271,0.35245293,0.024969717,0.06532522,0.041648947,0.2871277,-0.01667923
1272,0.412206,0.027422914,0.05394112,0.038396295,0.35826486,-0.010973381
1273,0.54930276,0.043418717,0.07985716,0.05885416,0.4694456,-0.015435442
1274,0.31031746,0.040517267,0.05518982,0.03765903,0.25512764,0.0028582364
1275,0.46073937,0.013838355,0.044622168,0.029713633,0.4161172,-0.015875276
1276,0.34765634,0.020214368,0.046233844,0.03250394,0.3014225,-0.0122895725
1277,0.24022709,0.079615235,0.06863,0.04462985,0.1715971,0.034985386
1278,0.60577726,0.06048016,0.11865622,0.0830115,0.48712105,-0.022531342
1279,0.536013,0.047089353,0.06169917,0.039546046,0.47431383,0.007543307
1280,0.53744084,0.08881167,0.1189893,0.08435308,0.41845155,0.0044585913
1281,0.52373344,0.075857505,0.07485582,0.05478489,0.44887763,0.021072615
1282,0.61391807,0.036537986,0.0624827,0.044874426,0.55143535,-0.00833644
1283,0.3259972,0.06457039,0.098521955,0.06386235,0.22747526,0.0007080361
1284,0.38506854,0.053236354,0.06847997,0.05134693,0.31658858,0.0018894225
1285,0.43654606,0.06939647,0.06897634,0.043998297,0.3675697,0.025398176
1286,0.59275806,0.0025310738,0.019290786,0.015135802,0.57346725,-0.012604728
1287,0.36732236,0.020844588,0.05328786,0.03324846,0.3140345,-0.012403874
1288,0.21835642,0.020160347,0.03245184,0.021748561,0.18590458,-0.0015882142
1289,-0.03174256,-0.05024697,0.021020861,0.0069252383,-0.052763425,-0.05717221
1290,0.45636666,0.052931793,0.07037213,0.049487196,0.38599452,0.0034445971
1291,0.4524057,0.07077327,0.08476965,0.06528942,0.36763602,0.005483851
1292,0.48288408,0.08313288,0.09566388,0.07498645,0.3872202,0.008146428
1293,0.3804595,0.052371725,0.09277162,0.06845111,0.28768787,-0.016079381
1294,0.5638388,0.07015667,0.0755776,0.05865675,0.48826116,0.011499923
1295,0.22322927,0.021328647,0.0396453,0.028395083,0.18358397,-0.007066436
1296,0.39012995,0.028812727,0.06388326,0.043129295,0.32624668,-0.014316568
1297,0.47278363,0.07731464,0.07226038,0.05105093,0.40052325,0.026263706
1298,0.35124847,0.0052932533,0.016178537,0.0088400105,0.33506992,-0.0035467572
1299,0.4433625,0.032353606,0.06410133,0.042132393,0.37926117,-0.009778786
1300,0.3683795,0.06448806,0.06705975,0.046514686,0.30131975,0.017973375
1301,0.28730267,0.054879628,0.07626856,0.039778896,0.21103412,0.015100732
1302,0.50376457,0.06193648,0.10222933,0.0735191,0.40153524,-0.011582624
1303,0.4316651,0.017266788,0.046306707,0.032932207,0.3853584,-0.01566542
1304,0.24284373,0.011900109,0.04202328,0.026590116,0.20082045,-0.014690007
1305,0.4493623,0.09514548,0.07830369,0.056009263,0.3710586,0.039136216
1306,0.41967317,0.016952172,0.03625296,0.027634995,0.38342023,-0.010682823
1307,0.3430994,0.060375668,0.06051223,0.045523033,0.28258717,0.014852636
1308,0.46580786,0.061821308,0.06456755,0.046636194,0.4012403,0.015185114
1309,0.334014,0.042357758,0.05077756,0.033016082,0.28323644,0.009341676
1310,0.4673417,0.050945546,0.06354558,0.047495592,0.4037961,0.003449954
1311,0.41889277,0.064884335,0.08951911,0.061099228,0.32937366,0.0037851073
1312,0.3815438,0.040592782,0.06039047,0.041912436,0.3211533,-0.0013196543
1313,0.2929051,0.046397403,0.047695838,0.031902887,0.24520925,0.014494516
1314,0.45789668,0.05697774,0.09117301,0.06842266,0.36672366,-0.011444919
1315,0.54489803,-0.0025106075,0.015864436,0.009067387,0.5290336,-0.011577995
1316,0.36644152,0.0766913,0.10008995,0.06410744,0.26635158,0.012583859
1317,0.49198085,0.055972137,0.09409378,0.055981886,0.39788708,-9.749085e-06
1318,0.55124253,0.0972999,0.11302763,0.088902615,0.4382149,0.008397289
1319,0.37191162,0.039245456,0.06407765,0.04541497,0.30783397,-0.006169513
1320,0.31525552,0.044627413,0.059443757,0.040500935,0.25581175,0.004126478
1321,0.6389896,0.099151365,0.11907446,0.08604023,0.51991516,0.013111137
1322,0.4990388,0.06716339,0.09662905,0.068237774,0.40240973,-0.0010743812
1323,0.38600713,0.05336164,0.08197536,0.051142238,0.30403176,0.0022194013
1324,0.14898734,0.015929358,0.04806156,0.037601586,0.10092577,-0.021672228
1325,0.22294204,0.047337044,0.055875458,0.045996677,0.16706657,0.0013403669
1326,0.6877835,-0.0038578978,0.034683913,0.01785987,0.65309954,-0.021717768
1327,0.37447038,0.06815709,0.07487247,0.062067833,0.29959792,0.006089259
1328,0.3817245,0.05899491,0.097423255,0.06956395,0.28430125,-0.010569036
1329,0.35811096,0.052762326,0.06298947,0.04418882,0.2951215,0.008573506
1330,0.602841,0.12900043,0.13740332,0.09382155,0.4654377,0.035178877
1331,0.31897983,0.027497463,0.052235007,0.040691372,0.26674482,-0.013193909
1332,0.53338623,-0.0019260119,0.042210173,0.023781354,0.49117607,-0.025707366
1333,0.26781407,0.0756845,0.0764088,0.05509118,0.19140527,0.020593323
1334,0.46124807,0.050764497,0.085725814,0.06352867,0.37552226,-0.0127641745
1335,0.52969605,0.019878445,0.07762644,0.04508828,0.4520696,-0.025209835
1336,0.4490395,0.06158044,0.08087718,0.058696333,0.3681623,0.0028841048
1337,0.31334373,0.04132959,0.04986012,0.035094857,0.2634836,0.0062347315
1338,0.30056036,0.09219014,0.06981812,0.054298095,0.23074225,0.037892044
1339,0.4997825,0.054070212,0.083113045,0.05827567,0.41666946,-0.004205458
1340,0.55143476,0.06564263,0.11466613,0.0706848,0.43676862,-0.0050421655
1341,0.43388623,0.074648045,0.09270866,0.066242404,0.34117758,0.008405641
1342,0.38806418,0.020449245,0.043341637,0.031463157,0.34472254,-0.011013912
1343,0.45517904,0.078507684,0.08360219,0.067047626,0.37157685,0.011460058
1344,0.24669878,0.046667617,0.05985682,0.04807247,0.18684196,-0.0014048517
1345,0.26106045,0.022877634,0.054241434,0.034502078,0.20681901,-0.011624444
1346,0.46588913,0.043039497,0.063195,0.05010812,0.40269414,-0.007068623
1347,0.38736504,0.035919808,0.062697485,0.04597928,0.32466757,-0.010059472
1348,0.4274203,0.055164296,0.051467832,0.040308233,0.37595245,0.014856063
1349,0.5784808,0.09767197,0.12111746,0.09316265,0.4573633,0.0045093223
1350,0.7145126,0.09366369,0.12705036,0.092828214,0.58746225,0.0008354783
1351,0.5046366,0.15499684,0.18437912,0.12987524,0.32025748,0.0251216
1352,0.39601055,0.046830706,0.071123965,0.054494426,0.3248866,-0.0076637194
1353,0.5012638,0.015980635,0.03918293,0.025749072,0.46208087,-0.009768438
1354,0.42892104,0.023567822,0.090132445,0.05107796,0.3387886,-0.027510136
1355,0.48610485,0.0974128,0.08319833,0.0672434,0.4029065,0.030169405
1356,0.09948739,-0.013168317,0.03882008,0.023547357,0.060667306,-0.036715675
1357,0.50074834,0.05854,0.067845345,0.05277376,0.432903,0.0057662427
1358,0.390884,0.012126888,0.03902822,0.024959868,0.35185578,-0.01283298
1359,0.49459115,0.034686312,0.05013032,0.037903413,0.44446084,-0.003217101
1360,0.43662483,0.066909865,0.08461907,0.059240125,0.35200575,0.0076697394
1361,0.34216318,0.008653896,0.052916307,0.031863376,0.28924686,-0.02320948
1362,0.51518947,0.059030224,0.049877036,0.0390659,0.46531242,0.019964322
1363,0.4879045,0.012180261,0.037079856,0.025702797,0.45082462,-0.013522536
1364,0.2851289,0.0661191,0.07171812,0.044803105,0.21341076,0.021315992
1365,0.34984866,0.039330237,0.050681602,0.035353612,0.29916707,0.0039766245
1366,0.45801064,0.0743625,0.09241911,0.062468138,0.36559153,0.011894364
1367,0.4286762,0.060865186,0.058113523,0.039075095,0.37056267,0.021790091
1368,0.26174727,0.032548614,0.067503564,0.046565987,0.1942437,-0.014017373
1369,0.29682922,0.04075553,0.053394243,0.036146224,0.24343498,0.0046093054
1370,0.51201683,0.06943775,0.087910205,0.063768074,0.42410663,0.005669676
1371,0.29880598,0.060419228,0.061823916,0.048094984,0.23698206,0.012324244
1372,0.3714859,0.0692918,0.11037415,0.075047165,0.26111174,-0.005755365
1373,0.25308037,0.018202575,0.052704778,0.03939517,0.20037559,-0.021192594
1374,0.11505211,0.04341924,0.053571463,0.04293072,0.06148065,0.00048851967
1375,0.5672761,0.060962155,0.06587576,0.04809164,0.50140035,0.012870517
1376,0.20975383,0.023595462,0.0384408,0.017838547,0.17131302,0.0057569146
1377,0.1528401,0.019766683,0.035119392,0.022165453,0.1177207,-0.0023987703
1378,0.46927845,0.072137184,0.059830125,0.043454573,0.40944833,0.028682612
1379,0.34605998,0.048777282,0.059136715,0.043997232,0.28692326,0.0047800504
1380,0.34026012,0.030590251,0.098810576,0.062263165,0.24144953,-0.031672914
1381,0.27050135,0.010853702,0.041754745,0.030603774,0.2287466,-0.019750072
1382,0.23516086,0.042935714,0.054009367,0.03975308,0.1811515,0.0031826347
1383,0.4369464,0.06764211,0.08690494,0.058830164,0.35004145,0.008811943
1384,0.4138884,0.09610335,0.12335686,0.09106905,0.29053155,0.0050342977
1385,0.33511433,0.042149477,0.08515641,0.057564516,0.24995792,-0.015415039
1386,0.4719568,0.084246784,0.15169105,0.091943234,0.32026574,-0.0076964498
1387,0.4981069,-0.016578067,0.015967099,0.008141735,0.4821398,-0.0247198
1388,0.41195762,0.012517172,0.04526571,0.031233804,0.36669192,-0.018716633
1389,0.50161177,0.10774141,0.1053245,0.079475544,0.39628726,0.028265864
1390,0.53600436,0.054762896,0.09204967,0.061599065,0.4439547,-0.0068361685
1391,0.3374793,0.035574533,0.054143514,0.036525443,0.28333578,-0.00095091015
1392,0.39015272,0.06850526,0.06984618,0.04960491,0.32030654,0.018900346
1393,0.30954683,0.08172504,0.075141095,0.057973284,0.23440573,0.023751754
1394,0.31898177,0.0365571,0.06482218,0.041233946,0.25415957,-0.004676845
1395,0.409446,0.09405855,0.13398471,0.10023527,0.2754613,-0.0061767176
1396,0.40995726,0.0875882,0.10868983,0.076833576,0.30126745,0.0107546225
1397,0.27224115,0.02756009,0.04512927,0.031279374,0.22711188,-0.0037192833
1398,0.40464598,0.024544999,0.054847784,0.03713854,0.3497982,-0.012593541
1399,0.5754218,0.010111878,0.039013993,0.02585132,0.5364078,-0.015739443
1400,0.22495021,0.025550881,0.023898713,0.017719492,0.2010515,0.007831389
1401,0.4656386,0.057059277,0.07146425,0.05146519,0.39417437,0.005594086
1402,0.5941383,0.06351714,0.07479998,0.05585742,0.51933837,0.0076597184
1403,0.25929984,0.025699968,0.06155253,0.045516122,0.19774732,-0.019816155
1404,0.35808918,0.05690761,0.08613474,0.062193405,0.27195445,-0.005285796
1405,0.5812297,0.086642,0.10986426,0.07971303,0.47136542,0.0069289654
1406,0.47795072,0.07681485,0.08650426,0.06285712,0.39144647,0.013957731
1407,0.361369,0.06285884,0.07278617,0.056870338,0.28858286,0.0059885047
1408,0.21440724,0.036920875,0.03832556,0.026602658,0.17608167,0.010318218
1409,0.3868125,0.06946579,0.07263475,0.0461937,0.31417775,0.023272093
1410,0.6055774,0.058109168,0.09670589,0.0633715,0.5088715,-0.005262334
1411,0.27934128,0.047105458,0.062738284,0.045574207,0.216603,0.0015312508
1412,0.40850994,0.033167094,0.058317475,0.040631022,0.35019246,-0.0074639283
1413,0.3989055,0.021771634,0.04740604,0.030426627,0.35149944,-0.008654993
1414,0.31362432,0.01965562,0.05393352,0.038348343,0.2596908,-0.018692723
1415,0.5251741,0.08279471,0.10289417,0.07247311,0.4222799,0.010321602
1416,0.5344386,0.0490638,0.07276752,0.05217339,0.46167108,-0.0031095892
1417,0.48105326,0.09100781,0.12033985,0.09099651,0.36071342,1.129508e-05
1418,0.40847105,0.030613234,0.054186087,0.03992812,0.35428497,-0.009314885
1419,0.49581423,0.02356363,0.056232106,0.038778767,0.43958214,-0.015215136
1420,0.37108845,0.042963974,0.049984742,0.031570043,0.3211037,0.011393931
1421,0.45448595,0.013535967,0.021105492,0.012307777,0.43338045,0.00122819
1422,0.32341453,0.076975435,0.10697103,0.08000441,0.21644351,-0.003028974
1423,0.5059174,0.05468794,0.12064023,0.08075046,0.38527715,-0.026062518
1424,0.19547944,0.01416117,0.02815624,0.016201256,0.1673232,-0.0020400854
1425,0.45532566,0.05148741,0.08335774,0.050926704,0.3719679,0.0005607046
1426,0.19730243,0.041307002,0.088357486,0.051337294,0.108944945,-0.010030292
1427,0.29648414,0.02974133,0.047978893,0.02847508,0.24850525,0.0012662504
1428,0.34270376,0.057619896,0.0705735,0.054179974,0.27213025,0.003439922
1429,0.6078157,0.09265278,0.11668945,0.091075525,0.49112624,0.0015772581
1430,0.42308754,0.009880144,0.057512607,0.03725525,0.36557493,-0.027375106
1431,0.61406523,0.040225603,0.071358755,0.05111011,0.5427065,-0.0108845085
1432,0.12822863,0.011442805,0.027230944,0.018213585,0.10099769,-0.0067707803
1433,0.3686411,0.029336939,0.05025741,0.029712927,0.3183837,-0.00037598796
1434,0.42059484,0.039935593,0.081988566,0.062224578,0.33860627,-0.022288986
1435,0.55982226,0.0110103935,0.025602518,0.017303899,0.53421974,-0.0062935054
1436,0.13290907,0.08556972,0.029669777,0.020514354,0.1032393,0.06505536
1437,0.31283775,0.0254012,0.043699507,0.03136322,0.26913825,-0.00596202
1438,0.5278068,0.038782395,0.059595633,0.04232101,0.46821117,-0.003538616
1439,0.32197246,0.021563677,0.039072525,0.029019797,0.28289995,-0.00745612
1440,0.39156258,0.045138694,0.05630065,0.04132804,0.33526194,0.0038106553
1441,0.26032025,0.039404087,0.0554468,0.034863733,0.20487344,0.004540354
1442,0.4764553,0.026530357,0.04764338,0.031829312,0.4288119,-0.0052989554
1443,0.40180573,0.033078,0.065770775,0.045436926,0.33603495,-0.012358926
1444,0.38522968,0.06336272,0.107774936,0.0740116,0.27745473,-0.010648884
1445,0.5331296,0.05300403,0.07914819,0.055290416,0.4539814,-0.0022863857
1446,0.5927848,0.042616013,0.08122288,0.05641518,0.51156193,-0.013799168
1447,0.3959791,0.00837392,0.069845125,0.0398273,0.32613397,-0.03145338
1448,0.30514643,0.061852273,0.050276704,0.032354575,0.25486973,0.029497698
1449,0.55761194,0.076904394,0.086627826,0.056020956,0.4709841,0.020883437
1450,0.45216286,0.041833904,0.06801185,0.049821142,0.384151,-0.0079872385
1451,0.44186804,0.090435475,0.10058,0.0800353,0.34128803,0.010400176
1452,0.5649479,0.06235312,0.083142765,0.0631586,0.48180515,-0.00080548227
1453,0.44164416,0.09350991,0.09759584,0.07362116,0.34404832,0.019888751
1454,0.38623416,-0.0014755366,0.038017727,0.026672883,0.34821644,-0.02814842
1455,0.35525298,0.07422316,0.09785942,0.05467883,0.25739357,0.01954433
1456,0.43024045,0.08886561,0.067862324,0.050985336,0.36237812,0.03788027
1457,0.267287,0.060243167,0.07886006,0.04759857,0.18842693,0.012644596
1458,0.23864214,0.045058753,0.05568645,0.04379313,0.18295568,0.0012656227
1459,0.27671796,0.042764615,0.06447651,0.046546727,0.21224144,-0.0037821122
1460,0.33334446,0.020891594,0.050667826,0.03181846,0.28267664,-0.010926867
1461,0.38642696,0.07954252,0.09024581,0.05458511,0.29618114,0.024957407
1462,0.4266777,0.053200845,0.0867793,0.054465618,0.3398984,-0.0012647733
1463,0.3262464,0.0997456,0.047149416,0.026835084,0.279097,0.07291052
1464,0.44110844,0.049043562,0.09308232,0.062027898,0.3480261,-0.012984335
1465,0.48126853,0.066284925,0.06926307,0.05383115,0.41200545,0.012453776
1466,0.11513827,0.010761254,0.025324387,0.01314996,0.08981388,-0.0023887064
1467,0.13084535,0.002061883,0.03423119,0.024319505,0.09661417,-0.022257622
1468,0.28614724,-0.00025758418,0.045182653,0.02920767,0.24096459,-0.029465253
1469,0.4135468,0.08231089,0.06675912,0.051127337,0.3467877,0.031183556
1470,0.03907399,0.10638106,0.0199014,0.013581408,0.019172588,0.09279965
1471,0.42315692,0.059000473,0.08751348,0.061027423,0.33564344,-0.002026949
1472,0.30507824,0.043812223,0.036425576,0.027669253,0.26865268,0.01614297
1473,0.5796823,0.04000987,0.0853813,0.060750123,0.494301,-0.020740252
1474,0.34269753,0.04917078,0.06652219,0.05298771,0.27617535,-0.0038169287
1475,0.32952696,0.03249943,0.06323953,0.042995453,0.26628745,-0.010496024
1476,0.35068643,0.0015180073,0.016692191,0.010489353,0.33399424,-0.008971346
1477,0.4661262,0.0044246973,0.011195482,0.0076046395,0.45493072,-0.0031799423
1478,0.22016826,-0.01019104,0.04063509,0.024919488,0.17953317,-0.035110526
1479,0.30051577,0.0661013,0.07298454,0.057975788,0.22753122,0.00812551
1480,0.4179026,0.08261365,0.07829565,0.059861097,0.33960694,0.02275255
1481,0.24486646,0.036030244,0.039159887,0.030322509,0.20570657,0.005707735
1482,0.48630303,0.04100383,0.07247059,0.051329277,0.41383243,-0.010325447
1483,0.34612685,0.036387157,0.05535645,0.035114642,0.2907704,0.0012725145
1484,0.3191281,0.03647195,0.052370887,0.037256192,0.26675722,-0.00078424066
1485,0.2728956,0.07679998,0.04674694,0.034477647,0.22614866,0.042322334
1486,0.32011724,0.062310856,0.10302457,0.06391943,0.21709266,-0.0016085766
1487,0.50924027,0.04454479,0.07845944,0.049880475,0.43078083,-0.005335685
1488,0.47009426,0.032382008,0.032151,0.02274664,0.43794328,0.009635368
1489,0.5107803,0.031644255,0.063306004,0.042052604,0.44747427,-0.010408349
1490,0.21106969,0.054500654,0.039382473,0.030399984,0.17168722,0.02410067
1491,0.37248427,0.07348547,0.05412086,0.04281972,0.3183634,0.030665752
1492,0.3594764,0.0023529776,0.029548943,0.020732922,0.32992744,-0.018379945
1493,0.38174137,0.020612117,0.03846934,0.026398657,0.34327203,-0.00578654
1494,0.46335068,0.07502682,0.089251906,0.06410756,0.37409878,0.010919258
1495,0.59002817,0.051792722,0.07922773,0.059237145,0.5108004,-0.0074444227
1496,0.4730968,0.04152738,0.054377638,0.045144964,0.41871914,-0.0036175847
1497,0.49671504,0.044272307,0.060243297,0.043642912,0.43647173,0.00062939525
1498,0.57317334,0.06243792,0.08094391,0.057593647,0.49222943,0.0048442744
1499,0.49824515,0.0628508,0.07683746,0.055082817,0.4214077,0.0077679865
1500,0.5537407,0.102584235,0.09796566,0.07035912,0.45577502,0.032225117
1501,0.59177744,0.08923924,0.11206995,0.074282475,0.47970748,0.014956765
1502,0.6781029,0.016037948,0.06432979,0.039751876,0.6137731,-0.023713928
1503,0.45952755,0.019556643,0.064369835,0.0417555,0.39515772,-0.022198858
1504,0.2770544,0.08159265,0.07712736,0.047019776,0.19992703,0.034572873
1505,0.20135373,0.03819356,0.047125388,0.033191394,0.15422834,0.005002167
1506,0.42117745,0.052073486,0.07030491,0.04806473,0.35087255,0.004008755
1507,0.7099386,0.07443642,0.1129803,0.07986577,0.5969583,-0.00542935
1508,0.26062593,0.0870937,0.078388445,0.057801172,0.18223748,0.029292531
1509,0.3529567,0.039855905,0.06047069,0.040417343,0.292486,-0.0005614385
1510,0.5796259,0.017395446,0.049061406,0.03623976,0.5305645,-0.018844316
1511,0.43584573,0.05360422,0.060066372,0.040571555,0.37577936,0.013032664
1512,0.4113854,0.06270774,0.080623195,0.05483519,0.3307622,0.007872548
1513,0.39873576,0.00843136,0.031364493,0.025572965,0.36737126,-0.017141605
1514,0.36076897,0.04901428,0.0633961,0.04331691,0.29737288,0.0056973733
1515,0.40077415,0.06819469,0.056527875,0.041292537,0.34424627,0.02690215
1516,0.47038928,0.1182545,0.114896595,0.07869355,0.35549268,0.03956095
1517,0.208924,0.043638512,0.038726263,0.020081783,0.17019773,0.02355673
1518,0.28635442,0.055368707,0.07192707,0.054922245,0.21442735,0.00044646114
1519,0.29978764,0.04803933,0.06315257,0.040012196,0.23663507,0.008027133
1520,0.25152415,0.043088485,0.03556927,0.02258436,0.21595488,0.020504124
1521,0.35380036,0.11979538,0.10263686,0.086660475,0.25116348,0.033134907
1522,0.33911562,0.029203879,0.057187453,0.034943607,0.28192818,-0.005739728
1523,0.34742454,0.07085804,0.07841549,0.057656173,0.26900905,0.013201866
1524,0.44429648,-0.015800487,0.012894744,0.00508198,0.43140173,-0.020882467
1525,0.73923767,0.06610116,0.11841759,0.081592724,0.62082005,-0.01549156
1526,0.41130772,0.07012626,0.09541933,0.07220976,0.3158884,-0.0020835027
1527,0.4434615,0.07986811,0.09310296,0.06994867,0.35035855,0.009919435
1528,0.6038609,0.0017797761,0.01597145,0.010630539,0.5878895,-0.008850763
1529,0.45901504,0.062480167,0.077189304,0.05083729,0.38182575,0.011642877
1530,0.5598882,0.09099332,0.14763579,0.10285221,0.4122524,-0.011858888
1531,0.44490594,0.06396769,0.10135006,0.07462794,0.34355587,-0.010660253
1532,0.3918995,0.0396488,0.06136321,0.0440611,0.33053628,-0.004412297
1533,0.3426377,0.0586827,0.10129645,0.071787626,0.24134123,-0.013104927
1534,0.32667065,0.05782751,0.073583186,0.05526115,0.25308746,0.00256636
1535,0.32960105,0.038524203,0.07101883,0.050119463,0.25858223,-0.01159526
1536,0.62672627,0.040139616,0.077501625,0.053663272,0.5492246,-0.013523657
1537,0.36124957,0.10610009,0.07319167,0.055078253,0.2880579,0.051021837
1538,0.36526817,0.073157966,0.061885,0.048502807,0.30338317,0.02465516
1539,0.42164397,0.01554918,0.03925327,0.03063234,0.3823907,-0.015083159
1540,0.27993912,0.010565815,0.04308746,0.022612274,0.23685166,-0.012046459
1541,0.51527745,0.043546837,0.09180526,0.05858033,0.4234722,-0.015033495
1542,0.3909494,0.033214867,0.06439772,0.043014903,0.32655168,-0.0098000355
1543,0.39842218,0.022278033,0.07366889,0.04469909,0.32475328,-0.022421058
1544,0.56363297,0.08992718,0.08376279,0.06060682,0.47987017,0.029320363
1545,0.4984435,0.06036155,0.08741216,0.06530425,0.41103137,-0.0049427003
1546,0.17139119,0.029561836,0.05359277,0.036824737,0.11779842,-0.0072629005
1547,0.51319295,0.108631305,0.12401342,0.09432719,0.38917953,0.014304116
1548,0.60494053,0.03578115,0.085215636,0.047520094,0.5197249,-0.011738945
1549,0.3932259,0.059818946,0.05781567,0.044339567,0.33541024,0.015479378
1550,0.45765856,0.08871725,0.07237051,0.05089298,0.38528806,0.037824273
1551,0.25985858,0.04954998,0.057113253,0.04541317,0.20274532,0.004136808
1552,0.5099704,0.047864232,0.06272748,0.04317875,0.44724295,0.004685484
1553,0.504602,0.039915003,0.060481858,0.040580887,0.44412017,-0.00066588446
1554,0.74529004,0.004272158,0.05417817,0.035793133,0.69111186,-0.031520974
1555,0.1759887,0.018771244,0.03735426,0.021811008,0.13863444,-0.0030397642
1556,0.46043697,0.059547145,0.0796068,0.052532934,0.38083017,0.0070142113
1557,0.49209517,0.02511939,0.055427786,0.03827799,0.43666738,-0.013158601
1558,0.35058394,0.060607616,0.063017786,0.04687089,0.28756616,0.013736725
1559,0.58543366,0.05876431,0.07793917,0.055877313,0.5074945,0.0028869957
1560,0.18525217,0.067461684,0.062261954,0.035938423,0.12299022,0.03152326
1561,0.26338437,0.051164974,0.050438065,0.038608883,0.21294631,0.012556091
1562,0.32981092,0.09794478,0.093787,0.06486213,0.23602392,0.03308265
1563,0.39018777,0.054476283,0.07485495,0.03707216,0.31533283,0.017404124
1564,0.3523298,0.039488427,0.059401013,0.039114103,0.29292879,0.00037432462
1565,0.42918512,0.013128996,0.05920547,0.040365487,0.36997965,-0.027236491
1566,0.39943603,0.021022262,0.053169113,0.037377983,0.34626693,-0.016355721
1567,0.43101445,0.028376207,0.07236035,0.051325582,0.35865408,-0.022949375
1568,0.38116756,0.019410541,0.0677545,0.04984544,0.31341305,-0.030434897
1569,0.3879833,-0.003001967,0.020988507,0.0129357735,0.3669948,-0.01593774
1570,0.51256096,0.07385845,0.10015828,0.07030293,0.4124027,0.003555514
1571,0.2991295,0.004063811,0.047287837,0.02761039,0.25184166,-0.023546578
1572,0.4644201,0.07693253,0.07923135,0.060232293,0.38518876,0.016700234
1573,0.1786645,-0.009748261,0.052186955,0.027909806,0.12647755,-0.037658066
1574,0.34225613,0.042158216,0.04803314,0.03215732,0.29422298,0.010000896
1575,0.28383347,0.06284312,0.020979712,0.011182738,0.26285377,0.051660385
1576,0.47843045,0.05968767,0.074504316,0.056506343,0.40392613,0.0031813271
1577,0.39306486,0.060485046,0.06828672,0.050840236,0.32477814,0.00964481
1578,0.14726122,0.005278209,0.029157767,0.018918656,0.11810345,-0.013640447
1579,0.3017864,0.0046193805,0.038677886,0.026362436,0.2631085,-0.021743055
1580,0.6412743,0.088355616,0.10731528,0.070826106,0.533959,0.01752951
1581,0.34713984,0.060249798,0.05792378,0.041246224,0.28921604,0.019003574
1582,0.26261768,0.026752658,0.04830035,0.03402338,0.21431732,-0.0072707236
1583,0.36063293,0.043679725,0.052435767,0.03673272,0.30819717,0.006947007
1584,0.41884953,0.06722037,0.09365819,0.07315194,0.32519135,-0.005931571
1585,0.37486547,0.036836963,0.03596062,0.026872873,0.33890486,0.00996409
1586,0.39669627,0.028971324,0.059064582,0.043574248,0.3376317,-0.014602924
1587,0.49926528,0.07874421,0.086871766,0.06781587,0.4123935,0.01092834
1588,0.40007174,-0.00056455994,0.06628703,0.04564308,0.3337847,-0.04620764
1589,0.29235744,0.051299423,0.08149022,0.05192464,0.21086723,-0.00062521547
1590,0.545657,0.05439676,0.10068396,0.066495344,0.44497302,-0.012098584
1591,0.45199955,0.06168369,0.07345946,0.05387769,0.3785401,0.0078059994
1592,0.56578076,0.01640578,0.034435473,0.025937155,0.5313453,-0.009531375
1593,0.4638564,0.056817237,0.07474518,0.053737722,0.38911122,0.003079515
1594,0.36083537,0.056359965,0.08067063,0.061391614,0.28016475,-0.005031649
1595,0.4219356,0.085925564,0.066603236,0.051057436,0.35533234,0.03486813
1596,0.0960622,0.024807358,0.03155283,0.024000071,0.06450937,0.0008072872
1597,0.45679483,0.09642932,0.088466756,0.055086114,0.36832806,0.041343205
1598,0.5283267,0.10079464,0.15340345,0.110319644,0.37492323,-0.009525001
1599,0.5206041,0.07145782,0.08413297,0.064785644,0.4364711,0.0066721737
1600,0.24137095,0.0019090847,0.04118654,0.02739781,0.2001844,-0.025488725
1601,0.51066685,0.052427184,0.071703725,0.05527503,0.43896312,-0.0028478466
1602,0.6110158,0.10341741,0.13309218,0.09766993,0.47792363,0.005747482
1603,0.44776374,0.01932232,0.045796033,0.03058257,0.4019677,-0.011260249
1604,0.33391136,0.023437008,0.05155446,0.031990554,0.2823569,-0.008553546
1605,0.5461113,0.08222483,0.11282993,0.08310174,0.43328136,-0.000876911
1606,0.4185707,0.03771766,0.0989234,0.05848528,0.3196473,-0.020767622
1607,0.42634386,0.054298274,0.07601507,0.054968204,0.3503288,-0.00066993013
1608,0.54993653,0.04779679,0.10453248,0.056708187,0.44540405,-0.008911397
1609,0.5873065,0.059792303,0.07626683,0.054553553,0.5110397,0.005238749
1610,0.42682588,0.052931618,0.09693594,0.07548643,0.32988995,-0.022554811
1611,0.5194045,0.057366256,0.07750605,0.06025128,0.4418984,-0.002885025
1612,0.35207298,0.01106065,0.05023056,0.03215312,0.30184242,-0.021092467
1613,0.24173248,0.010063372,0.037839826,0.023701405,0.20389265,-0.0136380335
1614,0.36623234,0.033170402,0.051965084,0.03207264,0.31426725,0.0010977611
1615,0.53269196,0.010455415,0.017741397,0.010352339,0.5149506,0.00010307599
1616,0.30032644,0.048416685,0.05924426,0.042730294,0.24108218,0.005686391
1617,0.6097739,0.128882,0.16904475,0.12273675,0.44072914,0.006145254
1618,0.33634627,0.038049117,0.059808575,0.036791638,0.2765377,0.0012574792
1619,0.24926156,0.07153503,0.06183839,0.041803986,0.18742317,0.029731043
1620,0.45849615,0.026415994,0.0330192,0.022017257,0.42547697,0.004398737
1621,0.5117609,0.07739779,0.08617241,0.06477881,0.4255885,0.012618981
1622,0.21440315,-0.0005315704,0.04175807,0.02399154,0.17264508,-0.024523111
1623,0.4438305,0.04396521,0.06693584,0.043351337,0.37689465,0.00061387196
1624,0.32168695,0.06389743,0.064735524,0.051585704,0.25695142,0.012311727
1625,0.5026439,0.051907636,0.057105638,0.039712,0.44553825,0.012195636
1626,0.474642,0.046558592,0.07705198,0.05739808,0.39759004,-0.010839488
1627,0.29702458,0.07591866,0.04514257,0.026488733,0.25188202,0.049429927
1628,0.30092043,0.030020906,0.040525503,0.025971591,0.26039493,0.004049314
1629,0.5054173,0.043935996,0.054480504,0.03606894,0.4509368,0.007867057
1630,0.3056328,0.036602277,0.06859736,0.042475015,0.23703544,-0.0058727376
1631,0.38538405,0.03319302,0.06790595,0.052203167,0.31747812,-0.019010149
1632,0.3575007,0.043842155,0.06385389,0.047191467,0.2936468,-0.0033493116
1633,0.30961832,0.044326957,0.040172644,0.027137494,0.2694457,0.017189464
1634,0.511351,0.05803884,0.096980944,0.06989624,0.41437006,-0.011857405
1635,0.17010854,0.0083893305,0.040767077,0.026129512,0.12934147,-0.017740183
1636,0.5133095,0.039255567,0.064929724,0.05017832,0.44837976,-0.010922752
1637,0.6141367,0.0060223937,0.04075611,0.023836663,0.5733806,-0.01781427
1638,0.175078,0.025552759,0.029138992,0.023176033,0.145939,0.002376726
1639,0.48569876,0.009379478,0.021730859,0.012883498,0.4639679,-0.0035040202
1640,0.29130208,0.058173995,0.070188135,0.049812794,0.22111395,0.008361202
1641,0.44656652,0.07036195,0.09957814,0.076510474,0.34698838,-0.0061485246
1642,0.46605328,0.07154383,0.0647958,0.040814787,0.4012575,0.03072904
1643,0.38773665,0.056325797,0.06770205,0.044588204,0.3200346,0.0117375925
1644,0.38744605,0.047002055,0.05505897,0.037863664,0.3323871,0.00913839
1645,0.46102992,0.027930038,0.059243556,0.043369446,0.40178636,-0.015439408
1646,0.5391936,0.057627752,0.09150092,0.0631766,0.44769263,-0.0055488497
1647,0.38481745,0.04323216,0.07522153,0.05486329,0.3095959,-0.011631127
1648,0.47326574,0.062976204,0.05762231,0.038902685,0.41564342,0.024073519
1649,0.4348832,0.03774746,0.079332955,0.05344454,0.35555026,-0.015697077
1650,0.33597368,0.08288865,0.055753578,0.036669157,0.2802201,0.04621949
1651,0.49652028,0.05906995,0.1055089,0.0784929,0.3910114,-0.019422952
1652,0.41957977,0.064950116,0.08863395,0.06456432,0.33094582,0.0003857985
1653,0.35562557,0.065002054,0.06259042,0.04783651,0.29303515,0.017165545
1654,0.35691822,0.044356134,0.09574462,0.061293878,0.2611736,-0.016937744
1655,0.36695823,0.041234273,0.10445955,0.07536555,0.26249868,-0.034131277
1656,0.3556665,0.04975144,0.086303234,0.046668172,0.26936325,0.0030832663
1657,0.5481694,0.06585189,0.1007811,0.07713142,0.4473883,-0.011279531
1658,0.43363854,0.06322389,0.08586194,0.05271469,0.3477766,0.0105092
1659,0.20271397,0.052767318,0.043242283,0.02968995,0.15947169,0.023077367
1660,0.5010495,0.024479538,0.035073668,0.025067559,0.46597585,-0.0005880203
1661,0.589572,0.081859864,0.096176356,0.06875971,0.49339566,0.013100155
1662,0.3455585,0.03796298,0.04131011,0.02689631,0.3042484,0.011066671
1663,0.49423337,0.06668949,0.14390256,0.09580407,0.35033083,-0.029114582
1664,0.48058012,0.041872323,0.0642939,0.04416731,0.41628623,-0.0022949874
1665,0.31073868,0.019716348,0.046360783,0.03150978,0.2643779,-0.011793431
1666,0.16747653,0.01840146,0.034255967,0.02509079,0.13322057,-0.0066893287
1667,0.64430195,0.069201864,0.11777949,0.08173012,0.52652246,-0.012528256
1668,0.4524896,0.03084897,0.034888793,0.023571866,0.4176008,0.007277105
1669,0.63413435,0.08468619,0.109756604,0.081343554,0.52437776,0.003342636
1670,0.44383472,0.040735085,0.043576613,0.029593317,0.40025812,0.011141768
1671,0.42678314,0.028796745,0.050810453,0.032525744,0.3759727,-0.0037289988
1672,0.37917405,0.049883176,0.047876716,0.034246463,0.33129734,0.015636712
1673,0.29304025,0.027821232,0.036907777,0.028184012,0.25613248,-0.00036277995
1674,0.6907864,0.07035044,0.15001482,0.09834004,0.5407716,-0.027989604
1675,0.29927322,0.11586631,0.03556416,0.02360075,0.26370907,0.09226556
1676,0.22927843,0.029102653,0.044299316,0.029236786,0.18497911,-0.0001341328
1677,0.31946093,0.022211507,0.047073737,0.032858428,0.2723872,-0.010646921
1678,0.41958597,0.06527768,0.07413481,0.047280144,0.34545118,0.017997537
1679,0.39964956,0.030951627,0.05049789,0.032168686,0.34915167,-0.0012170598
1680,0.37109295,0.01739303,0.042169865,0.029026432,0.32892308,-0.011633402
1681,0.45769566,0.0035404263,0.022811236,0.015551695,0.43488443,-0.012011268
1682,0.46606606,0.08551613,0.05924949,0.04598366,0.40681657,0.03953247
1683,0.14602976,-0.003874317,0.013340652,0.0072348523,0.1326891,-0.01110917
1684,0.44327986,0.019177785,0.022467159,0.019357089,0.4208127,-0.00017930381
1685,0.34365392,0.027231483,0.047531582,0.032370817,0.29612234,-0.005139334
1686,0.24635893,0.039287806,0.053684913,0.034986105,0.19267401,0.0043017007
1687,0.30221942,0.032423966,0.04327881,0.031063939,0.2589406,0.0013600271
1688,0.2901004,0.021601655,0.02952443,0.021057181,0.26057595,0.0005444735
1689,0.47228804,0.054110453,0.07485728,0.05338299,0.39743078,0.0007274635
1690,0.40931606,0.0733797,0.082079604,0.061829258,0.32723647,0.011550445
1691,0.48019794,0.066654466,0.07353512,0.05426787,0.40666282,0.012386598
1692,0.36262003,0.056543175,0.08198226,0.05067067,0.28063777,0.0058725066
1693,0.6414039,0.094683126,0.12789322,0.07237755,0.5135107,0.022305578
1694,0.26872212,0.044146862,0.051428933,0.03686428,0.21729319,0.007282581
1695,0.6946702,0.08653291,0.11499162,0.07730201,0.5796786,0.009230904
1696,0.38612866,0.07991895,0.07587827,0.061587572,0.3102504,0.018331379
1697,0.24496384,0.0075778733,0.039240543,0.030706396,0.2057233,-0.023128523
1698,0.35422114,0.0375531,0.06482501,0.0481066,0.2893961,-0.010553498
1699,0.547401,0.047312662,0.06729224,0.04444754,0.48010877,0.0028651208
1700,0.54335713,0.0061319377,0.022679526,0.01497259,0.5206776,-0.008840652
1701,0.2539382,0.010023043,0.039721683,0.026038196,0.21421652,-0.016015153
1702,0.32530627,0.048327163,0.055373978,0.03564538,0.2699323,0.012681782
1703,0.46094948,0.08721293,0.12326882,0.09111517,0.33768067,-0.0039022416
1704,0.58911365,0.07113865,0.082565844,0.060947984,0.5065478,0.010190666
1705,0.5705001,0.060138956,0.078594364,0.051210593,0.49190572,0.008928362
1706,0.3370659,0.056327403,0.041578054,0.030411331,0.29548785,0.025916072
1707,0.34785303,0.027565386,0.0629169,0.038693976,0.28493613,-0.0111285895
1708,0.68607193,0.06614094,0.105997354,0.071578406,0.58007455,-0.0054374635
1709,0.43112606,0.04807353,0.062083233,0.047143828,0.3690428,0.0009297021
1710,0.40487662,0.1187137,0.08205934,0.05742105,0.32281727,0.06129265
1711,0.15144476,0.010595415,0.035882592,0.022727616,0.11556217,-0.012132201
1712,0.33438987,0.031067573,0.03703412,0.027559008,0.29735574,0.003508564
1713,0.3401972,0.04823747,0.057169523,0.034594446,0.28302768,0.013643023
1714,0.23013002,0.023495987,0.03009087,0.027327629,0.20003915,-0.0038316417
1715,0.37595934,0.023313634,0.03535223,0.022756599,0.3406071,0.0005570352
1716,0.23641536,0.03307237,0.0658153,0.03570642,0.17060006,-0.0026340485
1717,0.34418368,0.03615419,0.043350965,0.028676298,0.30083272,0.0074778907
1718,0.6413111,0.0057754614,0.05655554,0.032430645,0.58475554,-0.026655184
1719,0.43355668,0.025459057,0.072095126,0.05240256,0.36146155,-0.026943503
1720,0.40262783,0.049089883,0.060046747,0.03980838,0.3425811,0.009281501
1721,0.45037705,0.06468436,0.07724399,0.053764887,0.37313306,0.010919474
1722,0.33109778,0.027235733,0.05870165,0.037276205,0.27239615,-0.010040471
1723,0.385641,0.029186254,0.09216502,0.060074717,0.293476,-0.030888462
1724,0.29030398,0.025674812,0.045979515,0.029609382,0.24432446,-0.0039345697
1725,0.44196355,0.03664064,0.070532426,0.049814407,0.3714311,-0.013173766
1726,0.55514085,0.081093855,0.1209885,0.092904404,0.43415236,-0.011810549
1727,0.28063646,0.053625382,0.033509742,0.016859375,0.24712671,0.036766008
1728,0.41853708,0.073140815,0.08283885,0.060003225,0.33569825,0.01313759
1729,0.28514728,0.020703543,0.052461628,0.03516528,0.23268566,-0.014461737
1730,0.29570362,0.030711826,0.049594622,0.036037788,0.246109,-0.005325962
1731,0.4419005,0.0796137,0.106660545,0.07582901,0.33523995,0.0037846938
1732,0.42091724,0.03734804,0.06661492,0.048542194,0.35430232,-0.011194155
1733,0.48312527,0.047959697,0.10059418,0.06696809,0.3825311,-0.019008394
1734,0.38967812,0.030327916,0.05546482,0.037136935,0.33421332,-0.0068090186
1735,0.4463193,0.04465366,0.061308946,0.046304144,0.38501036,-0.0016504824
1736,0.508625,0.042766437,0.09974909,0.059306454,0.40887588,-0.016540017
1737,0.41734612,0.04156057,0.062213767,0.042635884,0.35513234,-0.0010753125
1738,0.52159613,0.034128595,0.06273539,0.037760273,0.45886075,-0.0036316775
1739,0.3356279,0.059019495,0.0634786,0.038535267,0.27214932,0.020484228
1740,0.4593807,0.038377617,0.063701116,0.045420527,0.39567956,-0.007042911
1741,0.56697744,0.041439086,0.07671529,0.053995304,0.49026215,-0.012556218
1742,0.345258,0.04961396,0.0658676,0.03311082,0.2793904,0.01650314
1743,0.13134901,0.013125738,0.020140119,0.014038439,0.11120889,-0.0009127008
1744,0.64550585,0.062235318,0.08313144,0.062380325,0.5623744,-0.00014500692
1745,0.34794474,0.029393137,0.05963073,0.042739052,0.288314,-0.013345916
1746,0.42162952,0.05083688,0.08623945,0.053869404,0.33539006,-0.0030325241
1747,0.24223903,0.0672169,0.07193992,0.05067267,0.17029911,0.016544234
1748,0.3393647,0.030729378,0.04382734,0.030140808,0.29553735,0.0005885698
1749,0.6522404,0.041110784,0.08900277,0.05395166,0.5632376,-0.0128408745
1750,0.33710662,0.06105769,0.07426939,0.053425007,0.26283723,0.007632684
1751,0.5885317,0.06570955,0.09657678,0.06899827,0.4919549,-0.003288716
1752,0.5462863,0.05803274,0.10667212,0.06816228,0.43961418,-0.010129537
1753,0.25018042,0.026398404,0.03386774,0.024778122,0.21631268,0.0016202815
1754,0.40044022,0.014787905,0.02895883,0.019995483,0.3714814,-0.0052075777
1755,0.2543565,0.035567097,0.06141549,0.04673537,0.19294101,-0.011168271
1756,0.451429,0.056007423,0.07746302,0.052281998,0.37396598,0.0037254244
1757,0.3956067,0.05709071,0.09079528,0.06996854,0.30481142,-0.012877826
1758,0.70282394,0.029521897,0.043090094,0.03017165,0.65973383,-0.0006497521
1759,0.52690977,0.040599816,0.0862848,0.052921347,0.44062495,-0.012321532
1760,0.59924,0.0012598077,0.03921609,0.022951784,0.5600239,-0.021691976
1761,0.48345616,0.03381031,0.065605514,0.043686,0.41785064,-0.009875689
1762,0.30660456,0.012605902,0.050611787,0.030363476,0.25599277,-0.017757574
1763,0.6467184,0.108847044,0.12477166,0.08997218,0.5219467,0.018874861
1764,0.2488997,0.08684224,0.06747992,0.05150252,0.18141977,0.03533972
1765,0.29754627,0.001017596,0.035689842,0.023590488,0.26185644,-0.022572892
1766,0.43851006,0.023489987,0.04496076,0.031878263,0.3935493,-0.008388275
1767,0.30822328,0.06966188,0.069987886,0.052718926,0.23823538,0.016942952
1768,0.44800162,0.08323126,0.08831885,0.06829443,0.35968277,0.014936835
1769,0.5293941,0.0983114,0.09725628,0.0668363,0.43213782,0.031475104
1770,0.4442438,0.010413256,0.043631215,0.027367372,0.40061256,-0.016954117
1771,0.4828364,0.038895268,0.06285413,0.039165333,0.41998225,-0.00027006492
1772,0.5748342,-0.018407756,0.016158542,0.0089601,0.5586757,-0.027367856
1773,0.45199105,0.025538038,0.05038781,0.037398376,0.40160325,-0.011860337
1774,0.32897982,0.032628804,0.048609886,0.032728437,0.28036994,-9.963289e-05
1775,0.4189341,0.017276023,0.055908702,0.042887654,0.3630254,-0.025611632
1776,0.32885674,0.04703126,0.05693051,0.0436745,0.27192622,0.0033567622
1777,0.5254464,0.11224098,0.096649446,0.059812512,0.42879698,0.052428465
1778,0.39635462,0.03948428,0.066329755,0.052665964,0.33002487,-0.013181683
1779,0.34101644,0.04402474,0.058421258,0.042435903,0.2825952,0.0015888363
1780,0.5446653,0.06713465,0.08234563,0.06117972,0.46231964,0.0059549287
1781,0.38685316,0.07249531,0.08990154,0.0670429,0.29695162,0.0054524094
1782,0.53905475,0.087068476,0.09040794,0.06594349,0.4486468,0.021124989
1783,0.56335044,0.07061207,0.11825562,0.09031446,0.44509482,-0.01970239
1784,0.48618063,0.023236882,0.043324366,0.030287439,0.44285625,-0.007050557
1785,0.44572517,0.065351956,0.063926555,0.043625847,0.38179862,0.02172611
1786,0.37368333,0.05501722,0.062807724,0.039171588,0.3108756,0.015845634
1787,0.53899723,0.058343757,0.0841104,0.062793925,0.45488682,-0.0044501685
1788,0.3113649,0.05707791,0.058794636,0.041667257,0.25257024,0.015410654
1789,0.42903048,0.0073526017,0.0132830655,0.012931624,0.4157474,-0.0055790227
1790,0.4539569,0.0332806,0.050424412,0.03582738,0.4035325,-0.0025467798
1791,0.46515694,0.07891926,0.08073864,0.06493149,0.3844183,0.013987772
1792,0.45630988,0.097478606,0.14064538,0.108078346,0.3156645,-0.01059974
1793,0.41234425,0.052761376,0.04880539,0.039535914,0.36353886,0.013225462
1794,0.57854956,0.030578423,0.06619702,0.046268698,0.5123525,-0.015690275
1795,0.4002992,0.03424613,0.0703885,0.04753387,0.3299107,-0.013287738
1796,0.4108409,0.05238543,0.10659486,0.063038886,0.30424604,-0.010653455
1797,0.38886923,0.038974874,0.064660616,0.045874733,0.32420862,-0.0068998598
1798,0.45994073,0.074106686,0.112922676,0.079751015,0.34701806,-0.005644329
1799,0.50447696,0.08083757,0.11046372,0.079524495,0.39401323,0.0013130754
1800,0.22322568,0.037887324,0.043396097,0.033868108,0.17982958,0.0040192157
1801,0.30524015,0.03194351,0.04909737,0.033027627,0.2561428,-0.0010841154
1802,0.38771546,0.077081114,0.07571056,0.060763925,0.3120049,0.016317189
1803,0.59784174,0.07680914,0.10235942,0.06967875,0.49548233,0.0071303844
1804,0.40204802,0.025344705,0.0278774,0.022151545,0.37417063,0.0031931605
1805,0.32529235,0.036905415,0.053056866,0.034896076,0.27223548,0.0020093396
1806,0.32193553,0.06951964,0.07773831,0.063702784,0.24419722,0.0058168545
1807,0.49608767,0.072493754,0.08611949,0.05505872,0.4099682,0.017435033
1808,0.5282767,0.038615357,0.0713859,0.050923802,0.4568908,-0.012308445
1809,0.36185238,0.05419305,0.05933358,0.041163463,0.30251878,0.0130295865
1810,0.40541825,0.029185263,0.051867485,0.041643728,0.35355076,-0.012458464
1811,0.2803703,0.04727008,0.0784878,0.05580832,0.2018825,-0.008538242
1812,0.59510785,0.106723726,0.1316601,0.10115638,0.46344775,0.0055673495
1813,0.44763738,0.04373958,0.05058694,0.025611171,0.39705044,0.018128408
1814,0.56442076,0.061061263,0.08971728,0.05901318,0.4747035,0.0020480826
1815,0.43176088,0.057548758,0.08864648,0.056484614,0.3431144,0.0010641441
1816,0.23511717,0.013935964,0.016499937,0.009725986,0.21861723,0.0042099776
1817,0.30911282,0.044608384,0.040809587,0.028755425,0.26830322,0.01585296
1818,0.41525975,0.095176086,0.111168146,0.08098221,0.3040916,0.014193878
1819,0.38109273,0.037235964,0.08153895,0.058547016,0.29955378,-0.021311052
1820,0.35492906,0.030154953,0.053691693,0.031814393,0.30123737,-0.0016594399
1821,0.34162936,0.074730515,0.07006418,0.05085916,0.27156517,0.023871355
1822,0.34575042,0.045045868,0.032045122,0.0199968,0.3137053,0.025049068
1823,0.46242082,0.04708366,0.070440315,0.045594756,0.3919805,0.0014889054
1824,0.25358355,0.043131053,0.04332013,0.035043832,0.21026342,0.0080872215
1825,0.36863452,0.0437098,0.07579824,0.05307491,0.29283628,-0.009365112
1826,0.46757305,0.056073096,0.06629538,0.04551874,0.40127766,0.010554355
1827,0.54334104,0.046383206,0.08995863,0.059751138,0.4533824,-0.013367932
1828,0.20310134,0.07376737,0.09532033,0.073173635,0.10778101,0.00059373677
1829,0.47793177,0.03513592,0.07750309,0.058122322,0.40042868,-0.0229864
1830,0.33693647,0.029586678,0.048441295,0.034793597,0.28849518,-0.0052069183
1831,0.5184967,0.061817855,0.06668971,0.047905315,0.451807,0.01391254
1832,0.5031233,0.081343636,0.1367359,0.10331314,0.36638737,-0.021969505
1833,0.50945693,-0.010787361,0.015301844,0.0124676665,0.49415508,-0.023255028
1834,0.5754301,0.0905425,0.11744699,0.08880689,0.4579831,0.0017356128
1835,0.22571771,0.016162343,0.06685522,0.038943198,0.15886249,-0.022780854
1836,0.12302329,-4.6000234e-05,0.031238873,0.022388333,0.09178442,-0.022434333
1837,0.4265776,0.06476845,0.09706645,0.067319006,0.32951117,-0.0025505573
1838,0.29552984,0.024487086,0.065689504,0.04290473,0.22984034,-0.018417645
1839,0.6196449,0.05221355,0.08937024,0.06107119,0.5302746,-0.008857641
1840,0.4147606,0.011094429,0.07071908,0.03825195,0.34404153,-0.027157523
1841,0.4281893,0.07352414,0.08952124,0.06578873,0.33866808,0.007735409
1842,0.12867758,0.015754957,0.02583783,0.013845091,0.102839746,0.001909866
1843,0.50682473,0.117636606,0.11583766,0.078779764,0.39098707,0.03885684
1844,0.28211695,0.0733049,0.097187445,0.0692391,0.1849295,0.0040657967
1845,0.41965148,0.06382622,0.08317311,0.057485636,0.33647835,0.006340582
1846,0.47134867,0.103976384,0.11543074,0.08904992,0.35591793,0.014926463
1847,0.365209,0.049551588,0.06115832,0.04047578,0.30405068,0.009075809
1848,0.18525805,0.016846595,0.034287635,0.025161786,0.15097041,-0.008315191
1849,0.37237227,0.046280526,0.057529956,0.04007351,0.3148423,0.0062070154
1850,0.6246187,0.051004853,0.09071551,0.06701018,0.5339032,-0.016005326
1851,0.14879528,0.033572543,0.03668508,0.026166558,0.1121102,0.007405985
1852,0.46817046,0.06672956,0.07994124,0.053069666,0.38822922,0.0136598945
1853,0.47397798,0.057606928,0.105707414,0.074222,0.36827058,-0.01661507
1854,0.33635715,0.061789054,0.071820386,0.054650404,0.26453677,0.007138651
1855,0.6091781,0.053430364,0.08554878,0.060596716,0.52362937,-0.007166352
1856,0.3745629,0.016963108,0.059165888,0.033954974,0.315397,-0.016991867
1857,0.33059126,0.066449255,0.063285135,0.037900537,0.26730612,0.028548717
1858,0.37140968,0.0063657104,0.0134983715,0.007992094,0.35791132,-0.001626384
1859,0.37577897,0.07448722,0.082395226,0.057723936,0.29338375,0.016763281
1860,0.28707597,0.04720874,0.058409866,0.03889259,0.2286661,0.008316152
1861,0.29468048,0.025201038,0.053423237,0.040376015,0.24125724,-0.0151749775
1862,0.63170767,0.04640209,0.08712366,0.06360521,0.54458404,-0.017203122
1863,0.4270748,0.045556337,0.076988705,0.055634297,0.3500861,-0.010077961
1864,0.4774515,0.0063937902,0.046403795,0.029235123,0.4310477,-0.022841332
1865,0.21426065,0.026470032,0.030243084,0.02426018,0.18401757,0.0022098515
1866,0.7048721,0.011216941,0.031039296,0.025450826,0.6738328,-0.014233884
1867,0.49784085,-0.0009197734,0.02051128,0.014496523,0.47732958,-0.015416296
1868,0.5161812,0.07086195,0.09477029,0.063333794,0.4214109,0.007528156
1869,0.38250932,0.06701369,0.0871152,0.06442361,0.29539412,0.0025900751
1870,0.5882185,0.0428351,0.078164056,0.053207386,0.51005447,-0.010372285
1871,0.3335593,0.052647617,0.06274144,0.045156993,0.27081788,0.0074906237
1872,0.42642227,0.08865105,0.11067214,0.085831024,0.31575012,0.0028200299
1873,0.43690643,0.030235274,0.0619988,0.045476533,0.3749076,-0.01524126
1874,0.57596964,0.038761433,0.0786721,0.052007023,0.49729753,-0.01324559
1875,0.35940418,0.031948097,0.031626087,0.023588408,0.3277781,0.008359689
1876,0.32593426,0.017988712,0.040468164,0.018330637,0.2854661,-0.00034192577
1877,0.5152933,0.03195846,0.06621552,0.049937934,0.44907779,-0.017979473
1878,0.4516604,0.034925036,0.07191194,0.047350936,0.37974846,-0.0124258995
1879,0.46857142,0.029336378,0.051686734,0.037199162,0.4168847,-0.007862784
1880,0.4735226,0.05825025,0.09321305,0.059331197,0.38030955,-0.0010809489
1881,0.27927285,0.0785,0.07113366,0.05828726,0.2081392,0.020212743
1882,0.22637098,0.038159546,0.0593999,0.042151615,0.16697107,-0.0039920695
1883,0.56420726,-0.0019929705,0.011845239,0.005693891,0.552362,-0.007686862
1884,0.344129,0.039021645,0.062299367,0.0439674,0.28182963,-0.004945755
1885,0.52599835,0.032883137,0.06443895,0.04581109,0.4615594,-0.012927953
1886,0.29914698,0.051316943,0.059910048,0.043755703,0.23923694,0.0075612403
1887,0.2615743,0.08776161,0.07449482,0.061799787,0.18707949,0.025961824
1888,0.5220757,0.03049003,0.061543316,0.039468747,0.4605324,-0.008978717
1889,0.44379616,0.060843162,0.07234422,0.053419083,0.37145194,0.007424079
1890,0.26081344,0.029303303,0.05955024,0.043999415,0.2012632,-0.014696112
1891,0.4495301,0.0524168,0.0710053,0.047498956,0.37852478,0.004917845
1892,0.3769931,0.0814353,0.092249915,0.059662014,0.2847432,0.021773286
1893,0.4361067,0.038470164,0.065503865,0.046630617,0.37060285,-0.008160453
1894,0.36108738,0.058140248,0.07560394,0.050676182,0.28548345,0.007464066
1895,0.27350095,0.013182615,0.03794814,0.027716178,0.23555282,-0.0145335635
1896,0.47895116,0.04556946,0.061581615,0.045905605,0.41736954,-0.00033614412
1897,0.26632488,-0.00092399016,0.04510266,0.027336726,0.22122222,-0.028260715
1898,0.7099538,0.07775818,0.12464628,0.07962728,0.5853075,-0.0018691048
1899,0.5335534,0.067401215,0.09016945,0.06351559,0.44338396,0.0038856268
1900,0.2926875,0.07193633,0.110422336,0.07776176,0.18226516,-0.00582543
1901,0.37968564,0.063169464,0.05769297,0.03984547,0.32199267,0.023323994
1902,0.44321784,0.06956954,0.0817415,0.057947926,0.36147636,0.011621617
1903,0.3608222,0.06211279,0.06089369,0.040220205,0.29992852,0.021892585
1904,0.29913652,0.022717258,0.046115123,0.029116003,0.2530214,-0.006398745
1905,0.30648714,0.040507365,0.07874103,0.05527146,0.22774611,-0.014764097
1906,0.38119945,0.03241929,0.056464843,0.040234618,0.3247346,-0.0078153275
1907,0.36338776,0.07102693,0.060308248,0.04801246,0.30307952,0.023014467
1908,0.3508102,0.071273506,0.070307605,0.04830088,0.2805026,0.022972625
1909,0.45135698,0.030202588,0.08042726,0.05255571,0.37092972,-0.022353122
1910,0.19207029,0.041922387,0.04517159,0.034045182,0.1468987,0.007877205
1911,0.44658694,0.072009705,0.09889947,0.067870624,0.34768748,0.0041390806
1912,0.65879685,0.070400774,0.08835116,0.06343794,0.57044566,0.006962836
1913,0.5104899,0.05934055,0.083669566,0.05839454,0.4268203,0.0009460114
1914,0.21523978,0.042766366,0.062294956,0.047719616,0.15294482,-0.0049532503
1915,0.4780412,0.058817185,0.08139203,0.057958633,0.39664918,0.00085855275
1916,0.5052789,0.015007333,0.07031673,0.044452526,0.43496215,-0.029445194
1917,0.37424135,0.015383166,0.06391608,0.039114095,0.31032526,-0.02373093
1918,0.48038545,0.045147244,0.06873419,0.050132256,0.41165125,-0.004985012
1919,0.34061736,0.04803135,0.04797125,0.037419006,0.2926461,0.0106123425
1920,0.30841753,0.062617786,0.04668513,0.036704846,0.2617324,0.02591294
1921,0.39458856,0.04120764,0.07418644,0.047920097,0.32040212,-0.0067124553
1922,0.17091206,0.0846726,0.12027872,0.08795425,0.050633334,-0.003281653
1923,0.3079578,0.05141053,0.040201675,0.028256172,0.26775613,0.023154357
1924,0.36904812,0.05473772,0.083753794,0.06424012,0.28529432,-0.0095024
1925,0.13391076,0.08300593,0.03940225,0.029754747,0.094508514,0.05325118
1926,0.3672833,0.041761402,0.081179924,0.04956067,0.2861034,-0.007799268
1927,0.18890928,0.006795662,0.043493986,0.028569954,0.14541529,-0.021774292
1928,0.50915194,0.050749645,0.08489182,0.06554994,0.4242601,-0.014800295
1929,0.343105,0.060115475,0.06189198,0.042736854,0.28121302,0.01737862
1930,0.6925084,0.045980576,0.0899572,0.064015426,0.6025512,-0.01803485
1931,0.40132365,0.05200756,0.06332519,0.045483764,0.33799845,0.0065237954
1932,0.40078017,0.067594305,0.06536103,0.04723641,0.33541915,0.020357896
1933,0.15985939,0.011690273,0.025990205,0.018058484,0.13386919,-0.0063682115
1934,0.5881288,0.10127577,0.11499219,0.083441645,0.4731366,0.017834127
1935,0.45293823,0.038057745,0.07768073,0.05025285,0.3752575,-0.012195107
1936,0.44168136,0.026879454,0.06687582,0.04110963,0.37480554,-0.014230175
1937,0.55515945,0.05584607,0.08134533,0.056784477,0.47381413,-0.0009384081
1938,0.61992556,0.063959755,0.08466022,0.06074732,0.5352653,0.0032124333
1939,0.15546486,-0.0122100515,0.027036157,0.015261054,0.1284287,-0.027471106
1940,0.6516264,0.06965305,0.097145766,0.06953254,0.5544807,0.00012050569
1941,0.58098376,0.0837285,0.1290011,0.087544635,0.45198268,-0.0038161352
1942,0.3439597,0.06899988,0.077732325,0.054624524,0.26622736,0.014375355
1943,0.40427345,0.013156063,0.045321632,0.03277248,0.3589518,-0.019616418
1944,0.504623,0.062218502,0.06419685,0.04795439,0.44042614,0.0142641105
1945,0.11209305,0.004520171,0.01622787,0.0135980705,0.095865175,-0.009077899
1946,0.32113063,0.035400372,0.06679515,0.04651104,0.2543355,-0.011110667
1947,0.3305078,0.022350563,0.045837834,0.030417865,0.28467,-0.008067302
1948,0.06636863,-0.002913671,0.04065626,0.02968739,0.02571237,-0.032601062
1949,0.30755478,0.019469537,0.055608336,0.038271718,0.25194645,-0.01880218
1950,0.41928142,0.054347597,0.10597641,0.07350476,0.31330502,-0.019157164
1951,0.6631616,0.013473205,0.0556996,0.03909643,0.607462,-0.025623225
1952,0.26915112,0.034767967,0.039465647,0.03098717,0.22968547,0.0037807971
1953,0.33693603,0.036240462,0.05398178,0.03525801,0.28295425,0.0009824522
1954,0.76173264,0.07827277,0.13978037,0.08711876,0.6219523,-0.008845992
1955,0.44874766,0.04886611,0.07874047,0.053525463,0.3700072,-0.004659351
1956,0.4727173,0.07079387,0.08273037,0.06196756,0.38998693,0.008826308
1957,0.6093784,0.02755185,0.043304186,0.026480941,0.5660742,0.0010709092
1958,0.45120007,0.03012727,0.04630947,0.03322817,0.4048906,-0.0031009
1959,0.4799565,0.062478933,0.082508974,0.062655374,0.39744753,-0.00017644092
1960,0.4605722,0.07839543,0.05337484,0.03527405,0.40719736,0.043121383
1961,0.49877453,0.054565717,0.075767234,0.049201097,0.4230073,0.005364619
1962,0.47103155,0.11750033,0.15886694,0.12975353,0.3121646,-0.0122532025
1963,0.42000926,0.019245325,0.040433325,0.029931527,0.37957594,-0.010686202
1964,0.5336586,0.0832665,0.08922767,0.06534311,0.44443095,0.017923385
1965,0.39654994,0.049968116,0.0806246,0.05788761,0.31592533,-0.007919494
1966,0.4920296,0.0743898,0.08013255,0.064492986,0.41189706,0.009896815
1967,0.37529302,0.1632258,0.16304153,0.12784053,0.21225148,0.035385266
1968,0.21731351,0.051528066,0.068628505,0.051534243,0.14868501,-6.1765313e-06
1969,0.6333933,0.04956469,0.08830461,0.05929567,0.54508865,-0.00973098
1970,0.55245644,0.086874396,0.16999175,0.11545066,0.3824647,-0.028576262
1971,0.5398741,0.11904505,0.14569226,0.107421294,0.39418182,0.011623755
1972,0.4659733,0.10197819,0.090808295,0.068030216,0.375165,0.033947974
1973,0.29981568,0.050590895,0.057461895,0.042374983,0.2423538,0.008215912
1974,0.5096139,0.067617685,0.07106478,0.0509091,0.4385491,0.016708586
1975,0.4304727,0.093850635,0.102334425,0.07613985,0.3281383,0.017710783
1976,0.5541181,0.062583506,0.092193395,0.06457531,0.4619247,-0.001991801
1977,0.6513059,0.12090305,0.121880464,0.097185925,0.52942544,0.023717128
1978,0.4304685,0.08747156,0.107796736,0.07937943,0.32267177,0.008092128
1979,0.25614884,0.027363444,0.044809286,0.033068646,0.21133956,-0.005705202
1980,0.34476933,0.041108962,0.060483538,0.045610696,0.28428578,-0.004501734
1981,0.36329508,0.033494372,0.06253274,0.04385323,0.30076236,-0.010358859
1982,0.30903617,0.049580775,0.03623944,0.030092359,0.27279672,0.019488417
1983,0.13448049,0.014106976,0.021078482,0.0147652365,0.11340201,-0.00065826066
1984,0.40392593,0.043636814,0.06862447,0.046575405,0.33530146,-0.002938591
1985,0.3493677,0.057867173,0.035810437,0.027664617,0.31355727,0.030202556
1986,0.42055425,0.021461613,0.05911616,0.04317767,0.3614381,-0.021716058
1987,0.5773362,0.046950188,0.09796616,0.06794344,0.47937003,-0.020993251
1988,0.35117635,0.052952696,0.041891392,0.028924448,0.30928496,0.024028247
1989,0.32899758,0.050551962,0.060122382,0.037235152,0.2688752,0.01331681
1990,0.16879873,0.048298955,0.074623294,0.04623848,0.094175436,0.0020604767
1991,0.5797393,0.06578173,0.09426358,0.06544815,0.4854757,0.0003335774
1992,0.589595,0.08223501,0.08289638,0.054023135,0.5066986,0.028211873
1993,0.4647976,0.040346857,0.059280027,0.04403106,0.40551755,-0.003684204
1994,0.5165372,0.02889316,0.062616244,0.045613974,0.45392096,-0.016720815
1995,0.45261627,0.058090996,0.0755717,0.05967035,0.37704456,-0.0015793554
1996,0.563849,0.08029072,0.093708865,0.06829719,0.4701401,0.011993527
1997,0.36899838,0.028655665,0.075843446,0.052562356,0.29315493,-0.023906691
1998,0.5751324,0.034092087,0.063770354,0.03926199,0.5113621,-0.005169902
1999,0.4456481,0.050879814,0.08296637,0.061973106,0.36268175,-0.011093292
2000,0.34966528,0.039539475,0.05354886,0.04040556,0.2961164,-0.0008660853
2001,0.39851555,0.08214853,0.10028462,0.07690981,0.29823095,0.0052387193
2002,0.49672168,0.087970465,0.09698601,0.07149681,0.3997357,0.016473658
2003,0.38396138,0.07012755,0.0740963,0.049585715,0.3098651,0.020541832
2004,0.47459364,0.07990126,0.06409993,0.047878146,0.4104937,0.032023117
2005,0.38212374,0.021728823,0.05204643,0.0385696,0.33007732,-0.016840776
2006,0.47116265,0.047375616,0.07217253,0.04749123,0.39899012,-0.000115614384
2007,0.21354346,6.678757e-05,0.026957773,0.016645523,0.1865857,-0.016578736
2008,0.33227974,0.059435718,0.09127256,0.059236184,0.24100718,0.000199534
2009,0.4229177,0.02700551,0.061190117,0.041694578,0.36172757,-0.014689067
2010,0.6104969,0.07018129,0.08891555,0.06503676,0.52158135,0.005144529
2011,0.5366221,0.06596246,0.09144022,0.060196895,0.44518188,0.0057655685
2012,0.4017471,0.029862324,0.05997701,0.04108725,0.3417701,-0.011224927
2013,0.40403524,0.06937555,0.12129098,0.079298094,0.28274426,-0.009922542
2014,0.47080356,0.040700804,0.07652946,0.053346056,0.39427412,-0.012645252
2015,0.23833214,0.026866887,0.0749879,0.041343138,0.16334423,-0.014476251
2016,0.39988145,0.05993178,0.08149424,0.06518056,0.3183872,-0.0052487813
2017,0.55325204,0.044199854,0.08256807,0.05526577,0.47068396,-0.011065915
2018,0.49931943,0.032590132,0.07075582,0.048740372,0.42856362,-0.01615024
2019,0.5837981,0.051181838,0.104468726,0.06598875,0.47932938,-0.014806911
2020,0.34594393,0.048485894,0.06616076,0.050938062,0.27978316,-0.0024521686
2021,0.55943793,0.04088738,0.069267385,0.04350597,0.49017054,-0.0026185922
2022,0.4542706,0.05115259,0.08538386,0.060820084,0.36888674,-0.009667493
2023,0.19649528,0.011090693,0.034105048,0.024073584,0.16239023,-0.012982891
2024,0.35868114,0.013520929,0.020370144,0.011264879,0.338311,0.0022560498
2025,0.6026404,0.08602002,0.08677597,0.06441013,0.51586443,0.021609895
2026,0.40339315,0.05176975,0.06731084,0.046426125,0.3360823,0.0053436235
2027,0.43524975,0.039561216,0.06454475,0.04621933,0.370705,-0.0066581145
2028,0.49224854,0.06516651,0.07362742,0.0600474,0.41862112,0.0051191114
2029,0.2638442,0.009194176,0.07184632,0.042283893,0.19199787,-0.033089716
2030,0.4669308,0.06891025,0.11101345,0.08315089,0.35591736,-0.014240645
2031,0.34063268,-0.0049853376,0.0066396915,0.0049046427,0.333993,-0.009889981
2032,0.25709468,0.025833884,0.041445423,0.029523773,0.21564926,-0.0036898889
2033,0.5346855,0.06627041,0.07755521,0.053110056,0.45713028,0.013160355
2034,0.50408614,0.04278905,0.054410316,0.038969103,0.44967583,0.0038199462
2035,0.45303258,0.048017148,0.060419504,0.03891797,0.39261308,0.009099178
2036,0.57502395,0.04225779,0.08764433,0.058229066,0.4873796,-0.015971277
2037,0.4938342,0.050330378,0.08734713,0.06439275,0.40648708,-0.014062375
2038,0.5135975,0.054664962,0.09249105,0.056360222,0.42110643,-0.0016952604
2039,0.24786155,0.068486564,0.09030532,0.06795378,0.15755624,0.00053278357
2040,0.3429929,0.043900616,0.058805604,0.03690239,0.2841873,0.006998226
2041,0.3951748,0.033290666,0.045342665,0.032981962,0.34983215,0.00030870363
2042,0.5859763,0.05737114,0.11304263,0.07562445,0.47293368,-0.018253312
2043,0.6254513,0.0678844,0.08411439,0.061847333,0.54133695,0.0060370676
2044,0.49568272,0.024014823,0.07558055,0.038732294,0.42010218,-0.014717471
2045,0.26719603,0.039777555,0.05937748,0.036245044,0.20781855,0.0035325103
2046,0.1918678,0.0025134496,0.017746035,0.009936403,0.17412177,-0.007422953
2047,0.421518,0.0032615103,0.02041461,0.017172968,0.40110338,-0.013911458
2048,0.223936,0.023784371,0.03378699,0.025710044,0.19014901,-0.0019256733
2049,0.4820012,0.05869032,0.054967403,0.03963131,0.42703378,0.01905901
2050,0.463031,0.08341501,0.070758335,0.046781734,0.39227265,0.036633275
2051,0.41690683,0.034195546,0.062178344,0.04208645,0.3547285,-0.007890902
2052,0.485318,0.080365,0.11117666,0.078194916,0.37414134,0.002170086
2053,0.4208497,0.0194696,0.055075753,0.036246184,0.36577395,-0.016776584
2054,0.20912276,0.045814004,0.048593983,0.035582826,0.16052878,0.010231178
2055,0.618888,0.12286003,0.044442706,0.034252748,0.5744453,0.08860728
2056,0.27191398,0.06412891,0.05503458,0.04071329,0.2168794,0.023415621
2057,0.5124086,0.026463898,0.05928467,0.034969576,0.45312396,-0.008505678
2058,0.377342,0.009164761,0.0245529,0.010901974,0.35278907,-0.0017372128
2059,0.47405073,0.05050664,0.08560818,0.060430013,0.38844255,-0.009923372
2060,0.46180084,0.06148661,0.048540376,0.035362657,0.41326046,0.026123952
2061,0.5259748,0.030155493,0.077033915,0.042119484,0.4489409,-0.011963991
2062,0.6119527,0.0073610162,0.037884887,0.02289215,0.57406783,-0.015531133
2063,0.16434307,-0.0067422986,0.044166498,0.028465293,0.120176576,-0.035207592
2064,0.36559427,0.028434882,0.047166213,0.029974233,0.31842804,-0.0015393514
2065,0.43553424,0.027305998,0.05101364,0.039498296,0.3845206,-0.012192298
2066,0.3769612,0.06441183,0.06947951,0.053820547,0.3074817,0.01059128
2067,0.54249424,0.026172968,0.07706333,0.047572684,0.46543092,-0.021399716
2068,0.5959112,0.0100808,0.0077698594,0.0050404184,0.5881413,0.005040382
2069,0.520951,0.06175721,0.07978624,0.057764746,0.44116473,0.0039924644
2070,0.54447305,0.13864006,0.10423266,0.07218027,0.44024038,0.06645979
2071,0.22291617,0.030765519,0.043891583,0.029336335,0.17902459,0.0014291834
2072,0.18958925,0.06218655,0.07144419,0.05554471,0.118145056,0.0066418387
2073,0.6275569,0.046063576,0.048961498,0.03476605,0.5785954,0.011297528
2074,0.44586158,0.06466005,0.08463648,0.06272279,0.3612251,0.0019372627
2075,0.31367373,0.0075815096,0.077500045,0.043746933,0.23617369,-0.036165424
2076,0.39156607,0.05673761,0.06948474,0.05041273,0.32208133,0.00632488
2077,0.4317579,0.030041153,0.04942439,0.0372187,0.38233352,-0.0071775485
2078,0.49732587,0.035071492,0.070695326,0.047547083,0.42663056,-0.012475591
2079,0.32075173,0.051517777,0.064568795,0.045932222,0.25618294,0.005585555
2080,0.45172653,0.054285973,0.0697774,0.04592117,0.38194913,0.008364804
2081,0.5191662,0.0767261,0.100565545,0.07512275,0.41860062,0.00160335
2082,0.44472414,0.065286644,0.075673535,0.06012395,0.36905062,0.0051626936
2083,0.36659727,0.015215192,0.042241108,0.02973438,0.32435617,-0.014519189
2084,0.45474353,0.059205305,0.07514267,0.05204384,0.37960088,0.0071614645
2085,0.3062255,0.03215934,0.06435853,0.037218794,0.24186698,-0.0050594546
2086,0.4948217,0.038867548,0.068084784,0.04983325,0.42673692,-0.010965701
2087,0.72405684,0.09599855,0.13906229,0.09879234,0.58499455,-0.002793789
2088,0.36408472,0.041099537,0.0619585,0.04868101,0.30212623,-0.0075814724
2089,0.34109774,0.05580548,0.058555704,0.04336693,0.28254205,0.012438547
2090,0.33582863,0.060648385,0.08909512,0.05535436,0.24673352,0.005294025
2091,0.40370488,0.0694756,0.062689796,0.03877553,0.3410151,0.030700069
2092,0.4415015,0.06004523,0.08753067,0.057760738,0.35397083,0.0022844933
2093,0.60707694,0.08316815,0.10785565,0.07632245,0.4992213,0.0068456978
2094,0.46423873,0.10926136,0.14982489,0.10695644,0.31441385,0.002304919
2095,0.392194,0.054756574,0.051276546,0.035412632,0.34091747,0.019343942
2096,0.42686573,0.07336889,0.07797535,0.0612119,0.34889036,0.012156993
2097,0.49862844,0.026184615,0.053317867,0.030873341,0.44531056,-0.0046887267
2098,0.21958992,0.049346138,0.039997574,0.029406503,0.17959234,0.019939635
2099,0.4422223,0.047706462,0.05077759,0.034987237,0.3914447,0.012719225
2100,0.3049341,0.009724845,0.036203597,0.02729502,0.26873052,-0.017570175
2101,0.19698231,0.007884289,0.025888465,0.01757602,0.17109385,-0.009691731
2102,0.41084686,0.045083657,0.05356142,0.039904434,0.35728544,0.0051792227
2103,0.29529497,0.08066711,0.08461959,0.066102855,0.21067539,0.014564253
2104,0.5621986,0.09417659,0.07853186,0.06444116,0.48366672,0.029735431
2105,0.19512355,0.0641978,0.056056958,0.033607095,0.13906659,0.030590706
2106,0.41281664,0.04844741,0.05621892,0.043649912,0.35659772,0.0047974996
2107,0.21635443,0.03943708,0.04339036,0.029076701,0.17296407,0.010360381
2108,0.5107825,0.035702903,0.12527508,0.0706903,0.3855074,-0.034987394
2109,0.6981235,0.086515896,0.13291463,0.09455944,0.5652089,-0.0080435425
2110,0.3195358,0.055843454,0.08809536,0.067043476,0.23144042,-0.011200022
2111,0.50554776,0.061571576,0.08754025,0.06432936,0.41800752,-0.0027577877
2112,0.51865155,0.098121636,0.09611518,0.07238908,0.42253637,0.025732554
2113,0.49489653,0.052194428,0.0721562,0.054416876,0.42274034,-0.0022224486
2114,0.32712767,0.07150932,0.0460547,0.037321135,0.28107297,0.03418818
2115,0.507427,0.04273504,0.060147613,0.040269252,0.44727936,0.0024657883
2116,0.17484625,0.020879364,0.037078433,0.026211815,0.13776782,-0.0053324513
2117,0.31636158,0.09998507,0.059504442,0.043903355,0.25685713,0.056081716
2118,0.35958287,0.043065462,0.05721794,0.03935066,0.30236495,0.0037148036
2119,0.22049871,0.027510561,0.04739601,0.03713401,0.1731027,-0.009623449
2120,0.3786572,0.10667325,0.14198755,0.093479976,0.23666964,0.013193272
2121,0.50787294,0.016298689,0.027361322,0.018581599,0.4805116,-0.00228291
2122,0.47081953,0.061434954,0.08759461,0.06600684,0.3832249,-0.004571885
2123,0.41587496,0.08656738,0.07953548,0.053328652,0.33633947,0.033238728
2124,0.3900069,0.060433596,0.06306216,0.04562717,0.32694474,0.014806427
2125,0.37958953,0.066781126,0.08768296,0.06329702,0.29190657,0.0034841076
2126,0.44262487,0.048032794,0.040646244,0.030457329,0.4019786,0.017575465
2127,0.28591657,0.056474343,0.062079765,0.0473362,0.22383681,0.009138145
2128,0.32861432,0.033064984,0.06429997,0.049492434,0.26431435,-0.01642745
2129,0.16524534,0.05877602,0.03321687,0.024934962,0.13202846,0.03384106
2130,0.40230834,0.027253512,0.03733302,0.027820027,0.36497533,-0.0005665142
2131,0.38429695,0.004373491,0.021362923,0.011288483,0.36293402,-0.006914992
2132,0.73571014,0.08316325,0.117718264,0.08309994,0.61799186,6.330758e-05
2133,0.36585516,0.036498956,0.067725666,0.052615505,0.2981295,-0.016116548
2134,0.21944667,0.031665288,0.034620304,0.02403583,0.18482637,0.007629458
2135,0.6041357,0.05932201,0.0994219,0.06299944,0.5047138,-0.0036774315
2136,0.5397422,0.11666877,0.14662524,0.1116977,0.39311695,0.0049710646
2137,0.31757298,0.01403892,0.03876228,0.024484046,0.2788107,-0.010445125
2138,0.6402055,0.04795731,0.06395331,0.04649076,0.5762522,0.0014665499
2139,0.4003846,0.009264532,0.01342615,0.010047715,0.38695845,-0.0007831836
2140,0.44407603,0.06897502,0.10095981,0.073656105,0.34311622,-0.004681088
2141,0.45252112,0.11810418,0.13567084,0.1043443,0.31685027,0.013759881
2142,0.4217691,0.12866355,0.111999825,0.07378178,0.30976927,0.054881774
2143,0.4180148,0.030756716,0.0696098,0.044091817,0.348405,-0.013335101
2144,0.34422007,0.066316605,0.061764598,0.047541365,0.28245547,0.01877524
2145,0.45092338,0.05061195,0.046338364,0.03052202,0.404585,0.02008993
2146,0.5452654,-0.010318339,0.07379272,0.03673074,0.47147265,-0.04704908
2147,0.54180187,0.08501764,0.0952724,0.067553975,0.44652948,0.017463662
2148,0.35710832,0.024444891,0.077295095,0.05338713,0.27981323,-0.02894224
2149,0.50427836,0.015000441,0.05365767,0.036088508,0.45062068,-0.021088067
2150,0.29227465,0.040170893,0.055917967,0.03999692,0.23635669,0.00017397478
2151,0.29288703,0.01766993,0.041659813,0.029452773,0.25122723,-0.011782844
2152,0.10369154,-0.0021995401,0.057377797,0.038110472,0.046313744,-0.040310014
2153,0.60442406,0.07634146,0.11256098,0.078680746,0.49186307,-0.0023392886
2154,0.2242133,0.011235122,0.01337516,0.008143298,0.21083814,0.0030918233
2155,0.17788874,0.034261998,0.037782844,0.031047871,0.14010589,0.0032141265
2156,0.5350096,0.1089889,0.16423309,0.10709786,0.37077653,0.0018910468
2157,0.47405475,0.046937227,0.05161922,0.03351331,0.42243552,0.013423916
2158,0.4612132,0.07116247,0.084152155,0.05297032,0.37706104,0.01819215
2159,0.3987113,0.05181883,0.068633534,0.04853484,0.33007777,0.0032839887
2160,0.30560073,0.03412087,0.043623704,0.02845375,0.26197702,0.0056671184
2161,0.45364937,0.08435986,0.08251561,0.060985617,0.37113374,0.023374245
2162,0.43621793,0.042075783,0.068836585,0.047165938,0.36738133,-0.0050901547
2163,0.36237627,0.043529864,0.07297575,0.051580366,0.28940052,-0.008050501
2164,0.19815557,-0.002253415,0.028774485,0.017571831,0.16938108,-0.019825246
2165,0.47441497,0.03193473,0.05539523,0.039738346,0.41901976,-0.007803615
2166,0.3664256,0.02958196,0.07199516,0.046902437,0.29443043,-0.017320476
2167,0.26703176,0.06300356,0.08521413,0.059658337,0.18181762,0.003345225
2168,0.29516986,0.028538179,0.037265085,0.027442534,0.25790477,0.0010956451
2169,0.40237692,0.040467314,0.054835092,0.041657306,0.34754184,-0.0011899918
2170,0.33344868,0.031720225,0.061584547,0.043132335,0.27186412,-0.01141211
2171,0.22353818,0.040884204,0.048043285,0.039650004,0.1754949,0.0012341999
2172,0.3293543,-0.014078545,0.031515516,0.020781744,0.29783878,-0.03486029
2173,0.39989716,0.047154527,0.079153575,0.052383408,0.3207436,-0.005228881
2174,0.30209744,0.043267045,0.058434453,0.043139294,0.24366298,0.00012775138
2175,0.50414515,0.056264076,0.110112555,0.07785675,0.3940326,-0.021592673
2176,0.50638556,0.036950447,0.066516854,0.043635458,0.43986872,-0.006685011
2177,0.45213515,0.059369974,0.061189648,0.04016851,0.3909455,0.019201465
2178,0.6662916,0.011040843,0.020484155,0.009974534,0.64580745,0.0010663094
2179,0.4902744,0.022469992,0.058583826,0.037404288,0.43169057,-0.014934296
2180,0.7121027,0.13798316,0.17506681,0.11992325,0.5370359,0.01805991
2181,0.37916836,0.018192403,0.04258243,0.03359102,0.33658594,-0.015398618
2182,0.5865732,0.04447241,0.08748791,0.05631547,0.49908528,-0.011843059
2183,0.34045333,0.008906267,0.045737814,0.032002438,0.29471552,-0.02309617
2184,0.48185566,0.03210602,0.083017305,0.056033034,0.39883834,-0.023927014
2185,0.42650345,0.07507079,0.08749653,0.064098775,0.33900693,0.010972016
2186,0.51014876,0.056306314,0.07755459,0.059017897,0.43259418,-0.002711583
2187,0.21448424,0.010640112,0.042113595,0.026631033,0.17237064,-0.01599092
2188,0.25276384,0.051033523,0.07474495,0.056835126,0.1780189,-0.005801603
2189,0.6140114,0.07474371,0.09235403,0.06580803,0.52165735,0.0089356825
2190,0.5185256,0.06872525,0.07262555,0.057315074,0.44590005,0.011410177
2191,0.5021261,0.042698752,0.064947344,0.051473368,0.43717876,-0.008774616
2192,0.46156627,0.010884725,0.071024545,0.039770156,0.39054173,-0.028885432
2193,0.45337677,0.08972377,0.06647153,0.039057508,0.38690525,0.050666265
2194,0.5788375,0.08853916,0.097786896,0.06344335,0.4810506,0.025095813
2195,0.42557436,0.036630213,0.06729198,0.05028691,0.3582824,-0.013656698
2196,0.21375677,0.07266099,0.074325725,0.054721974,0.13943104,0.017939016
2197,0.3160119,0.047906883,0.0532045,0.042433057,0.2628074,0.005473826
2198,0.11796532,0.06660615,0.03231076,0.028065383,0.08565456,0.038540766
2199,0.10515368,0.041011184,0.030522322,0.018973503,0.074631356,0.022037681
2200,0.19133876,0.023999743,0.03152001,0.021840727,0.15981875,0.0021590162
2201,0.39991894,0.025184276,0.06783558,0.04264464,0.33208337,-0.017460363
2202,0.32265118,0.08528729,0.0958477,0.07200566,0.22680348,0.0132816285
2203,0.40596503,0.018847806,0.048950434,0.03279171,0.3570146,-0.013943905
2204,0.52513206,0.056111857,0.07018085,0.042418867,0.45495123,0.01369299
2205,0.24582183,0.0735405,0.0831521,0.054764252,0.16266973,0.01877625
2206,0.41803858,0.030174956,0.0841198,0.05290788,0.33391878,-0.022732925
2207,0.28610802,0.04294122,0.056986038,0.039427556,0.22912198,0.003513664
2208,0.46188843,0.044792455,0.109867886,0.06920819,0.35202056,-0.024415735
2209,0.3065251,0.040350866,0.045692552,0.032154437,0.26083255,0.008196428
2210,0.49183017,0.03598854,0.06769662,0.050175294,0.42413354,-0.014186755
2211,0.42436552,0.045216873,0.09590274,0.060731724,0.32846278,-0.015514851
2212,0.42781633,0.074981354,0.07813526,0.05013962,0.34968108,0.024841733
2213,0.30613396,0.0236208,0.06837302,0.048857383,0.23776093,-0.025236584
2214,0.40450794,0.055499777,0.058649383,0.04047152,0.34585854,0.015028257
2215,0.31598568,0.03392865,0.05281505,0.036391016,0.26317063,-0.0024623647
2216,0.4342993,0.04554589,0.072629884,0.05602406,0.36166942,-0.010478169
2217,0.39770144,0.027605554,0.057368822,0.034814965,0.34033263,-0.007209411
2218,0.4875028,0.0055152248,0.07791993,0.047778893,0.40958288,-0.042263668
2219,0.24086803,0.06046161,0.07957324,0.06422815,0.16129479,-0.0037665367
2220,0.41826454,0.06616878,0.07467827,0.052745894,0.34358627,0.013422884
2221,0.45943734,0.11685044,0.10274324,0.08037391,0.3566941,0.03647653
2222,0.2859514,0.024888173,0.06024779,0.043003865,0.22570361,-0.018115692
2223,0.3049168,0.006291786,0.061572284,0.03448069,0.24334452,-0.028188905
2224,0.39719045,0.05078718,0.07708175,0.05685641,0.3201087,-0.006069228
2225,0.51698065,0.030847788,0.05708376,0.033235736,0.4598969,-0.0023879483
2226,0.46697992,-0.0016340315,0.032938108,0.0214512,0.4340418,-0.023085231
2227,0.45941254,0.05466229,0.09665951,0.058129754,0.36275303,-0.003467463
2228,0.4002897,0.06916224,0.038523506,0.028145501,0.36176622,0.041016743
2229,0.38334128,0.050063994,0.071037,0.046473622,0.3123043,0.0035903715
2230,0.39881507,0.024144948,0.03610692,0.029043233,0.36270815,-0.0048982855
2231,0.26019785,0.07003313,0.0811602,0.051535286,0.17903765,0.018497847
2232,0.3199015,0.028372258,0.047423657,0.030800777,0.27247784,-0.0024285186
2233,0.40462723,0.026665652,0.046121035,0.031565532,0.3585062,-0.00489988
2234,0.32087597,0.025526857,0.04188192,0.03019895,0.27899405,-0.0046720933
2235,0.3986102,0.04740644,0.04696383,0.031342894,0.35164636,0.016063545
2236,0.21223786,0.040359437,0.045615453,0.0342044,0.16662242,0.0061550364
2237,0.53156084,0.059207834,0.08408023,0.05494119,0.44748062,0.0042666458
2238,0.2549882,0.056774527,0.05565068,0.038090423,0.19933751,0.018684104
2239,0.6075307,0.04368021,0.06954272,0.04427172,0.537988,-0.00059150904
2240,0.537355,0.09128377,0.10714574,0.07955179,0.43020928,0.011731975
2241,0.15387885,-0.0061614956,0.015807038,0.010717806,0.13807182,-0.016879302
2242,0.42333052,0.039023455,0.07231834,0.04581549,0.35101217,-0.006792035
2243,0.4680306,0.060843773,0.087064244,0.06054738,0.38096637,0.00029639155
2244,0.5015509,0.027179984,0.04186578,0.025352357,0.45968515,0.0018276274
2245,0.6428389,0.011521223,0.07240023,0.04827923,0.5704387,-0.036758006
2246,0.37933773,0.052941862,0.055850677,0.03553923,0.32348704,0.017402634
2247,0.41479602,0.031343095,0.032876633,0.020859145,0.38191938,0.01048395
2248,0.5791044,0.042513672,0.06949182,0.047870733,0.5096126,-0.0053570606
2249,0.29254577,0.060572136,0.07269241,0.048331447,0.21985336,0.012240689
2250,0.13216645,0.03218416,0.034389276,0.021859562,0.09777717,0.010324599
2251,0.47443923,0.064451285,0.08640805,0.06188679,0.38803118,0.0025644936
2252,0.49223408,0.122939855,0.18240936,0.12081633,0.3098247,0.0021235272
2253,0.621087,0.03491263,0.056551572,0.04248828,0.56453544,-0.00757565
2254,0.5284263,0.10522823,0.08173194,0.060992565,0.44669434,0.044235665
2255,0.32263142,0.032858435,0.0677772,0.041880865,0.2548542,-0.00902243
2256,0.22448465,0.035853557,0.031849995,0.027260652,0.19263466,0.0085929055
2257,0.17367548,0.036159158,0.040513232,0.025699502,0.13316225,0.010459656
2258,0.34496132,0.053780008,0.07552822,0.049608473,0.26943308,0.0041715354
2259,0.5636863,0.10404774,0.109536685,0.08265168,0.45414963,0.021396056
2260,0.30915666,0.091047324,0.06566605,0.04466914,0.2434906,0.046378184
2261,0.32355517,0.052603867,0.07426598,0.057460986,0.24928918,-0.004857119
2262,0.32615167,0.05441835,0.06805071,0.042371415,0.25810096,0.012046937
2263,0.21410872,0.02972765,0.043424934,0.029177416,0.17068379,0.0005502347
2264,0.2830455,0.03400339,0.04174325,0.031669736,0.24130225,0.002333656
2265,0.5751168,0.065685004,0.07222841,0.051579222,0.5028884,0.014105782
2266,0.6463297,-0.009107984,0.009086793,0.006685755,0.6372429,-0.015793739
2267,0.5023165,0.06888766,0.106152944,0.076398924,0.39616352,-0.0075112656
2268,0.43578377,0.0477361,0.07313669,0.05010084,0.3626471,-0.0023647398
2269,0.37892866,0.038394358,0.0747274,0.04909737,0.30420125,-0.010703012
2270,0.33835584,0.057991676,0.07189467,0.04651548,0.26646116,0.011476196
2271,0.33840254,0.045704976,0.07403303,0.049894243,0.26436952,-0.0041892678
2272,0.32301223,0.048613496,0.067322634,0.04633303,0.2556896,0.0022804663
2273,0.49771148,0.0844525,0.08249248,0.068192646,0.415219,0.016259857
2274,0.41212872,0.045559853,0.06234865,0.044407062,0.34978008,0.0011527911
2275,0.51086026,0.081754945,0.10806405,0.07967803,0.4027962,0.0020769164
2276,0.42077327,0.06990246,0.07865316,0.05065009,0.3421201,0.019252367
2277,0.36410394,0.06324555,0.03980374,0.022817222,0.3243002,0.040428326
2278,0.36745617,0.03859644,0.083151944,0.04243649,0.28430423,-0.0038400516
2279,0.2838392,0.011591211,0.022476776,0.011268076,0.26136243,0.0003231354
2280,0.3879025,0.050120726,0.0999326,0.07038473,0.2879699,-0.020264007
2281,0.4794049,0.07090448,0.121310994,0.076790795,0.35809392,-0.0058863163
2282,0.4513768,0.05779968,0.055739984,0.043202575,0.3956368,0.014597103
2283,0.22935562,0.029055754,0.042656828,0.028526776,0.1866988,0.0005289782
2284,0.12369197,0.036288053,0.061731387,0.04570382,0.06196058,-0.009415768
2285,0.5020743,0.047906585,0.06018238,0.039805286,0.4418919,0.008101299
2286,0.2905325,0.058975827,0.066172816,0.04547611,0.22435969,0.013499718
2287,0.27697316,0.009000399,0.026858026,0.018642927,0.25011513,-0.009642527
2288,0.343683,0.061218683,0.06793561,0.052727137,0.2757474,0.008491546
2289,0.69961464,0.029627858,0.046353787,0.029223697,0.6532608,0.00040416047
2290,0.28219876,0.02887441,0.0530027,0.03873906,0.22919606,-0.009864649
2291,0.31923813,0.05161759,0.071117796,0.055570453,0.24812034,-0.0039528646
2292,0.30829525,0.05239137,0.07562799,0.06092079,0.23266727,-0.008529421
2293,0.44086182,0.092887856,0.106461346,0.073016554,0.33440048,0.019871302
2294,0.35206592,0.08006547,0.060621057,0.049646705,0.29144487,0.030418761
2295,0.27795798,0.07351629,0.05421268,0.039377607,0.2237453,0.03413868
2296,0.39354438,0.02392165,0.063313276,0.042351454,0.3302311,-0.018429805
2297,0.20202833,0.04505917,0.036511578,0.023014044,0.16551676,0.022045126
2298,0.48991248,0.06146901,0.06760554,0.047288634,0.42230695,0.014180377
2299,0.32681057,0.033036545,0.09129718,0.061289903,0.23551339,-0.028253358
2300,0.40086707,0.018444682,0.038419127,0.022502663,0.36244795,-0.004057981
2301,0.3874962,0.008516546,0.054171517,0.041465346,0.33332467,-0.0329488
2302,0.33050522,0.050834384,0.05567481,0.040630795,0.2748304,0.010203589
2303,0.44122013,0.03853722,0.052480217,0.039094426,0.3887399,-0.0005572066
2304,0.59287506,0.057399724,0.08033473,0.058770433,0.51254034,-0.0013707094
2305,0.3815245,0.05264383,0.06291707,0.04337949,0.31860745,0.0092643425
2306,0.6310331,0.056357644,0.10281223,0.075269766,0.5282209,-0.018912122
2307,0.31867978,0.0936057,0.04235927,0.034432217,0.27632052,0.05917348
2308,0.3236965,0.033876184,0.06321737,0.047780503,0.26047912,-0.013904318
2309,0.59824514,-0.008164252,0.009090504,0.005990095,0.58915466,-0.014154347
2310,0.5147742,0.09207195,0.08255091,0.06170688,0.4322233,0.030365072
2311,0.58192337,0.05932936,0.095577165,0.067761645,0.4863462,-0.008432284
2312,0.31672114,0.041326217,0.060702644,0.042846408,0.2560185,-0.0015201904
2313,0.21838892,0.06983116,0.046301227,0.03943186,0.17208768,0.030399304
2314,0.29701686,0.04503704,0.059359938,0.05044772,0.23765692,-0.0054106824
2315,0.51851857,0.089075714,0.1132092,0.09345995,0.40530938,-0.0043842345
2316,0.15332595,0.034065127,0.053908158,0.038647085,0.09941779,-0.004581958
2317,0.4464083,0.037162695,0.055162974,0.03981147,0.39124534,-0.0026487745
2318,0.5704499,0.003645389,0.027307723,0.015625408,0.54314214,-0.011980019
2319,0.3920638,0.053896192,0.07632334,0.060337864,0.31574047,-0.0064416714
2320,0.23762974,0.04385897,0.052901182,0.040724885,0.18472856,0.0031340867
2321,0.19755258,0.0829088,0.08166276,0.058551367,0.11588982,0.024357434
2322,0.3650451,0.042385414,0.06957923,0.049367137,0.2954659,-0.006981723
2323,0.38019422,0.028693961,0.061287303,0.039591365,0.3189069,-0.010897404
2324,0.40046468,0.028961616,0.06692496,0.051622953,0.33353972,-0.022661338
2325,0.42469174,0.013643142,0.04279043,0.027812129,0.3819013,-0.014168987
2326,0.36961818,0.059084333,0.06663062,0.03821842,0.30298758,0.020865913
2327,0.24794532,0.031409077,0.03579916,0.02300533,0.21214616,0.008403748
2328,0.34427726,0.0873766,0.097782984,0.0706597,0.24649428,0.016716905
2329,0.20102772,0.06172267,0.06079669,0.048463084,0.14023103,0.013259586
2330,0.37166756,0.038242154,0.067306586,0.04730676,0.304361,-0.009064607
2331,0.43575644,0.07540165,0.09618768,0.0679735,0.33956876,0.007428147
2332,0.37404987,-0.0013780864,0.017503947,0.010955962,0.35654593,-0.012334049
2333,0.3894631,0.029154152,0.0519371,0.039359335,0.337526,-0.010205183
2334,0.35834172,0.057798345,0.08168213,0.058727335,0.2766596,-0.00092899054
2335,0.32437712,0.05559226,0.07849198,0.05332395,0.24588513,0.0022683106
2336,0.6423258,0.09276789,0.12627964,0.095855914,0.51604617,-0.0030880272
2337,0.3481114,0.12046183,0.085529596,0.061914783,0.2625818,0.058547046
2338,0.1586349,0.033259608,0.07529792,0.05091991,0.08333698,-0.017660301
2339,0.3199726,0.026594263,0.0405816,0.027822478,0.279391,-0.0012282152
2340,0.4141461,0.048671234,0.09012863,0.062354326,0.32401747,-0.013683092
2341,0.16225652,0.015518492,0.052146345,0.030152457,0.11011018,-0.014633965
2342,0.38090172,0.0053155054,0.033621117,0.025373828,0.34728062,-0.020058323
2343,0.44108644,0.10343032,0.08230057,0.055443063,0.35878587,0.04798726
2344,0.57842,0.08084535,0.11209902,0.07202655,0.46632096,0.008818798
2345,0.37235576,0.044155613,0.07444989,0.04519066,0.29790586,-0.0010350458
2346,0.14298423,0.02588841,0.02860245,0.02329347,0.114381775,0.0025949404
2347,0.33728483,0.06557232,0.08531911,0.063041575,0.25196573,0.0025307462
2348,0.5450123,0.02524705,0.041096136,0.026650943,0.50391614,-0.0014038924
2349,0.49911645,0.073753014,0.074927635,0.048192006,0.42418882,0.025561009
2350,0.44702384,0.08726613,0.054884914,0.03960488,0.39213893,0.047661252
2351,0.22099835,0.03430758,0.04792237,0.033102788,0.17307597,0.0012047924
2352,0.32856557,0.046934262,0.044387836,0.02834055,0.28417772,0.018593712
2353,0.454629,0.050361015,0.07056942,0.048009768,0.38405958,0.0023512468
2354,0.3473584,0.077253945,0.09477844,0.061046697,0.25257996,0.016207248
2355,0.40432796,0.015299298,0.044280495,0.029318998,0.36004746,-0.0140197
2356,0.2407863,0.051330913,0.058014773,0.042389795,0.18277153,0.008941118
2357,0.18593767,0.08287291,0.07848176,0.061091095,0.10745591,0.021781817
2358,0.41833398,0.051196612,0.087812774,0.058349825,0.3305212,-0.007153213
2359,0.37891406,0.09182401,0.11724655,0.07995245,0.2616675,0.011871561
2360,0.34071642,0.07142399,0.08088875,0.06152412,0.25982767,0.009899873
2361,0.35873693,0.049213357,0.054442454,0.043474723,0.30429447,0.0057386346
2362,0.18163748,0.0063828626,0.027011845,0.019884627,0.15462564,-0.013501765
2363,0.33374235,0.039923012,0.075675085,0.053539477,0.25806725,-0.013616465
2364,0.33153898,0.05021347,0.08305546,0.057902798,0.24848351,-0.007689327
2365,0.45400342,0.038552754,0.08047298,0.05808199,0.37353045,-0.019529235
2366,0.5018496,0.05795676,0.0811021,0.051647596,0.4207475,0.006309163
2367,0.5096044,0.06358451,0.102220476,0.0629482,0.40738392,0.0006363094
2368,0.24920982,0.100167036,0.03601578,0.03016544,0.21319404,0.070001595
2369,0.5605754,0.11173845,0.14520557,0.10637947,0.41536987,0.005358979
2370,0.19629413,0.015059737,0.038779628,0.029136999,0.1575145,-0.014077262
2371,0.5279174,0.079163805,0.09722175,0.07438231,0.43069565,0.004781492
2372,0.5307803,0.07258718,0.10160663,0.073895164,0.42917368,-0.0013079867
2373,0.4328305,0.04409638,0.06587367,0.042574733,0.36695683,0.001521647
2374,0.40118206,0.09182212,0.09448589,0.06413112,0.30669618,0.027691
2375,0.035473675,0.016547391,0.023252614,0.020875098,0.012221061,-0.004327707
2376,0.39965943,0.052415058,0.06434298,0.047794066,0.33531645,0.0046209916
2377,0.43933514,0.043327328,0.07124776,0.04450927,0.36808738,-0.0011819415
2378,0.6011717,0.06539862,0.107808545,0.076844245,0.49336314,-0.011445627
2379,0.46735415,0.052857496,0.06171116,0.04167996,0.405643,0.011177536
2380,0.56376004,0.062212463,0.0978413,0.06582826,0.46591875,-0.0036157928
2381,0.5269514,-0.007143897,0.015747078,0.010367547,0.5112043,-0.017511444
2382,0.14886853,0.03557034,0.03915427,0.026433792,0.10971426,0.009136546
2383,0.35071427,0.07866417,0.08893457,0.07004728,0.2617797,0.008616887
2384,0.49153668,0.051755432,0.055139173,0.039435364,0.4363975,0.012320068
2385,0.4311194,0.00394225,0.021590209,0.014018898,0.4095292,-0.010076648
2386,0.4243693,0.06640882,0.096328974,0.06794401,0.32804033,-0.0015351921
2387,0.5672273,0.03079353,0.06771015,0.041246753,0.49951714,-0.010453222
2388,0.41521353,0.06854456,0.06556633,0.0497656,0.3496472,0.018778957
2389,0.43544954,0.026690016,0.062630266,0.04384478,0.37281927,-0.017154766
2390,0.3136125,0.053049754,0.051122714,0.039644875,0.26248977,0.01340488
2391,0.19624957,0.00961424,0.031568747,0.022447648,0.16468082,-0.012833407
2392,0.23239908,0.03500012,0.049173594,0.03956699,0.18322548,-0.0045668706
2393,0.28652784,0.02440299,0.036715895,0.026810449,0.24981195,-0.0024074595
2394,0.43262303,0.041190304,0.04342016,0.028894197,0.38920286,0.012296107
2395,0.60305566,0.036842983,0.022921024,0.018085428,0.58013463,0.018757556
2396,0.455498,0.017494526,0.050406028,0.035202567,0.40509197,-0.01770804
2397,0.4217699,0.041739594,0.073905826,0.055300802,0.34786406,-0.013561208
2398,0.31996608,0.085639775,0.10767201,0.080218695,0.21229407,0.0054210797
2399,0.57498944,0.045896932,0.07689539,0.05163349,0.49809405,-0.005736556
2400,0.5232403,0.07606422,0.09048221,0.05406765,0.43275812,0.021996573
2401,0.3397443,0.03497133,0.04951916,0.037303295,0.29022515,-0.0023319647
2402,0.35036838,0.014773907,0.041181754,0.026683042,0.30918664,-0.011909135
2403,0.1980756,0.07453771,0.05646951,0.036644954,0.14160609,0.037892755
2404,0.28367734,0.027286217,0.046717424,0.03325668,0.23695992,-0.005970463
2405,0.40094703,0.04687327,0.06767549,0.04638141,0.33327153,0.00049186125
2406,0.24621166,0.034708876,0.06079078,0.041590933,0.18542089,-0.0068820566
2407,0.16062841,0.036040347,0.041031715,0.031461015,0.11959669,0.0045793317
2408,0.50065476,0.0033078012,0.021812713,0.01466308,0.47884205,-0.011355279
2409,0.36906388,0.057490274,0.06421678,0.04819047,0.30484712,0.0092998035
2410,0.2751937,0.04239463,0.07649657,0.05596943,0.19869712,-0.013574798
2411,0.42543647,0.044580873,0.06266185,0.042195417,0.3627746,0.002385456
2412,0.28431723,0.061917912,0.03040129,0.02470592,0.25391594,0.03721199
2413,0.30170512,0.042889584,0.062304452,0.043890744,0.23940067,-0.0010011606
2414,0.43909663,0.06995154,0.07825016,0.05667542,0.36084646,0.0132761225
2415,0.35853046,0.03805214,0.052583847,0.03894287,0.30594662,-0.0008907281
2416,0.37593138,0.04683316,0.071880125,0.052099586,0.30405125,-0.0052664243
2417,0.42422438,0.041046217,0.073990665,0.05617762,0.3502337,-0.015131403
2418,0.5718296,0.045717023,0.089615844,0.057949983,0.48221377,-0.012232959
2419,0.34170464,0.027635314,0.060554914,0.038034715,0.28114972,-0.010399401
2420,0.49647012,0.045679264,0.08527756,0.06005459,0.41119257,-0.014375325
2421,0.2577914,0.01411307,0.059392132,0.038408507,0.19839928,-0.024295436
2422,0.4147365,0.0038020313,0.025936794,0.01057772,0.38879973,-0.0067756884
2423,0.18555921,0.013942808,0.022289837,0.016775189,0.16326937,-0.002832381
2424,0.27782607,0.020420939,0.03853969,0.025455527,0.23928638,-0.0050345883
2425,0.2479951,0.033610407,0.054518238,0.04198148,0.19347686,-0.008371074
2426,0.54349285,0.06246059,0.08520505,0.06355918,0.4582878,-0.0010985918
2427,0.5022893,0.0768731,0.094824664,0.06342332,0.40746462,0.013449781
2428,0.41435578,0.039387893,0.07694553,0.0553398,0.33741027,-0.015951905
2429,0.3431027,0.058143705,0.09031126,0.05928453,0.25279143,-0.0011408255
2430,0.39489824,0.082060106,0.08087676,0.052354198,0.31402147,0.029705908
2431,0.6427366,0.088036425,0.10916127,0.07863155,0.53357536,0.009404875
2432,0.45102313,0.07318992,0.12084201,0.08466274,0.33018112,-0.011472821
2433,0.28556785,0.032187097,0.057409048,0.039070092,0.2281588,-0.0068829954
2434,0.43126023,0.035494395,0.053509917,0.037031244,0.3777503,-0.0015368499
2435,0.07232757,0.01427416,0.020370929,0.0154216895,0.05195664,-0.0011475291
2436,0.38541466,0.032972965,0.05030496,0.036714926,0.3351097,-0.003741961
2437,0.31304318,0.032022424,0.045731243,0.03314818,0.26731193,-0.0011257567
2438,0.49481013,0.060568925,0.10819605,0.06104343,0.38661408,-0.00047450513
2439,0.33656508,0.052697755,0.07400159,0.055994984,0.2625635,-0.0032972284
2440,0.43540886,0.0966131,0.12262873,0.07617401,0.31278014,0.020439088
2441,0.34056583,0.024422163,0.040431175,0.03139223,0.30013466,-0.0069700684
2442,0.2415243,0.046651926,0.059582554,0.04665235,0.18194175,-4.246831e-07
2443,0.35897762,0.049618315,0.06980156,0.05074462,0.28917605,-0.0011263043
2444,0.45118162,0.053433273,0.08052077,0.06264418,0.37066084,-0.009210911
2445,0.37878788,0.07280805,0.08278046,0.06166814,0.29600742,0.011139911
2446,0.6486741,0.07365686,0.106154375,0.07219809,0.5425197,0.0014587641
2447,0.4424977,0.057342675,0.061712395,0.047697175,0.38078532,0.009645499
2448,0.23101978,0.006999609,0.02074906,0.013207051,0.21027072,-0.006207442
2449,0.45839772,0.0836591,0.092170365,0.06491385,0.36622736,0.018745251
2450,0.13606223,0.073224366,0.032112926,0.021104455,0.10394931,0.05211991
2451,0.5855811,0.091312595,0.12461655,0.08030015,0.46096456,0.011012442
2452,0.15549164,0.017634226,0.01537369,0.008352165,0.14011794,0.009282061
2453,0.64928925,0.030122567,0.047649484,0.03666187,0.60163975,-0.006539304
2454,0.44503546,0.017422196,0.08559197,0.04386387,0.3594435,-0.026441675
2455,0.40346187,0.03239282,0.06055072,0.043226562,0.34291115,-0.010833744
2456,0.32834458,0.0334263,0.0141323265,0.004246163,0.31421226,0.029180136
2457,0.46010464,0.031839132,0.0752245,0.03891318,0.38488016,-0.007074047
2458,0.38591847,0.05401175,0.045999527,0.034962565,0.33991894,0.019049186
2459,0.44600317,0.05501774,0.07362548,0.049668144,0.3723777,0.005349595
2460,0.3983434,0.05253949,0.06337254,0.049941793,0.3349709,0.002597697
2461,0.22108646,0.054464508,0.06170961,0.042262748,0.15937684,0.01220176
2462,0.37985796,0.035284404,0.073978975,0.047280736,0.305879,-0.011996333
2463,0.38564652,0.044785835,0.050309364,0.035228454,0.33533716,0.009557381
2464,0.048792236,0.03648091,0.03696338,0.02164586,0.011828855,0.01483505
2465,0.6240643,0.10282904,0.12529404,0.090726554,0.4987703,0.012102485
2466,0.427097,0.056027483,0.057110775,0.04050669,0.3699862,0.015520792
2467,0.41973415,0.071280695,0.07678415,0.058861848,0.34295,0.0124188475
2468,0.32209003,-0.015743349,0.04360564,0.02548732,0.2784844,-0.04123067
2469,0.34048802,0.042354558,0.048806313,0.0275802,0.2916817,0.014774358
2470,0.50470346,0.050795823,0.07282027,0.05276506,0.4318832,-0.0019692369
2471,0.29006147,0.089358956,0.067028075,0.042650905,0.2230334,0.04670805
2472,0.2174841,0.041201156,0.054197993,0.040799435,0.1632861,0.0004017204
2473,0.52966964,0.090921484,0.1280564,0.0981996,0.40161324,-0.0072781146
2474,0.33202013,0.07775167,0.075698964,0.05758347,0.25632116,0.020168196
2475,0.076357506,0.024993833,0.025545685,0.01957312,0.05081182,0.0054207128
2476,0.4052001,0.03245095,0.054675,0.03951721,0.35052508,-0.0070662573
2477,0.3672461,0.03321271,0.061701745,0.041270494,0.30554435,-0.008057784
2478,0.53592706,0.07780656,0.10956519,0.08141687,0.42636186,-0.0036103055
2479,0.47796172,0.04265497,0.06825846,0.04586721,0.40970325,-0.0032122396
2480,0.46901858,0.062003314,0.06394079,0.0469516,0.4050778,0.015051715
2481,0.25946894,0.03115497,0.034179147,0.024580915,0.22528979,0.006574055
2482,0.37688643,0.060182616,0.07735487,0.054187547,0.29953155,0.0059950687
2483,0.613117,0.03825745,0.06474707,0.047347438,0.5483699,-0.009089988
2484,0.42613152,0.052201517,0.056543693,0.04089899,0.36958784,0.011302527
2485,0.17961784,0.04349143,0.06374954,0.051958174,0.1158683,-0.008466743
2486,0.42453313,0.0931487,0.07912967,0.06106384,0.34540346,0.03208486
2487,0.56023395,0.07515771,0.123403616,0.085257575,0.43683034,-0.0100998655
2488,0.5995984,0.0419886,0.08731998,0.058569655,0.51227844,-0.016581055
2489,0.21875712,0.02513972,0.03838558,0.026420219,0.18037154,-0.0012804996
2490,0.530869,0.07862481,0.11512191,0.0799885,0.4157471,-0.0013636947
2491,0.43672577,0.032067563,0.060766563,0.045245018,0.37595922,-0.0131774545
2492,0.49542663,0.06363574,0.066877656,0.049490463,0.42854896,0.014145274
2493,0.51743376,0.088870265,0.12232897,0.0887974,0.3951048,7.286668e-05
2494,0.4552569,0.036735676,0.06458879,0.043798946,0.39066812,-0.0070632696
2495,0.63928556,0.06540631,0.12540013,0.08547634,0.51388544,-0.020070031
2496,0.5133985,0.06527897,0.044519562,0.02696789,0.46887895,0.03831108
2497,0.22398356,0.04856411,0.039378706,0.028987283,0.18460485,0.019576827
2498,0.34654674,0.0763943,0.08104481,0.059604406,0.26550192,0.01678989
2499,0.5165908,0.05943233,0.09005551,0.06283434,0.42653525,-0.0034020059
2500,0.16802613,0.043565992,0.049651977,0.034735,0.118374154,0.008830991
2501,0.27190965,0.037747033,0.035962157,0.027503252,0.23594749,0.010243781
2502,0.3596831,0.055767506,0.037272856,0.019978872,0.32241023,0.035788633
2503,0.48136434,0.049621325,0.08980806,0.06345976,0.39155626,-0.013838436
2504,0.44697472,0.04880018,0.07102111,0.0489342,0.3759536,-0.00013401732
2505,0.26732993,0.043980323,0.06600795,0.04326001,0.20132199,0.00072031096
2506,0.31277305,0.06795765,0.06692399,0.04439133,0.24584906,0.023566317
2507,0.5744524,0.087675564,0.12178072,0.08744561,0.45267168,0.00022995472
2508,0.21337464,0.027004633,0.07378726,0.040210806,0.13958739,-0.013206173
2509,0.6548872,0.054170918,0.09266001,0.069389775,0.5622272,-0.015218858
2510,0.50436217,0.060741305,0.07443842,0.061805774,0.42992374,-0.0010644682
2511,0.45135632,0.05129472,0.07158831,0.056510005,0.379768,-0.0052152835
2512,0.17119843,0.04424809,0.04676419,0.036661647,0.12443423,0.007586442
2513,0.40059087,0.054887842,0.07579626,0.050882123,0.3247946,0.004005719
2514,0.433867,0.035314135,0.062227007,0.037434626,0.37164,-0.0021204911
2515,0.40509138,-0.009570588,0.019263584,0.010613253,0.38582778,-0.020183843
2516,0.6131818,0.0025367178,0.032550883,0.020425048,0.58063096,-0.01788833
2517,0.33021504,0.038833477,0.046455536,0.03739137,0.2837595,0.0014421083
2518,0.55851734,0.079642765,0.08020255,0.056081172,0.4783148,0.023561593
2519,0.39132014,0.054943424,0.05479337,0.04004467,0.33652678,0.014898755
2520,0.41185376,0.08070151,0.09914043,0.07992439,0.31271333,0.0007771179
2521,0.32146338,0.062173136,0.048344783,0.03071798,0.2731186,0.031455155
2522,0.35028005,0.038452618,0.09703891,0.06050118,0.25324112,-0.022048563
2523,0.1908778,0.06945398,0.04907089,0.02886178,0.1418069,0.040592197
2524,0.54555273,0.0002630547,0.021974893,0.013201231,0.5235778,-0.012938176
2525,0.40600187,0.07300897,0.09210219,0.058221202,0.31389967,0.014787767
2526,0.32899767,0.013347184,0.050610375,0.030037098,0.2783873,-0.016689913
2527,0.3883105,0.09475695,0.093952216,0.075661436,0.29435828,0.019095518
2528,0.44385818,0.0769016,0.07738385,0.061649423,0.36647433,0.015252177
2529,0.43165624,0.04837508,0.09687394,0.0695235,0.3347823,-0.021148417
2530,0.60944444,0.09403101,0.11212607,0.08231285,0.4973184,0.011718161
2531,0.4156003,0.064589486,0.09351677,0.066937074,0.32208353,-0.0023475885
2532,0.24581692,0.057918273,0.069698535,0.048395824,0.17611837,0.009522449
2533,0.51249516,0.014742774,0.05671914,0.034653578,0.45577604,-0.019910805
2534,0.27989376,0.01651998,0.05312861,0.03753312,0.22676514,-0.021013139
2535,0.22256605,0.011057513,0.057004143,0.030730627,0.16556191,-0.019673115
2536,0.5018106,0.028796155,0.060788125,0.039543677,0.4410225,-0.010747522
2537,0.36577615,0.051853172,0.07719125,0.058384202,0.2885849,-0.00653103
2538,0.5355179,0.011506862,0.026794989,0.021944154,0.5087229,-0.010437292
2539,0.5119023,0.05631301,0.0806227,0.05904633,0.43127957,-0.00273332
2540,0.4093412,0.07065558,0.102810614,0.06945954,0.30653057,0.0011960343
2541,0.41507012,0.06173166,0.061314397,0.049074702,0.3537557,0.012656957
2542,0.53125554,0.08973326,0.09559235,0.07146136,0.4356632,0.0182719
2543,0.4464947,0.04048886,0.06721964,0.052230075,0.37927505,-0.0117412135
2544,0.52134323,0.028604575,0.05800714,0.04238988,0.46333608,-0.013785306
2545,0.52625805,0.003752396,0.029024638,0.0147243785,0.49723342,-0.010971982
2546,0.43766558,0.057868883,0.06482098,0.04933691,0.3728446,0.008531973
2547,0.53670555,0.04324129,0.055522524,0.042832173,0.48118302,0.0004091151
2548,0.39359874,0.049328372,0.062118858,0.04260709,0.33147988,0.0067212805
2549,0.21593499,0.07099579,0.045070395,0.030539216,0.1708646,0.040456578
2550,0.5595315,0.045048628,0.07960604,0.058517285,0.47992545,-0.013468657
2551,0.30768174,0.021953354,0.05069068,0.031987965,0.25699106,-0.010034611
2552,0.25448382,0.038235437,0.035345115,0.021551736,0.21913871,0.016683701
2553,0.48696294,0.05295664,0.08599329,0.051061235,0.40096965,0.0018954054
2554,0.62821865,0.07828868,0.109231375,0.07040922,0.5189873,0.007879458
2555,0.39304706,0.058520712,0.075256355,0.04893929,0.31779072,0.009581421
2556,0.52701175,0.02751419,0.054364204,0.038672563,0.47264755,-0.011158373
2557,0.32679978,0.04312172,0.046647433,0.034633916,0.28015235,0.008487806
2558,0.44683057,0.054954834,0.09244298,0.06758842,0.35438758,-0.012633584
2559,0.3799277,0.052607007,0.08158968,0.061027538,0.29833803,-0.008420531
