feature_idx,seq_effect_obs,struct_effect_obs,seq_effect_shuffle,struct_effect_shuffle,seq_delta,struct_delta
0,1.1701418,0.40032312,0.58719724,0.38350385,0.5829446,0.016819268
1,0.29951844,0.13308895,0.15847294,0.11410324,0.1410455,0.018985704
2,0.19601248,0.087904304,0.08653605,0.064889185,0.10947643,0.02301512
3,1.6357726,0.40871024,0.5645302,0.40102974,1.0712423,0.0076805055
4,2.2560654,0.744821,0.884298,0.6370958,1.3717673,0.1077252
5,1.0558857,0.41439283,0.5535159,0.40347093,0.50236976,0.0109218955
6,0.089666285,0.069997735,0.06609216,0.056183707,0.023574121,0.013814028
7,1.4361793,0.5717011,0.66362864,0.5211417,0.77255064,0.0505594
8,0.11605685,0.09713836,0.0768343,0.065930724,0.039222553,0.031207636
9,0.16828802,0.053191464,0.065345034,0.04975115,0.10294299,0.003440313
10,1.0968695,0.49066812,0.5223998,0.35369855,0.5744697,0.13696957
11,3.4185572,1.2160816,1.2108469,0.8271144,2.2077103,0.38896722
12,2.151722,0.7882548,0.8839526,0.63954103,1.2677693,0.14871377
13,2.3035789,0.85337716,1.0972407,0.79073316,1.2063382,0.062644005
14,0.8855229,0.37597743,0.54300684,0.37208083,0.34251606,0.003896594
15,0.24739963,0.19568354,0.15058467,0.10948636,0.09681496,0.08619718
16,0.57844704,0.21427503,0.2630844,0.1837593,0.31536263,0.03051573
17,0.13122243,0.14389199,0.0835971,0.054189287,0.047625326,0.0897027
18,1.5621312,0.5993696,0.8302187,0.5776909,0.7319125,0.021678686
19,1.4853468,0.8080928,1.0158036,0.7764417,0.46954322,0.03165108
20,2.06482,0.9461032,1.1228449,0.8447315,0.9419751,0.101371706
21,1.2538058,0.53156835,0.7270179,0.54469204,0.5267879,-0.013123691
22,1.166767,0.39386338,0.5809943,0.42158228,0.5857727,-0.027718902
23,0.115656845,0.03886694,0.0774911,0.055668432,0.038165748,-0.016801491
24,0.94328266,0.24448118,0.35431942,0.24886432,0.58896327,-0.0043831468
25,0.07171444,0.01983689,0.04732189,0.03108468,0.024392549,-0.011247791
26,0.44943503,0.08578379,0.19167992,0.1111125,0.2577551,-0.02532871
27,0.41040686,0.22819807,0.232307,0.14795065,0.17809986,0.08024742
28,2.3733923,0.8787029,0.8959397,0.70030344,1.4774526,0.17839944
29,0.2033288,0.12131242,0.11955321,0.09657534,0.083775595,0.024737075
30,0.1950189,0.07934288,0.11667206,0.085996255,0.07834684,-0.006653376
31,0.051060673,0.10749141,0.057318162,0.03490917,-0.0062574893,0.072582245
32,0.037928972,-0.012452482,0.045134984,0.027897606,-0.0072060116,-0.040350087
33,1.5301436,0.61469245,0.8340599,0.6256746,0.6960837,-0.010982156
34,0.9957504,0.4258764,0.5504509,0.3815509,0.4452995,0.0443255
35,1.1814314,0.38968122,0.53751826,0.37777528,0.64391315,0.011905938
36,0.24976838,0.089643046,0.11806109,0.07339142,0.13170728,0.016251624
37,0.2688438,0.103440784,0.10784878,0.073863454,0.16099502,0.02957733
38,1.858637,0.75302434,0.86281717,0.652493,0.9958198,0.10053134
39,2.1629095,0.611651,0.8169166,0.5655539,1.3459929,0.0460971
40,1.9292184,0.71448416,0.9196107,0.62823236,1.0096078,0.086251795
41,2.6515791,0.983185,1.0524337,0.76515496,1.5991454,0.21803004
42,0.33799443,0.15500133,0.18798442,0.14727968,0.15001,0.0077216476
43,0.10114854,0.060153447,0.08823901,0.077312276,0.012909532,-0.017158829
44,1.8611506,0.37981293,0.5096672,0.34335732,1.3514833,0.0364556
45,1.5725802,0.75420964,0.8485012,0.60990095,0.724079,0.14430869
46,0.124253854,0.09117895,0.06737034,0.051524393,0.056883514,0.03965456
47,0.18101269,0.074021615,0.09539118,0.07095925,0.08562151,0.0030623674
48,1.0463989,0.38835326,0.47757426,0.33391374,0.56882465,0.054439515
49,1.0675104,0.4532056,0.6120152,0.40200686,0.45549518,0.05119872
50,0.23207077,0.205772,0.14393625,0.09976349,0.08813453,0.10600851
51,0.16336034,0.095421314,0.09601325,0.058786225,0.067347094,0.03663509
52,0.1820911,0.00037873274,0.08501171,0.050598968,0.09707939,-0.050220236
53,1.5655034,0.3701629,0.53611106,0.3786169,1.0293922,-0.008453995
54,1.130596,0.4411093,0.6104903,0.42619976,0.5201057,0.014909536
55,1.0155994,0.5178917,0.56856537,0.39651138,0.447034,0.12138033
56,2.7641509,0.90903306,1.0922483,0.80362254,1.6719025,0.105410516
57,0.7485694,0.27259395,0.39502183,0.2641955,0.3535476,0.008398443
58,0.3004646,0.14242597,0.16124122,0.121333525,0.13922338,0.021092445
59,1.9929076,0.60064363,0.6356937,0.4549984,1.357214,0.14564523
60,0.41643366,0.2234508,0.21745539,0.14935076,0.19897828,0.07410003
61,0.20507133,0.06679811,0.13818514,0.11411478,0.06688619,-0.04731667
62,1.4211575,0.49601734,0.6054777,0.44942492,0.8156798,0.046592414
63,0.5359426,0.17817253,0.2687633,0.18512373,0.2671793,-0.006951198
64,0.7193782,0.34562242,0.32970405,0.2410374,0.38967413,0.10458502
65,0.2782457,0.11301127,0.100892045,0.073704794,0.17735365,0.039306477
66,1.6571294,0.56323105,0.6524749,0.48963267,1.0046545,0.073598385
67,0.5365358,0.26862758,0.28850812,0.19720991,0.24802768,0.071417674
68,0.22234423,0.086112164,0.09676644,0.07055096,0.12557779,0.015561201
69,-0.0046269493,0.13106465,0.025568109,0.014627786,-0.030195057,0.11643687
70,0.10956122,0.02530656,0.03461247,0.019594643,0.07494875,0.005711917
71,-0.001974384,0.16019586,0.038468976,0.025424063,-0.04044336,0.1347718
72,0.22702923,0.0707051,0.14860769,0.1127545,0.07842155,-0.0420494
73,0.09365342,0.0054536047,0.08593901,0.05064438,0.0077144057,-0.045190774
74,1.0935812,0.47750914,0.5052884,0.37845916,0.5882928,0.099049985
75,0.109953925,0.05660482,0.056454323,0.03998235,0.0534996,0.016622473
76,0.8573723,0.47809747,0.50099397,0.3851811,0.35637832,0.09291637
77,1.9938657,0.9469925,1.0713533,0.8154669,0.9225124,0.13152564
78,0.31781322,0.13725571,0.14459808,0.09907884,0.17321514,0.03817687
79,1.1394027,0.5783739,0.8192962,0.5942911,0.32010657,-0.015917182
80,0.035393503,0.14928533,0.046273097,0.037602417,-0.010879595,0.111682914
81,0.0848685,0.022083618,0.04882463,0.03122287,0.036043867,-0.009139253
82,0.21949513,0.021561181,0.11856749,0.072164774,0.10092764,-0.05060359
83,0.11026846,0.046818916,0.057389457,0.039968178,0.052879002,0.006850738
84,0.30345342,0.111858785,0.105661646,0.08599979,0.19779177,0.025858998
85,0.4096403,0.2992192,0.2556947,0.18144418,0.15394562,0.11777501
86,0.54861075,0.205684,0.25480002,0.17981641,0.29381073,0.025867596
87,1.3425598,0.5177843,0.65152705,0.47730097,0.69103277,0.040483326
88,0.4909122,0.29322463,0.31071693,0.19764052,0.18019527,0.09558411
89,1.2529888,0.5351733,0.6433517,0.4684786,0.60963714,0.06669471
90,0.22479501,0.09756591,0.08944258,0.067390844,0.13535243,0.030175067
91,-0.018727342,0.12620342,0.017956283,0.007523426,-0.036683626,0.11867999
92,0.7568785,0.23498282,0.4793945,0.30915904,0.277484,-0.07417622
93,0.44462565,0.19606332,0.23326814,0.16579635,0.2113575,0.03026697
94,0.4990101,0.3565704,0.3566288,0.24861488,0.14238128,0.107955515
95,0.79493684,0.29530856,0.29570842,0.20677988,0.49922842,0.08852868
96,1.9794471,0.8370785,0.98353004,0.7297976,0.9959171,0.10728091
97,0.9412558,0.48840797,0.5928222,0.4511102,0.3484336,0.037297755
98,0.35656098,0.19577023,0.2328836,0.17566949,0.12367737,0.020100743
99,0.9053366,0.29475906,0.35234886,0.24907169,0.55298775,0.045687377
100,0.30679548,0.1306628,0.19951288,0.15476128,0.107282594,-0.024098486
101,0.8976572,0.2830697,0.4298057,0.31288856,0.46785152,-0.029818863
102,0.085341185,-0.008785465,0.06929055,0.044137653,0.016050637,-0.052923117
103,0.90439135,0.34353834,0.45700464,0.33208194,0.4473867,0.0114564
104,1.3841345,0.37241623,0.5242628,0.3664332,0.85987175,0.005983025
105,0.15125775,0.0032006714,0.07908611,0.040468276,0.07217164,-0.037267603
106,0.18863544,0.08067408,0.113557436,0.08425529,0.075078,-0.003581211
107,2.1844277,0.95587325,1.1778371,0.8459207,1.0065906,0.10995257
108,0.045841634,0.03884949,0.02600125,0.016803814,0.019840384,0.022045678
109,1.0982277,0.41325217,0.53338784,0.34804326,0.5648399,0.06520891
110,0.14362516,0.03658808,0.082557455,0.056333028,0.0610677,-0.019744948
111,1.6031786,0.6700079,0.7136928,0.5046755,0.88948584,0.16533238
112,1.0713161,0.54439163,0.67137223,0.51481014,0.3999439,0.029581487
113,3.1037495,0.81029487,1.0015681,0.7230771,2.1021814,0.08721775
114,1.8408675,0.7848667,1.1069286,0.77398956,0.73393893,0.010877132
115,1.5252264,0.51253,0.5959197,0.4316998,0.9293066,0.08083022
116,2.9876425,1.0302273,1.4582843,1.1036022,1.5293583,-0.07337487
117,0.27755156,0.05049439,0.1210073,0.08259298,0.15654427,-0.032098588
118,0.2020655,0.11618972,0.13237569,0.094424404,0.06968981,0.021765314
119,0.7791007,0.29082254,0.35075918,0.24202895,0.42834154,0.048793584
120,0.44351974,0.18378618,0.22827008,0.1621176,0.21524966,0.021668583
121,0.17041773,0.1864566,0.13932472,0.101802625,0.031093001,0.08465398
122,0.115972675,0.07913586,0.07016258,0.05569005,0.045810096,0.023445807
123,0.8069718,0.31377634,0.41466528,0.28379458,0.3923065,0.029981762
124,0.45296416,0.22815087,0.27723128,0.19919395,0.17573288,0.02895692
125,0.014582339,0.15143444,0.045401562,0.027924487,-0.030819222,0.12350995
126,0.32197452,0.13502614,0.17790537,0.14074603,0.14406915,-0.005719885
127,2.0370903,0.77546954,0.9040187,0.6927687,1.1330717,0.08270085
128,1.2158984,0.67085224,0.7383217,0.55890834,0.47757667,0.1119439
129,1.0557325,0.5593608,0.7293251,0.5428418,0.32640737,0.01651901
130,0.01633793,0.15321352,0.018357815,0.010103279,-0.002019886,0.14311023
131,0.4010005,0.16938977,0.22763781,0.16756955,0.17336269,0.0018202215
132,1.3037745,0.48449996,0.6248994,0.4163859,0.6788751,0.06811407
133,0.19315338,0.03993133,0.067631945,0.0468392,0.12552144,-0.006907869
134,0.20295404,0.06310566,0.11668833,0.08988506,0.086265706,-0.026779406
135,0.43731537,0.22866489,0.26225212,0.18943644,0.17506325,0.039228454
136,0.55558145,0.3562878,0.32898587,0.25529426,0.22659558,0.100993544
137,0.5929385,0.25504962,0.3279369,0.22964993,0.2650016,0.025399685
138,1.2425649,0.4738047,0.63022286,0.44274512,0.61234206,0.031059593
139,1.6080128,0.57344764,0.71437824,0.54425246,0.89363456,0.02919519
140,1.4118178,0.48508257,0.5820681,0.4362424,0.8297497,0.048840165
141,1.1959351,0.35258234,0.50987625,0.34815535,0.6860589,0.004426986
142,1.1762156,0.6664857,0.7382758,0.53880894,0.43793982,0.12767678
143,0.26652113,0.13824642,0.15846014,0.10826559,0.108060986,0.029980823
144,1.752696,0.75699204,0.81798106,0.60244715,0.934715,0.15454489
145,1.3570665,0.56705135,0.6545784,0.50519496,0.7024881,0.06185639
146,0.19271319,0.10207666,0.14588821,0.11812414,0.046824977,-0.016047485
147,0.2552894,0.09004222,0.15590861,0.10778353,0.09938079,-0.017741315
148,2.1278608,0.797529,0.90051585,0.67541975,1.227345,0.122109234
149,0.3327339,0.18667199,0.23481417,0.17938766,0.09791973,0.0072843283
150,0.7436022,0.40776607,0.4852044,0.37172788,0.25839782,0.03603819
151,1.2656211,0.48444298,0.6461222,0.43982378,0.61949885,0.044619203
152,0.21721862,0.040549725,0.10158269,0.06671642,0.11563593,-0.026166692
153,0.22113807,0.06265711,0.11867307,0.081576936,0.102465004,-0.018919826
154,0.12844555,0.06515115,0.08886317,0.06425471,0.03958238,0.00089643896
155,0.21829318,0.11254879,0.11542396,0.08894249,0.10286921,0.0236063
156,1.3883141,0.61011934,0.7253087,0.5619922,0.6630054,0.048127115
157,0.20505358,0.026830912,0.11230739,0.082640976,0.09274619,-0.055810064
158,1.8068798,0.7263842,0.84032124,0.63756114,0.9665585,0.08882308
159,0.2065141,0.06127307,0.1373786,0.09337979,0.0691355,-0.03210672
160,0.4619605,0.30075702,0.30467784,0.2273273,0.15728265,0.07342972
161,0.029594999,0.14419886,0.049198758,0.026666516,-0.019603759,0.11753235
162,0.34716377,0.1553,0.17449978,0.13686351,0.17266399,0.018436491
163,0.81696534,0.28577402,0.52229035,0.32849222,0.294675,-0.042718202
164,1.1482205,0.3718027,0.53610355,0.382483,0.612117,-0.010680318
165,0.40520707,0.1667924,0.24941258,0.18042967,0.15579449,-0.0136372745
166,1.2412325,0.5745868,0.70362794,0.5168818,0.5376046,0.057704985
167,0.9549872,0.5184942,0.584411,0.4213977,0.3705762,0.0970965
168,1.0599135,0.51959455,0.70616376,0.507872,0.35374975,0.011722565
169,1.5475831,0.47131804,0.6141896,0.4270718,0.9333935,0.044246227
170,0.7183239,0.25740507,0.34199637,0.24424715,0.3763275,0.013157919
171,1.7743456,0.5367823,0.5721134,0.4093061,1.2022322,0.12747622
172,0.45588085,0.176528,0.23400943,0.16988984,0.22187142,0.0066381693
173,0.17286885,0.14863858,0.12623839,0.094854064,0.046630457,0.053784512
174,0.6612863,0.31361836,0.40045053,0.30402324,0.26083577,0.009595126
175,0.2709202,0.19691753,0.16582656,0.13105093,0.10509363,0.065866604
176,0.6257833,0.28987214,0.38411313,0.24736519,0.24167019,0.042506948
177,1.5093776,0.48986343,0.569245,0.37224835,0.9401326,0.117615074
178,0.8556958,0.2179299,0.37863636,0.26132274,0.47705942,-0.043392837
179,1.5080208,0.42788184,0.6678866,0.42034268,0.84013414,0.007539153
180,0.32440197,0.17117083,0.15200059,0.10401291,0.17240138,0.067157924
181,0.91661954,0.41398385,0.5323214,0.38754922,0.38429815,0.02643463
182,1.0670571,0.39673,0.612743,0.43095684,0.4543141,-0.034226835
183,0.23604357,0.1178913,0.10305212,0.07225011,0.13299146,0.045641184
184,1.4045786,0.574039,0.71384686,0.49472195,0.6907317,0.07931703
185,1.268402,0.39918318,0.48732346,0.3610715,0.7810785,0.038111687
186,1.158956,0.52031785,0.7010441,0.48967624,0.45791197,0.030641615
187,1.1317829,0.1836582,0.25920433,0.18267213,0.87257856,0.0009860694
188,0.070531994,0.011627158,0.03933918,0.028960872,0.031192813,-0.017333714
189,2.059736,0.6730871,0.9452168,0.6441203,1.1145192,0.028966844
190,0.9688541,0.3480244,0.4303307,0.2976698,0.53852344,0.0503546
191,0.11972017,0.022966275,0.07110049,0.047179267,0.04861968,-0.024212992
192,0.18119578,0.1257321,0.13027282,0.10490338,0.05092296,0.020828716
193,0.20158774,0.15645593,0.11196681,0.08334415,0.089620925,0.07311179
194,1.5276498,0.5295729,0.69265544,0.4818705,0.8349943,0.047702402
195,1.629343,0.62625813,0.74642336,0.53363514,0.88291967,0.092622995
196,0.77057487,0.35792837,0.526962,0.37084454,0.24361289,-0.0129161775
197,1.8540624,0.7586199,0.801159,0.6232388,1.0529034,0.1353811
198,2.3333085,0.75560033,0.9691523,0.70095545,1.3641562,0.054644883
199,2.026074,0.61112225,0.7614673,0.51530033,1.2646067,0.09582192
200,2.0421736,0.7239626,0.9970032,0.6857891,1.0451704,0.038173497
201,3.3940542,0.6993931,1.1150191,0.69363064,2.279035,0.005762458
202,2.7649338,0.8152578,1.1353571,0.7493431,1.6295767,0.06591469
203,0.5915131,0.32504585,0.35539335,0.273204,0.23611975,0.051841855
204,0.49774772,0.22927448,0.2685386,0.19483514,0.22920913,0.03443934
205,1.4852136,0.64669204,0.6973119,0.50606626,0.78790176,0.14062577
206,0.1424738,0.08619131,0.07921063,0.063687235,0.06326317,0.022504076
207,0.34755138,0.19785848,0.1971766,0.13049096,0.15037477,0.067367524
208,3.116032,1.3207933,1.3390183,0.9411232,1.7770135,0.37967008
209,0.3926446,0.15092358,0.21170321,0.15052183,0.1809414,0.0004017502
210,0.7066905,0.27060848,0.3402165,0.2415824,0.366474,0.029026091
211,0.24491186,0.1464448,0.1511559,0.110312045,0.09375596,0.036132753
212,0.14412618,0.033320025,0.10330522,0.073953375,0.040820956,-0.04063335
213,2.8371274,1.0700648,1.2752508,0.9084673,1.5618767,0.16159749
214,0.3825933,0.1258597,0.24519607,0.17062524,0.13739723,-0.044765547
215,0.1723506,0.03077295,0.091268405,0.053222843,0.081082195,-0.022449892
216,1.0637639,0.18962608,0.30439377,0.20803893,0.7593701,-0.018412843
217,0.82509047,0.37865785,0.49912414,0.3660889,0.32596633,0.012568951
218,1.264829,0.45550564,0.64913183,0.46503526,0.6156972,-0.00952962
219,0.7881742,0.22459562,0.32867533,0.22212346,0.45949888,0.0024721622
220,0.16852812,0.058882866,0.07214166,0.05106579,0.09638646,0.007817075
221,1.1539652,0.34798464,0.4817109,0.31351665,0.6722543,0.034467995
222,1.3336163,0.64198107,0.80892164,0.6276125,0.5246946,0.014368594
223,2.0297117,0.6666006,0.8265339,0.5953716,1.2031778,0.07122898
224,0.21487959,0.082027026,0.13302559,0.1010669,0.081854,-0.019039877
225,0.8925046,0.3978051,0.58729446,0.4199347,0.3052101,-0.022129595
226,3.6376119,0.9913346,1.0576935,0.7405365,2.5799184,0.2507981
227,0.27526364,0.15219219,0.13639264,0.108433105,0.138871,0.043759085
228,1.5262388,0.7157105,0.7200114,0.51957875,0.8062274,0.19613177
229,0.60855925,0.27650645,0.3880868,0.26258352,0.22047246,0.01392293
230,2.0254292,0.5942459,0.757635,0.5074667,1.2677943,0.08677924
231,1.100764,0.7093684,0.71346295,0.55791813,0.3873011,0.15145028
232,1.2027168,0.5301593,0.5964805,0.43296733,0.60623634,0.09719196
233,0.14002989,0.10060487,0.06392213,0.04211621,0.07610776,0.05848866
234,0.2592298,0.19029482,0.10738702,0.06555031,0.15184279,0.124744505
235,1.8004189,0.56639147,0.72091234,0.51053834,1.0795065,0.05585313
236,0.38246217,0.17709418,0.21187842,0.15499833,0.17058375,0.022095844
237,2.710231,0.5705198,0.7351807,0.50352705,1.9750504,0.06699276
238,1.7853612,0.7253245,1.0127523,0.6868205,0.7726089,0.038504004
239,0.8195067,0.24760227,0.35992932,0.24200408,0.45957738,0.0055981874
240,1.1361121,0.5478349,0.7137797,0.49204034,0.4223324,0.055794537
241,2.435616,0.56250966,0.794332,0.54837877,1.641284,0.01413089
242,2.8447237,0.92384917,1.3245342,0.94256747,1.5201895,-0.018718302
243,0.22296138,0.12188482,0.119059704,0.09143163,0.10390168,0.03045319
244,0.11222071,0.0670193,0.06589623,0.049423702,0.046324484,0.017595597
245,0.17337485,0.0879263,0.07899575,0.05711015,0.0943791,0.030816149
246,0.14065129,0.2282311,0.12320693,0.0821216,0.017444357,0.14610949
247,0.14930737,0.07344638,0.08024447,0.055762313,0.0690629,0.017684065
248,0.6930476,0.25211763,0.31741172,0.21818808,0.37563586,0.033929557
249,0.13451299,0.085346274,0.0752941,0.057721764,0.05921889,0.02762451
250,1.9741564,0.6526517,0.7820207,0.53316534,1.1921357,0.11948639
251,3.4992166,1.1493354,1.518634,1.0319278,1.9805826,0.11740756
252,0.29394028,0.12808941,0.17490368,0.13316956,0.1190366,-0.0050801486
253,1.0173861,0.38168395,0.44418907,0.3181447,0.573197,0.06353924
254,0.27046752,0.17039622,0.16570668,0.12950544,0.10476084,0.040890783
255,0.20278561,0.04666807,0.114505336,0.07729592,0.088280275,-0.03062785
256,0.08981424,0.018837932,0.06946458,0.050599456,0.020349659,-0.031761523
257,2.0939968,0.8914469,1.1345667,0.8406784,0.9594301,0.050768495
258,0.865394,0.4307059,0.5659672,0.4100233,0.2994268,0.020682603
259,0.34595925,0.11223097,0.19993463,0.13171633,0.14602461,-0.019485354
260,0.11267198,0.04359183,0.06679423,0.046164535,0.045877747,-0.002572704
261,0.018212173,0.029042425,0.025138548,0.02135142,-0.0069263745,0.0076910052
262,0.97089374,0.47766283,0.46209735,0.35325712,0.5087964,0.12440571
263,0.14708583,0.07903858,0.085091755,0.0660974,0.061994076,0.012941182
264,0.37850463,0.13566664,0.17705317,0.13465472,0.20145147,0.001011923
265,0.05804141,0.14091294,0.054923452,0.03353269,0.0031179562,0.10738024
266,0.15698501,0.09135801,0.09955519,0.07293036,0.057429828,0.018427655
267,1.267567,0.5963765,0.7994733,0.5485076,0.46809375,0.047868907
268,0.20657171,0.14743811,0.14228858,0.10960631,0.06428313,0.0378318
269,0.38310722,0.25065038,0.23975202,0.17271033,0.14335519,0.07794005
270,1.2528752,0.41440082,0.5785061,0.39648718,0.6743691,0.01791364
271,1.2288271,0.55947363,0.67393684,0.5007866,0.5548903,0.05868703
272,2.6446128,1.1386621,1.3775258,1.0295798,1.267087,0.10908234
273,1.4721967,0.42793268,0.61838853,0.444767,0.85380816,-0.016834319
274,0.29054695,0.11123872,0.13619,0.101839684,0.15435696,0.009399034
275,0.19387569,0.08704621,0.09842428,0.08154966,0.09545141,0.005496554
276,0.98566973,0.4414525,0.57339966,0.4232394,0.41227007,0.018213093
277,1.4744647,0.4239916,0.5343696,0.39263064,0.94009507,0.031360954
278,0.5774827,0.23987979,0.311145,0.20818432,0.2663377,0.03169547
279,0.41291273,0.17575526,0.19041494,0.12069044,0.22249779,0.05506482
280,0.5117511,0.3749138,0.36927563,0.28977132,0.14247549,0.08514249
281,0.65065986,0.3519474,0.38873777,0.2897187,0.2619221,0.06222871
282,0.9014126,0.49722895,0.5088341,0.38629454,0.39257848,0.11093441
283,1.5139879,0.6612436,0.82985723,0.601181,0.68413067,0.060062647
284,1.3635585,0.42892453,0.6453494,0.45912036,0.71820915,-0.030195832
285,1.8636624,0.7218004,0.9275402,0.64418054,0.9361222,0.07761985
286,1.1070423,0.5257448,0.52025455,0.37579712,0.58678776,0.14994767
287,0.108490385,0.03223436,0.060243376,0.035158142,0.04824701,-0.002923783
288,1.4165593,0.45612022,0.76602054,0.4877542,0.6505388,-0.031633973
289,0.22564861,0.09320445,0.13792543,0.09154932,0.08772318,0.0016551316
290,0.51070386,0.17782761,0.22771247,0.15960567,0.2829914,0.018221945
291,0.89948416,0.41724965,0.50765264,0.37803537,0.39183152,0.039214283
292,2.7061963,0.8298114,1.15647,0.7635086,1.5497264,0.06630278
293,0.4783401,0.21783735,0.24350806,0.18447006,0.23483203,0.03336729
294,0.4894878,0.21054487,0.22015774,0.16028638,0.26933005,0.050258487
295,1.1482778,0.4185735,0.5706326,0.39784446,0.5776452,0.020729035
296,0.1677839,0.07468696,0.09411996,0.06581095,0.07366394,0.008876011
297,0.15852155,0.041077673,0.10642944,0.080523126,0.052092105,-0.039445452
298,0.8877271,0.34587628,0.48194137,0.3314849,0.4057857,0.014391363
299,0.10126606,-0.0066929497,0.06529967,0.036319625,0.03596639,-0.043012574
300,0.3184567,0.1530757,0.15977556,0.115162015,0.15868115,0.03791368
301,1.5625701,0.82142985,1.0154258,0.76518905,0.5471443,0.056240797
302,0.57654935,0.23293899,0.27778298,0.19200738,0.29876637,0.040931612
303,0.055743042,0.11628298,0.051149987,0.02816156,0.0045930557,0.088121414
304,1.0863345,0.47608927,0.58837426,0.43306917,0.4979602,0.0430201
305,1.6170646,0.56838995,0.81440324,0.57146835,0.80266136,-0.003078401
306,0.7672114,0.3693893,0.49584657,0.3719055,0.2713648,-0.00251621
307,1.8100945,0.61786544,0.74532205,0.5481505,1.0647724,0.06971496
308,1.1821352,0.54197997,0.66626894,0.48946112,0.5158663,0.052518845
309,2.1591983,0.8692108,1.1220592,0.76052636,1.037139,0.10868442
310,1.1101967,0.48442516,0.64265645,0.4436094,0.46754026,0.04081577
311,0.8738618,0.4608946,0.57452685,0.4155403,0.29933494,0.045354307
312,1.3218182,0.3175693,0.48015016,0.31580263,0.84166807,0.0017666519
313,0.19582944,0.077908605,0.09541856,0.07400774,0.10041088,0.0039008632
314,0.7574506,0.33499315,0.41843757,0.30575714,0.339013,0.029236019
315,1.5514822,0.5584559,0.65443933,0.44082564,0.8970429,0.11763024
316,0.09780857,-0.0006125172,0.05086541,0.03077442,0.046943158,-0.031386938
317,1.1914114,0.58703434,0.62776375,0.47670484,0.5636476,0.11032951
318,1.9394705,0.6605322,0.81528604,0.572981,1.1241845,0.08755118
319,1.3402929,0.55705446,0.6800923,0.49401826,0.66020066,0.0630362
320,0.939632,0.51228356,0.59878135,0.44150853,0.34085065,0.07077503
321,0.89575046,0.39519143,0.54137814,0.39865643,0.35437232,-0.0034649968
322,0.06275107,0.04124747,0.03441453,0.028416868,0.02833654,0.0128306
323,0.5584357,0.21255802,0.27628842,0.19679992,0.28214726,0.015758097
324,0.09445503,0.15726207,0.06323368,0.04907887,0.031221353,0.108183205
325,1.9893504,0.60136914,0.5537014,0.38682705,1.435649,0.21454209
326,2.2873898,0.99206305,1.2570057,0.88906705,1.0303841,0.10299599
327,0.9480657,0.39013773,0.55384576,0.36527386,0.39421993,0.024863869
328,1.0353875,0.49637422,0.619973,0.44072184,0.4154145,0.05565238
329,0.43176326,0.16104774,0.18416567,0.131859,0.24759759,0.029188737
330,0.12094049,0.15008067,0.07422517,0.056354005,0.04671532,0.093726665
331,2.4178276,0.8586388,1.0928762,0.676721,1.3249514,0.18191785
332,0.4583359,0.18773551,0.22393635,0.15924995,0.23439956,0.028485566
333,0.122125775,0.039161615,0.06237647,0.049534425,0.059749305,-0.01037281
334,0.68694186,0.3472737,0.4677661,0.34624404,0.21917576,0.0010296702
335,1.770584,0.71768117,1.017166,0.6610477,0.75341797,0.056633472
336,0.32559773,0.15300521,0.17187099,0.12874444,0.15372674,0.024260774
337,0.198615,0.21600814,0.11670625,0.089608446,0.08190875,0.1263997
338,0.17130214,0.10657164,0.09577249,0.072508715,0.07552965,0.034062922
339,1.3988425,0.582508,0.6168709,0.46120754,0.7819716,0.12130049
340,1.2178202,0.40574998,0.6623623,0.396896,0.5554579,0.008853972
341,1.100544,0.3996681,0.54194087,0.39339858,0.5586031,0.0062695146
342,0.4315858,0.19120942,0.23502603,0.17949179,0.19655976,0.011717632
343,0.20933463,0.06426077,0.104753196,0.06766816,0.10458143,-0.003407389
344,0.83904266,0.3561952,0.4039569,0.27665114,0.43508577,0.07954407
345,0.87112814,0.3723657,0.44781417,0.30263272,0.42331398,0.069732994
346,0.087055236,0.098070614,0.05421421,0.035228424,0.032841027,0.06284219
347,1.0071429,0.37145194,0.46079215,0.31757495,0.5463507,0.053876996
348,0.1672237,0.17045465,0.10221775,0.066786274,0.06500596,0.10366838
349,1.357121,0.5432772,0.651911,0.49402404,0.70521,0.049253166
350,3.8757505,0.8633263,1.0834975,0.79863465,2.792253,0.06469166
351,2.3068914,0.89696515,1.1672336,0.75169575,1.1396579,0.1452694
352,1.4428144,0.5736021,0.7569419,0.4947854,0.68587244,0.07881668
353,1.7192378,0.6687789,0.9733548,0.64359343,0.745883,0.025185466
354,2.8148293,0.6320643,0.7857676,0.585691,2.0290618,0.046373308
355,1.7277428,0.56660527,0.73060787,0.5362768,0.9971349,0.030328453
356,1.9442244,0.7801622,1.0051876,0.7240231,0.9390367,0.05613911
357,1.0378344,0.4550118,0.52296954,0.38082123,0.51486486,0.07419059
358,1.1446333,0.4781926,0.68321526,0.45895982,0.46141803,0.01923278
359,0.6022852,0.4413837,0.43680054,0.3236467,0.16548467,0.117736995
360,0.8853126,0.51147145,0.5344002,0.39710242,0.3509124,0.114369035
361,0.2245111,0.045961574,0.12845787,0.08650998,0.09605323,-0.040548407
362,2.0326626,0.81914306,1.1378114,0.72819024,0.8948512,0.09095281
363,0.28332055,0.14526238,0.16565014,0.11677786,0.1176704,0.028484516
364,0.292975,0.036589257,0.17662087,0.09768398,0.11635414,-0.061094724
365,0.97822696,0.4606846,0.5643514,0.38626337,0.41387558,0.07442123
366,0.23785181,0.10724268,0.10111984,0.07321726,0.13673198,0.034025423
367,0.10173855,0.09299076,0.06672245,0.0535958,0.035016097,0.039394964
368,0.12595013,0.051249024,0.08278744,0.053393014,0.04316269,-0.0021439902
369,2.7339036,0.633111,0.6717126,0.51129514,2.062191,0.12181586
370,0.14212325,0.08226645,0.08283283,0.053101312,0.059290424,0.029165138
371,1.0663118,0.61259955,0.6965529,0.53379047,0.36975896,0.07880908
372,1.095885,0.35826322,0.52676636,0.35695782,0.5691187,0.0013054013
373,1.5408651,0.4993391,0.7111805,0.49531707,0.82968456,0.004022032
374,0.24013533,0.2464523,0.14018974,0.09697733,0.09994559,0.14947498
375,2.519985,0.53703016,0.8486103,0.61342144,1.6713747,-0.07639128
376,1.3364844,0.5767241,0.7385874,0.54371274,0.59789705,0.033011377
377,0.58101743,0.21685342,0.39232993,0.2605353,0.1886875,-0.043681875
378,1.3023884,0.46212766,0.572765,0.39147526,0.72962344,0.070652395
379,0.9995004,0.3966664,0.5849824,0.40909538,0.414518,-0.012428969
380,1.4608229,0.8516704,0.9544152,0.7169965,0.50640774,0.1346739
381,0.1291796,0.009689006,0.08061443,0.05071001,0.048565164,-0.041021004
382,1.1332805,0.47921053,0.629979,0.46664256,0.5033015,0.012567967
383,0.30287927,0.15558381,0.17339608,0.10620396,0.1294832,0.049379855
384,0.16601734,0.09494837,0.1016954,0.08283359,0.064321935,0.012114778
385,0.9261704,0.402739,0.5272687,0.39106494,0.3989017,0.0116740465
386,0.18772602,0.08223076,0.09486835,0.060633738,0.092857674,0.021597024
387,1.8819609,0.60264456,0.7780521,0.5503284,1.1039088,0.05231619
388,0.122078665,0.16849233,0.09088425,0.054276027,0.031194411,0.114216305
389,0.33819854,0.15101315,0.19060877,0.14181809,0.14758977,0.00919506
390,0.28606263,0.110188454,0.14345463,0.109515965,0.142608,0.0006724894
391,0.5859082,0.27383152,0.32776606,0.23256388,0.2581421,0.041267633
392,1.8039106,0.545889,0.6834792,0.48445186,1.1204314,0.06143716
393,0.99714327,0.4340141,0.6088682,0.44884485,0.3882751,-0.014830738
394,0.29186642,0.24179159,0.16199932,0.12162094,0.1298671,0.12017065
395,2.4512684,1.0347137,1.178408,0.8567847,1.2728604,0.17792904
396,1.678217,0.58936054,0.6659333,0.49861068,1.0122838,0.09074986
397,0.023740333,0.13571583,0.036568753,0.026894799,-0.012828421,0.10882103
398,0.8402779,0.32960582,0.41916132,0.31188872,0.4211166,0.017717093
399,0.41718507,0.12900096,0.24050517,0.16994497,0.1766799,-0.04094401
400,1.0291774,0.50713784,0.58436525,0.41184726,0.44481218,0.09529057
401,0.7103583,0.41599897,0.43391886,0.31418496,0.27643946,0.101814
402,1.8020207,0.5760688,0.65443665,0.47684073,1.147584,0.099228084
403,1.6186236,0.58378863,0.734595,0.5306383,0.8840286,0.053150356
404,0.4982964,0.19420776,0.250906,0.17043981,0.24739042,0.023767948
405,0.35577112,0.17712225,0.21716018,0.14666125,0.13861094,0.030460998
406,0.71485674,0.3059644,0.3566849,0.2659328,0.35817185,0.040031612
407,0.29049462,0.14342983,0.13118091,0.09410673,0.15931371,0.049323104
408,0.48651502,0.1622574,0.26625663,0.17407836,0.22025838,-0.011820957
409,1.1175648,0.4442503,0.54299104,0.39530045,0.57457376,0.048949838
410,1.8254436,0.59888494,0.88054705,0.54796994,0.9448966,0.050915003
411,0.05922856,0.16285658,0.058801997,0.032315202,0.00042656437,0.13054138
412,0.6763826,0.27035385,0.39208704,0.28365147,0.28429556,-0.013297617
413,2.6516366,0.8126494,0.9843179,0.745481,1.6673187,0.067168415
414,1.3496336,0.43457064,0.5743609,0.4283412,0.77527267,0.0062294304
415,0.15522368,0.06902948,0.08593704,0.060450684,0.069286644,0.008578796
416,0.23443921,0.10758837,0.16009304,0.1204852,0.07434617,-0.012896828
417,1.8990155,0.75484884,0.87899864,0.66094655,1.0200169,0.09390229
418,0.6363172,0.31274,0.31755346,0.20250854,0.31876373,0.11023146
419,1.4238689,0.53680825,0.60147613,0.45202923,0.82239276,0.084779024
420,1.291647,0.6578451,0.84050417,0.5982757,0.4511428,0.05956936
421,1.4227133,0.41435817,0.5864149,0.43309912,0.8362984,-0.018740952
422,0.35944209,0.33801943,0.25988296,0.19723244,0.09955913,0.14078699
423,0.3032718,0.06768506,0.16633418,0.0974265,0.13693762,-0.029741436
424,1.1863154,0.5049701,0.60038185,0.4293023,0.58593357,0.07566777
425,0.3282536,0.13165656,0.12912497,0.09368423,0.19912863,0.037972324
426,0.57728964,0.24394678,0.30656734,0.200447,0.2707223,0.043499783
427,1.6464728,0.6035398,0.52162325,0.39433438,1.1248496,0.20920545
428,3.06023,1.0274316,1.1130307,0.9022258,1.9471993,0.12520581
429,0.9436663,0.5408291,0.5977026,0.4601062,0.34596366,0.08072293
430,0.28478235,0.15417297,0.14200549,0.09775743,0.14277686,0.056415543
431,0.36341575,0.1837558,0.22591206,0.16003704,0.13750368,0.02371876
432,1.3614511,0.55446756,0.75220454,0.56213355,0.6092466,-0.007665992
433,0.076745115,0.14355323,0.07022045,0.044592414,0.006524667,0.09896082
434,1.136047,0.4298258,0.59910834,0.42952895,0.53693867,0.00029686093
435,1.6392269,0.57530016,0.8854411,0.6108809,0.7537858,-0.035580754
436,2.3685222,0.9383348,0.938303,0.73121345,1.4302192,0.20712137
437,0.026556136,0.07187956,0.032352436,0.025469523,-0.0057963002,0.046410035
438,0.10692618,0.059193935,0.07300006,0.057788424,0.033926122,0.001405511
439,0.31562385,0.15853032,0.1729279,0.12548581,0.14269595,0.033044517
440,0.39056912,0.16348438,0.24008922,0.1589308,0.1504799,0.0045535862
441,0.12146721,-0.002689575,0.058958698,0.036847703,0.06250851,-0.039537277
442,0.29188538,0.12706347,0.123725906,0.084105626,0.16815947,0.042957842
443,1.7111074,0.74855953,0.82656944,0.6405964,0.88453794,0.107963145
444,0.10713661,0.082462735,0.08243195,0.056104727,0.024704657,0.026358008
445,1.0739466,0.21030463,0.26400447,0.19391748,0.8099421,0.01638715
446,1.7314111,0.51232207,0.7185754,0.48042363,1.0128357,0.03189844
447,1.4207268,0.4941744,0.5338007,0.38940364,0.88692605,0.10477075
448,1.1604621,0.49043754,0.58806866,0.42868105,0.5723935,0.06175649
449,0.11461621,0.09696972,0.06973189,0.045705248,0.044884317,0.051264476
450,1.6001832,0.598394,0.62100327,0.44926745,0.97918,0.14912653
451,0.9848377,0.3381245,0.48107868,0.30911893,0.503759,0.029005587
452,2.058201,0.86635536,0.8480462,0.63546515,1.2101549,0.23089021
453,0.294884,0.19199955,0.19390377,0.15292713,0.10098022,0.039072424
454,0.93753165,0.37616587,0.44071546,0.3399175,0.4968162,0.036248356
455,0.27154085,0.06758124,0.17564319,0.10608898,0.09589766,-0.038507745
456,2.28988,0.69076717,0.947533,0.6743778,1.342347,0.01638937
457,0.31449887,0.14295046,0.1653907,0.11311968,0.14910817,0.029830784
458,1.430938,0.5753883,0.72205913,0.5315043,0.7088789,0.04388404
459,0.94101727,0.4251702,0.53393507,0.40779623,0.4070822,0.01737398
460,0.68168366,0.3138958,0.37090567,0.2751097,0.310778,0.038786083
461,0.4177433,0.11926577,0.25269562,0.16866586,0.16504768,-0.049400084
462,0.19812843,0.11328938,0.12105962,0.0707116,0.07706881,0.04257778
463,0.92497176,0.41377255,0.44517383,0.3214882,0.47979793,0.09228435
464,1.1756144,0.447963,0.5748145,0.4037589,0.60079986,0.044204086
465,0.3986152,0.16991039,0.24023728,0.17061219,0.15837793,-0.0007018
466,0.54952246,0.5004506,0.43364057,0.3088746,0.11588189,0.191576
467,0.24385047,0.05777449,0.07387294,0.05469221,0.16997753,0.0030822828
468,0.9278306,0.3831199,0.549125,0.40105152,0.37870556,-0.01793161
469,0.14367492,0.046851043,0.057889603,0.042139333,0.08578532,0.00471171
470,0.43816736,0.25165448,0.26371574,0.18171246,0.17445162,0.06994201
471,0.25170287,0.12263294,0.14876907,0.11210749,0.10293381,0.01052545
472,0.07955032,0.1080455,0.068113595,0.046649586,0.011436723,0.061395917
473,0.7878036,0.40697855,0.48430926,0.35878825,0.30349433,0.048190296
474,2.3691268,0.76100355,0.90294695,0.6660364,1.4661798,0.09496713
475,0.09358253,0.036582597,0.045409422,0.030195255,0.04817311,0.006387342
476,1.1192751,0.54453456,0.61303294,0.4674384,0.50624216,0.077096164
477,1.1536214,0.52561235,0.6267192,0.4378515,0.52690226,0.087760866
478,0.053034913,-0.009832951,0.03272946,0.020189757,0.020305451,-0.030022707
479,1.5739542,0.70352006,0.8471349,0.6368099,0.72681934,0.066710174
480,2.033651,0.45792148,0.7368283,0.49109548,1.2968228,-0.033174008
481,0.35933247,0.15381238,0.22308409,0.15819924,0.13624838,-0.004386857
482,0.006747736,0.12564807,0.02707912,0.014840755,-0.020331385,0.110807315
483,0.67803884,0.3180079,0.36634523,0.26719278,0.3116936,0.050815105
484,0.23129562,0.03592092,0.124074295,0.07607429,0.10722132,-0.040153366
485,2.3666937,0.8879543,0.98371994,0.6968168,1.3829738,0.1911375
486,0.24347025,0.104456216,0.12445118,0.08284368,0.11901907,0.021612532
487,0.1760364,0.20614955,0.10674753,0.084011465,0.06928887,0.12213808
488,1.4397702,0.5600025,0.8379668,0.5282959,0.6018034,0.03170663
489,0.8638463,0.31353444,0.41640982,0.26652065,0.44743648,0.04701379
490,0.12292678,0.0659166,0.06621676,0.052741777,0.05671002,0.013174821
491,1.4073035,0.4042866,0.6333159,0.4133622,0.77398753,-0.009075612
492,0.17394806,0.13901125,0.11059914,0.07816003,0.06334893,0.060851216
493,0.04297022,0.15659092,0.035907127,0.022240618,0.0070630945,0.1343503
494,0.22528195,0.07211319,0.09269932,0.07031334,0.13258263,0.0017998517
495,0.12916712,0.03874279,0.05107355,0.034952357,0.07809357,0.0037904344
496,1.2496027,0.7590941,0.82341814,0.6507875,0.42618454,0.10830665
497,0.6741272,0.2649542,0.3314391,0.22465286,0.3426881,0.040301353
498,2.3528295,0.6507436,0.9088828,0.6337607,1.4439466,0.016982913
499,0.12440934,0.07763713,0.06760204,0.048610475,0.056807302,0.029026654
500,1.4686109,0.5758219,0.6239818,0.45736632,0.8446291,0.11845556
501,0.4454843,0.26495314,0.31681654,0.21804175,0.12866777,0.04691139
502,1.4873837,0.5673663,0.6420511,0.45864972,0.8453326,0.10871658
503,1.8315198,0.789204,1.0244968,0.7526009,0.80702305,0.036603093
504,0.45944676,0.16567399,0.20307466,0.13951758,0.2563721,0.02615641
505,0.39184007,0.24437869,0.2510463,0.18318054,0.14079377,0.061198145
506,1.3602486,0.7654881,0.7769143,0.5800966,0.58333427,0.18539149
507,0.09314606,-0.0028330595,0.044962447,0.02819916,0.048183616,-0.03103222
508,0.5799122,0.120670244,0.25915182,0.15909863,0.32076037,-0.03842838
509,0.30500278,0.12449351,0.2036579,0.15419045,0.10134488,-0.029696941
510,1.3530128,0.42866105,0.47412425,0.33854753,0.87888855,0.09011352
511,1.6985049,0.7970097,0.8684475,0.626472,0.83005744,0.17053771
512,0.13427007,0.01847173,0.068662114,0.050258093,0.06560796,-0.03178636
513,0.08837372,0.07619452,0.07174303,0.05774156,0.016630694,0.018452957
514,0.21530904,0.11693356,0.13201629,0.08831279,0.08329275,0.028620772
515,2.2117624,0.82890505,0.9736228,0.6862707,1.2381396,0.14263433
516,1.0309513,0.39645988,0.5332353,0.39008743,0.49771595,0.006372452
517,0.52853936,0.31845143,0.33499685,0.23379728,0.19354251,0.08465415
518,2.6074507,1.0504194,1.3999002,0.99307996,1.2075505,0.05733949
519,0.14839277,0.029489914,0.07351083,0.06252761,0.07488193,-0.0330377
520,0.5871323,0.31245586,0.33054668,0.25441486,0.2565856,0.058041006
521,0.288141,0.10758307,0.14382516,0.092530034,0.14431585,0.015053034
522,0.00016432203,0.008367541,0.019829081,0.013583386,-0.019664759,-0.005215845
523,0.11421431,0.056466065,0.05399089,0.041345526,0.06022342,0.01512054
524,0.78860015,0.2370471,0.36739436,0.236292,0.4212058,0.00075510144
525,1.5738903,0.4010614,0.5496545,0.41230622,1.0242358,-0.0112448335
526,2.3949702,0.62423265,0.8567209,0.63237363,1.5382493,-0.008140981
527,0.13850605,0.08780605,0.091998115,0.069709174,0.04650794,0.01809688
528,0.12874663,0.030878782,0.05842498,0.04186119,0.07032165,-0.010982409
529,1.1692208,0.51013553,0.66472805,0.50192773,0.50449276,0.008207798
530,0.62017274,0.24222319,0.34190455,0.23955007,0.2782682,0.0026731193
531,1.4808998,0.6772959,0.6920822,0.5095358,0.7888176,0.16776013
532,1.7845719,0.726014,0.8439857,0.64122653,0.9405862,0.08478749
533,1.0229036,0.35215697,0.5822195,0.41511813,0.44068408,-0.06296116
534,2.4992583,0.7121845,0.82828295,0.56421953,1.6709753,0.14796495
535,1.3763415,0.7699549,0.8663384,0.65552044,0.5100031,0.11443448
536,4.5340433,0.9685141,1.2503669,0.9339048,3.2836764,0.03460926
537,0.9351439,0.45525703,0.5914979,0.4177642,0.343646,0.03749284
538,0.7911777,0.32528114,0.4129952,0.30702174,0.3781825,0.018259406
539,2.4097056,0.8735913,0.91682684,0.6432983,1.4928788,0.23029298
540,0.10894205,0.041995954,0.054741938,0.033185884,0.05420011,0.008810069
541,0.2327639,0.053366087,0.07171718,0.047237456,0.16104671,0.0061286315
542,0.9674334,0.41715065,0.5111982,0.36765715,0.45623517,0.04949349
543,2.842185,0.96279866,1.1291726,0.8262099,1.7130125,0.13658875
544,0.33491328,0.14669177,0.17414162,0.12421703,0.16077167,0.022474736
545,0.54938304,0.15861203,0.2619499,0.18269129,0.28743315,-0.024079263
546,1.9795839,0.7370214,0.9804433,0.67216825,0.99914056,0.06485313
547,1.3543032,0.4280772,0.6255574,0.39872253,0.7287458,0.029354662
548,1.1942178,0.42334804,0.5395562,0.38555837,0.6546616,0.037789673
549,0.33099344,0.17069203,0.20787255,0.14123443,0.12312089,0.029457599
550,0.6393955,0.34182593,0.40427238,0.27773404,0.2351231,0.06409189
551,0.36283305,0.21775292,0.20711882,0.13969532,0.15571423,0.0780576
552,1.174245,0.49242076,0.55397606,0.38668376,0.62026894,0.105737
553,0.8600493,0.33906895,0.4090384,0.3010999,0.4510109,0.037969053
554,0.16044039,0.050292183,0.07889135,0.045321763,0.08154903,0.00497042
555,1.057004,0.4109545,0.5834032,0.39196402,0.47360075,0.018990487
556,0.15984109,0.070372924,0.0890743,0.067886434,0.07076679,0.0024864897
557,0.16789174,0.08468938,0.10901372,0.07804518,0.05887802,0.006644197
558,1.0773284,0.43293586,0.59372526,0.42073312,0.48360318,0.01220274
559,0.6756769,0.3450139,0.35833538,0.2615831,0.3173415,0.0834308
560,1.497554,0.4472733,0.5473675,0.3906944,0.95018643,0.056578904
561,1.1453907,0.45971698,0.55284154,0.40177792,0.5925492,0.057939053
562,1.8690455,0.50967413,0.78892124,0.50488114,1.0801243,0.0047929883
563,0.62869614,0.28001508,0.36768252,0.28745037,0.26101363,-0.007435292
564,1.6066021,0.49822354,0.6508676,0.46235156,0.9557345,0.035871983
565,1.2224493,0.42113987,0.59105,0.40491238,0.6313993,0.016227484
566,0.74427456,0.39973453,0.45825014,0.3458677,0.28602442,0.053866833
567,0.28435588,0.069703355,0.17183186,0.116240285,0.11252402,-0.04653693
568,0.12490421,0.04486335,0.0492144,0.034416236,0.07568981,0.010447115
569,2.4658055,0.65536034,0.8507334,0.64400613,1.6150721,0.011354208
570,0.01590051,0.13499594,0.036416747,0.017532371,-0.020516237,0.11746357
571,1.1517882,0.51140106,0.6482214,0.4552021,0.50356686,0.056198955
572,0.18946077,0.20280044,0.08601319,0.059772335,0.10344758,0.14302811
573,0.08374067,-0.017759837,0.04700682,0.028809825,0.036733847,-0.04656966
574,0.063927576,0.078801446,0.05682572,0.044161703,0.007101856,0.034639742
575,0.2739392,0.05275321,0.14900677,0.10237287,0.12493242,-0.04961966
576,0.33896595,0.14051975,0.17235413,0.12904213,0.16661182,0.011477619
577,2.3632348,0.8719578,1.1181244,0.81083333,1.2451104,0.061124444
578,0.2188685,0.11730363,0.13390858,0.08815181,0.08495991,0.02915182
579,1.0791298,0.33102694,0.5057336,0.35928833,0.5733962,-0.028261393
580,1.0982542,0.5204976,0.642782,0.48696882,0.45547223,0.033528805
581,0.82167035,0.3141637,0.44067508,0.30850643,0.38099527,0.0056572855
582,0.89759684,0.4332011,0.4733665,0.36801034,0.42423034,0.06519076
583,0.33180705,0.17117108,0.15474832,0.11110555,0.17705873,0.060065538
584,1.8382094,0.777555,0.87731236,0.6504491,0.960897,0.12710589
585,0.10337849,0.13069685,0.059159506,0.040457718,0.044218984,0.09023913
586,0.44602373,0.23009609,0.26521954,0.20107408,0.1808042,0.029022008
587,0.29974675,0.2609129,0.1719877,0.11999667,0.12775905,0.14091623
588,0.20341218,0.03893345,0.10837321,0.07258034,0.095038965,-0.03364689
589,2.2196693,0.54720753,0.7805696,0.51951826,1.4390998,0.027689278
590,1.3934612,0.61441815,0.7992616,0.5646529,0.5941996,0.04976523
591,0.99410826,0.4929231,0.516164,0.37116644,0.47794425,0.12175667
592,0.20108613,0.03307312,0.11446247,0.080474086,0.08662366,-0.047400966
593,1.980889,0.68996197,0.9628094,0.6736863,1.0180795,0.016275644
594,1.7443448,0.5747135,0.68146926,0.5046712,1.0628755,0.07004231
595,1.0743428,0.5202039,0.6654154,0.48690113,0.40892744,0.033302754
596,0.27029982,0.13404292,0.14973083,0.111272894,0.12056899,0.022770025
597,2.1942754,0.77748585,0.89880276,0.6602936,1.2954726,0.11719227
598,0.84895355,0.3267586,0.45414835,0.33351284,0.3948052,-0.0067542493
599,1.7738626,0.64938146,0.8376028,0.62147415,0.9362598,0.027907312
600,1.3169082,0.4744749,0.5725552,0.38364953,0.74435306,0.09082538
601,2.2131813,1.0506264,1.3316858,0.9482206,0.8814955,0.10240579
602,0.8835247,0.4353437,0.61045563,0.42979717,0.27306908,0.00554654
603,0.3679008,0.10474542,0.18524434,0.12377278,0.18265645,-0.01902736
604,1.6688253,0.49680743,0.62514484,0.43652648,1.0436804,0.06028095
605,2.3671753,0.96635723,1.1065624,0.8183478,1.260613,0.14800942
606,0.18719411,0.026604835,0.12600774,0.09353769,0.061186373,-0.06693286
607,1.1410418,0.49182287,0.57623446,0.43573532,0.5648073,0.056087554
608,0.36323994,0.20798331,0.24321826,0.18632053,0.120021686,0.021662787
609,1.3173997,0.57297957,0.68292,0.4714032,0.63447976,0.10157636
610,1.055284,0.28555533,0.38631508,0.27821726,0.6689689,0.007338077
611,1.1337979,0.4201955,0.5519742,0.40162778,0.5818237,0.018567711
612,1.7839929,0.62201875,0.7604982,0.5350423,1.0234947,0.08697647
613,1.057692,0.5861253,0.6190308,0.45225254,0.43866128,0.13387278
614,1.0024183,0.49270108,0.5663351,0.42130142,0.4360832,0.07139966
615,1.0503355,0.5118428,0.70734423,0.53612965,0.3429913,-0.024286866
616,1.1267376,0.45353115,0.50841266,0.3547126,0.61832494,0.09881854
617,1.0112393,0.3538471,0.46507487,0.3553001,0.5461644,-0.0014530122
618,1.200022,0.6550549,0.693507,0.48939866,0.50651497,0.16565627
619,0.86132896,0.34569156,0.376009,0.25550637,0.48531997,0.090185195
620,1.0692784,0.39634976,0.44432896,0.2912034,0.6249494,0.10514635
621,0.39235207,0.20879966,0.1992478,0.16057865,0.19310427,0.048221007
622,1.0764413,0.6005913,0.77619755,0.5788248,0.30024374,0.021766484
623,0.2290217,0.068158984,0.14794314,0.0937171,0.08107856,-0.025558114
624,0.2538944,0.18498896,0.14859104,0.10772461,0.10530335,0.07726435
625,1.6919507,0.6411855,0.7956904,0.5861009,0.89626026,0.055084646
626,2.6862535,0.86902446,1.0722561,0.77068746,1.6139975,0.098336995
627,0.30234942,0.12960003,0.18501787,0.1292511,0.11733155,0.0003489405
628,0.4106112,0.21040182,0.26426643,0.18773411,0.14634478,0.022667706
629,0.52910566,0.27909395,0.28956655,0.20733881,0.23953912,0.07175514
630,0.9715335,0.4806509,0.624138,0.44649792,0.34739548,0.034152985
631,0.29630437,0.094742164,0.1629701,0.09403147,0.13333428,0.000710696
632,0.1622998,0.07268159,0.08399524,0.066346124,0.07830456,0.006335467
633,0.98051184,0.53341085,0.63709337,0.49222136,0.34341848,0.04118949
634,0.0861023,-0.0076976013,0.060481906,0.03741311,0.025620393,-0.04511071
635,0.11102676,0.016016122,0.059146572,0.04011949,0.051880185,-0.02410337
636,1.8159995,0.79222566,1.0772011,0.8031632,0.7387984,-0.010937512
637,1.5044473,0.40564987,0.47523746,0.328242,1.0292099,0.07740787
638,1.0441647,0.42474842,0.59522545,0.41147342,0.4489392,0.0132749975
639,0.16556737,0.10649193,0.09833164,0.077748425,0.06723573,0.028743505
640,1.5614742,0.72138363,0.7442258,0.57355726,0.8172484,0.14782637
641,0.46992886,0.19678554,0.2889185,0.21010187,0.18101037,-0.013316333
642,0.5491872,0.40863073,0.41015705,0.2747295,0.13903013,0.13390124
643,0.3801458,0.23737596,0.25924906,0.18868133,0.12089673,0.048694625
644,0.34702724,0.14631553,0.21288185,0.15082291,0.1341454,-0.0045073777
645,0.17152528,0.08007177,0.0748817,0.05461523,0.09664358,0.02545654
646,1.2922504,0.54548854,0.6694695,0.46683344,0.6227809,0.078655094
647,1.7852675,0.723858,0.8359542,0.63760555,0.9493133,0.08625245
648,0.83141303,0.5343562,0.56378424,0.44787437,0.2676288,0.08648181
649,3.0498283,1.1210994,1.457804,1.0216694,1.5920243,0.099429965
650,1.8658963,0.5216817,0.86561334,0.58280146,1.000283,-0.061119735
651,0.6451404,0.22518525,0.3313602,0.22047123,0.31378022,0.004714012
652,0.36035442,0.2094507,0.20482771,0.14544871,0.15552671,0.06400199
653,2.7046156,1.0668437,0.9972478,0.75052667,1.7073678,0.31631708
654,2.7580614,0.32234773,0.47266442,0.2993087,2.285397,0.023039043
655,0.04458501,-0.0026874356,0.04551027,0.035141535,-0.0009252615,-0.03782897
656,0.28266704,0.14908548,0.19147393,0.14019905,0.09119311,0.008886427
657,1.1823648,0.35255548,0.44833866,0.32795468,0.7340262,0.024600804
658,1.8401718,0.65804315,0.80707645,0.6105132,1.0330954,0.047529936
659,0.4810887,0.29515466,0.30938247,0.24152045,0.17170623,0.05363421
660,1.2918533,0.51454705,0.6802074,0.48604146,0.61164594,0.028505594
661,1.1271769,0.40290275,0.5550642,0.39321655,0.5721127,0.009686202
662,0.5396329,0.28284124,0.2844671,0.18522179,0.25516582,0.097619444
663,1.0834248,0.44010943,0.56748414,0.40123782,0.51594067,0.038871616
664,1.6197425,0.6961899,0.83317405,0.594521,0.78656846,0.101668894
665,0.35660243,0.12023801,0.1804527,0.12541443,0.17614973,-0.0051764175
666,0.10918378,0.057324495,0.06594706,0.045891713,0.043236718,0.011432782
667,2.636049,0.67115414,0.9495225,0.61596966,1.6865265,0.055184484
668,0.35508993,0.15070845,0.1526375,0.10593978,0.20245244,0.04476867
669,0.77394074,0.28775606,0.4018201,0.28122023,0.37212065,0.006535828
670,0.31321102,0.17878991,0.16682,0.10886016,0.14639102,0.069929756
671,0.18261062,0.065584525,0.10933379,0.07838006,0.073276825,-0.012795538
672,0.99202114,0.38621157,0.53497493,0.35981613,0.4570462,0.02639544
673,0.8592652,0.40208682,0.53374964,0.36416477,0.32551557,0.037922055
674,3.0033092,0.71201557,0.9286827,0.73416835,2.0746264,-0.022152781
675,2.063217,0.789219,0.8999192,0.6490652,1.1632977,0.14015383
676,0.402823,0.20475736,0.25344953,0.17975673,0.14937347,0.025000632
677,1.3782248,0.56867915,0.6809606,0.49997902,0.69726425,0.068700135
678,0.42919007,0.1740949,0.22361627,0.14237422,0.2055738,0.031720683
679,1.3742418,0.6696112,0.86632186,0.56421226,0.50791997,0.10539895
680,-0.011972708,0.119047605,0.016485818,0.0066714003,-0.028458524,0.112376206
681,2.430294,0.8329228,0.9488311,0.70301515,1.481463,0.12990767
682,1.6544573,0.59504944,0.7597079,0.55422,0.8947494,0.04082942
683,0.6469756,0.2559313,0.3580035,0.2394971,0.28897208,0.016434193
684,2.2575407,0.85597116,0.8242876,0.6266204,1.433253,0.22935075
685,0.7421733,0.36892265,0.458045,0.35044125,0.2841283,0.018481404
686,0.62465745,0.22453229,0.3298122,0.2368016,0.29484525,-0.012269303
687,1.9049407,0.8378488,0.88907707,0.68215084,1.0158637,0.15569794
688,1.6335336,0.34764636,0.51193935,0.38151234,1.1215942,-0.03386599
689,0.07371747,0.063017465,0.053849764,0.036480952,0.019867703,0.026536513
690,0.061870366,-0.014002654,0.039852478,0.027167294,0.022017889,-0.04116995
691,0.36325163,0.23648421,0.19882157,0.14266664,0.16443005,0.09381758
692,0.19731387,0.042111035,0.0879224,0.054066874,0.10939147,-0.011955839
693,1.3271925,0.5463365,0.6729723,0.5078437,0.6542202,0.0384928
694,0.49503508,0.13403647,0.21396184,0.13363604,0.28107324,0.000400424
695,1.3742481,0.62218386,0.85946006,0.6087556,0.5147881,0.013428271
696,1.4262753,0.53710186,0.67904246,0.4659369,0.7472328,0.071164966
697,2.1452317,0.7905667,0.98483527,0.6581834,1.1603965,0.13238329
698,0.15963425,0.11330167,0.1016345,0.082112215,0.057999745,0.031189457
699,1.9446057,0.90112525,1.0167258,0.70110977,0.9278799,0.20001549
700,0.025292384,-0.0074019944,0.0328138,0.021329876,-0.007521415,-0.028731871
701,1.3239889,0.49194616,0.5618499,0.3959463,0.762139,0.09599987
702,0.16699769,0.025334876,0.097061634,0.06633091,0.06993605,-0.040996034
703,1.4627969,0.5369672,0.7531001,0.4746872,0.7096968,0.06228003
704,0.2457818,0.049061168,0.084939755,0.05656629,0.16084203,-0.0075051226
705,0.9388654,0.43874133,0.54725385,0.403924,0.39161158,0.034817338
706,0.6137035,0.2976907,0.39680168,0.28345412,0.21690181,0.014236569
707,0.05134823,0.13295165,0.042239062,0.031612102,0.009109169,0.10133955
708,0.105739444,0.059208773,0.06312282,0.045732584,0.042616628,0.013476189
709,0.894111,0.2053569,0.28471643,0.19899595,0.60939455,0.006360948
710,0.77213913,0.2686479,0.3201775,0.21209171,0.45196164,0.056556195
711,1.6328548,0.7055886,0.8338121,0.5400268,0.7990427,0.1655618
712,2.095783,0.83900315,0.904873,0.6885086,1.19091,0.15049452
713,1.437822,0.5986929,0.78782445,0.5512992,0.64999753,0.04739368
714,1.5984246,0.5980404,0.8095379,0.540441,0.78888667,0.057599425
715,1.4183149,0.6515035,0.73802596,0.542108,0.680289,0.109395504
716,2.5696952,0.9485149,1.2814968,0.90905046,1.2881985,0.039464414
717,0.5264619,0.2272528,0.27044755,0.20177814,0.25601435,0.025474653
718,0.10220705,0.072350964,0.05931198,0.048995208,0.04289507,0.023355756
719,0.66168225,0.28955272,0.4481987,0.32269308,0.21348354,-0.03314036
720,0.28957105,0.16642113,0.15600969,0.12004681,0.13356136,0.04637432
721,0.6174978,0.2333215,0.2527794,0.18168756,0.3647184,0.05163394
722,1.1936567,0.5152666,0.4793687,0.36496875,0.714288,0.15029785
723,0.30240726,0.21383455,0.1772269,0.12051685,0.12518036,0.0933177
724,1.0351357,0.37540156,0.5943974,0.41477734,0.44073832,-0.039375782
725,1.0153902,0.3789531,0.46370268,0.31256923,0.5516875,0.06638387
726,1.7979698,0.6860724,0.9383842,0.67321503,0.85958564,0.0128573775
727,0.79560393,0.33789745,0.41604638,0.31498423,0.37955755,0.022913218
728,0.19682392,0.0648026,0.100914516,0.06884156,0.09590941,-0.0040389597
729,1.9285549,0.6942209,0.8556719,0.6288889,1.072883,0.065331995
730,1.2315756,0.4367401,0.612419,0.44195884,0.6191566,-0.0052187443
731,0.3021406,0.16684355,0.19921686,0.14175758,0.102923736,0.02508597
732,1.5184093,0.71909213,0.7794924,0.6139107,0.7389169,0.105181456
733,1.0790936,0.5037076,0.6374272,0.45552173,0.44166636,0.048185855
734,1.6275399,0.8574021,0.8693801,0.6847092,0.75815976,0.1726929
735,0.361637,0.10181244,0.21100965,0.15333125,0.15062734,-0.051518813
736,0.3210993,0.14154577,0.16941634,0.13500732,0.15168297,0.0065384507
737,0.5567989,0.34569827,0.23915124,0.17429456,0.31764764,0.1714037
738,1.5350351,0.44175875,0.6819185,0.48140755,0.85311663,-0.0396488
739,0.7039764,0.25598124,0.3498996,0.2396352,0.3540768,0.016346037
740,0.21092524,0.098152675,0.13328904,0.09905139,0.0776362,-0.00089871883
741,0.078875735,0.16528828,0.05262497,0.041666403,0.026250765,0.12362188
742,1.5255599,0.50024575,0.7246462,0.46185225,0.8009137,0.038393497
743,0.031558592,0.12173806,0.03826717,0.020260353,-0.0067085773,0.10147771
744,0.40621763,0.18352503,0.22757378,0.16626601,0.17864385,0.017259017
745,0.12876782,0.020935565,0.07778937,0.055682145,0.050978445,-0.03474658
746,1.0156109,0.27607015,0.46406633,0.32318297,0.5515446,-0.047112823
747,1.6999859,0.5810838,0.81743765,0.5713185,0.8825482,0.009765267
748,1.397626,0.70148355,0.89191866,0.65900946,0.5057074,0.04247409
749,0.26801616,0.18969315,0.15604147,0.11022611,0.11197469,0.07946704
750,0.25296542,0.24510507,0.17928599,0.14412448,0.07367943,0.100980595
751,1.5380659,0.6823907,0.92099494,0.68409103,0.617071,-0.0017003417
752,0.38015538,0.27536955,0.15688077,0.119935356,0.22327462,0.15543419
753,0.5960512,0.26272517,0.3228575,0.2290595,0.27319372,0.033665672
754,0.23562169,0.096484356,0.109679125,0.075482145,0.12594256,0.02100221
755,1.3511252,0.643355,0.85078967,0.61692154,0.5003356,0.026433468
756,0.25664005,0.14478756,0.13650745,0.11154505,0.120132595,0.033242516
757,0.08323791,-0.006724642,0.042934865,0.028925106,0.040303044,-0.035649747
758,1.0758567,0.33455506,0.42447138,0.28191733,0.6513853,0.052637726
759,1.8019831,0.8647738,0.95507926,0.6914109,0.84690386,0.17336291
760,0.25829974,0.107381515,0.15419617,0.09924118,0.104103565,0.008140333
761,0.7387374,0.34794882,0.44975367,0.3402731,0.28898373,0.0076757073
762,1.2190521,0.49852803,0.59581625,0.41295272,0.6232358,0.08557531
763,0.220197,0.047758486,0.069828585,0.04693221,0.15036842,0.00082627684
764,0.36919612,0.16095445,0.2023414,0.14131816,0.16685472,0.019636288
765,0.10437573,-0.0017275574,0.05896009,0.036531903,0.045415636,-0.03825946
766,1.8717029,0.67468566,0.9623457,0.64270794,0.9093572,0.031977713
767,1.0072448,0.3753598,0.47989163,0.3719725,0.52735317,0.0033873022
768,1.548485,0.63161844,0.8115469,0.5952147,0.7369381,0.036403716
769,0.5323733,0.07033658,0.14569685,0.090898514,0.38667646,-0.020561934
770,2.133882,0.82801914,1.0089586,0.7642969,1.1249235,0.06372225
771,0.95612544,0.34574464,0.5298936,0.36761466,0.42623186,-0.021870017
772,1.0386751,0.37461025,0.5310505,0.3704598,0.50762457,0.00415045
773,0.17683075,0.09643327,0.09098603,0.07043259,0.085844725,0.026000679
774,0.07118943,0.20218128,0.06318028,0.04543543,0.008009151,0.15674585
775,0.38398403,0.16891707,0.16452675,0.11582984,0.21945728,0.053087234
776,1.0538474,0.47347435,0.53092426,0.39472443,0.5229232,0.078749925
777,0.6807856,0.28025955,0.39191738,0.25539607,0.28886822,0.024863482
778,1.4833295,0.5300345,0.66007537,0.4666372,0.82325417,0.06339729
779,-0.023002421,0.13545968,0.017715259,0.009046822,-0.04071768,0.12641285
780,1.6958023,0.71418434,0.79717445,0.5621857,0.8986279,0.15199864
781,0.18934421,0.08619165,0.08074255,0.058531858,0.10860166,0.027659789
782,1.838345,0.5963334,0.73613584,0.5387104,1.1022092,0.05762297
783,0.1737458,0.0743022,0.073522225,0.05527545,0.10022357,0.019026745
784,1.8659878,0.4909281,0.74624574,0.5261532,1.119742,-0.035225093
785,0.26609963,0.0794808,0.12205243,0.08064967,0.1440472,-0.0011688694
786,0.2738901,0.07038451,0.07738577,0.05478224,0.19650434,0.015602268
787,1.5946962,0.4504384,0.5429119,0.38697225,1.0517843,0.06346616
788,2.5457873,0.7027397,0.7990287,0.5683886,1.7467587,0.13435113
789,1.4606304,0.68692523,0.6748899,0.5065073,0.7857405,0.18041795
790,0.7825289,0.49140856,0.465269,0.34492078,0.31725988,0.14648777
791,0.45646787,0.1076902,0.2088995,0.13398978,0.24756837,-0.026299581
792,1.2398484,0.5341242,0.82429105,0.5467645,0.41555732,-0.012640297
793,1.254784,0.6149714,0.79039824,0.5661639,0.46438575,0.0488075
794,0.37715587,0.13230847,0.2545819,0.16536608,0.12257397,-0.033057615
795,0.7409805,0.46305317,0.43633166,0.33082956,0.30464885,0.1322236
796,0.71302783,0.30224782,0.3983746,0.2881956,0.31465325,0.014052212
797,0.0963311,0.14779368,0.07154537,0.047191042,0.024785727,0.10060264
798,3.5078154,1.0776321,1.1704117,0.8905031,2.3374038,0.18712896
799,1.2363291,0.59392214,0.71591175,0.52923757,0.52041733,0.06468457
800,2.3721273,0.65953606,0.752983,0.54847336,1.6191443,0.111062706
801,0.03758799,0.10079556,0.02308097,0.017593946,0.01450702,0.08320162
802,2.4377367,0.86247724,1.1777519,0.8378269,1.2599849,0.024650335
803,1.396634,0.6196374,0.71909463,0.5024559,0.67753935,0.11718154
804,0.49073178,0.31014305,0.32575557,0.23029837,0.16497621,0.07984468
805,0.7574426,0.3786455,0.40928546,0.29305944,0.34815714,0.08558607
806,1.834138,0.68110234,0.8480261,0.60989535,0.98611194,0.07120699
807,1.0941672,0.48244447,0.5289298,0.32253677,0.5652374,0.1599077
808,0.34673688,0.19048527,0.15495387,0.10909742,0.19178301,0.08138785
809,0.19599022,0.09043996,0.12444524,0.095632985,0.07154498,-0.005193025
810,1.3959278,0.5071883,0.6677271,0.46705317,0.7282007,0.040135145
811,-0.009225343,0.11784021,0.015077835,0.0084081115,-0.02430318,0.109432094
812,0.9171359,0.38012892,0.639851,0.4535044,0.27728492,-0.07337549
813,0.24254109,0.13934039,0.17653723,0.12694535,0.06600386,0.012395039
814,0.10420587,0.015921427,0.045680292,0.029167842,0.058525577,-0.013246415
815,0.17262623,0.07131837,0.06775038,0.045838743,0.10487585,0.02547963
816,0.07015849,0.157478,0.05156084,0.030121332,0.018597648,0.12735668
817,0.4695708,0.17207815,0.21925311,0.16270229,0.2503177,0.009375855
818,1.016186,0.48370597,0.58399546,0.4397098,0.43219054,0.043996155
819,1.9278735,0.85806084,0.97881716,0.7581701,0.9490563,0.09989071
820,0.07015047,0.025589107,0.028795045,0.022777747,0.041355427,0.0028113592
821,0.34133688,0.15860848,0.17880014,0.12779272,0.16253674,0.030815765
822,1.5339298,0.61511624,0.70215154,0.52989066,0.8317783,0.08522558
823,1.9447439,0.55976987,0.6562227,0.45696416,1.2885212,0.102805704
824,0.8899457,0.34870073,0.3811034,0.27998632,0.5088423,0.06871441
825,0.20066053,0.089171425,0.102898516,0.077434786,0.09776201,0.011736639
826,0.54167,0.17548029,0.27373192,0.18564904,0.2679381,-0.010168746
827,0.22599784,0.11222175,0.104344524,0.06711228,0.12165331,0.045109466
828,0.17295235,0.10164445,0.09353055,0.06833924,0.0794218,0.033305205
829,1.4237716,0.523014,0.7234772,0.49367785,0.70029444,0.029336154
830,1.2851869,0.6299859,0.78474194,0.6107273,0.50044495,0.019258618
831,1.281857,0.49771196,0.6203181,0.46434528,0.6615389,0.03336668
832,1.6548324,0.68642753,0.8013954,0.6268799,0.85343695,0.059547663
833,0.59854484,0.36640212,0.2630395,0.18797418,0.33550534,0.17842793
834,3.1671965,0.9972078,1.327158,0.9392915,1.8400385,0.057916343
835,0.7473462,0.41864562,0.47203797,0.3564515,0.27530825,0.06219411
836,0.120792255,0.09055261,0.06250934,0.048924662,0.05828291,0.04162795
837,0.33914295,0.18299845,0.2045186,0.14728478,0.13462435,0.035713673
838,1.2791003,0.5834968,0.7175541,0.524464,0.5615462,0.059032798
839,0.8135041,0.29762673,0.3958666,0.25674358,0.4176375,0.040883154
840,0.41910332,0.24653488,0.24816552,0.19681822,0.1709378,0.049716666
841,0.08631457,0.033464845,0.06083367,0.04443414,0.025480896,-0.010969296
842,0.089568965,0.04250779,0.062766485,0.045679793,0.02680248,-0.0031720027
843,1.0490661,0.3836636,0.469047,0.34602886,0.58001906,0.03763473
844,0.6945876,0.4432932,0.47167856,0.36129597,0.22290903,0.081997246
845,0.8819506,0.48418927,0.5250925,0.3671654,0.35685813,0.117023885
846,0.8223581,0.39302972,0.4792625,0.34909993,0.34309557,0.043929785
847,0.25782394,0.09631232,0.17222303,0.124833524,0.08560091,-0.028521203
848,0.102513574,8.418914e-05,0.069421664,0.046912163,0.03309191,-0.046827976
849,0.36675626,0.27166122,0.18370815,0.14151062,0.18304811,0.1301506
850,0.37426215,0.21536222,0.21040389,0.16886152,0.16385826,0.046500698
851,0.13463676,0.14955282,0.060758375,0.0405064,0.073878385,0.10904642
852,0.38259763,0.222133,0.23441613,0.18482007,0.1481815,0.037312925
853,1.3704177,0.54987466,0.74196136,0.50145096,0.62845635,0.048423707
854,1.4622657,0.628482,0.80294657,0.5877346,0.65931916,0.040747404
855,0.38347167,0.22670358,0.24374065,0.18240306,0.13973102,0.044300526
856,1.3875973,0.45819882,0.63001835,0.45446587,0.75757897,0.0037329495
857,1.3751504,0.55243784,0.6661275,0.47742572,0.70902294,0.07501212
858,1.2088013,0.5694232,0.6786101,0.5034814,0.5301912,0.06594181
859,0.212627,0.046084482,0.10553466,0.07761125,0.107092336,-0.03152677
860,0.246733,0.09368526,0.103583954,0.07301496,0.14314905,0.020670302
861,0.039914023,-0.009685393,0.020099532,0.013062987,0.019814491,-0.02274838
862,2.5711613,0.8575725,0.97481316,0.72403395,1.596348,0.13353854
863,0.5672903,0.32235944,0.3375073,0.22619775,0.229783,0.09616169
864,1.6175083,0.53428304,0.7558006,0.48595518,0.8617077,0.048327863
865,1.5825151,0.5130081,0.6850816,0.49552646,0.8974335,0.017481655
866,0.07307241,-0.021824842,0.04525093,0.026290435,0.027821481,-0.048115276
867,0.030928254,0.07652817,0.029102033,0.01797769,0.0018262211,0.058550477
868,0.96751696,0.37675855,0.53522336,0.380172,0.4322936,-0.0034134686
869,1.8719741,0.47333875,0.62247276,0.4574236,1.2495013,0.015915155
870,1.7213403,0.71358377,0.9576206,0.66889614,0.7637197,0.04468763
871,1.1515164,0.67193335,0.787331,0.61086166,0.36418545,0.061071694
872,1.3706663,0.6931583,0.8413491,0.6288829,0.52931714,0.06427544
873,2.0190544,0.7023202,0.90716803,0.666371,1.1118864,0.03594923
874,0.76544523,0.32349026,0.3653318,0.25518817,0.40011343,0.068302095
875,0.9014138,0.31399238,0.3551759,0.25833714,0.5462379,0.05565524
876,0.62188435,0.25832567,0.3512655,0.24583821,0.27061886,0.012487456
877,0.33335936,0.19746254,0.19165465,0.12358519,0.14170471,0.07387736
878,0.3281088,0.0987451,0.19935511,0.12618336,0.12875368,-0.02743826
879,0.0819013,0.15583064,0.06131462,0.053396147,0.020586677,0.102434486
880,0.06959007,0.12604125,0.04194078,0.034477573,0.02764929,0.09156367
881,2.4705992,0.8585138,0.98266447,0.72649354,1.4879347,0.13202024
882,0.12915237,0.07178049,0.082477994,0.059564937,0.04667438,0.012215551
883,0.18320078,0.037933424,0.103380516,0.073057085,0.07982026,-0.03512366
884,0.08276896,0.060619976,0.04315411,0.032569937,0.039614853,0.028050039
885,1.4462028,0.32907602,0.50210977,0.3616023,0.944093,-0.032526284
886,0.50522107,0.22878368,0.2415644,0.18952075,0.26365668,0.039262936
887,0.28806597,0.1253698,0.1377894,0.10079956,0.15027657,0.024570242
888,0.86929566,0.41085845,0.4903121,0.36567223,0.37898356,0.04518622
889,1.0389168,0.5172006,0.6487797,0.47821864,0.39013714,0.038981944
890,0.26579225,0.19768105,0.13660721,0.09654422,0.12918504,0.10113683
891,0.51033056,0.276773,0.33598268,0.25496766,0.17434788,0.021805346
892,1.480057,0.4957681,0.62529975,0.44088545,0.85475725,0.054882646
893,0.15519197,0.068107106,0.08445473,0.056769423,0.07073724,0.011337683
894,2.1765976,0.73541653,0.96475106,0.67731714,1.2118466,0.05809939
895,1.6190311,0.74028,0.8366,0.5807825,0.78243107,0.1594975
896,1.335684,0.7554472,0.75590545,0.552635,0.5797785,0.2028122
897,1.3137603,0.5178438,0.58751565,0.41398963,0.7262446,0.10385415
898,0.6961066,0.32914668,0.45586175,0.3128063,0.24024487,0.016340375
899,1.5291737,0.5210946,0.78688014,0.5793269,0.7422936,-0.058232307
900,0.3129318,0.10669346,0.17357334,0.1218902,0.13935846,-0.015196741
901,0.13158146,0.039363798,0.07176018,0.054725833,0.059821278,-0.0153620355
902,2.6337714,0.81295925,0.9062254,0.6663022,1.727546,0.14665705
903,0.09300043,0.077511035,0.044638433,0.03537046,0.048361994,0.042140573
904,2.298781,0.77210647,0.94789743,0.6874307,1.3508835,0.08467579
905,0.36477324,0.11056533,0.15971908,0.11106099,0.20505416,-0.0004956648
906,-0.015969628,0.11378745,0.01465669,0.007104737,-0.03062632,0.10668271
907,0.37278125,0.1511223,0.19926952,0.14018248,0.17351173,0.010939822
908,0.13844842,0.017931763,0.07403047,0.045530036,0.06441795,-0.027598273
909,1.9953738,0.77217907,0.94878185,0.68248606,1.046592,0.08969301
910,0.9899266,0.41183528,0.53585464,0.3689702,0.45407194,0.042865098
911,1.2651279,0.46661377,0.5018601,0.39703888,0.7632678,0.06957489
912,2.761734,0.50247395,0.89845085,0.5880168,1.8632832,-0.08554286
913,0.72709364,0.37241045,0.43633422,0.2727644,0.2907594,0.09964603
914,0.36763033,0.10433589,0.21657395,0.12640956,0.15105638,-0.022073671
915,0.071027435,0.028216196,0.061276734,0.036933046,0.0097507015,-0.00871685
916,1.5680033,0.6641805,0.8192215,0.595665,0.7487818,0.06851554
917,1.1289605,0.5222737,0.7815746,0.54625267,0.34738588,-0.023978949
918,0.63707286,0.22934943,0.21912909,0.16677949,0.41794378,0.062569946
919,0.13483644,0.055337142,0.08180801,0.06619562,0.053028427,-0.01085848
920,1.4663166,0.71553916,0.81904113,0.6154612,0.64727545,0.10007799
921,1.1292003,0.39848047,0.5577773,0.40556234,0.57142305,-0.0070818663
922,1.4122651,0.53586787,0.68048304,0.4921144,0.731782,0.043753475
923,0.36997938,0.08415298,0.13260922,0.09346884,0.23737016,-0.009315856
924,1.9116216,0.713123,0.8804458,0.56746185,1.0311759,0.14566118
925,2.335837,0.6424658,0.9295454,0.62470484,1.4062915,0.017760932
926,0.21793716,0.06150263,0.10755141,0.07278277,0.110385746,-0.011280138
927,1.035977,0.4376926,0.5427656,0.40591937,0.4932114,0.03177324
928,1.2538854,0.4214445,0.5461396,0.36840916,0.7077458,0.05303535
929,0.58572793,0.21807413,0.33909115,0.25008157,0.24663678,-0.03200744
930,2.5825682,0.6275754,0.9053273,0.59146756,1.6772408,0.03610784
931,1.2329495,0.3696502,0.59260446,0.41973615,0.64034504,-0.05008596
932,1.5007972,0.42831936,0.53613055,0.3751556,0.9646666,0.053163767
933,0.3632961,0.19789566,0.18656325,0.14406952,0.17673284,0.05382614
934,0.19248125,0.04206306,0.05079359,0.036598317,0.14168766,0.005464744
935,0.17071824,0.132797,0.115009286,0.09358889,0.055708952,0.039208114
936,1.7456387,0.6341653,0.75536066,0.5277973,0.99027807,0.106368005
937,0.40336418,0.24801692,0.27135134,0.20779748,0.13201284,0.04021944
938,0.3188153,0.30693758,0.1914557,0.12387482,0.12735958,0.18306276
939,1.5734663,0.48330978,0.7039863,0.5097302,0.86948,-0.026420444
940,1.6715943,0.51855016,0.67746496,0.45775503,0.9941293,0.06079513
941,1.3876182,0.6340012,0.83742446,0.61704004,0.5501937,0.016961157
942,0.8255869,0.4104546,0.43760103,0.325478,0.3879859,0.08497661
943,1.8711697,0.85028887,0.8637713,0.6596688,1.0073984,0.19062006
944,1.0921727,0.4774803,0.6277106,0.43182755,0.46446216,0.045652747
945,0.23215534,0.2738178,0.16225775,0.123557165,0.06989759,0.15026064
946,0.17934781,0.09171558,0.103848174,0.07041058,0.07549964,0.021305002
947,0.0658953,0.04599802,0.029571066,0.021336783,0.036324233,0.024661236
948,1.3208084,0.502118,0.68391615,0.49756306,0.63689226,0.0045549273
949,1.3973565,0.5625225,0.75352603,0.5145105,0.6438305,0.04801196
950,0.14848343,0.054082803,0.07162789,0.055557705,0.07685553,-0.001474902
951,1.8075175,0.8577971,0.96095246,0.68747026,0.84656507,0.17032683
952,1.2401001,0.42837033,0.49178734,0.36473155,0.74831283,0.06363878
953,2.024723,0.6216342,0.8607068,0.60637695,1.1640162,0.015257239
954,0.13911907,-0.014918922,0.069953196,0.04114786,0.06916588,-0.056066785
955,2.0417213,0.8787097,1.0312951,0.7720728,1.0104263,0.10663688
956,2.390259,0.97204536,0.9724673,0.74848974,1.4177917,0.22355562
957,0.613764,0.31059805,0.43108314,0.30187437,0.18268085,0.008723676
958,1.9438391,0.7210638,0.90280867,0.6340034,1.0410304,0.08706039
959,1.0084306,0.35961762,0.48510337,0.35027274,0.52332723,0.009344876
960,0.3383101,0.15975644,0.17862077,0.13538142,0.15968932,0.024375021
961,0.20646387,0.09406367,0.124992594,0.082634486,0.08147128,0.011429183
962,1.3262306,0.43846443,0.6308497,0.46589166,0.6953809,-0.027427226
963,0.0880169,0.020287942,0.068124965,0.053420197,0.019891933,-0.033132255
964,0.27482617,0.24384058,0.18873964,0.13385943,0.08608653,0.10998115
965,1.4221777,0.57734257,0.7577341,0.5557563,0.66444355,0.021586299
966,0.07203134,-0.011219932,0.06450601,0.039319884,0.0075253323,-0.050539814
967,0.19395362,0.11369841,0.10473566,0.07098187,0.08921796,0.04271654
968,0.78676057,0.38749766,0.47596174,0.34037143,0.31079882,0.047126234
969,0.48126107,0.26797447,0.27092093,0.20554915,0.21034014,0.062425315
970,0.674679,0.29584208,0.39020458,0.28447133,0.2844744,0.011370748
971,0.40822038,0.18676725,0.23652431,0.18034253,0.17169607,0.006424725
972,1.6084015,0.6511779,0.87416184,0.640104,0.7342397,0.011073887
973,0.46692684,0.1734746,0.23373933,0.16935343,0.23318751,0.0041211694
974,0.9130452,0.32197273,0.42336386,0.31502882,0.48968136,0.0069439113
975,0.2909942,0.09783667,0.14712177,0.10305431,0.14387242,-0.005217634
976,1.1784284,0.32221842,0.42561117,0.2863104,0.7528173,0.035908014
977,0.7055222,0.3579011,0.45995292,0.34371695,0.24556926,0.014184147
978,0.071263745,0.040974416,0.04065002,0.0323629,0.030613724,0.008611515
979,1.4285581,0.6454201,0.64154494,0.44336772,0.7870132,0.20205235
980,0.9614162,0.5692758,0.6745049,0.5169453,0.2869113,0.052330494
981,0.40311435,0.07948735,0.17224431,0.10401044,0.23087004,-0.024523087
982,1.0686076,0.35231608,0.43578035,0.30584878,0.6328272,0.046467304
983,0.14524813,0.01416483,0.041220047,0.029408202,0.10402808,-0.015243372
984,0.27518925,0.20063716,0.19698036,0.13695984,0.07820889,0.063677326
985,0.2505002,0.11940779,0.111688554,0.076991,0.13881165,0.04241679
986,1.7385237,0.6714508,0.8020185,0.5896805,0.9365052,0.0817703
987,1.420824,0.54170805,0.7283486,0.53145564,0.69247544,0.010252416
988,0.6600155,0.33927122,0.38994145,0.2927447,0.27007407,0.04652652
989,1.3913584,0.6194964,0.72981346,0.5609738,0.6615449,0.058522582
990,0.82088065,0.30292273,0.43852052,0.3169083,0.38236013,-0.013985574
991,1.0474329,0.54712087,0.65186167,0.4992811,0.39557123,0.04783976
992,0.035818573,-0.0018009171,0.033081073,0.022115353,0.0027374998,-0.02391627
993,0.5058723,0.2999732,0.3075965,0.23036218,0.1982758,0.06961101
994,1.101906,0.50975794,0.6682955,0.46769652,0.43361044,0.04206142
995,1.1611707,0.4517773,0.5385891,0.37964526,0.6225816,0.07213205
996,0.87869257,0.14498354,0.20188752,0.13432446,0.676805,0.010659084
997,1.905115,0.56798714,0.67231184,0.48749065,1.2328031,0.08049649
998,1.9964303,0.49375775,0.7104217,0.5134673,1.2860086,-0.019709557
999,0.23152018,0.0938003,0.13311246,0.09397617,0.098407716,-0.00017587095
1000,0.2353958,0.12306203,0.1339161,0.085235976,0.10147971,0.037826054
1001,1.2757931,0.6460018,0.79658365,0.6128224,0.47920942,0.033179402
1002,1.7415035,0.7656605,0.9019542,0.66667944,0.8395493,0.09898108
1003,0.23780587,0.08579536,0.15532999,0.11442838,0.082475886,-0.02863302
1004,0.7306614,0.19286163,0.32538873,0.21790536,0.40527266,-0.025043726
1005,0.2726633,0.087042466,0.14310193,0.1014241,0.12956136,-0.014381632
1006,2.257345,1.0569692,1.0180252,0.7898168,1.2393198,0.26715237
1007,0.10006062,0.08057439,0.07824195,0.05905374,0.021818668,0.021520652
1008,0.44780517,0.20197287,0.23616004,0.1724367,0.21164513,0.029536173
1009,1.1176901,0.5379342,0.6789783,0.5075736,0.43871176,0.03036058
1010,1.7540647,0.72061044,1.0294521,0.7354148,0.7246126,-0.014804363
1011,0.3880196,0.14635788,0.2827004,0.193569,0.1053192,-0.047211125
1012,1.307311,0.33348778,0.55742395,0.3832842,0.7498871,-0.049796432
1013,2.7663329,0.73739684,0.9506828,0.63645166,1.81565,0.100945175
1014,1.0332433,0.5457003,0.60283005,0.46706137,0.43041325,0.07863894
1015,0.69872606,0.24948679,0.30642995,0.22342062,0.3922961,0.02606617
1016,0.60059583,0.2469669,0.24407533,0.1752826,0.3565205,0.0716843
1017,0.12453139,0.10015916,0.06793829,0.051005017,0.056593098,0.049154144
1018,0.009739235,-0.059429273,0.025979549,0.014610531,-0.016240314,-0.0740398
1019,0.1853722,0.030282531,0.091805115,0.06150977,0.09356709,-0.031227238
1020,0.14878745,0.08963304,0.07599793,0.057387333,0.07278953,0.032245707
1021,0.3761951,0.15140475,0.27562758,0.18748327,0.10056752,-0.036078513
1022,0.18241906,0.15345767,0.11860716,0.087958835,0.0638119,0.06549884
1023,1.6724235,0.44652918,0.5928736,0.42390665,1.0795499,0.022622526
1024,0.23765413,0.2343418,0.15046398,0.10724063,0.08719015,0.12710117
1025,0.44148263,0.2642783,0.28324085,0.19890228,0.15824178,0.06537601
1026,0.28720406,0.09234798,0.14935842,0.11043346,0.13784564,-0.01808548
1027,0.26903334,0.20907484,0.13585237,0.07688367,0.13318098,0.13219117
1028,1.1583387,0.41923758,0.4989552,0.3305204,0.6593835,0.08871719
1029,0.5892587,0.30399328,0.3218576,0.25531718,0.26740107,0.048676103
1030,1.2215554,0.65198505,0.7823119,0.56927574,0.43924344,0.08270931
1031,0.5914788,0.3467016,0.29695645,0.22481886,0.29452237,0.12188274
1032,1.6535996,0.5692744,0.78691167,0.5945755,0.86668795,-0.025301099
1033,1.201354,0.623978,0.71707517,0.5390013,0.48427886,0.08497673
1034,0.8591085,0.30018476,0.49244803,0.3347661,0.36666048,-0.034581333
1035,1.1575876,0.5021104,0.5840397,0.4245089,0.57354796,0.07760152
1036,0.418577,0.22064698,0.19177899,0.13153848,0.226798,0.0891085
1037,0.24305023,0.036378562,0.13127613,0.08854811,0.1117741,-0.052169546
1038,0.15013655,0.053249683,0.091318086,0.07098164,0.05881846,-0.017731953
1039,1.5827888,0.56022036,0.7595886,0.5652073,0.8232002,-0.004986942
1040,0.26243925,0.25168353,0.21769778,0.15935807,0.044741467,0.092325464
1041,1.2037417,0.49957985,0.65835726,0.4780717,0.5453844,0.021508157
1042,1.8937579,0.59180367,0.9446886,0.6288703,0.9490693,-0.03706664
1043,0.16388518,0.012439553,0.09712814,0.06470474,0.06675704,-0.052265186
1044,0.17142297,0.083940275,0.10017065,0.07986097,0.07125232,0.0040793046
1045,0.66455644,0.14786017,0.23846324,0.16573444,0.42609322,-0.01787427
1046,0.6332671,0.25135526,0.31633377,0.24015884,0.31693333,0.01119642
1047,0.28509063,0.087749094,0.17886873,0.12127719,0.1062219,-0.033528097
1048,0.16012987,0.12923637,0.07743844,0.051383574,0.08269144,0.0778528
1049,0.85358137,0.3729611,0.40094104,0.29254422,0.45264032,0.08041689
1050,2.387061,1.01225,1.1798894,0.91759634,1.2071717,0.09465361
1051,1.9490963,0.72565705,0.91696775,0.68756425,1.0321286,0.038092792
1052,1.2095126,0.4478165,0.64660853,0.42814112,0.56290406,0.019675374
1053,0.14451754,0.070215136,0.09133951,0.057274222,0.053178027,0.012940913
1054,1.127104,0.32806796,0.5190965,0.3693331,0.60800755,-0.04126513
1055,1.4387747,0.5706687,0.63027555,0.46852642,0.80849916,0.102142274
1056,0.57056946,0.17129779,0.28957066,0.19595245,0.2809988,-0.024654657
1057,0.31582814,0.16885346,0.17355648,0.12231165,0.14227167,0.04654181
1058,0.13263857,0.09900578,0.076523334,0.06072148,0.05611524,0.0382843
1059,0.58610964,0.2837831,0.3013044,0.21096393,0.28480524,0.07281917
1060,0.5967611,0.23404914,0.21933973,0.13402748,0.37742138,0.10002166
1061,2.145307,0.8713861,1.1305091,0.79574275,1.0147979,0.07564336
1062,0.37220165,0.27291337,0.23408441,0.15933219,0.13811724,0.11358118
1063,1.0724727,0.4980276,0.63368964,0.5002633,0.43878305,-0.0022356808
1064,2.8890555,1.3128628,1.3818344,1.0421221,1.5072211,0.27074063
1065,1.3259095,0.5617955,0.74738437,0.5457107,0.5785251,0.01608479
1066,0.9038633,0.66818887,0.6476183,0.5219163,0.25624502,0.1462726
1067,0.3711411,0.22108328,0.1700777,0.114371836,0.20106341,0.10671145
1068,0.31734735,0.11898357,0.15524079,0.10483422,0.16210656,0.014149345
1069,0.314826,0.14309455,0.21092975,0.1472232,0.10389626,-0.00412865
1070,0.7147318,0.26751223,0.3017258,0.21633022,0.413006,0.051182017
1071,0.008356454,-0.053192526,0.014677135,0.009918923,-0.0063206814,-0.06311145
1072,0.36211124,0.14805728,0.1758062,0.13459656,0.18630505,0.013460726
1073,1.9308913,0.71493363,0.84481746,0.5945107,1.0860739,0.12042296
1074,1.204527,0.520261,0.5773935,0.42839408,0.62713355,0.09186691
1075,0.18911271,0.073103614,0.10696484,0.06745897,0.08214787,0.005644642
1076,1.2838268,0.5461048,0.7424965,0.5277418,0.54133034,0.018362999
1077,1.148318,0.48591205,0.57415193,0.41386756,0.5741661,0.07204449
1078,0.017433986,0.05392682,0.02145883,0.013973152,-0.0040248446,0.03995367
1079,2.736946,1.020032,1.2108042,0.88351184,1.5261419,0.1365202
1080,2.011977,0.55684996,0.8485838,0.59597933,1.1633931,-0.039129376
1081,1.3440868,0.454733,0.5985292,0.41427034,0.74555755,0.040462673
1082,0.107269816,0.06780223,0.07125729,0.050458115,0.036012523,0.017344113
1083,0.061139997,0.0770934,0.042848993,0.033703476,0.018291004,0.043389924
1084,-0.018561665,0.15729903,0.021232815,0.008798927,-0.039794482,0.1485001
1085,0.40682307,0.20559238,0.23032527,0.16537336,0.1764978,0.040219024
1086,1.3375257,0.5714625,0.6561521,0.48148856,0.6813736,0.08997396
1087,1.8815578,0.6128537,0.8056215,0.5462907,1.0759363,0.06656301
1088,1.5108384,0.5110219,0.6178824,0.4656269,0.892956,0.045395017
1089,-0.006078616,0.12722088,0.02538217,0.011360419,-0.031460784,0.11586046
1090,1.569233,0.8449649,0.8769809,0.6995031,0.69225204,0.1454618
1091,0.08854456,0.11079134,0.064413406,0.03915028,0.024131157,0.07164106
1092,0.55728555,0.2799707,0.30884832,0.22697131,0.24843723,0.052999392
1093,1.1469038,0.5052134,0.7073469,0.5065008,0.43955684,-0.0012874007
1094,0.5730645,0.2858863,0.3280789,0.22891836,0.24498561,0.05696793
1095,0.43519488,0.19566204,0.2889136,0.20033762,0.14628127,-0.004675582
1096,0.04893888,0.059391923,0.028733432,0.028788224,0.02020545,0.0306037
1097,0.6815332,0.31705022,0.441254,0.3167886,0.24027923,0.0002616048
1098,0.78447205,0.45141548,0.46387592,0.332285,0.32059613,0.11913049
1099,1.893526,0.8233206,1.0933508,0.76151526,0.8001752,0.061805367
1100,0.78626585,0.4222513,0.5061908,0.3712656,0.28007507,0.050985724
1101,1.9630384,0.9091836,1.0651926,0.8179701,0.89784586,0.091213524
1102,0.6921992,0.29963726,0.33832473,0.26276654,0.35387444,0.036870718
1103,0.13484573,0.06152527,0.08538218,0.06627943,0.049463555,-0.0047541633
1104,0.53947705,0.21951112,0.33279726,0.21759029,0.20667979,0.0019208342
1105,0.9656373,0.31920063,0.4742523,0.33162332,0.491385,-0.012422681
1106,0.6456501,0.2570214,0.39561006,0.27793926,0.25004002,-0.020917863
1107,0.18594511,0.08299982,0.076940075,0.054539043,0.109005034,0.028460775
1108,0.8783229,0.41390255,0.4339487,0.30970392,0.4443742,0.104198635
1109,1.7027018,0.63032246,0.74423176,0.543734,0.95847005,0.08658844
1110,1.6470951,0.7906121,0.96722615,0.6769522,0.67986894,0.11365992
1111,0.29875907,0.09897086,0.17610797,0.11861823,0.1226511,-0.019647367
1112,0.91510266,0.48311228,0.56685054,0.41477865,0.34825212,0.068333626
1113,0.14082524,0.058150865,0.07804896,0.052950453,0.06277628,0.005200412
1114,2.1899536,0.662547,0.9549221,0.62976706,1.2350315,0.032779932
1115,0.9028159,0.42161235,0.51396084,0.37252593,0.38885504,0.04908642
1116,1.0507723,0.35512537,0.5115523,0.34529018,0.53922004,0.009835184
1117,0.01110969,-0.014521861,0.010056807,0.0042588483,0.0010528835,-0.01878071
1118,0.36560243,0.11837252,0.24211232,0.17014083,0.12349011,-0.05176831
1119,1.189346,0.4669083,0.67547476,0.50543916,0.5138712,-0.038530856
1120,2.6815188,0.8632616,1.0611042,0.6968516,1.6204146,0.16640997
1121,1.3022218,0.615649,0.7718199,0.5693001,0.5304019,0.04634887
1122,0.24942352,0.16161744,0.13651225,0.084717736,0.11291127,0.07689971
1123,0.05288802,0.040163085,0.021754842,0.013684228,0.031133179,0.026478857
1124,0.19256362,0.111597165,0.0930302,0.06356759,0.099533424,0.04802957
1125,2.7332466,0.92770386,1.1516893,0.8429701,1.5815573,0.084733784
1126,0.07909681,0.002439542,0.039376266,0.021813657,0.039720543,-0.019374115
1127,0.22393504,0.12896463,0.11869216,0.09272547,0.10524288,0.036239162
1128,1.0803999,0.51167005,0.58844966,0.44127497,0.4919502,0.07039508
1129,1.37382,0.6288674,0.7546215,0.53190005,0.61919844,0.09696734
1130,0.1778541,0.08307594,0.10298673,0.07323913,0.074867375,0.009836808
1131,1.1947368,0.44297224,0.463423,0.32348433,0.7313138,0.11948791
1132,0.1229272,0.21357286,0.06546603,0.04598067,0.057461165,0.1675922
1133,1.0557419,0.5008485,0.5888747,0.43909946,0.4668672,0.06174901
1134,0.38019344,0.1460891,0.22709215,0.16154975,0.1531013,-0.01546064
1135,-0.022427257,0.118883215,0.008124131,0.0047773635,-0.030551389,0.11410585
1136,1.1045959,0.4291784,0.51234055,0.34982377,0.59225535,0.079354614
1137,1.4769467,0.67511255,0.81177104,0.6235043,0.6651757,0.051608264
1138,-0.009602738,0.113737546,0.015083423,0.005858856,-0.024686161,0.10787869
1139,1.0837622,0.4202534,0.491589,0.34221822,0.59217316,0.078035176
1140,0.19875887,0.16192679,0.12448867,0.079679936,0.0742702,0.082246855
1141,2.227515,0.8115662,0.75388926,0.5625635,1.4736257,0.2490027
1142,1.6911232,0.57331365,0.7007078,0.49864835,0.99041545,0.07466531
1143,0.20279455,0.075308,0.07406859,0.048379004,0.12872596,0.026928999
1144,0.03296977,-0.015303493,0.034561656,0.024303881,-0.0015918873,-0.039607376
1145,0.30695316,0.08982403,0.1375821,0.09861096,0.16937107,-0.008786932
1146,0.13888629,0.046255022,0.048485126,0.030619934,0.09040116,0.015635088
1147,1.7026742,0.7243864,0.7414068,0.5661565,0.96126735,0.15822989
1148,1.8541511,0.7813557,0.92879283,0.70273626,0.9253583,0.07861942
1149,0.70022017,0.2839275,0.32838044,0.24719949,0.37183973,0.03672801
1150,1.1471543,0.63692796,0.7283815,0.5423197,0.41877282,0.09460825
1151,1.0736027,0.33692494,0.43070358,0.31456357,0.6428991,0.022361368
1152,0.11737588,0.065901764,0.065672114,0.053140424,0.051703766,0.01276134
1153,1.6477429,0.8126245,0.8193426,0.61120427,0.82840025,0.20142025
1154,1.2670159,0.5820395,0.8019804,0.6185984,0.46503556,-0.036558926
1155,2.5282128,0.57456267,0.78460246,0.5613877,1.7436104,0.013174951
1156,1.6683044,0.6334032,0.7468266,0.55452234,0.92147785,0.07888085
1157,0.24349591,0.069834836,0.15489253,0.09740393,0.08860338,-0.027569093
1158,3.0566685,0.8422144,1.1658189,0.7777647,1.8908496,0.06444973
1159,1.180219,0.47209823,0.50607157,0.36304122,0.6741475,0.10905701
1160,0.10945413,0.07466779,0.07200464,0.05343511,0.037449494,0.02123268
1161,1.5138618,0.7616231,0.9026804,0.6587223,0.6111814,0.1029008
1162,0.6275329,0.36005387,0.40832114,0.2842836,0.21921176,0.07577026
1163,3.7232163,1.1565541,1.3874003,1.0113189,2.335816,0.14523518
1164,1.6000441,0.53550977,0.6860406,0.52734053,0.91400355,0.008169234
1165,0.10306448,0.023875806,0.07896238,0.058595072,0.0241021,-0.034719266
1166,0.095703356,0.06494437,0.053680144,0.0468454,0.04202321,0.018098973
1167,2.3251636,0.94098306,1.1575663,0.779186,1.1675973,0.16179705
1168,1.0873919,0.5082136,0.66866046,0.4969059,0.4187314,0.011307687
1169,0.15660617,0.17515366,0.111046985,0.07499837,0.045559183,0.10015529
1170,0.10546873,0.06169489,0.054110657,0.041421518,0.05135807,0.020273373
1171,0.01202515,0.16991718,0.047196195,0.030596387,-0.035171047,0.13932079
1172,0.65411603,0.21817294,0.3417205,0.22244906,0.31239554,-0.0042761266
1173,0.10082825,0.012337083,0.07589168,0.047523543,0.024936572,-0.035186462
1174,0.8821521,0.38498354,0.44072238,0.31743437,0.4414297,0.06754917
1175,0.13954666,0.07789818,0.0858951,0.057168864,0.053651564,0.020729318
1176,1.3760247,0.38899258,0.5531947,0.3894561,0.82283,-0.00046351552
1177,0.9575293,0.35590377,0.63585794,0.3911439,0.32167137,-0.035240114
1178,1.8861771,0.84153414,0.8886113,0.6458639,0.99756575,0.19567025
1179,0.9434321,0.45332506,0.54594725,0.37950015,0.39748484,0.07382491
1180,0.29733104,0.16829821,0.19289237,0.15332256,0.10443866,0.014975652
1181,1.2728311,0.3830726,0.5746675,0.4310153,0.69816357,-0.047942698
1182,0.06918676,0.019690758,0.051901884,0.03900289,0.017284878,-0.019312134
1183,0.34835514,0.1691827,0.21262343,0.1429154,0.13573171,0.026267305
1184,3.5572722,1.2803755,1.3323145,0.89507616,2.2249577,0.38529932
1185,0.76990765,0.32066157,0.36812538,0.27040908,0.40178227,0.050252497
1186,1.6455961,0.76530606,0.9418911,0.69144267,0.7037051,0.07386339
1187,0.03779438,-0.054642085,0.04509724,0.027002117,-0.007302858,-0.0816442
1188,0.6618936,0.38812056,0.40799206,0.31883606,0.25390154,0.0692845
1189,0.4209735,0.13810524,0.2553225,0.15305836,0.16565102,-0.014953122
1190,0.69058275,0.25768083,0.40679306,0.29365712,0.2837897,-0.03597629
1191,0.50832003,0.15618113,0.26899606,0.16747382,0.23932397,-0.011292696
1192,0.2941796,0.09620693,0.19064417,0.13431661,0.103535414,-0.038109675
1193,0.3543691,0.2786441,0.2304599,0.18066253,0.123909205,0.09798159
1194,1.8878722,0.70799685,0.9578166,0.6942739,0.9300556,0.013722956
1195,0.29329216,0.10731817,0.12765792,0.09556987,0.16563424,0.011748299
1196,1.9694483,0.47421142,0.59167594,0.4140307,1.3777723,0.060180724
1197,1.1877718,0.5466913,0.7871943,0.5395464,0.4005775,0.007144928
1198,0.0574781,0.0054720156,0.05651342,0.034374468,0.0009646788,-0.028902452
1199,0.58810174,0.24786523,0.36798298,0.2366497,0.22011876,0.011215523
1200,1.2142131,0.5927211,0.70113003,0.5003193,0.5130831,0.0924018
1201,1.0027354,0.4816405,0.6073315,0.42690182,0.39540386,0.05473867
1202,0.82344127,0.43831548,0.4787751,0.33101022,0.34466615,0.10730526
1203,2.3141422,0.77093536,0.7365873,0.54460585,1.577555,0.2263295
1204,0.09684962,0.038310993,0.04750362,0.031033468,0.049346,0.007277526
1205,0.35370174,0.15487199,0.20476672,0.15229933,0.14893502,0.0025726557
1206,0.7012284,0.261017,0.34503365,0.24698138,0.35619473,0.014035612
1207,1.9967268,0.79844785,1.060779,0.72381145,0.9359478,0.0746364
1208,0.8606378,0.4023301,0.58021975,0.4044444,0.28041804,-0.002114296
1209,1.8664911,0.64325464,0.8601452,0.6075033,1.0063459,0.035751343
1210,1.3422631,0.49938604,0.61451674,0.44434142,0.72774637,0.05504462
1211,2.2552676,0.4906722,0.72927964,0.52625906,1.525988,-0.035586864
1212,1.5241941,0.56155896,0.7059767,0.5319551,0.8182174,0.029603839
1213,1.7114173,0.6119215,0.7545533,0.55441487,0.956864,0.05750662
1214,0.17792891,0.09186754,0.10266648,0.07679003,0.07526243,0.015077509
1215,0.62664956,0.35372728,0.4045604,0.30826774,0.22208917,0.04545954
1216,1.470197,0.5640554,0.6550596,0.4540987,0.8151374,0.10995668
1217,2.5633361,0.7380415,1.0537611,0.66996735,1.509575,0.06807417
1218,3.3847966,1.2193965,1.4985789,1.1327754,1.8862177,0.086621046
1219,1.2034826,0.49387598,0.70442975,0.52465594,0.49905288,-0.030779958
1220,0.6831055,0.27383396,0.31248456,0.1995219,0.37062097,0.07431206
1221,1.2248031,0.5658597,0.7010621,0.52446526,0.523741,0.041394413
1222,0.74865246,0.3682133,0.520331,0.36750367,0.22832143,0.0007096231
1223,0.68404794,0.23326302,0.43135366,0.28104052,0.25269428,-0.047777504
1224,2.29631,0.91024154,1.216665,0.7534906,1.0796449,0.15675092
1225,0.042465754,0.07325903,0.040286265,0.028961832,0.0021794885,0.044297203
1226,0.8295909,0.42237496,0.46214062,0.3573791,0.3674503,0.064995855
1227,0.43859938,0.14835542,0.21511307,0.15341966,0.2234863,-0.005064234
1228,1.0332286,0.527761,0.6138884,0.43804455,0.41934025,0.089716434
1229,0.10226388,0.057851378,0.048603497,0.033852287,0.053660385,0.023999091
1230,0.17424661,0.091885015,0.13176301,0.1067275,0.042483598,-0.014842488
1231,0.6115725,0.29534054,0.3512671,0.27431393,0.2603054,0.021026611
1232,0.07761753,0.15973337,0.06633488,0.047793355,0.011282653,0.11194001
1233,0.27547416,0.091744095,0.12405108,0.09607239,0.15142308,-0.0043282956
1234,0.61143625,0.29527053,0.3823626,0.2817527,0.22907364,0.013517827
1235,1.1431017,0.353126,0.45182356,0.30059528,0.6912781,0.052530706
1236,0.8630056,0.46424696,0.4791996,0.36175227,0.383806,0.10249469
1237,0.20559005,0.052685186,0.09560826,0.07017715,0.1099818,-0.017491966
1238,1.4954333,0.7146179,0.78046536,0.58140033,0.71496797,0.13321757
1239,1.9051067,0.7424884,0.92194253,0.6552969,0.98316413,0.08719146
1240,0.4656779,0.25224492,0.26937085,0.16846517,0.19630703,0.08377975
1241,0.98306066,0.44043747,0.559257,0.38373297,0.4238037,0.05670449
1242,0.19985603,0.05960009,0.07517125,0.05163629,0.12468478,0.007963799
1243,0.11568826,0.16143961,0.047872722,0.03582688,0.067815535,0.12561274
1244,0.45492634,0.1916623,0.2873763,0.20429368,0.16755003,-0.0126313865
1245,1.6670383,0.6666794,0.87806207,0.6449094,0.78897625,0.02177
1246,1.3209848,0.4527551,0.58779544,0.4279545,0.7331894,0.024800599
1247,0.26173565,0.13369487,0.20613596,0.14664848,0.05559969,-0.012953609
1248,1.3137814,0.5675153,0.63526523,0.42771944,0.67851615,0.13979587
1249,0.038203698,0.03200524,0.02900448,0.02444323,0.009199217,0.0075620096
1250,1.6929592,0.6842366,0.8974654,0.6467545,0.7954938,0.037482083
1251,0.78248197,0.42981046,0.49594212,0.3893179,0.28653985,0.040492564
1252,1.111524,0.4603513,0.61276424,0.41098422,0.49875975,0.04936707
1253,1.3517132,0.62162435,0.75405836,0.5254675,0.5976548,0.096156836
1254,0.95444304,0.42523634,0.41242042,0.3071053,0.5420226,0.11813104
1255,0.101634644,0.09227823,0.06340017,0.056731004,0.038234472,0.035547223
1256,0.7970957,0.28386346,0.43443426,0.28765863,0.36266145,-0.0037951767
1257,0.7855632,0.34674308,0.46558017,0.356632,0.319983,-0.009888917
1258,0.30779883,0.08074291,0.15254098,0.09931816,0.15525785,-0.018575251
1259,0.16990584,0.0012804241,0.108416535,0.060512282,0.061489306,-0.05923186
1260,0.2771587,0.06765761,0.099032186,0.06306494,0.17812651,0.004592672
1261,1.6010287,0.62655294,0.7332631,0.5221607,0.8677656,0.10439223
1262,0.80482125,0.30480462,0.40298468,0.28170165,0.40183657,0.023102969
1263,1.4334034,0.6109976,0.6374281,0.4650554,0.79597527,0.14594221
1264,0.34903193,0.11847316,0.18863016,0.13248503,0.16040176,-0.014011875
1265,0.72808987,0.42578655,0.5160405,0.38777822,0.21204937,0.038008332
1266,1.7924225,0.58254087,0.764119,0.50061625,1.0283035,0.08192462
1267,1.8246418,0.5619732,0.71987283,0.5027679,1.104769,0.059205294
1268,0.6739902,0.34103107,0.3616343,0.25461897,0.31235588,0.0864121
1269,1.0925225,0.516803,0.6199965,0.46665937,0.472526,0.05014366
1270,1.3730052,0.68314236,0.90251464,0.66697437,0.47049052,0.016167998
1271,0.17022783,0.08965785,0.09865197,0.073467925,0.07157586,0.016189925
1272,0.110406876,0.0023460086,0.061449908,0.03641174,0.048956968,-0.03406573
1273,1.931813,0.5847829,0.71285254,0.53289795,1.2189605,0.05188495
1274,0.35761446,0.06949956,0.1530945,0.08877996,0.20451996,-0.019280404
1275,0.91128945,0.44893017,0.48431736,0.37020048,0.4269721,0.07872969
1276,1.1703501,0.62349653,0.7416876,0.5278884,0.42866248,0.095608115
1277,0.04190612,0.042699378,0.035844862,0.030440167,0.006061256,0.012259211
1278,0.7200141,0.3441039,0.4364747,0.2988556,0.28353938,0.0452483
1279,0.84883046,0.4749401,0.536818,0.4021356,0.31201243,0.07280448
1280,1.5485728,0.74493396,0.9003394,0.69570667,0.64823335,0.049227297
1281,2.031521,0.6829804,0.81412524,0.5876804,1.2173958,0.09530002
1282,1.4832175,0.5465622,0.80756664,0.5486249,0.67565084,-0.0020626783
1283,0.2738268,0.099607944,0.12837729,0.097651385,0.14544952,0.0019565597
1284,2.4043043,0.8365354,0.96695215,0.7433654,1.4373522,0.09316999
1285,0.57617444,0.10094912,0.22775629,0.14226408,0.34841815,-0.04131496
1286,0.14906995,0.019548818,0.07210251,0.052195888,0.07696744,-0.03264707
1287,0.98773015,0.36566067,0.57046837,0.39372164,0.41726178,-0.028060973
1288,0.8772578,0.29450107,0.4062768,0.26498204,0.47098103,0.029519022
1289,1.1025773,0.5347927,0.6134809,0.44466275,0.4890964,0.09012997
1290,0.25307462,0.13712257,0.13517182,0.08738994,0.1179028,0.049732633
1291,0.24693455,0.13725331,0.14989448,0.11802516,0.09704007,0.019228153
1292,2.6918478,0.8517434,1.081395,0.8095025,1.6104528,0.042240918
1293,0.42994463,0.23419036,0.28477103,0.19322735,0.14517361,0.04096301
1294,0.2827277,0.16401857,0.16643718,0.10707678,0.11629051,0.056941792
1295,1.4058225,0.52248925,0.6676805,0.4517489,0.738142,0.07074034
1296,0.19277294,0.09242808,0.1214387,0.08955626,0.07133424,0.0028718188
1297,0.24756493,0.07470423,0.13083103,0.08814354,0.116733894,-0.013439313
1298,1.7222857,0.80956084,0.9599473,0.70249444,0.76233846,0.10706639
1299,0.51087785,0.21812333,0.20053844,0.13897923,0.3103394,0.079144105
1300,0.95675766,0.46725166,0.6012088,0.40151602,0.35554886,0.06573564
1301,1.5623862,0.4300754,0.63974416,0.47399005,0.922642,-0.043914646
1302,0.86873895,0.48213494,0.60192233,0.4500514,0.26681662,0.03208354
1303,0.7640979,0.42456582,0.45928574,0.33537525,0.3048122,0.08919057
1304,0.15964977,0.10156937,0.077098474,0.058863796,0.0825513,0.042705573
1305,1.1776139,0.5568068,0.7001289,0.49157065,0.47748494,0.06523615
1306,1.3283182,0.59376985,0.7465002,0.53296775,0.58181804,0.060802102
1307,0.12615642,0.064691395,0.06634095,0.05328667,0.059815466,0.011404723
1308,0.24321401,0.061918925,0.119009554,0.08364272,0.12420446,-0.021723796
1309,0.3563316,0.12686041,0.16741358,0.11521689,0.18891801,0.0116435215
1310,0.839368,0.4781338,0.594145,0.45106143,0.24522299,0.02707237
1311,0.6722271,0.28315675,0.42137378,0.31348133,0.2508533,-0.030324578
1312,0.95366096,0.22398573,0.2782157,0.21338852,0.67544526,0.010597214
1313,0.9771883,0.44260642,0.5182653,0.3778098,0.45892298,0.06479663
1314,2.0452085,1.1115828,1.1965854,0.8750769,0.84862304,0.23650587
1315,2.0090036,1.1706983,1.2984349,1.0137953,0.7105688,0.15690303
1316,0.2568526,0.0819147,0.1581429,0.10748931,0.0987097,-0.02557461
1317,1.3562734,0.55456936,0.64713347,0.48679644,0.70913994,0.067772925
1318,0.15836205,0.06045345,0.08631923,0.056936286,0.072042815,0.003517162
1319,0.48653954,0.140439,0.30105004,0.18168767,0.1854895,-0.041248664
1320,0.4628246,0.4464459,0.3613449,0.2688573,0.10147971,0.17758861
1321,0.77285975,0.44047287,0.4765564,0.35167497,0.29630336,0.0887979
1322,1.314597,0.55781156,0.6433026,0.46153513,0.6712944,0.09627643
1323,0.6405297,0.17392918,0.3522445,0.21838419,0.2882852,-0.044455007
1324,3.0766592,1.1662594,1.2702115,0.9372939,1.8064477,0.22896552
1325,1.5112302,0.48233345,0.5857288,0.4444405,0.9255014,0.037892938
1326,2.1432252,0.8557196,1.0266168,0.71405476,1.1166084,0.14166486
1327,0.07216048,-0.04614083,0.05099497,0.024519209,0.021165513,-0.07066004
1328,0.4916994,0.16216151,0.25352687,0.17267476,0.23817253,-0.010513246
1329,1.0034862,0.42314735,0.50993097,0.35634723,0.4935552,0.06680012
1330,2.4119318,0.9761613,1.1335955,0.7530083,1.2783363,0.223153
1331,0.111971244,0.041052032,0.06715222,0.05342277,0.044819027,-0.012370739
1332,0.8819702,0.46088353,0.5560171,0.40671343,0.32595313,0.054170102
1333,0.6850021,0.32982084,0.3869288,0.2837183,0.2980733,0.046102554
1334,0.201066,0.03309372,0.1023304,0.07121627,0.0987356,-0.03812255
1335,1.7199004,0.5629915,0.75405174,0.55044925,0.9658486,0.012542248
1336,0.3655094,0.102489695,0.16698503,0.1248045,0.19852436,-0.022314802
1337,1.0321391,0.49146134,0.6046588,0.44982687,0.42748028,0.04163447
1338,0.30547398,0.108231746,0.16909316,0.13322659,0.13638082,-0.024994843
1339,0.84754986,0.3866264,0.4732643,0.32436988,0.37428555,0.062256515
1340,1.2204453,0.6004314,0.66352147,0.47677097,0.5569238,0.123660415
1341,0.17034307,0.064437464,0.078277014,0.058525324,0.09206606,0.00591214
1342,1.8873241,0.6390061,0.8640453,0.6034762,1.0232787,0.035529852
1343,1.8514179,0.48395076,0.6175415,0.43684706,1.2338765,0.047103703
1344,0.11904008,0.090365626,0.063867845,0.04846885,0.055172235,0.041896775
1345,0.28216356,0.18377328,0.13967688,0.1034293,0.14248668,0.08034398
1346,1.4628172,0.5988229,0.77769977,0.5542277,0.6851174,0.044595182
1347,0.20613539,0.08363114,0.10053184,0.07249297,0.10560355,0.011138171
1348,1.5203882,0.73860985,0.9817513,0.6956047,0.5386369,0.04300517
1349,1.1842982,0.46196526,0.5521606,0.39968184,0.63213754,0.062283427
1350,0.06816603,0.06978961,0.052381434,0.03115042,0.015784599,0.03863919
1351,1.1590595,0.3387429,0.54358846,0.3648941,0.61547107,-0.02615118
1352,1.4727328,0.22530039,0.32997656,0.23021623,1.1427562,-0.0049158484
1353,0.3897297,0.13608599,0.18063243,0.1322177,0.20909728,0.0038682818
1354,0.20423728,0.1244007,0.10560147,0.06793004,0.098635815,0.056470655
1355,3.350776,0.9278451,1.1717384,0.7524301,2.1790376,0.17541504
1356,0.06977689,-0.031332377,0.05331856,0.03647513,0.016458333,-0.06780751
1357,0.026389085,-0.023434984,0.031626657,0.022792604,-0.005237572,-0.04622759
1358,0.40256098,0.18887663,0.24822137,0.18315005,0.15433961,0.005726576
1359,1.051956,0.33638573,0.45904583,0.318071,0.59291023,0.01831472
1360,0.09862631,0.015448061,0.082518354,0.060619526,0.016107954,-0.045171466
1361,1.6783669,0.54065967,0.69434625,0.44912463,0.98402065,0.09153503
1362,0.26027226,0.1503432,0.14671157,0.1147037,0.11356069,0.035639495
1363,2.3110569,0.70084393,1.007789,0.6399278,1.3032678,0.060916126
1364,2.8335743,0.9642023,1.0327036,0.7998129,1.8008707,0.16438937
1365,0.61249536,0.2448725,0.32938468,0.21896401,0.28311068,0.025908485
1366,0.15102708,0.057431117,0.08067116,0.058301605,0.07035592,-0.0008704886
1367,-0.0045950636,-0.06865059,0.0010477784,0.00018275993,-0.005642842,-0.06883335
1368,0.13913873,0.048919573,0.066717595,0.04712054,0.07242113,0.0017990321
1369,1.6203711,0.64802885,0.83538646,0.60297066,0.78498465,0.04505819
1370,1.8493001,0.5685268,0.65455556,0.47105008,1.1947446,0.09747672
1371,0.25738737,0.0912749,0.16898821,0.12015377,0.08839916,-0.028878868
1372,2.6456404,0.86424553,0.934093,0.6739971,1.7115474,0.19024843
1373,0.9234872,0.6369637,0.5522234,0.4441833,0.3712638,0.19278044
1374,0.37800503,0.21322443,0.2915701,0.22103973,0.08643493,-0.007815301
1375,0.3669186,0.26402408,0.21371882,0.1556679,0.15319978,0.10835618
1376,0.28925267,0.11918973,0.140296,0.10814091,0.14895667,0.011048824
1377,1.9809519,0.9191557,1.0196579,0.7907212,0.96129405,0.12843454
1378,0.19900477,0.08831077,0.087071024,0.06570212,0.111933745,0.022608653
1379,1.4620157,0.634675,0.77434283,0.5603285,0.6876729,0.07434654
1380,1.0135618,0.4540507,0.58832693,0.4302535,0.4252349,0.023797184
1381,0.17608216,0.09831261,0.1027781,0.07173201,0.073304065,0.026580602
1382,0.28450176,0.21562868,0.19232444,0.12503569,0.09217732,0.090592995
1383,0.21072076,0.13197881,0.11279094,0.07815537,0.09792982,0.05382344
1384,1.528197,0.4100378,0.66142285,0.43775573,0.8667742,-0.027717948
1385,2.1399431,0.70692873,0.9257296,0.5661205,1.2142136,0.14080822
1386,2.500236,0.5427161,0.97718704,0.54109716,1.523049,0.0016189218
1387,0.056093946,0.062455162,0.034306906,0.027835693,0.02178704,0.03461947
1388,1.2428209,0.5322013,0.8030971,0.5710086,0.43972373,-0.038807333
1389,0.3989832,0.1698913,0.20398185,0.14377391,0.19500136,0.026117384
1390,1.8198279,0.7166095,0.81358373,0.6014277,1.0062442,0.1151818
1391,1.043785,0.42274305,0.6218447,0.42278704,0.42194027,-4.3988228e-05
1392,1.6684167,0.64683783,0.7541754,0.55187607,0.9142413,0.09496176
1393,0.15003166,-0.0062390254,0.11168571,0.07019882,0.038345948,-0.076437846
1394,1.1545807,0.44226873,0.63750714,0.46675617,0.5170736,-0.024487436
1395,0.06339733,0.046896875,0.040272705,0.03526492,0.023124628,0.011631954
1396,1.867786,0.4602717,0.5953697,0.40745178,1.2724164,0.052819908
1397,0.72169614,0.42174998,0.4695832,0.36712697,0.25211293,0.054623008
1398,0.40819615,0.17031942,0.2165409,0.1640891,0.19165525,0.0062303245
1399,1.3823463,0.49469703,0.5919102,0.45051032,0.7904361,0.04418671
1400,0.27447432,0.31517568,0.21981499,0.17409737,0.054659337,0.14107831
1401,0.166026,0.09143871,0.11766078,0.0978986,0.048365213,-0.006459892
1402,1.6673659,0.49409193,0.5643314,0.4252173,1.1030345,0.06887463
1403,0.9795815,0.5040246,0.614924,0.4605102,0.36465746,0.04351443
1404,1.9065442,0.87819934,1.0855256,0.84271014,0.8210186,0.0354892
1405,1.554635,0.6459431,0.8102358,0.59620064,0.74439925,0.04974246
1406,0.4351343,0.23830192,0.25516695,0.17729259,0.17996734,0.061009333
1407,1.0378191,0.52148515,0.664855,0.49251023,0.37296414,0.02897492
1408,1.6329458,0.64683676,0.7439946,0.54473007,0.8889512,0.10210669
1409,0.4185841,0.20773947,0.20457427,0.14108554,0.21400984,0.06665394
1410,1.5785149,0.7750811,0.88960534,0.5932534,0.6889096,0.18182772
1411,1.4480807,0.35979873,0.52650416,0.36583242,0.9215765,-0.006033689
1412,0.3883664,0.16730484,0.23062608,0.17158082,0.15774032,-0.0042759776
1413,1.3282616,0.42004335,0.63599426,0.4099794,0.69226736,0.010063946
1414,0.8144615,0.4032257,0.4044438,0.30006844,0.41001773,0.10315725
1415,2.0606556,0.33327073,0.4587502,0.2949256,1.6019053,0.03834513
1416,0.10526068,0.06490436,0.056606125,0.041001886,0.048654553,0.023902476
1417,0.68779296,0.21606186,0.37286618,0.2677853,0.31492677,-0.05172345
1418,0.08695413,0.044371538,0.046833932,0.034244176,0.0401202,0.010127362
1419,0.21341275,0.083079204,0.15195437,0.11882707,0.06145838,-0.035747863
1420,1.1479764,0.48153833,0.66267645,0.4703393,0.48529994,0.011199027
1421,0.07319443,-0.0113443695,0.041418772,0.032673717,0.031775657,-0.044018086
1422,2.070743,0.8995874,1.0046699,0.75748694,1.0660732,0.14210045
1423,0.37491944,0.14556804,0.19933899,0.13724987,0.17558046,0.008318171
1424,0.0120853735,0.12762405,0.03591659,0.020528445,-0.023831215,0.10709561
1425,0.18417008,0.28199735,0.09925506,0.054465126,0.08491502,0.22753222
1426,0.27699307,0.06295267,0.15095168,0.097829446,0.12604138,-0.03487678
1427,0.57076967,0.21596824,0.28290373,0.1963459,0.28786594,0.01962234
1428,0.2917275,0.1252689,0.20230882,0.14735219,0.089418694,-0.022083282
1429,1.7075391,0.6526572,0.70135015,0.5239663,1.0061889,0.1286909
1430,0.5752982,0.30057022,0.3401084,0.26233917,0.2351898,0.038231045
1431,1.4456149,0.5380302,0.6659463,0.48498154,0.7796686,0.05304867
1432,0.12424764,0.08899049,0.07676333,0.058873903,0.04748431,0.030116584
1433,1.8280672,0.47712046,0.56851774,0.39820063,1.2595494,0.07891983
1434,0.39035913,0.18856198,0.22363186,0.1494519,0.16672727,0.03911008
1435,1.3661388,0.37154636,0.5564394,0.35938612,0.8096994,0.012160242
1436,0.5897972,0.20919804,0.2951344,0.20096166,0.2946628,0.008236378
1437,0.51084214,0.28315377,0.326936,0.23546,0.18390614,0.047693774
1438,1.5165704,0.6362811,0.8655256,0.6374395,0.65104485,-0.0011584163
1439,0.11010992,0.1400128,0.06543848,0.04892646,0.04467144,0.09108634
1440,1.3124727,0.6327696,0.75445956,0.5694203,0.55801314,0.06334931
1441,1.4338264,0.3959249,0.5738064,0.39041787,0.86002004,0.005507022
1442,0.20787358,0.099312685,0.10753931,0.08187453,0.10033427,0.017438158
1443,0.22665964,0.12958458,0.10987596,0.0863582,0.11678368,0.043226384
1444,0.091922306,0.06491168,0.08220271,0.06818099,0.009719595,-0.0032693148
1445,0.19842699,0.06948659,0.14281973,0.08899133,0.05560726,-0.01950474
1446,1.9686863,0.6740326,0.94377023,0.581988,1.0249162,0.09204465
1447,1.2192335,0.30283773,0.3859307,0.26416093,0.83330286,0.0386768
1448,-0.017254457,0.15152816,0.019160485,0.0076861745,-0.036414944,0.143842
1449,1.5929366,0.63074625,0.74136096,0.5182117,0.8515757,0.11253452
1450,0.7783738,0.3002646,0.44360948,0.31950045,0.3347643,-0.01923585
1451,1.6508154,0.65212566,0.72066677,0.5185646,0.9301486,0.13356107
1452,1.0013865,0.49427417,0.53864366,0.3967913,0.46274287,0.09748286
1453,2.0650165,0.8640945,1.2351853,0.83331347,0.82983124,0.03078103
1454,1.0679029,0.4509214,0.58998084,0.4598542,0.47792208,-0.008932799
1455,0.24498832,0.1623457,0.12917209,0.08193507,0.115816236,0.08041064
1456,0.12109545,0.19202164,0.08586585,0.057052843,0.0352296,0.13496879
1457,0.967749,0.5074656,0.55036044,0.41847396,0.41738856,0.08899164
1458,0.12901126,0.15633108,0.09530187,0.06327902,0.033709392,0.09305206
1459,0.06418111,0.064146355,0.049517836,0.04110389,0.014663275,0.023042466
1460,1.226175,0.5668353,0.6911215,0.51608676,0.53505343,0.050748527
1461,0.63073033,0.20658024,0.23227003,0.17205814,0.3984603,0.0345221
1462,2.231772,0.8216147,1.0661836,0.7820168,1.1655884,0.03959787
1463,1.3404921,0.45625722,0.6092404,0.43928462,0.7312517,0.016972601
1464,1.1161069,0.5027421,0.64733136,0.4635071,0.4687755,0.039235026
1465,0.2603061,0.25089765,0.17142795,0.12389098,0.08887814,0.12700666
1466,3.1007702,0.97302055,1.0243826,0.78658676,2.0763876,0.18643379
1467,1.8998193,0.79442334,0.8301897,0.6102905,1.0696295,0.18413281
1468,0.2477659,0.020629333,0.1077167,0.07372628,0.14004919,-0.05309695
1469,0.5427059,0.3189468,0.31644887,0.22698279,0.22625703,0.09196402
1470,0.5499319,0.18356575,0.3848791,0.25187343,0.16505277,-0.06830768
1471,0.4547996,0.17401311,0.29570627,0.21099767,0.15909332,-0.036984563
1472,0.57092196,0.25428236,0.33128923,0.21529555,0.23963273,0.038986802
1473,2.8144565,0.6492418,0.8882499,0.60515654,1.9262066,0.044085264
1474,0.28156778,0.098167285,0.1258875,0.092334665,0.15568028,0.00583262
1475,1.7022473,0.61329144,0.6589218,0.48829776,1.0433254,0.12499368
1476,4.1148324,1.3004259,1.3940499,1.0461222,2.7207825,0.2543037
1477,-0.013401475,0.109214045,0.0095264595,0.0025210772,-0.022927934,0.10669297
1478,1.0331337,0.4143617,0.7442385,0.47218847,0.28889525,-0.057826787
1479,1.8339103,0.53508615,0.5515469,0.4411312,1.2823634,0.09395495
1480,0.27602458,0.13971148,0.12518093,0.08626975,0.15084365,0.053441733
1481,0.70019776,0.346274,0.35183296,0.2710817,0.3483648,0.0751923
1482,1.4045576,0.49414882,0.59847516,0.39932722,0.8060824,0.0948216
1483,2.2816339,0.8112098,0.9713532,0.72392505,1.3102807,0.087284744
1484,0.13481912,0.16261417,0.08708861,0.0631624,0.047730513,0.099451765
1485,1.0065694,0.45324782,0.5595048,0.3953399,0.44706458,0.05790791
1486,0.30207574,0.07801525,0.14663258,0.103740156,0.15544316,-0.025724903
1487,0.98907065,0.37875876,0.5536097,0.35771522,0.43546093,0.021043539
1488,0.44555372,0.17365573,0.26134124,0.17644508,0.18421248,-0.0027893484
1489,1.4248416,0.6941171,0.7242757,0.50806457,0.70056593,0.18605256
1490,0.15851812,0.08935688,0.08494002,0.06659295,0.0735781,0.02276393
1491,0.24987377,0.21423392,0.15478149,0.11046219,0.09509228,0.10377173
1492,0.5689036,0.13582462,0.18936379,0.11591311,0.37953985,0.019911513
1493,0.15282516,0.040340982,0.057522185,0.03783847,0.09530298,0.0025025122
1494,0.09159078,0.026784109,0.02891767,0.024025487,0.06267311,0.0027586222
1495,1.1834314,0.4924531,0.690141,0.49352425,0.49329036,-0.0010711551
1496,1.0885994,0.56292313,0.60696834,0.4245665,0.4816311,0.13835663
1497,0.29254168,0.11937317,0.1639301,0.11673119,0.12861158,0.0026419833
1498,0.7655485,0.34473035,0.48438102,0.32862443,0.2811675,0.01610592
1499,1.2785549,0.6051465,0.7824143,0.55450976,0.4961406,0.05063677
1500,0.75142205,0.19145463,0.31457,0.20548603,0.43685204,-0.014031395
1501,0.76117224,0.35263324,0.42403808,0.31390595,0.33713415,0.038727283
1502,0.33521447,0.12028177,0.18887015,0.13421719,0.14634432,-0.013935417
1503,1.1548808,0.56506383,0.7736011,0.5825406,0.38127965,-0.017476737
1504,0.9631176,0.3714878,0.60460806,0.39938182,0.35850954,-0.02789402
1505,0.1668775,0.11414315,0.10252698,0.07809599,0.064350516,0.03604716
1506,0.96468836,0.36198407,0.462645,0.33383822,0.50204337,0.02814585
1507,2.1355677,0.72796005,0.8075346,0.55031013,1.3280331,0.17764992
1508,0.49590433,0.32780948,0.32284325,0.23896746,0.17306107,0.08884202
1509,0.8612091,0.37904924,0.4864884,0.32388693,0.3747207,0.05516231
1510,0.32035926,0.18294354,0.19187346,0.14453049,0.1284858,0.038413048
1511,1.1513996,0.39234453,0.5480727,0.39901274,0.6033269,-0.00666821
1512,1.5361084,0.7037148,0.8972419,0.6220988,0.6388665,0.081615984
1513,0.2634093,0.13149127,0.15490364,0.087939925,0.10850565,0.04355135
1514,0.69382226,0.4317611,0.4103321,0.30566388,0.28349015,0.1260972
1515,0.13214621,0.06752612,0.07398208,0.05558739,0.058164127,0.011938728
1516,2.805454,1.0064881,1.189689,0.8878657,1.615765,0.11862236
1517,0.8031937,0.4378773,0.44679078,0.3489926,0.3564029,0.08888471
1518,1.8779693,0.6299225,0.6926137,0.49214187,1.1853555,0.13778064
1519,0.24321444,0.11347441,0.13811561,0.09338747,0.10509883,0.020086937
1520,1.5487028,0.48473552,0.67489743,0.46351337,0.8738054,0.021222144
1521,0.9238209,0.50465614,0.5768974,0.4361132,0.34692353,0.06854293
1522,1.0340192,0.41565585,0.639551,0.46553183,0.39446825,-0.049875975
1523,2.4045405,0.77482486,0.9477166,0.65057546,1.456824,0.1242494
1524,1.7818571,0.5319863,0.6401214,0.4774881,1.1417358,0.054498196
1525,1.8971161,0.5414954,0.7920681,0.53214777,1.105048,0.009347618
1526,0.9841312,0.23878792,0.31109658,0.21700053,0.67303467,0.02178739
1527,1.7503306,0.66355157,0.7239229,0.5349194,1.0264077,0.12863219
1528,0.43725508,0.15429416,0.18891783,0.14095646,0.24833725,0.013337702
1529,0.3318266,0.13953039,0.16985312,0.129849,0.16197348,0.009681389
1530,0.12861806,0.06140373,0.08647447,0.06277901,0.04214359,-0.0013752803
1531,0.6594212,0.29221785,0.40604663,0.3044353,0.25337458,-0.012217462
1532,1.1057268,0.5361388,0.5624751,0.42412797,0.54325175,0.11201081
1533,0.4274007,0.31952205,0.3061405,0.23368375,0.121260196,0.0858383
1534,0.117886886,0.05188826,0.056545816,0.048875596,0.06134107,0.0030126646
1535,0.26542473,0.08166121,0.12742111,0.08577848,0.13800362,-0.004117273
1536,1.2015827,0.48107108,0.6660686,0.44384852,0.53551406,0.037222564
1537,1.2531068,0.47404617,0.6262644,0.44741002,0.62684244,0.026636153
1538,2.4779193,1.1162505,1.2554306,0.943165,1.2224888,0.17308551
1539,1.2259779,0.49221072,0.6099611,0.42701858,0.6160168,0.06519213
1540,1.2926146,0.57895875,0.5710506,0.4205245,0.721564,0.15843424
1541,2.367782,0.7134933,1.0572875,0.6892015,1.3104947,0.024291813
1542,2.2319016,0.8640904,1.168961,0.7647308,1.0629406,0.09935957
1543,2.1954334,0.86045235,1.0625119,0.7523373,1.1329215,0.10811508
1544,1.2321514,0.4372431,0.5930724,0.4023467,0.639079,0.034896404
1545,0.42083213,0.18014203,0.12626082,0.093293525,0.2945713,0.086848505
1546,0.9914649,0.35354114,0.48231545,0.3213268,0.50914943,0.032214344
1547,1.3414452,0.3778641,0.4936328,0.36574236,0.8478124,0.012121737
1548,0.14188232,0.052048933,0.060467117,0.04680431,0.0814152,0.005244624
1549,0.61150897,0.3201918,0.43050176,0.33333802,0.1810072,-0.013146222
1550,1.0634937,0.32714483,0.45610714,0.32502455,0.6073866,0.0021202862
1551,1.1087142,0.550193,0.6189481,0.48263225,0.48976612,0.06756076
1552,0.11230486,0.18144861,0.096227966,0.056405265,0.016076893,0.12504335
1553,1.774025,0.5541237,0.73330295,0.5257488,1.040722,0.02837491
1554,0.17801157,0.057462066,0.07695485,0.057434987,0.10105672,2.7079135e-05
1555,0.3118638,0.12782888,0.14554587,0.110893086,0.16631794,0.016935796
1556,0.9008093,0.3177477,0.45830283,0.3255078,0.44250646,-0.0077600777
1557,0.031341672,0.058425914,0.02036778,0.01835685,0.010973891,0.040069066
1558,0.9191396,0.44705254,0.51867384,0.37732357,0.4004658,0.06972897
1559,0.8510488,0.4510048,0.521568,0.36950013,0.32948083,0.08150467
1560,0.1677181,0.16974722,0.080542795,0.055737384,0.0871753,0.114009835
1561,0.12336258,0.08665955,0.079774566,0.060741413,0.043588012,0.025918137
1562,0.15947957,0.063881904,0.0694985,0.0490794,0.08998107,0.014802504
1563,0.112888,0.014849613,0.055872478,0.034504037,0.057015523,-0.019654423
1564,0.14774378,0.02396216,0.10234805,0.07463535,0.045395724,-0.050673187
1565,2.4785817,0.94351417,1.2218533,0.83026296,1.2567284,0.11325121
1566,0.80190355,0.28441694,0.3880425,0.2906332,0.41386104,-0.006216258
1567,1.3280816,0.5792978,0.74138135,0.496418,0.58670026,0.08287978
1568,0.1581696,0.04666437,0.08038203,0.0637991,0.07778757,-0.01713473
1569,1.5731088,0.5873127,0.7145738,0.4723,0.858535,0.115012705
1570,0.29179373,0.14585538,0.13633876,0.10139716,0.15545498,0.044458225
1571,0.52965885,0.22606161,0.29573876,0.20673934,0.2339201,0.019322276
1572,0.71713406,0.23660727,0.3180078,0.21663491,0.39912626,0.019972354
1573,0.10474091,0.012780714,0.083591685,0.05233906,0.021149226,-0.039558344
1574,0.18559824,0.07488719,0.08156638,0.055400044,0.10403186,0.019487143
1575,1.4516535,0.7556574,0.8765354,0.68371445,0.57511806,0.071942925
1576,2.2318811,0.627201,0.75688493,0.52349585,1.4749962,0.10370517
1577,1.1975776,0.49036637,0.6222488,0.44603133,0.57532877,0.044335037
1578,3.442669,1.5483348,1.7970089,1.4390396,1.64566,0.10929525
1579,0.17860395,0.064381234,0.105650045,0.07906149,0.0729539,-0.014680259
1580,0.73901963,0.35719666,0.35633618,0.25079665,0.38268346,0.10640001
1581,0.12469407,0.029542018,0.07588856,0.057995595,0.048805512,-0.028453577
1582,0.38564885,0.119079866,0.21187079,0.13827273,0.17377806,-0.019192867
1583,0.5496461,0.27518493,0.31005126,0.22258179,0.23959482,0.05260314
1584,1.472575,0.5204271,0.67877716,0.4731787,0.7937978,0.047248393
1585,0.99799407,0.64432675,0.70133674,0.5171234,0.29665732,0.12720335
1586,1.0892637,0.57842606,0.69669396,0.5147446,0.39256972,0.06368148
1587,0.16902578,0.04143116,0.07628985,0.05373739,0.09273593,-0.012306232
1588,1.7304602,0.5788661,0.67000604,0.51773036,1.0604541,0.06113577
1589,0.11319145,0.06887997,0.05858984,0.04312434,0.05460161,0.025755629
1590,0.0845064,-0.018305875,0.03850442,0.029080098,0.04600198,-0.047385976
1591,1.108767,0.5194798,0.64077294,0.43216854,0.4679941,0.08731127
1592,0.24214071,0.04868206,0.16094598,0.10810991,0.08119473,-0.059427846
1593,0.07761331,0.12541176,0.0509167,0.038765974,0.026696607,0.08664579
1594,0.60749835,0.32618916,0.32551107,0.26408526,0.28198728,0.062103897
1595,1.5600989,0.36556518,0.520962,0.35329333,1.0391369,0.012271851
1596,1.0700979,0.4170892,0.45955175,0.34027112,0.6105462,0.07681808
1597,1.3735638,0.50610346,0.7282052,0.4938376,0.64535856,0.012265861
1598,1.3391141,0.6589256,0.86569136,0.6356411,0.4734227,0.023284495
1599,1.185266,0.47946006,0.6533384,0.48096642,0.53192765,-0.0015063584
1600,1.9882063,0.67832917,0.92817783,0.68941987,1.0600284,-0.011090696
1601,0.6710234,0.28321213,0.27988976,0.19537431,0.39113367,0.087837815
1602,2.2574332,0.6684925,0.7539228,0.55800486,1.5035104,0.11048764
1603,2.1,0.7491421,0.8254652,0.6052178,1.2745347,0.1439243
1604,0.6632444,0.2545622,0.369359,0.2506065,0.29388544,0.003955692
1605,1.4656223,0.4898752,0.5905261,0.4290441,0.8750962,0.0608311
1606,0.2888026,0.15066694,0.17147675,0.12729529,0.11732584,0.023371652
1607,0.80992687,0.35987607,0.37899432,0.2791862,0.43093255,0.08068988
1608,0.8070224,0.4505584,0.50796765,0.40542856,0.29905474,0.045129836
1609,0.3593356,0.17526346,0.17910227,0.12891918,0.18023333,0.04634428
1610,0.9027736,0.51479477,0.64262044,0.4458092,0.26015317,0.06898558
1611,0.058917753,0.078394,0.04607986,0.03881958,0.012837894,0.039574422
1612,0.07043996,0.01207162,0.05908681,0.03750402,0.011353146,-0.0254324
1613,2.3102913,0.79902875,0.9950752,0.7199606,1.3152161,0.079068184
1614,0.15186185,0.12585571,0.067764506,0.048007276,0.08409734,0.077848434
1615,1.3213639,0.5439322,0.7285553,0.5115293,0.5928086,0.032402873
1616,1.6570685,0.5824999,0.7240585,0.5458062,0.93301,0.036693692
1617,0.8179877,0.41793555,0.5072698,0.3950793,0.31071788,0.022856236
1618,0.9904508,0.47163925,0.5128382,0.3975442,0.4776126,0.07409504
1619,2.7583723,0.8543936,1.0252439,0.79853237,1.7331284,0.055861235
1620,1.5072826,0.8537686,0.94229287,0.7593938,0.56498975,0.094374776
1621,2.0832624,0.7845615,0.8950502,0.6768547,1.1882122,0.107706785
1622,1.0782194,0.4370977,0.6478007,0.42522064,0.43041873,0.01187706
1623,0.9993531,0.50196,0.57617366,0.43424758,0.42317945,0.0677124
1624,0.29053313,0.23175946,0.16704372,0.105423845,0.12348941,0.12633562
1625,0.4738167,0.22146793,0.26469857,0.20429687,0.20911813,0.017171055
1626,0.06974851,0.020916395,0.05324326,0.040493518,0.016505253,-0.019577123
1627,0.83958286,0.26315308,0.2626776,0.18377493,0.57690525,0.07937814
1628,0.12175108,-0.00025534915,0.07570897,0.05376458,0.046042107,-0.05401993
1629,1.6217973,0.57698596,0.71232396,0.5237228,0.90947336,0.053263128
1630,1.0368094,0.5873027,0.6363042,0.45446572,0.40050524,0.13283697
1631,0.48926052,0.19875985,0.24030514,0.1834809,0.24895538,0.01527895
1632,0.16016029,0.0582725,0.09193285,0.059409726,0.06822744,-0.0011372268
1633,0.11578366,0.009733188,0.0606951,0.035427425,0.05508856,-0.025694236
1634,0.3598046,0.29438755,0.24647757,0.16279387,0.11332703,0.13159367
1635,0.16754538,0.093357235,0.098019384,0.07199941,0.069525994,0.021357827
1636,1.0492926,0.35410902,0.5363249,0.40473843,0.51296765,-0.050629407
1637,0.31655842,0.1515257,0.16106586,0.117921986,0.15549256,0.03360372
1638,1.1301911,0.52676207,0.59938127,0.4645695,0.5308098,0.06219256
1639,1.3587877,0.543989,0.6741935,0.5059591,0.68459415,0.03802991
1640,1.3189303,0.59034735,0.7451431,0.54691696,0.57378715,0.043430388
1641,0.16691287,0.039127525,0.06934084,0.046287946,0.09757203,-0.0071604215
1642,1.534844,0.59076357,0.70968205,0.5510117,0.825162,0.039751887
1643,1.0808381,0.30647624,0.49873185,0.32601237,0.58210623,-0.019536138
1644,0.4759321,0.19861726,0.22916892,0.15520155,0.24676317,0.04341571
1645,0.63274395,0.35708877,0.37700742,0.28307754,0.25573653,0.07401124
1646,0.18244162,0.03788211,0.09711998,0.06281162,0.08532164,-0.024929512
1647,0.44234967,0.13811088,0.19746336,0.14320041,0.24488631,-0.0050895363
1648,0.22901893,0.09832848,0.11470274,0.08765004,0.11431619,0.01067844
1649,0.12899531,0.059347313,0.063296504,0.047808193,0.06569881,0.01153912
1650,2.2584114,0.86488605,1.0632125,0.75157374,1.1951989,0.113312304
1651,0.17805202,0.022508686,0.09030659,0.06360789,0.087745436,-0.0410992
1652,1.6514378,0.72522724,0.9277452,0.6768098,0.72369254,0.04841745
1653,0.2278512,0.08038014,0.089205936,0.06650702,0.13864526,0.013873123
1654,0.59805316,0.2546556,0.34831244,0.23820174,0.24974072,0.016453862
1655,1.1721716,0.48812535,0.6292863,0.44550118,0.5428853,0.042624176
1656,1.4087824,0.59439087,0.7200792,0.5194145,0.6887032,0.074976385
1657,1.6488621,0.6111925,0.8350276,0.5933281,0.81383455,0.017864406
1658,1.996616,0.8667787,1.0107092,0.6910353,0.98590684,0.1757434
1659,0.33637604,0.13839142,0.17150176,0.13065687,0.16487429,0.007734552
1660,1.4782764,0.44734547,0.5890633,0.43189612,0.8892131,0.015449345
1661,1.5523647,0.5859154,0.60079277,0.4594829,0.95157194,0.12643248
1662,0.21161857,0.1011532,0.09580475,0.07304795,0.11581382,0.028105251
1663,0.47421956,0.2131887,0.22161245,0.15779425,0.2526071,0.05539444
1664,1.2700032,0.5541514,0.69915223,0.49337634,0.57085097,0.06077507
1665,0.3793355,0.1779132,0.21009429,0.16115895,0.1692412,0.016754255
1666,0.20466919,0.072298825,0.08619283,0.05731871,0.11847636,0.014980115
1667,-0.0002796657,0.12941004,0.027506882,0.015202123,-0.027786547,0.11420792
1668,0.2801003,0.11952552,0.12176378,0.08564881,0.1583365,0.03387671
1669,1.2468785,0.49195096,0.6862029,0.49422115,0.5606756,-0.002270192
1670,1.2068895,0.35358402,0.48186177,0.34424463,0.72502774,0.009339392
1671,1.2318054,0.6231526,0.63953465,0.47136372,0.5922708,0.15178889
1672,1.4211013,0.46960872,0.55847394,0.39712676,0.8626274,0.07248196
1673,0.8450876,0.22692098,0.33956975,0.22292975,0.50551784,0.0039912313
1674,0.8411441,0.2909891,0.41771108,0.2630976,0.423433,0.027891487
1675,-0.006528035,0.12030337,0.018968401,0.011032524,-0.025496436,0.10927085
1676,0.726659,0.4001518,0.38385344,0.28685707,0.34280556,0.11329472
1677,0.28685743,0.2952581,0.19470827,0.14877217,0.09214915,0.14648594
1678,0.16101244,0.011587465,0.11686565,0.06662158,0.04414679,-0.055034116
1679,0.27251482,0.07257705,0.07261093,0.049368232,0.19990389,0.02320882
1680,0.35287985,0.06074048,0.14556931,0.09019299,0.20731054,-0.02945251
1681,0.11225392,0.050747957,0.031323645,0.019786447,0.08093028,0.03096151
1682,2.0000358,0.78512144,0.8520117,0.635479,1.1480241,0.14964247
1683,0.18713613,0.027957493,0.11052038,0.06266129,0.07661575,-0.0347038
1684,1.0056051,0.4892591,0.54657686,0.39530736,0.45902824,0.09395173
1685,1.666789,0.6393346,0.8208885,0.606346,0.84590054,0.032988608
1686,2.5798345,0.54216063,0.77477264,0.5308618,1.8050618,0.011298835
1687,0.90494645,0.3543607,0.49755287,0.3352819,0.40739357,0.019078791
1688,0.10560206,-0.008703454,0.055959214,0.03295043,0.04964285,-0.041653886
1689,1.1229191,0.5788188,0.66257036,0.49241185,0.46034873,0.086406946
1690,0.20077537,0.046590567,0.12299788,0.08485387,0.07777749,-0.038263306
1691,0.43420848,0.13843042,0.19196267,0.12497215,0.24224581,0.013458267
1692,0.24686275,0.14063051,0.13208906,0.09657312,0.11477369,0.04405739
1693,0.06314431,0.0635445,0.042678468,0.03185315,0.020465843,0.031691346
1694,1.7598144,0.44962448,0.66732275,0.45119315,1.0924916,-0.001568675
1695,0.22634257,0.09484546,0.10606591,0.07426383,0.12027667,0.020581625
1696,0.008669229,0.113774545,0.019624764,0.009893189,-0.010955535,0.10388136
1697,1.8432994,0.8109335,0.7637656,0.5685693,1.0795338,0.24236417
1698,1.9146147,0.65516156,0.7790146,0.5523282,1.1356001,0.10283333
1699,2.8594139,0.8222191,1.124038,0.70058393,1.7353759,0.12163514
1700,0.3009827,0.25473124,0.19610304,0.14577046,0.10487968,0.10896078
1701,0.22092827,0.077303864,0.106097184,0.06625817,0.11483108,0.011045694
1702,0.18325295,0.027026897,0.09689859,0.07068005,0.08635435,-0.043653153
1703,1.5495424,0.5682192,0.78025407,0.57649535,0.76928836,-0.0082761645
1704,1.4655992,0.60612214,0.7455362,0.54561746,0.720063,0.060504675
1705,1.8994542,0.9183526,1.0674927,0.7603995,0.8319615,0.15795308
1706,0.36372924,0.12597546,0.21499178,0.13612089,0.14873746,-0.010145426
1707,0.51557547,0.23187508,0.23712409,0.17161016,0.27845138,0.060264915
1708,3.071187,0.7801425,1.0242269,0.65676296,2.04696,0.12337953
1709,2.245648,0.9503116,0.9734562,0.66566944,1.2721918,0.28464216
1710,1.3830049,0.5779543,0.7146423,0.52388465,0.6683626,0.05406964
1711,1.0567546,0.4102103,0.60261714,0.42251801,0.45413744,-0.0123077035
1712,0.8738978,0.31114236,0.40992117,0.2897055,0.46397662,0.02143687
1713,0.2015812,0.25922355,0.1824648,0.12188657,0.019116402,0.13733698
1714,0.9652791,0.44526178,0.5138048,0.36433783,0.4514743,0.080923945
1715,0.73943704,0.29854497,0.3812604,0.2738946,0.35817665,0.024650365
1716,2.0811853,0.7113371,0.676129,0.5010792,1.4050564,0.21025789
1717,1.592494,0.5654062,0.7077916,0.52035415,0.8847024,0.04505205
1718,1.5529479,0.5736477,0.6914624,0.5127384,0.8614855,0.06090927
1719,0.22995982,0.07597598,0.13800038,0.09483601,0.09195943,-0.018860035
1720,0.3064051,0.11983753,0.22074533,0.1672893,0.08565977,-0.04745177
1721,0.23206224,0.22117019,0.1350575,0.10174553,0.09700474,0.119424656
1722,0.09537942,-0.0017191694,0.07134756,0.049479388,0.024031863,-0.051198557
1723,1.9541267,0.43305165,0.734381,0.48347673,1.2197456,-0.050425082
1724,0.6840475,0.31795755,0.43487626,0.32123744,0.24917126,-0.0032798946
1725,0.17277147,0.09643299,0.108945645,0.073210284,0.06382582,0.023222707
1726,0.5702965,0.22199506,0.30789906,0.21453281,0.26239747,0.007462248
1727,0.11177713,0.0697737,0.056488328,0.039066195,0.0552888,0.0307075
1728,0.35762596,0.18109305,0.21053104,0.13253339,0.14709492,0.048559666
1729,2.4803696,0.8321028,0.9447082,0.6705656,1.5356613,0.16153717
1730,1.8603477,0.82409126,0.93848056,0.69192064,0.9218672,0.13217062
1731,1.3379091,0.5691557,0.6746012,0.48431033,0.6633079,0.084845364
1732,1.5736929,0.48718834,0.742512,0.5124161,0.83118093,-0.025227785
1733,1.0082881,0.24749568,0.37836632,0.25540477,0.6299218,-0.007909089
1734,1.4121015,0.5564833,0.7316636,0.5296189,0.6804379,0.02686441
1735,0.15456401,0.079410225,0.0885773,0.060669146,0.06598671,0.018741079
1736,2.0357642,0.6988367,0.78299475,0.5890509,1.2527695,0.109785795
1737,0.54114616,0.19412063,0.29022327,0.18296894,0.2509229,0.011151686
1738,0.13937308,0.05664537,0.061782956,0.045223974,0.07759012,0.011421397
1739,0.57677436,0.32458234,0.34312373,0.24829248,0.23365062,0.07628986
1740,0.44344595,0.26131177,0.2589342,0.18196194,0.18451175,0.07934983
1741,0.43019587,0.22973624,0.24233823,0.16543508,0.18785764,0.06430116
1742,0.8936311,0.44147322,0.54320717,0.36777368,0.35042393,0.073699534
1743,0.25295794,0.048818987,0.12261373,0.07896836,0.13034421,-0.030149374
1744,2.0950456,0.67476404,0.8298627,0.6329898,1.2651829,0.041774213
1745,0.37280864,0.2646709,0.24668059,0.16419317,0.12612805,0.10047774
1746,1.9188737,0.6256214,0.71197855,0.51337814,1.2068951,0.112243235
1747,1.9020847,0.62396187,0.74958074,0.5303904,1.152504,0.093571484
1748,0.07003148,-0.0046417876,0.054540344,0.0409159,0.015491135,-0.045557685
1749,1.249665,0.5185489,0.64745283,0.48634273,0.6022122,0.032206178
1750,1.2575295,0.5163955,0.57857853,0.4260159,0.67895097,0.090379596
1751,0.3416552,0.1259747,0.19788137,0.1390982,0.14377382,-0.013123497
1752,0.34290648,0.13793617,0.14871831,0.108999565,0.19418816,0.02893661
1753,1.1908412,0.40033746,0.45774037,0.32395726,0.73310083,0.07638019
1754,0.47292373,0.21553214,0.25746384,0.18305245,0.21545988,0.03247969
1755,1.4443154,0.7449526,0.76177466,0.5804478,0.6825408,0.16450483
1756,0.2292105,0.109695666,0.106247544,0.07896711,0.12296295,0.030728556
1757,2.2923398,0.8615744,1.0393634,0.7649616,1.2529764,0.09661281
1758,1.6085731,0.7128399,0.767847,0.57404387,0.8407261,0.13879603
1759,1.2418199,0.5563534,0.6985969,0.48420128,0.54322296,0.07215211
1760,0.33115235,0.16230814,0.15755689,0.1067837,0.17359546,0.05552444
1761,0.2601749,0.00749704,0.09162815,0.059660245,0.16854675,-0.052163206
1762,0.9037306,0.31278944,0.45943052,0.31502426,0.44430006,-0.0022348166
1763,1.7808849,0.6440214,0.6717936,0.47745067,1.1090913,0.16657072
1764,2.5981548,0.66103274,0.98595554,0.7185925,1.6121993,-0.05755979
1765,0.34978327,0.12084977,0.20025761,0.1292357,0.14952566,-0.0083859265
1766,1.5170687,0.6896178,0.78865755,0.60086375,0.7284112,0.08875406
1767,0.9389315,0.37138426,0.5219214,0.3739363,0.41701013,-0.0025520325
1768,-0.005253544,0.11629844,0.017996442,0.008565865,-0.023249986,0.10773257
1769,0.94973606,0.40606797,0.50594175,0.35961577,0.4437943,0.046452194
1770,1.6622568,0.5519238,0.7169609,0.49315137,0.94529593,0.058772445
1771,3.154983,1.0805253,1.5852817,1.1443903,1.5697013,-0.063865066
1772,0.79504555,0.37146318,0.38640234,0.28126287,0.40864322,0.090200305
1773,0.24338798,0.16704862,0.1742919,0.12150927,0.06909609,0.04553935
1774,1.9699739,0.8111512,0.9739978,0.7311457,0.99597615,0.08000553
1775,0.07562142,0.12333208,0.06960829,0.04743837,0.006013125,0.075893715
1776,0.7331961,0.3629522,0.43398315,0.3254996,0.29921293,0.03745261
1777,0.16897143,0.049608026,0.09084653,0.06283277,0.0781249,-0.013224747
1778,2.3690743,0.8891065,1.2842467,0.86517304,1.0848277,0.02393347
1779,0.85330576,0.35202053,0.49548465,0.3308292,0.3578211,0.021191329
1780,1.7726151,0.88165313,1.0085856,0.77163583,0.7640295,0.1100173
1781,0.8548473,0.44716328,0.52692044,0.41434902,0.32792687,0.032814264
1782,0.058997024,0.06696789,0.03609155,0.034624986,0.022905473,0.032342903
1783,1.8720115,0.94455117,1.0941608,0.88386595,0.77785075,0.060685217
1784,1.9296043,0.81432575,0.9390813,0.6987939,0.990523,0.11553186
1785,0.7795135,0.2806387,0.38154036,0.26215592,0.39797312,0.018482774
1786,0.18305346,0.091797866,0.094771996,0.06825675,0.08828147,0.023541115
1787,0.09826707,0.044557173,0.07550346,0.05286506,0.02276361,-0.008307885
1788,0.13239372,0.1971995,0.08121739,0.062798336,0.051176324,0.13440116
1789,0.53662795,0.21829155,0.32088563,0.22245868,0.21574232,-0.0041671246
1790,0.5840272,0.29968148,0.3623411,0.25362298,0.22168607,0.046058506
1791,0.34898186,0.27399415,0.24064632,0.18113168,0.10833554,0.09286247
1792,0.66855055,0.33052415,0.39727387,0.27878663,0.27127668,0.051737517
1793,0.12742932,0.0948969,0.095788896,0.075716175,0.031640425,0.019180723
1794,0.78100026,0.38747326,0.4170653,0.30943564,0.36393496,0.07803762
1795,0.1628817,0.084082365,0.09345084,0.06376328,0.069430865,0.020319082
1796,0.074401855,0.0020521167,0.036578707,0.017064158,0.037823148,-0.015012041
1797,0.19936463,0.06425794,0.08784212,0.06143266,0.11152251,0.0028252825
1798,1.9124157,0.58458924,0.8047514,0.5467517,1.1076643,0.037837565
1799,0.36540678,0.12771669,0.17310372,0.123429164,0.19230306,0.004287526
1800,0.27581677,0.14665121,0.14641969,0.11216575,0.12939708,0.03448546
1801,0.30001116,0.18796186,0.19235094,0.11952595,0.10766022,0.068435915
1802,2.360959,0.40931943,0.5945508,0.46699017,1.7664082,-0.057670742
1803,0.6444343,0.4244832,0.42605075,0.30896765,0.21838352,0.11551556
1804,0.6954748,0.295934,0.43213758,0.30123138,0.26333722,-0.0052973926
1805,0.15640257,0.095560566,0.09054162,0.0730198,0.06586095,0.022540763
1806,0.08685803,0.22536665,0.068364695,0.047332074,0.018493332,0.17803457
1807,0.42339602,0.2575748,0.29629153,0.2127331,0.12710449,0.04484169
1808,0.46747562,0.21635401,0.27222535,0.18145378,0.19525027,0.034900233
1809,0.7152145,0.33544365,0.38493735,0.25853866,0.33027714,0.07690498
1810,1.7008637,0.55244815,0.7403959,0.5174155,0.9604678,0.03503263
1811,1.1830962,0.5817486,0.73933417,0.5516378,0.443762,0.030110776
1812,0.1892311,0.09009965,0.09763117,0.080147386,0.09159993,0.009952262
1813,0.5710235,0.35163382,0.3571821,0.26586872,0.21384144,0.08576509
1814,0.2755225,0.1440851,0.17756866,0.12749073,0.09795384,0.016594365
1815,0.3113,0.09524328,0.12735067,0.0875292,0.18394934,0.0077140853
1816,0.18252893,0.03803175,0.11484911,0.07725402,0.067679815,-0.03922227
1817,2.288482,0.8589225,0.92571604,0.6602812,1.3627659,0.1986413
1818,0.7675198,0.26897404,0.37195468,0.24685931,0.3955651,0.022114724
1819,0.29979742,0.15869382,0.20001593,0.14977786,0.09978148,0.008915961
1820,2.1221964,0.6659688,0.89060146,0.5989269,1.231595,0.067041874
1821,0.22453165,0.09900631,0.102385804,0.070148766,0.12214585,0.028857544
1822,0.38186035,0.20481506,0.24214657,0.15641642,0.13971378,0.048398644
1823,0.9091316,0.41448668,0.54588914,0.39045742,0.36324245,0.024029255
1824,0.18820988,0.13782264,0.0663957,0.039508037,0.12181418,0.098314606
1825,0.54599386,0.28123057,0.33196515,0.20706391,0.21402872,0.074166656
1826,2.234627,0.7649319,0.96004516,0.69651985,1.2745819,0.068412066
1827,0.07183015,0.06209539,0.04232558,0.02930412,0.029504575,0.032791268
1828,1.1534673,0.37693474,0.4313479,0.31122905,0.7221194,0.06570569
1829,0.9113465,0.43968025,0.48655468,0.3656977,0.4247918,0.07398254
1830,0.06316058,0.07551104,0.037491214,0.02452166,0.02566937,0.05098938
1831,0.48684043,0.2680483,0.25099072,0.18303148,0.23584971,0.0850168
1832,1.8392738,0.48066884,0.6525132,0.46303624,1.1867607,0.017632604
1833,0.1767265,0.1710165,0.09106707,0.06728796,0.08565944,0.10372854
1834,1.3995643,0.5822125,0.71350396,0.53401834,0.6860603,0.04819417
1835,0.690731,0.3300082,0.47632957,0.3257292,0.21440142,0.0042790174
1836,0.2550389,0.09276335,0.15256706,0.10729943,0.10247183,-0.014536083
1837,0.2439687,0.08468936,0.10803735,0.079451635,0.13593134,0.005237721
1838,0.2362004,0.21119058,0.13930875,0.10371661,0.09689166,0.10747397
1839,0.027957238,0.1071815,0.022648877,0.021673659,0.0053083617,0.08550784
1840,1.1766672,0.54220736,0.71115655,0.5398206,0.46551067,0.0023867488
1841,0.54335546,0.21239607,0.28771022,0.19608107,0.25564525,0.016314998
1842,1.4419729,0.55082685,0.53018874,0.36206633,0.9117841,0.18876052
1843,0.1019012,0.06273014,0.066692434,0.052201815,0.03520877,0.010528326
1844,0.19215629,0.08756969,0.13244946,0.102205455,0.059706822,-0.014635764
1845,0.30451587,0.17575735,0.19108894,0.13622853,0.113426924,0.039528817
1846,1.4021074,0.45970222,0.5535996,0.4198389,0.84850776,0.03986332
1847,0.45142278,0.24788015,0.31075773,0.22224304,0.14066505,0.025637105
1848,0.57150626,0.2573275,0.34394068,0.2527568,0.22756559,0.004570693
1849,0.67849654,0.3310624,0.44793057,0.33457917,0.23056597,-0.0035167634
1850,0.6322689,0.25504917,0.33958748,0.2449712,0.29268143,0.010077968
1851,0.71463704,0.26433256,0.37688535,0.268016,0.3377517,-0.0036834478
1852,0.32439855,0.09621281,0.14225823,0.100290105,0.18214032,-0.004077293
1853,1.51768,0.59043604,0.7630621,0.55947703,0.7546179,0.03095901
1854,1.2830752,0.39771032,0.49798456,0.3700995,0.7850907,0.027610809
1855,2.4452348,1.0520265,1.2338253,0.8699931,1.2114094,0.18203342
1856,0.42192656,0.1595571,0.22538283,0.15615392,0.19654372,0.0034031868
1857,1.3839113,0.5729369,0.7589766,0.52350265,0.6249347,0.049434245
1858,1.8049073,0.5290676,0.60303867,0.43452471,1.2018687,0.09454286
1859,0.8919952,0.38947508,0.56521416,0.41550812,0.32678103,-0.026033044
1860,1.0382531,0.4281718,0.47798723,0.32954732,0.56026584,0.0986245
1861,2.4064162,0.8338643,1.0383173,0.78623486,1.3680989,0.047629416
1862,2.3334334,0.6656316,0.9031302,0.7083473,1.4303032,-0.04271573
1863,0.11214468,0.007043192,0.06417418,0.038273595,0.047970496,-0.031230403
1864,1.6002666,0.70671326,0.948019,0.6949045,0.65224755,0.011808753
1865,1.7792065,0.5542358,0.67500204,0.503392,1.1042044,0.050843835
1866,0.83052677,0.4145342,0.5362304,0.4074138,0.29429638,0.0071204007
1867,1.4238944,0.592739,0.631384,0.48341984,0.7925104,0.10931915
1868,0.50969917,0.30724102,0.2642622,0.18993267,0.24543697,0.11730835
1869,0.98134357,0.31078264,0.414013,0.29639775,0.5673306,0.014384896
1870,1.0312604,0.45268342,0.53183234,0.385444,0.49942803,0.06723943
1871,0.6044748,0.30456114,0.3786694,0.25713798,0.22580537,0.047423154
1872,0.14870033,0.09777326,0.0958154,0.07325506,0.05288493,0.0245182
1873,0.9654391,0.4526629,0.61630875,0.47147155,0.34913033,-0.018808663
1874,0.10015154,0.105806045,0.057639934,0.042388998,0.042511605,0.06341705
1875,0.47786874,0.21744773,0.25429797,0.17928126,0.22357076,0.038166463
1876,2.2723045,0.7285857,0.93335474,0.68898964,1.3389498,0.03959608
1877,0.9536697,0.41106507,0.59585434,0.39255735,0.35781538,0.018507719
1878,2.3584614,0.7218902,0.9047855,0.6165822,1.4536759,0.105307996
1879,1.1223284,0.44319463,0.57700074,0.41712618,0.54532766,0.026068449
1880,0.5125999,0.26396713,0.31931484,0.23200473,0.19328505,0.031962395
1881,0.7198866,0.30415413,0.3971959,0.30249804,0.3226907,0.0016560853
1882,0.24847196,0.049104568,0.12266948,0.07830444,0.12580249,-0.029199872
1883,0.0103444345,0.10370236,0.023714917,0.012264664,-0.013370482,0.0914377
1884,0.4887029,0.15509999,0.20686182,0.14528902,0.28184107,0.009810969
1885,1.1194621,0.48305047,0.59040153,0.43351564,0.5290606,0.049534827
1886,0.1195854,0.1856041,0.0892668,0.05809041,0.030318603,0.12751368
1887,0.3878227,0.14249918,0.19833049,0.13801308,0.1894922,0.004486099
1888,0.12859261,0.019193642,0.08858397,0.056566704,0.04000864,-0.037373062
1889,1.0864183,0.39562926,0.47978926,0.3361432,0.606629,0.05948606
1890,0.69365954,0.23586081,0.36704645,0.2659452,0.3266131,-0.030084386
1891,0.22266446,0.17895795,0.13230637,0.09602798,0.09035809,0.08292998
1892,0.32339266,0.11603104,0.11904295,0.07902028,0.20434971,0.037010767
1893,1.2222798,0.38660446,0.5038289,0.36003566,0.7184509,0.0265688
1894,0.14845763,0.044605404,0.07220248,0.05058197,0.07625515,-0.005976565
1895,0.23018497,0.044661935,0.14585721,0.08633722,0.08432776,-0.04167529
1896,0.8614514,0.41365662,0.5395368,0.36406633,0.3219146,0.04959029
1897,0.420934,0.2039429,0.25497693,0.17030306,0.16595706,0.033639833
1898,0.013833258,0.046326865,0.0061519817,0.007032028,0.0076812766,0.039294835
1899,1.6067955,0.49808446,0.6933153,0.48871213,0.9134802,0.009372324
1900,0.12807655,0.06558452,0.082669884,0.05732631,0.04540667,0.008258209
1901,0.80083907,0.35256603,0.4079588,0.29671708,0.39288026,0.055848956
1902,2.0341833,0.75639313,0.82190245,0.5793687,1.2122808,0.17702442
1903,0.93457216,0.3361095,0.40446004,0.28083768,0.53011215,0.055271804
1904,0.43373793,0.15399216,0.24292131,0.16761433,0.19081663,-0.013622165
1905,1.4417819,0.5477498,0.7250143,0.52931786,0.71676755,0.018431962
1906,0.05963007,0.046414226,0.044822406,0.034287155,0.014807664,0.012127072
1907,1.1636807,0.485326,0.6113316,0.4418269,0.5523491,0.043499082
1908,0.24165693,0.08153599,0.1540483,0.11834453,0.087608635,-0.036808543
1909,0.16609044,0.072712705,0.06471557,0.039027106,0.10137487,0.0336856
1910,0.34681788,0.10523797,0.16250356,0.12110573,0.18431433,-0.015867762
1911,0.3179838,0.1512505,0.1628755,0.105455376,0.1551083,0.04579512
1912,1.411008,0.5574664,0.62481755,0.45341486,0.78619045,0.10405153
1913,1.4124389,0.42531094,0.7057579,0.46742186,0.70668095,-0.04211092
1914,0.3081511,0.18078734,0.17342384,0.13461532,0.13472725,0.046172023
1915,0.44157204,0.18012379,0.23084264,0.16622335,0.2107294,0.013900444
1916,0.6838898,0.20860258,0.2849393,0.2092133,0.39895052,-0.0006107241
1917,0.27800962,0.1789573,0.1400304,0.0947675,0.13797922,0.084189795
1918,0.24343029,0.15396878,0.16920415,0.12978949,0.07422614,0.024179295
1919,0.35152286,0.17453967,0.20012803,0.14167622,0.15139483,0.032863453
1920,0.10356585,0.14480147,0.041915197,0.028004795,0.061650652,0.11679667
1921,1.0424685,0.30609763,0.49196762,0.33871406,0.5505009,-0.032616436
1922,0.29423678,0.110656254,0.1979163,0.13666865,0.09632048,-0.026012398
1923,0.16924083,-0.0068543,0.094538614,0.047432818,0.07470222,-0.054287117
1924,3.0123005,1.0307069,1.2462208,0.8986162,1.7660797,0.13209069
1925,2.2917714,1.0975633,1.1689583,0.91666955,1.1228131,0.18089372
1926,1.4222902,0.57817316,0.77557707,0.5578281,0.64671314,0.020345032
1927,1.2388593,0.46457693,0.5833713,0.4366429,0.655488,0.027934045
1928,0.53482157,0.2886696,0.30284038,0.24123164,0.23198119,0.04743795
1929,0.7876941,0.25703996,0.3498227,0.2375112,0.4378714,0.019528762
1930,0.04801747,-0.009716645,0.03738944,0.02479949,0.01062803,-0.034516133
1931,1.0079635,0.49654612,0.566826,0.43297762,0.44113755,0.0635685
1932,0.99256516,0.4567029,0.6595946,0.4651269,0.33297056,-0.008424014
1933,0.18668222,0.020180833,0.10450832,0.07600188,0.082173906,-0.05582105
1934,0.5052739,0.26426437,0.23917766,0.17256308,0.26609623,0.0917013
1935,2.2775404,0.7462604,0.86748326,0.64078325,1.4100572,0.105477154
1936,0.94448453,0.42604414,0.5478484,0.38177642,0.39663613,0.044267714
1937,0.2792606,0.21948573,0.19029519,0.14104311,0.088965416,0.07844262
1938,0.46143308,0.25816408,0.3162884,0.2426629,0.14514467,0.015501171
1939,0.31119552,0.21043552,0.1940593,0.1298931,0.117136225,0.08054243
1940,0.053947136,0.039900642,0.023012994,0.016283479,0.030934142,0.023617163
1941,1.5009795,0.73994446,0.9477984,0.7349652,0.5531812,0.004979253
1942,2.137821,0.8349737,0.9881877,0.73017395,1.1496333,0.10479975
1943,0.32662913,0.18789063,0.2107578,0.16127984,0.115871325,0.026610792
1944,0.3343661,0.19693083,0.18007755,0.12395356,0.15428856,0.07297727
1945,0.1811793,0.0715655,0.087244175,0.060525157,0.093935125,0.011040345
1946,0.4944563,0.31791055,0.29357925,0.21978898,0.20087704,0.09812157
1947,0.618924,0.2742329,0.3538142,0.26709685,0.2651098,0.007136047
1948,0.1737354,0.085085005,0.097822174,0.070132695,0.07591322,0.014952309
1949,0.621175,0.21495715,0.2919694,0.19807018,0.3292056,0.016886964
1950,0.11048542,0.02238737,0.06598267,0.049259882,0.04450275,-0.026872512
1951,1.9155946,0.5126859,0.6818216,0.5298359,1.233773,-0.017149985
1952,0.15771645,0.14370225,0.1275349,0.074846186,0.030181557,0.06885607
1953,1.55811,0.25822303,0.43140578,0.29255313,1.1267042,-0.0343301
1954,0.2386803,0.09567803,0.15593341,0.10832091,0.08274689,-0.012642875
1955,1.0029728,0.44981954,0.5547293,0.38287756,0.44824356,0.06694198
1956,1.1781304,0.63434005,0.70812714,0.52816945,0.47000325,0.106170595
1957,0.2428269,0.07832424,0.11221194,0.074442096,0.13061495,0.0038821474
1958,0.093087815,0.055124126,0.047256432,0.029506182,0.045831382,0.025617944
1959,3.1308665,0.91990525,1.1014588,0.82804126,2.0294077,0.09186399
1960,0.23867548,0.11877388,0.14268008,0.098996,0.0959954,0.01977788
1961,2.7540314,0.7945051,1.2072537,0.74800056,1.5467777,0.046504557
1962,3.3402574,1.0198807,1.0383257,0.7862938,2.3019319,0.23358685
1963,0.42448363,0.1706169,0.20468411,0.14506361,0.21979952,0.025553286
1964,0.083105646,-0.0077153603,0.050094534,0.03780611,0.033011112,-0.045521468
1965,0.5880152,0.40186688,0.37712803,0.28799528,0.21088716,0.113871604
1966,0.88168776,0.55587316,0.6058608,0.43000183,0.27582693,0.12587133
1967,3.1520872,1.0285447,1.08441,0.82254106,2.0676773,0.2060036
1968,0.6690821,0.29952997,0.39677784,0.2807789,0.27230427,0.018751055
1969,0.4236622,0.1917021,0.25081006,0.17527498,0.17285213,0.016427115
1970,0.2998406,0.082056776,0.19120775,0.13001627,0.10863285,-0.04795949
1971,0.24601257,0.08414563,0.17706583,0.13308257,0.068946734,-0.04893694
1972,0.85639775,0.35004196,0.4067716,0.29998103,0.44962615,0.050060928
1973,1.0150608,0.4554616,0.60253227,0.39370662,0.4125285,0.06175497
1974,1.3498534,0.4719761,0.53998697,0.3932445,0.8098664,0.0787316
1975,0.9628155,0.35097834,0.44218683,0.32598835,0.5206287,0.024989992
1976,0.53778446,0.16087925,0.32560888,0.22186975,0.21217558,-0.060990497
1977,0.38170207,0.26229832,0.2282803,0.17036924,0.15342176,0.09192908
1978,2.6262016,0.8278889,1.0151246,0.7428893,1.6110771,0.08499962
1979,0.040574167,-0.0253395,0.04070524,0.0224988,-0.00013107434,-0.0478383
1980,0.3312945,0.09523701,0.19842544,0.14557937,0.13286906,-0.05034236
1981,1.7571822,0.46510065,0.65793836,0.44360787,1.0992439,0.02149278
1982,0.8339134,0.41448537,0.5315278,0.35920653,0.30238557,0.055278838
1983,0.2725338,0.09177878,0.11333762,0.07935433,0.15919618,0.012424447
1984,2.3922899,0.76281774,0.9671938,0.7203704,1.425096,0.04244733
1985,1.8639077,0.75218695,0.9776201,0.7146035,0.88628757,0.03758347
1986,0.5268304,0.24272618,0.30639806,0.20854285,0.22043231,0.034183323
1987,0.40916407,0.20567605,0.22324209,0.15869291,0.18592198,0.046983138
1988,0.87835974,0.5634521,0.601848,0.48563474,0.27651173,0.07781738
1989,1.0660518,0.41392285,0.4775579,0.34163055,0.58849394,0.0722923
1990,1.9883263,0.4862105,0.7133946,0.5284012,1.2749317,-0.0421907
1991,0.14219707,0.07021519,0.07742725,0.057756316,0.06476982,0.012458872
1992,0.5707554,0.3002626,0.3252152,0.25036362,0.24554023,0.049898982
1993,1.4999876,0.65665495,0.8744588,0.5961876,0.6255288,0.060467362
1994,0.14097123,0.02396811,0.08114413,0.05883006,0.059827097,-0.034861952
1995,2.343035,1.0479434,1.1755909,0.8514061,1.1674441,0.19653726
1996,0.384296,0.09967151,0.13871978,0.09988931,0.24557622,-0.00021779537
1997,0.8586091,0.32761452,0.46860284,0.32973593,0.39000624,-0.0021214187
1998,0.8139844,0.38279432,0.5110864,0.36617905,0.302898,0.016615272
1999,0.473569,0.31700444,0.31513762,0.23325464,0.15843138,0.0837498
2000,3.9217985,1.1758645,1.3967764,1.0654881,2.525022,0.11037636
2001,2.3795261,0.70296246,0.83863163,0.6322811,1.5408945,0.07068133
2002,-0.008072624,0.12739259,0.023873147,0.010495269,-0.031945772,0.11689732
2003,1.0183278,0.5659334,0.5721594,0.35984287,0.44616842,0.20609054
2004,0.5277264,0.25226447,0.2913565,0.22145152,0.23636991,0.030812949
2005,0.7184287,0.30927816,0.3748111,0.2614585,0.34361756,0.047819674
2006,0.64135635,0.29218045,0.34090173,0.24423973,0.30045462,0.047940716
2007,0.36945173,0.18790904,0.21864033,0.13309804,0.1508114,0.054811
2008,1.349748,0.584016,0.66945755,0.4744471,0.68029046,0.10956892
2009,0.06527221,-0.014356076,0.03957187,0.027612483,0.025700342,-0.041968558
2010,0.058417868,0.03147981,0.024184274,0.018000096,0.034233592,0.013479713
2011,0.20156455,0.22539756,0.14668147,0.11220411,0.054883078,0.113193445
2012,0.56138486,0.3171376,0.3857298,0.28585297,0.17565507,0.03128463
2013,1.7018387,0.4606915,0.63656217,0.41801795,1.0652766,0.042673558
2014,0.17672607,0.08297158,0.08906379,0.063317254,0.08766228,0.019654326
2015,0.12944847,0.12849219,0.082063325,0.06470168,0.04738515,0.063790515
2016,0.85523766,0.33823067,0.44897646,0.3338284,0.4062612,0.00440228
2017,0.6110807,0.32779503,0.404315,0.29639477,0.20676571,0.031400263
2018,0.40340695,0.20835838,0.24594156,0.19042398,0.15746538,0.017934397
2019,0.20801559,0.0721402,0.15172085,0.08756452,0.05629474,-0.015424319
2020,1.8700815,0.71200347,1.0081016,0.6968178,0.86197996,0.015185654
2021,0.2068047,0.048246548,0.11850812,0.08093631,0.08829657,-0.032689765
2022,1.3439424,0.4826248,0.70762515,0.5006403,0.63631725,-0.018015474
2023,0.5651844,0.2871378,0.34058043,0.22992893,0.22460398,0.05720888
2024,0.52852505,0.18529834,0.29210633,0.2079999,0.23641872,-0.022701561
2025,1.0833702,0.5348158,0.62921685,0.4875567,0.45415336,0.047259092
2026,0.24383067,0.10337254,0.13531335,0.09724472,0.10851732,0.0061278194
2027,0.7269746,0.36213326,0.4342296,0.34269652,0.292745,0.019436747
2028,1.2979509,0.55276716,0.6684785,0.49450845,0.6294724,0.058258712
2029,0.1667538,0.08039455,0.092670724,0.067240104,0.074083075,0.013154447
2030,1.1020471,0.49493957,0.68590564,0.46579552,0.41614145,0.029144049
2031,0.532212,0.22694762,0.3342809,0.26350552,0.19793111,-0.036557898
2032,1.4351286,0.5727671,0.7469845,0.52484244,0.6881441,0.047924638
2033,0.9339064,0.36942387,0.528874,0.36109498,0.4050324,0.008328885
2034,2.1179876,0.82663906,1.0741003,0.7286936,1.0438874,0.09794545
2035,0.044173356,0.06298914,0.025145974,0.017603997,0.019027382,0.04538514
2036,0.006037432,-0.033955537,0.009983742,0.006246233,-0.00394631,-0.04020177
2037,1.382277,0.5039373,0.5906519,0.45640427,0.7916251,0.047533035
2038,1.8713555,0.46463764,0.785855,0.5003797,1.0855005,-0.035742044
2039,0.37155128,0.1962892,0.19286571,0.14566368,0.17868556,0.050625518
2040,0.29589033,0.10960174,0.11740054,0.08299295,0.17848979,0.026608795
2041,0.20140436,0.07252141,0.10915001,0.080242336,0.092254356,-0.007720925
2042,1.0283352,0.4320874,0.5883702,0.39920622,0.439965,0.03288117
2043,1.1422249,0.44494274,0.47646338,0.33871394,0.66576153,0.1062288
2044,1.0049306,0.32928076,0.5801965,0.36648363,0.42473412,-0.037202865
2045,1.043693,0.27317855,0.4523363,0.28871286,0.59135664,-0.0155343115
2046,0.038011834,0.06757914,0.020308498,0.017187845,0.017703336,0.050391298
2047,1.347624,0.477135,0.62503797,0.4532598,0.722586,0.023875207
2048,1.407307,0.45524576,0.57286716,0.39835107,0.8344399,0.05689469
2049,0.8595946,0.3926673,0.44174546,0.3217698,0.41784912,0.07089749
2050,1.6963443,0.48377898,0.73367447,0.5122291,0.9626698,-0.028450102
2051,0.11233913,0.026405403,0.071307495,0.049881753,0.041031636,-0.02347635
2052,0.28042847,0.1233461,0.14805761,0.1121441,0.13237086,0.011202
2053,0.15606147,0.024976594,0.07365684,0.049969964,0.08240463,-0.02499337
2054,1.2999239,0.58588374,0.77667814,0.568834,0.52324575,0.01704973
2055,0.48004007,0.23736362,0.2897966,0.21128896,0.19024348,0.026074663
2056,1.4292101,0.50855917,0.7273909,0.50411975,0.7018192,0.0044394135
2057,1.2353237,0.47845775,0.64762497,0.43848276,0.5876987,0.039974988
2058,0.3036748,0.12075771,0.16523013,0.115758285,0.13844466,0.0049994215
2059,1.5189595,0.6871458,0.89872724,0.6208599,0.6202323,0.06628591
2060,0.81827384,0.31592804,0.452635,0.30243737,0.36563885,0.013490677
2061,0.786483,0.3288953,0.40296116,0.27649808,0.38352183,0.05239722
2062,0.28370652,0.18826804,0.19810809,0.14736721,0.085598424,0.040900826
2063,0.5020278,0.1651741,0.23751493,0.16546178,0.2645129,-0.00028768182
2064,1.2164522,0.31084284,0.48139006,0.3316691,0.7350622,-0.02082625
2065,0.8747607,0.3101128,0.48436913,0.32227182,0.39039156,-0.01215902
2066,1.5704557,0.50535667,0.70886385,0.46430627,0.8615918,0.041050404
2067,1.2621195,0.7542884,0.86848354,0.6345316,0.393636,0.11975676
2068,0.14080246,0.13940223,0.104963996,0.078327194,0.035838462,0.06107503
2069,1.687383,0.75995326,0.7517488,0.5608241,0.93563426,0.19912916
2070,0.46178353,0.1789057,0.23296055,0.16297244,0.22882298,0.01593326
2071,0.15788929,0.0593503,0.08138722,0.057741523,0.07650207,0.0016087778
2072,2.4311848,0.7610221,1.0484694,0.7264953,1.3827153,0.034526765
2073,0.781409,0.35072955,0.4593347,0.31697443,0.32207432,0.033755124
2074,0.1797435,0.061172355,0.10306561,0.08265562,0.07667789,-0.021483269
2075,0.33945188,0.13594168,0.22507286,0.15562999,0.11437902,-0.019688308
2076,1.3016199,0.5423342,0.7760468,0.5527012,0.5255731,-0.010366976
2077,0.36495256,0.0933586,0.20420821,0.13262817,0.16074435,-0.039269574
2078,0.71634495,0.38506353,0.5217574,0.36910737,0.19458753,0.015956163
2079,1.5743899,0.4696625,0.62833583,0.4444062,0.9460541,0.025256276
2080,1.3486418,0.49520037,0.59454477,0.4504942,0.754097,0.044706166
2081,0.6551944,0.3113279,0.43037048,0.31494498,0.22482392,-0.003617078
2082,1.1088294,0.46230474,0.60039175,0.34904832,0.50843763,0.113256425
2083,0.039721552,-0.022128189,0.03275636,0.025138844,0.006965194,-0.047267035
2084,1.6115576,0.67902094,0.7755864,0.5614178,0.8359712,0.11760312
2085,4.638162,0.9274748,1.279848,0.85395795,3.358314,0.073516846
2086,1.4176756,0.6208834,0.63949984,0.4773798,0.7781758,0.1435036
2087,1.2046716,0.55649537,0.6280087,0.44654584,0.5766629,0.10994953
2088,1.781709,0.57009226,0.7208005,0.51801366,1.0609084,0.052078605
2089,0.8399023,0.36911827,0.41197634,0.2976984,0.42792594,0.071419865
2090,0.52680796,0.22514512,0.21633105,0.13299389,0.3104769,0.092151225
2091,2.3188746,0.774887,0.95140326,0.6791924,1.3674713,0.0956946
2092,1.1945858,0.58194655,0.6643262,0.49567205,0.5302596,0.086274505
2093,1.9817098,0.7143986,0.98148566,0.66821134,1.0002241,0.04618728
2094,0.32175344,0.14491194,0.18265295,0.14219116,0.13910049,0.0027207881
2095,1.8746405,0.45444307,0.6752242,0.45051956,1.1994163,0.0039235055
2096,0.058135394,0.08044784,0.034178667,0.027564485,0.023956727,0.052883353
2097,0.63502675,0.18117942,0.29119712,0.1937811,0.34382963,-0.012601674
2098,1.0874168,0.4539407,0.62339735,0.40900397,0.46401942,0.044936717
2099,0.36538312,0.19231237,0.19676244,0.15380427,0.16862068,0.038508102
2100,1.0363554,0.4005666,0.6336727,0.4054171,0.40268266,-0.004850507
2101,0.039200872,0.08522203,0.026456077,0.021536218,0.0127447955,0.06368581
2102,0.56744874,0.24359673,0.2989516,0.19130522,0.26849714,0.052291512
2103,1.7519934,0.6313148,0.9255659,0.6287583,0.8264275,0.0025565028
2104,1.138368,0.5487749,0.55490625,0.40525347,0.58346176,0.14352143
2105,1.3451347,0.5191537,0.7509499,0.5197208,0.5941848,-0.0005670786
2106,1.3057504,0.4863575,0.7059091,0.48748022,0.5998413,-0.0011227131
2107,0.85933644,0.42231312,0.51230145,0.37154603,0.347035,0.050767094
2108,0.21909142,0.061853014,0.12814125,0.09749605,0.09095016,-0.035643034
2109,0.04966546,-0.028044706,0.03311383,0.018965859,0.016551629,-0.047010563
2110,0.6762318,0.3005574,0.40775567,0.29597032,0.26847613,0.004587084
2111,1.8574705,0.69509584,0.757304,0.5805027,1.1001666,0.11459315
2112,0.045229994,0.10202496,0.0361708,0.030534128,0.0090591945,0.07149083
2113,0.21196233,0.22040497,0.13053824,0.108581625,0.08142409,0.11182334
2114,1.2305892,0.46560773,0.6231357,0.4405287,0.60745347,0.025079042
2115,2.0060415,0.56848466,0.9708374,0.5940422,1.0352042,-0.025557518
2116,1.7881665,0.55831844,0.6539054,0.45824632,1.1342611,0.100072116
2117,1.91692,0.8945094,1.0048239,0.74413174,0.912096,0.15037763
2118,0.09366395,0.16845737,0.061514445,0.043628514,0.03214951,0.12482886
2119,0.19187191,0.11689466,0.09855313,0.07320638,0.09331878,0.043688282
2120,0.99313766,0.48811862,0.43464985,0.31157234,0.5584878,0.17654628
2121,1.1670249,0.67713916,0.69057626,0.51065123,0.4764486,0.16648793
2122,1.235097,0.43075326,0.58142173,0.41834563,0.6536753,0.012407631
2123,1.695153,0.6385696,0.84752595,0.5905185,0.84762704,0.04805112
2124,1.4332242,0.44331944,0.51531047,0.37659973,0.91791373,0.06671971
2125,1.0354172,0.4932588,0.66845524,0.45024174,0.36696196,0.04301706
2126,0.14033075,0.005778003,0.07017212,0.04707618,0.07015862,-0.041298177
2127,1.3336679,0.6977724,0.90038127,0.6745367,0.4332866,0.023235679
2128,2.1599994,0.72440034,0.7995068,0.59470904,1.3604926,0.1296913
2129,-0.0041737705,0.12830162,0.025867412,0.013992948,-0.030041182,0.11430867
2130,0.3399738,0.1761601,0.20970099,0.1520075,0.13027282,0.024152592
2131,1.521485,0.7801836,0.9714772,0.7242251,0.55000776,0.05595851
2132,0.31817344,0.1588593,0.18969122,0.12618092,0.12848222,0.03267838
2133,1.599473,0.48601782,0.6943869,0.44543785,0.9050861,0.040579975
2134,0.31639054,0.09895657,0.1771631,0.10820198,0.13922745,-0.009245411
2135,1.7632368,0.78434616,0.850999,0.6282197,0.91223776,0.15612644
2136,0.71752405,0.2873017,0.39844897,0.27978152,0.31907508,0.007520169
2137,0.21401277,0.06644085,0.091224745,0.06892897,0.12278803,-0.0024881214
2138,0.19433576,0.030588109,0.09007255,0.06719688,0.10426321,-0.036608774
2139,0.2616286,0.067185275,0.14446917,0.10122947,0.117159426,-0.03404419
2140,1.3108109,0.5796952,0.62328166,0.43949595,0.68752927,0.14019927
2141,0.027600653,0.12467667,0.028815264,0.018723197,-0.0012146104,0.10595347
2142,1.1379651,0.52514,0.54938793,0.376561,0.58857715,0.148579
2143,0.045468416,0.028913788,0.026741866,0.021766232,0.01872655,0.007147556
2144,0.96526563,0.3660966,0.41214442,0.2800556,0.5531212,0.08604097
2145,0.08376107,0.07741274,0.06254091,0.044487566,0.021220163,0.032925174
2146,1.961436,0.9129237,1.0476083,0.80122054,0.9138278,0.11170316
2147,0.19247812,0.08538012,0.12544188,0.090053305,0.06703624,-0.004673183
2148,3.7238214,0.9064988,0.9841164,0.70259917,2.739705,0.20389962
2149,0.053024035,-0.0021159002,0.034923524,0.022003246,0.018100511,-0.024119146
2150,1.6493069,0.665197,0.740393,0.5436942,0.9089139,0.12150282
2151,2.3279896,0.8127705,1.0970842,0.7607404,1.2309054,0.052030087
2152,1.0363206,0.42769632,0.5352372,0.38374922,0.5010834,0.0439471
2153,0.119229436,0.16020758,0.09002453,0.053227343,0.029204905,0.10698024
2154,0.41133022,0.17711045,0.20508084,0.15538216,0.20624939,0.021728292
2155,0.27190652,0.07752688,0.18748927,0.1256549,0.084417254,-0.048128024
2156,3.1389217,0.7667151,1.2467362,0.87985694,1.8921856,-0.113141835
2157,0.78864247,0.30396223,0.38863814,0.27421457,0.40000433,0.029747665
2158,1.8371768,0.63016695,0.8478926,0.56056184,0.9892842,0.06960511
2159,1.9526993,0.45567924,0.5992744,0.44672173,1.3534249,0.008957505
2160,0.11084924,0.15209627,0.073854074,0.054878224,0.036995165,0.09721805
2161,2.1348073,0.6837568,0.7064354,0.54773015,1.4283719,0.13602668
2162,2.7430928,0.91940993,1.1024252,0.7773961,1.6406676,0.14201385
2163,0.8949835,0.4582121,0.574994,0.4352781,0.31998944,0.02293402
2164,0.113790534,0.06463416,0.06960753,0.054149292,0.044183,0.010484867
2165,1.9120214,0.6606659,0.88079786,0.61561954,1.0312235,0.04504639
2166,0.5349571,0.17218205,0.2534902,0.16841576,0.2814669,0.0037662983
2167,0.18763892,0.06834568,0.15161052,0.09605664,0.0360284,-0.02771096
2168,0.07108224,0.15010495,0.062581874,0.042983465,0.008500367,0.10712149
2169,0.10545094,0.15950412,0.06976764,0.03835457,0.035683304,0.12114955
2170,0.25346476,0.10398554,0.11935369,0.09126443,0.13411108,0.012721114
2171,1.0176835,0.36021444,0.53112656,0.36681515,0.48655695,-0.006600708
2172,0.02369781,0.0024500003,0.030248106,0.020415915,-0.0065502953,-0.017965915
2173,1.1222498,0.2984314,0.37870875,0.2577278,0.7435411,0.040703595
2174,1.7469907,0.6623974,0.74764156,0.5138839,0.9993491,0.1485135
2175,0.36333832,0.09022395,0.13911135,0.0908756,0.22422697,-0.00065165013
2176,1.3110242,0.61874413,0.62193775,0.45230332,0.68908644,0.16644081
2177,1.4446875,0.6843679,0.86643755,0.63706464,0.57824993,0.04730326
2178,0.93593127,0.30520642,0.39974418,0.28568047,0.53618705,0.019525945
2179,0.13358775,0.05049288,0.1129333,0.07863722,0.020654447,-0.028144341
2180,1.543154,0.6398205,0.9623988,0.6231798,0.5807552,0.016640723
2181,0.26354596,0.09016598,0.16347137,0.10308965,0.10007459,-0.012923673
2182,0.74474025,0.15861346,0.3008536,0.18294999,0.44388664,-0.024336532
2183,1.05832,0.46941152,0.6067291,0.41734046,0.45159096,0.052071065
2184,0.13855752,0.080782615,0.070305675,0.056204535,0.06825185,0.02457808
2185,0.3831999,0.18581797,0.18558691,0.12634926,0.19761299,0.059468716
2186,1.1534004,0.521247,0.56274766,0.40764195,0.59065276,0.11360508
2187,2.0481915,1.1848344,1.208586,0.910261,0.83960557,0.2745734
2188,1.2169765,0.5907536,0.7623167,0.58632535,0.45465982,0.0044282675
2189,0.19911085,0.067743115,0.08955999,0.05990415,0.10955086,0.007838964
2190,0.3946462,0.32117265,0.28208524,0.20750466,0.11256096,0.113667995
2191,0.5709996,0.25174144,0.34986833,0.2587901,0.2211313,-0.0070486665
2192,2.6439793,0.9113496,1.2854565,0.8768953,1.3585228,0.034454286
2193,0.10794462,0.21914385,0.09417266,0.06706854,0.013771966,0.15207532
2194,1.2462193,0.50889784,0.62759614,0.45143324,0.61862314,0.0574646
2195,0.13528772,0.16375643,0.106273964,0.0739126,0.029013753,0.08984383
2196,0.33448955,0.11165876,0.17290309,0.10496776,0.16158646,0.0066910014
2197,1.0104742,0.35899636,0.4872342,0.35930157,0.52324,-0.00030520558
2198,0.15585433,0.19312327,0.12424053,0.09547653,0.031613797,0.097646736
2199,0.0955909,0.124561414,0.0574885,0.04743337,0.038102396,0.077128045
2200,1.790587,0.45139712,0.57424957,0.40590253,1.2163374,0.045494586
2201,0.8957776,0.3761299,0.5369777,0.36586875,0.35879987,0.010261148
2202,2.0693643,0.6980796,0.9417098,0.63433933,1.1276546,0.06374025
2203,0.26157835,0.1742913,0.14876698,0.102840506,0.11281137,0.07145079
2204,0.1600504,-0.0033263245,0.06546328,0.044024754,0.094587125,-0.047351077
2205,0.39354324,0.21729696,0.21659783,0.14017959,0.17694542,0.07711737
2206,0.7527822,0.28015584,0.44272828,0.3174458,0.31005394,-0.037289977
2207,0.4031443,0.32540765,0.29145724,0.2149527,0.111687064,0.11045495
2208,0.37640527,0.11694424,0.22460136,0.14076968,0.15180391,-0.023825437
2209,1.8362992,0.6222155,0.8489561,0.6323868,0.9873431,-0.010171294
2210,1.0227635,0.35137364,0.422515,0.29437998,0.60024846,0.056993663
2211,0.1939972,0.036140826,0.09442975,0.05210214,0.09956745,-0.015961315
2212,0.29683328,0.24376927,0.18110669,0.13674192,0.11572659,0.10702735
2213,0.16152784,0.01640953,0.081052676,0.049138844,0.08047517,-0.032729313
2214,0.19252323,0.0945311,0.09090127,0.06995319,0.101621956,0.024577908
2215,2.2970717,0.7439222,0.8450855,0.60931116,1.4519862,0.13461101
2216,0.08105864,0.068758465,0.05624532,0.038606696,0.024813317,0.03015177
2217,0.9913353,0.62192315,0.70835656,0.55467397,0.2829787,0.06724918
2218,0.53181773,0.28133398,0.31281713,0.22732322,0.21900061,0.054010764
2219,0.34566775,0.17935488,0.22291544,0.17603503,0.12275231,0.0033198446
2220,0.2779588,0.10086357,0.13814268,0.089575954,0.13981614,0.011287615
2221,0.69383186,0.30066395,0.37174422,0.2683329,0.32208765,0.03233105
2222,0.39755374,0.17451438,0.27114254,0.20132592,0.1264112,-0.02681154
2223,2.6500907,1.0396004,1.3271027,0.92199135,1.322988,0.117609024
2224,0.16264534,0.058080643,0.08300765,0.05730798,0.07963769,0.00077266246
2225,1.0909061,0.38858217,0.52443516,0.370542,0.566471,0.01804018
2226,0.12404326,0.013826482,0.076993726,0.05021615,0.047049537,-0.036389668
2227,0.97451955,0.45810217,0.54201186,0.4005004,0.4325077,0.05760178
2228,1.1732978,0.5613245,0.7268319,0.51755524,0.44646585,0.04376924
2229,0.13678388,0.013962183,0.08491733,0.055959918,0.051866554,-0.041997734
2230,0.114641175,0.018502934,0.039054405,0.030105704,0.075586766,-0.011602771
2231,1.7350897,0.78835577,0.9460931,0.68877834,0.7889966,0.09957743
2232,1.7109988,0.562154,0.7675968,0.52226245,0.943402,0.03989154
2233,0.9442988,0.41340226,0.5158776,0.36821064,0.4284212,0.045191616
2234,1.7341013,0.70817393,0.95418197,0.6928789,0.7799193,0.015295029
2235,1.4684544,0.6727586,0.8310579,0.6148824,0.63739645,0.05787617
2236,0.9864053,0.41386783,0.5279732,0.3972015,0.45843214,0.016666323
2237,1.5960778,0.5930986,0.79737115,0.53452027,0.79870665,0.058578312
2238,2.0218558,0.6498222,0.9454824,0.6251909,1.0763735,0.024631262
2239,0.20613362,0.07400562,0.11038196,0.075211965,0.09575166,-0.0012063459
2240,0.6459247,0.23714428,0.35225686,0.26296154,0.29366782,-0.02581726
2241,0.37388566,0.15137894,0.18423654,0.13146827,0.18964912,0.019910678
2242,0.69441885,0.3615724,0.40186986,0.27162707,0.29254898,0.089945346
2243,0.45146966,0.2200766,0.32813525,0.25902978,0.12333441,-0.03895317
2244,1.128336,0.4594519,0.5604733,0.39732257,0.56786263,0.06212935
2245,0.045658343,0.006041817,0.027918208,0.017291917,0.017740134,-0.011250099
2246,3.0729716,1.2654634,1.3749442,1.0302721,1.6980274,0.23519123
2247,1.4657091,0.545705,0.7130128,0.5025817,0.7526963,0.043123305
2248,3.4589605,0.78604525,0.8770773,0.6058396,2.5818832,0.18020564
2249,0.79454595,0.43839246,0.48260832,0.34509,0.31193763,0.09330246
2250,0.41300184,0.24781685,0.16103849,0.12517789,0.25196335,0.122638956
2251,0.17476584,0.075310886,0.06946472,0.050603695,0.10530112,0.02470719
2252,0.1261967,-0.005277581,0.069362566,0.04935082,0.05683413,-0.054628402
2253,0.32082546,0.13278568,0.13112655,0.0960982,0.1896989,0.03668748
2254,1.2300065,0.4062411,0.6042876,0.41098863,0.62571883,-0.0047475398
2255,1.5195127,0.6209202,0.8596959,0.60765064,0.65981674,0.013269544
2256,1.9911679,0.6465985,0.89636505,0.61026245,1.0948029,0.036336064
2257,0.06795549,0.0326193,0.04515953,0.02938041,0.022795957,0.0032388903
2258,0.79941475,0.31673843,0.3827386,0.28208858,0.41667616,0.03464985
2259,1.6442146,0.8505283,1.0177581,0.75999737,0.6264565,0.09053093
2260,1.265687,0.58310837,0.6171152,0.45891514,0.6485718,0.12419322
2261,0.44922093,0.17496498,0.26784867,0.19372594,0.18137226,-0.018760964
2262,0.6719987,0.27504596,0.34807715,0.2430973,0.32392153,0.031948656
2263,0.36038342,0.12574156,0.23874727,0.16501917,0.12163615,-0.039277613
2264,0.83295673,0.33329362,0.49242467,0.34458178,0.34053206,-0.011288166
2265,0.11447991,0.0340707,0.05485431,0.039116155,0.059625596,-0.005045455
2266,0.72744346,0.38470742,0.42403746,0.33035335,0.303406,0.05435407
2267,2.5772226,0.709902,1.1285732,0.7128777,1.4486494,-0.0029757023
2268,0.93863404,0.25084233,0.40790224,0.2894498,0.5307318,-0.03860748
2269,0.4400346,0.16453585,0.2173796,0.15908408,0.222655,0.0054517686
2270,0.2155227,0.012519038,0.09425471,0.059967957,0.121268,-0.04744892
2271,2.1271622,0.59547865,0.7189995,0.5468183,1.4081627,0.048660338
2272,0.3141174,0.14742453,0.1911287,0.13046005,0.1229887,0.01696448
2273,1.898991,0.8101055,0.9268154,0.6735829,0.9721756,0.13652259
2274,0.21825765,0.09516765,0.10739897,0.07691552,0.11085868,0.018252134
2275,2.7185812,1.057888,1.2022398,0.8779915,1.5163414,0.17989653
2276,-0.024651907,0.10957856,0.0070502074,0.0011366603,-0.031702116,0.1084419
2277,0.07659602,-0.008183149,0.04458598,0.024201047,0.03201004,-0.032384194
2278,0.4431642,0.30301633,0.3008836,0.20717382,0.14228061,0.09584251
2279,0.118824884,0.012336198,0.06829734,0.04390713,0.050527543,-0.03157093
2280,1.7686182,0.66401625,0.8589777,0.62195855,0.90964055,0.042057693
2281,0.22003733,0.28437358,0.15037629,0.102591276,0.069661036,0.1817823
2282,1.5900664,0.5143818,0.63580185,0.44347095,0.9542646,0.07091087
2283,1.8249279,0.8114359,0.7453928,0.5315403,1.0795351,0.2798956
2284,0.7061608,0.3157387,0.3982226,0.3033483,0.3079382,0.012390405
2285,2.94597,1.3588895,1.1977799,0.83859426,1.7481902,0.5202952
2286,-0.02093284,0.120459385,0.012452809,0.0062064556,-0.03338565,0.11425293
2287,2.5596938,0.7426931,0.8576037,0.6219349,1.70209,0.120758235
2288,2.5233302,0.8109525,0.9898111,0.7524665,1.533519,0.058485985
2289,0.5511121,0.26038334,0.30163547,0.23138611,0.24947664,0.028997228
2290,0.20863959,0.082401216,0.09696345,0.067448124,0.11167614,0.014953092
2291,1.7781196,0.71007043,0.8803128,0.6267557,0.89780676,0.08331472
2292,1.4896171,0.5365415,0.7589773,0.5505172,0.7306398,-0.01397568
2293,0.15372212,0.049102947,0.08621545,0.055606633,0.06750667,-0.0065036863
2294,1.3902342,0.49189436,0.696428,0.5133278,0.69380623,-0.021433413
2295,1.0956259,0.5078344,0.5134641,0.35883,0.5821618,0.14900437
2296,1.1556286,0.43582386,0.56302667,0.39427274,0.5926019,0.041551113
2297,1.218053,0.5087415,0.6091646,0.45080724,0.6088884,0.057934254
2298,0.09035825,0.10991991,0.08311884,0.05102185,0.007239409,0.05889806
2299,0.8524629,0.24342689,0.34474385,0.25310165,0.50771904,-0.009674758
2300,0.44870636,0.21953276,0.24770269,0.17105767,0.20100367,0.048475087
2301,1.7272537,0.6092226,0.7956426,0.5885024,0.93161106,0.020720184
2302,0.62462854,0.2729774,0.3079339,0.21622792,0.31669465,0.056749493
2303,0.64206815,0.24390069,0.35527048,0.2532809,0.28679767,-0.009380221
2304,1.1635371,0.33078164,0.42064634,0.30991164,0.74289083,0.02087
2305,1.0649681,0.46694168,0.60407704,0.42869258,0.46089107,0.038249105
2306,0.15463236,0.02189189,0.10440241,0.08033606,0.05022995,-0.058444165
2307,0.3961812,0.19389094,0.23779896,0.16457716,0.15838224,0.029313788
2308,0.3476959,0.13246973,0.16348536,0.122728065,0.18421052,0.009741664
2309,1.2649994,0.25120062,0.39086032,0.29964095,0.8741391,-0.048440337
2310,0.74270105,0.28635874,0.36491397,0.2529727,0.37778708,0.03338605
2311,0.13358027,0.100541145,0.07080605,0.045295663,0.06277422,0.05524548
2312,0.4027109,0.16016068,0.2643087,0.1705254,0.13840222,-0.010364726
2313,1.0992682,0.5880034,0.719092,0.5253009,0.3801762,0.06270248
2314,1.0091735,0.4013683,0.4424004,0.33949453,0.5667731,0.061873764
2315,1.3234478,0.4015945,0.4868672,0.34856695,0.83658063,0.05302754
2316,1.4089226,0.57030636,0.7549442,0.5312296,0.65397835,0.039076746
2317,0.13782641,0.09068438,0.087223746,0.065509245,0.050602667,0.025175132
2318,1.0427431,0.39745528,0.5178534,0.35720426,0.5248897,0.040251017
2319,1.6159722,0.63697356,0.8330735,0.6231866,0.78289866,0.013786972
2320,0.8964169,0.51882637,0.5471136,0.43232125,0.3493033,0.086505115
2321,1.5733048,0.7711028,0.85857403,0.6131032,0.71473074,0.15799958
2322,3.2889414,0.8747461,1.0011238,0.75973856,2.2878175,0.11500752
2323,1.0607212,0.40329266,0.5425905,0.3923783,0.51813066,0.0109143555
2324,0.33781138,0.14105873,0.16967425,0.12741032,0.16813713,0.013648406
2325,1.9145678,0.51607454,0.76811457,0.49762088,1.1464533,0.018453658
2326,0.9880577,0.34689617,0.5405694,0.35941428,0.44748825,-0.012518108
2327,1.073834,0.40949637,0.49222022,0.35962543,0.5816137,0.049870938
2328,0.70446986,0.41307163,0.43738598,0.32424283,0.26708388,0.0888288
2329,1.8305902,0.5776537,0.7260715,0.52367043,1.1045188,0.05398327
2330,0.118401654,0.04695582,0.054516684,0.03716042,0.06388497,0.009795401
2331,1.1599938,0.4941836,0.7002702,0.5095848,0.4597236,-0.015401185
2332,3.4715142,1.1297852,1.4640148,0.99779445,2.0074995,0.13199073
2333,1.0413388,0.3938847,0.55634254,0.40166146,0.48499626,-0.007776767
2334,0.04146711,-0.0057314145,0.043190073,0.025944293,-0.0017229617,-0.031675708
2335,0.47128072,0.34647638,0.32514304,0.23213348,0.14613768,0.1143429
2336,1.0860251,0.41772878,0.498247,0.34661165,0.5877781,0.07111713
2337,1.8624231,0.6696497,0.92704886,0.6635735,0.9353742,0.0060762167
2338,0.16531378,0.08871225,0.101975754,0.07784534,0.06333803,0.01086691
2339,1.4143748,0.5135443,0.7161914,0.48949593,0.6981834,0.024048388
2340,0.8999344,0.3984934,0.49352542,0.3237129,0.406409,0.074780524
2341,1.783511,0.4935269,0.6609114,0.43597126,1.1225996,0.057555646
2342,0.1185286,-0.000539925,0.06933399,0.04745853,0.049194604,-0.047998454
2343,1.1870748,0.43530223,0.63315153,0.46839842,0.55392325,-0.033096194
2344,0.21970437,0.24716675,0.15899405,0.117004596,0.060710326,0.13016215
2345,1.571331,0.42035553,0.64256227,0.44997954,0.92876875,-0.029624015
2346,0.13763753,0.02660939,0.06842576,0.044363223,0.069211766,-0.017753834
2347,2.7704537,0.69908524,0.8178443,0.59538966,1.9526094,0.10369557
2348,0.597831,0.15601952,0.2300111,0.16669157,0.3678199,-0.010672048
2349,0.1752148,0.022479277,0.08870606,0.0648507,0.086508736,-0.042371426
2350,-0.022496993,0.11680977,0.012542561,0.0058417707,-0.03503955,0.110968
2351,4.132768,0.8517908,0.9302851,0.632552,3.2024832,0.21923876
2352,0.438035,0.18339929,0.19794813,0.14357515,0.24008688,0.039824143
2353,0.1002166,0.12892972,0.078325346,0.063025236,0.021891251,0.06590448
2354,1.763052,0.43451318,0.49353576,0.32933193,1.2695162,0.10518125
2355,2.1841357,0.59942824,0.9000524,0.6125124,1.2840832,-0.013084173
2356,0.19150168,0.15002593,0.10492848,0.073990695,0.0865732,0.07603524
2357,0.2523132,0.1553117,0.16713962,0.12431904,0.08517358,0.030992664
2358,0.52025706,0.21477431,0.35471863,0.23519953,0.16553843,-0.020425215
2359,1.23241,0.18980801,0.25325152,0.18067874,0.9791584,0.009129271
2360,0.09236432,0.028495383,0.06503754,0.048726156,0.027326778,-0.020230774
2361,0.01212748,-0.0011645405,0.031247001,0.023909908,-0.019119522,-0.025074448
2362,0.30942485,0.15049131,0.16032049,0.12033279,0.14910436,0.03015852
2363,0.21078968,0.10120307,0.11681982,0.08129704,0.09396986,0.01990603
2364,1.4838097,0.4946267,0.6512821,0.47419077,0.83252764,0.02043593
2365,1.4393764,0.6077184,0.7424175,0.5523718,0.69695884,0.05534661
2366,2.29253,1.0025824,1.1178254,0.7695115,1.1747047,0.23307091
2367,0.54107267,0.27978283,0.35036168,0.25454932,0.19071099,0.025233507
2368,0.04102957,0.019251663,0.056387883,0.03998181,-0.015358314,-0.020730145
2369,0.80834275,0.1503067,0.2217412,0.15371278,0.58660156,-0.0034060776
2370,1.8014857,0.5344116,0.681204,0.48760414,1.1202817,0.046807468
2371,0.213072,0.19630897,0.13930707,0.09231497,0.073764935,0.103994
2372,1.5484288,0.823663,1.0639341,0.76887023,0.4844947,0.05479276
2373,0.8107644,0.38774776,0.4592178,0.32720247,0.3515466,0.060545295
2374,0.3756072,0.20503621,0.22118819,0.1617907,0.154419,0.04324551
2375,0.77756786,0.34119725,0.42050403,0.31515938,0.35706383,0.026037872
2376,0.81054807,0.3541726,0.41791382,0.29879105,0.39263424,0.055381536
2377,0.1198106,0.06866395,0.07545242,0.05381473,0.044358186,0.014849216
2378,0.7291278,0.31421953,0.42007512,0.30541646,0.3090527,0.00880307
2379,-0.013437623,0.10945382,0.012354275,0.0043776496,-0.025791898,0.10507617
2380,0.093302056,0.24244899,0.10905465,0.07804193,-0.015752591,0.16440704
2381,1.7870969,0.74275947,0.8271595,0.6173269,0.95993733,0.12543255
2382,0.5323587,0.20252837,0.35192734,0.24212548,0.18043137,-0.03959711
2383,0.78584355,0.3708521,0.5204389,0.37999827,0.26540464,-0.009146154
2384,0.81589156,0.2046056,0.4026617,0.28069246,0.41322985,-0.076086864
2385,1.5633193,0.61897206,0.72354865,0.5486954,0.8397707,0.07027668
2386,1.3270831,0.43681997,0.6612584,0.4403215,0.6658247,-0.0035015345
2387,0.70366323,0.3301951,0.4217587,0.3008402,0.28190452,0.0293549
2388,0.20067105,0.13428852,0.13486421,0.10457543,0.065806836,0.029713087
2389,1.9041772,0.7535846,0.96436137,0.6992439,0.9398158,0.05434072
2390,1.3761595,0.63424,0.8308113,0.60971963,0.5453482,0.024520338
2391,1.8463452,0.6192777,0.6786766,0.51046926,1.1676686,0.10880846
2392,0.9762521,0.25946152,0.379817,0.25839418,0.59643507,0.0010673404
2393,0.14436688,0.18901701,0.094476126,0.06950276,0.04989075,0.11951425
2394,0.78959817,0.34865585,0.53661543,0.39240348,0.25298274,-0.043747634
2395,2.3676617,0.9633809,1.3186584,0.94578207,1.0490034,0.017598808
2396,1.1384612,0.53337264,0.6039751,0.44171435,0.5344861,0.091658294
2397,0.5703658,0.23516852,0.3286187,0.21572816,0.24174708,0.019440353
2398,1.6186817,0.5684748,0.721272,0.5454497,0.8974097,0.023025155
2399,1.8972673,0.7533948,1.025821,0.7604899,0.8714464,-0.0070950985
2400,0.044748403,0.14639747,0.047122557,0.028834695,-0.0023741536,0.11756278
2401,0.7629618,0.28878856,0.5033209,0.32931912,0.25964093,-0.040530562
2402,1.9577852,0.4251244,0.67168784,0.45843905,1.2860974,-0.033314645
2403,0.716337,0.32633382,0.4442366,0.2965661,0.27210042,0.029767722
2404,0.85942966,0.41782758,0.5501381,0.38493544,0.30929154,0.032892138
2405,1.5529201,0.5362145,0.70132965,0.5406738,0.85159045,-0.0044593215
2406,1.0701576,0.5444702,0.7546654,0.54111904,0.31549227,0.003351152
2407,0.27528822,0.1071703,0.101315916,0.070332006,0.17397231,0.036838293
2408,2.4740844,0.70895267,0.90522844,0.6709503,1.568856,0.03800237
2409,0.34558,0.14145519,0.243089,0.18047383,0.102491006,-0.039018646
2410,0.35731176,0.18756542,0.22917359,0.17396018,0.12813817,0.013605237
2411,0.75257254,0.35288966,0.4680179,0.3386941,0.28455463,0.014195561
2412,0.8925551,0.28848797,0.40332884,0.28667635,0.48922628,0.0018116236
2413,0.7199405,0.35831094,0.5105983,0.3570766,0.20934218,0.0012343526
2414,0.4233041,0.25188234,0.2386808,0.17747977,0.18462332,0.07440257
2415,0.0980286,0.039934326,0.045475066,0.028841522,0.052553535,0.011092804
2416,1.0224814,0.38003018,0.46585432,0.3449407,0.55662715,0.035089493
2417,0.6727611,0.28173316,0.3555799,0.2657321,0.31718117,0.016001046
2418,2.2443297,0.7476622,1.0278549,0.7099202,1.2164748,0.03774196
2419,1.7675943,0.6092598,0.72704154,0.5192355,1.0405529,0.09002429
2420,0.52411,0.23821235,0.3278201,0.23717079,0.19628993,0.0010415614
2421,0.5664571,0.23292333,0.3448577,0.23101684,0.2215994,0.0019064844
2422,0.20362926,0.08285417,0.103399836,0.06676065,0.10022942,0.016093515
2423,0.53408164,0.22499806,0.27656296,0.18739936,0.25751868,0.0375987
2424,0.5284039,0.24035753,0.33233514,0.23914807,0.19606873,0.0012094676
2425,0.036838837,0.018489532,0.026687747,0.024106508,0.01015109,-0.005616976
2426,-0.025671376,0.114118375,0.010141233,0.0036199994,-0.03581261,0.110498376
2427,0.09125833,0.0050764517,0.0384187,0.028381098,0.052839633,-0.023304647
2428,0.7229398,0.44773614,0.4279123,0.3142642,0.2950275,0.13347194
2429,0.16756916,0.02413983,0.0949897,0.06264943,0.07257946,-0.0385096
2430,0.24983793,0.08029818,0.14357045,0.104681656,0.10626748,-0.024383478
2431,0.123076655,0.084725365,0.09519167,0.06688817,0.027884983,0.017837197
2432,0.90144855,0.37977976,0.4085579,0.25639442,0.49289066,0.12338534
2433,1.0382435,0.5251717,0.6541332,0.473877,0.38411033,0.051294684
2434,0.06336361,0.0008503472,0.04788176,0.03080056,0.015481852,-0.029950213
2435,0.0014375801,-0.02629959,0.021161424,0.016776051,-0.019723844,-0.043075643
2436,0.33092654,0.17004058,0.172118,0.13390748,0.15880854,0.036133096
2437,1.9582267,0.5578422,0.5942059,0.43346888,1.3640208,0.12437332
2438,0.9395499,0.5658252,0.6557981,0.5296401,0.28375185,0.036185145
2439,0.07153989,-0.007857886,0.06935291,0.0425378,0.0021869764,-0.050395686
2440,0.5474861,0.3194186,0.3226984,0.23881738,0.22478771,0.08060123
2441,1.2559906,0.6285631,0.6602784,0.47582722,0.59571224,0.15273589
2442,0.9074303,0.39939308,0.52154744,0.3591388,0.38588285,0.040254295
2443,1.8994285,0.74610543,0.95838976,0.7053135,0.9410387,0.04079193
2444,2.230131,0.78649575,1.018911,0.6947185,1.2112199,0.091777265
2445,0.61782116,0.24684341,0.31144845,0.22110268,0.3063727,0.025740728
2446,1.4684772,0.46264434,0.5764637,0.4310433,0.89201355,0.03160104
2447,0.24366508,0.1580371,0.14012167,0.10206503,0.103543416,0.05597207
2448,0.07498307,0.042287547,0.04707106,0.031251285,0.02791201,0.011036262
2449,1.5648888,0.6001882,0.82725203,0.61444104,0.7376368,-0.0142528415
2450,0.5185438,0.19619492,0.30518857,0.22206709,0.21335521,-0.02587217
2451,0.61845356,0.122742586,0.18934159,0.121704,0.42911196,0.0010385886
2452,-0.012718968,0.123712264,0.020348182,0.01094995,-0.033067152,0.11276232
2453,1.4693973,0.58014613,0.6712127,0.46811804,0.79818463,0.11202809
2454,2.6110451,1.2012861,1.4606943,1.0330532,1.1503508,0.16823292
2455,0.05483164,0.053516056,0.031339638,0.024539204,0.023492001,0.028976852
2456,1.5842601,0.5986152,0.7357614,0.5547644,0.8484987,0.04385084
2457,0.0814739,0.04134528,0.052226998,0.038747914,0.029246904,0.0025973655
2458,0.23360395,0.20073946,0.117556095,0.08879343,0.11604786,0.11194603
2459,3.086142,1.0446818,1.1874701,0.8737315,1.898672,0.1709503
2460,0.13072781,0.026115302,0.062507555,0.03758035,0.06822026,-0.011465047
2461,0.4244006,0.18414605,0.28133333,0.20237729,0.14306727,-0.018231243
2462,0.3002614,0.12057312,0.18503343,0.1237611,0.11522798,-0.0031879842
2463,1.5349464,0.6505396,0.7182187,0.5187756,0.81672776,0.131764
2464,1.7423809,0.5499804,0.65103996,0.45387235,1.0913409,0.09610805
2465,0.09851635,0.13851607,0.047231585,0.033468917,0.051284768,0.10504715
2466,0.30853346,0.26306888,0.2002928,0.14733043,0.108240664,0.11573845
2467,0.57487184,0.21550359,0.30008474,0.22039208,0.2747871,-0.00488849
2468,1.6625315,0.60933506,0.85143346,0.61037886,0.81109804,-0.0010437965
2469,1.5635931,0.5284337,0.65269184,0.46893644,0.9109013,0.059497237
2470,0.111497,0.065181315,0.069809675,0.053466212,0.041687325,0.011715103
2471,0.086360626,0.014996949,0.04927508,0.0342929,0.037085544,-0.01929595
2472,0.14970906,0.08829155,0.08607112,0.06612905,0.06363794,0.022162497
2473,0.053772356,-0.020137835,0.030145412,0.019568866,0.023626944,-0.0397067
2474,1.1098154,0.64865375,0.72207403,0.5222216,0.38774133,0.12643212
2475,1.6138456,0.47560224,0.6998981,0.50557554,0.91394746,-0.029973298
2476,1.3249444,0.49641886,0.79183245,0.49171248,0.53311193,0.0047063828
2477,1.0193938,0.39147907,0.45691004,0.32785597,0.5624838,0.0636231
2478,1.5776731,0.6443276,0.7678291,0.5572057,0.80984396,0.087121904
2479,2.1229985,0.77660286,0.7710701,0.5791267,1.3519284,0.19747615
2480,0.34966314,0.13919657,0.20783499,0.13771853,0.14182815,0.0014780462
2481,1.0699155,0.36525428,0.50711626,0.37376904,0.5627993,-0.008514762
2482,0.18848757,0.11976482,0.10926215,0.07117883,0.07922542,0.04858599
2483,1.681534,0.6091698,0.78885186,0.5717148,0.8926822,0.037454963
2484,0.9503338,0.3226112,0.38838643,0.27434134,0.56194735,0.048269868
2485,2.0857596,0.87593687,1.1600211,0.8135416,0.9257386,0.062395275
2486,0.43282697,0.26885298,0.2846214,0.21579632,0.14820558,0.053056657
2487,1.285217,0.60291195,0.78968155,0.58651936,0.4955355,0.016392589
2488,0.54303867,0.2536709,0.2994427,0.20686719,0.24359596,0.046803713
2489,-0.01429794,0.13001424,0.026659265,0.01640984,-0.040957205,0.1136044
2490,0.546957,0.20889007,0.28580242,0.2032632,0.2611546,0.005626872
2491,0.40550193,0.19485739,0.18632747,0.14430244,0.21917446,0.050554946
2492,0.40414572,0.21741413,0.26809227,0.20317455,0.13605344,0.014239579
2493,2.1057513,0.48154172,0.68783796,0.4636651,1.4179133,0.017876625
2494,0.45983672,0.17312665,0.19022766,0.14257178,0.26960906,0.030554876
2495,1.6339934,0.32613406,0.47994518,0.33238572,1.1540482,-0.006251663
2496,1.0499184,0.52294874,0.6047986,0.44658193,0.4451198,0.07636681
2497,0.14257133,0.15222445,0.09932326,0.065059856,0.043248072,0.087164596
2498,0.84254074,0.4874719,0.4689537,0.35288322,0.37358704,0.13458869
2499,1.3047969,0.5389066,0.71057475,0.52671444,0.5942222,0.01219213
2500,1.1419199,0.32285666,0.4675518,0.33847016,0.674368,-0.015613496
2501,0.28761557,0.18472347,0.15440674,0.11065654,0.13320883,0.07406693
2502,0.6271024,0.32260355,0.38865525,0.3052528,0.23844713,0.017350763
2503,0.90772915,0.38270006,0.45081815,0.31984925,0.456911,0.0628508
2504,2.2891207,0.4508432,0.77766,0.48994175,1.5114607,-0.03909856
2505,1.0360035,0.42443395,0.5305895,0.36661226,0.50541395,0.05782169
2506,1.696728,0.4424566,0.6082578,0.43372458,1.0884702,0.008732021
2507,0.82170016,0.43760076,0.5379054,0.41278395,0.28379476,0.024816811
2508,0.13177186,0.01449988,0.09483611,0.06657775,0.036935754,-0.052077867
2509,2.1650286,0.8170808,1.0068281,0.72384864,1.1582005,0.093232155
2510,0.35559613,0.22865541,0.23794799,0.17347807,0.11764814,0.055177346
2511,0.35997888,0.15006137,0.20601621,0.12979193,0.15396267,0.020269439
2512,1.4450674,0.55225545,0.6297706,0.46824723,0.8152968,0.08400822
2513,2.6345305,1.0435276,1.1673687,0.9089546,1.4671619,0.13457298
2514,1.5853827,0.54583186,0.629841,0.46879873,0.9555417,0.07703313
2515,1.3135592,0.4361502,0.5502466,0.38822836,0.7633126,0.047921836
2516,0.22039801,0.14034235,0.14494112,0.11918143,0.07545689,0.021160923
2517,0.08425547,0.22367986,0.068114296,0.052033164,0.016141176,0.17164668
2518,0.6268208,0.36291564,0.38025725,0.26964194,0.24656355,0.0932737
2519,1.7234724,0.45926416,0.6084892,0.42086297,1.1149831,0.038401186
2520,1.5645953,0.4408084,0.648153,0.4661778,0.91644233,-0.025369406
2521,1.1941813,0.36636633,0.4486324,0.32574677,0.74554896,0.040619552
2522,1.0916814,0.35083503,0.57216114,0.3844073,0.5195202,-0.033572286
2523,1.0051762,0.4655067,0.5475013,0.40382957,0.45767486,0.061677128
2524,0.40631098,0.196473,0.25896135,0.19407296,0.14734963,0.0024000406
2525,0.24277562,0.13595028,0.13303189,0.10859048,0.10974373,0.027359799
2526,0.090412244,0.06349469,0.043492027,0.03295985,0.046920218,0.030534841
2527,0.8948192,0.43907785,0.5391943,0.4119672,0.3556249,0.027110666
2528,1.8257004,0.67575777,0.7956175,0.57603514,1.030083,0.099722624
2529,0.38689744,0.20968765,0.23033726,0.16986364,0.15656018,0.03982401
2530,1.515945,0.5171117,0.65926915,0.49246162,0.8566758,0.024650097
2531,-0.012614294,0.1570594,0.030256039,0.020611601,-0.04287033,0.1364478
2532,1.9493821,0.7815738,1.0126561,0.747598,0.936726,0.03397578
2533,2.6494427,0.9459437,1.2329009,0.8720169,1.4165418,0.07392681
2534,0.036257584,0.039163575,0.022482805,0.016594995,0.013774779,0.02256858
2535,0.16463716,0.041255765,0.113426924,0.08171897,0.05121024,-0.0404632
2536,0.12508419,0.04842216,0.06154848,0.047390077,0.06353571,0.0010320842
2537,0.30210468,0.17812392,0.19956067,0.1551285,0.10254401,0.022995427
2538,0.031587753,0.13262707,0.041205037,0.027286086,-0.009617284,0.10534099
2539,0.3020591,0.07917751,0.1802052,0.11615316,0.12185392,-0.036975645
2540,0.11724097,0.046489295,0.105718896,0.079404846,0.011522077,-0.03291555
2541,1.8733479,0.40529627,0.70494115,0.44728202,1.1684067,-0.04198575
2542,1.5088755,0.6577969,0.78131044,0.5627459,0.72756505,0.09505099
2543,2.5154405,0.93980694,1.2168595,0.8967496,1.298581,0.043057323
2544,0.22899592,0.13961512,0.16488804,0.1294932,0.06410788,0.010121912
2545,0.34504044,0.16683605,0.20426163,0.1478149,0.14077881,0.019021153
2546,0.77047265,0.3678753,0.4723701,0.3328057,0.29810256,0.035069615
2547,0.35272345,0.1939798,0.24492173,0.18019852,0.10780172,0.013781279
2548,0.22469425,0.09475837,0.10667926,0.08116123,0.11801499,0.013597138
2549,2.848836,0.929671,1.2681248,0.901234,1.5807111,0.028437018
2550,0.16318311,0.1146434,0.103137694,0.08207691,0.060045414,0.032566495
2551,0.08942271,0.04610929,0.072612815,0.051780008,0.016809896,-0.005670719
2552,0.27806646,0.1507597,0.17282298,0.13165608,0.105243474,0.019103616
2553,0.33220845,0.17119658,0.18450512,0.122139454,0.14770333,0.049057126
2554,0.11933474,-0.0008466244,0.061258785,0.04743022,0.058075957,-0.048276845
2555,1.5902323,0.6718399,0.7855984,0.584082,0.80463386,0.087757885
2556,1.3807095,0.6189232,0.68107337,0.51577276,0.69963616,0.10315043
2557,0.26918343,0.13013719,0.14136128,0.104544386,0.12782215,0.025592804
2558,0.87209004,0.4135091,0.4930818,0.37921166,0.37900823,0.034297436
2559,1.6737913,0.8156247,0.96690166,0.712987,0.7068896,0.10263771
