feature_idx,seq_effect_obs,struct_effect_obs,seq_effect_shuffle,struct_effect_shuffle,seq_delta,struct_delta
0,0.04553246,0.16034777,0.04433222,0.028627954,0.0012002401,0.13171983
1,1.055088,0.60760826,0.88330466,0.64975214,0.17178339,-0.04214388
2,0.1125598,0.03166137,0.06942915,0.0484853,0.04313065,-0.016823933
3,0.877315,0.52116853,0.77390975,0.53301966,0.10340524,-0.011851132
4,0.011612914,-0.057403702,0.015400261,0.005851213,-0.003787347,-0.063254915
5,0.004347525,-0.0064210678,0.025815548,0.016748413,-0.021468023,-0.02316948
6,0.008738981,0.14662875,0.012013669,0.009708057,-0.0032746885,0.13692069
7,0.037347708,0.03218667,0.017394146,0.01385435,0.019953562,0.018332317
8,0.02924647,0.04102358,0.025798872,0.022306465,0.0034475978,0.018717114
9,0.03185752,-0.035177894,0.023326032,0.008902609,0.0085314885,-0.044080503
10,0.48039815,0.12240114,0.22778547,0.1387156,0.25261268,-0.016314454
11,0.045540895,0.019798595,0.020366333,0.015246092,0.025174562,0.004552503
12,0.021234663,0.033152014,0.008771804,0.008575601,0.012462859,0.024576414
13,1.1507854,0.5607755,0.8690866,0.58803385,0.28169882,-0.027258337
14,1.1003729,0.02048645,0.2980909,0.19707832,0.802282,-0.17659187
15,0.0011018632,0.036535818,0.013155524,0.011734723,-0.01205366,0.024801094
16,0.86710423,0.5608083,0.76315606,0.5550421,0.103948176,0.005766213
17,0.044142526,-0.005230967,0.051692482,0.03658493,-0.0075499564,-0.041815896
18,0.60902,0.54380345,0.5856628,0.46817285,0.023357213,0.075630605
19,0.8829896,0.48332933,0.72953683,0.47894597,0.15345275,0.0043833554
20,0.02402917,-0.038831938,0.028226577,0.0137107745,-0.0041974075,-0.052542713
21,0.0072845565,0.027355758,0.013579404,0.0060700653,-0.0062948475,0.021285694
22,0.028425869,0.022554236,0.032508064,0.01691233,-0.0040821955,0.0056419056
23,0.07621905,0.053406507,0.055498306,0.04053375,0.020720746,0.0128727555
24,0.7595042,0.55929494,0.65762365,0.50824344,0.10188055,0.051051497
25,0.55727684,0.39804167,0.5306107,0.3893118,0.026666164,0.008729875
26,0.75180733,0.4963153,0.60409606,0.42083904,0.14771128,0.07547626
27,0.15674253,0.08614763,0.1100655,0.077377774,0.04667703,0.008769855
28,0.013551911,0.029019875,0.010739696,0.008343446,0.0028122151,0.02067643
29,0.89316535,0.52733505,0.7101227,0.46226993,0.18304265,0.065065116
30,-0.017369796,0.12182823,0.02411067,0.011000207,-0.041480467,0.11082802
31,0.6831022,0.4657117,0.6009969,0.44276828,0.08210528,0.022943437
32,-0.023407463,0.0040448415,0.0014007596,0.0010968978,-0.024808222,0.0029479438
33,0.09150412,0.064955465,0.07119801,0.028643176,0.02030611,0.03631229
34,0.032781575,0.023732536,0.028411174,0.017547112,0.0043704007,0.0061854236
35,0.8906616,0.60962033,0.6947448,0.5160664,0.19591677,0.09355396
36,0.07885537,-0.030498093,0.04986102,0.020926785,0.028994352,-0.051424876
37,0.4329143,0.24808803,0.34162468,0.25617114,0.09128961,-0.008083105
38,0.030531561,0.14140646,0.025842981,0.019492736,0.0046885796,0.12191372
39,0.03685131,-0.045169923,0.041377734,0.017738882,-0.004526425,-0.062908806
40,0.66840565,0.21651125,0.2819422,0.17262368,0.38646346,0.04388757
41,0.18900271,0.13202801,0.1814319,0.13740362,0.007570803,-0.005375609
42,0.86211956,0.5327985,0.73390716,0.52660507,0.12821239,0.006193459
43,0.7669199,0.4926349,0.6116458,0.45838466,0.1552741,0.03425023
44,0.052025203,0.1402998,0.044958882,0.03412156,0.0070663206,0.10617824
45,0.88375825,0.4661701,0.53093255,0.3936676,0.3528257,0.072502494
46,0.058117054,-0.004900892,0.059848767,0.038360756,-0.0017317124,-0.043261647
47,0.45958528,0.24752212,0.32201016,0.22085004,0.13757512,0.02667208
48,0.8050671,0.37479073,0.55626744,0.38496715,0.24879968,-0.01017642
49,0.14959814,0.15514606,0.14795834,0.10611043,0.0016397983,0.04903563
50,0.5132752,0.30685744,0.43758866,0.31032205,0.075686544,-0.0034646094
51,0.11126916,0.16616257,0.1004869,0.07374487,0.010782264,0.092417695
52,0.5801942,0.3498512,0.485346,0.34228146,0.094848186,0.0075697303
53,0.056826588,-0.017541034,0.037123952,0.022879524,0.019702636,-0.04042056
54,0.74671125,0.33412048,0.5293723,0.39622754,0.21733898,-0.062107056
55,-0.008827095,0.058057286,0.009587911,0.0070213894,-0.018415006,0.051035896
56,1.0455861,0.6171981,0.92770433,0.57085127,0.117881775,0.046346843
57,1.7291983,0.93049353,1.3007725,0.9509065,0.4284258,-0.020412982
58,1.2717077,0.67383265,1.062502,0.74055535,0.20920563,-0.06672269
59,0.054919623,0.06841296,0.055354405,0.033129517,-0.00043478236,0.035283443
60,0.03611063,0.039642982,0.03251112,0.029576333,0.0035995096,0.010066649
61,0.049872987,0.09195402,0.06223738,0.033190645,-0.012364391,0.058763377
62,-0.021539489,0.017637938,0.014272213,0.0068234373,-0.0358117,0.010814501
63,0.025105055,0.052126735,0.016192256,0.01659658,0.0089128,0.035530157
64,0.03578798,0.032739855,0.030693559,0.019821562,0.005094422,0.0129182935
65,0.120230876,0.06436281,0.07972373,0.052689157,0.040507145,0.011673652
66,0.71150213,0.4307768,0.53441244,0.36085486,0.17708969,0.06992194
67,0.026478395,0.024331618,0.04383738,0.035284515,-0.017358985,-0.010952897
68,0.06944114,0.042232666,0.042926308,0.03081674,0.026514832,0.011415927
69,0.08294927,0.07875923,0.07213263,0.04820534,0.010816641,0.030553892
70,0.8078743,0.40838856,0.5695161,0.40048274,0.2383582,0.007905811
71,0.118887156,0.09246723,0.11545426,0.06693018,0.0034328997,0.025537051
72,0.13264479,0.0645968,0.11604608,0.07215063,0.016598709,-0.0075538307
73,0.034981746,-0.032658536,0.044895805,0.027823227,-0.009914059,-0.060481764
74,0.058496796,0.04779232,0.040382456,0.026111089,0.01811434,0.02168123
75,0.9745983,0.53646976,0.72155523,0.47291097,0.25304306,0.06355879
76,0.005295914,-0.024946982,0.016571788,0.00925236,-0.011275874,-0.034199342
77,0.016688911,0.036249585,0.0065302337,0.00462927,0.010158678,0.031620316
78,0.98552656,0.499233,0.7818511,0.53615326,0.20367545,-0.03692025
79,0.78351456,0.45699212,0.69643974,0.43570468,0.087074816,0.021287441
80,0.033591874,0.038672686,0.032320153,0.01859077,0.001271721,0.020081915
81,0.055717394,0.00034213107,0.03241969,0.021526713,0.023297705,-0.021184582
82,0.054327834,0.03550248,0.041709445,0.024701947,0.012618389,0.010800531
83,0.71033007,0.5163335,0.6356914,0.45871723,0.074638665,0.057616293
84,0.5361704,0.3397007,0.36662403,0.27649078,0.1695464,0.06320992
85,0.010814533,-0.036868308,0.027768726,0.010061171,-0.016954193,-0.04692948
86,0.08561192,-0.002142848,0.08602993,0.048984386,-0.00041801482,-0.051127233
87,0.661582,0.32300577,0.4855156,0.3230253,0.1760664,-1.9520521e-05
88,0.029020488,0.12957281,0.050738245,0.033757385,-0.021717757,0.09581542
89,0.01916441,0.026155146,0.009676187,0.010915174,0.009488222,0.015239972
90,0.03939175,0.054346453,0.026310753,0.023996027,0.0130809955,0.030350426
91,0.13216566,0.110635094,0.116717026,0.08286264,0.01544863,0.027772456
92,0.07288188,0.042106237,0.066379935,0.04185322,0.006501943,0.000253018
93,-0.03065512,0.019894263,0.004256302,0.003966953,-0.03491142,0.01592731
94,0.07327612,0.07036386,0.07435229,0.0645982,-0.0010761693,0.005765654
95,0.6665158,0.2503832,0.38714132,0.30676278,0.2793745,-0.056379586
96,0.055801228,0.068491235,0.031748153,0.030558875,0.024053074,0.03793236
97,0.50648755,0.18987542,0.29381496,0.19624701,0.21267259,-0.0063715875
98,0.03694559,0.04741752,0.034288447,0.02599648,0.0026571415,0.021421041
99,0.03570355,-0.02565531,0.036317278,0.020355571,-0.0006137267,-0.04601088
100,0.086443804,0.15007803,0.10761165,0.07970918,-0.021167845,0.07036885
101,0.123296894,0.12591569,0.12567903,0.104475334,-0.0023821369,0.021440357
102,0.04022514,0.0067467294,0.04586971,0.023785556,-0.005644571,-0.017038826
103,0.5319599,0.26591402,0.43624073,0.289835,0.09571916,-0.023920983
104,-0.002078256,0.06081356,0.008044125,0.0054559256,-0.010122381,0.055357635
105,0.8374167,0.5184991,0.6957348,0.5274864,0.14168191,-0.008987308
106,0.54832685,0.3082351,0.3749527,0.2641617,0.17337415,0.044073403
107,0.811046,0.52275616,0.7115276,0.5015018,0.09951842,0.02125436
108,0.0033169896,0.22177263,0.025442816,0.017673813,-0.022125827,0.20409882
109,0.7605891,0.24126795,0.4448312,0.28388894,0.31575793,-0.042620987
110,0.18915662,0.115549035,0.16597752,0.09607452,0.023179099,0.019474514
111,-0.001285222,0.0036636344,0.009317559,0.008011006,-0.010602782,-0.0043473714
112,1.0186116,0.61952406,0.86776114,0.5592472,0.15085042,0.060276866
113,0.798917,0.48578283,0.7384104,0.51122487,0.060506582,-0.025442034
114,0.030398475,-0.020471815,0.027878106,0.014348763,0.0025203694,-0.03482058
115,0.21362516,0.1364865,0.18105032,0.13157873,0.032574847,0.004907772
116,0.00027389897,0.052013952,0.013261911,0.0077224826,-0.012988012,0.04429147
117,0.012919244,-0.028012997,0.0175443,0.012318335,-0.004625055,-0.04033133
118,0.49297825,0.30241257,0.40575945,0.30779257,0.08721879,-0.0053800046
119,0.0715211,0.035045486,0.06723544,0.04657394,0.0042856634,-0.011528455
120,0.779175,0.4009116,0.5607133,0.3856967,0.21846169,0.01521489
121,0.07189234,0.050260782,0.065607354,0.044418875,0.0062849894,0.005841907
122,0.41305697,0.23093566,0.31758755,0.21570416,0.095469415,0.015231505
123,0.57827306,0.4046743,0.50464785,0.3617548,0.07362521,0.042919487
124,0.06504661,0.04569555,0.06905037,0.05148035,-0.004003763,-0.0057847984
125,0.056487676,0.11203278,0.063576125,0.041061774,-0.007088449,0.070971005
126,0.040318955,0.055664442,0.038529575,0.030739205,0.0017893799,0.024925238
127,0.69932437,0.42731354,0.6446086,0.427925,0.054715753,-0.00061145425
128,0.7778016,0.4612166,0.66978616,0.46670237,0.10801542,-0.005485773
129,0.04830056,0.056928188,0.048917685,0.036229208,-0.00061712414,0.02069898
130,0.88645506,0.58575046,0.7811407,0.5672001,0.105314374,0.018550336
131,1.0915169,0.68373287,0.95729864,0.6615892,0.13421822,0.022143662
132,0.61887765,0.33461168,0.5386296,0.34026414,0.08024806,-0.0056524575
133,0.05907575,0.07595681,0.07022256,0.04554302,-0.011146806,0.030413788
134,1.0252795,0.67898655,0.9471907,0.6691409,0.07808882,0.009845674
135,0.68822384,0.33341575,0.47268522,0.33456153,0.21553862,-0.0011457801
136,0.07036124,0.056992855,0.048700616,0.040785387,0.021660626,0.016207468
137,0.096269056,0.08120557,0.08461347,0.05548397,0.011655584,0.025721598
138,0.05983986,0.1074103,0.058970362,0.032438055,0.00086949766,0.07497224
139,0.0001825366,-0.066399895,0.024185944,0.010797894,-0.024003407,-0.07719779
140,1.1212199,0.61262196,0.8080317,0.60294706,0.3131882,0.009674907
141,0.08390975,0.056111142,0.08035182,0.05122152,0.003557928,0.0048896223
142,0.76845545,0.25563863,0.40047368,0.28652644,0.36798176,-0.030887812
143,0.0369289,0.03559537,0.02594723,0.018000249,0.01098167,0.01759512
144,0.07185068,0.1553479,0.058161072,0.04592254,0.013689607,0.10942536
145,0.024929866,0.08904919,0.038141917,0.022862364,-0.013212051,0.06618683
146,0.01855712,0.04537711,0.03618505,0.030398814,-0.017627928,0.014978295
147,1.0031719,0.48125714,0.66852134,0.44019914,0.33465058,0.041058004
148,0.09439284,0.15503244,0.101249926,0.05990869,-0.0068570822,0.09512375
149,0.7556419,0.357826,0.57557374,0.3646925,0.18006814,-0.0068665147
150,-0.011886136,0.113677934,0.022775149,0.011764084,-0.034661286,0.10191385
151,0.11024007,0.109401174,0.10388769,0.07404381,0.00635238,0.035357364
152,-0.0002079661,-0.03230638,0.016715309,0.007796802,-0.016923275,-0.040103182
153,1.0106254,0.6653897,0.8957245,0.64699495,0.11490089,0.018394768
154,0.7081832,0.33501357,0.51453614,0.36625633,0.19364709,-0.031242758
155,-0.029777532,0.14425258,0.009712644,0.0013736257,-0.03949018,0.14287896
156,-0.022406511,0.0102026025,0.01094124,0.007118691,-0.033347752,0.0030839113
157,0.6311369,0.44935092,0.54462785,0.40264663,0.08650905,0.046704292
158,0.9472682,0.55034333,0.83612734,0.5602935,0.11114085,-0.009950161
159,0.77241594,0.41999677,0.5469746,0.405735,0.22544134,0.014261782
160,0.925479,0.6583913,0.80303055,0.59596765,0.122448444,0.062423646
161,-0.0073776525,-0.0073321187,0.020452237,0.014579191,-0.02782989,-0.02191131
162,0.70512515,0.38290855,0.4913589,0.37850356,0.21376625,0.004404992
163,0.030807748,0.038580783,0.022741104,0.01814962,0.008066645,0.020431163
164,1.2456553,0.53412956,0.9387743,0.59578586,0.306881,-0.061656296
165,0.021383774,0.04664251,0.013468369,0.011147192,0.007915405,0.03549532
166,0.93519384,0.61380136,0.8618251,0.6073879,0.07336873,0.00641346
167,0.09996065,0.05980968,0.0903269,0.059476767,0.00963375,0.0003329143
168,0.055566404,0.013501776,0.04247996,0.03311074,0.013086446,-0.019608965
169,0.022050086,-0.040490884,0.011948201,0.0059582526,0.010101886,-0.046449136
170,0.99774456,0.51883906,0.8395039,0.5636134,0.15824068,-0.044774354
171,1.2016397,0.65269005,0.72123283,0.53272593,0.48040682,0.11996412
172,0.11809065,0.106033266,0.1001414,0.08005196,0.017949253,0.025981307
173,1.0723076,0.7889251,1.0186378,0.7513788,0.05366981,0.037546337
174,0.10094057,0.10344712,0.08782155,0.060565304,0.01311902,0.042881813
175,0.6286943,0.35871485,0.5131733,0.3452395,0.115521014,0.0134753585
176,0.79875886,0.57262963,0.66915894,0.51722497,0.12959993,0.055404663
177,0.007949573,-0.024877734,0.013067473,0.009395509,-0.0051178997,-0.034273244
178,1.0169433,0.50543165,0.7338342,0.5113815,0.28310913,-0.005949855
179,0.031084033,0.048125032,0.02587955,0.021125095,0.005204482,0.026999937
180,-0.0127183795,-0.01975388,0.014545295,0.010007303,-0.027263675,-0.029761184
181,0.66815114,0.4739618,0.6071877,0.45526874,0.06096345,0.01869306
182,0.023840142,0.027675662,0.012142506,0.009334254,0.011697636,0.018341407
183,0.7827652,0.5259149,0.69405615,0.48009098,0.08870906,0.04582393
184,0.5828512,0.33140165,0.39775112,0.2921538,0.18510005,0.03924784
185,0.005863194,0.060464542,0.0010496017,0.0012454356,0.004813592,0.059219107
186,0.06845149,0.041107245,0.05312614,0.03227988,0.015325345,0.008827366
187,0.3465061,0.25284794,0.29541466,0.22027992,0.051091433,0.032568023
188,0.115388624,0.01951926,0.09143475,0.059518997,0.023953877,-0.03999974
189,0.8885294,0.5424593,0.7620002,0.51390326,0.12652922,0.028556049
190,0.027683008,0.13129106,0.019367117,0.016442567,0.008315891,0.114848495
191,0.7528223,0.43032604,0.6484764,0.4392222,0.10434586,-0.008896142
192,-0.027803656,0.15749723,0.017638065,0.007717974,-0.04544172,0.14977926
193,0.14685398,0.105049334,0.1342093,0.09337544,0.012644678,0.0116738975
194,0.043459494,0.0363227,0.032220446,0.027570594,0.011239048,0.008752108
195,0.7337332,0.27946892,0.47461405,0.3379944,0.25911912,-0.058525473
196,1.0167865,0.5866274,0.92017394,0.6169904,0.09661251,-0.030362964
197,0.4700834,0.29860026,0.36577863,0.27773368,0.10430476,0.020866573
198,0.023801357,-0.026151063,0.030702032,0.013972372,-0.0069006756,-0.040123433
199,0.6281046,0.4495406,0.55926806,0.4099418,0.06883657,0.039598793
200,0.03222076,0.27882534,0.04409386,0.029932322,-0.0118731,0.24889302
201,0.9638692,0.34989533,0.4113908,0.25767004,0.55247843,0.09222528
202,0.064317875,0.053370144,0.05238842,0.04377552,0.011929456,0.009594623
203,0.017112724,0.034113914,0.014360899,0.0108150765,0.0027518254,0.023298837
204,1.1003531,0.58835405,0.86751014,0.5609731,0.23284298,0.027380943
205,1.476875,0.8525657,1.3364068,0.8807529,0.14046812,-0.028187215
206,0.022547545,0.06277914,0.022643097,0.007605843,-9.555183e-05,0.0551733
207,0.009446627,-0.038819667,0.0061116014,-0.0004557555,0.003335026,-0.03836391
208,1.0285629,0.6781393,0.89730227,0.62343764,0.13126063,0.054701686
209,0.09228077,0.012358998,0.0941545,0.051411666,-0.0018737316,-0.03905267
210,0.8572486,0.4459773,0.5145527,0.3793147,0.3426959,0.06666261
211,0.020443913,0.024267055,0.02139822,0.01022905,-0.0009543076,0.014038005
212,0.049413547,-0.00854366,0.057568476,0.037463356,-0.008154929,-0.046007015
213,0.038716905,0.12693758,0.056282368,0.041783907,-0.017565463,0.08515368
214,1.06065,0.64589584,0.87561667,0.6100472,0.18503332,0.035848618
215,0.95915836,0.26248896,0.5165726,0.33670425,0.44258577,-0.07421529
216,0.043691993,0.02089886,0.019863613,0.016271407,0.02382838,0.004627453
217,0.041896056,0.106218204,0.050218433,0.025777971,-0.008322377,0.08044023
218,0.7872656,0.424277,0.5701483,0.41237575,0.21711731,0.011901259
219,0.017370969,0.0475036,0.009889773,0.0101758065,0.007481196,0.037327796
220,0.99688816,0.63045675,0.9458642,0.6059366,0.05102396,0.024520159
221,0.66390276,0.4278165,0.6244349,0.42088318,0.03946787,0.0069333315
222,1.1522843,0.49422455,0.57637984,0.41723642,0.5759044,0.07698813
223,0.60286623,0.3023823,0.38717702,0.26653445,0.21568921,0.035847843
224,0.06430127,0.051437758,0.06272313,0.045376573,0.0015781373,0.006061185
225,0.014129876,0.082299076,0.02916072,0.016240515,-0.015030843,0.06605856
226,0.028613655,-0.0143877575,0.03080484,0.019585973,-0.002191186,-0.03397373
227,0.18304004,0.11989763,0.15515701,0.11442521,0.027883023,0.005472414
228,0.06645611,0.10767644,0.043912154,0.03187518,0.022543956,0.07580126
229,0.1085839,0.08737391,0.105567604,0.082643054,0.003016293,0.004730858
230,0.051134013,0.03879249,0.030137844,0.022867544,0.020996168,0.015924947
231,0.019456793,0.063972525,0.014224709,0.014822014,0.0052320836,0.04915051
232,0.046796538,0.14016798,0.040851656,0.03005102,0.0059448816,0.11011696
233,0.55668837,0.27581248,0.3810379,0.25522304,0.17565048,0.020589441
234,-0.016229153,0.14702722,0.01662868,0.005602178,-0.032857835,0.14142504
235,0.7809345,0.44694784,0.59045225,0.41117433,0.19048226,0.035773516
236,0.780137,0.54939556,0.7236103,0.5122991,0.05652672,0.03709644
237,0.05001314,0.020831315,0.046562295,0.030755604,0.0034508444,-0.009924289
238,0.6341858,0.3142534,0.4659322,0.33489433,0.1682536,-0.02064094
239,0.37466022,0.26369604,0.336022,0.24481213,0.038638234,0.018883914
240,0.095089994,0.086270995,0.09428049,0.061507657,0.0008095056,0.024763338
241,0.02008928,0.18437997,0.0063650664,0.0018913043,0.0137242135,0.18248866
242,0.0280653,0.044230815,0.010681782,0.009997467,0.017383518,0.034233347
243,0.791965,0.53189445,0.7069182,0.51237565,0.08504683,0.019518793
244,0.065071434,-0.008434337,0.06876979,0.04351238,-0.0036983564,-0.05194672
245,-0.0062693306,-0.017361153,0.0142343715,0.010657238,-0.020503702,-0.02801839
246,-0.020974316,0.0062756473,0.010526883,0.006660089,-0.0315012,-0.00038444158
247,0.10075361,0.0758005,0.09393877,0.06995199,0.006814845,0.005848512
248,0.07990097,0.031107042,0.06738815,0.043729626,0.012512825,-0.012622584
249,1.0198383,0.5422843,0.9128754,0.57057405,0.10696292,-0.028289735
250,0.7737564,0.2529439,0.35480565,0.26271608,0.41895074,-0.0097721815
251,0.3870635,0.24460249,0.30913478,0.22633834,0.07792872,0.018264145
252,0.06436217,-0.005776856,0.061366666,0.038002264,0.0029955022,-0.04377912
253,0.08594556,0.15053856,0.098460056,0.07468706,-0.012514494,0.0758515
254,0.67231214,0.31365603,0.4744053,0.34204113,0.19790685,-0.028385103
255,0.90550596,0.55359256,0.8076147,0.5269836,0.09789127,0.026608944
256,0.7068896,0.40469256,0.5535006,0.3808235,0.15338904,0.023869067
257,-0.0035777767,-0.052999273,0.035286598,0.020343758,-0.038864374,-0.07334303
258,0.66238874,0.378466,0.57985544,0.41970187,0.0825333,-0.041235864
259,0.03989328,0.031409528,0.07183841,0.03922421,-0.031945128,-0.007814683
260,0.9416187,0.61395204,0.77004915,0.55160487,0.17156953,0.062347174
261,0.18325277,0.14289166,0.16747677,0.13483675,0.015775993,0.008054912
262,0.091610804,0.06376662,0.06764427,0.05026778,0.023966536,0.013498843
263,0.64175075,0.42060983,0.5440738,0.3849809,0.09767693,0.035628945
264,0.526222,0.3471924,0.46100742,0.3208993,0.065214574,0.026293099
265,0.28320307,0.24015655,0.211048,0.15666696,0.07215506,0.08348958
266,0.08406679,-0.0030272568,0.05766676,0.035926104,0.026400033,-0.03895336
267,-0.004859694,0.122753195,0.007247389,0.0072544436,-0.012107083,0.11549875
268,0.6631969,0.37116668,0.49235177,0.34459102,0.17084515,0.026575655
269,0.054879613,0.04432309,0.041846264,0.0264224,0.013033349,0.01790069
270,0.029355662,0.042638026,0.03311028,0.026648695,-0.0037546176,0.015989332
271,0.97875893,0.6591533,0.8685672,0.6124705,0.1101917,0.046682775
272,0.054435987,0.06387941,0.057335056,0.046944834,-0.0028990693,0.016934574
273,0.6159915,0.41384614,0.5460476,0.38865635,0.069943845,0.025189787
274,1.0237585,0.75915325,0.95821786,0.67824847,0.06554067,0.08090478
275,0.80526805,0.48027188,0.70179063,0.47895545,0.10347742,0.0013164282
276,0.6322084,0.3653643,0.5047372,0.34718987,0.12747121,0.01817444
277,0.63720006,0.29822284,0.45450908,0.27034122,0.18269098,0.027881622
278,0.71572256,0.42003304,0.6035634,0.42750317,0.11215913,-0.007470131
279,0.071669996,0.049954735,0.04486721,0.033922702,0.026802786,0.016032033
280,1.0240446,0.6768282,0.8969116,0.6597269,0.12713301,0.017101288
281,0.07633934,0.05162715,0.05854174,0.043422118,0.0177976,0.008205034
282,0.030997703,0.031312864,0.025164751,0.013748074,0.0058329515,0.01756479
283,0.034597307,-0.023180136,0.03669374,0.019332828,-0.0020964332,-0.042512964
284,0.017270237,0.025621634,0.026759047,0.019606188,-0.00948881,0.006015446
285,0.74793494,0.45727336,0.52406895,0.39209557,0.22386599,0.0651778
286,0.04327958,-0.009031329,0.040243454,0.021401351,0.0030361265,-0.03043268
287,0.30429608,0.21443868,0.28422824,0.18268114,0.02006784,0.031757534
288,0.07799774,-0.0017955243,0.07573723,0.045066845,0.0022605062,-0.046862368
289,0.039476514,0.023660075,0.030328983,0.018926166,0.00914753,0.004733909
290,0.039336573,0.055502065,0.04263554,0.02614407,-0.003298968,0.029357994
291,0.42545068,0.22490604,0.3115993,0.22401549,0.11385137,0.000890553
292,0.030213237,0.04046675,0.027428126,0.019790605,0.0027851108,0.020676143
293,0.6955902,0.44774464,0.5708797,0.4211578,0.1247105,0.02658683
294,0.02398877,0.061967533,0.03012274,0.021717692,-0.00613397,0.04024984
295,0.0123480875,-0.050123215,0.019356864,0.0073223873,-0.007008776,-0.0574456
296,0.061858445,0.042609297,0.03744316,0.028186738,0.024415284,0.014422558
297,0.018966587,-0.01357458,0.033713464,0.022262452,-0.014746876,-0.035837032
298,0.07618046,0.033845633,0.075229675,0.04205976,0.0009507835,-0.008214127
299,0.5638068,0.37571532,0.5042491,0.3813639,0.059557676,-0.005648583
300,0.59484833,0.3487108,0.48861232,0.37441933,0.10623601,-0.025708526
301,0.071303636,0.053955246,0.06645893,0.051551342,0.004844703,0.0024039038
302,0.08383152,0.085309505,0.0726361,0.058997925,0.011195421,0.02631158
303,0.05205685,0.029575773,0.042441268,0.025457595,0.0096155815,0.004118178
304,0.0734683,0.10597718,0.08259822,0.0473592,-0.009129919,0.05861798
305,0.03560501,0.027170837,0.037013873,0.023693182,-0.0014088638,0.0034776554
306,0.023584954,-0.0155658685,0.021376766,0.013431484,0.0022081882,-0.028997352
307,0.0021568881,0.19464023,0.01694485,0.013324399,-0.014787962,0.18131584
308,0.84734076,0.6360864,0.7387907,0.5604048,0.10855007,0.07568163
309,0.7476154,0.47858137,0.60411936,0.45991695,0.14349604,0.01866442
310,0.89927137,0.5171776,0.77846014,0.5586183,0.120811224,-0.041440725
311,0.0065818755,0.075799726,0.013934156,0.0100664105,-0.0073522804,0.06573331
312,1.0116947,0.67733586,0.99663925,0.7349174,0.015055418,-0.057581544
313,0.79806095,0.50960076,0.70346713,0.47951278,0.09459382,0.030087978
314,0.0064378544,-0.005439123,0.01506842,0.009427108,-0.008630566,-0.014866231
315,0.13084172,0.124033235,0.12151857,0.09457564,0.00932315,0.029457591
316,0.51627624,0.27710995,0.42465627,0.28308654,0.09161997,-0.0059765875
317,0.03156185,0.04956491,0.028671153,0.01973694,0.0028906986,0.02982797
318,0.013337697,-0.032637727,0.019077396,0.007946579,-0.005739699,-0.040584303
319,0.26629528,0.16116165,0.23468874,0.15083516,0.03160654,0.01032649
320,0.751165,0.4751291,0.68988794,0.47835958,0.061277032,-0.0032304823
321,1.043535,0.6005485,0.83204824,0.60072505,0.21148676,-0.00017654896
322,0.6613258,0.28531384,0.41508758,0.31581604,0.24623823,-0.0305022
323,-7.558854e-05,0.025830725,0.009428514,0.009726574,-0.009504103,0.01610415
324,0.77147377,0.45373544,0.6319368,0.4673135,0.13953698,-0.013578057
325,0.06112257,0.046739753,0.03908926,0.028963262,0.022033311,0.017776491
326,0.09131526,0.17733943,0.088057816,0.06776857,0.003257446,0.10957087
327,0.021638928,0.045558836,0.017240817,0.012739563,0.0043981113,0.03281927
328,0.8632932,0.56789875,0.7820517,0.5596968,0.08124149,0.008201957
329,0.021484934,0.014691686,0.013193661,0.0074354047,0.008291272,0.0072562816
330,0.026714351,0.10719795,0.04375784,0.035410058,-0.01704349,0.071787894
331,0.08353148,0.024853893,0.06574699,0.042006206,0.017784484,-0.017152313
332,0.012928219,-0.057105172,0.016291374,0.005759449,-0.0033631558,-0.062864624
333,0.16198374,0.15127218,0.13868602,0.09179721,0.023297727,0.059474967
334,0.086139746,0.047019213,0.051839966,0.035192292,0.03429978,0.011826921
335,0.019187149,0.13914062,0.02382808,0.01555371,-0.0046409313,0.12358691
336,0.638295,0.38744658,0.5548479,0.37581074,0.0834471,0.01163584
337,0.8042273,0.3939279,0.5978176,0.3798565,0.2064097,0.014071405
338,0.015982393,-0.0009603119,0.016385801,0.011174139,-0.00040340796,-0.0121344505
339,0.09910845,0.14573963,0.10274062,0.07749085,-0.003632173,0.06824878
340,0.018314946,0.01549291,0.017753191,0.009847418,0.00056175515,0.005645491
341,1.4765311,0.82900524,1.2283698,0.86263484,0.24816132,-0.033629596
342,0.84032524,0.36051336,0.6612432,0.3886131,0.17908204,-0.028099746
343,0.73962307,0.3130629,0.45335788,0.33467624,0.2862652,-0.02161333
344,0.09139028,0.06650679,0.06793391,0.048995458,0.023456372,0.01751133
345,0.67418784,0.39618066,0.5068866,0.3506488,0.16730124,0.04553187
346,0.9505436,0.65112305,0.8495259,0.6193385,0.101017654,0.031784534
347,0.20507558,0.17039014,0.19621964,0.13809565,0.008855939,0.032294497
348,0.9419056,0.35064885,0.5369655,0.38337758,0.40494013,-0.03272873
349,-0.0067663826,0.2042767,0.010558208,0.011036325,-0.017324591,0.19324037
350,1.1584373,0.92252165,1.116288,0.8919448,0.042149305,0.030576825
351,0.71611696,0.35910428,0.5098323,0.34345746,0.20628464,0.015646815
352,-0.01229329,-0.031081913,0.01040218,0.0031951463,-0.02269547,-0.03427706
353,0.06816955,0.04210775,0.059485447,0.036207262,0.008684102,0.0059004873
354,0.022600329,0.045247447,0.015662454,0.016913274,0.0069378745,0.028334172
355,0.14744179,0.10989991,0.123995915,0.097870134,0.023445874,0.0120297745
356,0.9453856,0.6089439,0.7751407,0.5407389,0.17024487,0.068205
357,0.011758852,0.11139402,0.016752986,0.011911155,-0.0049941344,0.099482864
358,0.8662407,0.51225007,0.73511606,0.47816804,0.13112462,0.034082025
359,0.3438437,0.31486392,0.3322668,0.25415534,0.011576891,0.060708582
360,0.023521243,0.16685323,0.027157236,0.014249985,-0.0036359932,0.15260325
361,0.08966481,0.098047644,0.08677487,0.05961508,0.0028899387,0.038432565
362,0.91682005,0.5169554,0.70235735,0.50660163,0.2144627,0.010353744
363,0.48299992,0.3284397,0.4044088,0.28475302,0.07859111,0.043686688
364,1.3797017,0.8517586,1.2802542,0.8784062,0.09944749,-0.026647627
365,-0.010955797,0.0073263207,0.01614954,0.008842467,-0.027105335,-0.0015161466
366,0.023216082,0.013349086,0.016410982,0.012413341,0.0068050995,0.0009357454
367,1.171516,0.45012102,0.5064341,0.35888076,0.66508186,0.09124026
368,1.0555276,0.6062189,0.90849555,0.5925798,0.14703202,0.013639092
369,0.09734137,0.06670507,0.07322868,0.051502213,0.024112694,0.015202858
370,0.0423504,0.08200903,0.04220288,0.031655457,0.0001475215,0.050353575
371,0.6294117,0.3163214,0.46891412,0.31911775,0.16049758,-0.002796352
372,-0.009076404,0.117912725,0.022196848,0.010548035,-0.031273253,0.10736469
373,0.061962068,0.04781609,0.05093132,0.041806675,0.0110307485,0.006009415
374,0.020795409,0.14844663,0.05967876,0.040015373,-0.03888335,0.108431265
375,0.046452057,0.03461105,0.02753686,0.021574337,0.018915197,0.013036713
376,0.032550443,0.12713414,0.028217088,0.021228818,0.0043333545,0.105905324
377,-0.0031048732,0.0014714899,0.009218705,0.0017800846,-0.012323578,-0.00030859467
378,0.547882,0.2953739,0.41528907,0.2823522,0.13259295,0.013021678
379,0.10903555,0.09107077,0.09141608,0.072741464,0.017619468,0.018329307
380,0.08271106,0.087057926,0.058712717,0.04332009,0.023998346,0.043737836
381,0.97578084,0.6437433,0.8846595,0.6364571,0.091121316,0.007286191
382,0.03634425,0.039863728,0.0219418,0.01919433,0.014402449,0.020669399
383,0.68740803,0.32542565,0.45269397,0.3166368,0.23471406,0.008788854
384,0.07778525,0.07430445,0.050289296,0.038607422,0.027495958,0.035697024
385,0.80682784,0.46350026,0.71455747,0.478288,0.092270374,-0.014787734
386,0.035173733,0.029662358,0.027763793,0.019435031,0.0074099395,0.010227326
387,0.026597835,0.10024708,0.036989357,0.024832843,-0.010391522,0.07541423
388,-0.0036131283,-0.013525491,0.0030050462,0.0024578325,-0.0066181747,-0.015983323
389,0.10461285,0.024053007,0.09905567,0.07347237,0.0055571795,-0.049419366
390,0.046181884,0.1504288,0.035163816,0.027106551,0.011018068,0.12332225
391,0.8214675,0.41782656,0.6461944,0.44488883,0.17527312,-0.027062267
392,0.002413365,0.22626728,0.03547205,0.025324697,-0.033058684,0.20094258
393,0.6288505,0.36113945,0.5673072,0.4034999,0.061543345,-0.042360455
394,0.06219366,0.07812877,0.059810363,0.047354855,0.0023832954,0.030773915
395,0.032080024,0.03324357,0.02926243,0.02139065,0.0028175954,0.01185292
396,0.84651595,0.4418845,0.67415947,0.44372815,0.17235649,-0.0018436611
397,0.026317568,0.106631786,0.041350156,0.033350118,-0.015032588,0.07328167
398,0.04296464,0.04967828,0.044801798,0.029144319,-0.0018371567,0.020533962
399,0.9427963,0.50171214,0.58143127,0.4040041,0.36136502,0.09770805
400,0.021822782,-0.013220427,0.03360125,0.017624661,-0.011778468,-0.030845087
401,1.0078567,0.60673994,0.92096686,0.60795623,0.08688986,-0.0012162924
402,1.3536009,0.9862826,1.2334282,0.9144295,0.12017262,0.0718531
403,0.009639719,0.15248932,0.016300132,0.013205997,-0.006660414,0.13928333
404,0.07587058,0.073492475,0.06667204,0.046602234,0.009198539,0.02689024
405,0.0807152,0.069141574,0.07637628,0.05040378,0.00433892,0.018737793
406,0.32159072,0.22285707,0.2995327,0.22289208,0.02205801,-3.5002828e-05
407,-0.0018393183,0.14630665,0.0064200414,0.0074532973,-0.00825936,0.13885336
408,0.042389948,-0.019858832,0.016801096,0.013967399,0.025588851,-0.033826232
409,0.03075271,-0.018650224,0.041656975,0.02329515,-0.010904266,-0.041945376
410,0.20951745,0.12694936,0.16691299,0.11366537,0.04260446,0.013283983
411,0.04742719,0.033789515,0.02943109,0.01719967,0.017996099,0.016589845
412,0.0138419885,0.1046371,0.030599294,0.013059971,-0.016757306,0.09157713
413,0.07322482,0.049521673,0.053963553,0.038081426,0.019261267,0.011440247
414,0.6875387,0.25416818,0.40599933,0.28299868,0.28153935,-0.028830498
415,0.031128965,0.006458241,0.040678028,0.025355643,-0.009549063,-0.018897401
416,1.3975334,0.8902449,1.2689754,0.8886773,0.12855804,0.0015676022
417,0.05513948,0.11776156,0.07131542,0.044275388,-0.016175944,0.07348617
418,0.8732183,0.31685084,0.56625086,0.42059767,0.30696744,-0.10374683
419,0.062586114,0.064624116,0.07975682,0.05949792,-0.017170705,0.005126197
420,0.26622298,0.20741172,0.243998,0.17636377,0.022224978,0.031047955
421,-0.032021698,0.12169191,0.013030623,0.0058793034,-0.04505232,0.11581261
422,0.83922225,0.5229134,0.7519311,0.5053308,0.08729118,0.017582595
423,0.23812452,0.21849921,0.23182563,0.17458248,0.0062988847,0.043916732
424,0.01688378,0.037592027,0.0033041313,0.0056890785,0.013579648,0.03190295
425,0.05409663,0.059470657,0.051574655,0.04363402,0.0025219768,0.015836637
426,0.7041799,0.4546323,0.6030412,0.4203785,0.10113871,0.034253806
427,0.025534935,0.046921857,0.022300301,0.019096114,0.0032346342,0.027825743
428,0.5858847,0.3750228,0.50840986,0.3738157,0.07747483,0.0012071133
429,-0.00016596341,0.077910334,0.011110352,0.007320608,-0.011276316,0.07058973
430,0.64091367,0.41327903,0.5631638,0.3987442,0.07774985,0.014534831
431,0.012334549,-0.052759584,0.019551085,0.007769154,-0.0072165364,-0.060528737
432,0.026374942,0.043491676,0.021229679,0.013557867,0.005145263,0.02993381
433,0.010515006,-0.0029999502,0.01470881,0.008574074,-0.0041938033,-0.011574024
434,0.87455446,0.44384864,0.6141689,0.4634805,0.26038557,-0.019631863
435,0.76374805,0.39249203,0.63370943,0.42385882,0.13003862,-0.031366795
436,0.053712804,0.04233037,0.054910067,0.045328498,-0.0011972636,-0.0029981285
437,-0.036285866,0.11474532,0.0077726413,0.0046097995,-0.04405851,0.11013552
438,0.046627127,0.12616996,0.053669933,0.041000184,-0.0070428066,0.08516978
439,0.89532846,0.5627308,0.80828166,0.57575196,0.0870468,-0.013021171
440,0.11124398,0.070313394,0.087291315,0.053633943,0.023952663,0.01667945
441,-0.015809668,-0.0033973865,0.014082462,0.0053428053,-0.02989213,-0.008740192
442,0.036139052,0.014948975,0.011854622,0.0086509045,0.02428443,0.006298071
443,0.014993477,-0.0400775,0.014271426,0.003398646,0.00072205067,-0.043476146
444,0.037801612,0.021464197,0.016827049,0.0072842836,0.020974563,0.014179913
445,0.029851206,0.030512463,0.020686002,0.019065848,0.009165203,0.011446616
446,0.061621048,0.049721126,0.049623165,0.037836578,0.011997882,0.011884548
447,0.78086066,0.5045371,0.58010966,0.4457797,0.200751,0.058757395
448,0.6153334,0.3920104,0.46217442,0.3368566,0.15315896,0.055153787
449,0.7983014,0.5426652,0.66406476,0.46061665,0.13423663,0.082048535
450,0.6444496,0.37058896,0.5186129,0.33351833,0.12583667,0.037070632
451,1.0968801,0.48490816,0.6587184,0.48179692,0.43816167,0.0031112432
452,0.019710515,-0.009640697,0.020523606,0.01309715,-0.0008130912,-0.022737848
453,0.51865476,0.23888296,0.41444877,0.27772558,0.104205996,-0.03884262
454,0.051802173,-0.0040000253,0.041106824,0.02284812,0.010695349,-0.026848145
455,0.8199672,0.32256326,0.42688388,0.29293,0.39308333,0.029633254
456,0.7655473,0.4642308,0.692092,0.51487094,0.073455274,-0.050640136
457,0.039079193,0.05700064,0.035982028,0.029604543,0.0030971654,0.027396098
458,1.1760546,0.7208605,0.68887794,0.42284966,0.48717666,0.29801083
459,0.08798603,0.02004695,0.06903768,0.05041601,0.018948346,-0.030369062
460,0.84440005,0.5557915,0.73697746,0.4841436,0.10742259,0.07164788
461,0.048545524,0.027361352,0.07127695,0.04548849,-0.022731423,-0.01812714
462,0.054167323,-0.013501844,0.051987477,0.037875578,0.0021798462,-0.051377423
463,0.01836978,-0.030264484,0.03400225,0.015250586,-0.015632467,-0.045515068
464,1.0443993,0.4663615,0.45847264,0.31950322,0.58592665,0.14685827
465,0.55389524,0.31796983,0.4834284,0.34173238,0.070466846,-0.023762554
466,0.04945737,0.09825755,0.020782761,0.01905276,0.02867461,0.07920479
467,-0.03615473,0.11503615,0.008368114,0.0017689917,-0.044522844,0.11326716
468,0.052502744,0.03071622,0.03870553,0.028904922,0.013797212,0.0018112976
469,0.06293105,0.043241177,0.04517739,0.034966476,0.017753664,0.0082747005
470,0.022454798,0.017778018,0.015817951,0.010821108,0.006636847,0.0069569107
471,0.07130162,0.05496367,0.05108103,0.036496002,0.020220585,0.018467668
472,2.0359576,0.07552448,0.51921767,0.2435544,1.5167398,-0.16802992
473,0.94782096,0.54757553,0.73741424,0.5540454,0.21040672,-0.006469846
474,0.059928942,0.03864886,0.043911956,0.03393141,0.016016986,0.004717447
475,0.044373184,0.06328443,0.039111942,0.02855041,0.0052612424,0.03473402
476,0.8160814,0.31887713,0.53269756,0.39419335,0.28338385,-0.07531622
477,0.016920228,-0.043695003,0.007845188,0.0017164029,0.00907504,-0.045411404
478,-0.021341693,0.15102778,0.03485562,0.016353669,-0.05619731,0.13467412
479,0.9952249,0.63236576,0.8641848,0.6434601,0.1310401,-0.011094332
480,0.06565627,0.066808894,0.061844066,0.048406314,0.0038122013,0.01840258
481,0.04003365,-0.01675783,0.053807322,0.033585846,-0.013773672,-0.050343677
482,-0.011530659,0.23035444,0.051371187,0.036451153,-0.06290185,0.1939033
483,-0.008116762,0.1333854,0.030827222,0.0223319,-0.038943984,0.111053504
484,0.029707618,-0.0068975147,0.027253903,0.015846698,0.0024537146,-0.022744212
485,0.7180102,0.38260713,0.4042503,0.27444163,0.3137599,0.1081655
486,0.003747214,-0.04142675,0.019277833,0.007439077,-0.01553062,-0.04886583
487,0.34067315,0.2711885,0.26513278,0.18027817,0.075540364,0.09091033
488,0.062398523,-0.0041084653,0.053854674,0.03597038,0.008543849,-0.040078845
489,1.0738823,0.21709,0.6882611,0.3533246,0.38562125,-0.1362346
490,0.764194,0.49391118,0.6136405,0.44274497,0.15055352,0.051166207
491,0.5186745,0.2564475,0.37126198,0.26841077,0.14741251,-0.011963278
492,0.85718375,0.39309707,0.6043252,0.43788117,0.25285858,-0.0447841
493,0.7412291,0.4404234,0.6515885,0.44261256,0.08964062,-0.0021891594
494,0.13333163,0.08577492,0.11550438,0.08126409,0.01782725,0.0045108274
495,0.485903,0.2650111,0.3606018,0.2577515,0.12530118,0.0072596073
496,0.0030802144,0.0010935853,0.012108397,0.00889378,-0.009028182,-0.0078001954
497,0.051555667,-0.011735922,0.06427241,0.037774134,-0.012716744,-0.049510054
498,0.016838508,0.11424972,0.016773695,0.0144357635,6.48126e-05,0.09981396
499,0.056511723,0.038298413,0.050931286,0.028122442,0.0055804364,0.010175971
500,0.6538573,0.40725562,0.54063433,0.39521968,0.11322296,0.012035936
501,0.86895436,0.5834913,0.7441316,0.5713205,0.124822736,0.012170851
502,0.07988512,0.06724224,0.06330924,0.046348855,0.01657588,0.020893387
503,0.080396794,0.16673619,0.045339096,0.03333237,0.035057697,0.13340381
504,0.038747568,0.035741,0.021559307,0.023096511,0.01718826,0.01264449
505,1.1708348,0.65953964,1.0733097,0.66883415,0.09752512,-0.00929451
506,1.3898704,1.0418886,1.3424327,1.0771976,0.047437668,-0.035308957
507,0.04420328,0.01858762,0.035226922,0.025094844,0.008976359,-0.0065072235
508,0.020013962,0.11102093,0.046535086,0.033746704,-0.026521124,0.077274226
509,1.519506,0.6177958,1.120548,0.7353429,0.39895797,-0.117547095
510,0.49049667,0.2766314,0.3229786,0.2396427,0.16751808,0.03698872
511,0.035307355,0.06295083,0.05132227,0.028585704,-0.016014915,0.034365125
512,0.05548164,0.044161633,0.046701994,0.036576472,0.008779645,0.0075851604
513,0.054174013,0.08794437,0.059206672,0.045395218,-0.0050326586,0.042549156
514,0.8958654,0.5896743,0.749266,0.53781027,0.14659935,0.051864028
515,0.05755209,0.14158793,0.049552284,0.040938858,0.007999808,0.10064907
516,0.014321701,-0.035226293,0.020490976,0.0099057965,-0.0061692754,-0.04513209
517,-0.032132365,0.12163944,0.015208122,0.0054672887,-0.047340486,0.11617215
518,0.058831587,0.0663386,0.049743325,0.04000584,0.009088263,0.026332758
519,0.8600256,0.23415451,0.2920531,0.22795887,0.5679725,0.0061956346
520,0.48879227,0.305259,0.38661385,0.27699393,0.102178425,0.028265059
521,0.013702028,0.010209446,0.004910502,0.0039318865,0.008791527,0.0062775593
522,0.016258346,0.11503914,0.033096746,0.02440542,-0.0168384,0.09063372
523,0.07803356,0.056588866,0.05609832,0.04422952,0.02193524,0.012359347
524,0.04221063,0.03706086,0.032471724,0.025815208,0.009738907,0.011245653
525,0.6516423,0.38766524,0.5419916,0.39771447,0.10965073,-0.010049224
526,0.057662457,-0.04677255,0.03088155,0.022757275,0.026780907,-0.069529824
527,0.8850415,0.6085142,0.8272563,0.5947127,0.057785153,0.013801515
528,0.005580158,0.0040512825,0.006836611,0.007206944,-0.0012564529,-0.0031556613
529,0.0069600223,0.02816532,0.0075938143,0.008464834,-0.000633792,0.019700486
530,1.0230141,0.57518965,0.8350166,0.61111695,0.18799746,-0.035927296
531,0.043793377,-0.0075990786,0.036894992,0.024090653,0.0068983845,-0.031689733
532,0.4894103,0.29550096,0.43477812,0.2988917,0.054632187,-0.0033907294
533,0.019227339,0.014701074,0.034286298,0.02600057,-0.015058959,-0.0112994965
534,0.1751441,0.12336298,0.16848586,0.10271035,0.006658241,0.02065263
535,0.033171553,-0.033819716,0.040439148,0.023901718,-0.0072675943,-0.057721436
536,-0.018151533,0.022859856,0.010162124,0.008358067,-0.028313657,0.01450179
537,1.689597e-05,0.21852055,0.03621787,0.023842001,-0.036200974,0.19467854
538,0.73569113,0.36587217,0.56648374,0.40085503,0.1692074,-0.03498286
539,0.04448872,-0.010366825,0.023352502,0.015578305,0.021136219,-0.02594513
540,0.014998225,0.0052188626,0.013975562,0.011356853,0.001022663,-0.0061379904
541,0.1009001,0.04780888,0.07745146,0.041354712,0.023448639,0.0064541698
542,0.035955787,-0.007499696,0.027563505,0.02154757,0.008392282,-0.029047268
543,0.08460907,0.045682747,0.07293483,0.04347517,0.01167424,0.0022075772
544,0.034751605,-0.05516539,0.039991565,0.021220898,-0.00523996,-0.07638629
545,0.08699395,0.15670592,0.078385875,0.053544793,0.008608073,0.10316113
546,0.07003958,0.079272956,0.06513885,0.042639356,0.004900731,0.0366336
547,0.028450102,0.04773323,0.017186446,0.01738671,0.0112636555,0.030346518
548,0.76196533,0.3463742,0.6254215,0.38168603,0.13654381,-0.035311818
549,1.2153796,0.64523715,1.0419836,0.7149997,0.17339599,-0.06976253
550,0.87541175,0.5595451,0.76079184,0.5296523,0.11461991,0.029892802
551,0.051931884,0.0001723386,0.050090324,0.03232488,0.00184156,-0.03215254
552,-0.030924318,0.117425546,0.012765578,0.0050423914,-0.043689895,0.11238316
553,0.078683384,-0.0061366856,0.07721292,0.05184277,0.0014704615,-0.057979457
554,0.028042419,0.019632172,0.009779302,0.0078219455,0.018263116,0.011810226
555,0.97478914,0.57180214,0.7405308,0.522053,0.23425835,0.049749136
556,-0.013039429,-0.03397532,0.01212369,0.006539736,-0.025163118,-0.040515058
557,0.8205574,0.48562163,0.65773034,0.48809314,0.16282707,-0.0024715066
558,0.43569922,0.33329546,0.40654796,0.29745018,0.02915126,0.03584528
559,0.062072832,0.13491835,0.053031646,0.03512873,0.009041186,0.09978962
560,0.042977255,0.13585746,0.0368963,0.030532954,0.0060809553,0.10532451
561,0.076917775,0.08650746,0.07934503,0.055826694,-0.0024272576,0.030680768
562,0.025765533,-0.05842049,0.024792302,0.010531965,0.0009732302,-0.068952456
563,0.047651272,0.028230116,0.03316682,0.02499529,0.014484454,0.003234826
564,0.083733365,0.035391547,0.077071525,0.047752358,0.00666184,-0.012360811
565,0.42068774,0.1725373,0.2757755,0.19208439,0.14491224,-0.01954709
566,0.75525117,0.48085704,0.68626326,0.49132746,0.068987906,-0.01047042
567,0.011913529,-0.012259731,0.015385082,0.0076557575,-0.0034715533,-0.019915488
568,0.9361334,0.4794937,0.74128747,0.5483691,0.19484591,-0.0688754
569,0.010577624,0.046871793,0.009584438,0.0080187,0.0009931857,0.038853094
570,0.61403334,0.3990192,0.55296046,0.37302238,0.061072886,0.025996834
571,0.31234157,0.23454663,0.2645344,0.17154437,0.047807157,0.06300226
572,0.05324485,0.049384233,0.04923005,0.035890236,0.0040148012,0.013493996
573,0.076834805,0.047287248,0.062311344,0.03319837,0.014523461,0.014088877
574,-0.022226883,0.11050958,0.014485279,0.0065328293,-0.036712162,0.10397676
575,0.7809053,0.33352673,0.5875004,0.35532674,0.19340491,-0.021800011
576,0.47773656,0.2386701,0.31687766,0.23095244,0.1608589,0.007717654
577,0.08856038,0.06867173,0.07895339,0.05525953,0.009606987,0.013412204
578,0.10387658,0.037961986,0.08389288,0.05777027,0.019983701,-0.019808285
579,1.4621924,0.8328937,1.3640561,0.7815351,0.098136306,0.05135864
580,-0.011839229,0.11300352,0.019365244,0.0069960016,-0.031204473,0.106007524
581,-0.016277744,0.029883597,0.012135189,0.009835906,-0.028412933,0.02004769
582,0.58050907,0.24766158,0.37889707,0.26107958,0.201612,-0.013418004
583,0.59392226,0.2885068,0.38945618,0.26106483,0.20446607,0.027441978
584,0.040489472,0.0152765205,0.03259858,0.027208768,0.007890891,-0.011932247
585,-0.043141022,0.14632764,0.008491877,0.0009667695,-0.0516329,0.14536087
586,0.6880094,0.4096932,0.6234581,0.40488827,0.064551294,0.004804939
587,0.24474563,0.16377705,0.23588005,0.16634077,0.00886558,-0.002563715
588,0.021565309,0.025229955,0.017752867,0.015673606,0.0038124416,0.009556349
589,0.039951764,0.027261771,0.014244817,0.010377551,0.025706947,0.016884219
590,0.5564909,0.31241286,0.42449144,0.30382916,0.13199946,0.008583695
591,0.14301118,0.114152014,0.120072626,0.08580272,0.022938557,0.028349295
592,1.2102739,0.7790377,1.0520825,0.69474137,0.15819132,0.084296346
593,0.25525194,0.2084342,0.24130854,0.16059633,0.013943404,0.04783787
594,0.043306343,0.02004591,0.046341322,0.029447978,-0.003034979,-0.009402068
595,0.023188643,0.048998907,0.025011005,0.017753953,-0.0018223617,0.031244954
596,0.04680227,0.14183669,0.041653786,0.029923856,0.0051484853,0.11191283
597,0.025894374,0.018475913,0.022187704,0.014545172,0.0037066694,0.00393074
598,0.74663574,0.33758193,0.5597702,0.32537258,0.18686551,0.012209356
599,0.017362855,0.11077132,0.017660897,0.013868537,-0.00029804185,0.09690279
600,0.017283898,0.11233385,0.037484948,0.019125884,-0.02020105,0.09320796
601,-0.004985354,0.12428477,0.0049295174,0.005000287,-0.009914871,0.11928448
602,0.029189695,0.03169415,0.01320951,0.010249028,0.015980184,0.021445123
603,0.17861392,0.050297894,0.15138718,0.08616957,0.027226731,-0.035871677
604,0.06440527,0.053011928,0.04744427,0.03379743,0.016961,0.019214496
605,0.8383443,0.54967046,0.6788851,0.49846557,0.15945917,0.05120489
606,1.0828357,0.3942587,0.5314621,0.39026958,0.5513736,0.0039891303
607,-0.028502787,0.1136919,0.0112142265,0.003981927,-0.03971701,0.10970998
608,0.01832334,-0.015836095,0.030160552,0.012401226,-0.011837212,-0.02823732
609,0.13318466,0.08537461,0.10713873,0.08565898,0.026045926,-0.00028437376
610,0.06147342,0.04185834,0.05814303,0.040080536,0.003330391,0.0017778054
611,0.69514555,0.3848405,0.5515483,0.4135066,0.14359725,-0.028666109
612,0.06272951,0.043721642,0.04017809,0.029625015,0.022551417,0.014096627
613,0.06131814,0.058900837,0.052130412,0.036467806,0.009187728,0.022433031
614,0.065917455,0.15411338,0.06011714,0.041156083,0.0058003142,0.1129573
615,0.02864037,0.051543392,0.02087475,0.018266378,0.007765621,0.033277012
616,1.0840055,0.7037765,0.9959904,0.7092497,0.08801508,-0.0054731965
617,0.010146287,-0.019343419,0.016985528,0.013381554,-0.006839241,-0.032724973
618,1.312789,0.6756228,1.077182,0.5937582,0.23560691,0.081864595
619,0.046601966,-0.01882287,0.03841664,0.02082045,0.008185327,-0.039643317
620,0.9991153,0.36037976,0.48322213,0.31438383,0.51589316,0.04599592
621,0.023276556,-0.03452067,0.01909782,0.009590137,0.0041787364,-0.04411081
622,0.0941304,0.048891447,0.07261778,0.050167974,0.02151262,-0.0012765266
623,0.87411284,0.31250575,0.35918048,0.23423286,0.5149324,0.078272894
624,0.047502194,0.033102613,0.026402615,0.018194078,0.021099579,0.014908535
625,0.97360706,0.6085916,0.87789035,0.62829703,0.095716715,-0.019705415
626,0.020226693,-0.0047572847,0.03217615,0.021462092,-0.011949455,-0.026219377
627,0.012503999,0.01247383,0.029280603,0.02056977,-0.016776603,-0.00809594
628,1.4276382,0.83789957,1.2800652,0.82583123,0.147573,0.012068331
629,0.6372397,0.36634272,0.5377818,0.3804064,0.09945792,-0.014063686
630,0.5857004,0.35827816,0.48049346,0.34990633,0.10520694,0.00837183
631,0.043489534,-0.014300877,0.032016087,0.015924629,0.011473447,-0.030225506
632,0.049967624,6.130873e-05,0.012511859,0.004316967,0.037455767,-0.004255658
633,0.03462188,0.012713532,0.01848136,0.017092656,0.016140519,-0.0043791244
634,1.0837673,0.61911917,0.8378899,0.622096,0.24587739,-0.0029768348
635,-0.0236544,0.117774114,0.0128326025,0.00230675,-0.036487002,0.11546736
636,0.1347869,0.10655167,0.11490821,0.08379096,0.019878693,0.022760712
637,0.058401164,-0.0023855509,0.047936473,0.029931681,0.010464691,-0.032317232
638,0.5750932,0.3120099,0.5018212,0.34942847,0.07327199,-0.037418574
639,1.6849147,0.0051936596,0.3114542,0.20628317,1.3734605,-0.2010895
640,0.078900956,0.08971353,0.081914194,0.050529856,-0.0030132383,0.039183673
641,0.057433244,0.024972517,0.062362727,0.039582007,-0.004929483,-0.01460949
642,-0.03995191,0.1298281,0.0042541055,0.00077296625,-0.044206016,0.12905513
643,0.0062134955,-0.037616003,0.011912032,0.0057637347,-0.0056985365,-0.04337974
644,0.77494043,0.46809867,0.58606476,0.4303026,0.18887568,0.03779608
645,0.008127935,-0.007961021,0.013768596,0.0064042555,-0.0056406604,-0.014365276
646,0.0077752927,0.15216742,0.013617988,0.011598506,-0.005842695,0.14056891
647,0.053079423,0.04426033,0.03231738,0.019430697,0.020762041,0.024829634
648,0.010445435,-0.018819692,0.008727128,0.008276778,0.0017183069,-0.027096469
649,0.123113096,0.040942006,0.117481336,0.07329495,0.0056317598,-0.032352947
650,0.004156545,-0.05977885,0.011974471,0.005157651,-0.007817926,-0.064936504
651,0.090206414,0.03605399,0.07497184,0.045390673,0.015234575,-0.009336684
652,1.273022,0.88890636,1.1808244,0.8678043,0.09219766,0.02110207
653,0.10882186,0.07452059,0.08954544,0.068161935,0.019276418,0.0063586533
654,0.7441732,0.5208535,0.6433369,0.42785418,0.10083634,0.09299934
655,0.20486109,0.117629915,0.1618487,0.108337566,0.043012396,0.009292349
656,0.7992039,0.47564855,0.6743692,0.49237883,0.12483466,-0.016730279
657,0.07795976,0.03291038,0.048173204,0.029279077,0.029786557,0.003631303
658,0.0037536672,-0.019957805,0.017714476,0.0128978565,-0.0139608085,-0.03285566
659,0.016454253,-0.034823865,0.031412903,0.018407632,-0.01495865,-0.053231496
660,0.77392596,0.5621417,0.71589017,0.50192267,0.05803579,0.06021905
661,0.040743887,0.057409383,0.021728855,0.021560406,0.019015033,0.035848975
662,0.2189497,0.13861302,0.17752123,0.13376933,0.041428477,0.004843682
663,0.6204663,0.393925,0.5489477,0.38320905,0.0715186,0.010715961
664,0.02908717,0.047350943,0.014036029,0.014673731,0.01505114,0.03267721
665,0.8550496,0.57791907,0.75974387,0.58408827,0.09530574,-0.0061692
666,0.04621707,0.0358231,0.032023374,0.025783071,0.014193695,0.010040028
667,0.05029381,-0.0005842266,0.061696183,0.04353358,-0.011402372,-0.044117805
668,0.54333055,0.26152793,0.4040089,0.27580556,0.13932166,-0.014277637
669,0.04469219,0.027619677,0.048140362,0.026464613,-0.0034481734,0.0011550635
670,0.8929326,0.5242757,0.64352244,0.4756662,0.24941015,0.048609525
671,-0.0026403482,-0.002582567,0.013455492,0.010605596,-0.016095841,-0.013188163
672,0.45506504,0.30205214,0.39104566,0.297746,0.06401938,0.0043061376
673,0.07033632,0.08420791,0.06915996,0.054393496,0.0011763573,0.029814411
674,0.6536696,0.45856002,0.57498336,0.44616905,0.07868624,0.012390971
675,0.55505306,0.37282416,0.48138976,0.3660724,0.073663294,0.0067517757
676,0.012514219,0.024158953,0.008921876,0.007969068,0.003592343,0.016189884
677,0.047464907,0.14758025,0.0447221,0.03136039,0.0027428083,0.11621986
678,0.14116906,0.11345503,0.12994796,0.0958426,0.011221096,0.017612427
679,0.012481576,0.12683085,0.01826063,0.011922378,-0.005779054,0.11490847
680,0.6224566,0.37387875,0.4103841,0.29094487,0.21207252,0.08293387
681,0.019636413,-0.016763551,0.01583019,0.010554441,0.0038062222,-0.027317993
682,0.7762089,0.4671704,0.64572966,0.46196982,0.13047922,0.005200565
683,0.76008624,0.5195083,0.70278907,0.48763615,0.05729717,0.031872153
684,1.1190372,0.59004647,0.99486333,0.614306,0.12417382,-0.024259508
685,0.0126150325,0.012220348,0.014597882,0.012062801,-0.001982849,0.00015754718
686,0.6137475,0.35920742,0.47243595,0.33515057,0.14131153,0.024056852
687,0.009088334,-0.05773931,0.007438962,0.0052820747,0.0016493718,-0.063021384
688,0.5579457,0.39720565,0.49530047,0.3883871,0.06264526,0.008818537
689,0.9230104,0.60575074,0.8194653,0.6176363,0.10354513,-0.011885583
690,0.10584404,0.12062265,0.11562774,0.091518976,-0.0097837,0.029103674
691,0.04494129,0.03139314,0.03582506,0.02343232,0.009116232,0.007960821
692,0.058829125,0.11979352,0.03441362,0.01574526,0.024415504,0.10404826
693,0.807605,0.61514676,0.7414207,0.5232703,0.06618434,0.09187645
694,0.08850157,0.027801326,0.06909011,0.044661507,0.01941146,-0.016860181
695,0.024539916,0.033858884,0.021594906,0.017076371,0.0029450096,0.016782513
696,0.13973165,0.17992242,0.12014424,0.09320167,0.019587405,0.08672075
697,0.84002703,0.44627547,0.64660317,0.4393873,0.19342387,0.006888181
698,0.034611452,-0.009042353,0.031744175,0.024223063,0.0028672777,-0.033265416
699,-0.0045045265,-0.012141876,0.020290768,0.01295537,-0.024795294,-0.025097247
700,0.045392342,0.0066196867,0.05864923,0.039844465,-0.013256889,-0.033224776
701,0.03984537,0.07817958,0.039463572,0.023653448,0.00038179755,0.054526135
702,0.021776235,-0.018981213,0.0366939,0.022072101,-0.014917666,-0.041053314
703,1.7554451,0.7022509,1.1446176,0.80563337,0.61082757,-0.10338247
704,0.6850519,0.49219936,0.5732044,0.36576656,0.11184752,0.1264328
705,1.4472008,0.3819265,0.81133956,0.5598749,0.6358612,-0.17794839
706,0.050359424,-0.0015043503,0.03724913,0.03152133,0.013110295,-0.033025682
707,0.015065753,0.15123537,0.0123204775,0.0100474,0.0027452754,0.14118797
708,0.06968282,0.055763435,0.04601712,0.034607705,0.0236657,0.02115573
709,0.86393774,0.5814368,0.72467196,0.55615944,0.13926578,0.025277376
710,0.13600208,0.0770086,0.109105274,0.072456405,0.026896805,0.004552193
711,0.60162014,0.43039566,0.5298307,0.4010278,0.07178944,0.029367864
712,0.26123643,0.1228983,0.20726477,0.14205576,0.053971663,-0.019157462
713,0.691336,0.44095054,0.5581739,0.42000753,0.13316208,0.020943016
714,0.017979594,-0.044879492,0.02545596,0.010694879,-0.007476365,-0.055574372
715,0.10577262,0.08496806,0.092889555,0.078041054,0.012883067,0.006927006
716,0.05728142,0.04698816,0.051712323,0.037954055,0.0055690967,0.009034105
717,0.08555447,0.025026754,0.07506912,0.056391142,0.010485351,-0.03136439
718,0.043425296,0.0842492,0.05274216,0.042584043,-0.009316865,0.041665155
719,0.731187,0.5571552,0.70262045,0.5287414,0.02856654,0.028413773
720,1.1760634,0.5819094,0.984262,0.641331,0.19180143,-0.0594216
721,0.09906435,0.09100574,0.09893699,0.0709658,0.00012736022,0.020039946
722,0.9382525,0.5836486,0.83389175,0.57289207,0.10436076,0.010756552
723,0.015860118,0.01670003,0.0068808026,0.008151292,0.008979315,0.0085487375
724,0.036705747,0.034529213,0.045917057,0.032224562,-0.009211309,0.0023046508
725,0.039797667,0.040103916,0.036317177,0.029972747,0.0034804903,0.010131169
726,0.8265697,0.5081235,0.72878885,0.5063163,0.09778082,0.0018072128
727,0.035223626,0.091973364,0.030686568,0.023484657,0.004537057,0.06848871
728,0.029794477,0.08779618,0.044700336,0.021324752,-0.014905859,0.06647143
729,0.031043414,0.0232737,0.016337723,0.01205569,0.0147056915,0.01121801
730,0.10903598,0.11490976,0.1021049,0.07439835,0.0069310814,0.040511407
731,0.74807066,0.34068844,0.51422083,0.35588682,0.23384982,-0.01519838
732,0.16615885,0.09889327,0.1477846,0.10129585,0.01837425,-0.0024025813
733,0.94263977,0.6530484,0.85176253,0.6244707,0.090877235,0.028577685
734,0.6441489,0.38829115,0.5673656,0.37942138,0.0767833,0.008869767
735,0.039230406,-0.07110941,0.03436234,0.01356053,0.004868068,-0.08466993
736,0.054712266,0.02718515,0.033726525,0.021291317,0.020985741,0.005893832
737,0.020372141,-0.04950781,0.02757838,0.01144562,-0.007206239,-0.06095343
738,0.0048381668,-0.0057507292,0.002685021,0.0037312212,0.0021531458,-0.009481951
739,0.06838217,0.1052393,0.07301652,0.044083856,-0.0046343505,0.061155446
740,0.0069942977,0.05457842,0.015407993,0.011345139,-0.008413696,0.043233283
741,0.6788423,0.4781391,0.5764898,0.4188711,0.1023525,0.059267998
742,0.0413468,0.034795865,0.034068827,0.022797769,0.007277973,0.0119980965
743,0.072341375,0.20572226,0.05499462,0.03996669,0.017346755,0.16575557
744,0.21440548,0.14170367,0.19033046,0.13611832,0.024075016,0.0055853426
745,0.94244987,0.59369886,0.76931524,0.5856735,0.17313462,0.008025348
746,0.2837953,0.19166179,0.23976979,0.18605047,0.04402551,0.0056113154
747,-0.025770405,0.1147461,0.0121691115,0.0046129427,-0.03793952,0.110133156
748,0.03718275,0.053281642,0.030678887,0.02183233,0.0065038614,0.03144931
749,0.03315661,0.08083405,0.03907386,0.02202276,-0.0059172474,0.058811292
750,0.04079525,0.043461137,0.028193297,0.018399782,0.012601955,0.025061354
751,0.88443226,0.6158615,0.78688926,0.571604,0.097543,0.044257462
752,0.024019005,-0.021125047,0.020721681,0.012469487,0.0032973234,-0.033594534
753,0.11502813,0.08624606,0.10982932,0.08011191,0.0051988065,0.006134145
754,0.011585402,0.08024448,0.023640094,0.018485542,-0.012054692,0.06175894
755,0.12801588,0.06726986,0.110462755,0.06982232,0.01755312,-0.0025524572
756,0.1123428,0.0844335,0.086288415,0.06167529,0.026054382,0.022758212
757,0.7157039,0.42112252,0.65613997,0.45209166,0.059563935,-0.030969143
758,0.06755627,0.019294139,0.047723733,0.022525912,0.019832537,-0.0032317732
759,0.018309169,0.05191112,0.014433431,0.014565723,0.003875737,0.037345394
760,0.08083076,0.06368169,0.08251567,0.056142513,-0.0016849115,0.007539179
761,0.01946899,0.06813578,0.02709036,0.02868449,-0.0076213703,0.039451294
762,0.08713426,0.005199827,0.08596407,0.052435964,0.0011701882,-0.047236137
763,0.41887143,0.2394277,0.34675485,0.24143204,0.07211658,-0.0020043403
764,0.068504155,0.031462602,0.04924829,0.029200852,0.019255865,0.0022617504
765,0.0045420285,-0.05404208,0.0120687755,0.0030327982,-0.007526747,-0.05707488
766,0.07416828,0.04164826,0.045045324,0.029397385,0.029122956,0.012250876
767,0.9416355,0.5757044,0.82337344,0.56552076,0.11826205,0.010183632
768,0.79192156,0.5187892,0.6143058,0.44324479,0.17761576,0.07554439
769,0.63053757,0.4290045,0.47147423,0.36390054,0.15906334,0.06510395
770,0.11414081,0.094822966,0.10488271,0.07413474,0.009258099,0.020688228
771,0.08951616,0.0018467967,0.05692772,0.035382196,0.032588445,-0.0335354
772,0.88098097,0.6335869,0.8224051,0.5879692,0.05857587,0.0456177
773,-0.017382437,0.028604498,0.018071977,0.017179659,-0.035454415,0.0114248395
774,0.86761254,0.61201286,0.8172485,0.59908026,0.050364017,0.012932599
775,0.0073323925,0.07796749,0.011211526,0.010701934,-0.0038791331,0.067265555
776,0.7165594,0.36170384,0.53558296,0.34915775,0.18097645,0.012546092
777,0.07856448,0.17305464,0.08614624,0.06617902,-0.007581763,0.10687561
778,0.050868653,0.0027774316,0.03329701,0.015946867,0.017571643,-0.013169436
779,0.72906506,0.40600276,0.6312864,0.42438126,0.09777868,-0.018378496
780,-0.01256462,0.17498842,0.027523458,0.014494031,-0.04008808,0.16049439
781,0.6895346,0.32352716,0.42081955,0.33337775,0.26871505,-0.009850591
782,0.049410176,0.05449746,0.048631657,0.03625401,0.0007785186,0.01824345
783,0.059997056,0.14352606,0.05514377,0.035608552,0.004853286,0.10791751
784,0.28987402,0.18326047,0.2754379,0.15786938,0.014436126,0.025391087
785,0.43382096,0.2202634,0.3123893,0.22900896,0.12143165,-0.008745551
786,0.015706856,0.016326923,0.029958932,0.022702282,-0.014252076,-0.0063753594
787,0.6948029,0.38929185,0.54587233,0.39955643,0.14893055,-0.0102645755
788,-0.023782257,0.113792494,0.015604171,0.010445397,-0.03938643,0.10334709
789,0.86290216,0.56515527,0.6369406,0.46062917,0.22596157,0.1045261
790,0.01939699,0.04885295,0.013424581,0.01494636,0.0059724096,0.03390659
791,0.74784935,0.29463398,0.3930799,0.29285818,0.35476944,0.0017758012
792,0.034164827,0.046497464,0.02861354,0.023596685,0.005551288,0.022900779
793,0.7501415,0.36297747,0.6223976,0.38412753,0.1277439,-0.021150053
794,-0.0077953422,0.1356588,0.029782996,0.01720895,-0.037578337,0.11844985
795,0.7979078,0.48562956,0.68100363,0.45298588,0.1169042,0.032643676
796,0.022515291,-0.0061917077,0.030745078,0.016129183,-0.0082297865,-0.02232089
797,1.0993575,0.69539666,0.8456428,0.6205622,0.25371468,0.074834466
798,0.034233194,0.03115294,0.040103808,0.02859188,-0.005870614,0.0025610588
799,0.6852568,0.39932033,0.55092275,0.40021965,0.13433403,-0.0008993149
800,0.71258,0.45844823,0.6319768,0.44650546,0.08060324,0.011942774
801,0.05312448,0.05235105,0.04989107,0.041336633,0.0032334104,0.011014417
802,0.11560448,0.088883266,0.10348786,0.07924685,0.012116626,0.009636417
803,0.0015461954,-0.030671556,0.026016463,0.015590301,-0.024470268,-0.046261854
804,-0.0018751508,0.110571,0.016694916,0.013173474,-0.018570067,0.09739752
805,-0.04248589,0.092571944,0.002549676,-0.0023687133,-0.045035563,0.094940655
806,0.0087434435,0.13233435,0.016004909,0.009957745,-0.0072614653,0.122376606
807,0.08571797,0.093853205,0.06302349,0.043790065,0.022694476,0.05006314
808,0.020423261,-0.013097044,0.016477596,0.009370392,0.0039456654,-0.022467436
809,0.866096,0.54245174,0.7777559,0.5341282,0.0883401,0.00832355
810,0.058483325,0.027818728,0.06646591,0.039343346,-0.007982582,-0.011524618
811,1.0170221,0.03366239,0.26252878,0.1863425,0.75449336,-0.1526801
812,0.014626938,-0.0067740236,0.00906481,0.006979298,0.0055621276,-0.013753321
813,0.006723006,0.013754994,0.011645827,0.0066362554,-0.0049228217,0.0071187383
814,0.027636629,0.016856885,0.020317364,0.013715396,0.007319264,0.0031414889
815,0.88165134,0.5538635,0.74104226,0.56357247,0.14060909,-0.009708941
816,1.0286622,0.5945715,0.90332437,0.5423962,0.12533784,0.052175283
817,0.04201473,0.048590392,0.032000743,0.022505116,0.010013986,0.026085276
818,0.114813715,0.029078256,0.10022459,0.061541647,0.014589123,-0.03246339
819,0.72420657,0.40490034,0.60521203,0.4079447,0.118994534,-0.0030443668
820,0.2516128,0.2076141,0.23451486,0.16488041,0.01709795,0.042733684
821,1.3240589,0.41514558,0.516408,0.3033146,0.80765086,0.11183098
822,0.64678144,0.2042573,0.35502693,0.25156993,0.2917545,-0.047312632
823,0.06004501,0.0054786927,0.06289477,0.046105202,-0.0028497577,-0.04062651
824,0.10967696,0.1955411,0.09533272,0.055950113,0.014344238,0.13959098
825,-0.004186028,-0.029239692,0.015894078,0.011057365,-0.020080106,-0.040297057
826,0.09249882,0.015777066,0.070692636,0.044797815,0.02180618,-0.029020749
827,0.06281286,0.051562693,0.060197543,0.042752422,0.002615314,0.008810271
828,0.7197304,0.48126906,0.5892542,0.42167634,0.13047618,0.059592724
829,-0.022349343,-0.021408997,0.014239029,0.006357593,-0.03658837,-0.027766591
830,-0.035104644,-0.0146628115,0.008591276,0.0022635385,-0.04369592,-0.01692635
831,0.8321181,0.5761111,0.71857107,0.54409957,0.11354703,0.03201151
832,1.1384002,0.4997309,0.5441451,0.3873442,0.5942551,0.1123867
833,0.0126202125,0.11616741,0.01171307,0.010268372,0.00090714265,0.105899036
834,0.05684763,-0.00040952655,0.06150625,0.041210186,-0.004658621,-0.04161971
835,0.08697964,0.046118714,0.05476981,0.040661763,0.032209832,0.0054569505
836,0.63724715,0.13903216,0.25838056,0.16286047,0.37886658,-0.023828313
837,0.08338153,0.100263216,0.0837115,0.063775085,-0.00032996386,0.03648813
838,0.76998246,0.4542196,0.686904,0.43765628,0.083078444,0.016563326
839,0.16871946,0.13741875,0.16045637,0.11145553,0.008263081,0.025963217
840,0.03294048,0.07071173,0.035133563,0.02440016,-0.0021930821,0.046311572
841,0.8545085,0.54239196,0.7319761,0.52631205,0.12253243,0.016079903
842,0.06642713,0.059799388,0.04892421,0.03709959,0.017502915,0.0226998
843,0.93178105,0.56110954,0.83697367,0.57245165,0.09480739,-0.011342108
844,0.7173584,0.39273134,0.5269831,0.3636104,0.19037533,0.029120952
845,0.016809369,0.041632727,0.020357499,0.014168813,-0.0035481304,0.027463913
846,-0.013832489,0.009065004,0.0106062,0.008676456,-0.02443869,0.00038854778
847,0.09943515,0.097817846,0.0946255,0.06846948,0.004809648,0.029348366
848,0.087777734,0.12044334,0.08466798,0.04895956,0.0031097531,0.071483776
849,0.057951264,-0.013868162,0.06003349,0.041765124,-0.002082225,-0.055633284
850,0.043305065,0.17215717,0.03681815,0.03137785,0.006486915,0.14077932
851,0.008061604,-0.022617402,0.02364093,0.0142560555,-0.015579327,-0.036873456
852,0.95406485,0.5382956,0.84850657,0.55224,0.105558276,-0.013944387
853,0.6959754,0.38606498,0.545464,0.37973756,0.15051144,0.0063274205
854,1.1807407,0.70055515,1.0044224,0.6776088,0.17631829,0.022946358
855,0.062172055,0.08447514,0.065642424,0.04518654,-0.0034703687,0.0392886
856,0.027907051,0.07049575,0.0334455,0.022816677,-0.0055384487,0.04767907
857,0.735785,0.116944775,0.25263086,0.16142103,0.48315415,-0.044476256
858,0.095819004,0.056809716,0.083203666,0.05308289,0.012615338,0.0037268251
859,0.038901772,0.044553522,0.04785151,0.036590617,-0.008949738,0.007962905
860,0.025340429,-0.024237126,0.037458587,0.023030408,-0.012118159,-0.047267534
861,-0.009944251,0.0943542,0.017138747,0.007889253,-0.027082998,0.08646494
862,0.024626702,0.009847379,0.033833474,0.026547616,-0.009206772,-0.016700238
863,0.14017649,0.19659317,0.1460234,0.09676268,-0.0058469027,0.099830486
864,0.05598029,0.057443134,0.025756523,0.016722709,0.030223768,0.040720426
865,-0.0035766792,-0.06459678,0.02238375,0.008044578,-0.025960429,-0.07264136
866,0.05352975,-0.01130095,0.04351132,0.02562149,0.010018431,-0.03692244
867,0.040927503,0.036589865,0.042643327,0.030668741,-0.001715824,0.0059211235
868,-0.04654707,0.18877213,0.017129216,0.0049584354,-0.06367628,0.18381369
869,0.8309764,0.37568364,0.52535486,0.3582772,0.30562156,0.017406434
870,0.07526737,0.08576203,0.06911355,0.05742061,0.0061538145,0.02834142
871,0.057819806,0.039965358,0.049433466,0.025827697,0.00838634,0.014137661
872,0.5805127,0.3458694,0.46746072,0.35480368,0.11305198,-0.008934289
873,0.072875276,0.0027791138,0.06222069,0.045010827,0.010654587,-0.042231712
874,0.05953655,0.05655862,0.0568257,0.041648302,0.002710849,0.014910318
875,0.09060049,0.08567117,0.07438034,0.056284256,0.016220152,0.029386915
876,0.85644126,0.5311692,0.70128477,0.5037777,0.1551565,0.027391493
877,0.24701446,0.1574643,0.21830459,0.15438536,0.028709874,0.0030789375
878,0.034665912,0.14362758,0.03620787,0.022310494,-0.0015419573,0.12131709
879,0.059820373,0.07035101,0.05214896,0.044890333,0.007671412,0.02546068
880,0.8567911,0.20920512,0.34162658,0.21830387,0.5151645,-0.009098753
881,0.07014326,0.037412558,0.041761786,0.03353193,0.028381474,0.0038806275
882,0.03478635,0.0016416832,0.017326158,0.00871021,0.017460193,-0.007068527
883,0.06661148,0.16838302,0.06188889,0.051210403,0.004722595,0.117172614
884,0.90260434,0.6215995,0.85325044,0.6105339,0.049353898,0.011065602
885,0.5799121,0.34405816,0.40399757,0.30923772,0.17591456,0.034820437
886,0.7820807,0.44232598,0.59674764,0.44087857,0.18533307,0.0014474094
887,1.0414351,0.6815447,0.8903965,0.6806515,0.15103865,0.0008932352
888,0.066732906,0.05630102,0.057575572,0.04474287,0.0091573335,0.011558149
889,1.3111877,0.8609864,1.2037121,0.89107895,0.10747564,-0.030092537
890,0.023268266,0.0046986877,0.026162324,0.020036152,-0.0028940588,-0.0153374635
891,0.06956151,0.04223632,0.04116496,0.03043272,0.02839655,0.011803601
892,0.01013092,-0.014787924,0.018076863,0.013064508,-0.007945943,-0.027852431
893,0.012357419,0.007489977,0.006766376,0.005405336,0.0055910433,0.0020846408
894,0.08014923,-0.008342664,0.08585475,0.0473133,-0.005705513,-0.055655964
895,-0.007418685,0.09865408,0.02094714,0.014428873,-0.028365824,0.08422521
896,1.1797563,0.55269635,0.9046621,0.5533855,0.2750942,-0.0006891489
897,0.49285725,0.3194271,0.38725078,0.27809125,0.10560647,0.04133585
898,0.07335821,0.08968171,0.06971576,0.05972805,0.0036424473,0.029953659
899,0.02536215,0.03321026,0.029029775,0.019744935,-0.0036676247,0.013465324
900,0.6899628,0.4266107,0.52256316,0.4081646,0.16739964,0.018446118
901,0.087249935,0.0352119,0.07557569,0.04963243,0.011674248,-0.014420532
902,0.55485857,0.2999636,0.44899568,0.30662483,0.105862886,-0.0066612363
903,0.01811417,-0.017086582,0.034690175,0.024894603,-0.016576005,-0.041981183
904,0.60526615,0.42956394,0.5526802,0.3997996,0.05258596,0.029764354
905,0.5765608,0.33814707,0.48727763,0.35021567,0.08928317,-0.012068599
906,0.031937927,-0.009261876,0.019639267,0.00869539,0.01229866,-0.017957266
907,0.0026095218,-0.01328055,0.0060972166,0.0049642264,-0.0034876948,-0.018244777
908,0.017510826,0.010996124,0.013586462,0.009501004,0.003924364,0.0014951201
909,0.044073295,0.040703893,0.026806064,0.026297444,0.01726723,0.014406448
910,0.6842934,0.4217578,0.58733064,0.43679512,0.09696275,-0.015037328
911,0.1118829,0.06444988,0.10121073,0.07549662,0.010672174,-0.011046745
912,-0.006362388,-0.06322141,0.0055186707,-0.0009052894,-0.011881059,-0.06231612
913,0.05393651,0.030003274,0.02983262,0.022249965,0.024103891,0.007753309
914,0.045171842,0.013756501,0.04616541,0.031654842,-0.0009935685,-0.017898342
915,0.7119191,0.34706786,0.54170233,0.3545559,0.1702168,-0.007488042
916,0.826276,0.34416038,0.520652,0.35441345,0.305624,-0.010253072
917,0.054841705,-0.0015804607,0.04587478,0.03408847,0.0089669265,-0.035668932
918,0.04985148,0.06681842,0.026424775,0.019119017,0.023426706,0.047699407
919,0.074976236,-0.008362521,0.073754475,0.04074602,0.0012217611,-0.04910854
920,0.048728835,0.07930444,0.055137213,0.031733453,-0.0064083785,0.04757099
921,-0.019212719,0.1341481,0.0267082,0.01779174,-0.04592092,0.116356365
922,0.0144124115,0.11178655,0.039658632,0.02277796,-0.025246222,0.08900859
923,0.10648766,0.044597935,0.08067778,0.06304746,0.025809884,-0.018449526
924,0.7527606,0.38887864,0.61219424,0.4231285,0.14056635,-0.034249842
925,0.03808711,-0.015365846,0.04136779,0.024181535,-0.0032806806,-0.039547384
926,0.009479836,-0.004332889,0.02690659,0.016964518,-0.017426755,-0.021297406
927,0.0419084,-0.018497499,0.047345184,0.030797893,-0.0054367855,-0.049295392
928,1.2675407,0.65444887,0.71755606,0.54168403,0.54998463,0.112764835
929,0.023969924,-0.00066956953,0.03617135,0.024192788,-0.012201427,-0.024862356
930,0.027286796,0.06446791,0.03630199,0.024370397,-0.009015193,0.040097512
931,0.011371565,-0.031803343,0.025065958,0.014028967,-0.013694393,-0.04583231
932,0.02774009,0.03765899,0.012333213,0.0099899145,0.015406876,0.027669076
933,0.046032056,0.08651318,0.051417857,0.041137304,-0.005385801,0.045375872
934,0.034464415,0.11782112,0.050416417,0.030208418,-0.015952002,0.0876127
935,0.01068875,-0.054606143,0.015061701,0.0051673497,-0.0043729506,-0.059773494
936,0.065372266,0.11688831,0.042075735,0.029228987,0.023296531,0.08765932
937,0.6391461,0.39027685,0.5510761,0.4080307,0.088069975,-0.01775384
938,0.8916428,0.63165677,0.78087175,0.5954972,0.11077106,0.036159575
939,0.02609058,0.10863816,0.04120157,0.034249578,-0.01511099,0.07438858
940,-0.037855383,0.10566301,0.0027304,-0.002253871,-0.040585782,0.10791688
941,0.07569001,0.060878437,0.058854133,0.048582837,0.016835876,0.0122956
942,0.59947383,0.26944748,0.287938,0.20605613,0.31153584,0.06339134
943,-0.022056751,0.17579758,0.03403315,0.013894234,-0.0560899,0.16190335
944,0.75593406,0.54870445,0.6293597,0.4790412,0.12657434,0.06966326
945,0.10208603,0.071883775,0.07847383,0.057131328,0.023612201,0.014752448
946,-0.007886025,-0.06374358,0.020852573,0.008994388,-0.0287386,-0.07273796
947,0.11546585,0.07226357,0.08263742,0.05336119,0.032828428,0.01890238
948,0.5710895,0.39491552,0.5073661,0.38319862,0.063723385,0.011716902
949,0.7609182,0.5215428,0.68214995,0.4974159,0.07876825,0.024126887
950,0.6261008,0.052768428,0.2511304,0.1697998,0.37497038,-0.11703138
951,-0.011049654,0.15169968,0.018276628,0.0068243695,-0.029326282,0.1448753
952,0.24407801,0.12465668,0.18137006,0.13272011,0.062707946,-0.008063436
953,-0.0052941903,0.07654528,1.49384e-05,-0.0007243074,-0.0053091287,0.07726959
954,0.41745976,0.27223194,0.35545623,0.25880557,0.062003523,0.0134263635
955,0.28065288,0.25073224,0.26017827,0.20337158,0.020474613,0.04736066
956,0.032142684,0.04388839,0.015138448,0.011752589,0.017004237,0.0321358
957,0.052609228,0.12904307,0.066179045,0.045849577,-0.013569817,0.083193496
958,0.9413321,0.6141809,0.73127747,0.5166884,0.21005464,0.097492516
959,0.10201723,0.08228558,0.09609411,0.066639245,0.005923122,0.015646338
960,0.018918429,0.10741509,0.03920725,0.018485604,-0.020288821,0.08892948
961,0.0034948015,-0.008857628,0.009167115,0.006411027,-0.0056723137,-0.0152686555
962,0.034314863,-0.0048964885,0.03307107,0.022063512,0.0012437925,-0.02696
963,1.0815883,0.55694085,0.7993613,0.5704863,0.28222698,-0.013545454
964,0.018400678,-0.008818803,0.011701487,0.0056917523,0.0066991914,-0.014510555
965,0.038724013,0.07758718,0.03954796,0.024025945,-0.00082394853,0.053561233
966,0.028945725,0.031304322,0.021166688,0.016829727,0.0077790376,0.014474595
967,0.031602763,-0.032309543,0.025751557,0.013217942,0.0058512054,-0.045527484
968,0.30292088,0.21945626,0.2778853,0.1827876,0.02503559,0.03666866
969,0.22410299,0.14782543,0.20901531,0.14906526,0.015087679,-0.0012398213
970,0.6561226,0.3381551,0.3960777,0.2808281,0.26004493,0.057327002
971,0.6715312,0.31288987,0.51369196,0.3502701,0.15783924,-0.03738022
972,0.56382954,0.31195813,0.46885163,0.34179032,0.094977915,-0.029832184
973,0.047006793,0.062444262,0.045197826,0.037169423,0.0018089674,0.02527484
974,1.0215234,0.42336223,0.57930946,0.41959998,0.4422139,0.0037622452
975,1.078236,0.60614544,0.91761595,0.60541475,0.16062003,0.00073069334
976,0.037140876,0.043499902,0.024888828,0.02275416,0.012252048,0.020745741
977,0.2875321,0.2564157,0.26337644,0.19579402,0.024155647,0.06062168
978,0.48082554,0.23297593,0.32016197,0.20694166,0.16066357,0.026034266
979,0.034064956,0.056364026,0.02663161,0.02221702,0.0074333455,0.034147006
980,0.5165096,0.27050692,0.39988682,0.27757442,0.116622776,-0.0070675015
981,0.0015357352,0.14876506,0.010453114,0.009934276,-0.008917379,0.13883078
982,0.044954505,-0.027029634,0.047701336,0.028492717,-0.0027468316,-0.055522352
983,0.067933984,0.028929545,0.053704105,0.03526438,0.014229879,-0.0063348357
984,0.036275197,0.030222973,0.03133223,0.012962082,0.0049429685,0.01726089
985,0.073007464,0.13390757,0.06348289,0.045008577,0.009524576,0.088898994
986,0.8112344,0.3547534,0.5367458,0.3292972,0.27448863,0.02545619
987,0.041110817,-0.016528618,0.040621713,0.028866675,0.00048910454,-0.045395292
988,0.06664114,0.093311675,0.061913792,0.042449962,0.004727345,0.050861713
989,0.032588564,0.02160125,0.015217641,0.010969357,0.017370922,0.010631894
990,0.83304894,0.5591066,0.7596559,0.53271997,0.07339305,0.026386619
991,0.5916002,0.4166486,0.5215435,0.39797863,0.07005668,0.018669963
992,0.51487005,0.29770812,0.4010914,0.2963157,0.11377865,0.0013924241
993,-0.03045754,0.118052706,0.013811828,0.003209836,-0.044269368,0.11484287
994,0.14446172,0.09853934,0.12067257,0.072542354,0.023789153,0.025996983
995,0.083101325,0.05388962,0.08187194,0.0542937,0.001229383,-0.0004040785
996,1.2603396,0.4265058,0.6902472,0.43609047,0.57009244,-0.009584665
997,0.7468818,0.41873702,0.6132933,0.4020096,0.1335885,0.016727418
998,0.70616096,0.48012647,0.60240865,0.4641406,0.103752315,0.015985876
999,0.033246584,0.025904126,0.029108996,0.018297879,0.0041375887,0.0076062474
1000,0.055818405,0.051571332,0.04709218,0.035901442,0.008726224,0.01566989
1001,0.05664997,0.039898384,0.047656473,0.033720624,0.008993499,0.0061777607
1002,0.10595923,0.08003171,0.098815955,0.07255613,0.007143274,0.0074755773
1003,-0.025277704,0.114729315,0.0119974455,0.004782554,-0.03727515,0.10994676
1004,0.20608364,0.21821597,0.18881483,0.1307609,0.017268807,0.08745508
1005,0.06468197,0.07026525,0.063995935,0.054474894,0.00068603456,0.015790354
1006,0.116824664,0.04591084,0.10039043,0.06321957,0.016434237,-0.01730873
1007,0.048394646,0.04971617,0.05109457,0.03531012,-0.0026999228,0.0144060515
1008,0.036717318,0.027996065,0.030747484,0.019591903,0.0059698336,0.008404162
1009,0.03286923,0.022007095,0.021969197,0.018478991,0.010900034,0.0035281032
1010,0.523522,0.42591932,0.4734081,0.3301159,0.050113916,0.09580341
1011,0.06798682,0.074037746,0.060487147,0.047603868,0.007499676,0.026433878
1012,0.8011447,0.5614845,0.72816956,0.5327625,0.07297516,0.028721988
1013,0.88944304,0.5901579,0.71322477,0.5328385,0.17621827,0.057319403
1014,9.2186805e-05,-0.06116932,0.004712956,-0.00069352245,-0.004620769,-0.060475796
1015,-0.0051639015,0.0002821603,0.021620587,0.012818491,-0.026784487,-0.012536331
1016,0.90373164,0.52767444,0.69829524,0.53228414,0.20543641,-0.004609704
1017,0.24313238,0.3134823,0.26673862,0.19429766,-0.02360624,0.11918466
1018,0.99049306,0.57102776,0.8992571,0.5785275,0.091235936,-0.0074997544
1019,0.023927037,0.039161038,0.022873333,0.016592517,0.001053704,0.02256852
1020,-0.024675783,0.12415729,0.019343559,0.009494335,-0.04401934,0.11466295
1021,0.0026970292,-0.0630552,0.008727132,0.0059117787,-0.006030103,-0.068966985
1022,0.022529757,0.101403594,0.03913169,0.0229968,-0.016601933,0.078406796
1023,0.7183078,0.4886099,0.65167373,0.46661544,0.06663406,0.021994472
1024,0.07007341,0.11305778,0.08153833,0.052394323,-0.011464916,0.060663454
1025,0.6812463,0.25331333,0.3804753,0.22258379,0.30077097,0.030729547
1026,0.15614562,0.14439376,0.15580404,0.1039901,0.00034157932,0.040403657
1027,0.013618388,0.120873444,0.025095783,0.004951018,-0.011477395,0.11592243
1028,0.9387995,0.54919523,0.78629684,0.5298521,0.15250266,0.019343138
1029,0.051153317,0.00688535,0.047816876,0.03348558,0.0033364408,-0.02660023
1030,-0.0049188933,0.15600152,0.025385762,0.013490225,-0.030304655,0.1425113
1031,0.08468848,0.080242515,0.07194642,0.054709822,0.012742057,0.025532693
1032,0.03723924,0.004213667,0.025687123,0.02292924,0.011552116,-0.018715573
1033,0.68605,0.4173238,0.57695127,0.41207868,0.10909873,0.0052451193
1034,1.1419593,0.59249914,0.8908955,0.5858704,0.25106382,0.0066287518
1035,0.07820975,0.077154875,0.07267052,0.04528293,0.005539231,0.031871945
1036,0.018145392,-0.023963502,0.025120744,0.015416396,-0.0069753528,-0.0393799
1037,0.01234464,0.016407717,0.025076814,0.01704232,-0.012732174,-0.0006346032
1038,0.020868516,-0.0051414515,0.019307913,0.009997677,0.0015606023,-0.015139129
1039,0.15213244,0.1540333,0.15090895,0.112274945,0.0012234896,0.04175836
1040,0.0027179779,0.07392632,0.017361367,0.013394395,-0.01464339,0.06053193
1041,0.04045712,0.1300782,0.037513405,0.020800043,0.0029437132,0.10927816
1042,0.025096582,-0.0062827244,0.03095087,0.024301503,-0.005854288,-0.030584227
1043,0.42570406,0.2607314,0.30817077,0.23442532,0.1175333,0.026306078
1044,0.022509096,0.025036642,0.03588385,0.02547794,-0.013374755,-0.0004412979
1045,0.6288824,0.24284106,0.39351815,0.26605392,0.23536426,-0.02321285
1046,0.23864618,0.1554202,0.20253195,0.14266802,0.03611423,0.012752175
1047,0.80137694,0.5870627,0.73455137,0.56019586,0.06682557,0.026866853
1048,0.6695616,0.4521026,0.58765656,0.44294629,0.08190507,0.0091563165
1049,0.9962886,0.6192676,0.8747101,0.56799453,0.121578515,0.051273048
1050,0.008249769,0.11237284,0.012091858,0.009470223,-0.0038420893,0.10290261
1051,0.013924382,-0.0327024,0.0056330003,0.004833446,0.008291381,-0.037535846
1052,0.9063247,0.48309234,0.68627626,0.47877952,0.22004843,0.0043128133
1053,0.05919476,0.04430631,0.04237681,0.034570687,0.01681795,0.009735625
1054,0.047881573,0.047126845,0.04231906,0.036298662,0.005562514,0.010828182
1055,0.6473656,0.41570008,0.5267569,0.39172927,0.12060875,0.023970813
1056,0.19842309,0.08589375,0.17551336,0.09483202,0.02290973,-0.008938268
1057,0.0028734396,-0.0056668236,0.0032458988,0.0041216365,-0.00037245918,-0.00978846
1058,0.16015975,0.12038265,0.15146294,0.100202724,0.008696809,0.020179927
1059,0.07514526,0.01734188,0.06363437,0.045181833,0.011510886,-0.027839953
1060,-0.041873638,0.12284307,0.011155682,0.005221576,-0.05302932,0.1176215
1061,0.64033645,0.4945198,0.6143704,0.47536173,0.025966048,0.019158065
1062,0.90099686,0.66135395,0.8205441,0.6038583,0.08045274,0.057495654
1063,0.925817,0.3896907,0.6012266,0.44901526,0.32459038,-0.059324563
1064,-0.011273048,-0.010765709,0.012522323,0.0048946557,-0.02379537,-0.015660364
1065,0.0440702,0.037152898,0.03737526,0.024023734,0.006694939,0.0131291635
1066,0.026924925,0.09580233,0.042993285,0.028175842,-0.01606836,0.06762649
1067,0.83571345,0.4363848,0.7530285,0.45608714,0.082684934,-0.019702345
1068,0.0040724743,0.18341424,0.037352737,0.025597,-0.03328026,0.15781723
1069,0.71188724,0.431589,0.5586236,0.4111588,0.15326363,0.020430207
1070,0.06505052,-0.0028897382,0.06542835,0.04374827,-0.0003778264,-0.04663801
1071,0.03799515,0.0014180378,0.038653463,0.02285184,-0.0006583147,-0.021433802
1072,0.09051803,0.0639268,0.05339937,0.046041314,0.03711866,0.017885488
1073,0.11758307,0.09454323,0.1064124,0.07524614,0.01117067,0.019297093
1074,0.021081928,-0.013770283,0.033205185,0.024871912,-0.012123257,-0.038642194
1075,1.1258572,0.7425014,0.98581153,0.70236313,0.1400457,0.040138245
1076,0.8503606,0.5379905,0.76034844,0.5358393,0.09001213,0.0021511912
1077,0.045976724,0.13737857,0.07017804,0.055936035,-0.024201315,0.081442535
1078,0.022880815,0.057998434,0.026374776,0.02221643,-0.003493961,0.035782002
1079,0.027560143,-0.015604262,0.027808648,0.017504847,-0.0002485048,-0.03310911
1080,0.28137717,0.13365218,0.27692518,0.17871283,0.00445199,-0.04506065
1081,0.025774246,0.022539983,0.012703138,0.006828922,0.013071108,0.015711062
1082,0.9310826,0.46361044,0.3882092,0.24495153,0.5428734,0.21865891
1083,0.06241625,0.050496235,0.058309536,0.04285627,0.0041067153,0.007639967
1084,0.08602509,0.024797888,0.06747041,0.04082878,0.01855468,-0.01603089
1085,0.7495464,0.504188,0.58731204,0.4458012,0.16223437,0.058386803
1086,0.6138491,0.28453237,0.43678266,0.2956512,0.17706645,-0.011118829
1087,0.014904187,-0.00067466556,0.014270555,0.010835149,0.00063363183,-0.011509815
1088,0.030458594,0.08978062,0.038881324,0.02332061,-0.0084227305,0.06646001
1089,0.66597897,0.39974746,0.5178269,0.3959862,0.14815205,0.0037612617
1090,0.90293133,0.5720803,0.6349871,0.46582696,0.26794422,0.106253356
1091,0.052430574,0.141644,0.05006403,0.034357946,0.0023665428,0.10728605
1092,0.7435376,0.5043951,0.69384456,0.49478427,0.049693048,0.009610862
1093,0.7421613,0.49222964,0.67480487,0.48198673,0.06735641,0.010242909
1094,0.08399864,0.11459892,0.10898596,0.06640925,-0.024987318,0.04818967
1095,0.6118261,0.15100084,0.26951542,0.18085064,0.3423107,-0.029849797
1096,0.84360224,0.51339453,0.73995477,0.50296247,0.10364747,0.0104320645
1097,0.037352238,0.04940612,0.04225607,0.034109656,-0.0049038306,0.015296463
1098,0.028419897,0.12165082,0.0197638,0.010247943,0.008656098,0.11140288
1099,0.09720792,0.08791546,0.08696069,0.065419495,0.0102472305,0.022495963
1100,0.06635601,0.09017745,0.07631841,0.05246731,-0.009962402,0.037710138
1101,0.11966638,0.083554395,0.0965905,0.07651626,0.023075886,0.0070381314
1102,0.05366426,-0.003941281,0.060848862,0.040627647,-0.0071846023,-0.044568926
1103,0.7052668,0.28721786,0.43117404,0.29326016,0.27409273,-0.0060423017
1104,0.016185382,0.0024312881,0.024721237,0.018795846,-0.0085358545,-0.016364558
1105,0.83411723,0.555246,0.72454923,0.4871687,0.109568,0.068077296
1106,0.13647695,0.10626819,0.10465267,0.07834134,0.031824276,0.027926847
1107,0.58287424,0.34896564,0.5107174,0.3430835,0.07215685,0.005882144
1108,0.7777298,0.50069135,0.68729204,0.4710932,0.09043777,0.029598147
1109,0.10765473,0.08192635,0.10215647,0.07372651,0.0054982603,0.008199841
1110,0.8872236,0.59619194,0.80368614,0.5744698,0.08353746,0.021722138
1111,0.041378897,-0.011067348,0.04204866,0.027610524,-0.0006697625,-0.03867787
1112,0.09116328,0.1134078,0.09472284,0.062293444,-0.0035595596,0.051114354
1113,-0.025871117,0.12358126,0.021991221,0.011839927,-0.047862336,0.111741334
1114,0.22581732,0.23962699,0.24162836,0.1636411,-0.015811041,0.07598589
1115,0.68789893,0.43829986,0.5949294,0.44654843,0.09296954,-0.008248568
1116,-0.0022623737,-0.013391713,0.013634457,0.008004978,-0.01589683,-0.021396691
1117,0.704934,0.41325933,0.5795594,0.40492195,0.12537462,0.0083373785
1118,0.9632413,0.6457561,0.8990083,0.65118515,0.064233005,-0.0054290295
1119,0.045062076,-0.011323282,0.04002075,0.02535776,0.0050413273,-0.03668104
1120,0.024013588,0.021126581,0.017010842,0.009957236,0.0070027467,0.011169345
1121,0.04848927,0.06605035,0.052018214,0.044986364,-0.0035289451,0.021063987
1122,0.93812144,0.6152447,0.8632962,0.597722,0.07482523,0.017522693
1123,-0.004714677,0.14443813,0.034932405,0.027300254,-0.03964708,0.11713788
1124,0.049243446,0.024219442,0.025159914,0.020689469,0.024083532,0.0035299733
1125,1.1879574,0.38569248,0.70112365,0.4538558,0.48683375,-0.068163335
1126,0.04938521,0.10464763,0.06735333,0.04382258,-0.017968122,0.06082505
1127,0.8215215,0.50689375,0.64271957,0.48800465,0.17880195,0.0188891
1128,0.042773783,0.05110217,0.03673773,0.022846365,0.0060360543,0.028255804
1129,0.8627592,0.50340915,0.715222,0.51805204,0.14753717,-0.014642894
1130,0.43300495,0.31773236,0.40902454,0.29151237,0.023980409,0.026219994
1131,0.0914162,0.04287523,0.086442985,0.054421563,0.004973218,-0.011546332
1132,1.2782775,0.98777634,1.2234149,0.9660572,0.05486262,0.021719158
1133,0.18024565,0.15013532,0.17220497,0.13466236,0.0080406815,0.015472963
1134,-0.015882561,0.12847877,0.020326484,0.013502245,-0.036209047,0.11497652
1135,0.5935828,0.20229894,0.3245579,0.23734257,0.2690249,-0.035043627
1136,0.0052443948,0.04483899,0.0130209755,0.002635482,-0.0077765808,0.04220351
1137,1.224758,0.87852055,0.93680376,0.751148,0.28795427,0.12737256
1138,1.290152,0.76331943,1.1713157,0.8115448,0.11883628,-0.048225343
1139,0.6339301,0.31547013,0.4437135,0.31191495,0.1902166,0.0035551786
1140,-0.00013530049,-0.032331705,0.018857252,0.010098861,-0.018992553,-0.042430565
1141,0.7999858,0.36570466,0.4496664,0.3057145,0.35031942,0.059990168
1142,0.08139507,0.07811603,0.08680978,0.07113059,-0.0054147094,0.006985441
1143,0.062488433,0.04745882,0.054145902,0.042729884,0.008342531,0.0047289357
1144,0.056953497,0.033903807,0.034680456,0.024828732,0.022273041,0.009075075
1145,1.0941336,0.7502461,1.0078272,0.73652005,0.08630645,0.013726056
1146,0.021066898,0.11296225,0.044090934,0.033299077,-0.023024036,0.07966317
1147,0.7224783,0.32339206,0.4343032,0.32069257,0.28817508,0.0026994944
1148,0.12869136,0.09949475,0.11706989,0.09199064,0.011621468,0.0075041056
1149,0.047284815,0.03591682,0.027585896,0.019722408,0.01969892,0.016194412
1150,0.04193639,-0.05866393,0.036041543,0.019926447,0.005894847,-0.07859038
1151,0.047839724,0.029509004,0.046232034,0.021371858,0.00160769,0.008137146
1152,0.69888633,0.44649455,0.6005239,0.42306858,0.098362446,0.023425967
1153,0.7311184,0.45407668,0.637021,0.47533807,0.094097376,-0.021261394
1154,0.55199474,0.2712001,0.30306828,0.2184064,0.24892646,0.052793697
1155,0.21208772,0.124679245,0.19439499,0.13580535,0.01769273,-0.0111261085
1156,0.047711343,0.034706745,0.03991288,0.032381922,0.007798463,0.0023248233
1157,0.72945505,0.4101595,0.5422188,0.39580223,0.18723625,0.014357269
1158,0.089345604,0.07516806,0.068411306,0.051669143,0.020934299,0.023498915
1159,0.9784829,0.57966894,0.86550254,0.578947,0.112980366,0.00072193146
1160,0.023539433,-0.015756913,0.025198776,0.016860077,-0.001659343,-0.032616988
1161,0.07505185,0.061692614,0.06366946,0.05167202,0.011382394,0.010020595
1162,0.030185673,0.14996174,0.029317413,0.018928038,0.00086826086,0.1310337
1163,0.04812358,0.07055592,0.051364508,0.04247327,-0.003240928,0.028082646
1164,0.9299357,0.6098642,0.8159471,0.61947894,0.11398858,-0.009614766
1165,0.054847065,0.00033546874,0.040764652,0.02801587,0.014082413,-0.027680403
1166,1.012295,0.6766672,0.9020285,0.66284066,0.11026651,0.013826549
1167,0.97549874,0.6049465,0.8162769,0.6082706,0.15922183,-0.0033240914
1168,0.117468804,0.1888806,0.11433359,0.08411715,0.0031352118,0.10476344
1169,0.04504579,0.12978907,0.06464192,0.043951694,-0.019596133,0.08583738
1170,0.01120671,-0.011833336,0.008429002,0.0065245484,0.0027777078,-0.018357884
1171,0.59311855,0.3795989,0.4902746,0.33491609,0.10284394,0.0446828
1172,0.85112345,0.49273598,0.6411436,0.47218922,0.20997983,0.020546764
1173,0.103258334,0.027418008,0.09013026,0.057947088,0.013128072,-0.03052908
1174,0.12195959,0.12066751,0.11792573,0.06197514,0.004033856,0.05869237
1175,0.05951339,0.03344306,0.036002345,0.027513796,0.023511045,0.0059292633
1176,0.057668388,0.04977912,0.055450812,0.048493437,0.002217576,0.0012856834
1177,0.6599367,0.4696992,0.5874866,0.4025526,0.0724501,0.0671466
1178,0.82437295,0.45522198,0.68312615,0.4444331,0.1412468,0.010788888
1179,-0.016995376,-0.008277724,0.009331366,0.006907859,-0.026326742,-0.015185582
1180,0.030862493,0.012441131,0.030447222,0.02209346,0.00041527115,-0.009652329
1181,0.757803,0.49711338,0.6582773,0.48257232,0.09952575,0.01454106
1182,0.023475347,0.057224106,0.016993968,0.016480228,0.0064813793,0.04074388
1183,0.8051809,0.37365338,0.48520237,0.31843385,0.31997854,0.05521953
1184,0.03655647,0.014789029,0.018024214,0.014602882,0.018532258,0.00018614717
1185,0.5510029,0.2861333,0.39346218,0.26263064,0.15754074,0.023502648
1186,0.024240479,0.04648865,0.018887738,0.017436566,0.005352741,0.029052084
1187,0.06591741,0.08362605,0.055704456,0.046583872,0.010212954,0.037042174
1188,0.6776709,0.53261465,0.6270257,0.4404568,0.050645173,0.09215784
1189,0.16497715,0.09899602,0.14265102,0.10442421,0.022326127,-0.0054281875
1190,0.036850944,0.025502779,0.02623476,0.021989688,0.010616183,0.0035130903
1191,0.07488088,0.019315433,0.056731172,0.03824374,0.018149711,-0.018928308
1192,0.83915925,0.5324794,0.7378535,0.5188119,0.10130572,0.013667524
1193,0.9882261,0.7031299,0.9065712,0.67750216,0.081654906,0.025627732
1194,0.68467057,0.4532466,0.60868144,0.4306066,0.07598913,0.02263999
1195,0.026622152,-0.031337563,0.032245,0.017993884,-0.005622847,-0.04933145
1196,1.0357555,0.73946214,0.8557088,0.66045386,0.18004674,0.07900828
1197,0.08162739,0.09155258,0.07771436,0.067040056,0.00391303,0.024512522
1198,0.0075616394,0.024015926,0.017573541,0.017876154,-0.010011902,0.006139772
1199,0.010332148,-0.037501883,0.015989365,0.008295289,-0.0056572175,-0.045797173
1200,0.12964962,0.074451484,0.106683105,0.07598777,0.022966519,-0.0015362874
1201,1.1608309,0.80826586,1.0265125,0.7597274,0.13431835,0.048538446
1202,-0.03281976,0.11161792,0.008002184,0.0018970643,-0.040821943,0.109720856
1203,-0.02829405,0.11302209,0.011773361,0.0041994383,-0.040067412,0.10882265
1204,0.8728503,0.5614619,0.74806213,0.57066697,0.124788165,-0.009205043
1205,0.88295275,0.49489617,0.7316969,0.47675148,0.15125585,0.018144697
1206,-0.014569547,0.014154746,0.013948237,0.010533712,-0.028517783,0.0036210343
1207,0.5877231,0.23217855,0.34363896,0.24417211,0.24408412,-0.011993557
1208,0.09986133,0.028213352,0.097862594,0.06524173,0.0019987375,-0.03702838
1209,1.2589711,0.7132602,1.0416073,0.7092362,0.21736383,0.004023969
1210,0.016622696,-0.038058106,0.02903537,0.014095239,-0.012412675,-0.052153345
1211,-0.019107176,0.099103086,0.010637794,0.00608293,-0.02974497,0.093020156
1212,0.07865938,0.029256273,0.058726072,0.051798724,0.019933306,-0.02254245
1213,0.051283516,-0.014926672,0.0475963,0.025194637,0.0036872178,-0.04012131
1214,0.8165178,0.5258629,0.70422465,0.51384276,0.112293124,0.012020111
1215,0.0862348,0.1406364,0.09878631,0.07123866,-0.012551509,0.06939774
1216,-0.00077978685,-0.0006232908,0.035430394,0.01610683,-0.03621018,-0.016730122
1217,0.07330938,0.055795625,0.06310657,0.04074872,0.01020281,0.015046906
1218,0.025724914,0.040162396,0.018619034,0.013074921,0.0071058795,0.027087474
1219,0.082523614,0.055563208,0.058646817,0.041634697,0.023876797,0.01392851
1220,0.05479781,-0.0014603352,0.037494216,0.02407774,0.017303593,-0.025538076
1221,1.4687911,0.997155,1.3495706,0.91208875,0.119220495,0.08506626
1222,0.019177582,0.014686308,0.017166583,0.014599397,0.0020109992,8.691102e-05
1223,0.034499485,-0.024755705,0.04588563,0.031557836,-0.011386145,-0.05631354
1224,0.5662723,0.37374285,0.4590808,0.33691505,0.10719153,0.036827803
1225,0.0007501456,-0.01962349,0.01774689,0.009628456,-0.016996745,-0.029251946
1226,1.0116018,0.5710388,0.67669684,0.48329216,0.33490497,0.08774662
1227,0.5876484,0.46067178,0.5210917,0.3913823,0.06655669,0.069289476
1228,0.75690377,0.31487662,0.57654834,0.35431263,0.18035543,-0.039436013
1229,1.5422399,0.5528912,1.0898213,0.58929574,0.45241857,-0.03640455
1230,0.05657023,0.0018341556,0.05476501,0.037555374,0.0018052198,-0.03572122
1231,0.99590296,0.61035776,0.8311978,0.5821481,0.16470516,0.028209686
1232,0.6595719,0.34185016,0.3895588,0.2833373,0.2700131,0.058512866
1233,-0.0035004774,0.11206886,0.024380114,0.013280958,-0.02788059,0.098787904
1234,-0.044808146,0.14835232,0.01178194,0.0022966948,-0.056590088,0.14605562
1235,0.8365127,0.5510119,0.7320093,0.55622774,0.10450339,-0.0052158237
1236,0.54478604,0.35261586,0.44680312,0.3269261,0.09798291,0.02568975
1237,0.042826783,0.01043372,0.04101769,0.027049059,0.0018090941,-0.016615339
1238,-0.01026059,-0.058262788,0.0053790254,-0.0016889379,-0.015639616,-0.05657385
1239,0.05490619,0.03284652,0.03490303,0.027810954,0.020003159,0.005035568
1240,0.030476332,-0.023997705,0.033202384,0.020282155,-0.002726052,-0.04427986
1241,-0.0213375,0.105363734,0.015502641,0.005449253,-0.03684014,0.099914484
1242,0.062416404,0.03975928,0.037104823,0.029178848,0.025311582,0.01058043
1243,0.019923918,0.077143624,0.028862486,0.023103572,-0.008938568,0.054040052
1244,0.036369976,0.03888638,0.017104484,0.013993678,0.019265492,0.024892703
1245,0.08696293,0.05521833,0.079907686,0.067028485,0.0070552453,-0.011810154
1246,0.7433841,0.507618,0.68172836,0.49676102,0.06165576,0.010856986
1247,0.056296397,0.091634795,0.06079062,0.043836903,-0.0044942237,0.047797892
1248,-0.005791339,0.1555548,0.033831444,0.01832895,-0.039622784,0.13722585
1249,0.27083215,0.21893205,0.26379022,0.20037842,0.007041931,0.01855363
1250,0.02773472,0.06151016,0.015924878,0.016149474,0.011809841,0.045360684
1251,0.031261843,0.12465391,0.046682984,0.027807795,-0.015421141,0.09684612
1252,0.029176924,0.00221199,0.013145744,0.00965996,0.01603118,-0.00744797
1253,0.07809605,0.03894708,0.058884386,0.0413527,0.019211661,-0.002405621
1254,-0.019492049,0.013174326,0.011827541,0.008760565,-0.03131959,0.004413761
1255,0.04256934,0.05073436,0.036585346,0.023114402,0.0059839934,0.027619958
1256,1.1224258,0.532016,0.7347281,0.5709264,0.3876977,-0.03891045
1257,0.10830084,0.079263195,0.09710949,0.07489178,0.011191353,0.004371412
1258,0.049226824,0.031718954,0.046783276,0.031261705,0.0024435483,0.00045724958
1259,0.026843742,0.00429707,0.047527973,0.031588327,-0.020684231,-0.027291257
1260,0.7579071,0.44957328,0.6595154,0.46272582,0.09839171,-0.01315254
1261,-0.014268983,0.0032630316,0.027921593,0.018379008,-0.042190574,-0.015115976
1262,0.96295565,0.40309346,0.5860276,0.38259447,0.37692803,0.020498991
1263,0.039539006,-0.021403585,0.040720493,0.026264176,-0.001181487,-0.04766776
1264,0.5916136,0.3748547,0.5078731,0.3462533,0.08374047,0.028601408
1265,0.010289187,-0.002243981,0.0050956663,0.00540064,0.0051935203,-0.0076446207
1266,0.80917364,0.47591764,0.6312549,0.46197388,0.17791873,0.013943762
1267,1.4863772,0.87414527,1.3083446,0.9086331,0.17803264,-0.034487844
1268,1.359026,0.837019,1.2802582,0.83237755,0.07876778,0.0046414733
1269,0.022157993,0.06577765,0.020044742,0.017886117,0.002113251,0.047891535
1270,0.016422976,0.006947056,0.038203135,0.022337113,-0.02178016,-0.015390057
1271,0.028341895,0.051397905,0.022559565,0.018713668,0.0057823304,0.032684237
1272,0.8123561,0.50334144,0.6928114,0.5105814,0.119544685,-0.007239938
1273,0.046972144,0.008052209,0.034442086,0.024045508,0.012530059,-0.015993299
1274,-0.030222097,0.12255769,0.015125147,0.009748532,-0.045347244,0.11280916
1275,0.049185067,0.047805384,0.015019352,0.013646279,0.034165718,0.034159105
1276,0.14896064,0.052782003,0.12526144,0.086162575,0.023699194,-0.03338057
1277,0.74207765,0.39965984,0.6104472,0.39260757,0.13163042,0.0070522726
1278,0.043120626,0.045929205,0.06683574,0.060265467,-0.023715112,-0.014336262
1279,0.71002394,0.14700767,0.27350882,0.1763785,0.43651512,-0.02937083
1280,0.57057893,0.30167273,0.4065425,0.30277503,0.16403642,-0.0011022985
1281,0.694657,0.26858696,0.49627072,0.3346773,0.19838631,-0.066090345
1282,0.07769862,0.15621136,0.07447571,0.04664266,0.003222905,0.1095687
1283,-0.0305628,0.11549383,0.011822147,0.0046782144,-0.042384945,0.110815614
1284,0.7167637,0.4768358,0.6420071,0.47245586,0.07475656,0.004379928
1285,0.8214277,0.4542851,0.6961988,0.43434116,0.12522888,0.019943923
1286,0.6915054,0.49051175,0.53087085,0.39746597,0.16063452,0.09304577
1287,1.09167,0.7486276,0.9808665,0.7106554,0.110803545,0.03797221
1288,0.017259466,0.11018645,0.03750102,0.028303621,-0.020241553,0.08188283
1289,0.08031757,0.010001862,0.068389446,0.049851708,0.011928126,-0.039849848
1290,0.7030195,0.4566856,0.6680542,0.48595783,0.034965277,-0.029272228
1291,0.01966729,0.039060995,0.010118672,0.01098495,0.009548618,0.028076045
1292,0.005567626,0.13960403,0.04474642,0.029452687,-0.039178796,0.11015134
1293,0.13513319,0.08197123,0.12372146,0.09828986,0.011411734,-0.016318634
1294,0.12521736,0.09706086,0.11740018,0.09820277,0.007817186,-0.0011419132
1295,0.029638512,0.024454845,0.012112738,0.011507587,0.017525773,0.012947259
1296,0.029880231,0.011660781,0.030631023,0.021570127,-0.0007507913,-0.009909347
1297,0.0069983825,0.034337357,0.008691022,0.004808533,-0.0016926397,0.029528823
1298,0.01453619,0.08650631,0.015396985,0.012568313,-0.0008607954,0.073938
1299,0.06259542,0.064236924,0.052083317,0.03903921,0.010512102,0.025197715
1300,0.9639596,0.6758824,0.8871861,0.6365915,0.076773465,0.039290905
1301,0.036635686,0.14177202,0.047538605,0.028882833,-0.010902919,0.112889186
1302,0.04371868,0.03341887,0.036856733,0.028593285,0.0068619475,0.0048255865
1303,0.04803738,0.0435329,0.036600057,0.02346818,0.011437323,0.02006472
1304,0.10979288,0.08020152,0.09122405,0.065223716,0.018568829,0.014977805
1305,0.85653955,0.6376173,0.79227346,0.567784,0.064266086,0.06983328
1306,0.0060077086,0.13273287,0.034529656,0.022927549,-0.028521948,0.109805316
1307,1.2948982,1.0347631,1.2125489,1.0220664,0.0823493,0.012696743
1308,0.06508845,-0.00712715,0.0606065,0.040206324,0.0044819526,-0.047333475
1309,0.030585939,-0.0020887244,0.043661848,0.02536226,-0.013075909,-0.027450984
1310,0.02246974,0.041982032,0.024824228,0.02041253,-0.0023544878,0.021569502
1311,0.047997646,-0.016176512,0.057071324,0.032725386,-0.009073678,-0.0489019
1312,0.032050032,0.070097946,0.024420569,0.013496148,0.0076294634,0.056601796
1313,0.12099622,0.1072574,0.11299914,0.0863256,0.007997081,0.020931803
1314,0.08921325,0.04070261,0.082497895,0.05397232,0.0067153573,-0.013269708
1315,0.053235658,0.041010864,0.051339462,0.030198555,0.0018961951,0.010812309
1316,0.01951677,0.12579453,0.048990108,0.0267607,-0.029473338,0.09903383
1317,0.5779967,0.40739578,0.48294887,0.35301208,0.0950478,0.054383695
1318,1.2795304,0.7883088,1.1972868,0.79352456,0.08224356,-0.005215764
1319,0.046095863,0.08087834,0.03001782,0.032946218,0.016078044,0.047932122
1320,0.011580928,0.2184806,0.042297076,0.032700133,-0.030716147,0.18578047
1321,0.52808666,0.3837232,0.4498328,0.32391945,0.078253865,0.059803754
1322,0.031431578,0.07222433,0.019329222,0.014317862,0.012102356,0.057906464
1323,0.56499535,0.25560412,0.38670117,0.27374032,0.17829418,-0.018136203
1324,0.047094654,0.0421637,0.036081128,0.031771503,0.0110135265,0.0103921965
1325,0.8537413,0.5205779,0.7112794,0.52120304,0.1424619,-0.0006251335
1326,0.21817517,0.13115916,0.1790253,0.12230965,0.039149866,0.008849509
1327,0.036734845,0.020877596,0.033079736,0.02640896,0.0036551096,-0.005531363
1328,0.8781858,0.46913722,0.6539608,0.46349895,0.22422498,0.0056382716
1329,0.036792193,0.12560864,0.03816552,0.02365674,-0.0013733283,0.1019519
1330,0.5976804,0.36072364,0.4816333,0.3533497,0.116047084,0.007373959
1331,0.047495093,0.13378952,0.061859116,0.04249237,-0.014364023,0.09129715
1332,0.09792493,0.06293554,0.073126286,0.058236085,0.024798647,0.0046994537
1333,0.5957646,0.38000932,0.46465045,0.350186,0.13111413,0.029823333
1334,0.03825977,-0.0037802851,0.042382546,0.027229827,-0.004122775,-0.031010112
1335,0.79774976,0.5599975,0.7435644,0.5568023,0.05418533,0.0031952262
1336,0.59304374,0.30438086,0.4147181,0.30835715,0.17832565,-0.0039762855
1337,0.5401777,0.24719904,0.3887136,0.26010746,0.1514641,-0.012908414
1338,0.19276616,0.21135104,0.2003524,0.16166666,-0.007586241,0.049684376
1339,0.09137006,0.09317828,0.09210535,0.066011384,-0.00073529035,0.027166896
1340,0.009902269,-0.029956624,0.013629296,0.0023458758,-0.0037270272,-0.0323025
1341,0.25806305,0.17934047,0.24169117,0.16438748,0.016371876,0.014952987
1342,0.043529384,0.004730165,0.034821056,0.025452305,0.008708328,-0.02072214
1343,0.79603744,0.6479532,0.7434347,0.5844042,0.05260271,0.06354904
1344,0.04682495,0.02644196,0.02739815,0.02021461,0.0194268,0.00622735
1345,-0.00013674895,-0.060478795,0.0076068817,0.0022660359,-0.0077436306,-0.06274483
1346,1.0585912,0.76517296,0.9823763,0.7605863,0.07621497,0.004586637
1347,0.19322467,0.13524641,0.16653652,0.12764005,0.026688144,0.0076063573
1348,0.006726555,0.043077823,0.007218531,0.0086065065,-0.0004919758,0.034471318
1349,-0.005266783,0.01229797,0.030135961,0.020623162,-0.035402745,-0.008325192
1350,0.004156722,0.15483959,0.036057,0.013057262,-0.031900275,0.14178233
1351,1.1515913,0.65922266,0.9824425,0.6375487,0.1691488,0.021673977
1352,0.03419655,0.035114277,0.027423747,0.020002678,0.0067728013,0.015111599
1353,0.037962377,0.14484173,0.073521,0.03295102,-0.035558626,0.11189071
1354,0.045612913,-0.020697277,0.044168044,0.024448775,0.0014448687,-0.04514605
1355,0.66493285,0.4763556,0.62773955,0.46877965,0.0371933,0.007575959
1356,0.0026253792,-0.04343829,0.013843799,0.0070507,-0.011218419,-0.05048899
1357,0.047472455,0.17527571,0.031498894,0.02402714,0.01597356,0.15124857
1358,0.015031144,0.011019977,0.021479065,0.017064445,-0.0064479206,-0.006044468
1359,0.15275829,0.117399506,0.13119519,0.09389083,0.021563098,0.023508675
1360,0.10122373,0.031295568,0.081860125,0.05840514,0.019363604,-0.02710957
1361,0.04673012,-0.030870542,0.038104903,0.020545237,0.008625217,-0.05141578
1362,0.06870978,0.077204086,0.06502183,0.052938014,0.0036879554,0.024266072
1363,1.1124735,0.7012814,1.010062,0.69464767,0.10241151,0.0066337585
1364,0.6796587,0.37661,0.5791974,0.35995254,0.100461304,0.016657472
1365,0.02772136,0.011854408,0.027200053,0.017245512,0.0005213078,-0.005391104
1366,0.8305192,0.48175818,0.749381,0.48565713,0.08113819,-0.0038989484
1367,0.4105811,0.22888963,0.32541284,0.21872717,0.08516827,0.010162458
1368,0.0542206,0.05146966,0.033072688,0.02738631,0.02114791,0.024083352
1369,1.4262202,0.88106114,1.1474036,0.8495737,0.27881658,0.031487465
1370,0.09760511,0.08393253,0.09223822,0.059985947,0.0053668916,0.02394658
1371,0.05315558,0.062605254,0.0469346,0.03550082,0.0062209778,0.027104434
1372,0.71542025,0.44459015,0.600504,0.45521745,0.114916265,-0.0106273
1373,0.92562467,0.47765332,0.7034533,0.5239274,0.22217137,-0.046274066
1374,0.010055549,-0.022916783,0.023258518,0.010093432,-0.013202969,-0.033010215
1375,0.019648304,0.110742085,0.018774949,0.013590467,0.0008733552,0.097151615
1376,0.047880247,0.14711352,0.0695327,0.05140962,-0.021652453,0.0957039
1377,0.014273908,0.19729291,0.04090883,0.03528835,-0.02663492,0.16200456
1378,0.8488456,0.5498778,0.74138236,0.554075,0.10746324,-0.0041971803
1379,0.67807376,0.4160466,0.63279486,0.42621955,0.045278907,-0.010172963
1380,0.08152018,0.072168775,0.07533415,0.057904944,0.006186031,0.014263831
1381,0.028427983,-0.027793298,0.03835022,0.020104263,-0.009922238,-0.047897562
1382,1.2182462,0.7626909,1.1123643,0.75987077,0.10588193,0.0028201342
1383,0.08395711,0.06605169,0.08011928,0.06340098,0.0038378313,0.0026507154
1384,0.71382815,0.442395,0.62170964,0.42828462,0.0921185,0.014110386
1385,0.015598067,-0.0051537254,0.024814334,0.016379662,-0.009216267,-0.021533387
1386,0.033190135,0.042891037,0.047207188,0.03624017,-0.014017053,0.006650865
1387,1.0632788,0.6201051,0.82702345,0.5367142,0.23625535,0.08339089
1388,0.7658734,0.1240512,0.18787189,0.13346891,0.5780015,-0.009417713
1389,0.015712138,-0.022395236,0.030468628,0.019016964,-0.01475649,-0.0414122
1390,0.05264503,0.057128668,0.058800448,0.04683981,-0.0061554164,0.010288857
1391,0.017540514,0.1155437,0.03936665,0.027540749,-0.021826137,0.08800295
1392,0.006302874,-0.01507691,0.0131136095,0.011821249,-0.0068107354,-0.026898159
1393,0.7212515,0.27581522,0.41794872,0.2610502,0.30330276,0.014765024
1394,-0.016759397,0.18961744,0.012503489,0.00860039,-0.029262885,0.18101706
1395,0.44012466,0.3536598,0.36091888,0.2777504,0.07920578,0.075909406
1396,-0.040111054,0.15849902,0.020989375,0.007888239,-0.06110043,0.15061077
1397,0.08650827,0.1866876,0.08349957,0.060783103,0.0030086935,0.1259045
1398,0.0028319512,-0.028108206,0.016359923,0.009111927,-0.013527973,-0.03722013
1399,0.64171416,0.419087,0.54654145,0.39219716,0.0951727,0.02688983
1400,0.019812293,0.04245516,0.01803193,0.013454502,0.0017803628,0.029000657
1401,0.04255451,0.059285365,0.040577576,0.032491695,0.0019769333,0.02679367
1402,-0.013058032,-0.053661678,0.018461952,0.0053505655,-0.031519983,-0.05901224
1403,1.1348978,0.7295871,0.98604584,0.75955474,0.14885199,-0.029967666
1404,0.83359605,0.5104512,0.6679124,0.40674427,0.16568363,0.103706926
1405,0.018529534,0.023001472,0.02295103,0.01991658,-0.004421495,0.0030848924
1406,0.06546865,0.062716156,0.05918794,0.04836299,0.0062807053,0.014353167
1407,0.013340039,-0.03765961,0.024003368,0.012862539,-0.010663329,-0.05052215
1408,0.20302148,0.15832779,0.18328764,0.13324685,0.019733846,0.025080934
1409,0.86837876,0.5826624,0.8274716,0.56502795,0.040907145,0.017634451
1410,0.012331072,0.06689823,0.019354207,0.014366069,-0.007023135,0.05253216
1411,0.1318045,0.08742715,0.12537153,0.08822356,0.0064329654,-0.0007964149
1412,0.9359671,0.50164455,0.6905533,0.4467248,0.24541378,0.05491975
1413,0.56173533,0.24281457,0.3620032,0.23046371,0.19973212,0.012350857
1414,0.76550305,0.47087654,0.6798843,0.46973178,0.085618734,0.0011447668
1415,0.7846732,0.4794534,0.6247038,0.45618525,0.15996939,0.023268163
1416,0.025846845,0.035278074,0.016052997,0.015533516,0.009793848,0.019744558
1417,0.9330413,0.6378274,0.7923663,0.56874627,0.14067495,0.06908113
1418,0.12564154,0.17749175,0.114379704,0.07756694,0.011261836,0.09992482
1419,0.047536362,0.015923502,0.03929797,0.028639792,0.008238394,-0.01271629
1420,0.91048324,0.516809,0.75547385,0.530525,0.15500939,-0.013716042
1421,0.7313578,0.36925045,0.518359,0.34133124,0.2129988,0.027919203
1422,0.08162686,0.05123264,0.07563146,0.054996457,0.0059954002,-0.0037638173
1423,0.029780952,-0.0053352355,0.04431857,0.029479863,-0.014537619,-0.0348151
1424,0.015507802,0.0018590138,0.041485764,0.025900457,-0.025977962,-0.024041444
1425,0.09077341,0.035567958,0.06449965,0.047888346,0.026273765,-0.012320388
1426,0.06882276,0.042418547,0.046950404,0.02986723,0.021872353,0.012551317
1427,0.77121204,0.39314902,0.48136795,0.34524372,0.2898441,0.047905296
1428,0.39593032,0.27340823,0.3464808,0.2560318,0.049449533,0.017376423
1429,-0.018673796,0.013246148,0.010791077,0.008262753,-0.029464874,0.0049833953
1430,0.16939236,0.121051244,0.15350142,0.10564177,0.015890941,0.015409477
1431,0.5062506,0.31874013,0.44282365,0.32445157,0.06342697,-0.0057114363
1432,0.69251275,0.48109633,0.592732,0.43668854,0.09978074,0.044407785
1433,0.817915,0.5378427,0.7063278,0.5214061,0.11158723,0.016436577
1434,0.5045176,0.313112,0.42147022,0.3162462,0.08304739,-0.0031342208
1435,0.8805439,0.6257812,0.7498181,0.55462545,0.1307258,0.07115573
1436,0.009791559,0.085343055,0.02789111,0.015791401,-0.018099552,0.069551654
1437,0.14667334,0.100100785,0.13252386,0.084647834,0.014149472,0.015452951
1438,0.8165397,0.48831123,0.73916113,0.52500397,0.07737857,-0.03669274
1439,0.06351464,0.0095474105,0.046276428,0.030820897,0.017238215,-0.021273486
1440,0.91343236,0.15552638,0.37975204,0.2513109,0.5336803,-0.09578453
1441,0.049484957,0.05900933,0.048793644,0.03336119,0.0006913133,0.02564814
1442,0.12982638,0.08415839,0.101456314,0.076504245,0.028370067,0.0076541454
1443,0.6473303,0.3323048,0.41706795,0.27786514,0.23026234,0.054439664
1444,0.022581983,0.0039758477,0.014681447,0.0057684286,0.007900536,-0.0017925808
1445,0.85344523,0.30535108,0.5866067,0.36901826,0.26683855,-0.06366718
1446,0.028274272,0.040495552,0.03009706,0.016565908,-0.0018227883,0.023929644
1447,0.013639187,-0.0020458105,0.015137656,0.009860193,-0.0014984682,-0.011906004
1448,0.050148197,0.034434117,0.044188906,0.025793763,0.005959291,0.0086403545
1449,0.9181974,0.5781449,0.769799,0.5522342,0.1483984,0.025910735
1450,0.07913314,0.08220538,0.074123,0.056867085,0.0050101355,0.025338292
1451,0.029370302,0.022327097,0.009704079,0.009366051,0.019666225,0.012961046
1452,0.14977859,0.09592953,0.13827936,0.09923169,0.011499226,-0.003302157
1453,-0.029881189,0.12154705,0.012227658,0.0042595337,-0.04210885,0.11728752
1454,0.9700218,0.6429697,0.91206205,0.6679561,0.057959735,-0.024986386
1455,0.033169243,0.020845223,0.018290276,0.005965868,0.014878968,0.014879355
1456,0.38142788,0.2734065,0.32544094,0.2429385,0.05598694,0.030468002
1457,0.008476501,0.24442084,0.043123245,0.028921576,-0.034646742,0.21549927
1458,0.8235336,0.4662933,0.5835606,0.4200723,0.23997301,0.046221018
1459,0.19546594,0.12993136,0.19644152,0.14010578,-0.000975579,-0.010174423
1460,0.07552852,0.070054196,0.058667537,0.048628926,0.01686098,0.02142527
1461,0.06508337,0.054173492,0.032662038,0.014136514,0.03242133,0.040036976
1462,0.5935798,0.4358021,0.49708784,0.36751148,0.09649199,0.06829062
1463,0.008798505,0.12360052,0.03206085,0.020991443,-0.023262344,0.102609076
1464,0.0147490585,0.031379912,0.015216039,0.0117917815,-0.00046698004,0.019588131
1465,1.1333975,0.72231126,1.0559052,0.790256,0.07749224,-0.067944765
1466,0.117493294,0.12188273,0.10754939,0.077257305,0.0099439025,0.044625424
1467,0.37409022,0.2842547,0.35739163,0.23773175,0.016698599,0.046522945
1468,0.18467471,0.1296794,0.16605729,0.1143883,0.018617421,0.015291095
1469,0.012433752,0.15038078,0.012169537,0.011402908,0.00026421528,0.13897787
1470,-0.027948665,0.11855239,0.015938375,0.0073737297,-0.04388704,0.11117866
1471,0.027546847,-0.012879462,0.04054533,0.026455507,-0.012998482,-0.039334968
1472,0.8637781,0.50656974,0.76596636,0.50139993,0.09781176,0.005169809
1473,0.93113154,0.57128334,0.8322986,0.58220667,0.098832965,-0.010923326
1474,0.05900731,0.042178195,0.04082568,0.031131918,0.01818163,0.011046277
1475,-0.00035647032,-0.042756293,0.011013309,0.004972083,-0.011369779,-0.047728375
1476,0.059651114,0.034985505,0.043622762,0.027243506,0.016028352,0.007741999
1477,0.0011284252,0.13093667,0.02193099,0.012320854,-0.020802565,0.11861581
1478,0.004629771,-0.058990452,0.018286709,0.0076058866,-0.0136569375,-0.06659634
1479,-0.0049855043,0.0126775075,0.008878952,0.00653789,-0.013864456,0.0061396174
1480,0.8435941,0.552967,0.74634874,0.5347808,0.097245336,0.018186212
1481,0.74446785,0.5276854,0.6434171,0.4624361,0.101050735,0.065249294
1482,0.09011893,0.032275215,0.0768494,0.050131146,0.013269529,-0.017855931
1483,0.16830218,0.2081731,0.15647471,0.1130527,0.011827469,0.09512039
1484,0.05402538,0.08091757,0.05112556,0.040650226,0.0028998218,0.04026734
1485,0.027672019,-0.0065408573,0.04197914,0.027754731,-0.014307123,-0.03429559
1486,0.9187232,0.5017004,0.76629585,0.5166606,0.15242738,-0.01496017
1487,1.3662269,0.69829446,1.2029314,0.76661354,0.1632955,-0.06831908
1488,0.01732724,-0.018302476,0.028218161,0.019296538,-0.010890922,-0.037599012
1489,0.9918212,0.47723258,0.82029045,0.5047991,0.17153078,-0.027566552
1490,0.07007723,0.044350646,0.049285155,0.035109498,0.020792078,0.009241149
1491,0.013177896,0.2015291,0.029227944,0.025334744,-0.016050048,0.17619435
1492,0.7301984,0.33937263,0.5568709,0.3654706,0.1733275,-0.026097953
1493,0.7842266,0.46462357,0.6009583,0.46836582,0.18326831,-0.0037422478
1494,0.12645876,0.12069927,0.12625203,0.0836976,0.00020673871,0.03700167
1495,0.039465114,-0.010178214,0.036955867,0.022026762,0.0025092475,-0.03220498
1496,0.041020945,0.04725744,0.04810537,0.031548887,-0.0070844255,0.01570855
1497,0.30050147,0.1801661,0.28799638,0.17450735,0.012505084,0.0056587458
1498,0.03656353,0.0037848898,0.03931813,0.02548613,-0.0027545989,-0.02170124
1499,1.01301,0.5157175,0.646641,0.40835202,0.366369,0.10736549
1500,0.6853782,0.43734398,0.59680444,0.44243538,0.088573754,-0.005091399
1501,0.02396474,0.10939701,0.014779665,0.011056181,0.009185076,0.098340824
1502,0.07259993,-0.0048773526,0.073655546,0.043158486,-0.0010556132,-0.048035838
1503,0.054433905,-0.0050140694,0.058690105,0.039281532,-0.0042562,-0.0442956
1504,0.8684262,0.5032188,0.70219934,0.47453144,0.16622686,0.028687388
1505,1.0413406,0.62942314,0.96418244,0.62793994,0.07715815,0.001483202
1506,0.7968971,0.5393089,0.72870874,0.5313188,0.06818837,0.007990122
1507,1.0673134,-0.0216473,0.17882386,0.088829495,0.8884896,-0.11047679
1508,0.18051054,0.19689827,0.1846405,0.15229467,-0.004129961,0.0446036
1509,0.04898314,0.07045568,0.049459316,0.040004775,-0.00047617406,0.030450903
1510,0.5267973,0.20697455,0.288558,0.20481874,0.23823929,0.0021558106
1511,1.1420232,0.6750261,1.025754,0.6621273,0.11626923,0.012898803
1512,-0.012334645,0.13449304,0.027300298,0.0142825795,-0.039634943,0.12021046
1513,0.027776552,0.047819212,0.033936653,0.029804561,-0.006160101,0.01801465
1514,0.035287302,0.04162883,0.013758279,0.011045301,0.021529023,0.030583529
1515,0.17381047,0.13552845,0.15360375,0.09389308,0.02020672,0.041635364
1516,0.054451916,0.03419151,0.042805567,0.032200336,0.011646349,0.001991175
1517,0.52921784,0.40815374,0.44251758,0.31693286,0.08670026,0.091220886
1518,0.40326145,0.2322737,0.31411514,0.22965202,0.089146316,0.0026216805
1519,0.089708135,0.06869255,0.0805505,0.048610877,0.009157635,0.020081673
1520,0.086753495,0.036199365,0.0762108,0.042836133,0.010542698,-0.0066367686
1521,0.08766246,0.075736746,0.070487246,0.046425465,0.017175213,0.02931128
1522,0.050345413,0.033549026,0.037552454,0.028362377,0.01279296,0.005186649
1523,0.62268263,0.39041683,0.472772,0.353694,0.14991063,0.03672284
1524,0.052936684,0.0334015,0.04140661,0.030960517,0.011530075,0.0024409834
1525,0.9483598,0.35976034,0.6669724,0.39863998,0.2813874,-0.038879633
1526,0.021537675,0.00881325,0.029129563,0.02010606,-0.0075918883,-0.011292811
1527,0.63824165,0.38419318,0.49627218,0.3535636,0.14196947,0.030629575
1528,0.015337592,0.070521004,0.023549337,0.015819794,-0.008211745,0.05470121
1529,0.21752115,0.13573262,0.18872464,0.13259828,0.028796509,0.00313434
1530,0.12156096,0.12146263,0.11497273,0.094094545,0.006588228,0.027368084
1531,0.01931646,-0.023870459,0.027755642,0.017516192,-0.008439183,-0.04138665
1532,0.11179081,0.07388545,0.08973339,0.06038998,0.022057422,0.013495468
1533,0.07299029,0.02956853,0.078418285,0.058950566,-0.005427994,-0.029382035
1534,1.3165011,0.03604267,0.48895636,0.34472996,0.8275448,-0.3086873
1535,0.044366643,0.032987516,0.041481353,0.032308437,0.0028852895,0.00067907944
1536,0.032648634,-0.020883214,0.03484018,0.015486824,-0.0021915473,-0.03637004
1537,0.030627323,0.05542749,0.013957904,0.013539288,0.016669419,0.041888203
1538,0.08870478,0.06168056,0.07540818,0.053318046,0.013296597,0.008362513
1539,0.018949991,0.020030005,0.0064106546,0.0071007735,0.012539336,0.012929231
1540,-0.019804379,-0.022443838,0.017967852,0.004272296,-0.03777223,-0.026716135
1541,0.9220681,0.5796948,0.86872727,0.5558102,0.053340852,0.023884594
1542,0.09270137,0.035473492,0.077968314,0.04947369,0.014733054,-0.0140002
1543,0.07075846,0.063453525,0.050575204,0.036320776,0.020183258,0.02713275
1544,0.10041096,0.07916578,0.094367854,0.07376767,0.0060431063,0.0053981096
1545,0.06740861,0.056357622,0.05619676,0.043188214,0.011211846,0.013169408
1546,0.1007876,0.06397301,0.08832231,0.061907116,0.012465291,0.0020658933
1547,-0.037880518,0.114758834,0.008001661,0.0014621973,-0.04588218,0.113296635
1548,1.1389942,0.34851494,0.39671105,0.30679595,0.74228317,0.04171899
1549,0.7345475,0.41856486,0.617478,0.4349525,0.11706948,-0.016387641
1550,0.9351964,0.6593334,0.8789351,0.63675535,0.0562613,0.02257806
1551,1.1713079,0.7971154,1.0750241,0.83404154,0.09628379,-0.03692615
1552,0.7984612,0.5716283,0.70718074,0.54615676,0.09128046,0.025471509
1553,0.75623256,0.4264577,0.6140551,0.41208267,0.14217746,0.014375031
1554,0.6005883,0.35325202,0.45358217,0.3457768,0.14700615,0.007475227
1555,0.013846583,0.087589316,0.012445556,0.010820352,0.0014010267,0.076768965
1556,0.034426205,0.02551374,0.034497377,0.021758635,-7.117167e-05,0.0037551057
1557,0.48547333,0.31310618,0.42551997,0.29997838,0.05995336,0.013127804
1558,0.018324202,-0.00095533545,0.009779396,0.009136578,0.008544806,-0.010091914
1559,0.04236986,0.049991764,0.032271843,0.026190426,0.010098018,0.023801338
1560,0.75260127,0.23466426,0.2886334,0.20743893,0.46396786,0.02722533
1561,0.047849495,0.05086848,0.033017296,0.02523606,0.014832199,0.02563242
1562,-0.0068592895,0.005416053,0.010754194,0.010153314,-0.017613484,-0.004737261
1563,0.044605374,-0.021013413,0.029132904,0.016614376,0.01547247,-0.037627786
1564,0.042440757,-0.01486001,0.034316693,0.024590336,0.008124065,-0.039450347
1565,0.29242024,0.17444439,0.2575301,0.17455007,0.034890145,-0.000105679035
1566,-0.01318893,-0.060062986,0.017991738,0.009333245,-0.031180669,-0.06939623
1567,0.030827591,0.061251685,0.022018977,0.0110114245,0.008808615,0.05024026
1568,0.024607893,-0.0071784696,0.037432868,0.025351517,-0.012824975,-0.032529987
1569,0.7484158,0.5351809,0.672891,0.509433,0.07552481,0.025747955
1570,1.1814356,0.48305902,0.5464727,0.36088526,0.63496286,0.12217376
1571,0.1391119,0.11407779,0.13265717,0.090949096,0.006454736,0.023128696
1572,0.75382483,0.42199925,0.6614015,0.3984158,0.09242332,0.023583442
1573,0.021374825,-0.021815281,0.031657793,0.020176055,-0.010282967,-0.041991338
1574,0.10605786,0.05078883,0.09193656,0.06223214,0.0141213015,-0.0114433095
1575,0.55106014,0.28875777,0.40433747,0.29298696,0.14672267,-0.004229188
1576,0.048689917,0.1346637,0.037468545,0.03260458,0.011221372,0.102059126
1577,0.024885274,0.016665323,0.022430517,0.020308854,0.0024547577,-0.0036435314
1578,0.028770296,0.047459878,0.022347666,0.019263905,0.0064226296,0.028195973
1579,0.04814286,-0.0007466608,0.05656975,0.03591785,-0.00842689,-0.03666451
1580,-0.020268116,0.11777421,0.021451373,0.011196456,-0.04171949,0.106577754
1581,0.5632292,0.39919809,0.47295812,0.34518632,0.090271086,0.054011762
1582,0.8526086,0.54611355,0.7305162,0.54709566,0.122092426,-0.0009821057
1583,0.3381701,0.2711557,0.30777687,0.2184876,0.030393243,0.05266808
1584,0.7137004,0.39991888,0.4696043,0.30368957,0.2440961,0.096229315
1585,0.06786365,0.15313436,0.090941474,0.060768794,-0.023077823,0.09236556
1586,0.55134237,0.2825985,0.43177778,0.2985378,0.11956459,-0.015939295
1587,0.5383649,0.31613553,0.43569753,0.31112102,0.10266736,0.005014509
1588,0.08925961,0.09898408,0.08327951,0.05962108,0.0059800968,0.039362997
1589,0.9848132,0.63311046,0.8448291,0.5716497,0.13998413,0.061460793
1590,0.08114195,0.10363935,0.08636985,0.05894935,-0.005227901,0.044689998
1591,0.7835161,0.5253203,0.71074545,0.50855184,0.072770655,0.016768456
1592,0.018304497,0.017621424,0.047306415,0.03149516,-0.029001918,-0.013873737
1593,0.21544646,0.2243992,0.1690917,0.12484639,0.046354756,0.0995528
1594,0.011071936,-0.04537365,0.017558433,0.009940537,-0.006486497,-0.055314183
1595,1.3950156,0.91725713,1.2007025,0.9129492,0.19431305,0.0043079257
1596,0.04286506,0.046780884,0.06062388,0.051023368,-0.01775882,-0.0042424835
1597,0.76937985,0.49455383,0.67837554,0.48265094,0.09100431,0.011902899
1598,-0.012625464,-0.047337536,0.0066773375,0.0002070944,-0.019302802,-0.04754463
1599,0.009014476,0.12017012,0.00801358,0.0073302663,0.0010008961,0.11283985
1600,0.77575827,0.47415888,0.61912596,0.44909856,0.1566323,0.025060326
1601,0.62168956,0.36703473,0.50969493,0.37589955,0.111994624,-0.00886482
1602,0.11743464,0.07985498,0.1049456,0.076507896,0.012489043,0.003347084
1603,0.11031089,0.06764078,0.08947918,0.06005827,0.020831712,0.0075825118
1604,0.10452091,0.032012556,0.09191959,0.05208663,0.012601316,-0.020074073
1605,0.0515985,0.06482169,0.04695702,0.037506755,0.0046414807,0.027314935
1606,0.50873345,0.26437086,0.3213665,0.230908,0.18736696,0.033462852
1607,0.03785756,0.12096526,0.05271013,0.038535975,-0.014852572,0.08242928
1608,0.6450102,0.35014468,0.49735355,0.36992046,0.14765662,-0.019775778
1609,1.0267035,0.34242368,0.43298295,0.30380803,0.59372056,0.038615644
1610,0.033818208,-0.050087623,0.027375255,0.006341422,0.006442953,-0.056429043
1611,0.017830573,0.055194996,0.01383065,0.0128524825,0.0039999234,0.042342514
1612,0.74896485,0.4683099,0.6542628,0.47212097,0.094702065,-0.0038110614
1613,0.028314551,0.041287567,0.022902146,0.0117236925,0.0054124054,0.029563874
1614,0.08611221,0.068582565,0.08268344,0.0620093,0.003428772,0.0065732636
1615,-5.8400612e-05,0.006025119,0.025284197,0.022177221,-0.025342599,-0.016152103
1616,0.03338416,-0.025899574,0.03402705,0.016689865,-0.000642892,-0.04258944
1617,0.07063685,0.027342202,0.047822848,0.03332448,0.022814006,-0.005982278
1618,0.72707134,0.47631794,0.62052065,0.44503024,0.10655069,0.0312877
1619,0.7049305,0.45007488,0.6171965,0.45872876,0.087733984,-0.008653879
1620,0.74110156,0.49406666,0.6605876,0.46623048,0.080513954,0.027836174
1621,0.9225672,0.6030958,0.85234284,0.60222256,0.070224345,0.00087326765
1622,1.084415,0.52524,0.7955416,0.5383195,0.28887337,-0.013079524
1623,0.9095884,0.4750379,0.42733875,0.2750766,0.48224965,0.1999613
1624,0.40898532,0.35531655,0.36009943,0.25768936,0.048885882,0.09762719
1625,1.1167792,0.6540842,0.9670351,0.62861913,0.1497441,0.025465071
1626,0.75737184,0.42397308,0.65318125,0.41809964,0.10419059,0.0058734417
1627,0.17316161,0.14905807,0.1659266,0.11453146,0.0072350055,0.034526616
1628,0.012579057,-0.061805207,0.01588742,0.0048079435,-0.0033083633,-0.06661315
1629,1.5159311,0.7859914,1.3052726,0.8382623,0.21065855,-0.05227095
1630,0.6784991,0.49585825,0.627236,0.45979178,0.051263094,0.036066473
1631,0.10887878,0.11808552,0.11204465,0.07478246,-0.003165871,0.043303058
1632,0.06640609,0.04677879,0.050868202,0.03613777,0.015537892,0.01064102
1633,0.06348322,0.010128019,0.07416377,0.046471238,-0.010680549,-0.036343217
1634,0.6438925,0.33316875,0.53125733,0.31762406,0.112635195,0.015544683
1635,0.066434965,0.0097585805,0.065649405,0.04945437,0.0007855594,-0.03969579
1636,0.024692606,0.085252166,0.030433664,0.021873603,-0.005741058,0.063378565
1637,0.3927574,0.17791463,0.22620411,0.16432543,0.16655327,0.013589203
1638,0.009376937,0.064559236,0.017265672,0.013449961,-0.007888735,0.051109277
1639,0.46377945,0.24932937,0.38067546,0.27330816,0.083103985,-0.023978785
1640,0.68194604,0.4544268,0.6125705,0.42866787,0.069375515,0.025758922
1641,0.1019664,0.06867449,0.09709913,0.073738754,0.0048672706,-0.005064264
1642,0.029549917,0.045340113,0.019806638,0.012714183,0.009743279,0.03262593
1643,0.06882962,0.09283194,0.06394121,0.049767192,0.004888408,0.043064747
1644,0.9771528,0.6132495,0.86671644,0.597567,0.11043638,0.015682459
1645,0.76995176,0.5266079,0.67945063,0.52210474,0.09050113,0.004503131
1646,0.033438798,-0.02455476,0.04164684,0.021123892,-0.00820804,-0.045678653
1647,0.044357594,0.019844513,0.053019155,0.034181133,-0.008661561,-0.0143366195
1648,-0.011471331,0.13777472,0.029160982,0.016516645,-0.040632315,0.12125808
1649,0.040971886,-0.020596575,0.046796225,0.023973612,-0.0058243386,-0.044570185
1650,0.8046608,0.5520983,0.7321573,0.5107016,0.07250351,0.041396677
1651,0.049396127,0.02145391,0.028322324,0.016320547,0.021073803,0.0051333625
1652,0.11580854,0.02919374,0.10182793,0.063777074,0.013980612,-0.034583334
1653,0.05622191,0.025162598,0.03416376,0.027775126,0.022058152,-0.0026125275
1654,0.88220507,0.49755082,0.75405985,0.52966803,0.12814522,-0.032117218
1655,0.020460445,-0.030560046,0.02891545,0.020987356,-0.008455005,-0.0515474
1656,0.024301035,-0.03566749,0.03187599,0.014161733,-0.007574955,-0.049829222
1657,0.10947455,0.018934354,0.06672145,0.04608127,0.0427531,-0.027146917
1658,0.05181981,-0.018523905,0.048454043,0.029939413,0.0033657663,-0.04846332
1659,0.058836106,0.013030138,0.046064764,0.024314506,0.012771342,-0.011284368
1660,0.56842583,0.24098387,0.30728048,0.22386973,0.26114535,0.017114148
1661,0.1309187,0.08794662,0.115419894,0.086664125,0.015498802,0.0012824982
1662,0.029701518,0.01344309,0.038323585,0.027760778,-0.008622067,-0.014317688
1663,0.5678208,0.43329483,0.50331205,0.36977655,0.064508736,0.063518286
1664,0.96840304,0.42638353,0.63481027,0.4983977,0.33359277,-0.07201418
1665,0.08413359,0.05527623,0.058340427,0.042243995,0.025793161,0.013032235
1666,1.14767,0.69617116,0.9524686,0.65057504,0.19520146,0.045596123
1667,1.0951153,0.6708391,0.91223955,0.65703654,0.18287575,0.013802528
1668,0.08779779,0.051556267,0.062435456,0.049675394,0.025362335,0.001880873
1669,0.12793285,0.0982403,0.09473895,0.069925226,0.033193894,0.028315075
1670,0.0063625425,0.052224297,0.018685983,0.014213759,-0.012323441,0.038010538
1671,0.5831361,0.38606077,0.48827714,0.35815823,0.094858944,0.027902544
1672,0.045470305,0.030055234,0.026452802,0.024205344,0.019017503,0.0058498904
1673,0.48659632,0.29105976,0.40711325,0.30630437,0.07948306,-0.015244603
1674,0.21729273,0.16999136,0.20073777,0.13524511,0.016554952,0.034746245
1675,-0.020792263,0.112855844,0.013868565,0.008325337,-0.034660827,0.104530506
1676,0.035237066,0.024650794,0.034486726,0.023423662,0.0007503405,0.0012271311
1677,0.09845718,0.19644073,0.08221159,0.055640593,0.016245589,0.14080013
1678,0.095356844,0.06445336,0.09287779,0.062003326,0.002479054,0.0024500377
1679,-0.04408339,0.13202794,0.009253116,0.002139651,-0.05333651,0.12988828
1680,0.6704067,0.21329543,0.3081365,0.21970165,0.3622702,-0.006406218
1681,0.007121497,-0.044826977,0.017661713,0.0095376745,-0.010540216,-0.05436465
1682,0.018468257,0.082699336,0.028228289,0.016695557,-0.0097600315,0.06600378
1683,0.067245044,0.04142995,0.070144996,0.040182363,-0.0028999522,0.0012475885
1684,1.100833,0.25364426,0.7699718,0.5160305,0.33086127,-0.26238623
1685,-0.01602736,-0.0062724706,0.012370573,0.006603344,-0.028397933,-0.012875814
1686,0.056230888,0.030777493,0.03343706,0.025849277,0.02279383,0.0049282163
1687,0.028512271,0.021223094,0.017229026,0.016677858,0.011283245,0.004545236
1688,0.7348065,0.4635335,0.5805392,0.42975006,0.15426725,0.033783436
1689,0.2828228,0.2612052,0.2465693,0.18909214,0.036253482,0.07211305
1690,-0.0051835957,0.07768867,0.012469504,0.0099094575,-0.0176531,0.06777921
1691,0.030925125,0.15675327,0.029328758,0.0228424,0.001596367,0.13391086
1692,0.7612062,0.33767286,0.50907063,0.3362685,0.25213557,0.001404345
1693,-0.037285827,0.11787411,0.005506567,-0.0005608932,-0.042792395,0.118435
1694,0.010450332,0.06603263,0.018005105,0.01863945,-0.0075547723,0.04739318
1695,-0.0065086377,0.14347765,0.034577716,0.011132663,-0.041086353,0.13234499
1696,0.56383663,0.31906456,0.3843388,0.28818896,0.17949784,0.030875593
1697,0.9608898,0.72251683,0.9323946,0.69582975,0.028495193,0.026687086
1698,0.09131018,0.08006936,0.077722795,0.041891593,0.013587385,0.03817777
1699,0.030455861,0.03303824,0.028988736,0.01827668,0.0014671255,0.01476156
1700,0.5349976,0.2654026,0.36520398,0.2762125,0.1697936,-0.010809928
1701,0.06120082,9.418366e-05,0.062045638,0.03568892,-0.0008448176,-0.03559474
1702,0.8395404,0.2935363,0.26484317,0.19992962,0.57469726,0.09360668
1703,0.037418675,-0.018008174,0.032296278,0.026064517,0.005122397,-0.04407269
1704,0.0019922224,-0.030680234,0.018440867,0.008959894,-0.016448645,-0.03964013
1705,0.05194285,0.012562776,0.05229271,0.032246727,-0.0003498569,-0.019683952
1706,0.059779655,-0.004897961,0.04828068,0.027177222,0.0114989765,-0.03207518
1707,0.13987246,0.11326986,0.1330277,0.0898009,0.006844759,0.023468956
1708,0.7775156,0.31494373,0.4748681,0.3275326,0.3026475,-0.012588859
1709,0.094097175,0.027267514,0.0826398,0.06420463,0.011457376,-0.036937118
1710,-0.03527654,0.096753076,0.0033428064,-0.0013708067,-0.038619347,0.098123886
1711,0.7802645,0.41829726,0.7071296,0.4445778,0.0731349,-0.026280552
1712,0.2506718,0.18659644,0.2333756,0.17971517,0.01729621,0.006881267
1713,0.019536257,0.14703952,0.022380698,0.008328317,-0.0028444417,0.1387112
1714,0.05909069,0.053395312,0.055948786,0.043388028,0.0031419024,0.010007285
1715,0.014658111,0.030973205,0.015141513,0.011629514,-0.00048340205,0.019343691
1716,0.0069232243,0.1401373,0.01994877,0.018857703,-0.013025545,0.1212796
1717,0.8020767,0.39998865,0.66642815,0.4210987,0.13564855,-0.021110058
1718,0.07876651,0.031281445,0.059340134,0.032417893,0.019426376,-0.0011364482
1719,0.0480518,-0.021538649,0.04595643,0.023406265,0.0020953715,-0.044944912
1720,0.7994561,0.49627462,0.66863513,0.4680978,0.13082099,0.028176814
1721,0.14491297,0.08162898,0.120770216,0.09953727,0.024142757,-0.01790829
1722,0.44728082,0.24920286,0.33861187,0.2536069,0.10866895,-0.0044040233
1723,0.022130737,0.059344497,0.021950608,0.015145974,0.00018012896,0.04419852
1724,-0.017919717,0.14208856,0.027077084,0.014743758,-0.0449968,0.1273448
1725,0.5801511,0.36067447,0.4968856,0.34622985,0.08326548,0.014444619
1726,0.06320146,0.040077433,0.075208046,0.052493248,-0.012006588,-0.012415815
1727,0.03419747,0.045598,0.026279595,0.018604416,0.007917874,0.026993584
1728,4.8646615e-07,0.01452732,0.012643828,0.013293523,-0.012643342,0.0012337966
1729,1.0912703,0.65668106,0.9033993,0.6295389,0.18787104,0.027142167
1730,1.4889569,0.52849483,0.8461124,0.59173906,0.64284456,-0.06324422
1731,-0.017554536,0.008433113,0.002616429,0.0014053546,-0.020170966,0.0070277583
1732,0.7770561,0.10994443,0.40350333,0.27685988,0.37355277,-0.16691545
1733,0.04918019,0.041344304,0.024605948,0.017120158,0.024574243,0.024224145
1734,0.53764284,0.3051907,0.43929142,0.3101822,0.09835142,-0.0049915016
1735,0.6237027,0.25624713,0.41318032,0.25434157,0.21052238,0.0019055605
1736,0.60939187,0.33644322,0.4799927,0.33197877,0.12939918,0.0044644475
1737,1.340722,0.7688714,0.93570906,0.6847647,0.4050129,0.08410674
1738,0.60128653,0.35642922,0.5147486,0.35588568,0.08653796,0.00054353476
1739,0.010069881,0.01809184,0.009780709,0.0066138227,0.00028917193,0.011478018
1740,-0.011591341,0.008662266,0.010528385,0.007884478,-0.022119727,0.0007777875
1741,0.013025925,0.004204704,0.018094925,0.012112704,-0.0050690006,-0.007908
1742,0.5906158,0.29313558,0.33313,0.24615553,0.2574858,0.046980053
1743,0.12496028,0.1033953,0.11229509,0.090481356,0.01266519,0.012913942
1744,0.06325495,0.12712827,0.070621036,0.057024565,-0.0073660836,0.070103705
1745,0.029595263,0.024370093,0.026038645,0.022672536,0.0035566185,0.001697557
1746,0.7737745,0.45110232,0.6510811,0.4362237,0.12269342,0.014878631
1747,0.58464485,0.41627544,0.5083306,0.36612773,0.07631427,0.050147712
1748,-0.029444925,0.11426031,0.011943511,0.0043530087,-0.041388437,0.1099073
1749,0.7092147,0.4287186,0.6190153,0.402068,0.09019941,0.026650608
1750,-0.010681419,0.013522676,0.025420673,0.014024425,-0.036102094,-0.0005017491
1751,0.5868705,0.2215927,0.2578662,0.18806723,0.3290043,0.033525467
1752,0.62834805,0.48573002,0.5957118,0.43220147,0.032636225,0.053528547
1753,0.80266327,0.62765956,0.46972668,0.323893,0.33293658,0.30376655
1754,0.034566224,0.039676316,0.033093616,0.021656234,0.0014726073,0.018020082
1755,0.06399527,0.071494125,0.06299417,0.050802976,0.0010011047,0.020691149
1756,0.014713575,-0.018598603,0.023567803,0.014100195,-0.008854228,-0.0326988
1757,0.5577036,0.3261594,0.45058876,0.29350594,0.10711485,0.03265345
1758,0.42291284,0.1967172,0.25986278,0.19494529,0.16305006,0.001771912
1759,0.14056319,0.06624788,0.13001919,0.095120385,0.010544002,-0.028872505
1760,0.6709413,0.27786252,0.46845615,0.30285022,0.20248514,-0.024987698
1761,0.016281312,-0.0072388435,0.02070961,0.011552291,-0.0044282973,-0.018791135
1762,0.81559455,0.47191864,0.7405126,0.5143663,0.075081944,-0.042447686
1763,-0.006027276,0.117664576,0.005254886,0.005586131,-0.011282163,0.11207844
1764,0.7888295,0.5038301,0.6981087,0.5154803,0.09072083,-0.011650205
1765,0.030422831,-0.013529243,0.034781132,0.027076345,-0.004358301,-0.04060559
1766,0.6618072,0.44424203,0.5269738,0.36933693,0.1348334,0.0749051
1767,0.6881626,0.43418655,0.5622242,0.43544376,0.12593842,-0.001257211
1768,0.93421423,0.29005355,0.42849454,0.31100902,0.50571966,-0.020955473
1769,-0.032643113,0.15132065,0.020957476,0.011246784,-0.053600587,0.14007387
1770,0.9547186,0.38494998,0.4526102,0.32139617,0.5021084,0.06355381
1771,1.0930464,0.70189565,0.71308845,0.5499752,0.37995797,0.15192044
1772,-0.025235731,0.11575816,0.01332833,0.0055145896,-0.03856406,0.11024357
1773,0.3946547,0.28260112,0.35508728,0.26136962,0.03956741,0.021231502
1774,0.024424864,-0.0062709632,0.035972282,0.022310102,-0.011547418,-0.028581066
1775,1.1214812,0.6488229,1.0026916,0.65911776,0.11878955,-0.010294855
1776,0.0683794,0.048769496,0.055133652,0.035441056,0.01324575,0.0133284405
1777,0.83637625,0.31101692,0.5006508,0.33566532,0.33572543,-0.024648398
1778,0.12759387,0.110916264,0.11248136,0.08671789,0.015112512,0.024198376
1779,0.8264659,0.51826185,0.6819989,0.46619648,0.144467,0.052065372
1780,0.02831041,0.026041128,0.024863372,0.02083341,0.003447039,0.0052077174
1781,0.016289001,0.04381982,0.021669304,0.009986697,-0.0053803027,0.033833124
1782,0.48920447,0.27635437,0.38629237,0.29219475,0.1029121,-0.015840381
1783,0.040499233,0.034117248,0.026217245,0.020102076,0.014281988,0.014015172
1784,0.9644006,0.4402138,0.78541464,0.5012561,0.17898595,-0.06104231
1785,0.029789947,0.14525487,0.023585295,0.018372495,0.0062046517,0.12688237
1786,0.9166001,0.5059651,0.7101629,0.51495993,0.20643723,-0.008994818
1787,0.09343421,0.06251144,0.06821225,0.051715292,0.025221959,0.010796145
1788,-0.0005622856,0.09300529,0.014559836,0.009956461,-0.015122122,0.08304883
1789,1.4270434,0.8375928,1.2857792,0.8617836,0.1412642,-0.024190843
1790,1.1353502,0.6540739,0.8838389,0.67076457,0.25151134,-0.016690671
1791,0.012352592,0.06774647,0.004958318,0.006293856,0.007394274,0.061452612
1792,0.97677916,0.6788637,0.857445,0.6541968,0.11933416,0.024666905
1793,0.027324677,0.066129655,0.016176613,0.009279176,0.0111480635,0.056850478
1794,6.012076e-06,0.12998612,0.0075849025,0.008804786,-0.0075788903,0.12118134
1795,0.13078438,0.06343323,0.11109731,0.0779457,0.019687064,-0.014512472
1796,0.6501649,0.37694952,0.559027,0.37650174,0.091137886,0.0004477799
1797,0.6405073,0.4133706,0.5565966,0.43278596,0.0839107,-0.019415349
1798,0.0023540955,0.12837155,0.032048367,0.024231127,-0.029694272,0.10414042
1799,0.021714523,0.029522473,0.013327525,0.012370873,0.008386998,0.0171516
1800,0.019445036,0.08170485,0.028812997,0.020393703,-0.009367961,0.061311144
1801,0.068916775,0.0045791455,0.062748164,0.04678391,0.0061686113,-0.042204764
1802,0.5437988,0.33447295,0.4937019,0.3176337,0.0500969,0.016839266
1803,0.09165407,0.061072454,0.076823704,0.057127167,0.014830366,0.0039452873
1804,0.6319621,0.3724347,0.5472014,0.3808657,0.084760725,-0.008430988
1805,0.011412311,-0.06704531,0.02485066,0.010826249,-0.013438348,-0.07787156
1806,0.6137742,0.30093685,0.43312973,0.30603424,0.18064445,-0.005097389
1807,0.76186603,0.46992645,0.59309083,0.43193236,0.1687752,0.037994087
1808,0.07411405,0.042422693,0.07137793,0.04666387,0.002736114,-0.004241176
1809,0.8409391,0.6649191,0.74483657,0.5420661,0.096102536,0.12285298
1810,0.7356903,0.15429439,0.29184878,0.223254,0.44384152,-0.06895961
1811,0.08297508,0.08561679,0.07600681,0.061154537,0.0069682747,0.024462253
1812,0.01878242,0.11180528,0.044137433,0.027693782,-0.025355013,0.0841115
1813,0.6205841,0.23505999,0.34897614,0.25268131,0.27160794,-0.017621323
1814,0.8859749,0.51388633,0.7698696,0.5200211,0.11610526,-0.0061347485
1815,1.2534509,0.846372,1.155809,0.7978796,0.097641826,0.04849243
1816,0.81216997,0.4746887,0.66756594,0.46619964,0.14460403,0.008489072
1817,0.04507547,0.038101617,0.03337575,0.024936456,0.0116997175,0.013165161
1818,0.124836475,0.11892572,0.11587093,0.08244889,0.008965544,0.03647683
1819,0.07449161,0.013762728,0.0868579,0.05771574,-0.012366287,-0.043953013
1820,0.0781756,0.05714537,0.055406418,0.04102068,0.02276918,0.016124688
1821,0.64418375,0.40523282,0.57695025,0.39884767,0.0672335,0.0063851476
1822,0.5975684,0.45993048,0.40200084,0.2885191,0.19556755,0.17141137
1823,0.01911941,-0.015288564,0.02894623,0.017678762,-0.00982682,-0.032967325
1824,0.050384786,0.024971416,0.03244456,0.023455804,0.017940227,0.001515612
1825,0.8868196,0.60561895,0.77338934,0.55546254,0.11343026,0.050156415
1826,0.09509419,0.047451995,0.07751503,0.03773738,0.01757916,0.009714615
1827,0.17102757,0.11106042,0.15929201,0.09263784,0.0117355585,0.018422581
1828,0.16059133,0.111252606,0.15291494,0.1162011,0.007676393,-0.004948497
1829,0.08661448,0.08485637,0.0896065,0.071987495,-0.002992019,0.012868874
1830,0.018316831,-0.041717745,0.018903118,0.010513488,-0.0005862862,-0.052231234
1831,0.008567888,0.11508376,0.03742039,0.026997577,-0.0288525,0.08808619
1832,0.593263,0.22488075,0.31100607,0.21859087,0.2822569,0.0062898844
1833,0.12990786,0.08378333,0.10283316,0.07567968,0.027074702,0.008103646
1834,0.04631683,-0.00125081,0.049170926,0.03922405,-0.0028540976,-0.04047486
1835,0.033851366,0.07520805,0.02332344,0.022709824,0.010527926,0.05249823
1836,0.031942323,-0.029114615,0.035072125,0.017549084,-0.0031298026,-0.0466637
1837,0.9128755,0.67026967,0.8561552,0.63808924,0.056720257,0.03218043
1838,0.8026095,0.49229187,0.7271194,0.5156239,0.07549012,-0.02333206
1839,0.06324793,-0.011382791,0.07202705,0.042750522,-0.008779123,-0.054133315
1840,0.54911965,0.36175352,0.48729187,0.35846823,0.06182778,0.0032852888
1841,0.38104773,0.23411186,0.320887,0.24252625,0.060160726,-0.008414388
1842,1.1421343,0.7841619,1.0355889,0.7787328,0.10654545,0.0054291487
1843,0.6850801,0.4240626,0.62110305,0.43008873,0.06397706,-0.006026119
1844,0.20131837,0.18699807,0.18625635,0.13129549,0.015062019,0.055702582
1845,0.8139196,0.5285805,0.762056,0.5432974,0.05186361,-0.014716923
1846,0.073936276,0.05715233,0.06626748,0.04933829,0.007668793,0.007814042
1847,0.25743213,0.15613267,0.22935304,0.15282059,0.028079093,0.003312081
1848,0.08270894,0.0758326,0.07363373,0.046291724,0.0090752095,0.029540874
1849,-0.042376075,0.123818636,0.0091805095,0.0028851277,-0.051556583,0.12093351
1850,-0.0222359,-0.02195945,0.013523523,0.005705704,-0.035759423,-0.027665153
1851,0.7746581,0.49934438,0.616348,0.49229318,0.15831006,0.0070511997
1852,0.08691964,0.048812695,0.06306384,0.047433533,0.023855805,0.0013791621
1853,0.05136191,0.052607685,0.030833364,0.024190519,0.020528547,0.028417166
1854,0.014094308,0.120228425,0.01541656,0.010416862,-0.0013222517,0.10981156
1855,0.9515418,0.54683715,0.5767685,0.43796444,0.37477326,0.10887271
1856,0.018642917,-0.028458705,0.034612462,0.017288892,-0.015969545,-0.045747597
1857,0.06493352,0.06532948,0.056038924,0.03616188,0.0088946,0.029167596
1858,0.383138,0.24496035,0.33548024,0.24352,0.047657758,0.0014403462
1859,0.59098685,0.33316785,0.47623196,0.3642033,0.114754885,-0.031035453
1860,0.074872434,0.059771042,0.051175505,0.029970326,0.02369693,0.029800717
1861,0.04516478,0.06438084,0.040438835,0.024349995,0.0047259443,0.040030845
1862,0.689842,0.20715228,0.31650805,0.19227783,0.37333393,0.014874443
1863,0.49520895,0.38311842,0.47590375,0.3262189,0.0193052,0.056899518
1864,0.10047329,0.059851285,0.08796049,0.065975316,0.012512803,-0.006124031
1865,0.011219696,0.03499859,0.014980173,0.008026169,-0.0037604766,0.02697242
1866,0.020917788,0.048091568,0.017978882,0.015580815,0.0029389057,0.032510754
1867,0.092148416,0.055944853,0.086544335,0.042272076,0.005604081,0.0136727765
1868,0.041822,0.03272159,0.034056395,0.02590665,0.007765606,0.00681494
1869,0.0016908218,-0.036825996,0.009070146,0.00362129,-0.007379324,-0.040447287
1870,0.0141211925,-0.057383284,0.02132288,0.010487223,-0.0072016874,-0.067870505
1871,0.8150107,0.45848715,0.7384382,0.43107498,0.07657254,0.027412176
1872,0.04068993,0.02174202,0.017898647,0.014538902,0.022791283,0.007203118
1873,0.8247262,0.41133267,0.6775583,0.49006167,0.14716792,-0.078729
1874,0.103114866,0.055638302,0.08260956,0.055791195,0.02050531,-0.00015289336
1875,0.03571914,-0.002254406,0.00895302,0.0084205,0.026766121,-0.010674906
1876,0.75852007,0.08666394,0.2096456,0.14112772,0.5488745,-0.05446378
1877,0.009118245,0.034083977,0.011298733,0.010775852,-0.0021804878,0.023308124
1878,0.06388246,0.014740534,0.049404863,0.024645217,0.014477599,-0.009904683
1879,0.2183176,0.17337659,0.20825115,0.16460137,0.01006645,0.008775219
1880,0.0048063505,0.04372983,0.019210942,0.005154133,-0.014404591,0.038575698
1881,0.06678072,0.005112699,0.0560604,0.041070633,0.010720324,-0.035957932
1882,0.041635077,0.008729072,0.046788465,0.029076196,-0.005153388,-0.020347124
1883,0.019664936,0.051207736,0.015723636,0.012421991,0.0039412994,0.038785744
1884,0.8301622,0.5346349,0.69757307,0.49808526,0.13258916,0.036549628
1885,0.024768116,-0.01649053,0.033840723,0.023094526,-0.009072607,-0.039585054
1886,0.08473215,0.06782445,0.06524053,0.05680158,0.01949162,0.011022873
1887,0.08188417,0.07489687,0.07408038,0.059604496,0.0078037903,0.015292376
1888,0.02741888,0.045471888,0.031056458,0.025800932,-0.0036375783,0.019670956
1889,0.040886927,0.038233694,0.018024236,0.012329323,0.022862691,0.02590437
1890,0.06371601,0.032422718,0.012284721,0.0118506625,0.051431287,0.020572055
1891,0.0070196637,0.13977896,0.0072124572,0.0073361825,-0.00019279355,0.13244277
1892,-0.0060082152,0.12872262,0.026226537,0.013377955,-0.03223475,0.115344666
1893,0.60470426,0.29843423,0.4158752,0.30428174,0.18882906,-0.0058475137
1894,0.055002946,0.00202178,0.028347354,0.018298326,0.026655592,-0.016276546
1895,0.15060589,0.096020184,0.10481708,0.07871579,0.04578881,0.017304398
1896,0.5260788,0.2964941,0.44421923,0.2963565,0.08185959,0.00013759732
1897,0.032330193,0.035489243,0.013723027,0.0070912773,0.018607166,0.028397966
1898,1.2082065,0.56008935,0.9367934,0.5697371,0.27141315,-0.009647727
1899,0.041005395,0.047702633,0.018097432,0.016277408,0.022907963,0.031425223
1900,0.5074217,0.24787562,0.3809068,0.28041172,0.12651488,-0.032536104
1901,0.8784599,0.6173638,0.78790367,0.5972901,0.090556204,0.020073712
1902,0.04810744,0.046929654,0.04526089,0.035628486,0.0028465502,0.011301167
1903,0.72316,0.43381134,0.61950034,0.40774485,0.10365969,0.026066482
1904,0.6517249,0.37148994,0.5378731,0.34587947,0.113851786,0.025610477
1905,0.52650553,0.027196318,0.13256451,0.09997664,0.39394102,-0.07278032
1906,0.021813031,0.04415319,0.018193252,0.014003204,0.003619779,0.030149987
1907,0.0906549,0.023837222,0.072152436,0.047464263,0.018502466,-0.02362704
1908,0.46913928,0.25919244,0.3774917,0.25553402,0.091647565,0.003658414
1909,0.011865384,-0.0389309,0.017353008,0.008285809,-0.0054876236,-0.04721671
1910,-0.0190352,0.08670639,0.014215716,0.007894251,-0.033250917,0.078812145
1911,0.556457,0.2988296,0.36613277,0.26001874,0.19032422,0.03881085
1912,0.023036027,0.031404216,0.016020982,0.012400004,0.0070150457,0.01900421
1913,0.017419374,0.030871088,0.0038654557,0.0060467888,0.013553917,0.024824299
1914,0.57891786,0.3868327,0.5152775,0.3600802,0.063640356,0.026752502
1915,0.015302,-0.031720962,0.021326015,0.012490644,-0.006024015,-0.044211607
1916,0.063743204,0.029219473,0.057689153,0.032658774,0.006054051,-0.0034393016
1917,0.9399122,0.51461464,0.8268038,0.50274825,0.1131084,0.011866391
1918,0.04502131,0.015055235,0.019733198,0.01323755,0.025288112,0.0018176846
1919,0.5848697,0.358866,0.48435497,0.3366256,0.10051471,0.0222404
1920,-0.021301722,0.0018349111,0.0175087,0.013369075,-0.038810425,-0.011534164
1921,0.9487956,0.30624035,0.57261163,0.34298792,0.376184,-0.036747575
1922,0.044211563,0.042336855,0.028627308,0.025967076,0.015584255,0.016369779
1923,0.9201374,0.46574804,0.63664603,0.47034213,0.28349137,-0.0045940876
1924,0.023409868,0.01811929,0.0060289823,0.006959871,0.017380886,0.01115942
1925,0.0020876562,0.00861546,0.036126245,0.027504766,-0.03403859,-0.018889306
1926,0.85277605,0.45038426,0.7175315,0.45195472,0.13524455,-0.0015704632
1927,0.1523312,0.11197484,0.13621332,0.090864666,0.016117886,0.021110177
1928,0.04525211,0.009144009,0.04824954,0.030551516,-0.0029974282,-0.021407507
1929,0.7828114,0.38080022,0.4816138,0.35627452,0.3011976,0.024525702
1930,0.32802477,0.21054277,0.30182055,0.19559069,0.026204228,0.014952078
1931,0.8562585,0.5938797,0.6845006,0.52971596,0.17175794,0.064163744
1932,-0.00022369082,0.14522295,0.04132773,0.023903048,-0.041551422,0.1213199
1933,0.7473384,0.5068553,0.6792188,0.5071023,0.068119586,-0.00024700165
1934,0.099880606,0.074608,0.08687346,0.062286444,0.013007149,0.012321554
1935,0.7542882,0.4353647,0.6899586,0.45165753,0.064329624,-0.01629284
1936,0.014009311,0.010440733,0.011330388,0.0075580007,0.0026789233,0.0028827325
1937,0.07217365,0.1037883,0.07699008,0.058919325,-0.0048164353,0.044868976
1938,0.05397822,-0.006010322,0.050998613,0.038623612,0.0029796064,-0.044633932
1939,0.08152029,0.009244533,0.06501537,0.04624612,0.016504921,-0.037001587
1940,0.7850597,0.4900816,0.7082647,0.5063551,0.07679498,-0.016273499
1941,0.022122476,0.066196896,0.024922293,0.014176551,-0.0027998164,0.052020345
1942,0.012488256,0.0877569,0.024811799,0.017736455,-0.0123235425,0.070020445
1943,0.52841985,0.33003306,0.46854308,0.3347344,0.05987677,-0.004701346
1944,0.65886027,0.47788227,0.5585273,0.42245302,0.100332975,0.05542925
1945,0.100479744,0.077000804,0.096409254,0.06815082,0.0040704906,0.008849986
1946,-0.0023549944,-0.010097441,4.754461e-05,0.0019628457,-0.0024025391,-0.0120602865
1947,0.053181626,0.05140397,0.053808812,0.045970477,-0.00062718615,0.0054334924
1948,0.0303109,0.040588304,0.03431084,0.025538182,-0.003999939,0.0150501225
1949,0.57266504,0.3877205,0.46605262,0.35856792,0.106612414,0.029152572
1950,0.10819976,0.054299112,0.09775223,0.072718814,0.010447532,-0.018419702
1951,0.012765635,-0.06311227,0.015112227,0.0031080171,-0.002346592,-0.06622028
1952,0.017431851,0.027155316,0.020995064,0.01398108,-0.0035632122,0.013174236
1953,0.08692389,0.052444547,0.06836034,0.052262425,0.018563546,0.00018212199
1954,0.78525424,0.43139902,0.64958185,0.45405215,0.13567239,-0.022653133
1955,0.57132053,0.3326419,0.4365136,0.33629742,0.13480693,-0.003655523
1956,0.83527845,0.58677095,0.8023045,0.59064245,0.032973945,-0.0038715005
1957,0.31288728,0.22062504,0.30350006,0.20882492,0.009387225,0.011800125
1958,0.7168719,0.36987916,0.5087347,0.34740663,0.20813721,0.02247253
1959,0.08469385,0.012462071,0.067461126,0.045677558,0.017232724,-0.033215486
1960,0.9632569,0.60270923,0.86862206,0.58727837,0.09463483,0.015430868
1961,-0.0068602976,0.2063783,0.010929081,0.008988665,-0.017789379,0.19738963
1962,0.07906185,0.05145244,0.056089286,0.0469939,0.022972565,0.004458539
1963,-0.01696044,0.00054846966,0.007921245,0.00568725,-0.024881685,-0.00513878
1964,0.58732045,0.33737373,0.47533885,0.34541407,0.1119816,-0.008040339
1965,0.80450135,0.5194888,0.68437874,0.49875787,0.12012261,0.020730942
1966,0.81798595,0.54946303,0.7284993,0.54240686,0.08948666,0.0070561767
1967,0.007712475,-0.020095382,0.010703019,0.0112811085,-0.0029905438,-0.03137649
1968,0.115085684,0.13404703,0.11931235,0.092724875,-0.0042266697,0.041322157
1969,0.95396113,0.6391085,0.7977771,0.6069476,0.15618402,0.03216088
1970,0.24204676,0.15377793,0.21391547,0.1414709,0.028131291,0.012307033
1971,0.119972356,0.052909486,0.10327871,0.069357246,0.016693644,-0.01644776
1972,-0.022241164,0.11764701,0.011316986,0.0039405636,-0.03355815,0.11370644
1973,0.89375967,0.23254307,0.48957622,0.30265722,0.40418345,-0.07011415
1974,0.015119883,0.08409797,0.021800453,0.014290679,-0.0066805696,0.06980729
1975,-0.00016884682,-0.01743133,0.014831936,0.0118507985,-0.015000783,-0.029282128
1976,0.4232303,0.21775189,0.25062144,0.18489592,0.17260885,0.032855973
1977,0.6315344,0.4004537,0.28344026,0.20718405,0.34809414,0.19326964
1978,0.70546037,0.4466315,0.61403173,0.43165565,0.09142864,0.014975846
1979,0.57680815,0.28551668,0.4801885,0.30181718,0.096619666,-0.0163005
1980,-0.008355286,-0.032768123,-0.000102626254,-0.0011635598,-0.00825266,-0.031604562
1981,0.0075272345,-0.029685354,0.016855039,0.009223428,-0.009327805,-0.03890878
1982,0.055275332,0.066166304,0.06346838,0.052601255,-0.00819305,0.013565049
1983,0.022226274,0.042799756,0.017890813,0.009700667,0.004335461,0.03309909
1984,0.69341177,0.45744264,0.58983004,0.44559348,0.10358173,0.011849165
1985,0.62096995,0.30900833,0.46784836,0.29765308,0.15312159,0.011355251
1986,1.0954733,0.4957192,0.86526227,0.5151928,0.23021102,-0.019473612
1987,1.3407147,0.62955743,0.94872147,0.66460645,0.39199322,-0.03504902
1988,0.46058765,0.260472,0.38369343,0.2670543,0.07689422,-0.00658229
1989,-0.031809356,0.17121187,0.018604387,0.012830629,-0.050413743,0.15838124
1990,0.7905306,0.3673993,0.6276736,0.35577908,0.162857,0.0116202235
1991,0.7247604,0.36177924,0.63979864,0.3913903,0.08496177,-0.029611051
1992,0.9944405,0.66177994,0.8680269,0.5910096,0.12641358,0.07077032
1993,0.61207044,0.38377002,0.54371977,0.38549674,0.06835067,-0.0017267168
1994,0.04221137,0.011279969,0.04969204,0.032784738,-0.0074806698,-0.02150477
1995,0.09446146,0.17025778,0.06883499,0.052911844,0.025626473,0.11734593
1996,0.8288575,0.45128903,0.5776892,0.4000033,0.2511683,0.051285714
1997,0.69906634,0.32578903,0.39797676,0.28828275,0.30108958,0.037506282
1998,0.014045771,0.024363395,0.011808631,0.006401647,0.0022371402,0.017961748
1999,-0.008513905,0.210725,0.028811175,0.015003771,-0.03732508,0.19572122
2000,0.9219888,0.43554938,0.5767151,0.3588698,0.34527367,0.07667959
2001,0.12929699,0.097015515,0.09815671,0.0759166,0.031140275,0.021098912
2002,0.028184904,0.123260535,0.027236523,0.024689384,0.0009483807,0.09857115
2003,0.036518514,0.032718703,0.022066116,0.021670861,0.014452398,0.011047842
2004,0.8352428,0.5749318,0.71481824,0.52127165,0.12042457,0.053660154
2005,0.0007488483,0.10401414,0.02911662,0.018343473,-0.02836777,0.08567067
2006,1.0055076,0.63958067,0.8652945,0.5922002,0.14021307,0.047380447
2007,0.038705323,-0.009070801,0.028456438,0.015631426,0.010248885,-0.024702227
2008,0.95734733,0.7290378,0.88959473,0.67872614,0.0677526,0.050311685
2009,0.05622235,0.03234131,0.036368236,0.030474283,0.019854113,0.0018670261
2010,0.038940657,-0.008998511,0.034684107,0.020892702,0.00425655,-0.029891213
2011,0.7403688,0.45857808,0.6665039,0.46985817,0.07386488,-0.01128009
2012,0.808452,0.46845016,0.7295718,0.48229843,0.07888019,-0.013848275
2013,0.95168084,0.4700479,0.75846964,0.5127777,0.1932112,-0.042729795
2014,0.018401388,0.049106922,0.023997715,0.016482519,-0.0055963267,0.0326244
2015,0.07682851,0.010711899,0.08183799,0.050508164,-0.00500948,-0.039796263
2016,0.04541602,0.030134829,0.029212208,0.02500413,0.016203811,0.005130699
2017,1.0375196,0.6403594,0.90657717,0.59138036,0.1309424,0.048979044
2018,0.9716916,0.6368179,0.85805964,0.591299,0.113631964,0.045518875
2019,0.058903508,-0.015493899,0.063475505,0.035697293,-0.0045719966,-0.051191192
2020,0.111731105,0.057295144,0.099329405,0.07355638,0.0124017,-0.016261235
2021,0.5498726,0.33610514,0.47996277,0.3257321,0.06990981,0.010373026
2022,0.64893013,0.43948334,0.605458,0.4430579,0.04347211,-0.0035745502
2023,0.06441612,0.0841155,0.051293794,0.036310993,0.013122324,0.047804505
2024,-0.0030150297,-0.00062560226,0.027152004,0.019174306,-0.030167034,-0.019799909
2025,0.54997706,0.3374102,0.42566726,0.3232143,0.12430981,0.014195919
2026,0.67114955,0.509849,0.6328714,0.471306,0.038278162,0.038543016
2027,-0.008745096,-0.00081187737,0.020405162,0.0112778405,-0.029150259,-0.012089718
2028,0.09827562,0.06879986,0.07711808,0.058805004,0.02115754,0.009994857
2029,0.05479892,-0.006589385,0.06881315,0.042308193,-0.014014233,-0.04889758
2030,1.0485545,0.4773511,0.7926616,0.4952936,0.25589293,-0.017942488
2031,0.084533244,0.04221872,0.063679084,0.04032813,0.02085416,0.0018905886
2032,0.8486609,0.52904356,0.7671381,0.5389498,0.08152276,-0.009906232
2033,0.08625135,0.17060861,0.10374201,0.07996529,-0.017490663,0.09064332
2034,0.04992302,0.066695325,0.04454373,0.037075292,0.005379293,0.029620033
2035,1.0832332,0.7660964,0.9073892,0.6680687,0.17584401,0.098027706
2036,0.64284635,0.3477243,0.5231794,0.37262985,0.119666934,-0.024905562
2037,0.03517652,0.020081693,0.017866781,0.010257417,0.017309738,0.009824276
2038,1.3046561,0.33813277,0.4585513,0.36087647,0.84610486,-0.022743702
2039,1.0179346,0.65806645,0.90387845,0.62175065,0.11405611,0.0363158
2040,0.56931007,0.33353296,0.44115916,0.30966115,0.12815091,0.02387181
2041,0.035452127,0.03070688,0.01422137,0.010834856,0.021230757,0.019872025
2042,1.0605464,0.46148768,0.72616416,0.51530474,0.33438224,-0.053817064
2043,0.61573327,0.32373694,0.36229464,0.28030372,0.25343862,0.04343322
2044,0.022082895,-0.027036862,0.028051838,0.013599587,-0.0059689432,-0.04063645
2045,0.0048561,0.1311349,0.038899824,0.02467715,-0.034043726,0.10645775
2046,0.9100385,0.64638853,0.8517754,0.60531896,0.058263063,0.041069567
2047,0.067026444,0.063833475,0.06821034,0.048566166,-0.0011838973,0.015267309
2048,0.22294874,0.16667782,0.20179558,0.14014092,0.021153167,0.026536897
2049,0.9187058,0.48422596,0.7255772,0.43517238,0.19312865,0.04905358
2050,0.06023916,0.08800562,0.052036643,0.04451501,0.008202516,0.043490607
2051,0.010208413,-0.014362608,0.00486574,0.002248809,0.005342673,-0.016611418
2052,0.020060826,0.041930202,0.024417333,0.019851387,-0.004356507,0.022078816
2053,0.12792864,0.037990212,0.12252632,0.08789993,0.0054023266,-0.04990972
2054,0.089108914,0.08103757,0.08866341,0.070549056,0.00044550747,0.010488518
2055,0.07368637,0.09760892,0.07010621,0.051645175,0.0035801604,0.04596374
2056,0.0648738,0.08814472,0.069314234,0.048229918,-0.0044404343,0.0399148
2057,0.026077477,-0.023871502,0.03193146,0.02304173,-0.0058539826,-0.046913233
2058,1.1161776,0.8187464,1.0646023,0.7794824,0.051575303,0.039263964
2059,0.11582838,0.16705541,0.12854482,0.08508481,-0.012716442,0.0819706
2060,0.9921973,0.5040165,0.80997676,0.5100672,0.18222052,-0.006050706
2061,0.042159006,-0.017401066,0.029173167,0.015655536,0.012985839,-0.033056602
2062,0.7534843,0.36031973,0.52783996,0.4029959,0.22564435,-0.04267618
2063,0.044283587,0.013454753,0.041482534,0.027049644,0.0028010532,-0.013594891
2064,0.03176992,0.037645888,0.032695282,0.025337605,-0.0009253621,0.012308283
2065,-9.364711e-05,0.004112103,0.02876715,0.022553973,-0.028860796,-0.01844187
2066,0.06475849,0.060296375,0.060137633,0.045950495,0.004620854,0.014345881
2067,0.54173785,0.17457995,0.22037718,0.14945608,0.32136068,0.025123864
2068,0.93713415,0.6091563,0.785807,0.5801492,0.15132713,0.029007137
2069,0.8611959,0.5806207,0.7657308,0.5592138,0.09546512,0.021406889
2070,0.1803123,0.10618252,0.15403937,0.10731121,0.026272938,-0.0011286885
2071,0.036341734,0.049610294,0.02852615,0.023066793,0.007815585,0.026543502
2072,0.01385465,0.030325962,0.0068003293,0.0062450743,0.0070543205,0.024080887
2073,0.08480184,0.07619606,0.077219866,0.052317727,0.0075819716,0.023878332
2074,0.65331024,0.36537263,0.52224886,0.37241662,0.13106138,-0.0070439875
2075,0.097159214,0.06984737,0.089630745,0.06324054,0.007528469,0.0066068247
2076,0.06613867,0.012629444,0.046320315,0.034259245,0.019818354,-0.021629801
2077,0.6454626,0.31415677,0.41311797,0.29774433,0.2323446,0.016412437
2078,0.5157202,0.20152025,0.28311712,0.1900689,0.23260307,0.011451349
2079,1.5235628,1.0313396,1.3957704,1.032088,0.12779236,-0.0007483959
2080,-0.023024453,0.0010158734,0.014115227,0.012505527,-0.03713968,-0.011489653
2081,0.118182234,0.12937687,0.11938582,0.10336295,-0.0012035891,0.026013926
2082,0.048973598,0.033635378,0.04334481,0.036557317,0.005628787,-0.002921939
2083,0.5707827,0.30308652,0.39971572,0.32207248,0.171067,-0.018985957
2084,0.053346455,0.06593169,0.057638038,0.039300144,-0.004291583,0.026631549
2085,0.033004176,0.03944468,0.026570175,0.0126823215,0.006434001,0.026762359
2086,0.9692166,0.6534368,0.77959406,0.6056201,0.18962252,0.047816694
2087,0.5819208,0.44677064,0.5304235,0.40015185,0.05149728,0.04661879
2088,0.46614853,0.3514237,0.43842673,0.33213246,0.027721792,0.019291252
2089,1.0668867,0.46151724,0.7196617,0.5165711,0.34722495,-0.05505386
2090,0.5725587,0.3329913,0.46864226,0.31046608,0.10391644,0.022525221
2091,0.07813867,0.05481872,0.052969266,0.039962765,0.025169406,0.014855955
2092,0.032203954,0.10076013,0.04608499,0.03163635,-0.013881035,0.06912378
2093,0.054636277,0.044936072,0.03868399,0.028060291,0.01595229,0.016875781
2094,0.5719394,0.40096468,0.48129165,0.36226577,0.09064776,0.03869891
2095,-0.00869303,0.016350856,0.023013981,0.02013773,-0.03170701,-0.003786873
2096,0.016239308,0.02578588,0.012883378,0.010491243,0.0033559296,0.0152946375
2097,0.82937354,0.54817194,0.77100664,0.5332218,0.058366895,0.014950156
2098,0.0030261509,0.12611416,0.010440704,0.00726834,-0.0074145533,0.11884582
2099,0.14462636,0.08924967,0.12181096,0.08832094,0.022815406,0.0009287298
2100,0.80588484,0.5195722,0.7108669,0.49696028,0.09501791,0.022611916
2101,0.5922711,0.3112142,0.45583838,0.33631974,0.1364327,-0.025105536
2102,0.046107423,0.06511392,0.034006216,0.023491941,0.012101207,0.041621976
2103,0.92973155,0.6704869,0.8801338,0.6731832,0.04959774,-0.0026962757
2104,0.04203486,0.13531432,0.04092448,0.033247057,0.0011103824,0.10206726
2105,0.058533773,0.03994123,0.038826123,0.028538186,0.01970765,0.011403043
2106,0.11469377,0.13525026,0.07871957,0.059280414,0.035974197,0.075969845
2107,0.624172,0.38412675,0.55449903,0.38204163,0.06967294,0.0020851195
2108,1.0160074,0.6340953,0.8715019,0.61356956,0.1445055,0.020525753
2109,0.50912154,0.2697341,0.38508978,0.28678557,0.12403175,-0.017051458
2110,0.06754893,0.061941627,0.06695577,0.05142556,0.0005931631,0.010516066
2111,0.6479946,0.43230522,0.5927363,0.42381543,0.055258274,0.008489788
2112,0.014152045,-0.021183178,0.012866758,0.011190669,0.0012852876,-0.032373846
2113,0.6389061,0.35822544,0.5291915,0.3533032,0.10971463,0.004922241
2114,0.89972204,0.4681505,0.6994634,0.4577303,0.20025861,0.010420203
2115,0.875718,0.566354,0.70816416,0.52636987,0.16755384,0.039984107
2116,0.11134976,0.059421536,0.09222839,0.06826805,0.019121371,-0.008846518
2117,0.06874498,0.05608475,0.050001048,0.041916642,0.018743932,0.014168106
2118,0.9583376,0.5652135,0.8483047,0.55218524,0.110032916,0.013028264
2119,0.8105355,0.5206382,0.74815583,0.52836156,0.06237966,-0.0077233315
2120,0.8074886,0.45309997,0.5713011,0.42738777,0.23618752,0.025712192
2121,0.05171325,0.048462402,0.04464128,0.03252419,0.007071972,0.015938211
2122,1.0259095,0.61647236,0.8978538,0.6137936,0.12805575,0.002678752
2123,0.012447882,0.12160861,0.012992211,0.009688992,-0.00054432824,0.11191961
2124,0.49682754,0.24494912,0.36152253,0.25609514,0.13530502,-0.011146024
2125,0.07378464,0.15438683,0.06814314,0.05174007,0.005641505,0.10264677
2126,0.7546467,0.49361897,0.666848,0.49595478,0.087798715,-0.0023358166
2127,0.6835006,0.43147618,0.54485226,0.41948596,0.13864833,0.011990219
2128,0.053135183,0.029477222,0.03268648,0.022318592,0.020448703,0.0071586296
2129,0.011693701,0.0011573855,0.018720515,0.013566118,-0.007026814,-0.012408732
2130,0.7605638,0.5384822,0.6517257,0.48401502,0.10883808,0.05446717
2131,0.876841,0.4882396,0.70335114,0.49651885,0.17348987,-0.008279264
2132,0.06513285,0.032657243,0.052107792,0.040465765,0.013025057,-0.0078085214
2133,0.03014158,-0.026510317,0.03682661,0.02235601,-0.0066850297,-0.048866324
2134,1.2543143,0.93528533,1.1908593,0.9133966,0.063454986,0.021888733
2135,1.2786347,0.7944986,1.0686475,0.73334277,0.20998716,0.061155856
2136,0.2711506,0.18304773,0.23768005,0.18227229,0.03347054,0.0007754415
2137,0.031394035,0.045598857,0.031461522,0.02526915,-6.748736e-05,0.020329706
2138,0.11188139,0.07626063,0.09680615,0.07350537,0.015075237,0.0027552545
2139,0.049786612,0.07152968,0.04040057,0.03452643,0.009386044,0.03700325
2140,0.060093254,0.04334794,0.041962456,0.032834366,0.018130798,0.010513574
2141,0.066934705,0.0997295,0.0689737,0.044701062,-0.002038993,0.05502844
2142,-0.021633737,0.1961719,0.009166912,0.011856217,-0.030800648,0.18431568
2143,0.070335604,0.019138476,0.045998864,0.035772968,0.02433674,-0.016634492
2144,0.23931968,0.15682176,0.23225357,0.13366044,0.0070661157,0.023161322
2145,0.7819404,0.6022958,0.70580846,0.53462857,0.07613194,0.067667246
2146,0.044925347,0.11076554,0.05789653,0.033659354,-0.012971181,0.077106185
2147,-0.015732437,-0.042643327,0.009290519,0.004431891,-0.025022957,-0.04707522
2148,0.01055505,-0.029568596,0.023073101,0.009832134,-0.012518051,-0.03940073
2149,1.0696365,0.27266416,0.60482085,0.38396072,0.46481562,-0.111296564
2150,0.17167148,0.04767491,0.17766035,0.09947163,-0.005988866,-0.05179672
2151,1.0176389,0.5462278,0.8492668,0.5323452,0.1683721,0.013882637
2152,0.013818563,0.07610049,0.013508508,0.009301204,0.00031005498,0.06679928
2153,0.012561776,0.12202187,0.010821724,0.0067388993,0.0017400514,0.11528297
2154,0.08239219,0.06588612,0.076090485,0.059058875,0.0063017085,0.0068272427
2155,-0.0053508915,0.0027978607,0.025252702,0.019508513,-0.030603593,-0.016710652
2156,0.79121536,0.48933613,0.6346962,0.43899512,0.15651917,0.05034101
2157,0.039887186,0.0029441034,0.028854163,0.018678077,0.011033023,-0.015733972
2158,0.0122819375,-0.067779034,0.01565069,0.0035004048,-0.003368752,-0.07127944
2159,0.049037132,-0.0029056978,0.045185905,0.034928452,0.0038512275,-0.03783415
2160,0.0031097394,0.14554626,0.024351466,0.009682803,-0.021241726,0.13586345
2161,0.051166084,0.044897225,0.044643044,0.03216237,0.006523039,0.012734856
2162,0.04447789,0.072458796,0.04166262,0.027343571,0.0028152727,0.045115225
2163,0.59049016,0.4467188,0.524822,0.39881313,0.065668166,0.047905684
2164,0.023700792,0.03499305,0.006688909,0.009309642,0.017011883,0.025683407
2165,0.010937068,-0.0013850936,0.02893168,0.022221163,-0.017994612,-0.023606256
2166,0.023345787,-0.008515637,0.0076961736,0.0076201404,0.015649613,-0.016135778
2167,0.015550226,0.020986537,0.013265767,0.012005961,0.0022844588,0.008980576
2168,-0.023438403,0.12830679,0.02144302,0.011150093,-0.044881426,0.1171567
2169,1.1651425,0.8157675,1.0353386,0.794826,0.1298039,0.020941556
2170,0.079433925,0.056946684,0.06927131,0.04791873,0.010162614,0.009027954
2171,1.1186644,0.749247,1.0258412,0.7590261,0.09282315,-0.009779096
2172,0.020477021,0.008008414,0.024224682,0.014448895,-0.0037476607,-0.006440481
2173,0.027046334,-0.027575286,0.037881654,0.019775389,-0.01083532,-0.047350675
2174,0.9312528,0.43403298,0.637174,0.4060854,0.29407877,0.027947575
2175,0.7064149,0.42330626,0.6385575,0.4360185,0.067857385,-0.01271224
2176,1.0215957,0.7369152,0.9208364,0.73348075,0.10075933,0.0034344196
2177,-0.02631156,0.11160824,0.011243728,0.0032811856,-0.03755529,0.10832705
2178,1.3460764,0.4565046,0.7050072,0.48362586,0.6410692,-0.027121246
2179,1.2002773,0.7403117,1.0195101,0.67956233,0.18076718,0.060749352
2180,0.017653963,-0.039335698,0.02690969,0.014826014,-0.009255728,-0.054161713
2181,0.08596751,0.03489339,0.07739673,0.04713453,0.008570783,-0.01224114
2182,0.04814513,0.040196903,0.030659985,0.027644552,0.017485145,0.012552351
2183,0.86097836,0.58671665,0.81868637,0.5714511,0.042292,0.015265524
2184,0.6984009,0.44902816,0.59621435,0.43571335,0.10218656,0.013314813
2185,0.009150862,0.09892286,0.026669545,0.019782312,-0.017518684,0.07914055
2186,0.029771805,0.12608416,0.027089253,0.017566226,0.0026825517,0.10851794
2187,0.67358035,0.39789394,0.54727167,0.36455962,0.12630868,0.033334315
2188,0.8129446,0.568886,0.69559455,0.4733719,0.11735004,0.09551409
2189,-0.022706952,0.11987499,0.018996645,0.0091667,-0.041703597,0.11070829
2190,-0.020496476,0.16722731,0.028703906,0.012359308,-0.049200382,0.154868
2191,0.00043663848,-0.06376156,0.027508957,0.012950623,-0.027072318,-0.07671218
2192,0.03230783,-0.026879217,0.04170084,0.024817728,-0.00939301,-0.051696945
2193,0.051566426,0.13687916,0.0732697,0.048004385,-0.021703277,0.08887477
2194,0.74845797,0.34990707,0.5516535,0.35572302,0.19680446,-0.005815953
2195,0.7068924,0.23428573,0.4267566,0.28789744,0.28013578,-0.05361171
2196,0.039079927,-0.0054542855,0.039182458,0.022604086,-0.000102531165,-0.02805837
2197,0.16044447,0.117798395,0.13040036,0.09935206,0.030044109,0.018446334
2198,0.7562924,0.47772652,0.6568884,0.47563708,0.09940398,0.0020894408
2199,0.78756404,0.5143653,0.65255815,0.46863627,0.13500589,0.04572904
2200,0.710021,0.5228795,0.61465037,0.45774293,0.09537065,0.06513655
2201,0.08496881,0.027029213,0.06269177,0.044720072,0.022277042,-0.01769086
2202,0.21186851,0.16414315,0.2029051,0.14714049,0.008963406,0.017002657
2203,0.35738564,0.21638146,0.2746216,0.20396976,0.08276403,0.012411699
2204,0.052628294,0.05946539,0.047868937,0.036677152,0.0047593564,0.022788238
2205,0.037808172,0.019675858,0.016879007,0.01388196,0.020929165,0.0057938984
2206,0.0009530668,-0.057130493,0.0091278665,0.0006018729,-0.008174799,-0.057732366
2207,0.065865204,0.012956515,0.0458965,0.034745727,0.019968703,-0.021789212
2208,0.55775994,0.31922898,0.45667934,0.32644844,0.1010806,-0.0072194636
2209,1.3772186,0.8373452,1.2366551,0.8578565,0.14056349,-0.02051133
2210,0.08025243,0.082174145,0.07883563,0.05733882,0.0014168024,0.024835326
2211,0.028467981,0.11510035,0.05159256,0.02614308,-0.023124577,0.088957265
2212,1.1837368,0.5868348,0.76598877,0.54731727,0.41774803,0.03951752
2213,1.1020913,0.6956382,1.0172169,0.7132661,0.08487439,-0.017627895
2214,0.7441914,0.42989638,0.45734516,0.34355623,0.28684625,0.08634016
2215,0.7893516,0.5131454,0.66978925,0.48213553,0.11956233,0.031009853
2216,1.1799667,0.48370895,0.63295007,0.44986984,0.5470166,0.033839107
2217,0.049746137,-0.0038548782,0.04984156,0.031021962,-9.542331e-05,-0.03487684
2218,0.044590916,-0.018970236,0.045883484,0.029854465,-0.0012925677,-0.0488247
2219,0.021927325,-0.0077079083,0.038237967,0.025409427,-0.016310642,-0.033117335
2220,0.07277601,0.059254292,0.046657432,0.034401786,0.02611858,0.024852507
2221,0.10204663,0.039413463,0.08384076,0.05268032,0.018205874,-0.013266858
2222,0.022630753,0.08077375,0.022233654,0.012296078,0.00039709918,0.06847767
2223,0.05454596,0.03383756,0.04989154,0.02396261,0.0046544224,0.009874951
2224,0.11746905,0.05959059,0.09942463,0.08059999,0.01804442,-0.021009404
2225,0.6754894,0.43997324,0.62922335,0.39728597,0.04626608,0.042687267
2226,0.053129166,-0.0067961104,0.03810969,0.017427286,0.015019476,-0.024223397
2227,0.10100554,0.0567419,0.10186419,0.07970681,-0.0008586496,-0.02296491
2228,0.08783489,0.0604927,0.061551332,0.047095917,0.026283555,0.013396785
2229,0.03439687,-0.015233422,0.04377082,0.028078236,-0.009373952,-0.043311656
2230,0.63021755,0.34647644,0.518778,0.34637168,0.111439526,0.00010475516
2231,0.011898728,0.2171377,0.037832078,0.030034918,-0.02593335,0.18710278
2232,0.02824604,0.21454439,0.06702015,0.04095043,-0.03877411,0.17359395
2233,0.07262807,0.017173698,0.07270715,0.048181504,-7.907301e-05,-0.031007806
2234,-0.009334101,0.18292978,0.020033216,0.017536523,-0.029367317,0.16539326
2235,0.12291794,0.07395655,0.11905596,0.083855994,0.003861986,-0.009899445
2236,0.9285994,0.1522767,0.30767053,0.23416099,0.6209289,-0.081884295
2237,0.6367449,0.39365035,0.5154001,0.34747314,0.121344805,0.04617721
2238,0.044078317,0.012200839,0.045411993,0.03092614,-0.0013336763,-0.018725302
2239,0.7806816,0.26751515,0.50428325,0.34230092,0.27639836,-0.07478577
2240,0.036867168,0.038121797,0.029902274,0.022284823,0.006964894,0.015836975
2241,0.03586899,0.024155015,0.028739365,0.020374186,0.0071296263,0.0037808288
2242,0.06474377,0.036989827,0.04618155,0.033024684,0.018562224,0.003965143
2243,0.04985195,-0.0024819823,0.032385983,0.021762276,0.017465968,-0.024244258
2244,1.0970953,0.07046368,0.30779082,0.22294827,0.78930444,-0.1524846
2245,0.28353673,0.23236303,0.24800117,0.1877903,0.03553556,0.044572726
2246,0.015204871,0.23608139,0.041701153,0.030752992,-0.026496282,0.2053284
2247,0.16487022,0.09795531,0.1479957,0.11028484,0.016874522,-0.012329534
2248,0.828502,0.49071357,0.6833041,0.48348007,0.14519793,0.0072335005
2249,0.035068132,0.059764173,0.031859558,0.026510281,0.003208574,0.033253893
2250,0.674896,0.44483042,0.6187631,0.44518033,0.056132913,-0.00034990907
2251,0.11472749,0.043709904,0.0973588,0.07064432,0.01736869,-0.026934415
2252,0.08941638,0.053750206,0.0777436,0.054391246,0.01167278,-0.0006410405
2253,0.06344027,0.041691538,0.03571914,0.025203153,0.02772113,0.016488384
2254,0.053343058,-0.015881496,0.059330415,0.032266356,-0.0059873573,-0.04814785
2255,0.020740332,0.03970914,0.0048440346,0.0059908708,0.015896298,0.03371827
2256,0.1440724,0.10175221,0.13775848,0.092497475,0.00631392,0.009254731
2257,-0.025939334,-0.023443347,0.00739633,0.0035932753,-0.033335663,-0.027036622
2258,0.018975845,0.040472846,0.010657216,0.011735278,0.008318628,0.028737567
2259,0.03912363,0.13302019,0.032142386,0.026392689,0.0069812424,0.1066275
2260,0.011906178,0.24587096,0.047663752,0.038743246,-0.035757575,0.20712772
2261,0.063227154,-0.0031694598,0.05334765,0.037895575,0.009879503,-0.041065034
2262,0.122713946,0.028155185,0.101172514,0.07008193,0.021541432,-0.04192674
2263,0.04479347,0.05485856,0.03156959,0.019049086,0.013223883,0.035809476
2264,0.5712276,0.25867718,0.3366875,0.22449718,0.2345401,0.03418
2265,0.060636196,0.0179536,0.035995208,0.026735188,0.024640989,-0.008781588
2266,0.071566865,0.0619077,0.061422553,0.05068391,0.010144312,0.011223793
2267,1.132334,0.706037,0.88850015,0.6732711,0.24383384,0.032765865
2268,-0.0061550196,-0.010081613,0.037615847,0.017992055,-0.043770865,-0.028073668
2269,-0.0036925038,0.0045833196,0.0030833003,0.004873258,-0.006775804,-0.0002899384
2270,0.6708765,0.4801968,0.60340816,0.46744746,0.067468345,0.012749344
2271,0.7246606,0.4032213,0.5588707,0.40585724,0.1657899,-0.002635926
2272,0.03004892,0.013792229,0.033173725,0.022174573,-0.0031248052,-0.008382344
2273,0.6820556,0.25638977,0.4387542,0.2885362,0.24330139,-0.032146424
2274,0.029726477,0.107407965,0.047060374,0.037386328,-0.017333897,0.07002164
2275,0.051831327,0.13123563,0.06634743,0.046134368,-0.0145161,0.08510126
2276,0.057813443,-0.009706927,0.05451621,0.037503034,0.003297232,-0.047209963
2277,0.036178693,0.12203164,0.06048804,0.047017477,-0.024309348,0.07501416
2278,0.6617107,0.39961016,0.55507517,0.37125388,0.10663551,0.028356284
2279,0.054780502,0.1297004,0.06848629,0.038106494,-0.013705786,0.091593914
2280,0.92094636,0.5649602,0.71211725,0.5037204,0.2088291,0.06123978
2281,0.08114537,0.09734297,0.07873144,0.0639076,0.0024139285,0.033435367
2282,1.2707442,0.88693166,1.1439067,0.8614218,0.12683749,0.025509834
2283,0.70730585,0.49718845,0.63207227,0.44534218,0.07523358,0.051846266
2284,0.7215887,0.4057116,0.55097055,0.39446113,0.17061812,0.011250466
2285,0.08241531,0.057530534,0.08630041,0.05563148,-0.0038850978,0.0018990524
2286,0.02049019,0.031108886,0.027919102,0.017210037,-0.0074289124,0.0138988495
2287,0.028675288,0.055910133,0.021506235,0.016812224,0.007169053,0.03909791
2288,0.8826618,0.6420206,0.7987444,0.6255126,0.08391744,0.016507983
2289,-0.029651314,0.12855951,0.017519347,0.0077206837,-0.04717066,0.12083883
2290,0.04971578,0.026061624,0.054396898,0.038490087,-0.004681118,-0.0124284625
2291,0.18609618,0.13905883,0.17109674,0.119653426,0.014999434,0.019405402
2292,0.073723294,0.05746615,0.073366,0.049780466,0.0003572926,0.0076856837
2293,0.60583466,0.42188427,0.5031656,0.35647517,0.10266906,0.065409094
2294,0.15794554,0.13186859,0.15736926,0.12103905,0.0005762875,0.010829538
2295,0.39978892,0.31906566,0.35098052,0.2494099,0.048808396,0.06965576
2296,0.1917716,0.16377029,0.16697113,0.1253112,0.024800465,0.038459092
2297,0.021074286,0.15864217,0.056702346,0.0358102,-0.035628058,0.12283197
2298,1.0090182,0.6754691,0.7771501,0.55383563,0.23186809,0.12163347
2299,0.081910744,0.014520289,0.08946456,0.051969305,-0.007553816,-0.037449017
2300,0.0927177,0.16633841,0.08566018,0.05435887,0.0070575178,0.111979544
2301,0.044243574,0.034907322,0.031555846,0.015875943,0.012687728,0.01903138
2302,0.84894276,0.60205454,0.7845878,0.5820155,0.064354956,0.020039022
2303,0.72550684,0.3489657,0.5368248,0.36097658,0.18868202,-0.012010872
2304,-0.0024852443,0.0319894,-0.0042571328,-0.0015756855,0.0017718885,0.033565085
2305,0.26208842,0.16299409,0.19678566,0.14367524,0.06530276,0.019318849
2306,0.6768114,0.30036238,0.4862591,0.3697582,0.1905523,-0.06939581
2307,0.15720257,0.13170059,0.13849595,0.11353019,0.01870662,0.018170401
2308,-0.013670144,0.11368756,0.021960864,0.013637649,-0.03563101,0.10004991
2309,0.78764427,0.3425029,0.45447594,0.3407897,0.33316833,0.0017131865
2310,0.057308406,0.0008539666,0.04556272,0.027750732,0.011745684,-0.026896765
2311,0.017590547,-0.015865251,0.014099463,0.010707445,0.003491084,-0.026572697
2312,0.6680058,0.44481614,0.5511252,0.4037164,0.116880596,0.041099757
2313,0.008805048,0.14731355,0.016964566,0.014116737,-0.008159518,0.13319682
2314,1.2838811,0.73640585,1.0043318,0.69739336,0.27954924,0.03901249
2315,0.30792686,0.24175364,0.2914436,0.22999136,0.016483277,0.011762276
2316,0.4621933,0.24694599,0.32194257,0.22982685,0.14025074,0.01711914
2317,0.05052369,0.04754083,0.04433886,0.036309637,0.0061848313,0.011231191
2318,1.2041683,0.48499128,0.58840054,0.4008499,0.6157678,0.08414137
2319,0.89287674,0.5990795,0.6951283,0.54830366,0.19774842,0.050775826
2320,0.06818662,0.030029055,0.04170053,0.030409874,0.026486088,-0.00038081966
2321,0.03446749,0.034716357,0.021929897,0.021536024,0.012537591,0.013180332
2322,0.66323626,0.2905035,0.5035683,0.34317616,0.15966797,-0.052672654
2323,0.028653087,0.13242242,0.027741678,0.021483922,0.00091140904,0.1109385
2324,0.07447537,0.043805383,0.062420808,0.038821805,0.012054563,0.004983578
2325,0.023603199,-0.033839926,0.0365384,0.02300355,-0.012935201,-0.056843475
2326,0.7146011,0.48706052,0.63217115,0.47011822,0.082429945,0.016942292
2327,0.71863306,0.48986238,0.61321074,0.4568406,0.10542232,0.033021778
2328,0.6218855,0.35731736,0.49014324,0.3621515,0.13174224,-0.0048341453
2329,0.14007778,0.095861256,0.1134567,0.088558346,0.026621081,0.00730291
2330,0.033192817,0.043448236,0.037603315,0.030744068,-0.004410498,0.0127041675
2331,-0.0043207915,0.21901295,0.04679482,0.025908707,-0.051115613,0.19310424
2332,0.037372828,0.02773064,0.033467773,0.021432508,0.0039050542,0.0062981322
2333,0.11774374,0.20181412,0.11095777,0.08667133,0.0067859665,0.115142785
2334,0.047822017,-0.0011525522,0.054558463,0.03903621,-0.006736446,-0.040188763
2335,0.061515145,0.022069883,0.040114783,0.029863888,0.021400362,-0.007794006
2336,0.69101435,0.39124337,0.59548986,0.4144925,0.09552449,-0.02324912
2337,0.69597393,0.45189077,0.5356573,0.37800607,0.16031665,0.073884696
2338,0.058558833,-0.00082723505,0.06469571,0.038422722,-0.0061368756,-0.039249957
2339,0.8368725,0.36504483,0.49565518,0.32935002,0.34121734,0.035694808
2340,-0.015951192,0.016643964,0.012952895,0.009172225,-0.028904088,0.0074717384
2341,1.141781,0.7802643,1.0047327,0.7813874,0.13704824,-0.0011230707
2342,0.6276114,0.3687636,0.5506461,0.40237167,0.07696527,-0.03360808
2343,0.52492726,0.33032286,0.4500269,0.33724198,0.07490036,-0.006919116
2344,0.3865044,0.26233,0.3442405,0.22656518,0.042263925,0.035764813
2345,0.017887592,0.029429894,0.012334316,0.013216243,0.0055532763,0.016213652
2346,0.1198404,0.070306346,0.08996077,0.06513661,0.02987963,0.0051697344
2347,0.6962994,0.43121094,0.5757053,0.4108858,0.120594084,0.020325124
2348,0.043416984,0.0498202,0.038011886,0.030987857,0.005405098,0.018832343
2349,0.022260625,-0.04195153,0.003922822,0.0031692064,0.018337803,-0.045120735
2350,0.018253112,0.21213764,0.042436093,0.031094704,-0.02418298,0.18104294
2351,0.009419822,-0.0037118427,0.02432876,0.017066382,-0.014908939,-0.020778224
2352,0.020200543,-0.007164168,0.015659356,0.010370492,0.0045411866,-0.01753466
2353,0.04602781,-0.021674078,0.03776921,0.020120282,0.0082586,-0.04179436
2354,0.8141134,0.57578284,0.7589846,0.5492764,0.055128753,0.026506424
2355,0.09001363,0.0032391334,0.06829457,0.035817835,0.02171906,-0.032578703
2356,0.8239831,0.4360658,0.60226226,0.42432004,0.22172081,0.011745751
2357,0.24594386,0.16249888,0.217941,0.15082301,0.028002858,0.011675864
2358,0.07538944,0.16335453,0.073812306,0.05317037,0.0015771315,0.11018416
2359,0.033234537,0.023424117,0.012306362,0.009534522,0.020928174,0.013889595
2360,-0.00019000394,-0.04232368,0.0025912116,-9.741899e-05,-0.0027812156,-0.04222626
2361,0.01957706,0.027304735,0.00884237,0.005813169,0.01073469,0.021491567
2362,0.05601917,0.02828785,0.043781415,0.026229046,0.012237754,0.002058804
2363,0.021144707,0.024050271,0.00565839,0.005841257,0.015486317,0.018209014
2364,0.50445276,0.1287163,0.308021,0.2047053,0.19643176,-0.07598899
2365,0.016755795,0.018967094,0.014250376,0.0108110085,0.0025054188,0.008156085
2366,1.1804273,0.5934028,0.9121105,0.5625293,0.2683168,0.030873477
2367,0.9213283,0.62848073,0.8225949,0.58466715,0.098733425,0.043813586
2368,0.5572086,0.36743075,0.4418086,0.32286564,0.11539999,0.04456511
2369,0.027771998,0.0118549345,0.021522004,0.02315776,0.006249994,-0.011302826
2370,0.71865195,0.4626838,0.6401322,0.4553915,0.07851976,0.0072923005
2371,0.86951107,0.58641386,0.78550094,0.5389583,0.084010124,0.04745555
2372,0.89653087,0.46562102,0.5770142,0.43233317,0.31951666,0.033287853
2373,0.021633279,-0.023237422,0.024878006,0.019213881,-0.0032447278,-0.042451303
2374,0.2737247,0.18949912,0.24576305,0.17035449,0.027961656,0.01914464
2375,0.002080678,-0.037899777,0.008396468,0.0062383604,-0.00631579,-0.044138137
2376,0.553621,0.29859874,0.4599447,0.29709977,0.0936763,0.0014989674
2377,0.06992094,0.044031456,0.051695105,0.038979262,0.018225837,0.005052194
2378,0.0514426,0.043650374,0.034979936,0.026806714,0.016462665,0.01684366
2379,0.0091841025,0.057700504,0.01889947,0.0056151017,-0.009715368,0.052085403
2380,-0.028868692,0.118658856,0.014942318,0.009813429,-0.04381101,0.10884543
2381,0.39701927,0.2802824,0.35426685,0.26779288,0.042752415,0.012489527
2382,0.17173176,0.11699452,0.14915061,0.10098608,0.022581145,0.016008444
2383,0.03179621,0.03350438,0.016707879,0.018441891,0.015088331,0.0150624905
2384,1.0960987,0.70341784,0.9779655,0.7306145,0.11813319,-0.027196646
2385,-0.03251389,0.11860224,0.014158159,0.005680493,-0.04667205,0.112921745
2386,0.71971357,0.48993844,0.66106576,0.48051354,0.05864781,0.009424895
2387,0.05399233,0.0033324522,0.05103058,0.029468602,0.002961751,-0.026136149
2388,0.06559136,0.06042863,0.05770412,0.048883058,0.007887237,0.011545572
2389,1.0203485,0.5663228,0.872378,0.5567756,0.14797056,0.009547174
2390,1.2017684,0.9191678,1.1138934,0.86572266,0.08787501,0.05344516
2391,0.06453226,0.0594056,0.03542599,0.021853747,0.029106267,0.03755185
2392,0.9569093,0.49162388,0.83400625,0.5417315,0.12290305,-0.0501076
2393,0.04974934,0.041603647,0.03014813,0.018241057,0.019601211,0.02336259
2394,0.04213554,0.049846206,0.019753736,0.017479083,0.022381805,0.032367125
2395,0.036156394,0.037429616,0.03558111,0.027328843,0.0005752854,0.010100773
2396,0.9594829,0.49604747,0.7249239,0.47308886,0.234559,0.022958606
2397,0.046622813,0.06891755,0.05645648,0.04313478,-0.009833667,0.025782771
2398,0.05218906,0.043094907,0.030122917,0.022875763,0.022066142,0.020219143
2399,-0.040198397,0.11904826,0.007589919,0.0005573866,-0.047788315,0.118490875
2400,0.019685404,0.15594938,0.037060346,0.02127087,-0.017374942,0.13467851
2401,0.047522925,-0.00055319426,0.05557643,0.024932723,-0.008053504,-0.025485918
2402,0.6455542,0.3635952,0.49085057,0.3584844,0.15470362,0.0051108003
2403,0.6323031,0.26387912,0.362311,0.25585544,0.2699921,0.008023679
2404,0.8798948,0.52367425,0.7392608,0.52042943,0.140634,0.0032448173
2405,0.65910494,0.46769163,0.5510761,0.42764652,0.10802883,0.040045112
2406,0.7867675,0.5283714,0.7022383,0.5373261,0.08452916,-0.008954704
2407,0.09480168,0.09659376,0.06792744,0.051024903,0.026874237,0.045568857
2408,0.03858537,0.04705266,0.019568717,0.017431162,0.019016651,0.029621497
2409,0.051371843,0.04338648,0.038220864,0.032704785,0.013150979,0.010681696
2410,0.07385383,0.043693528,0.049134906,0.04030706,0.024718922,0.0033864677
2411,-0.02287412,0.102993645,0.009295904,0.0019981693,-0.032170024,0.10099547
2412,0.0416817,0.01802436,0.019715583,0.0149927065,0.021966117,0.0030316543
2413,0.02943506,0.0054223714,0.045342106,0.024613647,-0.015907045,-0.019191276
2414,0.053175885,0.08338553,0.06018012,0.04028472,-0.007004235,0.043100808
2415,0.017344646,0.027480008,0.010372694,0.008882586,0.0069719525,0.018597422
2416,0.022895893,0.020854149,0.03745512,0.027662564,-0.014559226,-0.006808415
2417,0.08471952,0.17107278,0.08125827,0.05543529,0.0034612492,0.115637496
2418,0.09067086,0.0059282477,0.08853772,0.044866074,0.0021331385,-0.038937826
2419,0.6964509,0.2789071,0.5287845,0.33581463,0.16766638,-0.056907535
2420,0.04025177,0.018727671,0.019727556,0.012001161,0.020524213,0.00672651
2421,0.87521195,0.5621327,0.76395106,0.582888,0.11126089,-0.020755291
2422,0.01999777,0.018439878,0.01649969,0.014060422,0.0034980793,0.004379456
2423,0.5912934,0.28108445,0.35559022,0.24406742,0.23570317,0.037017033
2424,0.0138156675,0.02659065,0.018179558,0.015636003,-0.0043638907,0.010954648
2425,0.020759402,-0.01597698,0.027122369,0.019973807,-0.006362967,-0.035950787
2426,0.04862997,0.064663544,0.043125153,0.035834912,0.005504817,0.028828632
2427,1.2421504,0.31605363,0.50753117,0.34668973,0.73461926,-0.030636102
2428,0.49589851,0.34965512,0.43233642,0.32230482,0.063562095,0.027350307
2429,0.057661302,0.036321886,0.0399887,0.03323196,0.017672602,0.0030899271
2430,0.8031416,0.4863957,0.725526,0.49508277,0.07761562,-0.008687079
2431,0.037526976,0.022581207,0.035356265,0.020227443,0.0021707118,0.0023537632
2432,-0.009645393,0.0059391367,0.015406016,0.008242607,-0.02505141,-0.0023034704
2433,0.03897126,0.049984742,0.027490806,0.022478797,0.011480454,0.027505945
2434,0.07220627,0.14209238,0.066307195,0.033200763,0.005899079,0.108891614
2435,-0.012458834,0.005879095,0.021339288,0.017305078,-0.03379812,-0.011425983
2436,0.03138202,0.08618944,0.03679739,0.018575354,-0.005415369,0.067614086
2437,0.11927667,0.102080785,0.111779526,0.08267203,0.0074971467,0.019408755
2438,0.037689604,0.049954247,0.03530531,0.019260151,0.0023842938,0.030694095
2439,0.8043628,0.5262264,0.70214486,0.5329519,0.10221791,-0.00672549
2440,1.2021772,0.64948946,1.0460408,0.69524986,0.1561364,-0.045760393
2441,0.55338204,0.36701465,0.48523906,0.3422794,0.06814298,0.024735242
2442,1.0449392,0.2764827,0.5722809,0.37477142,0.47265828,-0.098288715
2443,0.8472108,0.43129593,0.56147325,0.40923935,0.28573757,0.02205658
2444,0.077696666,0.056963086,0.067540854,0.045269128,0.010155812,0.011693958
2445,0.052933343,0.051225927,0.04178694,0.033923946,0.011146404,0.01730198
2446,0.053418282,0.07381271,0.036497843,0.031130774,0.01692044,0.042681932
2447,0.12872937,0.072116375,0.11195241,0.08538686,0.016776964,-0.013270482
2448,-0.0059089847,0.054743268,0.007980591,0.0037159196,-0.013889575,0.051027346
2449,-0.001633859,0.1090595,0.025360158,0.019309642,-0.026994016,0.08974986
2450,0.87927246,0.48992586,0.74823487,0.52118266,0.1310376,-0.031256795
2451,-0.039598245,0.11259919,0.0065501505,0.00080341555,-0.046148397,0.11179577
2452,0.9083689,0.51716334,0.77660316,0.5512106,0.13176572,-0.034047246
2453,0.011595019,-0.060282446,0.01603594,0.007006614,-0.0044409214,-0.06728906
2454,0.08346693,0.06882095,0.06844332,0.053512216,0.0150236115,0.015308738
2455,0.1328993,0.10070461,0.10717937,0.08613866,0.025719926,0.014565952
2456,0.067709304,-0.036521133,0.05895375,0.02102385,0.0087555535,-0.057544984
2457,1.1933765,0.6182517,0.9497769,0.65017587,0.24359965,-0.031924188
2458,0.90616184,0.52454555,0.7584229,0.5122729,0.14773893,0.012272656
2459,0.022021113,0.060231987,0.030097593,0.019546008,-0.00807648,0.04068598
2460,0.06965022,0.043512866,0.041807972,0.028250175,0.027842246,0.015262691
2461,0.024142256,-0.00615447,0.022054205,0.01746323,0.0020880513,-0.0236177
2462,0.015773444,0.14509037,0.017279495,0.014029183,-0.001506051,0.13106118
2463,1.0588194,0.35497943,0.45365438,0.27510226,0.605165,0.07987717
2464,0.084989764,0.08725893,0.08084768,0.059369083,0.004142083,0.027889844
2465,0.83367556,0.49732736,0.6995082,0.49298105,0.13416737,0.004346311
2466,0.006517935,-0.06513258,0.015568967,0.0057581067,-0.009051032,-0.07089069
2467,-0.011534912,-0.05826852,0.01991334,0.010189923,-0.031448252,-0.068458445
2468,1.1799705,0.51833516,0.79960114,0.576305,0.38036937,-0.05796981
2469,0.8907212,0.6008445,0.7962207,0.61629647,0.09450048,-0.015451968
2470,0.025292242,0.0047269366,0.031355828,0.02700092,-0.006063586,-0.022273984
2471,0.045339834,-0.02192704,0.0354209,0.021394093,0.009918936,-0.043321133
2472,0.025423465,0.038929526,0.017201256,0.0102201225,0.008222209,0.028709404
2473,0.068346955,0.11480797,0.04745875,0.026700964,0.020888206,0.088107005
2474,0.06629155,0.04503445,0.045895424,0.03493963,0.020396125,0.010094818
2475,-0.006618217,0.007867727,0.022546439,0.013708349,-0.029164655,-0.005840622
2476,0.93851835,0.2905868,0.5110726,0.30377907,0.42744577,-0.013192266
2477,0.6988168,0.4251157,0.50123626,0.35530925,0.19758052,0.06980646
2478,0.87379766,0.27258474,0.33889112,0.24032265,0.5349065,0.032262087
2479,-0.03601186,0.1759849,0.025903514,0.0124031175,-0.061915375,0.16358179
2480,0.13926178,0.10302139,0.121404074,0.08832922,0.017857708,0.014692172
2481,0.38034436,0.21734878,0.2911436,0.21682467,0.089200765,0.00052411854
2482,0.0018949307,0.021040106,0.011533175,0.006183657,-0.009638244,0.014856449
2483,0.031630542,0.04889497,0.024084501,0.013305259,0.007546041,0.035589714
2484,0.005167372,-0.01137391,0.015257672,0.01060115,-0.010090301,-0.021975059
2485,0.12486896,0.07081524,0.12628347,0.1002678,-0.0014145076,-0.029452555
2486,0.053700738,0.05220504,0.039076228,0.03320117,0.01462451,0.019003872
2487,0.4634145,0.22474733,0.36560348,0.25049776,0.09781101,-0.025750428
2488,0.57189703,0.35704833,0.48379558,0.3268117,0.08810145,0.030236632
2489,0.0011551046,0.10596766,0.010754441,0.01096403,-0.009599336,0.095003635
2490,0.03143587,0.044085283,0.03670183,0.029681088,-0.0052659586,0.014404194
2491,0.023658622,0.047744222,0.0322666,0.026876014,-0.008607976,0.020868208
2492,0.0757807,0.029978175,0.06597886,0.05076608,0.009801835,-0.020787906
2493,0.51726204,0.31312674,0.38619488,0.27992138,0.13106716,0.03320536
2494,0.019663146,0.004048632,0.035769172,0.023287902,-0.016106026,-0.01923927
2495,0.0362116,-0.026988082,0.03587854,0.020711377,0.00033305958,-0.04769946
2496,0.070753,0.04981989,0.045825053,0.032774583,0.024927948,0.017045308
2497,0.12915131,0.08593163,0.109658115,0.0796481,0.0194932,0.006283529
2498,0.6861641,0.37775895,0.3396048,0.2518285,0.3465593,0.12593046
2499,0.03145033,0.03382335,0.0354422,0.028079448,-0.0039918683,0.0057439003
2500,0.013984058,-0.035713512,0.023654975,0.011413049,-0.009670917,-0.04712656
2501,0.011525895,-0.0030321542,0.0053724307,0.0059198076,0.006153465,-0.008951962
2502,0.10023754,0.13791245,0.11197978,0.07929239,-0.011742242,0.058620065
2503,0.55757064,0.34930447,0.45086515,0.31937003,0.10670549,0.029934436
2504,0.6662748,0.41427884,0.54822713,0.3770285,0.118047655,0.03725034
2505,0.021489322,0.030748447,0.017466515,0.015849404,0.004022807,0.014899043
2506,0.6977553,0.3932374,0.5607109,0.40619764,0.13704437,-0.012960225
2507,0.12136828,0.0728032,0.11196335,0.07746968,0.009404935,-0.0046664774
2508,0.55992126,0.33954465,0.48426393,0.34278846,0.07565734,-0.003243804
2509,0.73393947,0.48618636,0.62032014,0.4480373,0.11361933,0.03814906
2510,-0.0076597217,0.11141503,0.005230927,0.004169161,-0.012890648,0.10724587
2511,0.12376135,0.092225224,0.101977594,0.08510684,0.021783754,0.0071183816
2512,0.038861014,0.13189381,0.037993904,0.025977798,0.00086710975,0.105916016
2513,0.018383501,-0.00010508557,0.019676298,0.014915359,-0.0012927968,-0.015020445
2514,1.2720635,0.51356405,0.90527624,0.63536507,0.36678725,-0.12180102
2515,0.96868914,0.60527396,0.81960416,0.62134695,0.14908499,-0.016072989
2516,0.044883233,0.04426591,0.03853417,0.030970192,0.0063490644,0.013295719
2517,0.637939,0.39422366,0.5496881,0.391646,0.088250875,0.0025776625
2518,0.051239178,0.046804592,0.049051214,0.03394409,0.0021879636,0.012860503
2519,0.075473025,0.050819557,0.05168043,0.03288325,0.023792595,0.017936308
2520,0.9047081,0.55182135,0.7678433,0.53266215,0.13686478,0.019159198
2521,0.09090353,0.027821863,0.051902,0.036873408,0.03900153,-0.009051545
2522,0.63576686,0.3357315,0.5308571,0.3328986,0.10490978,0.0028329194
2523,0.7408077,0.44868875,0.63141996,0.4097329,0.109387755,0.038955837
2524,0.07676262,0.015956117,0.066598505,0.04099796,0.010164112,-0.025041843
2525,1.1046464,0.54434806,0.7609738,0.51543474,0.34367263,0.02891332
2526,0.0885196,0.028291894,0.07093873,0.045078702,0.017580874,-0.016786808
2527,0.04042401,0.04331121,0.037567202,0.027123993,0.0028568096,0.016187215
2528,0.02282446,0.046850994,0.013187549,0.007645665,0.009636912,0.039205328
2529,0.7339006,0.41287494,0.57832986,0.41399565,0.15557075,-0.0011207163
2530,0.6640663,0.39808378,0.5759763,0.41984692,0.08809,-0.021763146
2531,0.0023203697,0.14933242,0.012018605,0.0073747365,-0.009698235,0.14195769
2532,-0.02086109,0.14729452,0.025823476,0.013666626,-0.046684563,0.13362789
2533,0.30990848,0.2980022,0.2738877,0.19046356,0.036020786,0.107538655
2534,0.3099757,0.28756276,0.30407622,0.23731445,0.005899489,0.05024831
2535,0.07522161,0.000686588,0.05773009,0.038329475,0.017491523,-0.037642885
2536,-0.016085938,0.017967746,0.010672398,0.0077642947,-0.026758336,0.010203451
2537,0.77573067,0.4446189,0.6847181,0.40746155,0.0910126,0.037157357
2538,0.05679515,-0.017362198,0.056947276,0.03436118,-0.00015212595,-0.051723376
2539,0.7324422,0.4542518,0.61016387,0.4288266,0.12227833,0.025425196
2540,0.098263115,0.07589276,0.08804787,0.061643068,0.010215245,0.014249694
2541,0.01131892,0.014116621,0.012971003,0.009948353,-0.0016520824,0.0041682674
2542,0.05328113,0.03622971,0.036220144,0.0234173,0.017060984,0.012812411
2543,0.026943732,-0.01120595,0.017082974,0.0071487664,0.009860758,-0.018354716
2544,0.7266891,0.43244168,0.5368413,0.375488,0.18984783,0.05695367
2545,0.051031217,0.043068357,0.0417555,0.03021861,0.009275716,0.012849746
2546,0.091753595,0.09270916,0.08895482,0.065742664,0.0027987733,0.026966497
2547,0.012174981,-0.020539174,0.011050561,0.006553196,0.0011244193,-0.02709237
2548,0.007346693,-0.0132589005,0.042511918,0.02379229,-0.035165224,-0.03705119
2549,0.6390808,0.4397388,0.56227064,0.4335002,0.07681018,0.0062386096
2550,0.012420481,0.08092078,0.019834626,0.014292036,-0.0074141454,0.06662874
2551,0.142282,0.12753607,0.10007614,0.07397869,0.042205855,0.05355738
2552,0.0262128,0.10005489,0.017049987,0.015463684,0.009162813,0.08459121
2553,0.012354034,0.024699792,0.010520345,0.009130717,0.0018336894,0.015569075
2554,0.6902574,0.4223184,0.6034085,0.40359133,0.086848855,0.018727064
2555,0.7672676,0.3570621,0.5233474,0.33816323,0.2439202,0.018898875
2556,0.076746486,0.05480484,0.05683814,0.038797576,0.019908346,0.016007263
2557,0.034415804,0.0254727,0.032644346,0.016143125,0.0017714575,0.009329576
2558,0.0056939586,-0.0028729995,0.010975999,0.005353836,-0.00528204,-0.008226835
2559,0.22162409,0.20840289,0.21668674,0.16709517,0.0049373507,0.041307718
