feature_idx,seq_effect_obs,struct_effect_obs,seq_effect_shuffle,struct_effect_shuffle,seq_delta,struct_delta
0,1.2985349,0.4997347,0.69306314,0.47075215,0.60547173,0.02898255
1,0.36529303,0.104976125,0.16701809,0.10864148,0.19827494,-0.0036653578
2,0.60516554,0.23008633,0.29564062,0.22405383,0.30952492,0.0060324967
3,1.9026598,0.56663483,0.7355138,0.5344032,1.167146,0.03223163
4,1.6128563,0.5452981,0.689988,0.48173937,0.92286825,0.06355873
5,1.2441299,0.49164823,0.61636466,0.45701128,0.62776524,0.034636945
6,0.78893906,0.43143457,0.49581933,0.39043403,0.29311973,0.041000545
7,1.5651371,0.45127335,0.52138156,0.38726455,1.0437555,0.0640088
8,0.22989549,0.11083228,0.114814445,0.09526186,0.11508104,0.0155704245
9,0.27131778,0.08050834,0.10177515,0.07594294,0.16954264,0.0045653954
10,1.2925433,0.5625934,0.5946225,0.39428067,0.6979208,0.16831273
11,2.9951904,0.97860706,0.9948888,0.71815646,2.0003016,0.2604506
12,1.8043853,0.62323374,0.77271354,0.5548289,1.0316718,0.06840485
13,2.4355109,0.7599438,0.89674026,0.65732145,1.5387707,0.10262233
14,0.51411843,0.16944513,0.3128033,0.22122777,0.20131513,-0.051782638
15,0.49569032,0.3123884,0.291814,0.21550107,0.20387632,0.09688732
16,0.96719956,0.3240987,0.4339525,0.30340686,0.53324705,0.020691842
17,0.26750457,0.17283253,0.127118,0.087681666,0.14038657,0.08515087
18,1.6313654,0.6559604,0.8837739,0.60855615,0.7475915,0.04740423
19,1.7399452,0.7859076,0.88867843,0.6837262,0.85126674,0.102181435
20,2.8077214,0.7944939,1.0842845,0.7747812,1.7234368,0.019712687
21,1.5845283,0.51678365,0.69017255,0.5096298,0.8943558,0.0071538687
22,1.4300529,0.45546567,0.65155745,0.45041624,0.77849543,0.0050494373
23,0.24142697,0.07908598,0.14170176,0.1015111,0.09972522,-0.022425115
24,1.4151368,0.56141376,0.7270567,0.54293054,0.68808013,0.018483222
25,0.16115862,0.045511503,0.08023424,0.052376945,0.080924384,-0.006865442
26,0.8185807,0.2628968,0.42764074,0.27207825,0.39093995,-0.00918144
27,0.85257494,0.38213003,0.45842713,0.29899442,0.3941478,0.083135605
28,3.1361651,1.0480862,1.0649719,0.7877374,2.0711932,0.26034874
29,0.3144125,0.12718388,0.12692133,0.09668781,0.18749118,0.030496076
30,0.4572608,0.16556822,0.23350373,0.17452033,0.22375706,-0.008952111
31,0.25695083,0.17601743,0.167708,0.12349578,0.08924283,0.052521653
32,0.14354214,0.012688662,0.08440075,0.05630263,0.05914139,-0.043613967
33,1.2888118,0.4766527,0.62736094,0.46065444,0.66145086,0.015998274
34,1.0487254,0.37668017,0.52769256,0.32949224,0.5210328,0.047187924
35,1.5790615,0.54171216,0.6985496,0.5070267,0.8805119,0.034685493
36,0.5495933,0.17207262,0.21000311,0.14906836,0.33959022,0.023004264
37,0.64987445,0.25624073,0.33316427,0.23507611,0.31671017,0.021164611
38,1.9140271,0.5850164,0.7389928,0.5250122,1.1750343,0.060004234
39,2.5728614,0.66780126,0.9466389,0.6365984,1.6262226,0.031202853
40,1.9226525,0.66930676,0.8506683,0.5855209,1.0719842,0.08378583
41,3.1982925,0.7841891,1.0216628,0.7693057,2.1766295,0.014883399
42,1.1052473,0.4883474,0.5687146,0.4227543,0.53653264,0.06559312
43,0.17383444,0.07937621,0.11517586,0.094123594,0.058658585,-0.014747381
44,2.2497365,0.5132458,0.6268371,0.43693,1.6228995,0.07631582
45,1.4239428,0.740279,0.83811444,0.60355276,0.58582836,0.13672626
46,0.20636119,0.12702732,0.11415397,0.08893801,0.09220722,0.038089305
47,0.85216403,0.35777396,0.51887643,0.37313992,0.3332876,-0.015365958
48,1.2332466,0.52083546,0.68159115,0.46374902,0.5516554,0.057086438
49,1.4700665,0.5396533,0.71497214,0.49167973,0.7550944,0.047973573
50,0.7893576,0.3670014,0.4031114,0.2803101,0.3862462,0.08669132
51,0.41561124,0.19411695,0.22192323,0.1443971,0.193688,0.049719855
52,0.5531141,0.117248036,0.24574117,0.15086415,0.30737293,-0.033616118
53,1.9114076,0.538926,0.6632518,0.5045056,1.2481558,0.03442043
54,1.3464075,0.5098755,0.7166752,0.4949678,0.6297323,0.014907688
55,1.1906346,0.585923,0.6266473,0.43347564,0.5639873,0.15244737
56,2.0575864,0.667357,0.8452665,0.6203327,1.2123199,0.04702431
57,0.8217418,0.25380394,0.33864927,0.23480737,0.48309255,0.018996567
58,0.9771825,0.36333448,0.4074219,0.29326028,0.5697606,0.0700742
59,1.5573584,0.6617011,0.8252934,0.57640064,0.73206496,0.085300446
60,0.6452942,0.30394816,0.31789124,0.23262577,0.32740295,0.0713224
61,0.2758997,0.07170866,0.15886924,0.1230036,0.11703047,-0.051294945
62,1.9238454,0.6428969,0.7367978,0.5613113,1.1870476,0.081585586
63,1.1977534,0.3588484,0.5308367,0.3601249,0.6669167,-0.0012764931
64,1.3588632,0.42367843,0.45095676,0.31781512,0.9079065,0.1058633
65,0.6873821,0.18198477,0.19887207,0.14388774,0.48851,0.038097024
66,1.8801962,0.6217396,0.76121515,0.54394424,1.1189811,0.07779539
67,1.0543622,0.33264318,0.370804,0.2528596,0.68355817,0.07978359
68,0.7300101,0.25386488,0.32205907,0.23706941,0.40795103,0.016795471
69,0.6574882,0.38042632,0.3993301,0.29236034,0.25815812,0.08806598
70,0.17355788,0.06318517,0.07900089,0.053500094,0.09455699,0.009685077
71,0.03446728,0.1712017,0.05006371,0.03266894,-0.015596431,0.13853276
72,0.84974563,0.39226344,0.52209055,0.38618946,0.32765508,0.0060739815
73,0.14400414,0.035982,0.10532774,0.06893623,0.038676396,-0.032954227
74,1.2774345,0.50988567,0.5832648,0.41446957,0.69416964,0.0954161
75,0.30966166,0.13716829,0.17518306,0.1211496,0.1344786,0.016018689
76,1.1593047,0.62326473,0.67192125,0.51606154,0.48738348,0.107203186
77,1.9049821,0.7352743,0.9098525,0.65947473,0.9951296,0.075799584
78,0.6486787,0.2243463,0.29782054,0.21750136,0.35085818,0.006844938
79,1.4104517,0.71062475,0.92670333,0.6842777,0.48374832,0.026347041
80,0.15611006,0.17703612,0.08871652,0.067293234,0.06739354,0.10974289
81,0.1003018,0.041491583,0.05699862,0.041161407,0.04330318,0.0003301762
82,0.23298411,0.026792416,0.12485254,0.07929754,0.10813157,-0.052505128
83,0.42128947,0.14425743,0.22132714,0.14860669,0.19996233,-0.0043492615
84,0.7463343,0.26375988,0.29793268,0.22252564,0.44840163,0.04123424
85,1.2715998,0.36767155,0.4694848,0.33066162,0.80211496,0.037009925
86,0.9347381,0.39395854,0.4567569,0.33922446,0.4779812,0.05473408
87,1.4412036,0.5511939,0.70716363,0.51859295,0.73403996,0.03260094
88,1.0453497,0.41202888,0.4696764,0.3261549,0.57567334,0.08587399
89,1.2760365,0.621761,0.69495136,0.53068244,0.58108515,0.09107858
90,0.81358117,0.30114564,0.38588017,0.27299768,0.427701,0.028147966
91,0.024797931,0.15643546,0.04750145,0.030799786,-0.022703517,0.12563567
92,1.092585,0.3111093,0.5512417,0.35991925,0.5413433,-0.048809946
93,1.0152935,0.44099876,0.55652016,0.3946651,0.45877331,0.04633367
94,1.205135,0.6300151,0.75187266,0.5541783,0.45326233,0.07583678
95,1.0188925,0.42553455,0.53345096,0.36358503,0.48544157,0.06194952
96,2.1627414,0.8329279,0.9831542,0.71755373,1.1795872,0.11537415
97,1.2291781,0.49641478,0.60040414,0.44960538,0.6287739,0.046809405
98,0.57407737,0.29319167,0.34670728,0.26374,0.22737008,0.029451668
99,0.904243,0.380416,0.452945,0.3273087,0.451298,0.05310729
100,0.92343926,0.42254964,0.52451175,0.41029224,0.3989275,0.012257397
101,1.1579428,0.3395207,0.49962363,0.35473064,0.6583191,-0.015209943
102,0.33544892,0.115630776,0.17539294,0.12699747,0.16005598,-0.011366695
103,1.0176902,0.3960412,0.5191123,0.38058028,0.4985779,0.015460938
104,1.4272844,0.498422,0.58933485,0.4347083,0.8379495,0.0637137
105,0.23519853,0.018414438,0.12323284,0.06762366,0.111965686,-0.049209222
106,0.30929443,0.11546223,0.16694728,0.115536965,0.14234716,-7.4736774e-05
107,3.0169008,0.91511106,1.0074196,0.7335691,2.0094812,0.18154198
108,0.083221674,0.04819958,0.03670184,0.025718043,0.046519835,0.022481536
109,1.1245081,0.41560262,0.57276565,0.35983935,0.5517425,0.055763274
110,0.25193298,0.07900697,0.13440558,0.09464188,0.117527395,-0.01563491
111,1.6363319,0.5271459,0.6996237,0.4954443,0.9367082,0.031701624
112,1.5038543,0.65710694,0.8232089,0.6131373,0.68064535,0.04396963
113,2.4087768,0.684783,0.86271703,0.6171358,1.5460597,0.06764716
114,2.2893152,0.99693507,1.2933818,0.93434685,0.9959334,0.062588215
115,1.5042607,0.5377034,0.62961805,0.4428505,0.8746426,0.094852895
116,3.0398953,1.140461,1.489075,1.1093099,1.5508204,0.031151056
117,0.3124395,0.06965742,0.13870434,0.09553935,0.17373516,-0.025881924
118,0.7087362,0.34432998,0.40417132,0.29246554,0.30456486,0.051864445
119,0.958307,0.37808406,0.42179385,0.29350883,0.5365132,0.084575236
120,0.61679685,0.23607571,0.29724568,0.21134841,0.31955117,0.0247273
121,0.35451886,0.25481427,0.23689239,0.18067801,0.11762647,0.07413626
122,0.5530579,0.28903785,0.29081354,0.21646538,0.26224437,0.07257247
123,1.440049,0.46345723,0.6222563,0.43272942,0.8177928,0.030727804
124,0.9497369,0.44472972,0.5480083,0.39013666,0.40172857,0.054593056
125,0.097892426,0.16823582,0.07845457,0.050817627,0.019437857,0.1174182
126,0.75371796,0.38283283,0.4238481,0.3315472,0.32986987,0.051285625
127,2.2677438,0.65546536,0.83134633,0.6035475,1.4363976,0.05191785
128,1.9946381,0.69837,0.747563,0.5334717,1.2470751,0.16489828
129,1.5379144,0.9120122,1.0629928,0.83478564,0.47492158,0.07722658
130,0.13248098,0.17504618,0.061657913,0.04220148,0.070823066,0.13284469
131,0.80190665,0.3533288,0.42912716,0.32373297,0.3727795,0.029595822
132,1.06606,0.41483873,0.5153758,0.34607154,0.55068415,0.06876719
133,0.36569005,0.1582909,0.20593862,0.14654283,0.15975143,0.011748061
134,0.53749114,0.14575641,0.21899208,0.16332182,0.31849906,-0.017565414
135,0.8102834,0.35145247,0.44397575,0.32237744,0.36630768,0.029075027
136,0.70330864,0.3791934,0.35878512,0.27796802,0.34452352,0.101225376
137,0.6195041,0.22541417,0.3021645,0.21222612,0.3173396,0.013188049
138,1.1331078,0.5002018,0.6893089,0.48258543,0.4437989,0.017616391
139,1.6957922,0.6468166,0.7491028,0.5690125,0.9466894,0.07780409
140,1.5578613,0.64893633,0.80936825,0.6237631,0.7484931,0.025173247
141,0.94432837,0.25776812,0.38783866,0.26519108,0.5564897,-0.007422954
142,1.5622467,0.6964159,0.80878305,0.5926415,0.7534636,0.10377443
143,0.6861397,0.29773203,0.367862,0.25434834,0.31827772,0.043383688
144,1.6524559,0.6899902,0.7537838,0.56415355,0.8986721,0.12583667
145,1.5157076,0.6147119,0.7503676,0.56262845,0.76534003,0.052083433
146,0.39273998,0.14649282,0.2123264,0.15749756,0.18041357,-0.011004731
147,1.2472495,0.47400707,0.6464659,0.46121654,0.6007836,0.012790531
148,2.3244414,0.78395694,0.93252057,0.6864821,1.3919208,0.09747487
149,0.80387974,0.3574853,0.4491845,0.33698964,0.35469523,0.020495653
150,1.182558,0.53445923,0.6439924,0.48953128,0.5385655,0.044927955
151,1.4110627,0.5465878,0.6914917,0.50139457,0.719571,0.045193255
152,0.89808863,0.37611225,0.47804317,0.34995,0.42004547,0.026162267
153,0.80084586,0.25284174,0.36322254,0.25663924,0.43762332,-0.0037975013
154,0.4582315,0.18350118,0.24214295,0.17515592,0.21608856,0.008345261
155,0.48918805,0.21924493,0.24801406,0.18773517,0.24117398,0.031509757
156,1.3065534,0.5864529,0.6606886,0.5073634,0.6458648,0.07908952
157,0.51631194,0.14285123,0.26186618,0.18859866,0.25444576,-0.04574743
158,1.9337343,0.5835142,0.6857272,0.5023771,1.248007,0.08113712
159,0.30168688,0.08370778,0.16359589,0.11288712,0.138091,-0.029179342
160,0.61725044,0.31660074,0.32763678,0.2447406,0.28961366,0.071860135
161,0.27776018,0.26288483,0.19830622,0.1335394,0.07945396,0.12934543
162,0.9192236,0.43740326,0.5202502,0.4039541,0.3989734,0.033449173
163,0.9274902,0.2802219,0.5166345,0.3251572,0.41085565,-0.044935286
164,1.1748173,0.2649611,0.3846907,0.2696653,0.7901266,-0.004704207
165,0.74712235,0.31723833,0.40811706,0.29664192,0.3390053,0.020596415
166,1.4593751,0.49690932,0.62358576,0.44393373,0.8357894,0.052975595
167,0.95539165,0.42852226,0.4584108,0.31484798,0.49698085,0.11367428
168,1.251412,0.61737955,0.7800426,0.58649474,0.47136945,0.030884802
169,1.6381264,0.46362498,0.6118159,0.43560648,1.0263104,0.028018504
170,1.0321691,0.43363765,0.56278807,0.4224173,0.46938103,0.011220336
171,2.0118191,0.71076906,0.8196168,0.60408676,1.1922023,0.1066823
172,0.79838854,0.26679033,0.3475619,0.25078,0.45082664,0.016010344
173,0.3936579,0.23888366,0.2401406,0.18987572,0.15351729,0.049007937
174,0.9689116,0.44756448,0.5666664,0.42920762,0.40224516,0.01835686
175,0.2575673,0.16976222,0.14843382,0.11350463,0.10913347,0.05625759
176,1.6735198,0.49754995,0.705305,0.45939833,0.96821487,0.03815162
177,1.4550875,0.5744011,0.5799539,0.40843114,0.87513363,0.16596994
178,1.2555763,0.31807068,0.4512177,0.33696073,0.80435854,-0.018890053
179,2.4670198,0.5412042,0.82950246,0.55029297,1.6375173,-0.009088755
180,0.4338476,0.20421542,0.18903406,0.13487607,0.24481355,0.06933935
181,0.9381023,0.40788445,0.5140527,0.38108757,0.42404962,0.026796877
182,1.6925094,0.62799966,0.88677853,0.6202623,0.8057309,0.0077373385
183,0.63627046,0.2110761,0.25149417,0.17912993,0.3847763,0.031946167
184,2.4461026,0.9338935,1.1270751,0.804397,1.3190275,0.12949651
185,1.6092976,0.55644697,0.686584,0.49941507,0.92271364,0.0570319
186,1.3255029,0.66592413,0.86521673,0.6113888,0.46028614,0.05453533
187,1.2265079,0.33836445,0.4235602,0.29695195,0.8029477,0.041412503
188,0.40061107,0.13831843,0.21239194,0.14861068,0.18821913,-0.010292247
189,2.3654733,0.6286429,0.7926604,0.5658994,1.5728128,0.062743545
190,1.2530019,0.40305302,0.558951,0.36914486,0.6940509,0.03390816
191,0.18491381,0.043008056,0.08819374,0.060815383,0.09672008,-0.017807327
192,0.3743987,0.22195269,0.23562407,0.18315513,0.13877463,0.038797557
193,0.6646422,0.30071202,0.3397466,0.24901333,0.32489562,0.051698685
194,1.9853401,0.7000549,0.7827648,0.5426552,1.2025753,0.15739965
195,1.5374852,0.58858836,0.7400679,0.53165025,0.79741734,0.05693811
196,1.4828022,0.56245,0.7280634,0.5281957,0.75473875,0.034254313
197,1.4630989,0.51001567,0.64356136,0.4532393,0.8195375,0.056776375
198,2.2964056,0.77156484,0.96811086,0.67219746,1.3282948,0.09936738
199,2.170278,0.6760584,0.80318487,0.53922254,1.3670932,0.13683587
200,1.6013678,0.52825546,0.7554021,0.48133436,0.84596574,0.046921104
201,3.001007,0.80123985,0.9695099,0.6604877,2.0314972,0.14075214
202,3.454448,1.025509,1.2794428,0.853407,2.1750052,0.17210197
203,1.3609078,0.61534554,0.7656881,0.56244296,0.5952197,0.05290258
204,0.6458628,0.25662917,0.2924968,0.20968759,0.35336602,0.04694158
205,2.043896,0.6270692,0.72057515,0.512133,1.3233209,0.11493617
206,0.42093652,0.1900687,0.21871905,0.15695089,0.20221747,0.033117816
207,0.59656763,0.24527973,0.24748671,0.16606832,0.34908092,0.079211414
208,3.3079474,1.0142897,1.1282228,0.7907015,2.1797247,0.22358823
209,0.8690714,0.35439953,0.50560075,0.3538075,0.36347067,0.00059202313
210,1.2868643,0.4550579,0.5867188,0.38970023,0.7001455,0.065357655
211,0.26685384,0.06297268,0.09550594,0.059508674,0.1713479,0.003464006
212,0.27917007,0.11845503,0.20051482,0.1485633,0.07865524,-0.030108266
213,1.721579,0.30654642,0.39754146,0.27899355,1.3240376,0.027552873
214,0.9093637,0.37329078,0.5018,0.3652867,0.4075637,0.008004069
215,0.24395296,0.045857042,0.13296372,0.08193391,0.11098924,-0.036076866
216,1.8527215,0.5663488,0.7047523,0.50913715,1.1479691,0.057211637
217,1.0295358,0.41932008,0.56454784,0.3993272,0.46498793,0.019992888
218,1.6435847,0.60417056,0.8212689,0.59992224,0.8223158,0.004248321
219,1.0034598,0.34563658,0.43932238,0.3198822,0.56413746,0.025754362
220,0.4318275,0.1481884,0.18899737,0.12875015,0.24283011,0.019438252
221,1.2237593,0.3936944,0.53358036,0.3535289,0.69017893,0.040165514
222,1.7848794,0.7284562,0.87399924,0.65939486,0.9108802,0.06906134
223,2.2156157,0.8027537,0.9902922,0.72848356,1.2253236,0.07427013
224,0.23471472,0.06305173,0.113025025,0.0824215,0.12168969,-0.019369766
225,1.0610374,0.40619084,0.604505,0.4237779,0.45653242,-0.017587066
226,3.8842618,0.98613405,1.0153474,0.7039398,2.8689146,0.28219426
227,0.7101508,0.26040092,0.29133075,0.21388915,0.41882002,0.04651177
228,1.9482832,0.7708891,0.8031904,0.6066138,1.1450927,0.16427529
229,0.9417735,0.43074292,0.5914602,0.4320736,0.35031325,-0.0013306737
230,2.0508616,0.72032005,0.8527414,0.6236599,1.1981201,0.09666014
231,1.6095885,0.6838206,0.7015441,0.5530096,0.9080444,0.13081098
232,1.2228125,0.5550885,0.64036596,0.45380467,0.5824466,0.10128385
233,0.30183053,0.1525955,0.12406738,0.087937005,0.17776315,0.0646585
234,0.3157732,0.21331613,0.1364619,0.09164186,0.17931129,0.12167427
235,1.6583726,0.5645894,0.7214921,0.5281203,0.9368805,0.036469102
236,1.1889374,0.496029,0.5398296,0.41059542,0.6491078,0.08543357
237,2.8197253,0.78547126,0.88095033,0.6306517,1.938775,0.15481955
238,2.3006535,0.76266253,0.8559839,0.6306758,1.4446695,0.13198674
239,0.9330163,0.3093574,0.39299354,0.26717725,0.54002273,0.04218015
240,1.3814168,0.53205127,0.6919031,0.48232594,0.6895137,0.049725324
241,1.9401737,0.7122053,0.9840285,0.6828409,0.9561452,0.029364407
242,3.3924127,0.7884758,1.1946783,0.84719884,2.1977344,-0.058723032
243,0.80278695,0.42700115,0.51414716,0.39261127,0.28863978,0.034389883
244,0.29638836,0.16005543,0.17532513,0.12883118,0.12106323,0.03122425
245,0.38450593,0.15852869,0.17359757,0.1270427,0.21090835,0.03148599
246,0.5645718,0.38572687,0.36814716,0.26861426,0.19642463,0.11711261
247,0.3223642,0.14305025,0.15425168,0.11528753,0.16811253,0.027762726
248,1.194147,0.3859637,0.526138,0.35477418,0.668009,0.031189531
249,0.32046646,0.14926551,0.15618424,0.11343287,0.16428222,0.035832644
250,1.6280051,0.6302824,0.7192695,0.51418144,0.90873563,0.11610097
251,3.016618,0.8856417,1.1411577,0.8334125,1.8754603,0.052229166
252,0.5374031,0.2550648,0.3292018,0.24567556,0.20820132,0.009389222
253,1.2539661,0.38649085,0.44502392,0.31585306,0.8089422,0.07063779
254,0.93181807,0.40220556,0.46904355,0.32916123,0.46277452,0.07304433
255,0.6174665,0.19227992,0.28298822,0.19898306,0.3344783,-0.0067031384
256,0.19926637,0.031311743,0.09821422,0.06728749,0.10105216,-0.035975747
257,1.7368478,0.78449094,0.93545705,0.702694,0.8013907,0.081796944
258,1.110768,0.48091105,0.64328325,0.4534987,0.4674847,0.027412355
259,0.6481483,0.21225613,0.28761917,0.20256317,0.36052912,0.009692967
260,0.6651174,0.25660312,0.36777586,0.2554302,0.29734153,0.00117293
261,0.16974956,0.1026179,0.09795661,0.07536058,0.071792945,0.027257316
262,1.4794225,0.68069637,0.66214055,0.49284893,0.8172819,0.18784744
263,0.320483,0.13749143,0.15416023,0.12084695,0.16632277,0.016644485
264,0.73862076,0.28274164,0.3608409,0.263636,0.37777987,0.019105643
265,0.6701598,0.36597288,0.39543128,0.29665884,0.27472854,0.06931403
266,0.45407662,0.20641471,0.254752,0.17562962,0.19932461,0.030785099
267,1.4322135,0.60502756,0.8068862,0.5376335,0.62532735,0.06739408
268,0.9345548,0.5322523,0.6384618,0.48558402,0.296093,0.04666829
269,0.76740485,0.36801872,0.40281147,0.2816256,0.3645934,0.08639312
270,1.2644145,0.32284588,0.4790545,0.33176017,0.78536004,-0.008914292
271,1.7248015,0.6052321,0.6880747,0.5136963,1.0367268,0.09153581
272,2.6525474,0.81868637,1.1034524,0.7854451,1.5490949,0.033241272
273,1.4164349,0.36977547,0.54974514,0.39611787,0.86668974,-0.026342392
274,0.6656517,0.25120997,0.32069167,0.23413496,0.34496,0.017075017
275,0.57404363,0.26061174,0.32040262,0.24405304,0.253641,0.016558707
276,1.1437477,0.49687862,0.6901169,0.49627295,0.4536308,0.0006056726
277,0.9151597,0.30674797,0.3688004,0.26291412,0.5463593,0.04383385
278,1.0544108,0.4623033,0.5829223,0.37954396,0.47148854,0.08275935
279,1.0649446,0.43056178,0.47046304,0.34378058,0.5944816,0.086781204
280,0.99307096,0.55246204,0.6166004,0.4786555,0.37647057,0.073806554
281,1.162383,0.57764715,0.62801456,0.4690718,0.5343684,0.108575344
282,0.9648721,0.51671326,0.5283582,0.39497346,0.4365139,0.121739805
283,2.4323423,0.9861464,1.210146,0.902688,1.2221963,0.083458364
284,1.7998686,0.5625697,0.75397116,0.54842454,1.0458975,0.014145136
285,1.5627955,0.59411824,0.7468591,0.50591016,0.81593645,0.08820808
286,1.4395871,0.59773964,0.6131588,0.44586068,0.8264283,0.15187895
287,0.31509984,0.08365803,0.14204688,0.09445752,0.17305295,-0.01079949
288,1.4022921,0.44833302,0.68298733,0.466547,0.7193048,-0.018213987
289,0.74313813,0.28419444,0.386148,0.2504999,0.35699013,0.033694535
290,0.6233581,0.2405799,0.30927712,0.21343131,0.31408095,0.02714859
291,1.9197129,0.7540138,0.8890063,0.6508668,1.0307066,0.10314697
292,2.9510956,0.8689943,1.0546082,0.78039515,1.8964874,0.088599145
293,0.7631748,0.28807297,0.3660533,0.2562878,0.39712146,0.03178516
294,0.9292742,0.3932012,0.41495982,0.3071555,0.5143144,0.08604571
295,1.4059093,0.42912075,0.58654845,0.39386863,0.81936085,0.035252124
296,0.29266736,0.10156769,0.13067874,0.09285862,0.16198862,0.008709073
297,0.29945546,0.084455945,0.1728547,0.123131774,0.12660076,-0.03867583
298,1.0370607,0.4367468,0.54912865,0.3959449,0.4879321,0.040801913
299,0.15743949,0.015851876,0.06965398,0.048557855,0.087785505,-0.032705978
300,0.74471843,0.24939987,0.25366935,0.16686249,0.49104908,0.08253738
301,1.6593406,0.82320875,0.9424656,0.73228514,0.716875,0.09092361
302,0.8083224,0.36338,0.4117477,0.2975998,0.39657474,0.06578022
303,0.012741298,0.109914616,0.022123208,0.011422874,-0.00938191,0.09849174
304,1.3204687,0.47009495,0.6105459,0.44917807,0.7099228,0.02091688
305,1.5498788,0.58721316,0.791746,0.5708539,0.7581328,0.01635927
306,0.9755145,0.4138154,0.55499077,0.40568715,0.4205237,0.008128256
307,1.903918,0.63011277,0.8011572,0.5800288,1.1027608,0.050083995
308,1.28275,0.49361235,0.59943277,0.4305924,0.68331724,0.06301996
309,2.7348459,0.8058566,1.0460463,0.6987034,1.6887996,0.10715318
310,1.0723054,0.39196542,0.5150971,0.3619725,0.55720836,0.029992908
311,1.0770775,0.47931716,0.6140016,0.4469654,0.46307594,0.032351762
312,1.4652027,0.14493854,0.26807252,0.17903568,1.1971302,-0.034097135
313,0.35594591,0.11405237,0.1472315,0.11115563,0.20871441,0.002896741
314,0.9001146,0.3402429,0.44297504,0.32069957,0.45713955,0.01954332
315,1.3980038,0.53117675,0.6541596,0.4654262,0.7438442,0.06575054
316,0.42280614,0.09023869,0.13591042,0.08470459,0.28689572,0.0055340976
317,1.4949143,0.5504875,0.6349241,0.467065,0.8599902,0.08342251
318,2.4158318,0.7014664,0.83450854,0.60336226,1.5813233,0.09810412
319,1.8162279,0.7361441,0.9076618,0.6666769,0.9085661,0.06946725
320,1.56034,0.5869354,0.64579314,0.47830707,0.9145469,0.10862833
321,1.1124268,0.4788969,0.59300774,0.43904328,0.519419,0.039853603
322,0.163688,0.06614835,0.07988064,0.056157567,0.083807364,0.009990782
323,1.0154836,0.339768,0.42255574,0.29838234,0.5929279,0.04138565
324,0.3192043,0.18819995,0.17812192,0.12705134,0.14108238,0.061148614
325,1.4656435,0.60721934,0.59782344,0.40742445,0.8678201,0.19979489
326,2.8547983,0.868422,1.0480185,0.71497893,1.8067799,0.15344304
327,1.7614886,0.54043466,0.7455819,0.51797736,1.0159066,0.022457302
328,1.1514595,0.48305827,0.5466686,0.39775246,0.60479087,0.08530581
329,1.1039149,0.35410404,0.4003598,0.29017833,0.70355505,0.06392571
330,0.55830014,0.26861882,0.28315014,0.19563475,0.27515,0.07298407
331,2.0087974,0.66221434,0.83136046,0.5620264,1.177437,0.10018796
332,1.1198457,0.4275307,0.56936675,0.40733084,0.550479,0.020199865
333,0.24918324,0.08239217,0.112198606,0.08245244,0.13698463,-6.0267746e-05
334,0.890005,0.37588763,0.5370723,0.38188434,0.3529327,-0.005996704
335,1.496109,0.54103833,0.7683433,0.49527726,0.7277657,0.04576108
336,0.57523715,0.20398332,0.23679265,0.1759407,0.3384445,0.028042614
337,0.90037984,0.4666927,0.49124378,0.35345757,0.40913606,0.113235116
338,0.5401868,0.26809338,0.29503354,0.23318338,0.24515328,0.034909993
339,1.7560115,0.6554071,0.72131264,0.52281576,1.0346988,0.1325913
340,1.3782469,0.4690312,0.7763022,0.46927324,0.6019447,-0.00024202466
341,1.3640327,0.47481757,0.6579197,0.46792382,0.70611304,0.006893754
342,1.0241823,0.38444093,0.43648466,0.31883773,0.5876976,0.0656032
343,0.37706074,0.14523569,0.18890451,0.13545643,0.18815623,0.00977926
344,1.2020669,0.5246803,0.60863006,0.43472663,0.59343684,0.08995369
345,0.9870792,0.50241715,0.574057,0.39739692,0.41302222,0.105020225
346,0.4777638,0.22405301,0.22870818,0.15914562,0.24905562,0.06490739
347,1.6473397,0.6641907,0.75058645,0.55401504,0.89675325,0.11017567
348,1.0757055,0.52206826,0.6447712,0.45093423,0.4309343,0.07113403
349,1.5215225,0.5840001,0.68060166,0.497521,0.84092087,0.0864791
350,2.6700149,0.6615156,0.94338644,0.6527597,1.7266284,0.008755922
351,2.305869,0.83603466,1.019408,0.66396654,1.2864611,0.17206812
352,1.663527,0.5108654,0.7329123,0.48171863,0.9306147,0.02914676
353,1.7158685,0.6166788,0.88021183,0.5815989,0.83565664,0.035079896
354,3.551471,0.8994033,1.0139767,0.79308,2.5374942,0.1063233
355,1.815459,0.57802117,0.72641283,0.5383496,1.0890462,0.03967154
356,2.0904837,0.6646806,0.9022312,0.64597636,1.1882524,0.018704236
357,1.4885397,0.74578315,0.85171425,0.66044396,0.63682544,0.08533919
358,1.633019,0.5632554,0.7511756,0.5108942,0.8818434,0.05236125
359,0.9801003,0.6179756,0.6358985,0.49172586,0.3442018,0.12624973
360,1.1996171,0.64542025,0.7224105,0.53535384,0.47720665,0.110066414
361,0.6366556,0.20901659,0.33304843,0.22651689,0.3036072,-0.017500296
362,1.9810765,0.71475565,0.97874796,0.66417867,1.0023285,0.050576985
363,0.6258007,0.33630508,0.39155227,0.28530818,0.23424846,0.0509969
364,0.40124023,0.08440149,0.23203257,0.14857069,0.16920766,-0.0641692
365,1.5365578,0.6011648,0.7177499,0.4959271,0.8188079,0.10523772
366,0.55897033,0.16814893,0.2328716,0.14305818,0.32609874,0.025090754
367,0.43374458,0.23743992,0.20291825,0.14302287,0.23082633,0.09441705
368,0.21263884,0.080322765,0.108458206,0.067754164,0.104180634,0.0125686005
369,3.0779455,0.66729236,0.8252362,0.5585214,2.2527094,0.10877097
370,0.5628144,0.1414195,0.17630787,0.11666975,0.38650656,0.024749748
371,1.3137778,0.64235497,0.7405206,0.567544,0.5732572,0.07481098
372,1.3847704,0.4528347,0.64979386,0.44481954,0.73497653,0.008015156
373,2.0440147,0.6947218,0.89232874,0.6435331,1.151686,0.051188707
374,0.6208391,0.31751794,0.35407856,0.2528261,0.26676056,0.06469184
375,2.2799926,0.6120172,0.82024133,0.58156836,1.4597512,0.030448854
376,1.4987167,0.545364,0.6609974,0.4911782,0.8377193,0.054185808
377,0.84945273,0.37032253,0.5726198,0.39776495,0.27683294,-0.027442425
378,1.3482518,0.48147184,0.59362525,0.41510993,0.7546266,0.066361904
379,1.0864371,0.45044222,0.61267936,0.43592453,0.47375774,0.014517695
380,1.5968932,0.9034193,0.92135775,0.71906716,0.67553544,0.18435216
381,0.32114995,0.059877466,0.12585002,0.07373953,0.19529992,-0.013862062
382,1.6719913,0.64353573,0.828767,0.6215981,0.84322435,0.021937609
383,0.8500752,0.31058484,0.37250605,0.25595838,0.47756913,0.054626465
384,0.23914382,0.11662523,0.1258918,0.10045934,0.113252014,0.01616589
385,1.3990617,0.5461824,0.6541626,0.49643597,0.7448991,0.049746424
386,0.31512,0.10263417,0.12986395,0.08633181,0.18525606,0.016302362
387,1.8979235,0.75672275,0.96494323,0.6978632,0.93298024,0.058859527
388,0.42739913,0.20575818,0.2032089,0.12353122,0.22419024,0.08222696
389,0.8792981,0.40763316,0.49828538,0.37639847,0.3810127,0.031234682
390,1.1322196,0.4700975,0.57509303,0.43801537,0.5571265,0.03208214
391,1.261146,0.50250554,0.59601265,0.4128391,0.6651333,0.089666426
392,1.5539792,0.6120662,0.7080787,0.5168287,0.8459005,0.09523749
393,1.2039412,0.49392316,0.68161917,0.4925182,0.52232206,0.0014049709
394,0.7625211,0.41654444,0.3869322,0.28793508,0.3755889,0.12860936
395,2.1412323,0.79215467,0.91490984,0.6698175,1.2263224,0.12233716
396,1.745938,0.72605145,0.79024005,0.58959234,0.9556979,0.13645911
397,0.7973445,0.4814188,0.536157,0.41545773,0.2611875,0.06596106
398,1.262916,0.68585,0.78936434,0.6128702,0.47355163,0.07297981
399,0.87903506,0.31617555,0.43266544,0.30629426,0.44636962,0.009881288
400,1.292864,0.5162446,0.5904133,0.41359487,0.7024507,0.10264972
401,1.189142,0.44571063,0.49617472,0.35506767,0.6929673,0.09064296
402,2.443094,0.7235214,0.82003146,0.59446496,1.6230626,0.12905645
403,1.8596988,0.6186133,0.7842051,0.56202364,1.0754937,0.056589663
404,0.99762654,0.40707684,0.5303776,0.3596645,0.46724892,0.047412336
405,0.7799665,0.37632066,0.42510098,0.29815596,0.3548655,0.0781647
406,1.1660492,0.38533458,0.49181658,0.36714488,0.67423266,0.018189698
407,1.1806633,0.3975519,0.4854656,0.35794902,0.69519776,0.039602876
408,0.7920457,0.26024362,0.36277118,0.24844065,0.42927453,0.011802971
409,1.1881227,0.37222895,0.5020719,0.35440233,0.68605083,0.017826617
410,2.54653,0.89750564,1.054396,0.74587554,1.492134,0.1516301
411,0.08841856,0.16507031,0.068971656,0.04006506,0.019446902,0.12500525
412,0.8976244,0.33364373,0.47216335,0.33716688,0.42546102,-0.0035231411
413,3.1167722,0.90235513,1.0190716,0.73601425,2.0977006,0.16634089
414,1.5590636,0.4962373,0.59401244,0.43650633,0.9650511,0.059730977
415,0.31538257,0.12712254,0.17342463,0.118897416,0.14195794,0.008225121
416,0.89969975,0.5066135,0.59663767,0.45413572,0.30306208,0.052477777
417,1.5826977,0.62807304,0.76594204,0.56601083,0.8167557,0.062062204
418,0.64625657,0.24960165,0.27481934,0.18540047,0.37143722,0.064201176
419,1.486461,0.58880097,0.6799278,0.5077139,0.8065332,0.08108705
420,1.3919195,0.78693783,0.94847137,0.6936156,0.44344813,0.09332222
421,1.1101552,0.2585928,0.35086316,0.24508691,0.75929207,0.013505906
422,0.62975156,0.421933,0.38478938,0.292013,0.24496219,0.12992
423,0.373594,0.098412015,0.19759718,0.1220627,0.17599681,-0.023650683
424,1.383123,0.539473,0.62293434,0.45173788,0.7601887,0.08773512
425,0.46935597,0.20108254,0.23326334,0.16769561,0.23609263,0.03338693
426,1.3011059,0.25795737,0.34788632,0.23263733,0.95321953,0.025320038
427,1.9417351,0.6388804,0.7369894,0.55528224,1.2047458,0.08359814
428,2.6661847,0.98635656,1.129311,0.8604124,1.5368737,0.12594414
429,1.0996183,0.5938105,0.64541686,0.4972404,0.45420146,0.096570104
430,0.6421044,0.2914675,0.31178492,0.22614078,0.33031946,0.065326706
431,0.9910724,0.34156948,0.41596213,0.28857118,0.5751103,0.052998304
432,1.5742193,0.6012137,0.76951784,0.56492186,0.8047015,0.036291838
433,0.846931,0.34677422,0.47163802,0.32749885,0.37529296,0.019275367
434,1.3007044,0.4792383,0.6538704,0.46094003,0.64683396,0.018298268
435,2.5875764,0.47808182,0.74689376,0.5360947,1.8406826,-0.058012903
436,2.3513734,0.8596799,0.90575045,0.68534416,1.4456229,0.17433572
437,0.33990452,0.2758398,0.20829265,0.15836743,0.13161187,0.11747238
438,0.34811097,0.16853686,0.22007516,0.16943741,0.12803581,-0.0009005517
439,0.6107823,0.2707026,0.31058326,0.22473328,0.30019906,0.045969322
440,0.9718723,0.39674285,0.5474575,0.3727703,0.4244148,0.023972541
441,0.5770817,0.20444597,0.27817497,0.20614299,0.2989067,-0.0016970187
442,0.5450258,0.18887468,0.20750275,0.145645,0.33752307,0.043229684
443,1.4472727,0.59021497,0.65489614,0.4987797,0.7923765,0.09143525
444,0.24739254,0.11860463,0.15781136,0.10675077,0.08958118,0.011853859
445,1.6201556,0.43483877,0.5552653,0.40507546,1.0648903,0.029763311
446,2.186407,0.74460965,0.9259516,0.6619379,1.2604555,0.08267176
447,1.9177347,0.68198466,0.747294,0.54557306,1.1704407,0.1364116
448,1.3511462,0.5229633,0.625996,0.4658502,0.7251502,0.05711308
449,0.25015396,0.13894205,0.13159902,0.09384118,0.118554935,0.045100868
450,1.9883959,0.75212675,0.805215,0.58834946,1.1831809,0.16377729
451,1.2109443,0.34995598,0.48609582,0.3207456,0.7248485,0.029210389
452,2.4705808,0.877375,0.97022283,0.6410178,1.500358,0.23635721
453,0.7199912,0.2852623,0.30426866,0.22975464,0.41572255,0.055507645
454,1.2715847,0.43255764,0.5563446,0.40370446,0.7152401,0.028853178
455,0.689206,0.2934591,0.4295836,0.29342148,0.2596224,3.761053e-05
456,2.504764,0.7382577,0.98829156,0.6942824,1.5164726,0.043975294
457,0.60892874,0.26221567,0.3385602,0.24054089,0.27036855,0.021674782
458,2.1454513,0.6018709,0.67669696,0.4827579,1.4687543,0.119113
459,1.0233217,0.41389188,0.5130248,0.39697403,0.51029694,0.016917855
460,1.612139,0.52329296,0.72088784,0.50398344,0.89125115,0.01930952
461,1.0092869,0.35842082,0.49751052,0.36114502,0.5117763,-0.0027242005
462,0.71420544,0.33778757,0.39515486,0.2810623,0.31905058,0.056725264
463,1.0967444,0.4616502,0.5103402,0.3624416,0.5864042,0.09920859
464,1.3072411,0.46043733,0.5927276,0.39603597,0.7145135,0.06440136
465,0.5884123,0.21696667,0.2976754,0.21299124,0.29073688,0.003975436
466,0.5272792,0.4104027,0.3404413,0.24887271,0.18683791,0.16152997
467,0.19275598,0.083988756,0.090952724,0.06795193,0.10180326,0.016036823
468,1.313758,0.4535877,0.65476215,0.45955986,0.65899587,-0.005972147
469,0.77698743,0.19314082,0.31466812,0.21434982,0.4623193,-0.021209002
470,0.74552166,0.28478804,0.369604,0.24456207,0.37591767,0.040225968
471,0.37786737,0.16206375,0.1954368,0.14093092,0.18243057,0.021132827
472,0.3511014,0.27811375,0.24702708,0.17547472,0.104074314,0.102639034
473,1.0411118,0.48537317,0.59485567,0.4337309,0.44625616,0.05164227
474,2.067053,0.70344824,0.8222923,0.6000672,1.2447608,0.10338104
475,0.48775843,0.17354392,0.26540586,0.16344441,0.22235256,0.0100995
476,1.1758674,0.5043135,0.57813007,0.42722863,0.5977374,0.0770849
477,1.6969275,0.69142187,0.86368495,0.60385007,0.8332426,0.0875718
478,0.24670433,0.07994546,0.1491845,0.1025453,0.09751983,-0.022599839
479,2.4083083,0.86162823,1.0497807,0.7561758,1.3585275,0.10545242
480,2.0680928,0.42284286,0.6791085,0.4679389,1.3889843,-0.04509604
481,0.4531146,0.16300409,0.24331978,0.17330244,0.20979482,-0.010298356
482,0.08965782,0.14562975,0.061158348,0.035800558,0.028499473,0.10982919
483,1.331696,0.62559474,0.64288265,0.48378626,0.6888134,0.14180848
484,0.41359848,0.08092343,0.19469817,0.1228715,0.21890031,-0.041948073
485,1.799197,0.8123054,0.8751235,0.62441736,0.92407346,0.18788803
486,0.3146277,0.14047717,0.15293859,0.109655835,0.16168912,0.03082133
487,0.35488075,0.2532734,0.17327818,0.13343321,0.18160257,0.11984019
488,1.6978269,0.67722726,0.9179509,0.5899228,0.77987593,0.08730447
489,1.3858415,0.5852088,0.69561535,0.48413223,0.69022614,0.10107654
490,0.41653144,0.17828543,0.2104334,0.16336587,0.20609805,0.014919564
491,1.5737498,0.5367777,0.7273512,0.50065124,0.8463986,0.036126435
492,0.383185,0.21508162,0.2045341,0.14712311,0.1786509,0.067958504
493,0.15941115,0.19594885,0.090134464,0.06142416,0.06927668,0.1345247
494,0.4757557,0.16954958,0.22136502,0.16805047,0.25439066,0.0014991164
495,0.58402675,0.21609178,0.28923643,0.2104793,0.29479033,0.0056124777
496,1.8615072,0.89187235,0.9688547,0.75631124,0.89265245,0.13556111
497,1.0095447,0.41446558,0.50378716,0.3428535,0.5057576,0.07161209
498,2.6421962,0.8344277,1.0511115,0.7652831,1.5910847,0.06914461
499,0.17693858,0.093001395,0.08077578,0.06230446,0.096162796,0.030696936
500,1.6884116,0.62833434,0.6251534,0.46044916,1.0632582,0.16788518
501,0.6788309,0.35833186,0.41650575,0.29382443,0.26232517,0.064507425
502,1.0646889,0.4208288,0.5143519,0.35003662,0.550337,0.07079217
503,1.7507387,0.8001172,1.0073383,0.75133866,0.74340045,0.048778534
504,1.2151021,0.19360572,0.2856163,0.18668997,0.9294858,0.006915748
505,0.93354553,0.46074083,0.51812327,0.39240408,0.41542226,0.068336755
506,2.0416372,1.073872,1.1631483,0.85850936,0.8784889,0.21536261
507,0.20079124,0.034677852,0.08330287,0.06017249,0.11748837,-0.025494639
508,0.8675106,0.2934167,0.41072673,0.28273556,0.4567839,0.010681152
509,0.9460783,0.4259222,0.59264064,0.44552946,0.35343766,-0.019607276
510,1.081194,0.3500737,0.46149808,0.3205373,0.61969596,0.029536396
511,1.7109853,0.65962505,0.7762941,0.5517591,0.9346912,0.10786593
512,0.7487268,0.29155645,0.3549283,0.26523072,0.39379847,0.026325732
513,0.19306496,0.12872776,0.13903268,0.113929376,0.05403228,0.014798388
514,0.3396978,0.1412762,0.16846219,0.118166074,0.17123562,0.023110121
515,1.6897253,0.70985746,0.81019545,0.59731305,0.87952983,0.11254442
516,1.9466023,0.56077826,0.7677604,0.5218441,1.178842,0.03893417
517,1.5668999,0.64954853,0.756328,0.5532465,0.8105719,0.09630203
518,2.406429,0.98121077,1.19845,0.8727067,1.2079791,0.10850406
519,0.32194108,0.10313883,0.15997747,0.12635584,0.16196361,-0.023217015
520,1.1218324,0.5249012,0.6021157,0.45486975,0.5197167,0.070031464
521,0.8503879,0.40696642,0.5394677,0.3813561,0.31092018,0.025610328
522,0.163954,0.05524679,0.08931792,0.06260354,0.07463609,-0.0073567517
523,0.1803277,0.08532464,0.086581126,0.06634898,0.09374657,0.01897566
524,1.1479558,0.40872675,0.5490941,0.37433928,0.5988617,0.03438747
525,1.6052761,0.50504494,0.6586632,0.48844963,0.9466129,0.016595304
526,2.9257631,0.7075001,0.79065055,0.56820834,2.1351125,0.13929176
527,0.35651878,0.20776011,0.20860966,0.16397579,0.14790912,0.04378432
528,0.20941295,0.07354581,0.10962459,0.08129637,0.09978836,-0.007750556
529,1.5520542,0.5300588,0.71951056,0.52146095,0.8325436,0.008597851
530,1.0173746,0.4606778,0.58426267,0.42267847,0.43311197,0.037999332
531,1.6064072,0.63646394,0.7532531,0.54227936,0.85315406,0.09418458
532,1.8800011,0.6412032,0.65096056,0.49538335,1.2290405,0.14581987
533,1.2436434,0.38213497,0.5926902,0.43355355,0.6509532,-0.051418573
534,2.5879533,0.9213537,1.0191412,0.7312906,1.5688121,0.19006312
535,1.2587521,0.6456628,0.7044132,0.52446425,0.55433893,0.121198535
536,3.8393092,1.061659,1.2125543,0.8596422,2.6267548,0.20201677
537,1.3026499,0.6076509,0.77099353,0.54795086,0.5316563,0.059700012
538,1.1187391,0.3994487,0.5176323,0.38115197,0.6011068,0.018296719
539,2.706372,0.827909,0.9132139,0.6607808,1.793158,0.1671282
540,0.23836046,0.10334696,0.13047099,0.09132391,0.10788947,0.012023047
541,0.88284457,0.1883854,0.2467316,0.1725716,0.636113,0.015813798
542,1.528601,0.5509771,0.6421102,0.46024466,0.8864908,0.090732455
543,2.629438,0.89213824,1.114645,0.77839696,1.5147929,0.11374128
544,0.61742103,0.26670292,0.3218648,0.23112078,0.29555622,0.03558214
545,1.1880077,0.34891513,0.46891993,0.33527663,0.7190878,0.013638496
546,2.025332,0.8091038,1.0464252,0.73532456,0.97890675,0.073779225
547,1.2219518,0.39676464,0.54001945,0.3608976,0.6819324,0.035867035
548,1.3536432,0.4297639,0.5788981,0.40059718,0.7747451,0.029166728
549,0.4768779,0.21468677,0.25427595,0.18188831,0.22260195,0.032798454
550,1.0183038,0.48784196,0.5781516,0.39633954,0.44015217,0.09150243
551,0.7211618,0.33436608,0.3825753,0.26417628,0.33858648,0.070189804
552,2.26829,0.77156943,0.9022404,0.6331445,1.3660496,0.13842493
553,1.0608675,0.31841305,0.41259488,0.27938208,0.64827263,0.03903097
554,0.37245372,0.1362282,0.17183195,0.11271553,0.20062177,0.023512676
555,1.4258047,0.5836955,0.68249816,0.51270807,0.7433066,0.0709874
556,0.28567672,0.120525576,0.16693972,0.122388385,0.118737,-0.0018628091
557,0.26446262,0.101975836,0.12797093,0.08892436,0.13649169,0.013051473
558,1.1683546,0.44622397,0.5919479,0.4242026,0.5764067,0.022021383
559,1.3216053,0.6067161,0.6617641,0.47758436,0.65984124,0.12913173
560,1.4272892,0.5883588,0.69132656,0.5134554,0.7359627,0.07490343
561,1.1349651,0.4401852,0.5503073,0.40913534,0.5846578,0.031049848
562,1.8149593,0.5638859,0.8046567,0.547734,1.0103025,0.016151905
563,0.86998814,0.38833427,0.5040907,0.3945138,0.36589742,-0.0061795115
564,1.7046833,0.5706482,0.7079999,0.5262064,0.9966834,0.04444182
565,1.7141246,0.53600496,0.73875993,0.5314592,0.9753646,0.0045457482
566,1.0914568,0.5063641,0.5839336,0.42883056,0.5075232,0.07753354
567,0.77486455,0.27135292,0.44257617,0.307952,0.33228838,-0.03659907
568,0.35036656,0.114699274,0.15530555,0.10795002,0.19506101,0.0067492574
569,2.5037453,1.1395212,1.3252364,0.97015226,1.1785089,0.16936898
570,0.62584966,0.29839134,0.34069207,0.23418455,0.2851576,0.064206794
571,1.3713394,0.5706895,0.6901746,0.4917961,0.68116486,0.07889339
572,0.26587206,0.22324929,0.12664302,0.0886697,0.13922904,0.13457958
573,0.14993486,0.0037542342,0.07568695,0.05116143,0.07424791,-0.047407195
574,0.18467729,0.12635985,0.12328048,0.09603639,0.061396807,0.03032346
575,1.1572173,0.38908747,0.56916827,0.39886484,0.588049,-0.009777367
576,0.48529896,0.12908797,0.15924467,0.11500721,0.32605428,0.014080763
577,2.0361335,0.7442813,0.9807885,0.7199599,1.055345,0.024321377
578,0.45263454,0.20970696,0.24771127,0.17783418,0.20492327,0.03187278
579,1.2867804,0.53918374,0.6589378,0.50891936,0.62784255,0.030264378
580,1.445062,0.7164783,0.8591669,0.6481954,0.5858951,0.0682829
581,1.0029658,0.4201795,0.5503727,0.40166336,0.4525931,0.018516123
582,1.074455,0.4567759,0.53724086,0.41177624,0.53721416,0.04499966
583,0.5600182,0.24305683,0.2915836,0.2107462,0.26843458,0.032310635
584,2.2718093,0.7623954,0.805031,0.5965436,1.4667783,0.16585177
585,0.3664866,0.22548181,0.19620346,0.14141843,0.17028315,0.08406338
586,0.990679,0.3899069,0.5044109,0.36030233,0.4862681,0.029604584
587,0.7791911,0.42621848,0.38893563,0.27138606,0.39025545,0.15483242
588,0.35130796,0.089443244,0.19490853,0.12722465,0.15639943,-0.03778141
589,2.4596379,0.7451092,0.9967362,0.7032949,1.4629016,0.041814327
590,1.6226763,0.5376229,0.7336996,0.4983135,0.88897663,0.039309442
591,1.152036,0.5527154,0.574724,0.42774135,0.57731193,0.12497407
592,0.81405157,0.31346124,0.4033711,0.2769063,0.41068047,0.036554933
593,2.0370443,0.6981825,0.9356631,0.6554016,1.1013812,0.042780936
594,1.3840183,0.51346916,0.6480917,0.4753973,0.7359266,0.03807187
595,1.5879225,0.7700258,0.90410745,0.65530944,0.683815,0.11471635
596,0.30785406,0.16459335,0.17416596,0.13699102,0.13368809,0.02760233
597,2.5800612,0.6037164,0.85633296,0.5966766,1.7237282,0.0070397854
598,1.4172089,0.5287802,0.68693876,0.51794696,0.73027015,0.010833263
599,1.7664666,0.51258653,0.6529081,0.4786957,1.1135585,0.033890843
600,1.5523272,0.57434,0.7816584,0.5141426,0.77066875,0.060197413
601,2.0338032,0.7875791,0.9729541,0.6990085,1.0608492,0.088570595
602,1.12562,0.48870268,0.70308816,0.4911522,0.42253184,-0.0024495125
603,0.65404004,0.18753952,0.30360284,0.19887176,0.3504372,-0.011332244
604,2.247111,0.77957207,0.9072496,0.64724964,1.3398614,0.13232243
605,2.5466878,0.90233046,1.0020092,0.7427101,1.5446787,0.15962034
606,0.9731226,0.3326226,0.53069794,0.38310626,0.44242465,-0.050483674
607,1.2391262,0.47949904,0.58896756,0.4347114,0.65015864,0.044787645
608,0.6702787,0.32636032,0.39608088,0.30371526,0.27419785,0.022645056
609,1.7373314,0.61663127,0.7391784,0.521726,0.998153,0.09490526
610,1.3700513,0.4699992,0.59865,0.42956695,0.7714013,0.040432245
611,1.1359,0.29708803,0.41228613,0.28799796,0.72361386,0.009090066
612,2.586118,0.76915395,0.95225877,0.6665,1.6338592,0.10265398
613,1.3679839,0.7928695,0.87068665,0.66957176,0.4972973,0.12329775
614,1.0694187,0.55846804,0.6160817,0.4700563,0.45333695,0.08841175
615,1.1422349,0.47798234,0.6336906,0.4647619,0.5085443,0.013220429
616,1.588475,0.6569328,0.74168235,0.5514573,0.84679264,0.105475485
617,1.4677868,0.4140142,0.55135345,0.40682143,0.91643333,0.0071927607
618,1.4501876,0.70279545,0.78184307,0.5352882,0.6683445,0.16750723
619,1.6682978,0.5988595,0.72221863,0.50813365,0.94607913,0.09072584
620,0.9969704,0.3965265,0.46279,0.32069808,0.5341804,0.0758284
621,1.7033447,0.54942954,0.62824905,0.47172055,1.0750957,0.07770899
622,1.3415567,0.69547904,0.8807042,0.65409774,0.46085244,0.0413813
623,0.72051555,0.33378282,0.40753683,0.28071722,0.3129787,0.053065598
624,0.41495785,0.24852511,0.19947971,0.14545426,0.21547814,0.103070855
625,1.8529837,0.6074004,0.8015194,0.5995604,1.0514643,0.007840037
626,2.315407,0.72158253,0.96057004,0.7014021,1.354837,0.020180404
627,1.4158412,0.4713674,0.70693207,0.47588062,0.70890915,-0.004513234
628,0.6930878,0.29759488,0.36280265,0.2573523,0.33028516,0.040242583
629,0.7772851,0.30461335,0.3347054,0.23260617,0.4425797,0.07200718
630,1.309891,0.6095496,0.7627228,0.54307044,0.5471682,0.06647915
631,0.39575866,0.11845336,0.19676775,0.11813726,0.19899091,0.00031609833
632,0.5411038,0.15634038,0.21105146,0.1583944,0.33005232,-0.0020540208
633,1.3695543,0.75686723,0.88776094,0.6985805,0.48179334,0.058286726
634,0.15780625,0.013679379,0.08545567,0.056934603,0.07235058,-0.043255225
635,0.38276204,0.11568617,0.16431835,0.11006807,0.21844369,0.005618103
636,2.0656102,0.75838774,0.9425327,0.70565027,1.1230774,0.052737474
637,1.197427,0.42887846,0.5383748,0.39393568,0.65905225,0.034942776
638,0.58146864,0.14765944,0.26671362,0.17635682,0.31475502,-0.028697386
639,0.33877954,0.13349432,0.14020556,0.10913284,0.19857398,0.024361476
640,0.74327743,0.40485486,0.38154322,0.28928095,0.3617342,0.11557391
641,0.7370203,0.2746251,0.42396823,0.2966326,0.3130521,-0.022007495
642,0.56088793,0.36265188,0.3424825,0.23213133,0.21840543,0.13052055
643,0.7563677,0.44659647,0.4740832,0.3654855,0.2822845,0.081110984
644,0.4485943,0.15545286,0.2312809,0.160985,0.21731341,-0.0055321306
645,0.35306042,0.20205131,0.21991208,0.17216909,0.13314834,0.029882222
646,1.6651467,0.58478594,0.7138535,0.50793356,0.95129323,0.07685238
647,1.8226049,0.6913056,0.88633174,0.6149,0.93627316,0.076405585
648,1.029927,0.47644466,0.5652483,0.43483362,0.4646787,0.041611046
649,2.4462872,0.8394472,1.0534022,0.7690134,1.392885,0.070433795
650,1.9910886,0.48995128,0.7222818,0.47434387,1.2688068,0.015607417
651,0.80935574,0.2869924,0.39714903,0.28484637,0.4122067,0.0021460354
652,0.54396343,0.24535057,0.24661541,0.16656384,0.29734802,0.07878673
653,2.203361,0.6985269,0.7902254,0.58679426,1.4131356,0.11173266
654,3.309252,0.72312355,0.9583869,0.6457689,2.3508651,0.07735467
655,0.415288,0.1943421,0.26810023,0.20692821,0.14718777,-0.012586102
656,0.39960736,0.17328724,0.23598996,0.16692166,0.1636174,0.0063655823
657,1.3472589,0.2895507,0.42850932,0.3094186,0.9187496,-0.019867897
658,2.634812,1.0122635,1.1927447,0.9098511,1.4420674,0.10241246
659,1.0037225,0.5398644,0.6041397,0.477463,0.39958286,0.062401414
660,1.2541093,0.4782492,0.64485484,0.45985907,0.6092544,0.01839012
661,1.8666688,0.5677936,0.74307185,0.53001726,1.1235969,0.03777635
662,0.91754407,0.45285133,0.47236758,0.3026138,0.44517648,0.15023753
663,1.665374,0.5194806,0.6598865,0.46793622,1.0054876,0.05154437
664,1.5279894,0.6473406,0.8007733,0.56740797,0.72721606,0.07993263
665,0.86681616,0.29294395,0.37939388,0.26337343,0.4874223,0.02957052
666,1.2817422,0.40394318,0.5354326,0.37221494,0.74630964,0.031728238
667,1.8088112,0.65966046,0.8472246,0.6051661,0.9615866,0.05449438
668,1.4585932,0.5138425,0.60721266,0.4298109,0.8513806,0.08403161
669,1.269013,0.4859598,0.5563022,0.41261092,0.71271086,0.07334888
670,0.5235291,0.25945756,0.23600551,0.16725917,0.2875236,0.09219839
671,0.30351305,0.09874079,0.14589086,0.10114698,0.15762219,-0.0024061948
672,1.3882681,0.56675786,0.76832783,0.54101884,0.6199403,0.025739014
673,1.100154,0.45813414,0.59454906,0.42135948,0.505605,0.036774665
674,2.948102,0.7940734,0.9378675,0.7092244,2.0102344,0.084849
675,2.5139182,0.6132593,0.74239236,0.5201773,1.7715259,0.09308201
676,0.57801574,0.28318045,0.33774635,0.25571394,0.2402694,0.027466506
677,1.8284838,0.6652712,0.7971589,0.58256835,1.0313249,0.082702875
678,0.7561015,0.261538,0.33736843,0.22690158,0.41873306,0.034636423
679,1.5275588,0.6683984,0.8023902,0.57040673,0.7251686,0.097991645
680,0.03298426,0.1365199,0.037067655,0.021219555,-0.004083395,0.11530034
681,2.9221299,1.0333807,1.1144253,0.8244276,1.8077046,0.20895314
682,1.4126316,0.45677093,0.6058849,0.4292179,0.8067467,0.027553022
683,1.0040201,0.42080742,0.5028359,0.3609434,0.50118417,0.059864014
684,2.5160265,1.016766,0.98475283,0.75933355,1.5312736,0.2574324
685,0.72669566,0.37571853,0.44785243,0.35116667,0.27884322,0.024551868
686,0.86570776,0.31833905,0.45068878,0.323704,0.41501898,-0.0053649545
687,1.7826937,0.6867596,0.7610641,0.57250726,1.0216296,0.11425233
688,1.6612885,0.49375206,0.6615218,0.49112606,0.9997667,0.0026260018
689,0.25971383,0.12654191,0.10978258,0.0735887,0.14993125,0.052953213
690,0.14228004,0.024313277,0.088254206,0.06155594,0.054025836,-0.037242666
691,1.0115607,0.43069598,0.48058826,0.3432293,0.5309724,0.08746669
692,0.39251682,0.090633474,0.1636819,0.1013072,0.22883493,-0.010673724
693,1.5438582,0.4918607,0.5999137,0.4508339,0.94394445,0.0410268
694,1.0081265,0.29616278,0.46455956,0.29364973,0.54356694,0.002513051
695,1.5178257,0.6980625,0.8850646,0.645028,0.6327611,0.053034484
696,1.4537519,0.51406497,0.6548006,0.45130903,0.7989513,0.06275594
697,2.7278717,0.81178826,0.87822855,0.6230971,1.8496431,0.18869114
698,0.28486016,0.1608785,0.14453396,0.11242019,0.1403262,0.048458308
699,2.3743973,0.8136458,0.88874185,0.6335355,1.4856554,0.18011028
700,0.18021488,0.05081682,0.09916712,0.0676986,0.08104776,-0.016881779
701,1.6973317,0.53055215,0.7026927,0.49021497,0.994639,0.040337175
702,0.6505556,0.2606981,0.34994584,0.26231164,0.30060977,-0.0016135275
703,1.2738998,0.5841519,0.6869038,0.5029609,0.586996,0.081191
704,0.49379453,0.08478388,0.14403215,0.09762687,0.34976238,-0.01284299
705,1.0535202,0.37611866,0.49618787,0.37499505,0.55733234,0.0011236072
706,1.0616288,0.4109498,0.55946803,0.3881518,0.5021608,0.022798002
707,0.29614618,0.17483667,0.13567951,0.09599168,0.16046667,0.07884499
708,0.23378402,0.08715275,0.09918381,0.07268774,0.1346002,0.014465012
709,0.7843837,0.25617802,0.33008724,0.22532308,0.45429647,0.03085494
710,1.0082799,0.3342207,0.39274472,0.254448,0.6155352,0.07977271
711,2.1097405,0.6743522,0.8214431,0.54547465,1.2882974,0.12887758
712,1.8158087,0.592467,0.7165562,0.5143115,1.0992525,0.07815552
713,1.3477712,0.5557853,0.70463157,0.49811402,0.6431396,0.05767128
714,1.5989918,0.61566144,0.76546806,0.54855573,0.8335237,0.06710571
715,1.6455265,0.682091,0.7399066,0.5596775,0.9056199,0.122413516
716,2.380262,0.79309416,1.035177,0.7219547,1.3450849,0.071139455
717,1.0189734,0.38892233,0.4649198,0.34693402,0.55405354,0.041988313
718,0.19510625,0.123924255,0.11128582,0.09201877,0.08382043,0.031905487
719,1.0254587,0.38956115,0.5603581,0.3938708,0.4651006,-0.0043096542
720,1.4333572,0.5306674,0.59422606,0.43389016,0.8391312,0.09677726
721,0.9276677,0.34542438,0.4024393,0.29050025,0.5252284,0.05492413
722,1.4865824,0.5418047,0.58670026,0.42592448,0.89988214,0.11588019
723,1.0509391,0.43571746,0.45162702,0.32139125,0.59931207,0.11432621
724,1.3127842,0.43583402,0.62248695,0.43373507,0.69029725,0.0020989478
725,1.3815922,0.4850333,0.6114944,0.4293376,0.77009773,0.055695713
726,2.162888,0.68245673,0.9274931,0.64964646,1.235395,0.03281027
727,1.3777963,0.4583811,0.55670065,0.4098248,0.82109565,0.048556298
728,0.4724909,0.1576636,0.2351373,0.16661921,0.23735361,-0.008955613
729,2.2068899,0.74781287,0.8776938,0.6421449,1.3291961,0.10566795
730,1.3817314,0.38778096,0.5864359,0.41469613,0.7952955,-0.026915163
731,0.58585197,0.30988425,0.36871624,0.2695497,0.21713573,0.040334553
732,1.7974334,0.73103553,0.9252473,0.6716211,0.87218606,0.059414446
733,1.4343082,0.57010955,0.7389216,0.53643227,0.6953866,0.03367728
734,1.6100596,0.6586149,0.74429977,0.56570107,0.86575985,0.09291381
735,1.333727,0.37548918,0.5601259,0.39047417,0.7736011,-0.014984995
736,1.0504556,0.5095044,0.5945488,0.46136388,0.45590675,0.048140496
737,1.1327626,0.4632649,0.47609672,0.32569528,0.6566658,0.13756964
738,1.9121244,0.4645251,0.6408179,0.45735383,1.2713065,0.007171273
739,0.67823875,0.24919349,0.33558068,0.2337033,0.34265807,0.015490189
740,0.30143657,0.11602801,0.14319006,0.101752855,0.15824652,0.014275156
741,0.16270511,0.17252855,0.07874135,0.06152358,0.08396376,0.11100497
742,1.783481,0.5934465,0.87689745,0.5853003,0.90658355,0.008146167
743,0.42869386,0.22218452,0.2150855,0.14725795,0.21360835,0.07492657
744,0.6288229,0.30147773,0.34538516,0.26190168,0.28343776,0.039576054
745,0.29024804,0.0878622,0.16056792,0.11118201,0.12968011,-0.02331981
746,1.108817,0.3378765,0.49519745,0.35311544,0.61361957,-0.015238941
747,1.6559656,0.532314,0.7878727,0.55696696,0.8680929,-0.024652958
748,1.524567,0.6858826,0.82181627,0.60458314,0.70275074,0.081299484
749,0.3947004,0.21639165,0.17785935,0.12882945,0.21684106,0.0875622
750,0.7883366,0.3960549,0.41545582,0.3068338,0.37288076,0.08922109
751,2.056345,0.7628002,1.0110313,0.75408626,1.0453137,0.008713961
752,1.4342486,0.4621788,0.5340153,0.37356085,0.90023327,0.08861795
753,0.88438106,0.40781567,0.46704888,0.3486992,0.41733217,0.059116453
754,0.8758098,0.3328474,0.3623357,0.2615034,0.5134741,0.07134399
755,1.691222,0.8542149,0.99407876,0.755005,0.6971432,0.099209905
756,0.4504857,0.2261877,0.23742655,0.18713179,0.21305916,0.039055914
757,1.0163835,0.32441807,0.44421825,0.32177585,0.57216525,0.0026422143
758,1.5247161,0.36826995,0.5012803,0.33750877,1.0234358,0.030761182
759,2.1376092,0.914806,1.0722675,0.73816264,1.0653417,0.17664337
760,0.3761148,0.12615803,0.1855438,0.11730762,0.19057098,0.008850411
761,1.3425132,0.5453663,0.65176225,0.47275725,0.69075096,0.07260904
762,1.4748437,0.5388734,0.6246422,0.43438262,0.85020155,0.10449076
763,0.55410117,0.086644396,0.1596546,0.09417148,0.39444655,-0.007527083
764,1.0060047,0.36762136,0.5030121,0.33455646,0.5029926,0.0330649
765,0.5021509,0.08714654,0.21318932,0.13411623,0.2889616,-0.04696969
766,2.0497835,0.66798955,0.89093226,0.6087862,1.1588511,0.059203327
767,1.4755998,0.4274247,0.61372674,0.4342199,0.86187303,-0.0067951977
768,2.0805814,0.7105662,0.89399993,0.6478559,1.1865815,0.062710345
769,0.54630005,0.08863879,0.182623,0.11090131,0.36367705,-0.022262521
770,1.7224319,0.7422845,0.9053155,0.68057364,0.8171164,0.061710835
771,1.2253056,0.45525053,0.644674,0.44756675,0.58063155,0.007683784
772,1.8757621,0.62093204,0.81334466,0.5822169,1.0624175,0.038715124
773,0.73295444,0.2388582,0.3504549,0.2517736,0.38249955,-0.012915403
774,0.44345364,0.35550535,0.27951008,0.2152091,0.16394356,0.14029625
775,0.37404707,0.13825823,0.13082533,0.09558369,0.24322174,0.04267454
776,1.1018203,0.51365733,0.56112206,0.42427588,0.5406983,0.08938146
777,1.0978905,0.385579,0.5306331,0.35155034,0.5672574,0.03402865
778,1.5125442,0.556465,0.69813305,0.48566788,0.8144111,0.070797145
779,0.02321455,0.15976638,0.049914908,0.030601239,-0.026700357,0.12916514
780,1.7706946,0.7267675,0.9095372,0.66796577,0.8611574,0.05880171
781,0.39034632,0.17323673,0.1941603,0.14953926,0.19618602,0.023697466
782,0.72645736,0.23426759,0.29802123,0.22079344,0.42843613,0.0134741515
783,0.42612842,0.14443617,0.18180755,0.1384083,0.24432087,0.0060278624
784,1.9866185,0.61620754,0.8169111,0.5978149,1.1697074,0.018392622
785,0.5054081,0.18923937,0.26711085,0.18467145,0.23829725,0.004567921
786,0.38267097,0.12942545,0.16191584,0.119127,0.22075513,0.010298453
787,1.8742476,0.58889306,0.7146017,0.5145603,1.1596458,0.07433277
788,2.9680102,0.94257575,1.0660404,0.7715658,1.9019698,0.17100996
789,2.1105826,0.8162362,0.80965936,0.61123097,1.3009232,0.20500523
790,0.93161464,0.5183538,0.48056346,0.35707775,0.45105118,0.16127607
791,1.3624027,0.5936779,0.74650717,0.5241438,0.6158955,0.06953406
792,1.3775432,0.5685203,0.83337134,0.5658972,0.54417187,0.0026230812
793,1.2942586,0.4515907,0.6090056,0.43100208,0.685253,0.020588607
794,0.8392624,0.32246515,0.44476217,0.3044352,0.39450026,0.018029958
795,0.992848,0.54733187,0.52013296,0.3961683,0.47271502,0.15116358
796,1.1600422,0.49282053,0.5969914,0.43360144,0.56305075,0.059219092
797,0.19641736,0.16887859,0.10388418,0.073360026,0.09253318,0.09551856
798,3.2398548,0.8625411,0.9405524,0.71997964,2.2993023,0.14256144
799,1.3641807,0.56373423,0.6694044,0.50117224,0.6947763,0.06256199
800,1.9601853,0.5743868,0.6960772,0.52679205,1.2641081,0.047594726
801,0.118366,0.1337009,0.06670284,0.044707943,0.05166316,0.08899297
802,1.9457605,0.5981937,0.74053943,0.547757,1.205221,0.050436676
803,1.608101,0.60983175,0.7310693,0.486955,0.8770317,0.12287676
804,0.99448526,0.57111835,0.63697416,0.46124536,0.3575111,0.109873
805,0.880187,0.36243993,0.39081794,0.2812521,0.48936903,0.081187844
806,1.5998089,0.6720274,0.81222713,0.5964831,0.7875818,0.0755443
807,1.4047577,0.5408601,0.63625395,0.40042496,0.7685038,0.14043516
808,0.9420901,0.28661427,0.29756415,0.20390289,0.64452595,0.08271138
809,0.24139138,0.08186212,0.114544615,0.088227436,0.12684676,-0.006365314
810,1.6056939,0.5409148,0.703126,0.51352286,0.9025679,0.02739191
811,0.29181263,0.19990553,0.15960619,0.11973554,0.13220644,0.08016999
812,1.2024283,0.539901,0.68300426,0.52652943,0.5194241,0.013371587
813,0.59021026,0.34936488,0.44046277,0.32323313,0.14974749,0.02613175
814,0.21816744,0.033434417,0.07856907,0.055827677,0.13959837,-0.02239326
815,0.31649694,0.09702151,0.122193135,0.082289346,0.19430381,0.014732167
816,0.6976707,0.29111245,0.29011232,0.20621535,0.40755838,0.0848971
817,0.9217992,0.33200225,0.46763286,0.33669645,0.45416632,-0.0046941936
818,1.1102574,0.5541848,0.63430464,0.49144024,0.47595274,0.06274456
819,2.039747,0.919803,1.0380186,0.8073552,1.0017284,0.1124478
820,0.12628524,0.049780376,0.05428031,0.041658435,0.07200493,0.008121941
821,0.48993593,0.20677473,0.2264378,0.1679566,0.26349813,0.03881812
822,1.8763696,0.61358017,0.7151517,0.536688,1.1612179,0.07689214
823,1.9424247,0.61802447,0.78981376,0.56282836,1.1526109,0.055196106
824,1.1688439,0.42874065,0.5441009,0.36635613,0.624743,0.062384516
825,0.55846995,0.20851529,0.26128513,0.18933657,0.29718482,0.019178718
826,1.0779593,0.419716,0.5559113,0.40134722,0.522048,0.01836878
827,1.2333223,0.49277484,0.5543655,0.3986305,0.67895675,0.094144344
828,0.5190298,0.20586938,0.23725717,0.1777373,0.2817726,0.028132081
829,1.6606625,0.50806236,0.6973175,0.48112744,0.96334505,0.026934922
830,1.4183676,0.62173563,0.7264374,0.56622815,0.69193023,0.05550748
831,1.8230933,0.7188793,0.85596675,0.6741202,0.96712655,0.044759095
832,1.8796678,0.5499688,0.701913,0.49942264,1.1777548,0.05054614
833,0.9181004,0.34487298,0.38306847,0.26300886,0.5350319,0.08186412
834,3.2388816,0.88123065,1.0651582,0.7409257,2.1737232,0.14030492
835,1.8611516,0.7952322,0.85286665,0.6487504,1.0082849,0.14648175
836,0.46010455,0.17967807,0.15814364,0.107196435,0.30196092,0.07248163
837,0.5133632,0.26018372,0.30971426,0.22064015,0.20364892,0.03954357
838,2.024851,0.6275037,0.81459856,0.55634624,1.2102525,0.071157455
839,1.2156332,0.5056435,0.60814124,0.4239263,0.6074919,0.08171719
840,0.6282742,0.30889878,0.34380847,0.26107514,0.28446573,0.047823638
841,0.42177624,0.08096197,0.18823902,0.12428348,0.23353721,-0.043321505
842,0.6607331,0.32716808,0.41801333,0.30710143,0.24271977,0.020066649
843,1.6664128,0.4488424,0.59154105,0.41571054,1.0748718,0.033131868
844,1.19555,0.6396212,0.65053785,0.5038277,0.5450121,0.1357935
845,0.9416895,0.4897858,0.51088697,0.3598207,0.43080252,0.1299651
846,1.2596576,0.46928042,0.57276744,0.41855416,0.6868902,0.050726265
847,0.28450286,0.085237265,0.14584406,0.10053662,0.1386588,-0.0152993575
848,0.25445533,0.05236026,0.15253028,0.10109625,0.101925045,-0.04873599
849,0.7744045,0.27612463,0.23936884,0.17365177,0.53503567,0.10247286
850,0.8054572,0.34736708,0.34883356,0.27172828,0.4566236,0.0756388
851,0.28198642,0.18742062,0.12316203,0.077077985,0.15882438,0.11034264
852,0.4979889,0.24223125,0.2762007,0.19801374,0.2217882,0.044217512
853,2.1621003,0.73984843,1.0381161,0.69471097,1.1239842,0.045137465
854,1.4766433,0.65786994,0.78671485,0.5895807,0.6899285,0.06828922
855,0.78716093,0.43725082,0.4801786,0.34467545,0.30698234,0.09257537
856,1.5085177,0.46673983,0.65259856,0.46150368,0.8559192,0.005236149
857,1.2957478,0.5274098,0.5774292,0.42930952,0.7183186,0.098100275
858,1.2459209,0.5585139,0.665067,0.49185294,0.5808539,0.06666094
859,0.62021965,0.23030502,0.31168514,0.22486159,0.3085345,0.005443424
860,1.2379917,0.3851684,0.4795587,0.3500577,0.758433,0.035110712
861,0.059362352,-0.0007033158,0.026238644,0.016897948,0.03312371,-0.017601265
862,2.1230495,0.76467335,0.98027974,0.65947616,1.1427698,0.10519719
863,1.1424075,0.45319408,0.5892008,0.36486384,0.55320674,0.08833024
864,1.8016659,0.73721707,0.9281356,0.6074681,0.8735303,0.12974894
865,1.843144,0.62009346,0.7460489,0.55013007,1.0970951,0.069963396
866,0.09998871,-0.015006192,0.062463116,0.035616614,0.03752559,-0.050622806
867,0.093542956,0.091955416,0.05715546,0.03814066,0.036387496,0.053814758
868,1.0072961,0.36740774,0.5300395,0.36692375,0.4772566,0.00048398972
869,1.6934491,0.59963316,0.802231,0.5915206,0.8912181,0.00811255
870,2.237182,0.7705322,0.8923192,0.62742734,1.3448627,0.14310485
871,1.4660023,0.8032073,0.94840413,0.7250823,0.5175982,0.078125
872,1.7201296,0.80347145,0.9359875,0.70001525,0.78414214,0.1034562
873,1.917257,0.56749225,0.7130337,0.5205614,1.2042233,0.04693085
874,1.2273204,0.4195367,0.4707652,0.33434552,0.7565552,0.08519119
875,1.5626965,0.40444788,0.5037647,0.36971742,1.0589318,0.034730464
876,1.0935658,0.31079945,0.43838063,0.28862458,0.6551852,0.022174865
877,0.33469033,0.18227693,0.15841481,0.10629487,0.17627552,0.075982064
878,0.9855863,0.33424094,0.509904,0.3654111,0.47568226,-0.03117016
879,0.19881107,0.18644229,0.115019,0.09173647,0.08379207,0.09470581
880,0.15354052,0.14917883,0.06562786,0.04962564,0.087912664,0.0995532
881,2.597322,0.71892715,0.97653407,0.72960186,1.6207879,-0.010674715
882,0.71206963,0.30975235,0.4097413,0.28387013,0.30232832,0.025882214
883,0.5510918,0.15378417,0.26961604,0.18639702,0.28147575,-0.032612845
884,0.34133342,0.20425345,0.1916473,0.14406681,0.14968611,0.06018664
885,0.7373892,0.15103933,0.23374152,0.16636728,0.5036477,-0.015327945
886,1.0563381,0.3696931,0.44499245,0.32887283,0.61134565,0.04082027
887,0.41432482,0.17228335,0.208145,0.14653626,0.20617983,0.02574709
888,1.1335051,0.5276078,0.5840966,0.43654203,0.5494085,0.091065764
889,1.2060958,0.66783136,0.77581674,0.56661737,0.43027908,0.10121399
890,0.8326315,0.3316004,0.3787648,0.27504772,0.45386672,0.05655268
891,0.8532025,0.42868695,0.52517617,0.39385322,0.32802635,0.03483373
892,1.3999562,0.46673822,0.603055,0.4528556,0.7969012,0.013882637
893,1.4043536,0.39367536,0.5079195,0.34935266,0.8964341,0.0443227
894,1.8463225,0.48239014,0.6652823,0.44928122,1.1810403,0.03310892
895,2.1155412,0.6434341,0.74342805,0.5217642,1.3721132,0.12166989
896,1.4891865,0.82713753,0.8450221,0.6475309,0.64416444,0.17960662
897,1.6761404,0.517641,0.6382679,0.44821462,1.0378726,0.06942639
898,1.0825659,0.43612173,0.5808369,0.40325302,0.501729,0.032868713
899,1.8458314,0.6171147,0.83392125,0.61438096,1.0119102,0.002733767
900,0.9995126,0.4475813,0.53179085,0.39341038,0.46772176,0.054170907
901,0.30331594,0.12453401,0.17724633,0.13508394,0.1260696,-0.010549933
902,2.6901357,1.0999099,1.2758247,0.91949713,1.414311,0.18041277
903,0.3867244,0.15995067,0.18032189,0.13193935,0.20640253,0.028011322
904,2.1953926,0.6669,0.7986377,0.5685471,1.396755,0.09835285
905,1.5459712,0.5503765,0.6601497,0.4813141,0.88582146,0.06906238
906,-0.0075126137,0.115303785,0.016791208,0.008394813,-0.024303822,0.10690897
907,0.7802664,0.23793088,0.33452427,0.23869053,0.44574213,-0.0007596463
908,0.64914006,0.28859338,0.3283103,0.24476616,0.32082975,0.04382722
909,2.4841335,0.8165652,1.034529,0.713496,1.4496045,0.103069186
910,1.5205939,0.4827261,0.6375745,0.4619699,0.8830194,0.020756185
911,1.7255745,0.61939454,0.64417875,0.49455374,1.0813957,0.124840796
912,2.2572203,0.59777105,0.7432148,0.521782,1.5140054,0.07598907
913,1.1936641,0.5602767,0.6946825,0.47316003,0.4989816,0.08711666
914,0.7069425,0.23311324,0.38113278,0.2482709,0.32580972,-0.015157655
915,0.09942107,0.052485086,0.086411394,0.05348414,0.013009675,-0.0009990558
916,1.4700261,0.5893095,0.73960376,0.5354976,0.7304224,0.053811908
917,1.6229843,0.7651202,1.0985669,0.7760433,0.5244174,-0.010923088
918,0.7854941,0.30789953,0.27939895,0.20903382,0.5060952,0.09886572
919,0.40906772,0.12583202,0.18222287,0.13732341,0.22684485,-0.011491388
920,1.8972086,0.7724117,0.95699847,0.6995898,0.9402101,0.072821915
921,1.0423892,0.39989057,0.5757204,0.42025328,0.46666873,-0.020362705
922,1.5006098,0.48461717,0.6537827,0.47247368,0.84682703,0.012143493
923,0.47901735,0.18481497,0.23345034,0.17118593,0.24556701,0.013629049
924,1.9112829,0.6594647,0.834622,0.54095703,1.0766609,0.11850768
925,2.7082448,0.8839852,0.9241462,0.6653205,1.7840986,0.2186647
926,0.6132667,0.20124318,0.31364617,0.21533272,0.29962054,-0.01408954
927,1.0748456,0.37188557,0.44838706,0.32388228,0.6264585,0.048003286
928,1.9757679,0.65605384,0.8256712,0.5416719,1.1500967,0.11438197
929,0.8320467,0.3099392,0.45517468,0.3332127,0.376872,-0.023273498
930,2.715458,0.56279093,0.8617123,0.5948774,1.8537457,-0.03208649
931,1.5801935,0.46471664,0.7009082,0.4854172,0.87928534,-0.020700544
932,0.99189377,0.34088534,0.3982845,0.26731923,0.5936093,0.07356611
933,1.6177088,0.62889266,0.7310048,0.5376651,0.886704,0.09122753
934,0.43593454,0.1414267,0.19099559,0.13798866,0.24493895,0.0034380406
935,0.21510687,0.11805125,0.11257815,0.083515316,0.10252872,0.034535937
936,2.104281,0.57378626,0.6945944,0.50468457,1.4096866,0.06910169
937,1.1330527,0.6017856,0.688635,0.52113736,0.44441772,0.08064824
938,0.6613676,0.42268103,0.36658055,0.2351921,0.29478705,0.18748893
939,1.731399,0.46211255,0.63691676,0.44728288,1.0944823,0.014829665
940,2.0096657,0.5924308,0.69446707,0.4822332,1.3151987,0.110197574
941,1.8726268,1.0735853,1.3550171,1.030172,0.5176097,0.04341328
942,1.0391074,0.5127134,0.4873798,0.3679897,0.55172765,0.14472368
943,1.7669342,0.7733372,0.7811102,0.5886786,0.9858239,0.18465859
944,1.2282665,0.45509064,0.62502676,0.42263046,0.6032397,0.032460183
945,0.55283546,0.34336644,0.31222013,0.22327995,0.24061534,0.12008649
946,0.27159765,0.13398042,0.15569222,0.10666372,0.115905434,0.027316704
947,0.13526535,0.08099804,0.06786749,0.05220481,0.06739786,0.02879323
948,2.0183256,0.5748917,0.74130315,0.52624285,1.2770224,0.048648834
949,1.8086263,0.65435714,0.8882405,0.6228971,0.9203858,0.031460047
950,1.4095635,0.41152486,0.5440706,0.41480303,0.86549294,-0.003278166
951,2.329833,0.7632137,0.9394029,0.6539175,1.3904302,0.1092962
952,1.397054,0.5157244,0.6049776,0.4483227,0.79207635,0.06740171
953,2.126152,0.74770063,0.80919886,0.5997119,1.3169532,0.14798874
954,0.21953355,0.012699208,0.100918755,0.06673739,0.11861479,-0.054038182
955,2.0197084,0.8293975,0.98787415,0.72916234,1.0318342,0.100235164
956,2.6549175,1.1317136,1.1952646,0.90090024,1.4596529,0.23081338
957,1.0519845,0.4776575,0.7115387,0.48231253,0.34044588,-0.0046550333
958,2.0927522,0.4972535,0.64134914,0.47378135,1.4514031,0.02347216
959,1.6260848,0.5132421,0.642525,0.4643758,0.9835598,0.04886633
960,1.0906193,0.70990384,0.7799188,0.59898335,0.31070054,0.11092049
961,0.43093893,0.14115888,0.22010255,0.1462467,0.21083638,-0.0050878227
962,1.3778868,0.37743625,0.52909404,0.3772307,0.84879273,0.00020554662
963,0.5465503,0.19135028,0.28672975,0.19734095,0.25982052,-0.005990669
964,0.34395042,0.24635476,0.1795247,0.13068596,0.16442572,0.1156688
965,2.2259946,0.8118422,1.1247991,0.8026325,1.1011955,0.0092096925
966,0.15521407,0.008838946,0.10764724,0.07135527,0.04756683,-0.062516324
967,0.51215494,0.25609237,0.26142383,0.16439846,0.2507311,0.09169391
968,1.220079,0.5581779,0.6657282,0.49247772,0.55435073,0.06570017
969,0.73555434,0.31727538,0.34931752,0.26162738,0.38623682,0.055648
970,0.9003731,0.43919098,0.46348506,0.34876752,0.43688804,0.090423465
971,0.6760706,0.26317737,0.34946564,0.25881535,0.32660493,0.004362017
972,1.5559741,0.64003676,0.8360373,0.6174682,0.71993685,0.022568583
973,1.2057674,0.31792566,0.46915096,0.33322644,0.73661643,-0.015300781
974,1.2486308,0.31180218,0.39689264,0.2762978,0.8517381,0.03550437
975,0.67809,0.2516496,0.3405934,0.24853098,0.33749658,0.0031186044
976,1.9323323,0.6574697,0.70206183,0.4849761,1.2302704,0.17249358
977,0.9518579,0.49135542,0.62727654,0.4735064,0.32458138,0.017849028
978,0.12779668,0.06929753,0.074719965,0.060897063,0.053076714,0.008400466
979,1.538362,0.6323107,0.71524966,0.50341666,0.82311237,0.12889403
980,1.1993768,0.65162927,0.7903695,0.6017814,0.4090073,0.04984784
981,1.1881355,0.26845244,0.40176648,0.28475773,0.786369,-0.016305298
982,1.6027043,0.54289496,0.7054135,0.5001849,0.89729077,0.042710066
983,0.32474628,0.052481845,0.09114009,0.063064225,0.23360619,-0.01058238
984,0.42018044,0.26229033,0.28211644,0.20590286,0.138064,0.05638747
985,0.54472077,0.21093568,0.20444643,0.14414802,0.34027433,0.06678766
986,1.8832566,0.6546419,0.85851085,0.6314076,1.0247457,0.023234308
987,1.466344,0.55486923,0.7018353,0.5067445,0.7645087,0.04812473
988,1.1176364,0.5331722,0.6493368,0.48732623,0.46829963,0.045845956
989,1.6820519,0.6632418,0.77104217,0.5698125,0.9110097,0.09342933
990,1.0097027,0.32339686,0.48726624,0.33882183,0.52243644,-0.015424967
991,1.4043064,0.6955283,0.79379714,0.610164,0.6105093,0.08536434
992,0.29575214,0.056566358,0.14574857,0.091509834,0.15000357,-0.034943476
993,0.9770106,0.51455414,0.583069,0.42018676,0.39394158,0.094367385
994,1.2861689,0.5572262,0.6658875,0.47084767,0.62028146,0.086378515
995,1.4013407,0.56279767,0.6260502,0.46554095,0.77529055,0.09725672
996,0.8741884,0.3184796,0.35903418,0.25021347,0.51515424,0.06826612
997,2.2395003,0.6541748,0.8367298,0.5907041,1.4027705,0.06347072
998,2.1983821,0.58220345,0.80999815,0.5685948,1.388384,0.0136086345
999,0.40657288,0.1534044,0.22229472,0.1536069,0.18427816,-0.00020250678
1000,0.481106,0.18637553,0.24617362,0.14420882,0.2349324,0.04216671
1001,1.4206228,0.5548047,0.69961786,0.52750266,0.72100496,0.027302027
1002,1.7426928,0.82183945,0.95463455,0.71821827,0.7880583,0.103621185
1003,0.51093674,0.21094391,0.3198698,0.23622012,0.19106695,-0.025276214
1004,1.2505026,0.36945483,0.52061534,0.3546651,0.72988725,0.01478973
1005,0.59744424,0.2060952,0.2771904,0.20034072,0.32025385,0.0057544857
1006,2.1504083,0.9746926,0.8818976,0.66297925,1.2685106,0.31171334
1007,0.16095898,0.09876874,0.10616402,0.078765154,0.054794952,0.020003587
1008,0.6846507,0.24469715,0.28389734,0.20588498,0.40075338,0.038812175
1009,1.1129628,0.50855213,0.64652324,0.48606881,0.4664396,0.022483319
1010,1.848015,0.8090113,1.0341417,0.7405865,0.8138733,0.06842476
1011,0.39172035,0.11549398,0.2431453,0.16792603,0.14857505,-0.052432045
1012,1.5871303,0.47300646,0.66263497,0.4412884,0.92449534,0.031718045
1013,3.6004355,0.8622692,1.0355247,0.6984463,2.564911,0.16382295
1014,1.4719907,0.55776024,0.62252516,0.47449225,0.84946555,0.08326799
1015,1.21649,0.40926486,0.50539905,0.3547191,0.711091,0.05454576
1016,1.0027827,0.44414017,0.51010305,0.36817914,0.49267966,0.07596102
1017,0.792559,0.38251656,0.43624368,0.3155579,0.35631534,0.066958666
1018,0.022395268,-0.05530743,0.03440181,0.019585697,-0.012006544,-0.074893124
1019,0.60062444,0.18451746,0.3189449,0.2200543,0.28167954,-0.03553684
1020,0.90728503,0.37623736,0.41721687,0.30090895,0.49006817,0.07532841
1021,0.36109447,0.1187855,0.21418019,0.1533182,0.14691429,-0.034532696
1022,0.26567146,0.1564974,0.13879666,0.09464288,0.1268748,0.061854526
1023,1.839957,0.48701543,0.6618694,0.46888122,1.1780876,0.018134207
1024,0.5979866,0.3418763,0.3107041,0.2152802,0.28728247,0.1265961
1025,0.6000969,0.2501577,0.25004762,0.17716534,0.35004926,0.07299237
1026,0.42850995,0.1625537,0.24176078,0.17555004,0.18674918,-0.012996346
1027,0.80953777,0.24725634,0.2141475,0.12064661,0.59539026,0.12660973
1028,1.6215882,0.5377432,0.6395391,0.4544719,0.9820491,0.083271325
1029,1.0224261,0.44153136,0.5242201,0.38595346,0.49820602,0.055577904
1030,1.3532875,0.64401317,0.7465564,0.55249864,0.60673106,0.09151453
1031,0.7729618,0.32518438,0.29205057,0.2158581,0.48091123,0.10932627
1032,1.8418041,0.569694,0.7794002,0.5896948,1.0624039,-0.020000815
1033,1.6518571,0.6893649,0.84136474,0.64172566,0.8104924,0.04763925
1034,1.0620776,0.34575334,0.5460152,0.37329882,0.51606244,-0.027545482
1035,1.7415214,0.6124471,0.71919286,0.49317795,1.0223285,0.11926913
1036,0.63470274,0.29176295,0.25538486,0.16816399,0.37931788,0.12359896
1037,0.77696025,0.19152422,0.30718544,0.21533318,0.4697748,-0.023808956
1038,0.30538166,0.09561406,0.1498732,0.10698519,0.15550846,-0.011371128
1039,1.8738937,0.62067145,0.77401906,0.57114375,1.0998747,0.049527705
1040,0.3118615,0.25310513,0.19967103,0.14798239,0.112190455,0.105122745
1041,1.3551705,0.45134905,0.60306334,0.43416095,0.75210714,0.017188102
1042,2.2988195,0.65677565,0.93486613,0.6772584,1.3639534,-0.020482719
1043,0.54699254,0.15189046,0.26828966,0.18082073,0.27870288,-0.028930277
1044,0.42479336,0.1850887,0.22662935,0.16903576,0.19816402,0.016052932
1045,1.049564,0.36351484,0.5375451,0.3830698,0.5120189,-0.019554973
1046,1.12079,0.48912588,0.5837603,0.44048882,0.5370297,0.048637062
1047,0.7267966,0.25718433,0.40690622,0.29478335,0.3198904,-0.037599027
1048,0.70210296,0.27734238,0.3050937,0.20981798,0.39700925,0.0675244
1049,1.5704886,0.470418,0.58103466,0.41371337,0.9894539,0.05670464
1050,2.2617252,0.85537213,1.0342995,0.7830071,1.2274257,0.072365046
1051,1.7389529,0.73978233,0.93452156,0.6990215,0.8044313,0.040760815
1052,1.4974084,0.4914559,0.67546153,0.47309646,0.82194686,0.018359452
1053,0.39387327,0.17014676,0.24586186,0.15961015,0.14801142,0.010536611
1054,1.4740397,0.44452444,0.65653014,0.44897255,0.81750953,-0.004448116
1055,1.9712875,0.5621214,0.601719,0.44766325,1.3695685,0.11445814
1056,1.0602438,0.3789376,0.5011257,0.3565453,0.55911815,0.022392303
1057,0.865768,0.38790628,0.482203,0.33569688,0.383565,0.052209407
1058,0.31440875,0.19702743,0.19861315,0.15984607,0.1157956,0.037181363
1059,1.2141693,0.517602,0.6016602,0.44361186,0.6125091,0.073990166
1060,0.7755622,0.323432,0.35784775,0.24148767,0.41771448,0.08194433
1061,2.1754074,0.71804357,0.91925544,0.6286963,1.2561519,0.08934724
1062,0.550233,0.3211448,0.29346043,0.20937808,0.25677258,0.11176671
1063,1.105111,0.4892628,0.6454319,0.49909386,0.45967913,-0.009831071
1064,2.0936396,0.8915897,0.9718874,0.7271821,1.1217523,0.16440761
1065,1.5706646,0.683068,0.83615744,0.6051446,0.7345072,0.07792336
1066,1.068774,0.62649375,0.61616653,0.48996776,0.45260745,0.13652599
1067,0.6002772,0.2908613,0.2894269,0.2060904,0.3108503,0.0847709
1068,0.4778198,0.18710619,0.22129731,0.16203368,0.25652248,0.025072515
1069,0.6303589,0.16235235,0.2471065,0.16071165,0.38325238,0.0016407073
1070,0.7956832,0.2542259,0.3228737,0.23438188,0.4728095,0.019844025
1071,0.08697108,-0.01646582,0.058716357,0.043838896,0.028254725,-0.060304716
1072,0.56457925,0.19752564,0.27669787,0.1983257,0.28788137,-0.00080005825
1073,2.2467244,0.75420976,0.72690403,0.5597242,1.5198203,0.19448555
1074,1.5368127,0.64754206,0.71089345,0.5463571,0.8259192,0.101184964
1075,0.3564019,0.11476321,0.15714183,0.104592346,0.19926006,0.010170862
1076,1.5839442,0.59264797,0.73962677,0.52752525,0.84431744,0.06512272
1077,1.1615474,0.4907104,0.59150267,0.4299249,0.57004476,0.060785502
1078,0.25422385,0.13788743,0.12781298,0.08957463,0.12641087,0.048312806
1079,2.4109423,0.93125427,1.0412225,0.7580418,1.3697199,0.17321247
1080,2.5162878,0.6086897,0.9153205,0.6454293,1.6009673,-0.036739588
1081,1.2339458,0.49124143,0.63608897,0.43971333,0.5978569,0.051528096
1082,0.23506641,0.13332053,0.1487649,0.10001671,0.08630152,0.033303812
1083,0.14046428,0.091449425,0.07967095,0.06079501,0.060793325,0.030654415
1084,0.04501793,0.17874971,0.051349394,0.03163614,-0.0063314624,0.14711356
1085,0.485809,0.18557253,0.21493323,0.15340368,0.27087575,0.03216885
1086,1.3280091,0.38531345,0.5130687,0.3738061,0.81494045,0.011507362
1087,1.8437017,0.6923794,0.7427401,0.5517725,1.1009617,0.14060694
1088,1.652673,0.34353656,0.46093613,0.33638197,1.1917369,0.007154584
1089,0.18861781,0.1856585,0.09438209,0.06027928,0.09423572,0.12537922
1090,1.3885006,0.7178205,0.76106274,0.60202396,0.62743783,0.115796566
1091,0.3302696,0.1763079,0.1810266,0.11887932,0.14924301,0.057428584
1092,0.7956532,0.31154594,0.3568679,0.26158196,0.4387853,0.04996398
1093,1.7693394,0.55684584,0.7528013,0.52128726,1.0165381,0.03555858
1094,0.9264167,0.42852333,0.52514875,0.35661805,0.40126795,0.071905285
1095,0.66699445,0.2454128,0.37085146,0.2528105,0.296143,-0.0073977113
1096,0.05403723,0.06507166,0.03405247,0.029321771,0.01998476,0.035749886
1097,1.1935112,0.48402083,0.64138156,0.46179375,0.5521297,0.022227079
1098,1.210092,0.64536357,0.67117995,0.48606116,0.538912,0.15930241
1099,1.9166529,0.88036966,1.0691645,0.77564776,0.8474884,0.104721904
1100,1.4394753,0.7114745,0.8591431,0.6439344,0.5803322,0.06754005
1101,2.7535758,1.0227641,1.1917719,0.891332,1.5618039,0.13143212
1102,1.3012279,0.35421365,0.41368023,0.31031626,0.88754773,0.04389739
1103,0.69274586,0.23473877,0.34052202,0.2444514,0.35222384,-0.0097126365
1104,0.8971648,0.3497842,0.5353962,0.35385758,0.3617686,-0.0040733814
1105,0.8066124,0.23005666,0.36834773,0.24096608,0.43826464,-0.010909423
1106,1.0213082,0.39769202,0.54265213,0.3950469,0.47865605,0.002645135
1107,0.37224483,0.16480945,0.17106146,0.11803969,0.20118338,0.04676976
1108,0.8870914,0.44417447,0.45996362,0.32895952,0.42712778,0.115214944
1109,2.6759531,0.8027544,1.0961285,0.7962219,1.5798247,0.0065324903
1110,2.477563,0.9291558,1.0731056,0.76886076,1.4044573,0.16029507
1111,0.37827182,0.10739667,0.18293163,0.12740816,0.19534019,-0.020011492
1112,1.1852341,0.6694886,0.72503096,0.55623627,0.4602031,0.11325234
1113,0.4825837,0.17587148,0.26173416,0.1645643,0.22084954,0.01130718
1114,1.7084644,0.5574657,0.78652287,0.49390572,0.9219415,0.06355995
1115,1.7328079,0.6519099,0.7714209,0.55241024,0.961387,0.09949964
1116,1.2570343,0.47109067,0.59732974,0.41291672,0.65970457,0.058173954
1117,0.06002941,0.009863384,0.030292336,0.018292943,0.029737074,-0.008429559
1118,0.79571474,0.30783188,0.48410958,0.32157817,0.31160516,-0.013746291
1119,1.5277138,0.59670794,0.80597955,0.5981705,0.7217342,-0.0014625788
1120,2.8661244,0.87949634,1.0367036,0.7233144,1.8294208,0.15618193
1121,1.5652052,0.53346413,0.62771016,0.4548958,0.93749505,0.07856834
1122,1.6355884,0.57563037,0.7603116,0.50257117,0.8752768,0.0730592
1123,0.1830773,0.054551773,0.057937443,0.041154798,0.12513986,0.013396975
1124,0.3970694,0.22333139,0.20784798,0.155522,0.18922141,0.06780939
1125,2.727293,0.82767,0.9957054,0.71413076,1.7315876,0.11353922
1126,0.53015894,0.14583519,0.19054593,0.13556416,0.33961302,0.010271028
1127,0.8004393,0.3693693,0.3629563,0.26675916,0.437483,0.10261014
1128,1.0887662,0.5158603,0.59400237,0.44289637,0.49476385,0.07296395
1129,1.5797832,0.6263535,0.83099747,0.5632321,0.74878573,0.06312138
1130,0.2973641,0.119468935,0.14781421,0.107137665,0.14954987,0.01233127
1131,1.3309392,0.50845283,0.5522238,0.3885687,0.7787154,0.11988413
1132,0.42766875,0.27440748,0.17881052,0.12501565,0.24885823,0.14939183
1133,1.3757322,0.6420982,0.7130774,0.52724874,0.66265476,0.11484945
1134,0.63555783,0.27136192,0.37982178,0.2763885,0.25573605,-0.005026579
1135,0.11673624,0.16588067,0.08820435,0.06606159,0.028531894,0.09981907
1136,1.1194209,0.45948902,0.5477026,0.3732505,0.5717183,0.0862385
1137,1.569022,0.63784444,0.7478439,0.5532466,0.82117814,0.084597826
1138,0.029874599,0.12457595,0.03147425,0.020001246,-0.0015996527,0.1045747
1139,1.2406112,0.5706656,0.6538516,0.473252,0.58675957,0.0974136
1140,0.49122548,0.25940907,0.2695957,0.17178145,0.22162977,0.08762762
1141,2.312854,0.5776289,0.73407876,0.5296809,1.5787753,0.047948003
1142,2.014666,0.68561196,0.77933776,0.557134,1.2353283,0.12847799
1143,1.530286,0.47072858,0.5688392,0.40226212,0.96144676,0.068466455
1144,0.3010582,0.08510245,0.19749369,0.13181788,0.103564516,-0.04671543
1145,0.67967373,0.22921857,0.33228076,0.22500956,0.34739298,0.004209012
1146,0.34148574,0.11249096,0.1285886,0.08785682,0.21289714,0.024634138
1147,1.8852288,0.8591121,0.94424856,0.7121965,0.9409802,0.14691556
1148,1.6204916,0.65277195,0.7572313,0.57300633,0.8632603,0.07976562
1149,0.9795927,0.45169395,0.49977192,0.3834545,0.47982076,0.06823945
1150,1.384818,0.6650172,0.7336043,0.53047734,0.65121365,0.13453984
1151,1.3780447,0.4524857,0.60279465,0.43808594,0.7752501,0.014399767
1152,0.68911654,0.30486786,0.36886945,0.25958094,0.32024708,0.045286924
1153,2.0071285,0.72757053,0.8673192,0.6327192,1.1398093,0.094851315
1154,1.4319737,0.5946838,0.7979532,0.59165263,0.6340205,0.0030311942
1155,2.6154861,0.72845817,0.8955566,0.655347,1.7199295,0.07311118
1156,2.1565342,0.69727147,0.8507803,0.64139444,1.305754,0.05587703
1157,0.2937757,0.11635251,0.1784053,0.12840447,0.11537041,-0.012051955
1158,3.5543451,0.8950623,1.3146181,0.853752,2.239727,0.04131031
1159,1.5077605,0.60364014,0.6084533,0.43744797,0.89930725,0.16619217
1160,0.44510496,0.2175533,0.27288395,0.20256388,0.172221,0.014989421
1161,1.6627872,0.7702091,0.8476399,0.6270442,0.8151473,0.14316487
1162,1.180196,0.5483242,0.63395196,0.44300714,0.5462441,0.105317086
1163,2.9865289,0.88849336,1.1780525,0.7977763,1.8084763,0.09071708
1164,2.1004634,0.7416401,0.9186511,0.69450647,1.1818123,0.047133625
1165,0.28191617,0.07692912,0.14736177,0.1044272,0.1345544,-0.027498081
1166,0.19127178,0.1019645,0.10112637,0.078825936,0.09014541,0.023138568
1167,1.8526499,0.6465448,0.86889917,0.56348544,0.98375076,0.08305937
1168,1.177811,0.47323805,0.60955936,0.44906187,0.56825167,0.02417618
1169,0.33590508,0.23576692,0.19249389,0.13503933,0.14341119,0.10072759
1170,0.4790956,0.22334003,0.23260275,0.17555635,0.24649286,0.047783688
1171,0.044312652,0.17831692,0.059838604,0.039901234,-0.015525952,0.1384157
1172,1.1217119,0.3467204,0.53564084,0.35335153,0.586071,-0.006631136
1173,0.2181218,0.05562839,0.13748406,0.08530338,0.08063774,-0.029674992
1174,1.1339445,0.47480753,0.56266654,0.3971696,0.571278,0.07763794
1175,0.40882877,0.1791892,0.20106456,0.14661321,0.20776421,0.032575995
1176,1.6948795,0.52240646,0.66590977,0.48795375,1.0289698,0.034452707
1177,1.0690786,0.38569573,0.6059353,0.4034242,0.4631433,-0.017728478
1178,2.1566768,0.85875195,0.9034647,0.6459569,1.2532121,0.21279508
1179,1.768437,0.57590973,0.7857121,0.49562988,0.9827249,0.08027986
1180,0.77871746,0.3599673,0.433204,0.32802725,0.34551346,0.031940043
1181,1.332262,0.37506723,0.5349192,0.39727762,0.79734284,-0.02221039
1182,0.21547197,0.08086394,0.11784242,0.08893298,0.09762955,-0.008069046
1183,0.5910955,0.22558858,0.27829987,0.19286284,0.31279564,0.032725736
1184,2.6277964,0.82864195,1.016022,0.7059585,1.6117744,0.122683465
1185,1.3138596,0.46243596,0.5601081,0.39084956,0.75375146,0.0715864
1186,1.5917692,0.61250347,0.7838686,0.5553629,0.8079006,0.05714059
1187,0.70281625,0.20572741,0.3956135,0.267894,0.30720276,-0.062166587
1188,1.0043612,0.45318308,0.5461801,0.40493694,0.45818102,0.048246145
1189,0.48591796,0.18027364,0.30479527,0.20277281,0.18112269,-0.022499174
1190,0.9667295,0.28570524,0.4528895,0.31367928,0.51384,-0.02797404
1191,0.8188496,0.21961416,0.39155227,0.23150864,0.42729735,-0.011894479
1192,0.4214952,0.14339541,0.24118216,0.17415805,0.18031304,-0.030762643
1193,0.81692094,0.45174888,0.4837063,0.35476962,0.33321464,0.09697926
1194,2.2613282,0.6612177,0.8756612,0.60533696,1.3856671,0.055880725
1195,0.41364282,0.16695924,0.20095077,0.14973953,0.21269205,0.017219707
1196,2.2796736,0.63911265,0.7820405,0.5808205,1.4976331,0.05829215
1197,1.4004637,0.587735,0.7702781,0.54882646,0.6301856,0.03890854
1198,0.35319644,0.09546869,0.20154421,0.12426559,0.15165223,-0.028796896
1199,1.081839,0.4158086,0.59266496,0.39585263,0.489174,0.019955963
1200,1.331385,0.6675532,0.7611752,0.55557644,0.5702098,0.11197674
1201,1.4079119,0.50579596,0.6547679,0.46484965,0.753144,0.040946305
1202,0.5726359,0.32304117,0.32650974,0.24016412,0.24612615,0.082877055
1203,2.4729111,0.9242274,0.89809906,0.66121733,1.574812,0.26301008
1204,0.2667624,0.06680756,0.10192182,0.06628888,0.16484058,0.0005186796
1205,1.0052431,0.53308654,0.6363284,0.48189226,0.36891466,0.05119428
1206,1.0292243,0.3325004,0.4330481,0.3072794,0.59617615,0.02522099
1207,1.8355896,0.75337577,0.98153675,0.69264805,0.8540529,0.060727715
1208,0.9579738,0.3589559,0.519319,0.3482276,0.43865478,0.0107283
1209,1.8305074,0.69776696,0.8919388,0.65692157,0.9385686,0.040845394
1210,1.5445958,0.52240694,0.5860659,0.4498259,0.95852995,0.07258102
1211,2.8457308,0.687023,0.8616618,0.62500316,1.984069,0.062019825
1212,1.3597531,0.48331285,0.5240464,0.401829,0.8357067,0.08148384
1213,1.714195,0.6548346,0.7745031,0.57551414,0.9396919,0.07932049
1214,0.3395897,0.170931,0.1735034,0.13659482,0.16608629,0.03433618
1215,0.9763282,0.46338123,0.53630656,0.3825315,0.44002163,0.08084974
1216,1.4531575,0.57640916,0.6713464,0.46984547,0.7818111,0.10656369
1217,3.0400548,0.7543776,1.0970507,0.71264815,1.9430041,0.04172945
1218,3.3376858,1.116324,1.3100262,0.98319274,2.0276597,0.1331312
1219,1.6461728,0.5575338,0.7910994,0.57579744,0.85507333,-0.018263638
1220,1.2974371,0.5923998,0.6331479,0.46242976,0.6642892,0.12997001
1221,1.2342604,0.54874265,0.66310275,0.48787102,0.5711577,0.06087163
1222,0.9548303,0.37996787,0.559414,0.3839219,0.39541626,-0.003954023
1223,1.1507218,0.41471794,0.5932193,0.41112193,0.5575025,0.0035960078
1224,2.072111,0.9205935,1.0648277,0.7673584,1.0072832,0.15323508
1225,0.23657855,0.16648725,0.14354718,0.097137295,0.09303138,0.06934995
1226,1.2539951,0.62485147,0.70516425,0.53791106,0.5488308,0.08694041
1227,0.938812,0.288525,0.41441482,0.2979476,0.5243972,-0.0094226
1228,1.6074512,0.8526472,0.95922834,0.7090237,0.64822286,0.14362347
1229,0.25588962,0.11361938,0.117473625,0.08388017,0.13841599,0.029739209
1230,0.74845463,0.3052474,0.4057145,0.29909313,0.34274012,0.006154269
1231,0.91049653,0.33351174,0.41681385,0.31248793,0.49368268,0.02102381
1232,0.5842715,0.2824202,0.30607566,0.21873847,0.27819583,0.06368172
1233,0.48302934,0.17752771,0.21581869,0.15735815,0.26721066,0.020169556
1234,1.2374287,0.6844835,0.75587684,0.574474,0.48155183,0.11000955
1235,1.6863822,0.5345399,0.5949899,0.40585166,1.0913923,0.12868822
1236,1.2127916,0.61427367,0.6435313,0.47677422,0.56926024,0.13749945
1237,0.33236286,0.10098217,0.16637658,0.120592356,0.16598628,-0.019610189
1238,1.6978548,0.70903116,0.81276435,0.600467,0.8850904,0.10856414
1239,2.1719325,0.7050092,0.8967105,0.6579663,1.275222,0.047042906
1240,0.5944637,0.2971921,0.29883927,0.21101394,0.29562443,0.086178154
1241,1.0014355,0.29827303,0.40096155,0.27874961,0.600474,0.019523412
1242,0.9317508,0.30391625,0.4275446,0.29102895,0.5042062,0.012887299
1243,1.7136647,0.5198482,0.63801444,0.47831982,1.0756502,0.041528404
1244,0.8421604,0.3576503,0.5082703,0.3642221,0.33389008,-0.0065717995
1245,1.5380676,0.41091287,0.5897474,0.40576345,0.94832015,0.005149424
1246,1.1776686,0.47639436,0.53556544,0.40170068,0.64210314,0.07469368
1247,0.6691712,0.32866144,0.40603772,0.30461904,0.2631335,0.024042398
1248,1.5280553,0.5532612,0.7021824,0.46499115,0.8258729,0.08827007
1249,0.16428128,0.09597192,0.10816896,0.08734496,0.05611232,0.00862696
1250,1.7053803,0.8552285,1.1079514,0.8169881,0.5974289,0.038240373
1251,0.8767607,0.3472821,0.37730452,0.27244568,0.4994562,0.07483643
1252,1.7497174,0.77485585,1.0179355,0.69444144,0.73178184,0.080414414
1253,1.5757716,0.6583353,0.7907244,0.54654086,0.7850472,0.11179447
1254,1.1477925,0.446129,0.4989106,0.35931093,0.64888185,0.08681807
1255,0.45424524,0.26807576,0.28529397,0.22727425,0.16895127,0.04080151
1256,1.2667316,0.3706675,0.53729844,0.35939628,0.7294332,0.0112712085
1257,1.160465,0.3778862,0.5300843,0.38164344,0.6303807,-0.0037572384
1258,0.88733816,0.22386806,0.3427279,0.23225328,0.54461026,-0.008385226
1259,0.22818735,0.0399181,0.14372607,0.08929171,0.08446129,-0.049373608
1260,0.69374007,0.21581072,0.3076819,0.20938721,0.38605818,0.006423503
1261,1.8593856,0.7528355,0.7889356,0.5791436,1.0704501,0.17369193
1262,1.0730312,0.44069052,0.55728304,0.39686528,0.51574814,0.04382524
1263,1.5736134,0.54803795,0.5679753,0.41075802,1.0056381,0.13727993
1264,0.6703141,0.21074359,0.29227996,0.20548053,0.3780341,0.0052630603
1265,1.0460572,0.49244276,0.5739242,0.41895556,0.47213304,0.07348719
1266,1.863963,0.6021878,0.7839659,0.52129775,1.0799971,0.08089006
1267,2.0976973,0.6841774,0.82064503,0.5690254,1.2770522,0.115152
1268,0.81757075,0.37453315,0.399903,0.2753333,0.41766775,0.09919986
1269,1.2091054,0.5317088,0.6192193,0.4625271,0.58988607,0.06918168
1270,1.8194561,0.6658329,0.8550781,0.61302006,0.964378,0.052812815
1271,0.3156954,0.14187196,0.16956823,0.12380445,0.14612718,0.018067509
1272,0.19053267,0.032458786,0.10009966,0.06505863,0.09043301,-0.032599848
1273,1.4414736,0.62195826,0.6851929,0.5146252,0.7562807,0.107333064
1274,0.69074684,0.20522225,0.30707186,0.20100427,0.38367498,0.0042179823
1275,1.3317666,0.60358524,0.6608497,0.5073542,0.6709169,0.09623104
1276,1.3908592,0.6360828,0.7293825,0.5241345,0.66147673,0.11194831
1277,0.20854062,0.12103657,0.13590072,0.100312784,0.0726399,0.020723782
1278,0.9841035,0.46941885,0.53180784,0.38404265,0.45229566,0.0853762
1279,1.3630868,0.6923853,0.85107374,0.62432605,0.5120131,0.068059266
1280,1.484981,0.6402656,0.84126985,0.63078505,0.6437111,0.009480536
1281,2.0959928,0.67650974,0.83501863,0.60736024,1.2609742,0.069149494
1282,2.1146493,0.55546373,0.78874695,0.5288103,1.3259023,0.026653409
1283,0.86625296,0.3127546,0.39606422,0.2828452,0.47018874,0.029909402
1284,1.8071369,0.65114117,0.78736526,0.5770173,1.0197716,0.07412386
1285,1.0503508,0.22982919,0.3889664,0.26500896,0.66138434,-0.035179764
1286,0.30920523,0.0901344,0.15386376,0.10946624,0.15534148,-0.019331843
1287,1.2143828,0.47613636,0.6559862,0.46246022,0.5583966,0.013676137
1288,1.05637,0.33613417,0.46692038,0.29518205,0.58944964,0.040952116
1289,1.3273892,0.59730667,0.6865576,0.48290548,0.64083165,0.11440119
1290,0.437583,0.20993872,0.22710975,0.15016825,0.21047325,0.059770465
1291,0.3813813,0.1864876,0.2215322,0.16903463,0.1598491,0.01745297
1292,2.081843,0.5992806,0.810606,0.56721413,1.2712369,0.032066464
1293,0.717594,0.30717933,0.43831396,0.2840827,0.27928007,0.023096621
1294,0.7259402,0.38959777,0.41586417,0.28399795,0.31007606,0.10559982
1295,1.7797381,0.47467947,0.5755892,0.40464884,1.2041489,0.07003063
1296,0.43698066,0.17534213,0.23535395,0.17262246,0.20162672,0.0027196705
1297,0.37925756,0.11693087,0.20082685,0.13733146,0.1784307,-0.020400584
1298,1.9077932,0.82450366,0.94907176,0.70542043,0.9587214,0.119083226
1299,0.558046,0.23550233,0.23451456,0.17102809,0.32353142,0.06447424
1300,0.9308654,0.3541716,0.40460554,0.2783581,0.5262599,0.0758135
1301,1.60069,0.61868805,0.7407404,0.56900567,0.8599496,0.04968238
1302,0.8371485,0.43234605,0.5084607,0.392065,0.3286878,0.040281057
1303,1.0377711,0.4814733,0.560886,0.40907383,0.47688508,0.07239947
1304,0.8297692,0.34394678,0.39393502,0.28311875,0.43583417,0.06082803
1305,1.5317763,0.6364937,0.77369654,0.5637521,0.75807977,0.07274157
1306,1.6764276,0.65585697,0.8023325,0.57013637,0.8740951,0.0857206
1307,0.4175986,0.17353502,0.21158297,0.16023262,0.20601563,0.013302401
1308,0.44345587,0.1302298,0.20569833,0.15030307,0.23775755,-0.020073265
1309,0.69763696,0.23964442,0.31486207,0.22179766,0.3827749,0.017846763
1310,1.2428238,0.6533604,0.8409735,0.6234891,0.40185034,0.029871345
1311,0.9002682,0.30789015,0.4217835,0.30389476,0.4784847,0.0039953887
1312,0.72813284,0.15892346,0.21005988,0.15927908,0.51807296,-0.0003556162
1313,1.3942623,0.5389507,0.63310146,0.45600754,0.76116085,0.08294314
1314,2.6257348,0.9059092,0.9566355,0.69820774,1.6690993,0.20770144
1315,1.8739158,1.0017097,1.0669155,0.8110008,0.8070003,0.19070888
1316,0.79973805,0.35239407,0.45897803,0.34513655,0.34076002,0.007257521
1317,1.4122715,0.5681229,0.65165776,0.4855218,0.76061374,0.08260113
1318,0.59366614,0.22821905,0.27322719,0.1830053,0.32043895,0.045213744
1319,0.9061229,0.26800558,0.49435705,0.32769907,0.41176587,-0.059693485
1320,0.8987652,0.5557275,0.55877614,0.4149448,0.33998907,0.14078268
1321,1.1689879,0.540501,0.6077811,0.4498712,0.56120676,0.090629786
1322,1.2149589,0.58854747,0.63578594,0.4664197,0.57917297,0.12212777
1323,0.863581,0.15749314,0.32173097,0.19561486,0.54185003,-0.038121715
1324,2.3327825,0.8882584,0.9918574,0.7517897,1.3409251,0.13646871
1325,1.8673385,0.5751487,0.68339527,0.4960505,1.1839433,0.079098195
1326,2.0527632,0.83264583,0.9986738,0.73335516,1.0540894,0.09929067
1327,0.18194202,-0.015338366,0.09025471,0.046154745,0.09168731,-0.06149311
1328,0.959734,0.30421942,0.45338494,0.3154112,0.5063491,-0.011191785
1329,1.0142668,0.3888076,0.48475114,0.3431645,0.52951574,0.04564309
1330,1.7472703,0.74320805,0.8746878,0.59801686,0.87258255,0.1451912
1331,0.23267618,0.060138974,0.09532994,0.06712531,0.13734624,-0.0069863386
1332,0.9990086,0.48127678,0.5676919,0.4144296,0.43131667,0.066847175
1333,1.4587266,0.5356275,0.62992394,0.4529099,0.8288027,0.0827176
1334,0.2463759,0.06275904,0.14902943,0.10249336,0.09734647,-0.03973432
1335,1.7679536,0.5914721,0.8067552,0.5795235,0.96119845,0.0119485855
1336,1.0840131,0.3373725,0.42924643,0.30038193,0.6547667,0.036990583
1337,1.3738033,0.54494745,0.6729552,0.505304,0.70084804,0.039643466
1338,1.1724238,0.5627832,0.6978055,0.52148825,0.47461832,0.041294932
1339,0.93509275,0.40386456,0.49546242,0.3464903,0.43963033,0.05737427
1340,1.9592963,0.78828,0.9646481,0.6926323,0.9946482,0.09564769
1341,0.6000528,0.22457068,0.2629046,0.18819204,0.33714816,0.036378637
1342,2.2403018,0.73849905,0.949865,0.6816027,1.2904369,0.05689633
1343,2.5248585,0.7412462,0.85796833,0.60471845,1.6668901,0.13652778
1344,0.28310668,0.1304863,0.12635949,0.090868875,0.15674719,0.03961742
1345,0.51065385,0.2643439,0.23501793,0.16139194,0.27563593,0.102951944
1346,1.9272594,0.7863263,1.0514475,0.7643301,0.87581193,0.0219962
1347,0.58085024,0.22992127,0.2687063,0.2007153,0.31214395,0.029205963
1348,1.9546232,0.7695933,0.91946125,0.66113013,1.035162,0.10846317
1349,1.3706775,0.5426228,0.64866996,0.46148056,0.7220075,0.08114225
1350,0.34572232,0.19637822,0.22900176,0.17190894,0.11672056,0.024469271
1351,1.7414033,0.5265275,0.6973506,0.48808655,1.0440527,0.038440973
1352,1.5058477,0.3307952,0.43507424,0.3146775,1.0707735,0.016117692
1353,0.60876226,0.24992216,0.2931954,0.21725194,0.31556687,0.032670215
1354,0.5125089,0.2797828,0.29161963,0.20185956,0.2208893,0.07792324
1355,3.5880566,1.0210521,1.0389378,0.7552892,2.5491188,0.26576293
1356,0.3430437,0.07880583,0.18227966,0.13627961,0.16076405,-0.057473786
1357,0.15628438,0.044940453,0.11500309,0.08425878,0.04128129,-0.039318327
1358,0.96037763,0.35241318,0.46354213,0.33258542,0.4968355,0.019827753
1359,1.5586647,0.4871286,0.67608917,0.48029226,0.8825755,0.006836325
1360,0.26524246,0.100218736,0.18567799,0.13677642,0.07956447,-0.03655768
1361,1.6502773,0.5271171,0.6793984,0.42384148,0.97087884,0.1032756
1362,1.7178988,0.6285792,0.7706898,0.56929606,0.94720906,0.059283137
1363,2.2407234,0.7444006,1.0102446,0.6578312,1.2304788,0.08656943
1364,3.1293194,0.9259687,0.9652252,0.7054248,2.1640942,0.22054392
1365,1.0814544,0.4478029,0.5620438,0.38451087,0.5194106,0.06329203
1366,0.3917163,0.16121638,0.20243318,0.15006772,0.18928312,0.011148661
1367,0.105200626,-0.011462078,0.057171293,0.045604307,0.048029333,-0.057066385
1368,0.23688324,0.08438299,0.1093121,0.07726832,0.12757114,0.007114671
1369,1.8910011,0.6739301,0.87939847,0.61916727,1.0116026,0.05476284
1370,2.4361272,0.9519109,1.1130103,0.8250453,1.3231169,0.12686563
1371,0.39329982,0.14171445,0.23658964,0.16394481,0.15671018,-0.022230357
1372,1.613522,0.54460305,0.6924664,0.50023687,0.9210557,0.04436618
1373,1.4348685,0.80319875,0.777043,0.6134768,0.65782547,0.18972194
1374,0.7135763,0.30710682,0.4092919,0.29978687,0.30428442,0.007319957
1375,0.97138596,0.4844089,0.44586268,0.32818693,0.5255233,0.15622196
1376,0.32936198,0.1298916,0.14617875,0.11468212,0.18318322,0.015209481
1377,1.7961758,0.7826114,0.89162904,0.6733064,0.9045468,0.109305024
1378,0.31580424,0.15810178,0.1686837,0.124726154,0.14712055,0.03337563
1379,1.4271373,0.6242897,0.7465087,0.54986584,0.68062854,0.07442385
1380,1.3337711,0.5240801,0.6841895,0.50928086,0.6495816,0.014799237
1381,0.16105798,0.07193638,0.07696931,0.05424835,0.08408867,0.017688025
1382,1.0541271,0.43357277,0.41985717,0.2659832,0.63426995,0.16758958
1383,0.31030592,0.16206776,0.14981668,0.105622254,0.16048925,0.0564455
1384,1.8960319,0.55942833,0.7663096,0.5495977,1.1297222,0.009830654
1385,2.6448312,0.96729934,1.0405562,0.750802,1.604275,0.21649736
1386,3.3125556,0.7717895,1.0815634,0.66422355,2.2309923,0.10756594
1387,0.15407358,0.09623602,0.07996137,0.061457574,0.074112214,0.034778446
1388,1.5563142,0.57177216,0.820512,0.57782984,0.73580223,-0.0060576797
1389,1.5564723,0.6186186,0.69848025,0.48527083,0.85799205,0.13334778
1390,1.4334208,0.6440108,0.765114,0.5597161,0.66830677,0.08429468
1391,1.2698977,0.5764714,0.71796787,0.51679504,0.55192983,0.05967635
1392,1.4469097,0.7750118,0.8233883,0.63661766,0.6235214,0.13839412
1393,0.5911352,0.22368066,0.3157502,0.23575497,0.275385,-0.012074307
1394,1.3860323,0.42125195,0.56644136,0.3983894,0.819591,0.022862554
1395,0.73894733,0.41245094,0.46356377,0.35820806,0.27538356,0.05424288
1396,2.152701,0.52587044,0.7759906,0.5357705,1.3767103,-0.0099000335
1397,0.7317241,0.388432,0.3951246,0.31120306,0.33659947,0.07722893
1398,0.574004,0.2108778,0.27656054,0.2040433,0.29744345,0.006834507
1399,1.0972302,0.37445846,0.46076593,0.32880098,0.63646424,0.045657486
1400,0.97402257,0.62871194,0.6357585,0.5065632,0.33826405,0.12214875
1401,0.23415723,0.1292972,0.16512701,0.13612905,0.069030225,-0.0068318546
1402,2.3907015,0.57101077,0.7953115,0.6072733,1.5953901,-0.036262512
1403,1.5122986,0.5819537,0.70670396,0.53537625,0.8055946,0.046577454
1404,2.5881732,1.0964092,1.2793993,1.0093882,1.3087739,0.08702099
1405,1.9403026,0.7121881,0.8943294,0.654436,1.0459732,0.057752132
1406,0.63489324,0.3129991,0.3578504,0.25005394,0.27704284,0.06294516
1407,1.4143414,0.56176496,0.7707492,0.55116767,0.64359224,0.010597289
1408,1.8481575,0.5495632,0.6821381,0.47795612,1.1660194,0.07160711
1409,0.7316474,0.33617553,0.35107145,0.25457764,0.38057593,0.081597894
1410,1.9200838,0.80854017,0.90354997,0.6267756,1.0165339,0.18176454
1411,1.6059827,0.42098454,0.55132973,0.3905367,1.0546529,0.03044784
1412,0.6993684,0.27727467,0.35746908,0.25400868,0.34189934,0.023265988
1413,1.9364297,0.6750489,0.92334473,0.6502067,1.013085,0.024842203
1414,1.1800009,0.39921835,0.45130724,0.3214755,0.72869366,0.077742845
1415,3.3045404,0.6198277,0.9502698,0.69209146,2.3542705,-0.07226378
1416,0.25546443,0.12760979,0.13232526,0.10230432,0.12313917,0.025305472
1417,0.96016204,0.313262,0.46957427,0.32793742,0.49058777,-0.014675438
1418,0.16593353,0.07546221,0.08166124,0.063064486,0.084272295,0.012397721
1419,0.23318186,0.077489026,0.13746376,0.10244296,0.0957181,-0.024953932
1420,1.6522397,0.66419554,0.91616994,0.6365299,0.73606974,0.027665615
1421,1.163055,0.47346938,0.59669,0.45424256,0.56636494,0.01922682
1422,2.1910806,0.8253563,0.9159104,0.7068492,1.2751701,0.11850709
1423,1.0324396,0.3682735,0.5123201,0.35213858,0.5201195,0.016134918
1424,1.4171296,0.4857483,0.650952,0.45067167,0.76617765,0.03507662
1425,0.73476547,0.3582081,0.30096388,0.17929211,0.4338016,0.17891598
1426,0.83661187,0.24461399,0.472797,0.28948903,0.36381486,-0.04487504
1427,1.0760435,0.38412985,0.521305,0.3611208,0.55473846,0.023009062
1428,0.75985396,0.3117697,0.41790003,0.30347472,0.34195393,0.00829497
1429,1.5598879,0.58952767,0.6487638,0.469412,0.9111241,0.12011567
1430,0.80202705,0.3690779,0.41558737,0.3170856,0.38643968,0.051992297
1431,1.2705404,0.5290267,0.6467568,0.4804562,0.6237835,0.048570484
1432,0.3523225,0.20508304,0.19362953,0.14184642,0.15869296,0.063236624
1433,1.9401727,0.7099902,0.78933877,0.58205205,1.1508338,0.12793815
1434,1.3975391,0.50697875,0.6238305,0.4318327,0.77370864,0.07514605
1435,1.5802916,0.5611148,0.6860026,0.4777049,0.894289,0.083409876
1436,0.91125536,0.28930137,0.3856039,0.25619859,0.52565145,0.03310278
1437,1.1739436,0.49811217,0.65112936,0.47322053,0.5228143,0.024891645
1438,1.8025262,0.56775844,0.79043794,0.53722,1.0120883,0.03053844
1439,0.13639186,0.15974398,0.088526405,0.06811534,0.047865458,0.09162864
1440,1.5507898,0.63101685,0.77164334,0.5862446,0.7791465,0.044772267
1441,2.0341656,0.6219661,0.81059825,0.5610124,1.2235674,0.060953736
1442,0.42867208,0.1441258,0.17576997,0.13076338,0.2529021,0.013362423
1443,0.24202213,0.12321686,0.1204111,0.09312452,0.12161103,0.030092344
1444,0.4669726,0.21660115,0.275679,0.2140832,0.1912936,0.0025179535
1445,0.34076694,0.13891475,0.22803184,0.15849182,0.11273509,-0.019577071
1446,1.682959,0.61512226,0.81986314,0.54957426,0.8630958,0.065548
1447,1.666508,0.51178515,0.64936703,0.48489347,1.0171409,0.026891679
1448,-0.01148835,0.14999826,0.023235332,0.010080444,-0.034723684,0.13991782
1449,1.5566304,0.70155144,0.7521925,0.56905067,0.8044379,0.13250077
1450,0.9810389,0.3812875,0.553397,0.39675626,0.42764193,-0.015468776
1451,2.310606,0.65161276,0.7522566,0.56914294,1.5583494,0.08246982
1452,1.271263,0.54154927,0.5657986,0.42348576,0.7054644,0.11806351
1453,1.67391,0.77557534,0.9488511,0.6747352,0.7250589,0.10084015
1454,1.8510413,0.7128926,0.8584131,0.6674142,0.9926282,0.045478404
1455,0.3173889,0.20666541,0.1722519,0.11961578,0.145137,0.08704963
1456,0.4961366,0.2802799,0.2717863,0.19616343,0.2243503,0.084116474
1457,1.315608,0.6862433,0.7598761,0.59897244,0.55573195,0.087270856
1458,0.2702183,0.20601873,0.1703013,0.11800997,0.09991701,0.08800876
1459,0.21300198,0.13307646,0.1270592,0.09954974,0.085942775,0.03352672
1460,1.4053762,0.64515436,0.7934858,0.5851723,0.6118904,0.05998206
1461,0.88766706,0.23288806,0.3235446,0.22751239,0.56412244,0.0053756684
1462,2.658055,0.8835019,1.0447739,0.75925106,1.6132811,0.12425083
1463,1.5070806,0.43893993,0.5299991,0.39092183,0.9770815,0.048018098
1464,1.3076752,0.5095392,0.59941304,0.43456626,0.7082622,0.07497293
1465,0.5948958,0.38834766,0.3283372,0.23562565,0.2665586,0.152722
1466,2.0619488,0.6429969,0.88008416,0.6304711,1.1818646,0.012525797
1467,1.925479,0.6651652,0.7447149,0.52786434,1.1807642,0.13730085
1468,0.43031853,0.05902598,0.19995709,0.12865321,0.23036145,-0.06962723
1469,0.48791167,0.24359597,0.23643565,0.158825,0.25147602,0.08477098
1470,1.150461,0.31351045,0.603331,0.38124615,0.5471299,-0.0677357
1471,0.6242832,0.23276341,0.3273624,0.24105063,0.2969208,-0.008287221
1472,0.892698,0.4013397,0.51395994,0.34333163,0.37873805,0.058008075
1473,3.1120076,0.6927883,1.0220526,0.67965204,2.0899549,0.013136268
1474,0.3950327,0.13973525,0.17724171,0.12621036,0.21779099,0.01352489
1475,2.2152417,0.7140443,0.9230386,0.6802168,1.2922031,0.033827484
1476,3.1090558,0.837583,1.1572024,0.8117496,1.9518534,0.025833428
1477,0.12641798,0.15834136,0.07637631,0.05208037,0.050041668,0.10626099
1478,1.0045519,0.36865723,0.6364463,0.3998924,0.3681056,-0.031235158
1479,2.0102,0.6077911,0.79783547,0.6077068,1.2123646,8.434057e-05
1480,0.56961226,0.25526708,0.2701202,0.18604027,0.29949206,0.06922682
1481,0.6303172,0.27552155,0.33271593,0.25036445,0.29760128,0.025157094
1482,1.6258986,0.5684473,0.7115226,0.47781238,0.914376,0.09063491
1483,1.8266976,0.6172971,0.7457017,0.56840074,1.0809959,0.048896372
1484,0.3654498,0.24570648,0.20610563,0.13843788,0.15934415,0.1072686
1485,1.1667824,0.41727352,0.5489936,0.36604762,0.6177888,0.0512259
1486,1.0708058,0.33767757,0.45994624,0.3331493,0.6108595,0.0045282543
1487,1.4581348,0.548677,0.71361274,0.49599236,0.74452204,0.052684665
1488,0.7655014,0.31709594,0.42198902,0.2963244,0.34351236,0.020771533
1489,1.2846677,0.66569996,0.68273616,0.4807915,0.6019316,0.18490845
1490,0.31832698,0.14495869,0.15990481,0.118510626,0.15842217,0.026448064
1491,0.53489935,0.35973853,0.3476961,0.25592536,0.18720326,0.10381317
1492,1.1593742,0.3522344,0.42241225,0.28892455,0.73696196,0.06330985
1493,0.28756604,0.0933855,0.10898224,0.07702111,0.1785838,0.016364396
1494,0.32035634,0.08121003,0.10707514,0.08219629,0.2132812,-0.0009862557
1495,1.3200352,0.48062322,0.6514485,0.46013212,0.66858673,0.020491093
1496,1.5888766,0.7052694,0.81835157,0.5626966,0.77052504,0.14257282
1497,0.65128857,0.24158017,0.34833065,0.243269,0.30295792,-0.0016888231
1498,1.0137728,0.44512784,0.572245,0.39328247,0.44152784,0.05184537
1499,1.5053179,0.6480346,0.83567226,0.5886245,0.66964567,0.059410095
1500,0.775835,0.21902828,0.31283414,0.2162158,0.46300083,0.002812475
1501,1.1383377,0.48769507,0.60018975,0.43172732,0.538148,0.05596775
1502,0.7983186,0.31736588,0.39437386,0.28135687,0.40394476,0.036009014
1503,1.2535987,0.5946784,0.75695527,0.5708833,0.49664342,0.023795128
1504,1.3659698,0.59097284,0.7957133,0.555487,0.5702565,0.035485864
1505,0.4730794,0.24635543,0.27071005,0.19756155,0.20236936,0.048793882
1506,1.0662069,0.33566752,0.44232717,0.3112177,0.6238798,0.024449825
1507,2.1622398,0.7568909,0.7979835,0.5675071,1.3642563,0.1893838
1508,1.202719,0.63372785,0.70744056,0.5337116,0.49527842,0.10001624
1509,1.3474593,0.43118057,0.5834381,0.39584202,0.7640212,0.03533855
1510,0.467351,0.22934102,0.2547749,0.19117707,0.21257609,0.038163945
1511,1.4582428,0.60611236,0.7982077,0.59900033,0.6600351,0.007112026
1512,2.0441625,0.77991354,1.0190666,0.6768928,1.0250959,0.10302073
1513,0.68476415,0.27080917,0.37926668,0.23553558,0.30549747,0.035273597
1514,1.7299994,0.6629194,0.7534684,0.52956706,0.976531,0.13335234
1515,0.3769992,0.12885907,0.1595257,0.11255475,0.21747349,0.016304322
1516,2.469923,0.87260455,1.056276,0.80889785,1.413647,0.063706696
1517,1.2069572,0.5478795,0.62402534,0.47815338,0.5829319,0.06972614
1518,1.9641125,0.5588647,0.7468776,0.51614034,1.2172348,0.04272437
1519,0.58128583,0.23658709,0.30321583,0.20985189,0.27807,0.026735201
1520,1.7897433,0.61042863,0.79280365,0.57356167,0.99693966,0.036866963
1521,1.1737324,0.5320111,0.589856,0.4365476,0.5838764,0.095463485
1522,1.2130923,0.37360963,0.609189,0.42958188,0.60390335,-0.05597225
1523,2.533841,0.9052277,1.0036995,0.72773254,1.5301414,0.17749518
1524,2.3177047,0.67047334,0.8633226,0.6243335,1.4543821,0.046139836
1525,2.18657,0.76892716,0.88148135,0.66422737,1.3050885,0.10469979
1526,1.3944662,0.42309543,0.49913302,0.3573811,0.8953332,0.06571433
1527,1.8550363,0.6434577,0.7930001,0.5768108,1.0620362,0.06664693
1528,0.92103887,0.32851878,0.39667594,0.29898667,0.5243629,0.029532105
1529,1.0268912,0.42599,0.5095758,0.3733435,0.51731545,0.052646488
1530,0.37650794,0.13121271,0.19372116,0.13480456,0.18278678,-0.0035918504
1531,0.96413594,0.33651495,0.45722255,0.32644445,0.5069134,0.010070503
1532,1.420663,0.6037132,0.6075102,0.4543516,0.8131528,0.14936161
1533,0.60091895,0.3392178,0.33270037,0.24161716,0.26821858,0.097600654
1534,0.35004672,0.1027985,0.14559455,0.09945537,0.20445217,0.0033431277
1535,0.51570004,0.22028,0.26741102,0.19858232,0.24828902,0.021697685
1536,1.1135547,0.4865534,0.6166166,0.41318956,0.4969381,0.07336384
1537,1.4127065,0.62255794,0.78813946,0.5661227,0.62456703,0.056435227
1538,3.2051811,1.0398723,1.2130235,0.8876464,1.9921576,0.15222591
1539,1.2285483,0.45001662,0.5600122,0.3950806,0.66853607,0.05493602
1540,1.7668813,0.64282835,0.65543544,0.484456,1.1114459,0.15837234
1541,2.6577682,0.79010856,1.0044479,0.71718514,1.6533203,0.07292342
1542,2.5208967,0.8623261,1.1614773,0.79372436,1.3594193,0.06860173
1543,1.8174038,0.74442047,0.85734874,0.6083666,0.96005505,0.13605386
1544,1.8140299,0.4599575,0.6705276,0.44421616,1.1435024,0.015741348
1545,1.0087554,0.3554584,0.40699482,0.29593232,0.6017606,0.059526086
1546,1.422946,0.40668926,0.56867206,0.3802393,0.8542739,0.026449949
1547,1.6985928,0.42773765,0.61263126,0.42765695,1.0859616,8.070469e-05
1548,0.2553614,0.088028245,0.11203523,0.07989807,0.14332618,0.008130178
1549,0.73119503,0.3115179,0.40967876,0.30900645,0.32151628,0.0025114417
1550,1.0646977,0.31879613,0.45841384,0.31824172,0.6062839,0.0005544126
1551,1.0710311,0.42365572,0.45474234,0.3397102,0.6162888,0.08394551
1552,0.42375958,0.30035365,0.26062626,0.1714074,0.16313332,0.12894624
1553,2.2895367,0.5178807,0.72087085,0.500378,1.5686659,0.017502666
1554,0.32707107,0.11397638,0.1363383,0.10510902,0.19073278,0.008867361
1555,0.48248777,0.1466314,0.17007986,0.13170111,0.3124079,0.014930293
1556,1.1778829,0.4455359,0.62222254,0.44385028,0.55566037,0.0016856194
1557,0.038154617,0.06079508,0.026847476,0.022807654,0.011307141,0.037987426
1558,1.2766012,0.6641349,0.7494284,0.5618874,0.5271728,0.102247536
1559,1.0830069,0.5256466,0.61142385,0.42667016,0.471583,0.09897646
1560,0.25466305,0.20116039,0.118404165,0.08655204,0.13625889,0.11460835
1561,0.17171828,0.10908903,0.09765917,0.07412748,0.074059114,0.03496155
1562,0.6664297,0.33827204,0.3412514,0.2630794,0.3251783,0.07519263
1563,0.20222378,0.04424097,0.08810251,0.061171155,0.114121266,-0.016930185
1564,0.2582816,0.058709763,0.15309349,0.10894513,0.1051881,-0.05023537
1565,2.5816705,1.031265,1.1827167,0.8359219,1.3989538,0.19534314
1566,1.2962884,0.47697896,0.64486027,0.4779911,0.6514281,-0.0010121465
1567,1.2809535,0.49694142,0.6310927,0.41833505,0.6498608,0.07860637
1568,0.6484971,0.23171405,0.34665427,0.25026923,0.30184284,-0.01855518
1569,1.275561,0.53599334,0.6754276,0.42960215,0.60013336,0.10639119
1570,1.1418011,0.56221443,0.6166784,0.44308966,0.5251227,0.11912477
1571,0.9563484,0.31152418,0.38463196,0.27868843,0.5717164,0.03283575
1572,0.94891906,0.3330527,0.40853244,0.30547735,0.5403866,0.027575344
1573,0.12546934,0.019998904,0.08160861,0.0499629,0.043860734,-0.029963996
1574,0.6651052,0.26919946,0.32170683,0.21067938,0.3433984,0.05852008
1575,1.8744781,0.7968419,0.96135366,0.7189927,0.91312444,0.07784921
1576,2.8855565,0.82661086,1.020968,0.70065784,1.8645885,0.12595302
1577,1.2643318,0.41539603,0.5705701,0.41501537,0.6937617,0.00038066506
1578,3.6626804,1.351222,1.3673966,1.0364659,2.2952838,0.31475616
1579,0.68442076,0.32095176,0.41505775,0.30841154,0.26936302,0.012540221
1580,1.223607,0.46519095,0.55775535,0.39526245,0.6658516,0.0699285
1581,0.37302455,0.16403466,0.2095224,0.15623471,0.16350216,0.007799953
1582,0.9505429,0.3450627,0.46337795,0.33740914,0.48716497,0.007653564
1583,1.0680467,0.50352204,0.59143734,0.43229514,0.47660935,0.071226895
1584,1.4152459,0.52230203,0.7075853,0.4928538,0.7076606,0.029448241
1585,1.3741022,0.66779226,0.66821986,0.50936186,0.7058824,0.1584304
1586,1.473661,0.6471031,0.79623723,0.6011683,0.6774237,0.045934796
1587,0.65184635,0.24513723,0.34396905,0.23790368,0.3078773,0.007233545
1588,1.7011477,0.5166585,0.6221321,0.4655212,1.0790155,0.0511373
1589,0.40333086,0.19093366,0.2116352,0.15625,0.19169566,0.03468366
1590,0.2384844,0.070268616,0.14341618,0.106181994,0.09506822,-0.035913378
1591,1.5887468,0.65941757,0.8020592,0.5437272,0.7866876,0.11569035
1592,0.49964678,0.16925798,0.28472662,0.1987484,0.21492016,-0.029490411
1593,0.3217479,0.23066771,0.20618932,0.15066166,0.11555858,0.08000605
1594,1.3423127,0.76663613,0.8524191,0.66879445,0.48989362,0.09784168
1595,2.089815,0.6417001,0.8099553,0.57659245,1.2798595,0.06510764
1596,0.9837651,0.39976987,0.4509236,0.32283616,0.53284156,0.07693371
1597,1.9879651,0.665664,0.87147075,0.6376418,1.1164944,0.02802223
1598,1.3226532,0.5745348,0.7010867,0.512994,0.6215665,0.061540782
1599,1.7071075,0.5780231,0.7408059,0.5458983,0.9663016,0.032124758
1600,2.086246,0.6446094,0.9703368,0.6704915,1.1159092,-0.025882125
1601,1.34777,0.4916771,0.5405413,0.38478595,0.8072287,0.106891155
1602,2.1212544,0.7010492,0.854558,0.61782455,1.2666965,0.083224654
1603,2.2177687,0.78959715,0.7895788,0.5592805,1.4281899,0.23031664
1604,1.5215005,0.5012498,0.6816575,0.47043815,0.839843,0.030811638
1605,1.8289833,0.491233,0.6619544,0.47887015,1.1670289,0.012362838
1606,0.60822016,0.3155207,0.36044616,0.26872036,0.247774,0.046800345
1607,0.84353006,0.3461265,0.3608307,0.24549584,0.48269936,0.100630656
1608,1.2297546,0.6345473,0.73489124,0.5826291,0.49486333,0.05191821
1609,0.91402256,0.416215,0.51791,0.3817934,0.39611256,0.034421593
1610,1.1895722,0.55918026,0.73772895,0.49444088,0.45184326,0.06473938
1611,0.19333966,0.13045275,0.11251543,0.08931748,0.08082423,0.041135274
1612,0.11627823,0.024353553,0.08916734,0.058956366,0.02711089,-0.034602813
1613,2.3136446,0.8501852,0.9912407,0.7483123,1.3224039,0.10187292
1614,0.5536254,0.3523258,0.3459545,0.25108835,0.2076709,0.101237446
1615,1.488667,0.5517886,0.7036056,0.5041026,0.7850614,0.04768604
1616,1.6683643,0.49778864,0.65172786,0.47465712,1.0166364,0.02313152
1617,1.1158279,0.55150795,0.6723518,0.5188907,0.44347614,0.03261727
1618,1.2545761,0.54481345,0.6304152,0.47312227,0.6241609,0.071691185
1619,2.4337876,0.7251134,0.8797617,0.6693759,1.5540259,0.055737495
1620,2.1058755,1.1237975,1.2339454,1.007427,0.8719301,0.11637056
1621,2.081148,0.8211959,0.91363096,0.68556315,1.167517,0.13563275
1622,1.4332197,0.528166,0.6554456,0.4686172,0.7777741,0.059548795
1623,1.4100565,0.5925608,0.6622351,0.50608265,0.7478214,0.086478174
1624,0.71381027,0.4204631,0.39847654,0.2853447,0.31533372,0.1351184
1625,0.86021286,0.37358665,0.4720413,0.3395938,0.38817155,0.033992857
1626,0.18007438,0.04485811,0.099253885,0.07048807,0.08082049,-0.025629964
1627,1.9489387,0.12393764,0.22052053,0.13938889,1.7284182,-0.015451252
1628,0.24215859,0.047914647,0.1409782,0.10041405,0.10118039,-0.052499406
1629,1.6851516,0.64599985,0.7658913,0.5740496,0.91926026,0.07195026
1630,1.3259827,0.63835466,0.7266166,0.50722027,0.59936607,0.13113439
1631,0.8697582,0.38116086,0.4545557,0.33570784,0.4152025,0.045453012
1632,0.60799146,0.237937,0.31408033,0.21813767,0.29391113,0.019799337
1633,0.35640517,0.019579822,0.08396771,0.051660728,0.27243745,-0.032080904
1634,0.5698043,0.377087,0.37202588,0.26340288,0.19777843,0.11368412
1635,0.4386631,0.21612878,0.26445547,0.19757794,0.17420763,0.018550843
1636,1.9397506,0.57316786,0.82181966,0.6025508,1.1179309,-0.029382944
1637,0.7111094,0.38282964,0.4336013,0.3121658,0.2775081,0.07066384
1638,1.209431,0.4720446,0.54850864,0.4167912,0.6609224,0.055253386
1639,1.5313252,0.5816631,0.6990298,0.5324568,0.8322954,0.049206257
1640,1.3867408,0.56439155,0.7222042,0.5179102,0.6645366,0.04648137
1641,0.32559106,0.09447299,0.14388523,0.098800376,0.18170583,-0.0043273866
1642,1.753267,0.66238993,0.8083013,0.6085025,0.9449657,0.053887427
1643,1.1564622,0.24092166,0.40601963,0.26795328,0.75044256,-0.027031615
1644,0.73957086,0.22295845,0.25986898,0.18577172,0.47970188,0.037186727
1645,1.0265046,0.50065714,0.55687517,0.41501337,0.46962947,0.08564377
1646,0.24118395,0.050341573,0.11441684,0.0764402,0.12676711,-0.026098628
1647,0.62729245,0.23772602,0.2795684,0.20605433,0.34772405,0.031671688
1648,0.3890604,0.14480571,0.18729205,0.13972318,0.20176835,0.0050825328
1649,0.2659604,0.11979653,0.1528304,0.10975218,0.11312999,0.010044351
1650,2.0793219,0.82536966,1.0632272,0.73132086,1.0160947,0.0940488
1651,0.80316335,0.21831469,0.3478461,0.23764634,0.45531726,-0.019331649
1652,2.3864095,0.91410655,1.0348372,0.73028076,1.3515723,0.18382579
1653,0.6983361,0.26534897,0.33328682,0.25880194,0.3650493,0.006547034
1654,1.4722996,0.644174,0.88616353,0.6216695,0.58613604,0.022504508
1655,1.8268193,0.60692453,0.72719157,0.53044975,1.0996277,0.076474786
1656,1.7896062,0.5161747,0.78501874,0.5546237,1.0045874,-0.03844905
1657,1.8051445,0.6322169,0.80650127,0.58433306,0.9986433,0.04788381
1658,1.828681,0.6264775,0.788746,0.53525496,1.039935,0.091222525
1659,0.58873296,0.20108356,0.26645333,0.19725737,0.32227963,0.003826186
1660,1.5902404,0.4043537,0.48061338,0.36356995,1.109627,0.040783763
1661,2.03523,0.7588025,0.82863265,0.6061681,1.2065973,0.15263438
1662,1.7192718,0.700256,0.8531988,0.63686484,0.86607295,0.06339115
1663,1.4732863,0.47574404,0.642453,0.45332107,0.83083326,0.02242297
1664,1.5356536,0.6146909,0.7304912,0.519555,0.8051624,0.09513593
1665,0.784741,0.25548807,0.33340722,0.24331339,0.45133376,0.012174681
1666,0.384398,0.11124764,0.13922365,0.09403603,0.24517436,0.017211609
1667,0.8124703,0.39577082,0.39798984,0.28260446,0.41448048,0.11316636
1668,0.5215613,0.19879365,0.2112376,0.15166876,0.31032372,0.047124892
1669,0.9651639,0.3429692,0.47388965,0.3338839,0.49127424,0.009085298
1670,1.3661611,0.45152175,0.60411566,0.41828847,0.76204544,0.033233285
1671,2.640211,1.07013,1.1233491,0.8357375,1.516862,0.23439246
1672,1.7511802,0.5787256,0.69450647,0.4943494,1.0566738,0.084376186
1673,1.105219,0.27898356,0.35518724,0.24222252,0.75003177,0.036761045
1674,1.5615704,0.5402437,0.74101865,0.4724265,0.82055175,0.06781718
1675,0.6137989,0.22283788,0.22464366,0.160248,0.38915527,0.062589884
1676,1.0809896,0.52634454,0.5380651,0.3998863,0.5429245,0.12645823
1677,0.431027,0.35230762,0.26883695,0.20204298,0.16219005,0.15026464
1678,0.25393066,0.049353335,0.16726804,0.099684164,0.08666262,-0.05033083
1679,0.735192,0.18478759,0.2545546,0.18451002,0.4806374,0.00027756393
1680,0.5450248,0.07089836,0.17392884,0.10654943,0.37109596,-0.035651065
1681,0.2520293,0.0907198,0.09289144,0.06269633,0.15913786,0.028023466
1682,2.0018845,0.7311616,0.8850271,0.6293581,1.1168573,0.10180348
1683,0.3048776,0.06046635,0.1447743,0.09154787,0.1601033,-0.03108152
1684,1.4732928,0.6838978,0.7543266,0.570413,0.71896625,0.1134848
1685,1.6642421,0.5453843,0.68470395,0.47134247,0.9795382,0.07404181
1686,2.7016735,0.8023658,1.0950853,0.8124174,1.6065882,-0.010051608
1687,1.1557523,0.31275454,0.4509434,0.28887957,0.7048089,0.023874968
1688,0.23694949,0.019452823,0.11804906,0.0722291,0.118900426,-0.052776277
1689,1.2346953,0.56367975,0.6290513,0.45943365,0.605644,0.10424611
1690,0.40906996,0.11200487,0.22874494,0.1584553,0.18032502,-0.04645043
1691,1.0241411,0.34372252,0.46302128,0.3205124,0.5611198,0.023210108
1692,0.5550945,0.23491688,0.26646644,0.18070728,0.28862804,0.054209605
1693,0.26372373,0.17023672,0.14998682,0.108975135,0.11373691,0.061261587
1694,1.3419403,0.4275857,0.611362,0.43056926,0.7305783,-0.00298357
1695,0.52220905,0.17566329,0.23734815,0.17139144,0.2848609,0.00427185
1696,0.1359468,0.16101398,0.08489446,0.064675726,0.051052332,0.09633825
1697,2.0745058,0.7239369,0.8192808,0.6163386,1.255225,0.107598305
1698,1.3084193,0.5993578,0.7125236,0.5064144,0.59589577,0.09294337
1699,3.0036626,0.79430735,0.8798529,0.6382022,2.1238098,0.15610516
1700,0.4261116,0.2818812,0.23410952,0.17211786,0.19200209,0.109763354
1701,0.71180546,0.17134123,0.26640442,0.16901448,0.44540104,0.0023267418
1702,1.2249116,0.32767797,0.51838315,0.3547481,0.7065284,-0.027070135
1703,1.6898754,0.58132184,0.77850044,0.57191783,0.9113749,0.009404004
1704,1.4652166,0.5744496,0.7456628,0.538317,0.7195538,0.036132574
1705,1.5769324,0.7109127,0.8541066,0.6300177,0.7228258,0.08089501
1706,0.42535713,0.14100409,0.20705271,0.13734278,0.21830443,0.0036613047
1707,1.44768,0.48174486,0.55926836,0.39765692,0.88841164,0.08408794
1708,2.0274384,0.6777203,0.8502656,0.5754067,1.1771728,0.10231364
1709,3.0021205,0.8030089,0.9216503,0.652285,2.08047,0.15072393
1710,1.3983451,0.43949774,0.6218873,0.4298109,0.7764578,0.009686828
1711,1.256919,0.47638908,0.63980925,0.46087915,0.6171098,0.015509933
1712,1.7822357,0.64220935,0.7822312,0.6008438,1.0000045,0.041365564
1713,0.8038624,0.47272435,0.4934753,0.35965216,0.3103871,0.11307219
1714,1.3382767,0.61105984,0.70366836,0.50675285,0.6346084,0.104306996
1715,1.2939409,0.5108006,0.62997836,0.4595159,0.66396254,0.0512847
1716,1.9894915,0.57132417,0.64196277,0.46548504,1.3475287,0.10583913
1717,1.8812542,0.5854072,0.76025087,0.5549814,1.1210034,0.030425787
1718,1.5888445,0.53660053,0.6389586,0.47169596,0.94988596,0.06490457
1719,0.39583144,0.14240654,0.20765229,0.1433063,0.18817915,-0.0008997619
1720,0.68960196,0.2447168,0.4323578,0.2984,0.25724417,-0.05368322
1721,0.5139279,0.29346496,0.2651767,0.19279207,0.24875116,0.100672886
1722,0.16696085,0.027107699,0.10143687,0.073611274,0.06552398,-0.046503574
1723,1.6729637,0.5194024,0.7737295,0.5244629,0.89923424,-0.005060494
1724,1.2243141,0.6155863,0.8530698,0.61875457,0.3712443,-0.003168285
1725,0.47833994,0.25420445,0.27538884,0.19146933,0.2029511,0.062735125
1726,1.1762997,0.5106036,0.67856175,0.4960912,0.49773794,0.01451242
1727,0.23919834,0.10595787,0.10504907,0.07226272,0.13414927,0.033695154
1728,0.84179777,0.29916474,0.37747157,0.25049347,0.4643262,0.048671275
1729,1.6210979,0.5288893,0.6432774,0.4680039,0.9778205,0.0608854
1730,2.0121038,0.8149688,0.91816187,0.6458624,1.0939419,0.16910642
1731,1.7058398,0.5457914,0.7127527,0.5103994,0.99308705,0.035391986
1732,1.7246685,0.55924755,0.76817524,0.5580344,0.95649326,0.0012131333
1733,1.2977043,0.38983703,0.6070325,0.39702177,0.69067186,-0.007184744
1734,1.65154,0.55409485,0.6715857,0.50005674,0.97995436,0.054038107
1735,0.38919753,0.15865046,0.2063684,0.14282541,0.18282913,0.015825048
1736,2.0131378,0.7663705,0.8518286,0.6270546,1.1613092,0.1393159
1737,0.72676843,0.29682335,0.37685928,0.25855073,0.34990916,0.03827262
1738,0.4158113,0.14765182,0.18940093,0.13648716,0.22641037,0.011164665
1739,1.2790756,0.645484,0.7365851,0.54296273,0.54249054,0.10252124
1740,0.57603747,0.32398376,0.343203,0.2421225,0.23283446,0.08186126
1741,0.73199743,0.26250753,0.3158097,0.2255683,0.41618773,0.036939234
1742,1.2275314,0.5522122,0.7105193,0.49488792,0.5170121,0.05732426
1743,0.5973734,0.14573212,0.24553199,0.16698858,0.35184145,-0.021256462
1744,1.8539503,0.5677135,0.77981246,0.56161314,1.0741378,0.0061003566
1745,0.58388776,0.34811813,0.35756782,0.25130117,0.22631994,0.09681696
1746,1.8333701,0.7699764,0.9616586,0.6945538,0.8717115,0.075422585
1747,2.217056,0.6350395,0.7795312,0.5361949,1.4375248,0.09884459
1748,0.15962167,0.016871274,0.090119205,0.06332665,0.069502465,-0.046455376
1749,1.654291,0.5540326,0.7342337,0.54613507,0.92005736,0.007897556
1750,1.687209,0.5645727,0.67498016,0.4884378,1.0122288,0.07613489
1751,0.88816315,0.20002033,0.2651546,0.1807904,0.62300855,0.019229934
1752,0.57956713,0.21894835,0.25176626,0.17982344,0.32780087,0.039124906
1753,1.1495719,0.34502617,0.46020937,0.32686037,0.6893625,0.018165797
1754,0.8772638,0.32163388,0.41200894,0.28212076,0.46525484,0.03951311
1755,1.9571157,1.0890957,1.2049531,0.9185014,0.7521626,0.17059433
1756,0.96968585,0.3358328,0.43863264,0.31260473,0.5310532,0.02322808
1757,2.219323,0.7884262,1.0155376,0.7339765,1.2037853,0.054449737
1758,1.5317562,0.65901345,0.7377046,0.54798317,0.7940516,0.11103028
1759,1.5330281,0.53299457,0.6748585,0.4718719,0.8581696,0.061122656
1760,0.75991553,0.28708023,0.35341907,0.24902049,0.40649647,0.03805974
1761,0.4970905,0.12622102,0.21791139,0.14702807,0.2791791,-0.020807058
1762,1.4959424,0.49680328,0.6705376,0.45895606,0.82540476,0.03784722
1763,1.9896322,0.7243593,0.78294337,0.56293094,1.2066889,0.16142833
1764,2.2560134,0.59142,0.7868157,0.57307535,1.4691978,0.01834464
1765,0.5890098,0.17580317,0.26735836,0.18339092,0.32165146,-0.007587746
1766,2.0055177,0.83635575,1.0223966,0.77392757,0.98312116,0.062428176
1767,1.420832,0.559219,0.69737315,0.49906045,0.7234589,0.06015855
1768,0.026975058,0.1274106,0.033916883,0.020363692,-0.006941825,0.10704692
1769,1.2781711,0.46055192,0.5633472,0.3821676,0.71482384,0.07838431
1770,1.5715928,0.51612884,0.652306,0.4586892,0.9192868,0.057439625
1771,3.2718506,0.9542268,1.0718863,0.77154386,2.1999643,0.18268293
1772,1.5296193,0.52303386,0.61689854,0.45871624,0.9127208,0.064317614
1773,0.6051797,0.30218863,0.3417094,0.2251658,0.26347032,0.077022836
1774,2.8779545,0.83930546,1.0826547,0.7748835,1.7952998,0.06442195
1775,0.24047297,0.1428036,0.14939432,0.10126593,0.091078654,0.041537665
1776,1.1075922,0.5699734,0.6022829,0.45908585,0.50530934,0.11088756
1777,0.4064808,0.105934024,0.18129168,0.11610769,0.2251891,-0.0101736635
1778,2.2281392,0.71376944,1.0284538,0.68962,1.1996853,0.024149418
1779,1.5386757,0.46364042,0.6896728,0.4709993,0.84900284,-0.007358879
1780,1.4122391,0.58157855,0.7355512,0.55424464,0.6766879,0.027333915
1781,1.2686796,0.56847185,0.68317515,0.5290364,0.5855045,0.039435446
1782,0.32478836,0.18000951,0.1787149,0.13642024,0.14607346,0.04358928
1783,2.3655646,0.9127874,1.13051,0.8833827,1.2350546,0.0294047
1784,1.8057142,0.79446197,0.91790694,0.6879667,0.8878073,0.10649526
1785,1.0885651,0.44584453,0.5460092,0.39597267,0.5425559,0.049871862
1786,0.7100531,0.21725745,0.2747934,0.1918054,0.4352597,0.025452048
1787,0.27715465,0.10543515,0.13939504,0.09780868,0.13775961,0.0076264665
1788,0.5277632,0.39341202,0.3207808,0.24014306,0.20698237,0.15326896
1789,0.8859023,0.33159012,0.47478026,0.3386976,0.41112202,-0.0071074963
1790,0.9229281,0.24227615,0.37680513,0.24293359,0.54612297,-0.00065743923
1791,0.4813826,0.29275998,0.27163658,0.20269878,0.20974603,0.0900612
1792,1.0460782,0.4027901,0.49081296,0.3473532,0.55526525,0.05543691
1793,0.530761,0.16502647,0.19738947,0.14751372,0.33337152,0.017512754
1794,1.0813484,0.45879126,0.5140658,0.3800323,0.5672826,0.078758955
1795,0.53055435,0.20763314,0.2671653,0.18194035,0.26338905,0.02569279
1796,0.10073354,0.0012174011,0.04699164,0.024933923,0.053741902,-0.023716522
1797,1.2137716,0.36150366,0.54277766,0.38247737,0.6709939,-0.020973712
1798,1.9046487,0.6095522,0.8307005,0.57404107,1.0739481,0.035511136
1799,0.57576996,0.18567468,0.2354215,0.16715279,0.34034848,0.01852189
1800,0.7542345,0.4221085,0.4447968,0.3440458,0.3094377,0.07806271
1801,0.45880893,0.2642699,0.27956414,0.1881319,0.17924479,0.07613799
1802,2.9563296,0.8005521,0.9566843,0.6862863,1.9996452,0.11426586
1803,0.7846847,0.4686757,0.45324898,0.33370727,0.33143574,0.13496843
1804,1.1045585,0.34509578,0.49808985,0.35445666,0.6064686,-0.00936088
1805,0.3150382,0.16192569,0.16041662,0.12672624,0.15462159,0.03519945
1806,0.2418271,0.21744819,0.13333198,0.08996971,0.108495116,0.12747848
1807,0.7735696,0.40569887,0.470712,0.34089023,0.30285758,0.06480864
1808,1.0041938,0.378686,0.47709092,0.31684712,0.5271028,0.061838895
1809,1.1302893,0.48696402,0.50970995,0.3525105,0.62057936,0.1344535
1810,1.7861397,0.5754494,0.732126,0.5173017,1.0540137,0.05814773
1811,1.297619,0.5965291,0.7131091,0.5279891,0.5845099,0.06854004
1812,0.3071692,0.14604908,0.16610456,0.1300219,0.14106464,0.016027182
1813,1.0328003,0.5170652,0.5438422,0.40671483,0.48895812,0.1103504
1814,0.7240045,0.28518897,0.37446505,0.26859236,0.34953946,0.016596615
1815,1.0591536,0.49884737,0.573202,0.4171153,0.48595154,0.081732064
1816,0.2529266,0.04541058,0.1544961,0.098276,0.098430485,-0.052865416
1817,2.0815198,0.71093714,0.7960464,0.5764104,1.2854735,0.13452673
1818,0.9360525,0.2544197,0.38658318,0.25443733,0.54946935,-1.7613173e-05
1819,0.6692652,0.2624014,0.3999117,0.29300854,0.2693535,-0.030607134
1820,2.0768983,0.65517145,0.8496003,0.5804855,1.227298,0.07468593
1821,0.90683925,0.3555822,0.40625262,0.28645843,0.5005866,0.069123775
1822,0.51690143,0.2627149,0.30112022,0.21612963,0.21578121,0.04658526
1823,1.4449569,0.56338185,0.68927574,0.49090186,0.75568116,0.07247999
1824,0.26552045,0.16695529,0.0956894,0.0628496,0.16983105,0.10410569
1825,0.6324785,0.2859952,0.32183725,0.19271162,0.31064123,0.093283564
1826,2.8156385,0.96413076,1.1785905,0.84653586,1.637048,0.1175949
1827,0.19168809,0.112796925,0.10887585,0.081118986,0.08281224,0.03167794
1828,1.2687874,0.45503455,0.5592791,0.41341478,0.7095083,0.041619778
1829,0.9576707,0.47362837,0.5577982,0.42688614,0.39987248,0.04674223
1830,0.20377581,0.12031382,0.1118101,0.08292103,0.091965705,0.037392795
1831,1.1206757,0.4993182,0.5530256,0.40689987,0.5676501,0.09241834
1832,1.6118109,0.519467,0.64724314,0.46204543,0.9645678,0.057421565
1833,0.5026419,0.2581285,0.24477534,0.17757238,0.25786656,0.08055611
1834,1.3326826,0.65976536,0.7920966,0.5985813,0.540586,0.06118405
1835,0.7739607,0.3380554,0.48215684,0.33564782,0.29180387,0.0024075806
1836,0.68580496,0.28596607,0.43467227,0.29682732,0.2511327,-0.010861248
1837,0.8371077,0.4131694,0.48251384,0.366549,0.35459387,0.04662043
1838,1.1166108,0.58181465,0.62791145,0.43456918,0.48869932,0.14724547
1839,0.114303544,0.15534312,0.055619717,0.041637372,0.058683828,0.11370574
1840,1.3525921,0.5795539,0.7436405,0.55137634,0.6089516,0.02817756
1841,0.68429285,0.26605657,0.36972755,0.26495162,0.3145653,0.0011049509
1842,1.6202364,0.70627713,0.6734374,0.50472516,0.946799,0.20155197
1843,0.4130972,0.18478982,0.21920045,0.15241435,0.19389676,0.03237547
1844,0.5672005,0.26175123,0.36631966,0.28037506,0.20088083,-0.018623829
1845,0.4324745,0.21133307,0.242865,0.17459081,0.1896095,0.036742255
1846,1.5774655,0.49430734,0.6560446,0.4684642,0.92142093,0.025843143
1847,1.0115438,0.4760156,0.5830914,0.42209044,0.42845237,0.053925157
1848,0.723831,0.30417132,0.39894944,0.2938837,0.32488155,0.010287613
1849,1.1517477,0.46835357,0.6541764,0.4731192,0.4975713,-0.00476563
1850,0.9596165,0.31707686,0.40373516,0.28544682,0.5558813,0.03163004
1851,0.78631115,0.27922004,0.39270043,0.2779739,0.39361072,0.0012461543
1852,0.97793204,0.36542475,0.4815465,0.3456122,0.49638554,0.019812554
1853,1.8719463,0.6444197,0.76707566,0.5477967,1.1048707,0.096623
1854,1.4207363,0.32093135,0.4618446,0.33016616,0.95889175,-0.009234816
1855,2.28694,0.8231586,1.0353184,0.69184285,1.2516217,0.13131577
1856,1.0705283,0.35333025,0.5192256,0.35856077,0.5513027,-0.005230516
1857,1.3193787,0.58492815,0.7322238,0.52229327,0.5871549,0.062634885
1858,2.2218673,0.76870817,0.92316115,0.68432343,1.2987062,0.08438474
1859,1.166749,0.47276497,0.6421518,0.47087702,0.5245972,0.0018879473
1860,1.3915657,0.48603487,0.5634364,0.3956847,0.8281293,0.09035018
1861,2.02829,0.80321735,0.9816413,0.7274051,1.0466487,0.07581228
1862,2.824706,0.78446704,1.1398299,0.7998403,1.6848762,-0.01537323
1863,0.2716398,0.056947853,0.13132179,0.0827475,0.140318,-0.025799643
1864,1.5434629,0.73457986,0.9185535,0.68224275,0.6249094,0.05233711
1865,2.1932712,0.5610437,0.7030383,0.4794301,1.490233,0.08161357
1866,1.2246988,0.5767992,0.7555617,0.57350606,0.46913707,0.0032931566
1867,1.2518537,0.5486115,0.6084774,0.46135288,0.6433763,0.08725864
1868,0.5916106,0.35278037,0.3070358,0.20623831,0.2845748,0.14654206
1869,1.6615498,0.537465,0.68815964,0.516126,0.97339016,0.021339
1870,1.3743935,0.57857835,0.6837034,0.50210273,0.69069004,0.07647562
1871,0.5258491,0.27236885,0.27587733,0.20222569,0.24997178,0.07014316
1872,1.3570825,0.59396297,0.6362786,0.48689356,0.72080386,0.1070694
1873,1.11739,0.44178003,0.6010484,0.45334587,0.5163416,-0.011565834
1874,0.14778396,0.088186115,0.08310884,0.061316423,0.06467512,0.026869692
1875,1.0923383,0.30012447,0.42558298,0.2971019,0.6667553,0.0030225515
1876,2.8379376,0.84330505,1.1332693,0.8485163,1.7046683,-0.005211234
1877,1.1914127,0.55644494,0.7155962,0.5086596,0.4758165,0.04778534
1878,2.2652647,0.7845363,0.9945322,0.6824253,1.2707325,0.10211098
1879,1.3306085,0.53372043,0.6521081,0.47415066,0.6785004,0.059569776
1880,1.0546784,0.31193388,0.4051289,0.26583654,0.64954954,0.04609734
1881,1.7637196,0.5347547,0.74341756,0.53130454,1.020302,0.0034501553
1882,0.65220135,0.18448806,0.28476337,0.18822752,0.367438,-0.0037394613
1883,0.05549173,0.12933275,0.041196637,0.025912607,0.014295094,0.103420146
1884,0.92021984,0.255922,0.3949241,0.28599492,0.52529573,-0.030072927
1885,1.1234317,0.5472867,0.6240002,0.4654469,0.4994315,0.0818398
1886,1.0807393,0.47070584,0.5130808,0.36072987,0.5676585,0.109975964
1887,0.5959929,0.19963892,0.28488147,0.19347055,0.31111145,0.0061683655
1888,0.21946919,0.040316354,0.123996876,0.0800236,0.09547231,-0.039707247
1889,1.5068685,0.52265674,0.6783134,0.47025737,0.8285551,0.052399367
1890,1.0122255,0.33717734,0.46601972,0.34787306,0.54620576,-0.010695726
1891,0.4579215,0.29214114,0.24164245,0.17697975,0.21627906,0.11516139
1892,0.7305248,0.25911692,0.2722366,0.19139567,0.4582882,0.06772125
1893,1.432475,0.4078386,0.5650831,0.3950258,0.8673919,0.012812823
1894,0.5109166,0.18597731,0.2815162,0.19264445,0.2294004,-0.006667137
1895,0.4257532,0.08824458,0.23533466,0.1370184,0.19041854,-0.048773818
1896,1.7320623,0.5321052,0.6629103,0.45207042,1.0691521,0.08003479
1897,1.0709786,0.49532324,0.6832568,0.45409364,0.38772184,0.041229606
1898,0.057377554,0.0511197,0.021408167,0.016207013,0.035969388,0.034912687
1899,1.7456325,0.53838766,0.6830939,0.50138074,1.0625386,0.037006915
1900,0.42428514,0.18419173,0.20176633,0.15096399,0.22251882,0.03322774
1901,1.476631,0.6900923,0.81196606,0.61563987,0.664665,0.07445246
1902,2.2959015,0.82738507,0.9437896,0.7046397,1.3521119,0.122745395
1903,1.4773831,0.4548292,0.5473044,0.36601043,0.93007874,0.08881876
1904,1.3527651,0.49733996,0.6041027,0.4426311,0.7486624,0.05470887
1905,1.471757,0.46296552,0.60951644,0.42854172,0.8622406,0.0344238
1906,0.08952208,0.06537556,0.06543107,0.048307855,0.024091005,0.017067704
1907,1.5064874,0.60392654,0.70060617,0.51358414,0.8058812,0.0903424
1908,0.33928317,0.07605529,0.16338044,0.12024082,0.17590272,-0.044185534
1909,0.38909397,0.12323048,0.13751143,0.09563873,0.25158253,0.02759175
1910,1.2526245,0.58932596,0.7187133,0.56441486,0.5339112,0.024911106
1911,0.49128383,0.2126966,0.24325144,0.16563314,0.24803239,0.047063455
1912,1.5461476,0.7161397,0.8331092,0.62036556,0.7130384,0.095774114
1913,0.8103859,0.32685554,0.42700553,0.30680838,0.38338035,0.020047158
1914,0.8045647,0.40499347,0.42932835,0.33549523,0.37523636,0.06949824
1915,1.3377131,0.5116686,0.63026536,0.45225865,0.70744777,0.059409976
1916,0.8500363,0.26158133,0.36053002,0.26698285,0.4895063,-0.005401522
1917,0.7015302,0.35750037,0.3587888,0.2592011,0.34274143,0.098299265
1918,0.39470354,0.17625773,0.20489626,0.1499621,0.18980728,0.026295632
1919,0.75297326,0.31683135,0.36457834,0.2604287,0.38839492,0.056402653
1920,1.3959806,0.4356507,0.53105515,0.37561736,0.86492544,0.06003335
1921,1.2386999,0.3615253,0.56699085,0.3946352,0.67170906,-0.033109903
1922,0.41257817,0.19914718,0.32676816,0.2324628,0.085810006,-0.033315614
1923,0.14850691,-0.007273041,0.08360582,0.049388427,0.06490109,-0.056661468
1924,3.2280936,0.96477807,1.2015824,0.82837296,2.0265112,0.13640511
1925,2.4629507,0.98036975,1.0694366,0.8228184,1.3935142,0.15755135
1926,2.0480924,0.6217515,0.82640094,0.564577,1.2216914,0.057174504
1927,1.3217015,0.45800242,0.56116235,0.41647196,0.7605392,0.04153046
1928,1.3595879,0.7111547,0.8044616,0.62293714,0.5551263,0.08821756
1929,1.0551624,0.38240567,0.5020895,0.3433904,0.5530729,0.039015263
1930,0.100620605,0.003779602,0.058934964,0.04067854,0.04168564,-0.036898937
1931,1.2402815,0.62994885,0.70088977,0.53596944,0.5393917,0.09397942
1932,1.3175905,0.5695106,0.8193389,0.57413644,0.49825156,-0.004625857
1933,0.45677796,0.11469604,0.23395333,0.15666702,0.22282463,-0.041970983
1934,1.108748,0.4637042,0.5022242,0.371239,0.60652375,0.09246519
1935,2.627295,1.0300083,1.1414783,0.86479557,1.4858167,0.16521275
1936,1.3477075,0.57332045,0.736893,0.5214218,0.6108145,0.05189866
1937,0.7114555,0.40194315,0.40374264,0.3017393,0.30771288,0.10020384
1938,0.8946684,0.50141096,0.6188462,0.48024788,0.27582222,0.021163076
1939,0.7980075,0.33922833,0.40273452,0.27507347,0.39527297,0.06415486
1940,0.22978199,0.10887721,0.12006326,0.08637443,0.109718725,0.02250278
1941,1.6372147,0.61496377,0.73357046,0.5662244,0.9036442,0.048739374
1942,2.1284778,0.87676656,0.97914696,0.7370022,1.1493309,0.13976437
1943,0.8520506,0.4413874,0.5107055,0.39200085,0.34134513,0.04938653
1944,0.6026947,0.2845184,0.29671776,0.20293422,0.30597693,0.08158417
1945,0.38585126,0.12545863,0.15488948,0.112049475,0.23096178,0.013409153
1946,0.9863355,0.47847888,0.46811563,0.34796733,0.5182199,0.13051155
1947,0.7711518,0.30128837,0.40511638,0.29374897,0.3660354,0.0075393915
1948,0.28587756,0.118093856,0.13077843,0.09402416,0.15509912,0.024069697
1949,1.0329083,0.37833086,0.5021317,0.3602142,0.5307766,0.018116653
1950,0.41139117,0.12701121,0.21200791,0.15232006,0.19938326,-0.025308847
1951,1.6772833,0.4540622,0.63461065,0.4562688,1.0426726,-0.0022065938
1952,0.28032666,0.108307905,0.15988514,0.11125585,0.120441526,-0.0029479414
1953,1.9606395,0.21121255,0.4237916,0.2808761,1.5368478,-0.069663554
1954,0.37247598,0.1462622,0.21596098,0.15147026,0.156515,-0.00520806
1955,1.1060079,0.43436438,0.52213866,0.36398062,0.5838693,0.07038376
1956,1.56029,0.80682486,0.95975906,0.6900102,0.6005309,0.11681467
1957,0.40984604,0.1286332,0.17104082,0.116901085,0.23880522,0.011732116
1958,0.16500662,0.058707852,0.07731007,0.05321467,0.08769655,0.0054931827
1959,3.035433,0.8285602,1.0223029,0.73203766,2.0131302,0.09652251
1960,0.8891891,0.46137854,0.45161238,0.35827428,0.43757674,0.10310426
1961,1.9445308,0.6722477,0.9187929,0.6209356,1.025738,0.05131209
1962,2.6794426,0.8889719,1.0701144,0.83905876,1.6093283,0.049913168
1963,1.0417757,0.3616118,0.4247809,0.3115778,0.6169948,0.050034016
1964,1.538156,0.52105355,0.58963,0.41994232,0.948526,0.10111123
1965,1.0656229,0.59315526,0.65251875,0.48740402,0.41310418,0.105751246
1966,1.6371348,0.68393004,0.7759162,0.54114753,0.8612186,0.14278251
1967,3.306592,1.0139194,1.1834781,0.896191,2.1231139,0.11772835
1968,1.0138876,0.36975667,0.48900574,0.34018928,0.5248819,0.02956739
1969,0.7531293,0.3456321,0.4564826,0.32439843,0.2966467,0.021233678
1970,0.9937132,0.3557187,0.5172809,0.36358675,0.47643232,-0.0078680515
1971,0.26907447,0.062180392,0.15471663,0.10077357,0.114357844,-0.03859318
1972,1.1423622,0.44054744,0.51403713,0.37790662,0.6283251,0.062640816
1973,1.3987669,0.44544384,0.5742701,0.3846771,0.82449675,0.060766727
1974,1.2546538,0.579566,0.5930871,0.45394263,0.66156673,0.12562338
1975,0.9827146,0.3435044,0.46369514,0.33463028,0.5190195,0.008874118
1976,0.7668184,0.14987262,0.2738716,0.17952499,0.4929468,-0.029652372
1977,0.916424,0.5062313,0.5725447,0.43207127,0.34387928,0.07416004
1978,2.444362,0.8753505,0.92304593,0.6821184,1.521316,0.19323206
1979,0.3013038,0.07083281,0.17769448,0.11570837,0.12360932,-0.044875562
1980,0.65064085,0.23645853,0.37498933,0.2691525,0.2756515,-0.032693967
1981,1.6691195,0.43452558,0.6808845,0.4374166,0.988235,-0.002891034
1982,1.1074673,0.47129858,0.60810477,0.41840845,0.49936253,0.052890122
1983,0.817219,0.32571405,0.40128344,0.29052854,0.41593558,0.035185516
1984,2.279434,0.71914953,0.963168,0.6721359,1.316266,0.04701364
1985,2.0832574,0.70162094,0.8637913,0.6345325,1.2194662,0.067088425
1986,1.1503578,0.46942082,0.5819049,0.42233902,0.56845295,0.0470818
1987,0.84336394,0.33396277,0.36369115,0.2677055,0.4796728,0.06625727
1988,1.1155559,0.5945222,0.61054057,0.48015943,0.5050153,0.11436275
1989,1.1955866,0.45169,0.48754734,0.35741705,0.7080392,0.09427294
1990,1.5625877,0.445445,0.68777406,0.4816305,0.8748137,-0.036185503
1991,0.19493146,0.08666274,0.08948933,0.06597257,0.10544213,0.020690173
1992,1.087427,0.5250482,0.57412386,0.4348225,0.51330316,0.0902257
1993,2.0192816,0.82182896,1.0713726,0.7203147,0.947909,0.10151428
1994,1.3960844,0.5787542,0.6042857,0.44144076,0.7917987,0.13731343
1995,2.7721515,0.8318763,0.9478487,0.66217726,1.8243028,0.16969901
1996,0.9849413,0.15500195,0.22889379,0.16912489,0.7560475,-0.014122933
1997,1.1028144,0.41296053,0.6175314,0.42958507,0.48528302,-0.01662454
1998,1.2004462,0.47516966,0.57132673,0.40925962,0.6291195,0.06591004
1999,1.2331101,0.5609149,0.7246401,0.5244517,0.50847,0.0364632
2000,4.206316,1.4603064,1.512304,1.1576657,2.6940122,0.30264068
2001,2.6788192,0.75283754,0.95630944,0.7058012,1.7225097,0.04703635
2002,0.13993433,0.17441146,0.09240423,0.054178655,0.0475301,0.120232806
2003,1.5344737,0.67375827,0.7167953,0.49979967,0.81767833,0.1739586
2004,1.0425987,0.49031907,0.60418564,0.44060487,0.43841308,0.049714208
2005,1.3977944,0.5247639,0.6635895,0.4592525,0.7342049,0.065511376
2006,0.73192763,0.42197204,0.47327733,0.3533269,0.2586503,0.06864515
2007,0.99086535,0.4613361,0.5427276,0.37491077,0.44813776,0.086425334
2008,1.7058666,0.7384612,0.74892473,0.5554048,0.95694184,0.18305641
2009,0.101741016,-0.0044767507,0.052412458,0.03735511,0.04932856,-0.041831862
2010,0.20741072,0.08467479,0.10154487,0.07102445,0.10586585,0.013650343
2011,0.4074884,0.2605275,0.23838623,0.17566338,0.16910218,0.08486411
2012,0.8545957,0.42642024,0.4940886,0.36628208,0.36050713,0.060138166
2013,1.7673544,0.5354341,0.77499473,0.52820504,0.99235964,0.0072290897
2014,0.23578891,0.10137756,0.110674776,0.08257647,0.12511414,0.018801093
2015,0.3782287,0.19802399,0.21473642,0.16593516,0.16349228,0.03208883
2016,1.1665969,0.38494733,0.47848162,0.34973833,0.68811524,0.035209
2017,0.8795404,0.42652172,0.51142997,0.37230167,0.36811042,0.05422005
2018,0.7680182,0.27856869,0.34669727,0.25427803,0.42132092,0.024290651
2019,0.24031942,0.08185101,0.1426318,0.084798574,0.09768762,-0.0029475614
2020,1.8714987,0.6682524,0.90064114,0.63180435,0.97085756,0.03644806
2021,0.5911019,0.20494671,0.28931618,0.20391908,0.3017857,0.0010276288
2022,1.1364257,0.35816655,0.50548697,0.35424182,0.63093877,0.0039247274
2023,1.1727359,0.35169983,0.4578615,0.31571037,0.7148744,0.035989463
2024,0.7428552,0.21296361,0.31672513,0.22034383,0.42613006,-0.0073802173
2025,1.3679453,0.6038788,0.6872164,0.5266294,0.6807289,0.07724941
2026,0.38440412,0.18379335,0.21752048,0.16018085,0.16688365,0.0236125
2027,1.1638553,0.42571437,0.5147033,0.40107098,0.64915204,0.024643391
2028,1.2942535,0.5193567,0.597978,0.44928876,0.6962755,0.07006797
2029,0.437274,0.19754462,0.23419468,0.17137644,0.20307933,0.026168182
2030,1.2293642,0.5588746,0.7064592,0.50600666,0.52290493,0.05286795
2031,0.7772441,0.3328896,0.4827488,0.36316323,0.29449528,-0.030273646
2032,1.9400464,0.81029373,1.0131607,0.7139804,0.9268857,0.09631336
2033,1.3717937,0.4866574,0.6798979,0.4553782,0.69189584,0.031279206
2034,2.1539783,0.8559482,1.0985218,0.77653587,1.0554565,0.07941234
2035,0.36972395,0.19529183,0.2043246,0.14461632,0.16539934,0.05067551
2036,0.34063902,0.08510507,0.21762058,0.14134419,0.12301844,-0.05623912
2037,1.2237709,0.46324658,0.534842,0.40470618,0.68892884,0.058540404
2038,2.2521105,0.6284566,0.90904474,0.6421159,1.3430657,-0.013659298
2039,0.85246474,0.4040767,0.43934113,0.33045736,0.4131236,0.073619336
2040,1.0172064,0.3218586,0.43439382,0.31231874,0.5828126,0.009539872
2041,0.5072435,0.23481798,0.27008548,0.2023248,0.23715803,0.03249319
2042,1.0533178,0.4264625,0.547242,0.39856935,0.5060758,0.027893156
2043,0.97290784,0.4175962,0.38631755,0.28406906,0.5865903,0.13352713
2044,1.3666142,0.7121872,0.82893246,0.62036383,0.53768176,0.09182334
2045,1.1463224,0.41074967,0.573941,0.3907978,0.5723814,0.01995188
2046,0.16401486,0.103928745,0.07253388,0.05344873,0.09148098,0.050480016
2047,2.1732192,0.55290675,0.6433733,0.46476927,1.529846,0.08813748
2048,1.4400634,0.54264104,0.6430997,0.43969354,0.79696363,0.1029475
2049,1.1902537,0.53729033,0.6134715,0.43519288,0.5767822,0.10209745
2050,1.7959874,0.5923059,0.82609195,0.5814714,0.9698954,0.010834515
2051,0.16890374,0.058921583,0.10755321,0.07863481,0.061350532,-0.01971323
2052,0.5165002,0.20242561,0.22987834,0.17150018,0.28662184,0.030925438
2053,0.3943672,0.09769893,0.17297056,0.11785011,0.22139663,-0.020151183
2054,1.4795767,0.6211547,0.80821687,0.59985495,0.67135984,0.02129978
2055,0.98982215,0.3544509,0.4860838,0.33201423,0.50373834,0.022436678
2056,1.9353838,0.7231304,0.9486826,0.67268026,0.9867012,0.050450146
2057,1.678375,0.49284673,0.65250283,0.44625753,1.0258722,0.046589196
2058,0.58571875,0.23575589,0.31188753,0.22214992,0.27383122,0.013605967
2059,1.9749826,0.6617403,0.87576234,0.5855867,1.0992203,0.07615358
2060,1.1044459,0.38397756,0.54243404,0.3498898,0.5620119,0.034087747
2061,1.4735868,0.55910146,0.66502297,0.4780951,0.8085638,0.08100635
2062,0.44554895,0.26752084,0.30716336,0.22718139,0.1383856,0.040339455
2063,1.2947882,0.4754991,0.649603,0.4612748,0.64518523,0.014224291
2064,1.194841,0.32645524,0.46758118,0.3348572,0.7272599,-0.00840196
2065,0.8903524,0.34475687,0.4858547,0.34596008,0.40449774,-0.0012032092
2066,1.9991802,0.5530031,0.78601664,0.50805914,1.2131636,0.04494393
2067,1.3032331,0.62595385,0.7472532,0.5286405,0.55597997,0.097313344
2068,0.1943367,0.104004204,0.09946784,0.079381034,0.09486886,0.02462317
2069,2.042671,0.75399905,0.82558155,0.6052222,1.2170894,0.14877683
2070,0.89871025,0.25673267,0.37085015,0.254636,0.5278601,0.0020966828
2071,0.599392,0.2399652,0.33670682,0.23716831,0.26268518,0.0027968884
2072,1.8067108,0.729699,0.9112276,0.66520536,0.89548326,0.064493656
2073,1.3742139,0.57293206,0.733607,0.50295556,0.64060694,0.06997651
2074,0.27730367,0.08029939,0.13593553,0.09896604,0.14136814,-0.018666647
2075,0.51239675,0.2310441,0.3201918,0.23096439,0.19220495,7.970631e-05
2076,1.2605419,0.4652788,0.7007601,0.48935843,0.5597818,-0.02407962
2077,1.0334506,0.3841159,0.5267428,0.38932803,0.5067078,-0.005212128
2078,1.0699036,0.5203956,0.6257542,0.46449852,0.44414943,0.055897057
2079,1.7975638,0.49590072,0.6673601,0.47096604,1.1302037,0.02493468
2080,1.6349009,0.5075352,0.6858215,0.48004395,0.94907945,0.027491271
2081,0.66964924,0.28982174,0.3692714,0.27505478,0.30037785,0.014766961
2082,1.1613967,0.5400361,0.6349308,0.4228837,0.52646595,0.11715239
2083,0.31797054,0.08711902,0.14360777,0.10044304,0.17436278,-0.013324022
2084,1.2730377,0.6493171,0.68372566,0.5056613,0.589312,0.14365578
2085,4.276904,0.69301707,1.2013215,0.8675882,3.0755825,-0.17457116
2086,1.6894585,0.6680026,0.7884198,0.5555024,0.9010387,0.11250019
2087,2.1038935,0.8691989,0.9981108,0.74505925,1.1057827,0.12413967
2088,2.0259354,0.6380133,0.8451026,0.6119362,1.1808329,0.026077092
2089,0.70253706,0.39279574,0.39376897,0.27307844,0.3087681,0.1197173
2090,1.128956,0.22555353,0.28796592,0.1846879,0.84099007,0.04086563
2091,2.3852553,0.77670866,0.83667785,0.6036681,1.5485775,0.17304057
2092,1.3667907,0.6627712,0.73653334,0.539698,0.6302573,0.12307322
2093,2.2910945,0.7157771,0.98322725,0.65928423,1.3078673,0.056492865
2094,0.7284322,0.30821526,0.36636406,0.2791256,0.36206812,0.02908966
2095,1.8190179,0.55048364,0.7257172,0.5105279,1.0933007,0.039955735
2096,0.35831216,0.20358604,0.20001343,0.14998849,0.15829873,0.053597555
2097,0.66235614,0.18939582,0.2676068,0.18424389,0.39474934,0.0051519275
2098,1.3105851,0.5792633,0.78601396,0.523904,0.5245712,0.055359304
2099,0.9719609,0.38334084,0.44592386,0.3288455,0.52603704,0.054495335
2100,1.052322,0.38040784,0.52698743,0.35294873,0.5253346,0.027459115
2101,0.28361008,0.1785521,0.16673908,0.11731633,0.116871,0.061235778
2102,0.8099806,0.36500168,0.4602326,0.29688948,0.349748,0.068112195
2103,1.4443927,0.39558056,0.6125994,0.41006866,0.8317933,-0.014488101
2104,1.3687599,0.6209976,0.6234797,0.45304507,0.74528015,0.16795254
2105,1.8098297,0.55424696,0.81577235,0.55874425,0.99405736,-0.0044972897
2106,1.3013297,0.51778305,0.7029109,0.48492774,0.59841883,0.032855302
2107,0.8315352,0.41212982,0.4654285,0.34528118,0.36610672,0.066848636
2108,0.6470529,0.29585308,0.40471092,0.30877632,0.24234197,-0.012923241
2109,0.15487784,0.020662498,0.097216085,0.07362124,0.057661757,-0.052958746
2110,1.1108285,0.51737666,0.67533034,0.5106911,0.43549818,0.006685555
2111,2.2090642,0.75720006,0.800974,0.62789816,1.4080902,0.1293019
2112,0.17390884,0.11309133,0.1009076,0.07477455,0.07300124,0.03831678
2113,0.8956928,0.54633456,0.52744424,0.4081192,0.36824858,0.13821536
2114,1.8660872,0.6668885,0.837323,0.6175922,1.0287642,0.04929626
2115,1.9356822,0.46751243,0.8064636,0.4933559,1.1292186,-0.025843471
2116,1.4575646,0.4588931,0.58831346,0.39559942,0.86925113,0.063293666
2117,1.9407305,0.5856185,0.6808471,0.5086862,1.2598834,0.07693231
2118,0.26780617,0.22130133,0.15805525,0.11204268,0.10975093,0.10925865
2119,0.4469712,0.20659952,0.23467751,0.17703438,0.2122937,0.02956514
2120,1.3646007,0.6398369,0.635439,0.46334428,0.7291617,0.17649263
2121,1.2477331,0.65137225,0.6148256,0.46625024,0.6329075,0.18512201
2122,1.2667774,0.48442173,0.6323635,0.4568623,0.6344139,0.02755943
2123,1.4877942,0.46148506,0.62169707,0.43467656,0.8660971,0.0268085
2124,1.6373634,0.54950655,0.6488919,0.46869493,0.9884715,0.08081162
2125,1.4019353,0.56909674,0.7105143,0.49690145,0.69142103,0.07219529
2126,0.2315794,0.028445233,0.100626335,0.06662871,0.13095306,-0.038183477
2127,1.4739103,0.67288905,0.8273079,0.612195,0.64660245,0.06069404
2128,2.147396,0.84121954,0.94571525,0.70486844,1.2016809,0.13635111
2129,0.40044054,0.2539492,0.23792557,0.16701311,0.16251497,0.08693609
2130,0.78408355,0.3701553,0.44871563,0.33830205,0.33536792,0.03185326
2131,1.5933956,0.7841321,0.9281527,0.7073003,0.6652429,0.07683182
2132,0.8522938,0.35534582,0.48347944,0.35136703,0.36881435,0.003978789
2133,1.8206128,0.5440297,0.7303736,0.48856515,1.0902392,0.055464566
2134,0.5004786,0.17281328,0.26974827,0.17597298,0.23073035,-0.0031597018
2135,2.3950274,0.9154027,1.0209492,0.716784,1.3740782,0.19861871
2136,1.1922963,0.5320065,0.66052914,0.4865655,0.53176713,0.045441
2137,0.6114075,0.20986296,0.27029866,0.18652341,0.34110886,0.023339555
2138,0.5740069,0.15989862,0.24719043,0.17578784,0.3268165,-0.015889212
2139,0.47506654,0.15125087,0.24031813,0.17359668,0.23474841,-0.022345811
2140,1.6748893,0.7187714,0.87624234,0.6057168,0.798647,0.11305457
2141,0.27676407,0.16965863,0.12819439,0.082311295,0.14856967,0.087347336
2142,1.4598843,0.6353866,0.69591856,0.5019771,0.7639657,0.1334095
2143,0.24949689,0.09421076,0.14631936,0.084552005,0.10317753,0.009658754
2144,1.6087242,0.6349637,0.7048099,0.507287,0.90391433,0.12767667
2145,0.32023463,0.16556291,0.18960492,0.12454947,0.1306297,0.041013442
2146,1.6930972,0.79482305,0.87777865,0.67669743,0.8153186,0.11812562
2147,0.7600842,0.31347057,0.40152025,0.2869528,0.35856396,0.026517779
2148,3.820026,0.71979165,1.0153515,0.6939203,2.8046744,0.025871336
2149,0.14465803,0.034425326,0.08366817,0.054415833,0.060989857,-0.019990508
2150,2.2176697,0.72425383,0.8121212,0.5866009,1.4055486,0.13765293
2151,1.759072,0.70701957,0.94325864,0.66017,0.8158133,0.04684955
2152,1.1365169,0.5570555,0.6212025,0.46208715,0.5153144,0.09496832
2153,0.27625456,0.20869623,0.16590722,0.11173387,0.110347345,0.09696236
2154,0.5843559,0.21911976,0.24087736,0.17449203,0.34347853,0.044627726
2155,0.388033,0.11727539,0.23677091,0.1595184,0.15126209,-0.04224302
2156,2.7484407,0.62603533,0.9102987,0.6136144,1.838142,0.012420952
2157,1.2240644,0.4319704,0.5276473,0.3759698,0.69641703,0.05600059
2158,1.8734326,0.6410854,0.7869141,0.56297344,1.0865185,0.07811195
2159,1.6631967,0.48944983,0.6644848,0.47187525,0.9987119,0.017574579
2160,0.29146457,0.21093084,0.1467134,0.10883427,0.14475116,0.10209657
2161,2.355154,0.7414243,0.8295862,0.6009757,1.5255678,0.14044863
2162,2.782496,0.88151455,1.0177662,0.7057192,1.7647297,0.17579538
2163,1.1049633,0.4961156,0.6100718,0.4542462,0.49489152,0.041869402
2164,0.292744,0.15032667,0.17721231,0.13642594,0.1155317,0.013900727
2165,2.1303957,0.62995964,0.7958919,0.5562414,1.3345038,0.07371825
2166,1.2055644,0.34476835,0.47648066,0.32616526,0.7290837,0.018603086
2167,0.25753278,0.07370056,0.16620143,0.10417132,0.09133135,-0.030470759
2168,0.15138744,0.16165023,0.09596725,0.06559001,0.05542019,0.09606022
2169,1.1176305,0.32723844,0.4252534,0.2632268,0.6923771,0.06401163
2170,0.3493642,0.124882124,0.15316615,0.109341465,0.19619805,0.015540659
2171,1.3304617,0.40077752,0.5696594,0.3966321,0.7608023,0.0041454136
2172,0.11461491,0.018037284,0.08240639,0.059030734,0.032208525,-0.040993452
2173,1.1575094,0.22551893,0.27890986,0.18923473,0.8785996,0.036284193
2174,1.3769494,0.6432133,0.69990444,0.53295666,0.677045,0.11025661
2175,1.8025402,0.6195765,0.8703001,0.6365346,0.93224007,-0.016958058
2176,1.4737693,0.6423055,0.690201,0.52216214,0.7835683,0.120143354
2177,1.6639774,0.78672904,0.9113715,0.6994716,0.75260586,0.087257445
2178,1.7176893,0.62327754,0.80049944,0.56554747,0.91718984,0.05773008
2179,0.27613622,0.12203806,0.19684324,0.1370092,0.07929298,-0.0149711445
2180,1.7946023,0.66237974,1.007946,0.6390521,0.78665626,0.023327649
2181,0.6109701,0.25760987,0.36493817,0.24960005,0.24603191,0.008009821
2182,1.4251741,0.085509114,0.2324256,0.13923319,1.1927485,-0.053724073
2183,1.5884564,0.6096315,0.75846857,0.5342154,0.8299878,0.07541609
2184,0.23097137,0.09959642,0.09732367,0.074798286,0.1336477,0.024798132
2185,0.6016144,0.2590135,0.2660874,0.18790571,0.335527,0.07110779
2186,1.8921682,0.7494194,0.8970372,0.66682494,0.99513096,0.082594454
2187,2.3779035,1.0905046,1.210518,0.9246885,1.1673855,0.16581613
2188,1.6940025,0.73947954,0.88218415,0.674001,0.81181836,0.06547856
2189,0.85868186,0.2838229,0.4245996,0.27980343,0.43408227,0.004019469
2190,0.8097579,0.52341837,0.4885117,0.3528041,0.32124618,0.17061427
2191,0.83479774,0.36585802,0.49859953,0.36162806,0.3361982,0.004229963
2192,2.522112,0.8165995,0.99109584,0.7039515,1.5310161,0.11264801
2193,0.78211355,0.46053058,0.4722453,0.32715473,0.30986825,0.13337585
2194,1.5121081,0.52101696,0.6844765,0.49361548,0.8276316,0.027401477
2195,0.22400169,0.17095396,0.12210865,0.087450795,0.10189304,0.083503164
2196,0.8409846,0.31660765,0.41637954,0.2740934,0.42460504,0.042514265
2197,1.3689713,0.4229501,0.62717944,0.4357396,0.7417919,-0.012789518
2198,0.6117419,0.3364722,0.3402384,0.25380075,0.2715035,0.08267146
2199,0.68021894,0.4259613,0.40484253,0.31574693,0.2753764,0.11021435
2200,2.0481012,0.656199,0.8286022,0.6052938,1.219499,0.050905168
2201,0.8949842,0.3027185,0.44237265,0.29470044,0.45261154,0.008018047
2202,2.3796136,0.8092109,0.9908821,0.6866716,1.3887315,0.12253928
2203,0.915871,0.4100519,0.48713654,0.34999514,0.42873448,0.060056776
2204,0.30182803,0.05252279,0.13783588,0.093538806,0.16399215,-0.041016016
2205,0.678906,0.28815588,0.3305522,0.20299375,0.34835383,0.08516213
2206,1.0446502,0.35088265,0.5285781,0.36816067,0.5160721,-0.017278016
2207,0.82346284,0.48222777,0.5063041,0.3694872,0.31715876,0.112740576
2208,0.7916471,0.3215662,0.44677836,0.3094383,0.34486872,0.012127906
2209,2.040166,0.6420737,0.82864743,0.5993878,1.2115185,0.042685866
2210,1.3682564,0.32602605,0.4392106,0.29320198,0.92904586,0.03282407
2211,0.26992992,0.057620738,0.12546234,0.081393585,0.14446758,-0.023772847
2212,0.9661919,0.46494588,0.506451,0.3804673,0.45974088,0.08447859
2213,0.781342,0.24915247,0.4171167,0.28230232,0.36422533,-0.033149853
2214,0.4231176,0.22472176,0.20397964,0.15683709,0.21913797,0.06788467
2215,2.1221821,0.68809545,0.88972056,0.6386765,1.2324616,0.049418926
2216,0.1569865,0.07355076,0.06897952,0.048140783,0.08800699,0.025409978
2217,1.681032,0.8829162,0.9871483,0.7837925,0.69388366,0.09912372
2218,0.77492553,0.3552675,0.43693227,0.30035576,0.33799326,0.054911733
2219,0.36929837,0.14788605,0.18099608,0.1386883,0.1883023,0.009197757
2220,0.57883394,0.2440381,0.28492156,0.19255939,0.29391238,0.051478714
2221,0.9674531,0.41384315,0.52634096,0.39102787,0.44111216,0.022815287
2222,0.73520845,0.3373723,0.4447278,0.33467177,0.29048064,0.0027005374
2223,3.1832843,1.1201499,1.3867604,1.0239426,1.7965239,0.09620726
2224,0.5421004,0.1792585,0.24301782,0.16706125,0.2990826,0.012197241
2225,1.5791416,0.49789163,0.6225524,0.44011608,0.9565892,0.057775557
2226,0.4887504,0.1431548,0.23448572,0.16096494,0.25426468,-0.017810136
2227,1.7971596,0.77113855,0.86162454,0.6522981,0.935535,0.118840456
2228,1.2760581,0.6061779,0.7210866,0.5126562,0.55497146,0.093521714
2229,0.2014304,0.028742082,0.09871186,0.06737171,0.10271853,-0.03862963
2230,0.5195764,0.15953156,0.20362628,0.15061805,0.3159501,0.008913517
2231,2.1638722,0.82189727,0.9222723,0.68386954,1.2415999,0.13802773
2232,1.362433,0.3669319,0.50682324,0.3214814,0.8556097,0.04545048
2233,1.2642986,0.42969924,0.49013668,0.3498661,0.7741619,0.07983315
2234,1.4963028,0.5690823,0.7168593,0.51020825,0.77944356,0.05887407
2235,1.4544919,0.552104,0.66974664,0.4971254,0.7847452,0.05497861
2236,1.340208,0.5646841,0.67547524,0.5060678,0.6647328,0.05861628
2237,1.5838319,0.57567835,0.77588356,0.5333494,0.80794835,0.042328954
2238,1.5440369,0.6546139,0.8300211,0.56363267,0.7140158,0.090981245
2239,0.3198392,0.099505946,0.1595492,0.102507755,0.16029,-0.0030018091
2240,1.2992958,0.63628733,0.8769313,0.6718703,0.42236447,-0.03558296
2241,0.69688225,0.30714262,0.35998088,0.2588285,0.33690137,0.048314124
2242,0.9643392,0.455884,0.53887546,0.35637292,0.42546374,0.09951109
2243,0.49642333,0.20025742,0.30200177,0.23290384,0.19442156,-0.032646418
2244,1.5561678,0.6105207,0.67277056,0.4791811,0.8833973,0.13133961
2245,0.54630077,0.15008791,0.25195965,0.16361897,0.29434112,-0.013531059
2246,3.3178442,1.2290592,1.4153779,1.001137,1.9024663,0.2279222
2247,1.8641607,0.7354091,0.8392631,0.59940374,1.0248976,0.13600534
2248,3.3846169,0.9582967,1.1624415,0.77643394,2.2221754,0.18186277
2249,0.8742069,0.43254873,0.48104444,0.34311682,0.39316246,0.08943191
2250,0.48677498,0.3313447,0.29230005,0.22698621,0.19447494,0.10435848
2251,0.46102926,0.2147624,0.22848718,0.16849339,0.23254208,0.046269014
2252,0.22132523,0.039959617,0.12405691,0.09533372,0.09726832,-0.0553741
2253,0.38582563,0.16484675,0.14789726,0.11395284,0.23792838,0.05089391
2254,0.945892,0.33074513,0.46897554,0.3196116,0.47691643,0.011133522
2255,1.5121944,0.56938094,0.8302417,0.5759761,0.6819527,-0.0065951347
2256,2.0983937,0.7063021,0.92352855,0.6391013,1.1748651,0.06720078
2257,0.23938756,0.121798955,0.14624092,0.10617968,0.09314664,0.015619278
2258,0.6935629,0.30798155,0.40476012,0.27781066,0.2888028,0.030170888
2259,1.7443966,0.8787466,1.0197554,0.76531214,0.7246412,0.11343449
2260,1.5925474,0.729402,0.8304119,0.63019323,0.7621355,0.09920877
2261,0.99235666,0.44499618,0.5937711,0.43529359,0.39858556,0.009702593
2262,1.1837782,0.43512455,0.5202861,0.38436216,0.6634921,0.050762385
2263,0.93868804,0.40266922,0.5591893,0.40106097,0.37949872,0.0016082525
2264,0.90951836,0.33962658,0.49144894,0.33836594,0.41806942,0.0012606382
2265,0.421431,0.15879427,0.214348,0.16001356,0.207083,-0.0012192875
2266,1.2664471,0.51274496,0.5674631,0.42504105,0.69898397,0.08770391
2267,2.8590977,0.7759124,1.0845504,0.7082727,1.7745473,0.06763971
2268,0.8646394,0.26914495,0.42205733,0.29491708,0.44258207,-0.025772125
2269,0.5257194,0.15029646,0.21511951,0.14988573,0.3105999,0.0004107356
2270,0.29435468,0.04354158,0.12832344,0.09171221,0.16603124,-0.048170626
2271,2.062589,0.667953,0.9024784,0.6677028,1.1601105,0.0002502203
2272,0.37421504,0.16288486,0.20209059,0.14812794,0.17212445,0.014756918
2273,1.4070538,0.7423008,0.7847661,0.6019737,0.62228775,0.1403271
2274,0.2887454,0.121905416,0.13440685,0.097690865,0.15433855,0.02421455
2275,3.1237428,0.7701262,0.964522,0.6505279,2.1592207,0.11959833
2276,0.11124639,0.14241482,0.07354892,0.048565753,0.03769747,0.09384907
2277,0.296502,0.07989075,0.14043497,0.08898952,0.15606703,-0.009098768
2278,0.7096824,0.40011114,0.40516812,0.28410384,0.3045143,0.1160073
2279,0.33125246,0.058245976,0.12887743,0.08647836,0.20237502,-0.028232384
2280,2.159585,0.7507111,0.89505786,0.67850554,1.2645271,0.07220554
2281,0.47119904,0.34346017,0.25369626,0.1710734,0.21750277,0.17238677
2282,2.7527854,0.7086613,0.83146536,0.57667446,1.9213201,0.13198686
2283,2.4713452,0.9623306,1.0056956,0.72746295,1.4656496,0.23486763
2284,1.296801,0.5664127,0.7041214,0.54352146,0.59267956,0.022891223
2285,2.8516476,0.9061357,0.8729453,0.60044515,1.9787023,0.30569053
2286,0.87943786,0.46258765,0.48775464,0.35190877,0.39168322,0.11067888
2287,2.2346306,0.67920595,0.8053225,0.57617855,1.429308,0.1030274
2288,2.1334956,0.773601,0.95560676,0.6920463,1.1778889,0.08155471
2289,1.585267,0.5677561,0.65113413,0.5117063,0.9341328,0.056049824
2290,0.40976477,0.14292769,0.17462748,0.119874276,0.23513728,0.023053415
2291,2.0651462,0.63516575,0.7849827,0.57489556,1.2801635,0.06027019
2292,1.8267995,0.6583541,0.8662573,0.6447167,0.9605422,0.0136374235
2293,0.46186098,0.13486667,0.21303718,0.13736936,0.2488238,-0.0025026947
2294,1.5715255,0.63419175,0.8380151,0.6139788,0.7335104,0.020212948
2295,1.084524,0.36026007,0.41562477,0.26343295,0.6688993,0.09682712
2296,2.1954925,0.7601364,0.950119,0.6957952,1.2453735,0.06434125
2297,1.3318428,0.54274833,0.6753753,0.4878021,0.6564675,0.054946244
2298,0.344138,0.1643422,0.19078588,0.1293145,0.15335211,0.035027698
2299,1.579897,0.43943083,0.5724816,0.40792722,1.0074155,0.031503618
2300,0.8448063,0.35830554,0.4422388,0.30351514,0.4025675,0.054790407
2301,1.8445414,0.64389956,0.79767036,0.5943318,1.0468711,0.04956776
2302,1.4561981,0.54989785,0.6452794,0.46176404,0.8109187,0.08813381
2303,0.88092947,0.37328234,0.45458984,0.33852723,0.42633963,0.03475511
2304,1.4357506,0.5312292,0.6848739,0.48014957,0.7508767,0.05107963
2305,1.3511956,0.34557968,0.39740235,0.26202258,0.9537932,0.0835571
2306,0.91481316,0.41602525,0.5688631,0.42810088,0.34595007,-0.012075633
2307,0.60986346,0.2851754,0.3239468,0.23775966,0.28591666,0.04741575
2308,1.3272188,0.42535517,0.5884327,0.42748684,0.73878604,-0.0021316707
2309,1.1061759,0.4188248,0.57773894,0.4355476,0.52843696,-0.016722798
2310,0.9756633,0.33778542,0.42959055,0.30607295,0.5460727,0.031712472
2311,0.5287532,0.13485682,0.14020914,0.088952795,0.38854408,0.045904025
2312,0.5984506,0.22246335,0.3328163,0.22439456,0.2656343,-0.0019312054
2313,1.4325562,0.62251663,0.7210604,0.5190979,0.71149576,0.10341871
2314,1.0274305,0.3633637,0.43300527,0.30794144,0.59442526,0.055422276
2315,1.7192875,0.6170682,0.6911416,0.51559,1.0281459,0.10147816
2316,1.6055205,0.60104924,0.7499155,0.5422439,0.855605,0.058805346
2317,0.525925,0.28485838,0.29263896,0.21711192,0.23328602,0.06774646
2318,1.5381274,0.49655077,0.63424176,0.4413995,0.90388566,0.055151254
2319,1.9575515,0.46209207,0.65965354,0.48864007,1.2978979,-0.026547998
2320,1.5771589,0.65465903,0.7449169,0.5775449,0.832242,0.077114105
2321,1.7313399,0.733359,0.8386162,0.6025194,0.89272374,0.13083959
2322,3.0072203,0.86097175,1.0137975,0.7334756,1.9934227,0.12749612
2323,1.1538503,0.46562394,0.5705663,0.42005143,0.583284,0.04557252
2324,0.64161164,0.22724098,0.2603758,0.19906041,0.38123584,0.02818057
2325,2.2895865,0.65842396,0.7948552,0.55625534,1.4947314,0.10216862
2326,1.2493206,0.39079326,0.56129616,0.3811319,0.68802446,0.0096613765
2327,1.1712903,0.48360685,0.56711704,0.43027195,0.60417324,0.05333489
2328,0.96004605,0.4087583,0.44459352,0.3130175,0.5154525,0.095740825
2329,2.2658782,0.63671255,0.760563,0.544408,1.5053152,0.09230453
2330,0.23999187,0.1067488,0.11238848,0.08133105,0.1276034,0.025417745
2331,1.6068391,0.5131144,0.65512097,0.46402225,0.9517181,0.049092144
2332,5.351125,2.2828503,2.254005,1.5771115,3.0971198,0.7057388
2333,1.2425481,0.45008916,0.6029875,0.4276246,0.6395606,0.022464544
2334,0.39165795,0.17228389,0.22530492,0.17032994,0.16635303,0.0019539446
2335,0.7514285,0.41258696,0.4104863,0.29834628,0.34094217,0.114240676
2336,1.5779177,0.5982356,0.5808259,0.43017492,0.99709177,0.16806069
2337,2.0298126,0.79643726,0.99122036,0.7246283,1.0385922,0.071808934
2338,0.28382635,0.12429349,0.14658962,0.10962851,0.13723673,0.014664978
2339,2.1932006,0.66940874,0.8717043,0.5884354,1.3214962,0.08097333
2340,1.2570511,0.4902424,0.5540575,0.38834772,0.70299363,0.10189468
2341,2.2933042,0.74899316,0.94396114,0.65521955,1.3493431,0.0937736
2342,0.23017108,0.043465376,0.10805285,0.08007282,0.122118235,-0.036607444
2343,1.6754557,0.48379558,0.6805275,0.48342353,0.9949282,0.0003720522
2344,0.8240098,0.52979165,0.48176107,0.3596441,0.3422487,0.17014757
2345,1.691775,0.44205534,0.6122631,0.42888942,1.0795119,0.013165921
2346,0.21005176,0.04557483,0.09790869,0.06952172,0.11214307,-0.023946889
2347,2.6690948,0.7781744,0.97432077,0.73125905,1.694774,0.046915352
2348,0.74539703,0.37301272,0.4159593,0.31468022,0.32943773,0.058332503
2349,0.4790282,0.16178441,0.24420318,0.18056157,0.23482502,-0.018777162
2350,-0.009413616,0.116970845,0.016451547,0.008724414,-0.025865164,0.10824643
2351,2.4281173,0.9402118,1.028347,0.78539187,1.3997703,0.1548199
2352,0.84611315,0.36310014,0.4168416,0.30254492,0.42927155,0.06055522
2353,0.19746205,0.15244879,0.10151975,0.078675896,0.0959423,0.07377289
2354,2.005642,0.52259016,0.6063944,0.43128714,1.3992475,0.09130302
2355,2.4196515,0.6412148,0.9005992,0.5897783,1.5190523,0.051436484
2356,0.9178963,0.3951928,0.42044258,0.3007428,0.4974537,0.09445
2357,0.6581484,0.3234091,0.3313198,0.2426184,0.3268286,0.08079071
2358,0.9249302,0.41541868,0.58123916,0.40260333,0.34369105,0.012815356
2359,1.4415742,0.43468925,0.47170553,0.34707528,0.96986866,0.08761397
2360,0.23019099,0.06889531,0.1353766,0.09766281,0.09481439,-0.028767496
2361,0.32430425,0.1382017,0.17619468,0.14140226,0.14810957,-0.0032005608
2362,0.6877637,0.32158047,0.3613289,0.25947294,0.3264348,0.062107533
2363,0.58672816,0.2316732,0.31517738,0.2114408,0.27155077,0.020232394
2364,1.6516567,0.61462456,0.7168455,0.5190868,0.93481123,0.09553778
2365,2.081489,0.782958,0.98923147,0.722027,1.0922576,0.060930967
2366,2.2230835,0.809294,1.0048577,0.6668043,1.2182258,0.14248967
2367,1.0481418,0.46426657,0.5973641,0.43243328,0.4507777,0.03183329
2368,0.2515433,0.09463601,0.19712141,0.14132896,0.0544219,-0.046692953
2369,1.0286872,0.3273189,0.42048064,0.28744185,0.6082066,0.039877057
2370,2.1946237,0.660114,0.8347332,0.59659773,1.3598905,0.06351626
2371,1.0080957,0.28757897,0.31403333,0.1996467,0.6940624,0.087932274
2372,1.5799584,0.6978254,0.89500266,0.6295345,0.6849558,0.06829089
2373,1.3806901,0.5711075,0.7062763,0.5148736,0.6744138,0.056233883
2374,0.88906866,0.41923767,0.46414456,0.3449733,0.4249241,0.07426438
2375,1.2881769,0.4946653,0.60754204,0.45051545,0.68063486,0.044149846
2376,1.3695884,0.53326267,0.618929,0.44468555,0.75065935,0.08857712
2377,0.4100175,0.17195538,0.2488406,0.17565522,0.16117689,-0.003699839
2378,1.0246453,0.39918205,0.5164815,0.37556648,0.5081638,0.023615569
2379,1.1249448,0.3269853,0.44793233,0.31483525,0.67701244,0.012150049
2380,0.2482899,0.2894049,0.18335497,0.13655455,0.064934924,0.15285034
2381,2.2715259,0.78474873,0.84993,0.62570095,1.4215958,0.15904778
2382,0.8709296,0.3160481,0.50106525,0.34123436,0.36986434,-0.02518627
2383,1.4774642,0.5266557,0.7550925,0.51798534,0.7223717,0.00867033
2384,0.4682506,0.08007149,0.19836101,0.12881972,0.2698896,-0.048748232
2385,1.6401329,0.7035476,0.7759624,0.5812312,0.8641705,0.12231642
2386,1.1828333,0.28526554,0.4160607,0.25832462,0.7667726,0.026940912
2387,1.08763,0.49498156,0.59912807,0.44288236,0.48850197,0.052099198
2388,0.68313885,0.31997925,0.3896683,0.273974,0.29347056,0.04600525
2389,1.6467081,0.6776926,0.8064903,0.59633744,0.8402178,0.081355155
2390,1.6583432,0.52244514,0.7037655,0.5002374,0.9545777,0.022207737
2391,2.212512,0.7677745,0.9031504,0.64459735,1.3093617,0.12317717
2392,1.4752625,0.43737724,0.5881682,0.4232029,0.8870943,0.014174342
2393,0.1548158,0.19952916,0.09887339,0.07065742,0.0559424,0.12887174
2394,1.0128719,0.40126008,0.59461087,0.4230906,0.418261,-0.021830529
2395,2.0642245,0.7823148,1.0679147,0.7486361,0.99630976,0.03367865
2396,1.6681675,0.6449542,0.7300269,0.5438672,0.9381406,0.101087034
2397,0.82926995,0.33082727,0.39716107,0.27031487,0.43210888,0.060512394
2398,1.9993252,0.7215251,0.7770826,0.5754206,1.2222426,0.14610445
2399,1.8932145,0.65613306,0.8568662,0.6239015,1.0363483,0.03223157
2400,0.3629479,0.28085104,0.22731848,0.16381536,0.13562943,0.11703567
2401,1.1362125,0.47361717,0.6426643,0.4653905,0.49354815,0.008226663
2402,2.328934,0.60934234,0.8218495,0.5787382,1.5070844,0.030604124
2403,1.0661525,0.44345704,0.54998267,0.38330898,0.5161698,0.06014806
2404,1.0536834,0.451201,0.576732,0.41063982,0.47695142,0.04056117
2405,1.9505297,0.69158167,0.8438805,0.6561531,1.1066492,0.035428584
2406,1.3803391,0.6402177,0.8535303,0.5911015,0.52680886,0.049116194
2407,0.69837904,0.28550905,0.32119718,0.22494552,0.37718186,0.060563534
2408,1.936565,0.6419663,0.8220097,0.6037117,1.1145554,0.03825456
2409,0.6356807,0.28153422,0.38886514,0.2982865,0.24681553,-0.016752273
2410,0.81479603,0.44620925,0.49554792,0.37855095,0.3192481,0.067658305
2411,0.909114,0.3600471,0.4441797,0.31462383,0.4649343,0.04542327
2412,0.9514589,0.34885705,0.4716215,0.32834044,0.47983736,0.020516604
2413,0.8276993,0.35916144,0.5131007,0.35766083,0.31459862,0.0015006065
2414,1.297113,0.65925777,0.669898,0.49557725,0.62721497,0.16368052
2415,0.16124831,0.062750444,0.06756159,0.047377396,0.09368672,0.015373047
2416,1.172857,0.4542429,0.5479125,0.40771168,0.62494457,0.0465312
2417,1.2052704,0.5096576,0.6476934,0.47797364,0.557577,0.03168398
2418,1.5126683,0.56094134,0.76502836,0.5483847,0.7476399,0.0125566125
2419,1.4650987,0.4946579,0.57381314,0.3940099,0.8912856,0.100648016
2420,1.2376425,0.54984,0.6778015,0.49100432,0.55984104,0.058835655
2421,1.0436198,0.41655523,0.5661466,0.3908416,0.47747314,0.025713623
2422,0.3537772,0.13691136,0.19276357,0.12636057,0.16101363,0.010550797
2423,0.9663966,0.3484103,0.4434649,0.29908296,0.5229317,0.049327344
2424,0.87900394,0.33568877,0.41490483,0.29126936,0.4640991,0.044419408
2425,0.19752288,0.06525736,0.10396643,0.07671371,0.09355645,-0.011456348
2426,-0.013189631,0.11703822,0.016044442,0.008986121,-0.029234072,0.1080521
2427,0.19265178,0.033856798,0.07208821,0.052383583,0.12056357,-0.018526785
2428,0.96602803,0.5203046,0.5489416,0.40664983,0.41708642,0.11365479
2429,0.6257696,0.18317921,0.28415522,0.19641656,0.3416144,-0.013237342
2430,1.1737155,0.41016504,0.5537733,0.41944808,0.6199422,-0.009283036
2431,0.43202356,0.22965844,0.2566186,0.18302912,0.17540497,0.046629325
2432,2.464865,0.61631024,0.77247286,0.5071686,1.6923921,0.10914165
2433,1.1427033,0.5350324,0.60399556,0.44698137,0.53870773,0.08805102
2434,0.26572368,0.06631194,0.15457296,0.102562584,0.11115071,-0.036250643
2435,0.14328763,0.042996164,0.08326405,0.059770238,0.060023576,-0.016774073
2436,0.89229274,0.46373826,0.5227617,0.39646882,0.36953104,0.067269444
2437,2.0934858,0.6045561,0.743981,0.5451816,1.3495048,0.05937451
2438,1.165472,0.52753115,0.60627234,0.48607463,0.5591997,0.04145652
2439,0.527388,0.18044423,0.2827498,0.19944732,0.24463817,-0.019003093
2440,0.84366906,0.3927586,0.4173986,0.2904771,0.42627046,0.10228151
2441,1.2641829,0.6278422,0.6737551,0.4862671,0.5904278,0.1415751
2442,1.0024482,0.4735703,0.5928679,0.42689413,0.4095803,0.04667616
2443,2.185556,0.8289242,1.090489,0.7944492,1.0950669,0.03447497
2444,1.6509318,0.6767805,0.8462877,0.5987376,0.8046441,0.078042924
2445,1.2347028,0.4339818,0.53017396,0.3733422,0.70452887,0.06063962
2446,1.6396499,0.34917158,0.4349556,0.3223568,1.2046943,0.026814789
2447,0.61496425,0.29594383,0.346806,0.26251552,0.26815826,0.03342831
2448,0.24502826,0.1332908,0.15633033,0.11301217,0.088697925,0.020278625
2449,1.5789047,0.67708015,0.8798615,0.664359,0.6990433,0.012721181
2450,0.6297899,0.24438433,0.3852109,0.27254152,0.24457899,-0.02815719
2451,0.7154852,0.25651345,0.34447128,0.24727437,0.37101394,0.009239078
2452,0.074608065,0.14558807,0.058502574,0.038971078,0.016105492,0.10661699
2453,1.9175997,0.720758,0.8413245,0.5998291,1.0762751,0.12092894
2454,3.2437916,0.98305917,1.278904,0.87861836,1.9648876,0.10444081
2455,0.59207433,0.34790933,0.35237676,0.27053466,0.23969758,0.07737467
2456,1.5404464,0.48769853,0.6031493,0.44486198,0.9372971,0.042836547
2457,0.4812074,0.22427043,0.28125542,0.20226598,0.19995198,0.022004455
2458,0.48038068,0.29070756,0.23954698,0.17779066,0.2408337,0.1129169
2459,3.32361,1.0311056,1.1332562,0.83647424,2.1903539,0.1946314
2460,0.22272062,0.03231357,0.07405207,0.04523355,0.14866856,-0.012919981
2461,1.1098862,0.4337429,0.5641507,0.41206408,0.5457355,0.021678835
2462,0.6112617,0.23913035,0.30261713,0.22114272,0.3086446,0.017987624
2463,1.4171834,0.555003,0.6055819,0.43965024,0.8116015,0.11535275
2464,1.9889842,0.6264201,0.7518708,0.5420469,1.2371135,0.084373176
2465,0.19166128,0.16368265,0.087640196,0.05964195,0.10402109,0.104040705
2466,0.4072155,0.3065788,0.2610267,0.19334438,0.1461888,0.1132344
2467,0.8476099,0.3245238,0.4326411,0.32076293,0.4149688,0.0037608743
2468,2.0063422,0.641605,0.8756229,0.6505626,1.1307192,-0.008957565
2469,1.5525086,0.54945594,0.7275991,0.5195806,0.8249095,0.029875338
2470,0.455761,0.1531022,0.21611182,0.14879249,0.23964916,0.004309714
2471,0.714851,0.23164491,0.34839094,0.23986664,0.36646008,-0.008221731
2472,0.48721626,0.25735667,0.29058152,0.21703526,0.19663474,0.04032141
2473,0.14217429,0.045105804,0.08530856,0.053792752,0.05686573,-0.008686949
2474,1.4713336,0.7248962,0.84842813,0.612353,0.6229055,0.112543166
2475,1.2178257,0.4527133,0.6121569,0.44862407,0.6056687,0.0040892363
2476,2.2357798,0.75794214,0.9944173,0.6839596,1.2413625,0.07398254
2477,1.6007392,0.56155664,0.7496319,0.5283624,0.85110736,0.033194244
2478,1.5942209,0.6985709,0.83450824,0.614051,0.75971264,0.08451992
2479,2.522146,0.93036723,1.0675251,0.82743853,1.4546208,0.1029287
2480,0.6561646,0.24619739,0.3725636,0.23766594,0.283601,0.008531451
2481,1.5819042,0.48514917,0.6446536,0.48139232,0.93725055,0.003756851
2482,0.4929864,0.28107795,0.2779169,0.19370799,0.2150695,0.08736996
2483,1.8582293,0.55394405,0.76098526,0.54723775,1.097244,0.0067062974
2484,1.3117541,0.28820217,0.3419668,0.23735909,0.9697873,0.050843075
2485,2.1555362,0.84133655,1.060676,0.7750181,1.0948602,0.06631845
2486,1.1343805,0.49704957,0.6182485,0.45452887,0.51613194,0.042520702
2487,1.5091473,0.6256726,0.76500076,0.5696081,0.7441465,0.056064487
2488,0.77204925,0.259977,0.28711322,0.19924887,0.48493603,0.060728148
2489,0.027792253,0.15048626,0.054809976,0.03650824,-0.027017724,0.11397802
2490,0.83897996,0.33530205,0.44265467,0.31465524,0.3963253,0.02064681
2491,0.4800786,0.21005674,0.20314045,0.14797154,0.27693814,0.062085196
2492,0.7713251,0.39758185,0.44330445,0.33562467,0.32802066,0.06195718
2493,1.710698,0.29907712,0.48484603,0.3060164,1.225852,-0.006939262
2494,1.6655668,0.5139233,0.65723497,0.46796876,1.0083318,0.045954525
2495,2.166833,0.537632,0.69515055,0.46459818,1.4716823,0.07303381
2496,1.2652265,0.5535656,0.6223778,0.4505028,0.6428487,0.10306281
2497,0.42174542,0.30531952,0.2841367,0.20730229,0.1376087,0.09801723
2498,1.2849582,0.6967758,0.6955571,0.52426565,0.5894011,0.17251015
2499,1.2245234,0.547349,0.6793302,0.50220376,0.5451932,0.045145214
2500,1.2212075,0.42253786,0.52665156,0.3943744,0.69455594,0.028163463
2501,0.5507804,0.22990492,0.23271093,0.16565755,0.3180695,0.06424737
2502,0.958967,0.4687729,0.54737306,0.42406964,0.4115939,0.044703245
2503,1.0170431,0.44560006,0.55855197,0.3943553,0.45849115,0.051244766
2504,1.7745867,0.4720121,0.7408356,0.50440204,1.033751,-0.03238994
2505,1.30034,0.49847618,0.65851486,0.45476502,0.6418252,0.043711156
2506,1.7637358,0.48372546,0.74935853,0.5202106,1.0143772,-0.036485165
2507,1.1476576,0.5106735,0.6673832,0.5088192,0.48027444,0.0018543005
2508,0.46661136,0.16476703,0.30538958,0.21462205,0.16122177,-0.049855024
2509,2.3304505,0.655402,0.8262013,0.56585824,1.5042492,0.08954376
2510,1.8717864,0.7828403,0.9109169,0.63645595,0.96086943,0.14638436
2511,0.34088683,0.1292139,0.16059469,0.113659956,0.18029214,0.015553944
2512,1.5978727,0.7690699,0.84770966,0.6575042,0.7501631,0.11156571
2513,2.8158646,0.91149557,1.0900371,0.8154197,1.7258275,0.09607589
2514,1.9380894,0.56556976,0.69313776,0.5226248,1.2449516,0.042944968
2515,1.2149355,0.5372451,0.64465237,0.47394162,0.5702832,0.06330347
2516,0.5158959,0.28939736,0.32980594,0.26666626,0.18608996,0.022731096
2517,0.42866215,0.3232372,0.27484363,0.21174483,0.15381852,0.11149238
2518,1.0781052,0.50541544,0.56089485,0.38188428,0.51721036,0.12353116
2519,1.946098,0.50791997,0.6211028,0.41668004,1.3249952,0.09123993
2520,1.8000076,0.48071837,0.6660365,0.48840427,1.1339711,-0.0076858997
2521,1.0913821,0.38105947,0.504357,0.34128767,0.58702517,0.039771795
2522,1.1629585,0.33006907,0.60432756,0.38184738,0.55863094,-0.051778316
2523,1.3444284,0.46482426,0.5816492,0.42385703,0.76277924,0.040967226
2524,0.61773837,0.25721943,0.3483754,0.25574023,0.26936296,0.0014792085
2525,0.38157877,0.15015742,0.15624729,0.12291174,0.22533149,0.027245685
2526,0.6281502,0.2481496,0.28813154,0.20334807,0.3400187,0.044801533
2527,1.2513767,0.6940204,0.7994043,0.6309453,0.45197242,0.063075066
2528,2.0439153,0.6833773,0.7860292,0.5529537,1.257886,0.1304236
2529,0.76157874,0.31935135,0.3935941,0.28839394,0.36798465,0.0309574
2530,1.8866287,0.59145397,0.748495,0.5483144,1.1381338,0.043139577
2531,0.02933223,0.16297346,0.042866666,0.028691852,-0.013534436,0.1342816
2532,2.6935115,0.9269133,1.2056547,0.8552741,1.4878567,0.07163924
2533,1.8056867,0.5455552,0.75818884,0.517411,1.0474979,0.02814418
2534,0.25347307,0.113026366,0.13918194,0.10545792,0.11429113,0.007568449
2535,0.31392825,0.0769681,0.17897871,0.123404816,0.13494954,-0.046436712
2536,0.33323482,0.12503816,0.15683565,0.112263404,0.17639917,0.012774758
2537,0.6162968,0.31780076,0.3809901,0.28540668,0.23530674,0.03239408
2538,0.8162563,0.3935446,0.42535543,0.31136614,0.39090085,0.08217847
2539,0.6096047,0.20991428,0.31290156,0.2252281,0.29670316,-0.015313819
2540,0.17455772,0.05685345,0.11350991,0.087697394,0.061047807,-0.030843943
2541,1.8397107,0.55074626,0.7577173,0.53487074,1.0819933,0.015875518
2542,2.2826147,0.7084205,0.91069126,0.6367205,1.3719234,0.07170004
2543,2.7182214,1.0243345,1.2437702,0.92404824,1.4744512,0.100286305
2544,0.29968968,0.1388277,0.1679931,0.13016081,0.13169658,0.008666888
2545,0.86629915,0.34740764,0.4313662,0.30451095,0.43493295,0.042896688
2546,1.4139507,0.46231034,0.6193498,0.43337527,0.7946009,0.028935075
2547,0.78350925,0.40163583,0.543168,0.39543134,0.24034125,0.006204486
2548,0.49816447,0.19103274,0.22420427,0.16419737,0.2739602,0.026835367
2549,2.5104117,0.86479914,1.0864118,0.7597769,1.4239999,0.10502225
2550,0.3277972,0.15574697,0.17932615,0.12279457,0.14847106,0.032952398
2551,0.73366064,0.34359396,0.44325024,0.34156725,0.2904104,0.002026707
2552,0.37302896,0.16965297,0.19585182,0.148488,0.17717715,0.021164969
2553,0.6645721,0.23593058,0.27872685,0.18637499,0.38584527,0.049555585
2554,0.18377995,0.022417592,0.08877768,0.065918975,0.09500227,-0.043501385
2555,1.6499962,0.5734069,0.6506476,0.47456852,0.9993486,0.09883836
2556,1.6983473,0.72674716,0.8332318,0.6344363,0.8651155,0.092310846
2557,1.2452005,0.69790155,0.8021692,0.6223303,0.4430313,0.07557124
2558,1.3590914,0.5447606,0.6183793,0.47727814,0.7407121,0.06748244
2559,1.9523696,0.71450645,0.85771024,0.62320644,1.0946593,0.09130001
