feature_idx,seq_effect_obs,struct_effect_obs,seq_effect_shuffle,struct_effect_shuffle,seq_delta,struct_delta
0,0.5642379,0.14863274,0.16642521,0.115572035,0.39781266,0.0330607
1,0.42412138,0.057851333,0.100542456,0.066008165,0.32357892,-0.008156832
2,0.34404626,0.053131253,0.056161113,0.044983592,0.28788516,0.008147661
3,0.4456714,0.036634255,0.0656111,0.043679886,0.38006032,-0.0070456304
4,0.269293,0.037131313,0.04541857,0.033156823,0.22387443,0.00397449
5,0.40576878,0.081174225,0.112564676,0.08710472,0.2932041,-0.0059304982
6,0.3686915,0.06953718,0.10207846,0.067467645,0.26661304,0.0020695329
7,0.5436811,0.06559342,0.08386669,0.06640795,0.4598144,-0.0008145273
8,0.43156627,0.08646453,0.07919283,0.05835063,0.35237342,0.028113902
9,0.28813574,0.040480897,0.06826073,0.043526534,0.21987501,-0.0030456372
10,0.21188495,0.027502896,0.04189621,0.030398205,0.16998874,-0.0028953087
11,0.43241715,0.05409363,0.05967324,0.043109044,0.3727439,0.010984585
12,0.49491927,0.07315701,0.09111201,0.06860664,0.40380725,0.004550375
13,0.46965423,0.068072155,0.111815766,0.07646593,0.35783845,-0.008393772
14,0.3800852,0.053869884,0.09205583,0.066524684,0.28802937,-0.0126548
15,0.46578643,0.04035683,0.054907683,0.041717697,0.41087875,-0.0013608672
16,0.42929122,0.062228885,0.06936428,0.050647143,0.35992694,0.011581741
17,0.47468978,0.11455945,0.10078925,0.079012595,0.37390053,0.035546854
18,0.52408856,0.11426965,0.11787967,0.09521219,0.4062089,0.01905746
19,0.45686743,0.06608775,0.08667234,0.06257169,0.3701951,0.003516063
20,0.51433516,0.026095198,0.066334434,0.04470299,0.44800073,-0.018607793
21,0.41831496,0.050660353,0.06780106,0.0534028,0.3505139,-0.002742447
22,0.5308396,0.068841204,0.120071985,0.06976416,0.41076764,-0.0009229556
23,0.41772056,0.0051695183,0.027361102,0.019249398,0.39035946,-0.01407988
24,0.44477177,0.105084255,0.086846344,0.0655615,0.35792542,0.039522752
25,0.5078231,0.058818035,0.07880449,0.0612747,0.42901862,-0.002456665
26,0.52552056,0.07525571,0.09234812,0.064889915,0.43317243,0.010365792
27,0.26916602,0.053060383,0.052076183,0.040216994,0.21708983,0.012843389
28,0.62352496,0.101091534,0.1428485,0.10277209,0.48067647,-0.001680553
29,0.40085807,0.06420418,0.067795336,0.048013892,0.33306274,0.016190287
30,0.39323738,0.13346545,0.123561755,0.0913162,0.2696756,0.042149253
31,0.37351948,0.06910215,0.06960286,0.053859867,0.30391663,0.015242286
32,0.43416455,0.053670783,0.06484082,0.05174935,0.36932373,0.001921434
33,0.34362555,0.025578259,0.05473951,0.037131697,0.28888604,-0.011553438
34,0.4991279,0.036982987,0.07431513,0.054771457,0.42481276,-0.01778847
35,0.4593141,0.056590565,0.071787454,0.052583173,0.38752666,0.0040073916
36,0.3761733,0.03607266,0.057128567,0.040022675,0.3190447,-0.0039500147
37,0.54182655,0.06012458,0.06012838,0.043389965,0.48169816,0.016734615
38,0.33531052,0.09661568,0.09087294,0.064103395,0.24443758,0.032512285
39,0.5346724,0.08645328,0.12288137,0.08854958,0.41179103,-0.0020962954
40,0.29429793,0.087894455,0.0782104,0.042645775,0.21608754,0.04524868
41,0.45185727,0.10047077,0.0986881,0.06538056,0.35316917,0.035090208
42,0.38284954,0.030183353,0.059866026,0.04297406,0.3229835,-0.012790706
43,0.59033835,0.121560015,0.12932466,0.10482689,0.46101367,0.016733125
44,0.44840384,0.056377828,0.09162825,0.06376929,0.35677558,-0.0073914602
45,0.48607066,0.097023286,0.121281624,0.07478509,0.36478904,0.022238195
46,0.47067302,0.04004389,0.061966702,0.041424025,0.4087063,-0.0013801344
47,0.6589988,0.071818724,0.1161166,0.07985262,0.5428822,-0.008033894
48,0.46773297,0.032066267,0.06856543,0.04592833,0.39916754,-0.013862062
49,0.5567364,0.043107815,0.076361656,0.0528819,0.48037475,-0.009774085
50,0.4850406,0.07262738,0.090206124,0.066319615,0.3948345,0.006307766
51,0.5158664,0.043243065,0.08620227,0.05487229,0.42966413,-0.011629224
52,0.3415892,0.05256158,0.062003233,0.045530304,0.279586,0.007031277
53,0.5712458,0.050820757,0.072711594,0.049805794,0.4985342,0.0010149628
54,0.47926545,0.06496077,0.10039548,0.06963146,0.37886998,-0.004670687
55,0.54189926,0.109425314,0.109092,0.08205078,0.43280727,0.027374536
56,0.46516547,0.057379514,0.11301606,0.07712201,0.3521494,-0.019742496
57,0.45633668,0.059771284,0.089930646,0.05932234,0.36640602,0.0004489459
58,0.4309721,0.031237017,0.06953994,0.046765685,0.36143216,-0.015528668
59,0.5061545,0.08769564,0.13883518,0.098317355,0.3673193,-0.010621712
60,0.32143277,0.024180086,0.051149093,0.0328074,0.27028367,-0.008627312
61,0.22852038,0.007211354,0.053109694,0.034762822,0.17541069,-0.027551468
62,0.43061653,0.07894192,0.07155349,0.050353575,0.35906303,0.028588343
63,0.49132252,0.05599142,0.10351098,0.073572986,0.38781154,-0.017581567
64,0.42108086,0.059096783,0.07420485,0.05058956,0.34687603,0.008507222
65,0.4173185,0.037791815,0.063939966,0.0408685,0.35337853,-0.0030766837
66,0.43974048,0.07839067,0.06886956,0.04801868,0.37087092,0.030371994
67,0.501958,0.042579815,0.06483407,0.048474874,0.43712395,-0.0058950596
68,0.4051694,0.06332124,0.08804949,0.06804223,0.3171199,-0.0047209933
69,0.21760087,0.038139213,0.056347657,0.04124248,0.16125321,-0.0031032674
70,0.38306782,0.028334366,0.08204858,0.05442957,0.30101925,-0.026095202
71,0.4338314,0.07539259,0.08405009,0.060236026,0.3497813,0.015156563
72,0.41138706,0.049063336,0.08262645,0.050500456,0.32876062,-0.0014371201
73,0.61898345,0.009495615,0.04038089,0.028627824,0.57860255,-0.019132208
74,0.35480112,0.043707326,0.045457937,0.028086068,0.3093432,0.015621258
75,0.54635787,0.05894936,0.07616302,0.05725905,0.47019485,0.0016903095
76,0.4250205,0.0776768,0.10895524,0.0820612,0.31606525,-0.0043843985
77,0.44616145,0.051574897,0.075863816,0.05485429,0.37029764,-0.0032793917
78,0.40987808,0.06263405,0.073439434,0.054536972,0.33643866,0.008097079
79,0.4760468,0.008627398,0.04459729,0.026338577,0.4314495,-0.01771118
80,0.41952035,0.05973821,0.053300384,0.039603587,0.36621997,0.020134624
81,0.29969078,0.03473972,0.050526522,0.038137518,0.24916425,-0.0033977963
82,0.51382357,0.046583507,0.07675401,0.051529787,0.43706957,-0.0049462803
83,0.3088751,0.08206833,0.07747032,0.06406239,0.2314048,0.018005945
84,0.48345983,0.08159824,0.07730053,0.055334948,0.40615928,0.02626329
85,0.3843375,0.022334618,0.07813651,0.04738245,0.306201,-0.025047833
86,0.3862072,0.076261334,0.09053538,0.05890477,0.29567182,0.017356563
87,0.4584127,0.067056134,0.0813354,0.053932928,0.3770773,0.013123207
88,0.578851,0.11088395,0.15586123,0.116624385,0.42298976,-0.005740434
89,0.38410887,0.05107253,0.08286305,0.058080684,0.3012458,-0.007008154
90,0.4414291,0.051310264,0.048389655,0.03853074,0.39303946,0.012779523
91,0.5441925,0.05938283,0.0632247,0.04866707,0.4809678,0.01071576
92,0.4824232,0.038355533,0.048892155,0.033004165,0.43353105,0.0053513683
93,0.6060506,0.07691276,0.11603614,0.08904111,0.49001446,-0.012128346
94,0.3987002,0.069167234,0.08586819,0.061293397,0.31283203,0.007873837
95,0.29855078,0.04010102,0.062742464,0.045987263,0.23580831,-0.005886242
96,0.55311567,0.09501832,0.10162557,0.07936634,0.4514901,0.015651979
97,0.50157356,0.02684265,0.066069745,0.048797213,0.4355038,-0.021954563
98,0.50636375,0.07653073,0.12451157,0.08764658,0.38185218,-0.011115849
99,0.3919976,0.037826456,0.084491864,0.055392135,0.30750573,-0.017565679
100,0.55278844,0.06676537,0.084691696,0.062881306,0.46809673,0.0038840622
101,0.5357301,0.090513974,0.09954286,0.074978225,0.43618727,0.0155357495
102,0.45729846,0.05222697,0.0761451,0.057348184,0.38115335,-0.0051212125
103,0.5268929,0.027640661,0.0587084,0.047703817,0.4681845,-0.020063156
104,0.43162802,0.10871781,0.1048057,0.08266864,0.3268223,0.026049167
105,0.49768296,0.053338874,0.07366003,0.04795093,0.4240229,0.0053879432
106,0.33181837,0.044255983,0.05435716,0.039662562,0.2774612,0.004593421
107,0.57261455,0.060853068,0.09415589,0.066518694,0.47845864,-0.0056656264
108,0.47906834,0.040817965,0.05215723,0.03707147,0.42691112,0.0037464947
109,0.26910177,0.029820831,0.045119576,0.029894471,0.22398219,-7.3639676e-05
110,0.4916203,0.031288642,0.07622871,0.04990377,0.4153916,-0.018615127
111,0.38051185,0.028787717,0.06437359,0.0444455,0.31613827,-0.015657783
112,0.35701087,0.037683256,0.05973279,0.047762085,0.29727808,-0.010078829
113,0.3001181,0.080921605,0.079463914,0.05293867,0.22065417,0.027982935
114,0.47992676,0.037843022,0.077846505,0.05657518,0.40208027,-0.018732157
115,0.5580203,0.067220785,0.10041942,0.06435799,0.4576009,0.0028627962
116,0.34147364,0.04812997,0.07613319,0.04880552,0.26534045,-0.0006755516
117,0.56409806,0.061221056,0.089119695,0.05798878,0.47497836,0.0032322742
118,0.4409415,0.10833875,0.15371557,0.117781356,0.28722596,-0.009442605
119,0.48938859,0.054823004,0.09672192,0.06628831,0.39266667,-0.011465304
120,0.459004,0.041609753,0.06716426,0.047432944,0.39183974,-0.0058231913
121,0.3848799,0.07562581,0.05756877,0.043992028,0.32731113,0.03163378
122,0.45423758,0.034892324,0.06891881,0.049501278,0.38531876,-0.014608953
123,0.42350692,0.13997823,0.102191746,0.07331544,0.32131517,0.06666279
124,0.6191027,0.07102974,0.10996193,0.08110859,0.5091408,-0.010078855
125,0.44984868,0.07019406,0.10074609,0.07254024,0.3491026,-0.0023461804
126,0.47506693,0.053815786,0.07913745,0.05341544,0.3959295,0.00040034577
127,0.6055942,0.054330442,0.07362256,0.04444637,0.53197163,0.009884071
128,0.51378,0.068916306,0.1038911,0.079316095,0.4098889,-0.010399789
129,0.41614053,0.052154996,0.076778315,0.054578904,0.3393622,-0.0024239086
130,0.51806194,0.052640326,0.06934461,0.04973326,0.44871733,0.0029070675
131,0.47011322,0.028103348,0.06675823,0.05072066,0.403355,-0.02261731
132,0.34661868,0.045185577,0.076279975,0.057365343,0.2703387,-0.012179766
133,0.6283549,0.1743811,0.14845403,0.10784947,0.4799009,0.066531636
134,0.42928234,0.09087832,0.09422695,0.06645331,0.33505538,0.024425015
135,0.59380245,0.09106677,0.095924884,0.070288874,0.49787757,0.020777896
136,0.62505245,0.14679609,0.15545577,0.11604517,0.46959668,0.030750923
137,0.28322014,0.041890066,0.037805084,0.028742537,0.24541506,0.013147529
138,0.33115685,0.037397113,0.056977138,0.04033303,0.2741797,-0.0029359162
139,0.33787474,0.041161902,0.054156348,0.035899702,0.2837184,0.0052622
140,0.441395,0.060534354,0.0750144,0.059834346,0.36638063,0.0007000081
141,0.43387198,0.05409436,0.06950477,0.05052251,0.36436722,0.0035718493
142,0.2706138,0.03560009,0.06578865,0.045536548,0.20482513,-0.009936459
143,0.37180427,0.035082825,0.07642046,0.055635083,0.2953838,-0.020552259
144,0.36306885,0.07520536,0.09997449,0.07215511,0.26309437,0.0030502528
145,0.40727076,0.067294,0.07077179,0.046894692,0.33649898,0.02039931
146,0.5170987,0.036542185,0.057693224,0.04252689,0.4594055,-0.005984705
147,0.2805036,0.037129574,0.060532436,0.046069514,0.21997117,-0.0089399405
148,0.5747313,0.08441414,0.09845066,0.0751129,0.47628063,0.009301238
149,0.34241125,0.0075954767,0.088437565,0.050943363,0.2539737,-0.043347888
150,0.4300242,0.088441096,0.10251295,0.06180686,0.32751125,0.026634235
151,0.4439103,0.030927192,0.06139828,0.039049193,0.38251203,-0.008122001
152,0.27302516,0.09143799,0.06402843,0.03797501,0.20899673,0.05346298
153,0.5259063,0.0519702,0.06217539,0.047094375,0.46373093,0.004875824
154,0.4711612,0.04231494,0.091422416,0.055398453,0.37973878,-0.013083514
155,0.32471266,0.097349055,0.07104411,0.051027402,0.25366855,0.046321653
156,0.2592571,0.04329409,0.059078746,0.03879957,0.20017835,0.0044945218
157,0.42342672,0.06596049,0.061325606,0.04134915,0.3621011,0.024611339
158,0.40784496,0.06848284,0.07879382,0.050415367,0.32905114,0.018067472
159,0.5793533,0.1109089,0.13959318,0.101695634,0.4397601,0.009213269
160,0.34538883,0.06056323,0.06425913,0.03772597,0.28112972,0.022837259
161,0.41711447,0.068232276,0.07890454,0.050105758,0.33820993,0.018126518
162,0.40828678,0.036525924,0.05561771,0.03940141,0.35266906,-0.0028754845
163,0.59539604,0.0928811,0.14742312,0.10217387,0.44797292,-0.009292774
164,0.36740273,0.050978273,0.07655979,0.05860145,0.29084295,-0.007623177
165,0.4423868,0.04179879,0.07309065,0.053043053,0.36929616,-0.0112442635
166,0.41741145,0.024909928,0.030486275,0.022886164,0.38692516,0.002023764
167,0.44038925,0.017098205,0.057428032,0.041154694,0.3829612,-0.024056489
168,0.5709772,0.051573362,0.11016845,0.07315466,0.46080875,-0.021581296
169,0.36735004,0.068398915,0.08473318,0.06285611,0.28261685,0.0055428073
170,0.32918873,0.041621637,0.05590999,0.04339656,0.27327874,-0.001774922
171,0.26530802,0.04874922,0.071649164,0.046601452,0.19365886,0.0021477677
172,0.43425503,0.06271241,0.07235482,0.050866436,0.3619002,0.011845972
173,0.52977043,0.077619486,0.08246114,0.054183923,0.4473093,0.023435563
174,0.399577,0.06385882,0.06633241,0.0478695,0.3332446,0.015989322
175,0.21882306,0.019139232,0.030163,0.022578001,0.18866006,-0.003438769
176,0.54040873,0.06934649,0.095474236,0.065954715,0.4449345,0.0033917725
177,0.48865503,0.07140944,0.10787427,0.070085615,0.38078076,0.0013238266
178,0.55463666,0.053726044,0.08264362,0.055913992,0.47199303,-0.0021879487
179,0.53525025,0.070907496,0.0974852,0.06606962,0.43776506,0.004837878
180,0.5263585,0.09620703,0.11068945,0.08465291,0.41566902,0.011554122
181,0.5305803,0.085658,0.11034533,0.079175636,0.42023495,0.0064823627
182,0.4772775,0.07814275,0.0821289,0.060532164,0.39514858,0.017610583
183,0.5526996,0.06671917,0.08323332,0.060964584,0.4694663,0.0057545826
184,0.54350245,0.03250904,0.07761675,0.04357112,0.4658857,-0.011062078
185,0.49434492,0.0766364,0.10185093,0.07290829,0.392494,0.0037281066
186,0.380915,0.046117704,0.06298426,0.03917468,0.31793073,0.0069430247
187,0.33900052,0.042645507,0.05475179,0.041232035,0.28424874,0.001413472
188,0.44448468,0.075125456,0.09425414,0.06730937,0.35023054,0.007816084
189,0.5937025,0.078277566,0.09929961,0.07165473,0.4944029,0.006622836
190,0.4234429,0.08323973,0.121858336,0.087908514,0.30158457,-0.004668787
191,0.53989655,0.040265225,0.08150083,0.05714618,0.45839572,-0.016880956
192,0.56610113,0.09302753,0.097970106,0.07014938,0.46813104,0.022878155
193,0.64607954,0.09418106,0.10978131,0.08152831,0.5362982,0.012652747
194,0.3391663,0.0018829758,0.015071828,0.010167484,0.32409447,-0.008284508
195,0.31287453,0.02539427,0.0419577,0.029779136,0.27091682,-0.004384866
196,0.46337706,0.04869636,0.08347604,0.064985126,0.37990102,-0.016288765
197,0.51552314,0.060299847,0.11128435,0.083457634,0.4042388,-0.023157787
198,0.4911607,0.03747622,0.1028207,0.070313096,0.38834,-0.032836877
199,0.4122924,0.034048248,0.08023984,0.048926488,0.33205256,-0.0148782395
200,0.48605388,0.051288534,0.078927025,0.05664368,0.40712684,-0.005355146
201,0.4590024,0.06825857,0.097375534,0.07076973,0.36162686,-0.0025111586
202,0.45587033,0.03865195,0.056733012,0.040042263,0.39913732,-0.0013903119
203,0.15433806,0.022680564,0.021780983,0.014765378,0.13255708,0.007915186
204,0.43169853,0.06373102,0.07185081,0.054158114,0.35984772,0.009572908
205,0.47197708,0.045086432,0.056841183,0.042668577,0.4151359,0.002417855
206,0.37954682,0.05222293,0.086419344,0.054951176,0.29312748,-0.0027282462
207,0.5524918,0.058153313,0.08636837,0.059143938,0.4661234,-0.0009906255
208,0.50352037,0.11819635,0.14090174,0.103204176,0.36261863,0.0149921775
209,0.40933633,0.04639182,0.08303527,0.057177782,0.32630107,-0.010785963
210,0.49420157,0.062369265,0.08772212,0.06317488,0.40647945,-0.0008056164
211,0.41658667,0.05752207,0.07009912,0.046146084,0.34648755,0.011375986
212,0.60424614,0.08615403,0.11394334,0.080445856,0.4903028,0.005708173
213,0.434047,0.06396887,0.075975016,0.052031506,0.35807198,0.011937361
214,0.34791428,0.06207379,0.055885933,0.037828516,0.29202834,0.024245273
215,0.55904114,0.019335669,0.059776768,0.034363266,0.49926436,-0.015027598
216,0.5384939,0.08215319,0.080640115,0.056764144,0.45785376,0.02538905
217,0.39673272,0.037062135,0.08502582,0.050119296,0.3117069,-0.013057161
218,0.09350533,0.0040929574,0.013345731,0.009356561,0.0801596,-0.0052636038
219,0.330769,0.044312242,0.09034684,0.058065005,0.24042216,-0.013752762
220,0.37214348,0.039087057,0.05205668,0.039379157,0.3200868,-0.0002921
221,0.57026833,0.1178438,0.1627608,0.10953675,0.40750754,0.008307047
222,0.3183828,0.03430557,0.062378682,0.052430037,0.25600412,-0.018124469
223,0.61598974,0.064147666,0.07165431,0.052508984,0.5443354,0.011638682
224,0.53928226,0.062656276,0.103347614,0.07092225,0.43593466,-0.008265972
225,0.36708605,0.045163993,0.06505253,0.049512953,0.3020335,-0.00434896
226,0.4528323,0.047694918,0.09062765,0.06391148,0.36220467,-0.016216565
227,0.5405317,0.048603423,0.06745343,0.051589034,0.47307825,-0.0029856116
228,0.38232923,0.05016773,0.057053495,0.038593605,0.32527572,0.011574123
229,0.36797354,0.07134852,0.08701058,0.066019975,0.28096294,0.0053285435
230,0.52883685,0.06407584,0.09064896,0.06414967,0.4381879,-7.38278e-05
231,0.24227479,0.039298218,0.05301869,0.044985857,0.1892561,-0.005687639
232,0.5269293,0.056582633,0.095143944,0.06609027,0.43178537,-0.0095076375
233,0.5005337,0.09544771,0.11935863,0.087989435,0.38117507,0.007458277
234,0.3514884,0.07671898,0.075867064,0.053924,0.27562135,0.022794977
235,0.5706749,0.083050534,0.12605396,0.09728551,0.44462094,-0.014234975
236,0.49984914,0.08547642,0.05364118,0.03670773,0.44620797,0.04876869
237,0.29703015,0.03498667,0.057500858,0.04654666,0.2395293,-0.011559989
238,0.45372945,0.07465702,0.10432475,0.077637285,0.3494047,-0.002980262
239,0.542868,0.09744277,0.11648032,0.08026953,0.4263877,0.017173238
240,0.63065815,0.09035568,0.13687542,0.09722259,0.49378273,-0.0068669096
241,0.43894276,0.05397842,0.07536572,0.051221333,0.36357704,0.0027570873
242,0.4431184,0.11256305,0.12069466,0.09686028,0.32242373,0.01570277
243,0.5156651,0.07392273,0.09992028,0.07069809,0.41574484,0.003224641
244,0.5023836,0.045545235,0.11604844,0.0703293,0.38633513,-0.024784066
245,0.43700203,0.05364133,0.071724944,0.05548305,0.36527708,-0.0018417202
246,0.47552174,0.0030593406,0.028879397,0.023482382,0.44664234,-0.020423042
247,0.45104557,0.061540227,0.08241549,0.058313176,0.36863008,0.0032270513
248,0.49185023,0.048932165,0.071006894,0.04790202,0.42084333,0.0010301434
249,0.38164976,0.027957046,0.064962745,0.038492028,0.31668702,-0.010534981
250,0.3574462,0.06821911,0.07498069,0.059315432,0.28246552,0.0089036785
251,0.4560666,0.031083308,0.07589612,0.047507916,0.3801705,-0.016424607
252,0.46217594,0.029876199,0.050360862,0.037910294,0.41181508,-0.008034095
253,0.4205198,0.091690466,0.08662156,0.060375158,0.33389825,0.031315308
254,0.44194314,0.07646708,0.10816548,0.07687019,0.33377767,-0.0004031062
255,0.3443346,0.085843794,0.054271903,0.03913627,0.2900627,0.046707526
256,0.3704666,0.02509695,0.056394264,0.04143546,0.3140723,-0.016338512
257,0.47278887,0.057990722,0.07957483,0.05685672,0.39321405,0.0011340007
258,0.66043997,0.07063177,0.08973237,0.06684914,0.5707076,0.00378263
259,0.3232487,0.05889993,0.06523574,0.050015863,0.25801298,0.008884069
260,0.5872114,0.101712376,0.119534045,0.08446596,0.46767733,0.017246418
261,0.35229602,0.07051975,0.08091037,0.06091998,0.27138567,0.009599771
262,0.4155121,0.0377139,0.06670862,0.0498826,0.3488035,-0.012168698
263,0.37620044,0.046242546,0.07704814,0.062097553,0.2991523,-0.015855007
264,0.48012927,0.04627746,0.08643215,0.054033116,0.3936971,-0.007755656
265,0.5316662,0.045316875,0.071185045,0.049842473,0.46048117,-0.004525598
266,0.43792474,0.08112703,0.08402478,0.060381297,0.35389996,0.020745736
267,0.54154885,0.061897457,0.07339757,0.05074041,0.46815127,0.011157047
268,0.5015664,0.029552165,0.042561073,0.026115585,0.45900533,0.0034365803
269,0.30156466,0.06598968,0.06434512,0.050789736,0.23721954,0.015199944
270,0.5199835,0.10251594,0.14809401,0.11149634,0.37188947,-0.008980393
271,0.4338719,0.07757709,0.062891155,0.044249855,0.37098074,0.033327237
272,0.34457216,0.059293944,0.06280876,0.048339184,0.2817634,0.01095476
273,0.4929067,0.047231648,0.07186179,0.051097903,0.4210449,-0.0038662553
274,0.2064716,0.03614252,0.03685024,0.027218558,0.16962136,0.008923963
275,0.42075548,0.066280484,0.08326183,0.05898621,0.33749366,0.007294275
276,0.49428865,0.0738394,0.14303589,0.088825464,0.35125276,-0.014986061
277,0.31217074,0.046509165,0.06642675,0.04731705,0.24574399,-0.0008078851
278,0.5011433,0.051083215,0.07198127,0.051952504,0.429162,-0.00086928904
279,0.4833472,0.13091727,0.11002753,0.07632439,0.3733197,0.054592878
280,0.3288327,0.08332215,0.060863934,0.036508884,0.26796874,0.04681327
281,0.49945012,0.028696274,0.074324176,0.045824405,0.42512596,-0.01712813
282,0.4840604,0.06451446,0.09117008,0.065072805,0.39289033,-0.0005583465
283,0.22952864,0.020089502,0.09642261,0.056889653,0.13310602,-0.036800154
284,0.50081325,0.038787935,0.06565276,0.044093665,0.4351605,-0.00530573
285,0.33695337,0.056461327,0.07848182,0.05798627,0.25847155,-0.0015249439
286,0.40774292,0.04727975,0.063091636,0.040003963,0.34465128,0.0072757863
287,0.43963906,0.06852974,0.099742815,0.06478267,0.33989626,0.0037470683
288,0.57819945,0.06390882,0.101704895,0.07635285,0.47649455,-0.012444027
289,0.22683883,0.10904389,0.04833982,0.033363014,0.17849901,0.075680874
290,0.39465046,0.06194795,0.08206207,0.05436209,0.3125884,0.007585861
291,0.4524866,0.029512132,0.06385686,0.043884918,0.38862973,-0.0143727865
292,0.48248917,0.07884169,0.09306237,0.062908456,0.3894268,0.015933238
293,0.33867317,0.023365425,0.049575962,0.03296238,0.28909722,-0.009596957
294,0.3051534,0.034967657,0.06300384,0.039673552,0.24214956,-0.0047058947
295,0.33016577,0.040771727,0.061561912,0.042593446,0.26860386,-0.0018217191
296,0.4333339,0.049597215,0.06676435,0.045407224,0.36656955,0.0041899905
297,0.4607996,-0.00062550686,0.026124949,0.014754839,0.43467465,-0.015380346
298,0.50470793,0.0435839,0.08856208,0.055612907,0.41614586,-0.012029007
299,0.4254633,0.040751178,0.08471037,0.06038552,0.34075293,-0.019634344
300,0.5244727,0.069752984,0.090998515,0.06988823,0.43347418,-0.00013524294
301,0.4408245,0.039585654,0.06607448,0.04477321,0.37475002,-0.005187556
302,0.38001704,0.10999324,0.13494772,0.10616963,0.24506932,0.0038236082
303,0.15138264,0.03641793,0.037900873,0.026355444,0.11348177,0.010062488
304,0.50000566,0.06869317,0.08107614,0.061825294,0.41892952,0.0068678744
305,0.50433624,0.063433625,0.0872241,0.06013831,0.41711214,0.0032953136
306,0.71997905,0.12845606,0.19356339,0.1356647,0.52641565,-0.0072086453
307,0.5139878,0.03979782,0.06871173,0.04976489,0.44527605,-0.00996707
308,0.52900976,0.07808833,0.10959628,0.0802696,0.41941348,-0.0021812692
309,0.5571277,0.085707836,0.13952528,0.09904413,0.41760242,-0.013336293
310,0.49391657,0.054345142,0.07159263,0.05193965,0.42232394,0.0024054907
311,0.4893093,0.05368193,0.08815146,0.054053355,0.40115786,-0.00037142634
312,0.2242218,0.04147121,0.059341926,0.042299226,0.16487987,-0.00082801655
313,0.32427713,0.07650437,0.06205181,0.04635027,0.26222533,0.030154102
314,0.34482604,0.07404887,0.09126276,0.06650314,0.25356328,0.007545732
315,0.32336313,0.14037368,0.05168899,0.039629184,0.27167413,0.10074449
316,0.5434457,0.100883506,0.14451481,0.106602795,0.3989309,-0.005719289
317,0.44784653,0.06003613,0.071995795,0.050501715,0.37585074,0.009534415
318,0.5341754,0.099932685,0.09472418,0.07174669,0.43945122,0.028185993
319,0.42235324,0.06914497,0.08963583,0.06296781,0.33271742,0.0061771646
320,0.5793007,0.050677348,0.10137954,0.05812608,0.47792116,-0.007448733
321,0.53510654,0.045011826,0.07167084,0.04672119,0.4634357,-0.0017093644
322,0.5051088,0.07517449,0.09265596,0.07022804,0.41245282,0.004946448
323,0.5099694,2.6752034e-05,0.025739636,0.02011215,0.48422977,-0.020085398
324,0.52383083,0.0882645,0.123099566,0.079854,0.40073127,0.008410506
325,0.34827328,0.045663025,0.06466383,0.04205236,0.28360945,0.0036106668
326,0.57705206,0.068909846,0.08991549,0.059768848,0.48713657,0.009140998
327,0.43952432,0.038880587,0.0753293,0.045428146,0.36419502,-0.006547559
328,0.67697996,0.033463452,0.08125224,0.05092352,0.59572774,-0.017460067
329,0.39415422,0.069459066,0.0970303,0.075229995,0.2971239,-0.005770929
330,0.4929441,0.04463823,0.069099694,0.048493214,0.4238444,-0.0038549826
331,0.5312291,0.061772108,0.108543046,0.060362726,0.42268604,0.0014093816
332,0.5441951,0.073510155,0.10833267,0.0792536,0.43586245,-0.005743444
333,0.5221861,0.0852227,0.10623947,0.075220026,0.41594663,0.010002673
334,0.4453418,0.061874043,0.08328512,0.06400627,0.36205667,-0.0021322258
335,0.43810543,0.02577625,0.056285534,0.033222176,0.3818199,-0.007445926
336,0.49939469,0.033472266,0.061693367,0.04279778,0.4377013,-0.0093255155
337,0.45219898,0.040091127,0.10242077,0.06272486,0.3497782,-0.022633731
338,0.2537647,0.023602601,0.044882253,0.029487621,0.20888244,-0.00588502
339,0.35307932,0.059057415,0.05575301,0.038947154,0.2973263,0.02011026
340,0.3842665,0.024356114,0.065982655,0.03755263,0.31828386,-0.013196515
341,0.40503585,0.046963505,0.06562643,0.044956297,0.3394094,0.0020072088
342,0.23465714,0.048680086,0.06970447,0.052370075,0.16495267,-0.0036899894
343,0.4572865,0.06646629,0.09323771,0.06631266,0.36404878,0.00015362352
344,0.49435216,0.06899758,0.08837843,0.06522914,0.40597373,0.0037684366
345,0.46708137,0.06432406,0.1253509,0.083831556,0.34173048,-0.019507498
346,0.46173847,0.045835648,0.072492026,0.048054047,0.38924643,-0.0022183992
347,0.4447701,0.09496483,0.09445051,0.058833584,0.3503196,0.036131248
348,0.4549909,0.09654864,0.13651994,0.09660289,0.31847095,-5.4247677e-05
349,0.636335,0.10609165,0.14383055,0.10616285,0.49250448,-7.12052e-05
350,0.3016181,0.05723555,0.054641396,0.03671876,0.2469767,0.02051679
351,0.40305105,0.06965854,0.07891995,0.055597782,0.3241311,0.014060758
352,0.61330426,0.033552494,0.05984885,0.03452623,0.5534554,-0.000973735
353,0.41204393,0.08781144,0.1003408,0.071390145,0.31170315,0.016421296
354,0.27352938,0.040124215,0.06170809,0.03864504,0.21182129,0.0014791749
355,0.5045479,0.09728762,0.06454073,0.0416224,0.44000715,0.055665217
356,0.35898015,0.06601547,0.0601415,0.04471431,0.29883865,0.021301158
357,0.44739047,0.029545767,0.05366804,0.03759888,0.39372241,-0.008053111
358,0.32335636,0.037495002,0.0692637,0.043583784,0.25409266,-0.006088782
359,0.4737069,0.039972976,0.0673156,0.04975445,0.4063913,-0.009781472
360,0.3722035,0.047018968,0.06885995,0.046495646,0.30334353,0.00052332133
361,0.44114485,0.038959466,0.06750329,0.044889655,0.37364155,-0.005930189
362,0.49982032,0.068803646,0.08401329,0.056543447,0.41580704,0.012260199
363,0.550102,0.04599521,0.079382166,0.04970298,0.4707198,-0.0037077703
364,0.42517614,0.04508565,0.06441131,0.04633171,0.36076483,-0.0012460612
365,0.42807397,0.06237215,0.10051496,0.073223375,0.327559,-0.010851223
366,0.44397852,0.041915867,0.06286901,0.03968132,0.3811095,0.0022345483
367,0.5539561,0.11147945,0.16347094,0.116952315,0.39048517,-0.0054728687
368,0.40056473,0.04893388,0.071555436,0.053745724,0.3290093,-0.0048118457
369,0.33663988,0.067924194,0.08202495,0.05937271,0.25461495,0.008551486
370,0.47477412,0.03936262,0.08978727,0.05784776,0.38498685,-0.01848514
371,0.32803634,0.07030307,0.06876382,0.05069867,0.25927252,0.019604396
372,0.46486154,0.079222396,0.095221326,0.06724647,0.36964023,0.011975929
373,0.47027096,0.04254691,0.07253042,0.05304245,0.39774054,-0.01049554
374,0.65019006,0.12162816,0.14825332,0.10349026,0.50193673,0.018137895
375,0.51837736,0.06552456,0.1034397,0.06991063,0.41493767,-0.0043860674
376,0.3011459,0.04138653,0.067156404,0.04251446,0.2339895,-0.0011279285
377,0.24677837,0.024844987,0.057194017,0.036096558,0.18958434,-0.011251571
378,0.55023074,0.07866185,0.13459444,0.0941863,0.4156363,-0.015524447
379,0.55247796,0.07750134,0.122650534,0.07879724,0.42982742,-0.0012959018
380,0.31581405,0.056840576,0.075763576,0.048180442,0.24005046,0.008660134
381,0.3833533,0.050145596,0.07240772,0.05051586,0.31094557,-0.00037026405
382,0.5080591,0.047614,0.07398964,0.05659985,0.43406945,-0.008985851
383,0.48860118,0.056717876,0.07853778,0.05634747,0.4100634,0.0003704056
384,0.5484934,0.06171018,0.08722735,0.06777265,0.46126604,-0.0060624704
385,0.52555406,0.06917113,0.09024724,0.059816614,0.43530682,0.009354517
386,0.37815335,0.06284459,0.08795151,0.066874154,0.29020184,-0.0040295646
387,0.32335362,0.009056883,0.03391545,0.024429472,0.28943816,-0.015372589
388,0.4869492,0.08563907,0.09760432,0.06190928,0.38934487,0.023729786
389,0.4353968,0.05537324,0.07829597,0.0576164,0.3571008,-0.0022431612
390,0.4857332,0.08288433,0.080185205,0.06184743,0.405548,0.021036897
391,0.5018686,0.045667812,0.08979831,0.05894197,0.4120703,-0.013274159
392,0.53163415,0.07121173,0.09273212,0.0709171,0.43890202,0.0002946332
393,0.4398496,0.06292377,0.10266464,0.0701148,0.33718494,-0.007191032
394,0.5066597,0.05032354,0.08954361,0.05905412,0.41711608,-0.008730583
395,0.612744,0.056468863,0.08050204,0.059022598,0.53224194,-0.002553735
396,0.62561214,0.047988027,0.09390699,0.06286267,0.53170514,-0.014874645
397,0.41832334,0.069949284,0.07265809,0.05627464,0.34566525,0.013674643
398,0.47645617,0.079921134,0.09408476,0.06373411,0.3823714,0.016187027
399,0.35266328,0.09108378,0.0569231,0.039184127,0.2957402,0.051899653
400,0.23395091,0.036981985,0.055118497,0.034613665,0.17883241,0.0023683198
401,0.41397953,0.035885572,0.059070364,0.037781347,0.35490918,-0.0018957742
402,0.4690469,0.0652233,0.083542,0.05960492,0.3855049,0.0056183785
403,0.5118962,0.041424546,0.075836465,0.05147778,0.4360597,-0.010053232
404,0.3133964,0.04939215,0.077979095,0.05529734,0.2354173,-0.0059051923
405,0.49894157,0.09677397,0.122155525,0.08665655,0.37678605,0.010117419
406,0.40048105,0.07541649,0.0881083,0.06789016,0.31237274,0.0075263306
407,0.35208791,0.03842034,0.0580691,0.043055546,0.2940188,-0.0046352074
408,0.38019374,0.052911796,0.05671463,0.03981211,0.32347912,0.013099685
409,0.3867474,0.107193306,0.08561249,0.059620157,0.30113488,0.04757315
410,0.46855897,0.07060358,0.092064254,0.06380592,0.3764947,0.0067976564
411,0.47493255,0.058851805,0.09525743,0.065178245,0.37967512,-0.0063264407
412,0.23269002,0.037317947,0.049240775,0.029513843,0.18344924,0.007804103
413,0.43402684,0.032757003,0.04588217,0.0329756,0.38814467,-0.00021859631
414,0.5638933,0.048622046,0.0831814,0.057913527,0.4807119,-0.009291481
415,0.73434716,0.07387805,0.14816651,0.09806616,0.5861807,-0.024188109
416,0.23053393,0.058118284,0.103155136,0.073302895,0.12737879,-0.015184611
417,0.5187514,0.052013345,0.07576554,0.05633781,0.44298583,-0.004324466
418,0.500127,0.030433904,0.04987354,0.030715454,0.4502535,-0.00028155
419,0.3628637,0.039256554,0.06333313,0.044566866,0.29953057,-0.005310312
420,0.39900953,0.07454239,0.08502464,0.06446361,0.31398487,0.01007878
421,0.4966536,0.09646668,0.09659606,0.07635707,0.40005752,0.020109616
422,0.4089791,0.059252176,0.095066,0.06332537,0.31391308,-0.0040731914
423,0.45031232,0.08622208,0.13122563,0.09376018,0.31908667,-0.007538095
424,0.4492781,0.093244895,0.07325612,0.04874827,0.37602198,0.044496626
425,0.38030496,0.052994125,0.05079409,0.038623672,0.32951087,0.014370453
426,0.3987563,0.0814338,0.10194895,0.07270378,0.29680735,0.008730024
427,0.32354388,0.0794715,0.08156074,0.0645182,0.24198315,0.0149533
428,0.5039735,0.021184413,0.049088977,0.02749121,0.4548845,-0.0063067973
429,0.40190867,0.055068027,0.075550854,0.050934914,0.3263578,0.0041331127
430,0.50759184,0.10712088,0.13976419,0.09733504,0.36782765,0.009785838
431,0.5082306,0.08104627,0.103477046,0.07268679,0.40475357,0.008359477
432,0.50156474,0.036129624,0.07986049,0.05587103,0.42170423,-0.019741405
433,0.45150346,0.03567695,0.08805425,0.060041804,0.36344922,-0.024364855
434,0.5169387,0.071515515,0.097876474,0.07645996,0.4190622,-0.0049444437
435,0.47409037,0.06826376,0.06748953,0.049189642,0.40660083,0.01907412
436,0.24232686,0.060069118,0.08042073,0.05761872,0.16190612,0.002450399
437,0.5026417,0.074553944,0.10046279,0.073883615,0.40217888,0.00067032874
438,0.13970098,0.018938962,0.017708505,0.012056112,0.12199248,0.00688285
439,0.55974865,0.09753001,0.11928466,0.08389207,0.440464,0.013637938
440,0.54408956,0.056386113,0.0956813,0.0567194,0.44840825,-0.00033328682
441,0.23032424,0.03862354,0.048607506,0.036061045,0.18171674,0.0025624968
442,0.32184735,0.033728875,0.059907828,0.037556835,0.26193953,-0.0038279593
443,0.39221758,0.04606068,0.0990465,0.06860013,0.29317108,-0.022539452
444,0.46347073,0.07585411,0.12080376,0.07966465,0.34266698,-0.0038105398
445,0.5970728,0.07293144,0.12641262,0.08300642,0.47066015,-0.010074981
446,0.43833855,0.058024354,0.035392806,0.022887418,0.40294576,0.035136938
447,0.43449083,0.075932585,0.1149227,0.07648871,0.31956813,-0.00055612624
448,0.34889638,0.0646885,0.07429449,0.05450431,0.27460188,0.010184187
449,0.402505,0.07742131,0.07075614,0.054186843,0.33174887,0.023234464
450,0.31452098,0.0299434,0.0489253,0.031677447,0.26559567,-0.0017340481
451,0.48414803,0.07193562,0.09831499,0.066105,0.38583302,0.0058306158
452,0.43384328,0.041524097,0.06917969,0.045260742,0.3646636,-0.003736645
453,0.40432072,0.06275107,0.08501107,0.057772856,0.31930965,0.0049782135
454,0.47728723,0.050840054,0.08206316,0.057740446,0.39522406,-0.0069003925
455,0.33939883,0.011989134,0.02205407,0.014281868,0.31734475,-0.0022927336
456,0.415322,0.06060548,0.08803129,0.06423578,0.3272907,-0.0036302954
457,0.4560555,0.075461835,0.103171885,0.077873014,0.3528836,-0.0024111792
458,0.37185043,0.015441896,0.039613485,0.027148563,0.33223695,-0.011706667
459,0.48804733,0.07709616,0.09793503,0.066089,0.3901123,0.01100716
460,0.50395185,0.03159037,0.07461314,0.05086645,0.4293387,-0.019276083
461,0.46730953,0.020684319,0.08304396,0.060627207,0.38426557,-0.03994289
462,0.5220874,0.025298089,0.05586257,0.037404414,0.46622482,-0.0121063255
463,0.44667518,0.07909686,0.09920763,0.06441889,0.34746754,0.014677972
464,0.44503987,0.105532214,0.14149521,0.10492083,0.30354464,0.0006113872
465,0.50000143,0.072568536,0.08187452,0.0630435,0.4181269,0.009525038
466,0.4629698,0.12400031,0.095596135,0.0726838,0.36737368,0.051316515
467,0.4363174,0.07257,0.07527139,0.051577806,0.36104602,0.020992197
468,0.46109965,0.0663267,0.08915662,0.06346552,0.37194303,0.0028611794
469,0.4687717,0.059323516,0.103027485,0.07623058,0.3657442,-0.016907062
470,0.39233384,0.035484698,0.06819574,0.047933016,0.3241381,-0.012448318
471,0.44321686,0.07841586,0.11189138,0.08340082,0.33132547,-0.00498496
472,0.33589602,0.076320216,0.06881138,0.045361564,0.26708463,0.030958652
473,0.4931312,0.030899843,0.054157373,0.0388038,0.4389738,-0.007903958
474,0.5637661,0.07632402,0.09961611,0.07131722,0.46415,0.005006805
475,0.575583,0.07000311,0.12493778,0.08980924,0.4506452,-0.019806132
476,0.45863104,0.0712054,0.08843384,0.062778845,0.3701972,0.0084265545
477,0.49945876,0.0640639,0.08205322,0.05719251,0.41740555,0.0068713874
478,0.609089,0.024575572,0.058061875,0.03463301,0.5510271,-0.010057438
479,0.46050835,0.14136484,0.1549093,0.12100393,0.30559903,0.02036091
480,0.42633954,0.051458847,0.060761847,0.04563262,0.3655777,0.0058262274
481,0.535111,0.074555986,0.13723756,0.087662295,0.39787346,-0.013106309
482,0.33355412,0.07230664,0.07136943,0.045469984,0.26218468,0.026836656
483,0.42528805,0.051751498,0.10024197,0.07419594,0.3250461,-0.022444438
484,0.50087506,0.071211375,0.116553046,0.08129369,0.38432202,-0.010082312
485,0.36681864,0.050334323,0.07103422,0.04610731,0.2957844,0.0042270124
486,0.25298995,0.03455745,0.062225834,0.03831163,0.19076411,-0.00375418
487,0.6083665,0.02996502,0.042512182,0.025920203,0.5658543,0.0040448178
488,0.5092802,0.025150826,0.07084982,0.04788497,0.43843037,-0.022734145
489,0.44297174,0.030917471,0.049537025,0.03330702,0.3934347,-0.0023895483
490,0.49963975,0.054702863,0.080680035,0.05895744,0.4189597,-0.004254576
491,0.26432678,0.030837275,0.057451524,0.03867428,0.20687526,-0.007837005
492,0.33312547,0.08805566,0.09204113,0.0774369,0.24108434,0.010618761
493,0.3175039,0.056747478,0.06224667,0.046373554,0.25525722,0.010373924
494,0.60229105,0.069736935,0.10843564,0.08179821,0.49385542,-0.012061276
495,0.46622032,0.03684098,0.056116085,0.038494147,0.41010424,-0.0016531684
496,0.46675816,0.026653023,0.046622027,0.033032265,0.42013612,-0.006379241
497,0.46286777,0.02343341,0.09087008,0.059436403,0.37199768,-0.036002994
498,0.5309567,0.08535614,0.10462683,0.07224437,0.42632985,0.01311177
499,0.35002816,0.035661668,0.049596567,0.03518008,0.30043158,0.0004815869
500,0.34929383,0.06657283,0.060787696,0.044351872,0.28850612,0.022220958
501,0.39594826,0.046601605,0.07258601,0.052649453,0.32336226,-0.0060478486
502,0.51619303,0.08156765,0.0967695,0.072022125,0.41942352,0.009545527
503,0.47858194,0.052748904,0.083866745,0.057239663,0.3947152,-0.004490759
504,0.36189938,0.090114355,0.11050729,0.07370218,0.2513921,0.016412176
505,0.3440547,0.103063874,0.096091196,0.07288092,0.2479635,0.030182958
506,0.27121317,0.034267347,0.04407258,0.03285916,0.22714059,0.0014081858
507,0.44468555,0.11138841,0.071237236,0.041020814,0.3734483,0.07036759
508,0.47265077,0.099283546,0.07729062,0.048920702,0.39536014,0.050362844
509,0.45436674,0.038994517,0.08957184,0.05752225,0.3647949,-0.018527731
510,0.3806755,0.052411254,0.068596065,0.049434315,0.31207943,0.002976939
511,0.4390669,0.06134031,0.10380568,0.06703599,0.3352612,-0.0056956783
512,0.35968372,0.066933416,0.08739835,0.06649545,0.27228537,0.00043796748
513,0.38227335,0.086984545,0.107332334,0.08153332,0.27494103,0.0054512247
514,0.44488704,0.072271705,0.093506955,0.06775898,0.35138008,0.0045127273
515,0.50925255,0.038630366,0.062063254,0.047517933,0.4471893,-0.008887567
516,0.5046567,0.056490593,0.07591755,0.055505104,0.42873913,0.0009854883
517,0.46266162,0.08543711,0.1213712,0.073736295,0.3412904,0.011700816
518,0.59202254,0.08990605,0.08700338,0.06556792,0.5050192,0.024338134
519,0.4797462,-9.7245225e-05,0.023238214,0.014135322,0.45650798,-0.014232567
520,0.4082483,0.05600445,0.07899468,0.057535645,0.3292536,-0.0015311949
521,0.5023313,0.06275773,0.1005893,0.065555304,0.401742,-0.0027975738
522,0.61489016,0.076242305,0.11473527,0.07865727,0.5001549,-0.0024149641
523,0.32480276,0.05765226,0.06126393,0.046927128,0.26353884,0.010725133
524,0.37012136,0.04096243,0.08069222,0.059066005,0.28942913,-0.018103573
525,0.5063738,0.06812252,0.1235485,0.07935623,0.38282531,-0.01123371
526,0.49433276,0.066571124,0.08177094,0.0604988,0.41256183,0.006072324
527,0.5256703,0.073238306,0.12323207,0.085805,0.40243822,-0.012566693
528,0.3457197,0.06414203,0.07123185,0.04833986,0.27448785,0.015802175
529,0.5380968,0.08615697,0.12173347,0.08796589,0.4163633,-0.001808919
530,0.45219997,0.078351595,0.102833554,0.06983738,0.34936643,0.008514218
531,0.38457346,0.05528272,0.08525603,0.06637772,0.29931742,-0.011095002
532,0.4817135,0.030660773,0.06826833,0.049972843,0.41344517,-0.01931207
533,0.61055386,0.1197348,0.1861246,0.1279524,0.42442927,-0.0082175955
534,0.75791305,0.020938264,0.08671674,0.04753001,0.67119634,-0.026591746
535,0.526754,0.063039236,0.11462941,0.078211404,0.4121246,-0.015172169
536,0.468423,0.07538467,0.108418204,0.07660623,0.3600048,-0.0012215599
537,0.36134514,0.030293692,0.05208528,0.03832276,0.30925986,-0.00802907
538,0.3401861,0.044541568,0.08936675,0.065349534,0.25081933,-0.020807967
539,0.4758967,0.052837092,0.05526652,0.040731482,0.42063016,0.01210561
540,0.4479586,0.031806104,0.04851294,0.03376375,0.39944565,-0.0019576475
541,0.51367986,0.09199825,0.124971464,0.085984744,0.3887084,0.006013505
542,0.36431348,0.0626361,0.09916768,0.06760372,0.2651458,-0.0049676225
543,0.7384759,0.0020034476,0.04068613,0.025295904,0.6977898,-0.023292456
544,0.45865306,0.08904533,0.12541966,0.08462709,0.33323342,0.004418239
545,0.50801694,0.07326728,0.09313317,0.06010463,0.4148838,0.01316265
546,0.4162571,0.049647745,0.0609606,0.039736662,0.35529652,0.009911083
547,0.419368,0.06851206,0.088408105,0.064623654,0.3309599,0.0038884059
548,0.38096616,0.044864565,0.07620582,0.051214285,0.30476034,-0.00634972
549,0.44219488,0.033356167,0.07159385,0.053564385,0.37060103,-0.020208217
550,0.68403184,-0.0017293268,0.03533565,0.017724989,0.6486962,-0.019454315
551,0.43383262,0.06684381,0.079242595,0.04940537,0.35459003,0.017438438
552,0.42795354,0.04742188,0.078647226,0.051615458,0.34930632,-0.004193578
553,0.5526717,0.032451164,0.075242355,0.050804377,0.47742933,-0.018353213
554,0.6244009,0.12025575,0.1483041,0.108026505,0.4760968,0.012229249
555,0.4467768,0.08521833,0.102789395,0.076689385,0.3439874,0.008528948
556,0.44508347,0.052940454,0.089103505,0.062603205,0.35597998,-0.009662751
557,0.31585723,0.06365411,0.06239705,0.041569244,0.25346017,0.022084866
558,0.46577847,0.07546549,0.10331031,0.075558335,0.36246815,-9.2841685e-05
559,0.42231405,0.02830067,0.030429743,0.02420383,0.3918843,0.0040968414
560,0.54004586,0.06001645,0.09215953,0.0637304,0.44788632,-0.0037139468
561,0.3661885,0.05897121,0.07699678,0.05447669,0.28919172,0.0044945218
562,0.32813597,0.04159236,0.06446237,0.046302296,0.2636736,-0.0047099367
563,0.4676914,0.0528839,0.07870578,0.066086926,0.3889856,-0.013203025
564,0.29777104,0.06878279,0.06312956,0.041467838,0.23464148,0.027314954
565,0.37843484,0.0669526,0.08370041,0.0536576,0.29473442,0.013295002
566,0.32002246,0.06687056,0.07048962,0.05091206,0.24953285,0.015958503
567,0.5026736,0.06133765,0.07516783,0.054089528,0.4275058,0.0072481222
568,0.4973309,0.05446914,0.08163085,0.057145715,0.41570005,-0.0026765764
569,0.48952678,0.040182907,0.057961486,0.04305628,0.43156528,-0.0028733723
570,0.40713993,0.09162626,0.047063313,0.032345425,0.3600766,0.05928083
571,0.40066686,0.06713256,0.094157964,0.06561763,0.3065089,0.001514934
572,0.45607522,0.107297964,0.08417361,0.058071397,0.3719016,0.049226567
573,0.38205445,0.042636212,0.06905004,0.04851184,0.3130044,-0.0058756284
574,0.32583973,0.040275984,0.072521344,0.054451987,0.25331837,-0.014176004
575,0.42958975,0.03607937,0.055850066,0.042844176,0.3737397,-0.006764807
576,0.36873424,0.015850969,0.05263254,0.035499703,0.3161017,-0.019648734
577,0.4677355,0.06453055,0.09598957,0.069583595,0.37174594,-0.0050530434
578,0.35670534,0.03946963,0.05806799,0.045779213,0.29863736,-0.006309584
579,0.40753385,0.055185255,0.086321756,0.061740223,0.3212121,-0.0065549687
580,0.5572612,0.04756912,0.084665276,0.058930278,0.47259596,-0.011361159
581,0.41540644,0.0462131,0.06303858,0.044001423,0.35236785,0.0022116788
582,0.40313762,0.0904872,0.10623495,0.07558169,0.29690266,0.014905505
583,0.4454289,0.05341998,0.06581943,0.050350204,0.37960947,0.003069777
584,0.49165666,0.08072445,0.10281961,0.0748903,0.38883704,0.0058341473
585,0.42752558,0.10301957,0.12339336,0.090504944,0.30413222,0.0125146285
586,0.46474504,0.04972658,0.07516985,0.05292971,0.38957518,-0.0032031313
587,0.49163535,0.101471886,0.11819917,0.08386211,0.37343618,0.017609775
588,0.49826506,0.06553564,0.10614347,0.072212294,0.39212158,-0.0066766515
589,0.46287838,0.07358773,0.0926621,0.06182267,0.37021628,0.011765059
590,0.4893792,0.093758725,0.068911284,0.04718292,0.4204679,0.046575803
591,0.4438404,0.01937475,0.06420952,0.042008262,0.3796309,-0.022633512
592,0.41423526,0.05554579,0.08173008,0.059735466,0.33250517,-0.0041896775
593,0.45763388,0.004879846,0.025223793,0.014978769,0.4324101,-0.010098923
594,0.39135718,0.068169646,0.080564566,0.060374595,0.31079262,0.0077950507
595,0.5211569,0.054205693,0.08292191,0.058650866,0.43823498,-0.004445173
596,0.44352117,0.05180941,0.09617241,0.06837524,0.34734875,-0.016565826
597,0.5671712,-0.0035400363,0.017359983,0.006553162,0.54981124,-0.010093198
598,0.45416868,0.0714654,0.10351379,0.07086341,0.3506549,0.000601992
599,0.41933808,0.032493584,0.05506333,0.043428455,0.36427474,-0.010934871
600,0.45586666,0.014081975,0.070179954,0.04538332,0.3856867,-0.031301342
601,0.46478766,0.07292009,0.07625172,0.057576265,0.38853595,0.015343826
602,0.41815028,0.062082574,0.095582046,0.06918547,0.32256824,-0.0071028993
603,0.43403858,0.008912851,0.03169668,0.018885303,0.4023419,-0.009972452
604,0.5216861,0.08422872,0.11921053,0.0878147,0.40247554,-0.0035859868
605,0.3854977,0.065585434,0.08455616,0.062497243,0.30094153,0.0030881912
606,0.4551173,0.04741618,0.10694949,0.07320569,0.34816778,-0.025789507
607,0.3064135,0.036770217,0.05560372,0.040146142,0.2508098,-0.0033759251
608,0.48972413,0.038889278,0.065796144,0.046019603,0.423928,-0.007130325
609,0.35053355,0.05661973,0.08306596,0.06992632,0.2674676,-0.013306592
610,0.4839004,0.08346851,0.13779843,0.093004614,0.34610197,-0.009536102
611,0.34722918,0.038151477,0.055754285,0.04007465,0.2914749,-0.0019231737
612,0.36763543,0.06311433,0.0866957,0.064931735,0.28093973,-0.0018174052
613,0.33046782,0.07045563,0.07911448,0.060031783,0.25135332,0.01042385
614,0.32744715,0.045990564,0.045563463,0.033050526,0.2818837,0.012940038
615,0.4970616,0.062023323,0.097634666,0.06341663,0.39942694,-0.001393307
616,0.5346687,0.08143261,0.10036609,0.074198835,0.4343026,0.007233776
617,0.3633619,0.036993064,0.05956967,0.04547453,0.30379224,-0.008481465
618,0.46379328,0.03883536,0.072966754,0.051688038,0.39082652,-0.012852676
619,0.4454513,0.035481006,0.07639134,0.051086888,0.36905995,-0.015605882
620,0.45458084,0.085615106,0.104766026,0.07801804,0.34981483,0.0075970665
621,0.6057813,0.05353469,0.09102607,0.06855846,0.51475525,-0.015023772
622,0.40600273,0.042711988,0.109452054,0.07127969,0.2965507,-0.028567702
623,0.5449061,0.07018138,0.0947511,0.06606563,0.450155,0.0041157454
624,0.42974785,0.045935676,0.06153967,0.04456104,0.36820817,0.0013746358
625,0.4238556,0.079330534,0.111477345,0.082310714,0.31237826,-0.00298018
626,0.68547773,0.07435808,0.12522456,0.08872343,0.56025314,-0.014365345
627,0.3663872,0.037124798,0.060062453,0.043281827,0.30632472,-0.0061570294
628,0.31716552,0.01846654,0.0382881,0.025859281,0.27887744,-0.0073927417
629,0.34142968,0.029795703,0.056470722,0.042144693,0.28495896,-0.012348991
630,0.39279512,0.033987403,0.061684206,0.041104756,0.3311109,-0.0071173534
631,0.60754424,-0.0005955627,0.022429213,0.013670307,0.585115,-0.01426587
632,0.3386863,0.026310518,0.049775317,0.03582397,0.28891098,-0.009513453
633,0.42528933,0.01745535,0.049694795,0.030341627,0.37559453,-0.0128862765
634,0.382474,0.030009756,0.05036392,0.038220897,0.33211008,-0.008211141
635,0.49797907,0.047284283,0.06569198,0.04438034,0.4322871,0.002903942
636,0.5135744,0.05499971,0.09034948,0.06723832,0.42322493,-0.012238614
637,0.52200156,0.074015796,0.09416372,0.069488704,0.42783785,0.004527092
638,0.52963006,0.005121934,0.024131553,0.017957458,0.5054985,-0.012835524
639,0.3631772,0.043927282,0.048513886,0.035827514,0.31466332,0.008099768
640,0.61472636,0.14046279,0.16452858,0.12333881,0.4501978,0.017123975
641,0.4188385,0.043791074,0.07473055,0.05419229,0.34410796,-0.010401215
642,0.3330004,0.088564806,0.08979167,0.07223905,0.24320872,0.016325757
643,0.37795785,0.046262346,0.100845,0.061763305,0.27711284,-0.015500959
644,0.46569976,0.065783724,0.090932004,0.06680401,0.37476775,-0.0010202825
645,0.24678707,0.03465936,0.046747416,0.03399342,0.20003965,0.00066594034
646,0.42564586,0.049802866,0.07909803,0.0584802,0.34654784,-0.008677334
647,0.38156813,0.058951996,0.08680556,0.05610062,0.29476258,0.0028513744
648,0.32400173,0.052967906,0.04943403,0.036588155,0.2745677,0.016379751
649,0.47745886,0.06282018,0.06148062,0.046513025,0.41597825,0.016307157
650,0.4050275,0.047790688,0.054705217,0.042635556,0.3503223,0.005155131
651,0.30092546,0.05386356,0.059046302,0.038568765,0.24187917,0.015294794
652,0.32307813,0.04841523,0.06839099,0.047364797,0.25468713,0.0010504313
653,0.52015734,0.10259904,0.12724316,0.09644133,0.39291418,0.006157711
654,0.39502913,0.068304695,0.05800158,0.043187823,0.33702755,0.025116872
655,0.4753813,0.04647513,0.08361021,0.056950025,0.3917711,-0.010474894
656,0.5017564,0.06737369,0.06520874,0.049986754,0.4365477,0.01738694
657,0.26237345,0.025038607,0.038123604,0.028752815,0.22424984,-0.0037142076
658,0.60024065,0.021691365,0.050913677,0.030113695,0.54932696,-0.00842233
659,0.49728468,0.08336145,0.10282317,0.07396369,0.3944615,0.00939776
660,0.44439858,0.059045557,0.07544673,0.05558947,0.36895186,0.003456086
661,0.407425,0.034002673,0.07247578,0.051831003,0.3349492,-0.01782833
662,0.56967,0.08200198,0.10895137,0.082023524,0.46071866,-2.1547079e-05
663,0.38936478,0.07244096,0.06804587,0.04936774,0.32131892,0.023073219
664,0.5390901,0.05629729,0.104016826,0.07401262,0.43507326,-0.017715331
665,0.5541595,0.05990634,0.08924975,0.07169233,0.46490976,-0.0117859915
666,0.47589904,0.0498737,0.07607471,0.05468065,0.39982432,-0.0048069507
667,0.49651268,0.024673682,0.041414734,0.025453694,0.45509794,-0.00078001246
668,0.45879108,0.029591711,0.06474712,0.04473671,0.39404395,-0.015144998
669,0.42692816,0.109124996,0.12845397,0.07545349,0.2984742,0.033671506
670,0.41335654,0.040833153,0.05607705,0.036316212,0.35727948,0.0045169406
671,0.60181123,0.063334435,0.07486801,0.051666945,0.5269432,0.01166749
672,0.40481377,0.072094105,0.0938541,0.07123097,0.31095967,0.00086313486
673,0.21490851,0.021741265,0.048418608,0.02790925,0.1664899,-0.0061679855
674,0.5694774,0.09225603,0.10516537,0.07919447,0.46431202,0.013061561
675,0.3566486,0.018816287,0.04893168,0.030710142,0.3077169,-0.011893855
676,0.51375854,0.068650365,0.06826663,0.043623284,0.4454919,0.025027081
677,0.37073758,0.060200408,0.07630676,0.0581935,0.29443082,0.002006907
678,0.5396598,0.048786383,0.080037266,0.05684873,0.45962253,-0.008062348
679,0.4143279,0.065820895,0.068710595,0.04735528,0.3456173,0.018465616
680,0.50339514,0.14531022,0.16094704,0.1286865,0.34244812,0.01662372
681,0.45538798,0.0605734,0.07182499,0.05165895,0.38356298,0.008914448
682,0.5158411,0.08431447,0.083434656,0.048201732,0.43240649,0.03611274
683,0.43368855,0.064580485,0.06364162,0.04475377,0.3700469,0.019826714
684,0.42613864,0.0629592,0.1430762,0.09008206,0.28306246,-0.027122855
685,0.48094738,0.07753585,0.09516235,0.06508815,0.38578504,0.0124477
686,0.46465608,0.042422947,0.068694346,0.05378686,0.39596173,-0.011363912
687,0.43882135,0.025163073,0.044052072,0.03173007,0.39476928,-0.0065669976
688,0.5419973,0.07319306,0.06598713,0.038513426,0.47601017,0.034679633
689,0.20276178,0.013434449,0.026634227,0.021045111,0.17612755,-0.007610662
690,0.37974933,0.045703605,0.077558964,0.056396183,0.30219036,-0.010692578
691,0.54747236,0.07386361,0.10646676,0.07718663,0.4410056,-0.0033230186
692,0.37777877,0.056329846,0.08347883,0.06004296,0.29429993,-0.0037131123
693,0.5067465,0.08410271,0.12954131,0.08472054,0.37720516,-0.0006178245
694,0.4782209,0.056491986,0.08041766,0.057171594,0.39780325,-0.00067960843
695,0.4674976,0.05924717,0.08324089,0.05677239,0.3842567,0.0024747811
696,0.38612902,0.07216013,0.09522963,0.06399831,0.2908994,0.0081618205
697,0.41671988,0.041699234,0.056664687,0.036447473,0.3600552,0.0052517615
698,0.3018884,0.038308244,0.06581358,0.053765856,0.23607484,-0.0154576115
699,0.5126478,0.08917223,0.0985307,0.07875079,0.4141171,0.01042144
700,0.41617516,0.04573461,0.103686504,0.069540024,0.31248865,-0.023805413
701,0.66460776,0.0034354453,0.022784073,0.012968518,0.6418237,-0.009533073
702,0.22401282,0.038777485,0.036317006,0.02821415,0.18769582,0.010563336
703,0.63074034,0.051803626,0.075991295,0.052719947,0.5547491,-0.00091632083
704,0.48215953,0.081656,0.09612565,0.06393277,0.3860339,0.017723233
705,0.37682846,0.037863243,0.07973081,0.057132646,0.29709765,-0.019269403
706,0.37745175,0.041236408,0.053242937,0.03714244,0.3242088,0.0040939674
707,0.3371497,0.05786498,0.068713635,0.0517063,0.26843607,0.0061586797
708,0.4919227,0.088705316,0.10948675,0.076691344,0.38243595,0.012013972
709,0.7564786,-0.00088273047,0.041091684,0.023049304,0.7153869,-0.023932034
710,0.5188016,0.056362316,0.07760549,0.06089212,0.44119614,-0.004529804
711,0.5796097,0.12055658,0.08510287,0.06552457,0.49450684,0.055032007
712,0.5159032,0.072443604,0.107525975,0.078446805,0.4083772,-0.006003201
713,0.6872256,0.14844604,0.20113303,0.1231307,0.48609257,0.025315337
714,0.5046939,0.058081467,0.12710191,0.07270205,0.37759203,-0.0146205835
715,0.47906533,0.08351259,0.09161274,0.065899916,0.3874526,0.017612673
716,0.40126276,0.069930814,0.10840269,0.077768825,0.29286006,-0.007838011
717,0.6734181,0.1188614,0.10956307,0.07220851,0.56385505,0.04665289
718,0.45841724,0.05544982,0.090412386,0.06506814,0.36800486,-0.00961832
719,0.25556192,0.051643956,0.05423406,0.04071985,0.20132786,0.010924105
720,0.40723974,0.012620619,0.027881227,0.02220703,0.3793585,-0.009586411
721,0.45729607,0.07104531,0.1109507,0.07438156,0.34634537,-0.0033362508
722,0.40170243,0.078128174,0.12609455,0.08564084,0.27560788,-0.0075126663
723,0.42440057,0.059945397,0.08210488,0.053585067,0.3422957,0.0063603297
724,0.30989686,0.032792572,0.061503433,0.043289002,0.24839342,-0.01049643
725,0.46276018,0.0610622,0.09609623,0.06837166,0.36666393,-0.007309459
726,0.4974465,0.07796746,0.10638276,0.078906715,0.39106375,-0.00093925744
727,0.36529073,0.09041235,0.07386765,0.058609907,0.29142308,0.031802442
728,0.48858613,0.062124837,0.0707545,0.05018994,0.41783163,0.011934899
729,0.37408483,0.049975242,0.070354484,0.0495317,0.30373034,0.00044354424
730,0.3442141,0.030558676,0.06404668,0.041821636,0.28016743,-0.011262961
731,0.25446805,0.02935787,0.05484673,0.03960334,0.19962132,-0.010245472
732,0.6447651,0.014645012,0.035487566,0.025858603,0.6092775,-0.011213591
733,0.47682157,0.053542428,0.072728805,0.050567735,0.40409276,0.0029746927
734,0.20073552,0.038828216,0.04487289,0.031168658,0.15586263,0.007659558
735,0.42946258,0.0567619,0.114262894,0.08019883,0.31519967,-0.02343693
736,0.39964044,0.041870505,0.0496797,0.036965195,0.34996074,0.0049053095
737,0.4245406,0.024909629,0.09699173,0.061396666,0.32754886,-0.036487035
738,0.6322582,0.06633158,0.096711986,0.07346764,0.5355462,-0.007136062
739,0.66619384,0.06320646,0.098468825,0.06534956,0.567725,-0.0021431
740,0.5562848,0.093997315,0.13323408,0.10094087,0.4230507,-0.0069435537
741,0.5306588,0.10128181,0.09293315,0.072559685,0.43772563,0.028722122
742,0.4119265,0.070513904,0.084069245,0.058248658,0.32785726,0.012265246
743,0.40159833,0.06744908,0.05488385,0.04117152,0.3467145,0.026277557
744,0.14172702,0.025433194,0.034349293,0.026374487,0.10737772,-0.0009412933
745,0.25813162,0.034333654,0.05108501,0.0345657,0.20704661,-0.00023204461
746,0.50268114,0.056708355,0.080911204,0.056673527,0.42176992,3.482774e-05
747,0.60846424,0.07328066,0.09710771,0.06836449,0.51135653,0.0049161687
748,0.29776347,0.062350243,0.07087534,0.05472171,0.22688812,0.007628534
749,0.34171212,0.022969086,0.0593879,0.039801423,0.28232422,-0.016832337
750,0.3860581,0.040368028,0.07656513,0.048794504,0.30949295,-0.008426476
751,0.47907683,0.06119774,0.1020266,0.075647034,0.37705022,-0.014449295
752,0.4224933,0.040790893,0.06712806,0.044676375,0.35536525,-0.0038854815
753,0.47902477,0.07072759,0.09794025,0.06406109,0.3810845,0.0066664964
754,0.36131498,0.06261828,0.08029679,0.05635725,0.2810182,0.0062610283
755,0.4350388,0.059729744,0.075290374,0.052338623,0.35974842,0.0073911212
756,0.37022707,0.047178853,0.08970594,0.06926549,0.28052112,-0.022086639
757,0.36123726,0.019009115,0.047706608,0.03398022,0.31353065,-0.014971105
758,0.3680283,0.07063219,0.09105212,0.06650955,0.2769762,0.004122637
759,0.50379485,0.05238161,0.05275712,0.042117726,0.45103773,0.010263883
760,0.56946033,0.057848554,0.08077886,0.055826902,0.48868147,0.0020216517
761,0.43801668,0.052732784,0.08320956,0.06518055,0.35480714,-0.012447763
762,0.48993045,0.0638802,0.096827134,0.06361973,0.3931033,0.00026046485
763,0.37243587,0.042994212,0.0707592,0.046146654,0.30167666,-0.0031524412
764,0.63143677,0.06953358,0.093163356,0.0682512,0.5382734,0.001282379
765,0.4357797,0.029957335,0.058830604,0.037385747,0.37694907,-0.0074284114
766,0.41421372,0.102915436,0.07247958,0.051920164,0.34173414,0.05099527
767,0.50432706,0.0712627,0.09908182,0.0618875,0.40524524,0.009375203
768,0.4403227,0.07465424,0.07680773,0.05897154,0.36351496,0.015682697
769,0.28156334,0.048748117,0.06981431,0.0482281,0.21174903,0.000520017
770,0.3501633,0.052661706,0.0810788,0.05640016,0.2690845,-0.0037384555
771,0.48737612,0.065454125,0.11568481,0.06992555,0.37169132,-0.0044714212
772,0.4129146,0.05307725,0.056041,0.03823333,0.3568736,0.014843922
773,0.46862718,0.08174106,0.09869807,0.08062064,0.3699291,0.0011204183
774,0.3409965,0.08579788,0.07119607,0.053132657,0.26980042,0.032665227
775,0.49029836,0.07892075,0.06488696,0.04206456,0.4254114,0.036856193
776,0.78071606,0.020985426,0.02690907,0.021173347,0.753807,-0.0001879204
777,0.44011885,0.04730232,0.066838235,0.051724628,0.3732806,-0.004422307
778,0.56448334,0.0819883,0.14485759,0.09293798,0.41962576,-0.010949686
779,0.45268267,0.05038709,0.082108565,0.055176307,0.37057412,-0.0047892183
780,0.48623016,0.0459402,0.08580861,0.058323037,0.40042156,-0.012382835
781,0.42576668,0.08215649,0.081504114,0.065878354,0.34426257,0.016278133
782,0.34447178,0.0315306,0.049611207,0.03205179,0.29486057,-0.00052119046
783,0.3570887,0.08808153,0.1050803,0.07535919,0.2520084,0.012722343
784,0.4060615,0.15296075,0.15661034,0.10003896,0.24945116,0.052921787
785,0.16766858,0.036419563,0.054860726,0.034289144,0.112807855,0.002130419
786,0.6415308,0.01863974,0.03272737,0.020326896,0.60880345,-0.001687156
787,0.37560698,0.07037184,0.06888848,0.05123549,0.3067185,0.019136347
788,0.51563084,0.057151817,0.094241664,0.06055921,0.42138916,-0.0034073927
789,0.23066542,0.024341974,0.03425234,0.02601063,0.19641307,-0.0016686562
790,0.3019109,0.044015154,0.06101443,0.045833394,0.24089648,-0.0018182397
791,0.34814414,0.04724534,0.06781653,0.04590426,0.28032762,0.0013410784
792,0.5279507,0.06689849,0.08909373,0.062143125,0.43885696,0.004755363
793,0.5745602,0.09410715,0.11746338,0.08287449,0.45709684,0.011232659
794,0.47202012,0.042203113,0.08202634,0.059761185,0.3899938,-0.017558072
795,0.25619245,0.05001534,0.05665472,0.039640382,0.19953772,0.01037496
796,0.47305307,0.08168233,0.08120614,0.05977958,0.39184693,0.021902751
797,0.37627694,0.08310817,0.07443501,0.050856404,0.3018419,0.032251768
798,0.39915946,0.057058025,0.08222763,0.05517093,0.31693184,0.0018870942
799,0.56205976,0.08120193,0.11492055,0.08565338,0.4471392,-0.0044514462
800,0.572188,0.076934166,0.113658525,0.082942575,0.4585295,-0.006008409
801,0.71193314,0.030327607,0.046640906,0.03775871,0.6652922,-0.007431105
802,0.4389232,0.045652077,0.0850527,0.06231524,0.3538705,-0.016663164
803,0.4479483,0.024190996,0.069880836,0.045852102,0.37806746,-0.021661106
804,0.47413957,0.0727592,0.09160293,0.05933052,0.38253665,0.013428684
805,0.4077408,0.07147048,0.06277659,0.045700498,0.3449642,0.025769979
806,0.43139318,0.03521835,0.0695062,0.04827777,0.36188698,-0.013059419
807,0.53097147,0.03826034,0.07068339,0.05098173,0.46028808,-0.0127213895
808,0.34947208,0.053984016,0.06881823,0.0446627,0.28065383,0.009321317
809,0.35867777,0.058909338,0.10399689,0.0721634,0.25468087,-0.013254065
810,0.47848287,0.068863094,0.06946282,0.05340436,0.40902007,0.015458733
811,0.38497874,0.0225776,0.048021466,0.03285581,0.33695728,-0.010278208
812,0.511984,0.083896674,0.11606719,0.08178456,0.3959168,0.002112113
813,0.4805889,0.107492946,0.11403821,0.09109965,0.3665507,0.016393296
814,0.37274852,0.041660585,0.07435398,0.04985848,0.29839456,-0.008197896
815,0.46636856,0.04339748,0.09247125,0.06116394,0.3738973,-0.01776646
816,0.4287746,0.065746635,0.06605312,0.043499064,0.36272147,0.022247571
817,0.26031366,0.051095415,0.051325187,0.035245094,0.20898847,0.01585032
818,0.4768628,0.065469176,0.10113109,0.06641868,0.3757317,-0.000949502
819,0.472017,0.022230744,0.019271726,0.009646347,0.45274526,0.012584398
820,0.366543,0.06208058,0.07025433,0.04744191,0.29628867,0.01463867
821,0.6368234,0.040102128,0.066645674,0.049231194,0.57017773,-0.009129066
822,0.342273,0.0528922,0.07851335,0.060642682,0.26375964,-0.0077504814
823,0.33414337,0.016981464,0.07131633,0.03983094,0.26282704,-0.022849478
824,0.40105304,0.08699872,0.079199165,0.05434418,0.32185388,0.032654542
825,0.34842747,0.030279238,0.07077598,0.049853075,0.2776515,-0.019573838
826,0.37802365,0.05152287,0.08411959,0.066974975,0.29390407,-0.015452106
827,0.36428395,0.009815023,0.056607854,0.033201948,0.3076761,-0.023386925
828,0.36346817,0.03644198,0.063115105,0.045062747,0.30035305,-0.008620765
829,0.70534533,0.076729506,0.11817817,0.07634404,0.58716714,0.00038546324
830,0.54366404,0.09561361,0.115640506,0.07528554,0.42802352,0.020328075
831,0.32067642,0.085708626,0.08550605,0.066119134,0.23517036,0.019589491
832,0.28613654,0.02312723,0.053655896,0.03817315,0.23248065,-0.01504592
833,0.42964005,0.10449562,0.07377615,0.047361527,0.3558639,0.057134096
834,0.51565236,-0.0055167843,0.021197254,0.011436957,0.4944551,-0.01695374
835,0.5080582,0.050443765,0.056085013,0.04371529,0.45197317,0.006728474
836,0.43089217,0.054333314,0.06924928,0.051885337,0.3616429,0.0024479777
837,0.5431715,0.049172133,0.083321065,0.057168767,0.45985046,-0.007996634
838,0.32010704,0.06386224,0.083361596,0.053851787,0.23674545,0.010010455
839,0.32938367,0.026264397,0.04469201,0.027633319,0.28469166,-0.0013689213
840,0.36031002,0.044393387,0.06997569,0.053195924,0.29033434,-0.008802537
841,0.48475134,0.06596055,0.09317252,0.06962431,0.39157882,-0.0036637634
842,0.39669997,0.042059425,0.043301567,0.030491792,0.35339838,0.011567634
843,0.1893629,0.026608316,0.034468696,0.024245959,0.1548942,0.0023623575
844,0.53646165,0.08522386,0.10640145,0.08036614,0.4300602,0.004857719
845,0.4429196,0.05397705,0.08311486,0.063002154,0.35980475,-0.009025104
846,0.36630234,0.02731845,0.041247226,0.025679018,0.32505512,0.0016394313
847,0.3715822,0.040671516,0.08351458,0.05089433,0.28806764,-0.010222815
848,0.23520918,0.03420875,0.060897857,0.037908215,0.17431132,-0.0036994666
849,0.39530835,0.06293963,0.084095925,0.06232989,0.31121242,0.0006097406
850,0.56905204,0.06811857,0.09447135,0.061483644,0.4745807,0.0066349283
851,0.47818747,0.07749337,0.117152825,0.080831416,0.36103463,-0.0033380464
852,0.38592213,0.06481777,0.061993837,0.04753666,0.3239283,0.017281111
853,0.49337396,0.079718344,0.09200051,0.06963491,0.40137345,0.010083437
854,0.44059423,0.066855244,0.10595731,0.06591208,0.33463693,0.00094316155
855,0.41394863,0.025465144,0.07237022,0.044006333,0.3415784,-0.018541189
856,0.33751756,0.058246836,0.051423777,0.039114617,0.28609377,0.01913222
857,0.2144713,0.034419272,0.032663554,0.024288792,0.18180774,0.01013048
858,0.46423578,0.11333511,0.13002616,0.08560389,0.33420962,0.027731217
859,0.3743563,0.036173627,0.065667234,0.05003282,0.30868906,-0.013859194
860,0.34976617,0.03516503,0.06915235,0.048273645,0.2806138,-0.013108615
861,0.448989,0.08266152,0.060079526,0.045044214,0.3889095,0.037617303
862,0.49987268,0.12776142,0.12498628,0.08744986,0.3748864,0.04031156
863,0.33329755,0.03484863,0.05513716,0.04201654,0.2781604,-0.0071679093
864,0.5498772,0.05973849,0.09914617,0.06784491,0.45073104,-0.008106422
865,0.46905452,0.02241999,0.083259046,0.06150949,0.38579547,-0.0390895
866,0.5394466,0.10364406,0.11155257,0.07473524,0.42789403,0.028908819
867,0.40323657,0.057427555,0.09175812,0.07044588,0.31147844,-0.013018325
868,0.41106576,0.097324185,0.10405722,0.07597706,0.30700853,0.021347128
869,0.5403374,0.06946811,0.06610106,0.048125505,0.4742363,0.021342605
870,0.44593802,0.042530842,0.07180549,0.04749192,0.3741325,-0.004961077
871,0.3619415,0.09532059,0.09073632,0.06933784,0.27120516,0.025982752
872,0.7702992,0.04913542,0.102254145,0.07192162,0.66804504,-0.022786196
873,0.44773078,0.04159748,0.071113855,0.059268225,0.37661693,-0.017670743
874,0.35358265,0.09425439,0.07637804,0.06026016,0.2772046,0.033994228
875,0.55344594,0.026399545,0.038374204,0.025796726,0.51507175,0.000602819
876,0.5482891,0.10350437,0.10779145,0.07821733,0.44049767,0.02528704
877,0.52888507,0.08628179,0.12001402,0.084014855,0.40887105,0.002266936
878,0.48334917,0.11318653,0.12206659,0.086244695,0.3612826,0.026941836
879,0.46744412,0.039361786,0.04258369,0.030756857,0.42486042,0.008604929
880,0.41919035,0.046494044,0.07899883,0.055288468,0.3401915,-0.008794423
881,0.63049716,0.08335383,0.12083826,0.09428958,0.5096589,-0.010935746
882,0.49166265,0.06253158,0.07103457,0.04717841,0.42062807,0.015353173
883,0.5364265,0.064542376,0.10540771,0.074458964,0.43101877,-0.009916589
884,0.49329913,0.07760801,0.12597692,0.07556296,0.3673222,0.0020450503
885,0.598409,0.05926703,0.06926408,0.049600024,0.52914494,0.009667005
886,0.37527376,0.036917932,0.050414875,0.036464565,0.3248589,0.00045336783
887,0.54154956,0.051683284,0.07123439,0.051501222,0.47031516,0.00018206239
888,0.33789235,0.08236245,0.0986461,0.068745114,0.23924625,0.013617337
889,0.4095816,0.044592746,0.07147044,0.050827567,0.33811116,-0.006234821
890,0.48514795,0.085057035,0.09571638,0.0650489,0.38943157,0.020008132
891,0.436691,0.10896479,0.15427834,0.12018281,0.28241265,-0.011218019
892,0.5344643,0.059643205,0.09994357,0.06101249,0.43452072,-0.0013692863
893,0.34768355,0.06817769,0.08204829,0.06352535,0.26563525,0.0046523437
894,0.75826293,0.09043416,0.15856585,0.0947203,0.5996971,-0.00428614
895,0.42479587,0.09958978,0.09201993,0.06978808,0.33277595,0.029801697
896,0.53294355,0.08419359,0.10354635,0.077249855,0.4293972,0.0069437325
897,0.55223197,0.018177243,0.031234263,0.01999854,0.5209977,-0.0018212963
898,0.39690793,0.015002228,0.05856947,0.034291964,0.33833846,-0.019289736
899,0.46562734,0.06383537,0.10258119,0.07547897,0.36304617,-0.011643603
900,0.38721663,0.066175,0.078056104,0.058137327,0.30916053,0.008037671
901,0.3164516,0.063256025,0.07700257,0.05445821,0.23944904,0.008797817
902,0.483012,0.04138611,0.08750046,0.06065355,0.39551154,-0.01926744
903,0.16228932,0.026429147,0.04040451,0.024214398,0.12188481,0.0022147484
904,0.58807194,0.07647929,0.10447944,0.07437065,0.4835925,0.002108641
905,0.36966255,0.063731365,0.08038484,0.053947706,0.2892777,0.009783659
906,0.42440042,0.046383526,0.09393599,0.061927177,0.33046442,-0.015543651
907,0.41508722,0.048077952,0.12932646,0.07423722,0.28576076,-0.026159268
908,0.430792,0.028074153,0.06532338,0.043425027,0.36546862,-0.0153508745
909,0.48592713,0.04420424,0.08570191,0.058320977,0.40022522,-0.014116738
910,0.1610378,0.05174933,0.03723826,0.028023476,0.12379955,0.023725854
911,0.52140796,0.059551366,0.10185892,0.0786062,0.41954905,-0.019054838
912,0.4661334,0.07115027,0.09496321,0.06251612,0.37117016,0.00863415
913,0.42225388,0.08159751,0.108148724,0.07972071,0.31410515,0.0018767938
914,0.48330116,0.04211728,0.062250495,0.042242527,0.42105067,-0.00012524799
915,0.6352743,0.10300909,0.16454624,0.100702554,0.47072804,0.0023065358
916,0.5117665,0.062559,0.08623744,0.06057932,0.42552906,0.0019796826
917,0.52837014,0.07620348,0.10019599,0.07597238,0.42817414,0.00023110211
918,0.39736217,0.060273424,0.080385484,0.050529495,0.3169767,0.009743929
919,0.5047389,0.082233675,0.10124248,0.0754762,0.40349644,0.0067574754
920,0.46374774,0.052417494,0.09633031,0.066736095,0.36741742,-0.0143186
921,0.5441056,0.09413359,0.14525928,0.096566826,0.39884633,-0.002433233
922,0.36285785,0.04784917,0.061827227,0.043620836,0.30103064,0.004228335
923,0.39273706,0.06433778,0.08960445,0.05227545,0.3031326,0.0120623335
924,0.5679209,0.07276043,0.124150105,0.08318389,0.44377083,-0.010423459
925,0.49110684,0.04791039,0.08202921,0.055625133,0.40907764,-0.0077147447
926,0.4369116,0.047643296,0.09617498,0.060795635,0.34073663,-0.013152339
927,0.5430067,0.070477396,0.10987543,0.08157736,0.43313128,-0.011099964
928,0.5559791,0.08226759,0.10494754,0.06732855,0.45103154,0.01493904
929,0.44942996,0.061603233,0.085379906,0.063735336,0.36405006,-0.0021321028
930,0.5196255,0.118854865,0.118400104,0.08464978,0.4012254,0.034205087
931,0.29929352,0.029280905,0.038588937,0.025875406,0.26070458,0.0034054983
932,0.46392947,0.093892604,0.07187017,0.052121192,0.3920593,0.041771412
933,0.417332,0.07730032,0.079141095,0.057446785,0.3381909,0.019853532
934,0.6391849,0.07200668,0.11810548,0.07657768,0.5210794,-0.0045709983
935,0.375463,0.039307795,0.06430257,0.047912873,0.31116045,-0.008605078
936,0.41380915,0.02605331,0.043951277,0.032089323,0.36985788,-0.0060360134
937,0.43317947,0.07800635,0.11043013,0.07349866,0.32274935,0.0045076907
938,0.6362378,-0.005422454,0.021242084,0.016888779,0.6149957,-0.022311233
939,0.45352277,0.050046075,0.057019506,0.041265737,0.39650327,0.008780338
940,0.3668151,0.05519491,0.0763415,0.051234998,0.29047358,0.003959913
941,0.45915672,0.124117754,0.14735407,0.10935686,0.31180266,0.014760897
942,0.41535816,0.05814188,0.06612882,0.04941183,0.34922934,0.00873005
943,0.4261055,0.07055773,0.09678739,0.060659952,0.3293181,0.009897776
944,0.4859389,0.06295713,0.08701983,0.06081184,0.39891908,0.0021452904
945,0.5745268,0.053102467,0.06988497,0.0516683,0.50464183,0.001434166
946,0.5350275,0.06868688,0.11143834,0.082200184,0.42358917,-0.013513304
947,0.32105422,0.06011173,0.08707897,0.061568554,0.23397525,-0.0014568232
948,0.5240548,0.10962671,0.09353743,0.061143085,0.4305174,0.048483625
949,0.30256987,0.02896498,0.05638638,0.03984467,0.24618348,-0.01087969
950,0.42794257,0.07960142,0.10885674,0.080340154,0.31908584,-0.0007387325
951,0.35717642,0.025295574,0.05845412,0.039360125,0.2987223,-0.01406455
952,0.37520275,0.054522682,0.076582655,0.052975804,0.2986201,0.0015468784
953,0.5659022,-0.0031991634,0.038080506,0.018921355,0.52782166,-0.022120519
954,0.42221215,0.09818404,0.0939253,0.06889646,0.32828686,0.029287584
955,0.45703033,0.03274467,0.06666789,0.049171522,0.39036244,-0.016426854
956,0.2892013,0.05289699,0.05664108,0.040356055,0.23256022,0.0125409365
957,0.3736539,0.034646694,0.08714659,0.0566636,0.2865073,-0.022016905
958,0.32823646,0.07937006,0.092895105,0.06329738,0.23534136,0.016072676
959,0.45774177,-0.0030237385,0.021556249,0.012605406,0.4361855,-0.015629144
960,0.40754908,0.04632907,0.076559655,0.056561474,0.33098942,-0.010232404
961,0.49942,0.10576136,0.13563475,0.101106346,0.36378524,0.004655011
962,0.34474823,0.04318705,0.07150598,0.048537064,0.27324224,-0.005350016
963,0.40210763,0.059972122,0.065975234,0.04793307,0.3361324,0.01203905
964,0.43057162,0.11115515,0.10042798,0.07392062,0.33014363,0.03723453
965,0.44720235,0.055547517,0.076139145,0.06008673,0.3710632,-0.004539214
966,0.28008926,0.024632659,0.052465037,0.034753863,0.22762422,-0.010121204
967,0.39931387,0.085707724,0.08442706,0.053035263,0.3148868,0.03267246
968,0.5115554,0.058592446,0.08163775,0.06546434,0.42991763,-0.006871894
969,0.451176,0.046688855,0.07771626,0.05352301,0.37345973,-0.006834157
970,0.5250028,0.08522727,0.108120896,0.07528636,0.4168819,0.009940915
971,0.3658917,0.060224395,0.065423325,0.052646738,0.3004684,0.0075776577
972,0.4767788,0.014838361,0.041424956,0.027789833,0.43535385,-0.012951472
973,0.6091188,0.10807985,0.11196338,0.082324356,0.49715543,0.025755495
974,0.34030023,0.050014675,0.056653604,0.037499532,0.28364664,0.012515143
975,0.4630996,0.05674787,0.076947324,0.05766822,0.38615227,-0.0009203516
976,0.31812945,0.08353578,0.09054052,0.07205932,0.22758892,0.011476465
977,0.4606456,0.0703499,0.088888176,0.06975037,0.37175742,0.0005995333
978,0.49996075,0.047721148,0.071794584,0.05055882,0.42816615,-0.0028376728
979,0.4752994,0.061808873,0.08009709,0.057859458,0.3952023,0.003949415
980,0.5386941,0.036589265,0.092294484,0.05970871,0.4463996,-0.023119446
981,0.49389654,0.088928826,0.0953219,0.06561968,0.39857465,0.023309149
982,0.457596,0.040430102,0.08323261,0.061534274,0.3743634,-0.021104172
983,0.22998634,0.011624542,0.036927134,0.023620045,0.1930592,-0.011995503
984,0.4869221,0.05175054,0.08830507,0.06115265,0.39861703,-0.009402107
985,0.6728563,0.1253993,0.1615378,0.11779142,0.51131845,0.0076078847
986,0.5513999,0.086877316,0.14951664,0.10302225,0.40188324,-0.016144931
987,0.7197739,0.13207395,0.1086744,0.07590929,0.6110995,0.056164667
988,0.4443335,0.02292928,0.07590507,0.052456412,0.3684284,-0.029527133
989,0.4721227,0.08056662,0.08698578,0.062803484,0.3851369,0.017763138
990,0.35831743,0.11906364,0.1280394,0.08329456,0.23027803,0.035769075
991,0.30242297,0.034599043,0.055711027,0.039953567,0.24671194,-0.0053545237
992,0.36794773,0.03335186,0.062261656,0.043920174,0.30568606,-0.010568313
993,0.4614394,0.032435827,0.09336036,0.05536294,0.36807904,-0.022927113
994,0.16687572,0.03341915,0.036122456,0.024259599,0.13075326,0.009159552
995,0.48956427,0.04541733,0.060707353,0.04682918,0.4288569,-0.0014118478
996,0.2787657,0.059593275,0.05498941,0.038889118,0.2237763,0.020704158
997,0.43731338,0.03765927,0.075086735,0.053678088,0.36222664,-0.016018819
998,0.50195414,0.07118217,0.08574687,0.06980992,0.41620725,0.0013722479
999,0.41287738,0.05612179,0.063755676,0.039564453,0.3491217,0.016557336
1000,0.52205306,0.07075192,0.085197315,0.055513978,0.43685573,0.015237942
1001,0.56198406,0.04730737,0.099846356,0.06826388,0.4621377,-0.020956513
1002,0.28438386,0.028190957,0.044037875,0.033150412,0.24034598,-0.0049594548
1003,0.4149648,0.06761941,0.08907618,0.06864362,0.32588863,-0.001024209
1004,0.27525926,0.040972885,0.048585728,0.0367481,0.22667353,0.0042247847
1005,0.39114046,0.08966752,0.08008423,0.060534306,0.31105623,0.029133216
1006,0.56577724,0.06319713,0.10586466,0.078594975,0.4599126,-0.015397847
1007,0.3353771,0.0441999,0.09141241,0.060319137,0.24396469,-0.016119238
1008,0.35769036,0.041115925,0.03849746,0.027639354,0.31919292,0.013476571
1009,0.385436,0.03785144,0.061584994,0.043779343,0.323851,-0.0059279017
1010,0.3376787,0.036770914,0.05220531,0.041282166,0.2854734,-0.004511252
1011,0.56564033,0.09125761,0.13620797,0.09128517,0.42943236,-2.7559698e-05
1012,0.53460246,0.08339938,0.09711668,0.07385576,0.43748578,0.00954362
1013,0.48779497,0.04853864,0.10123758,0.078495935,0.3865574,-0.029957294
1014,0.40730008,0.04279564,0.06658266,0.047848634,0.34071743,-0.005052995
1015,0.34860078,0.059606932,0.06541107,0.04461788,0.2831897,0.014989052
1016,0.3791707,0.02960626,0.06625967,0.05003147,0.31291103,-0.020425208
1017,0.5588442,0.1069296,0.10576895,0.07522917,0.45307526,0.031700432
1018,0.50605077,0.058550965,0.1081853,0.06932995,0.39786547,-0.010778982
1019,0.5165921,0.09129122,0.092561826,0.071746066,0.42403024,0.019545153
1020,0.25058582,0.037737276,0.051882528,0.036279213,0.19870329,0.0014580637
1021,0.3919114,0.06033889,0.08426755,0.06451817,0.30764383,-0.0041792803
1022,0.40895042,0.10927651,0.11655207,0.07766731,0.29239833,0.0316092
1023,0.38881978,0.08847137,0.11015564,0.069725364,0.27866414,0.018746004
1024,0.38961312,0.04590969,0.055832807,0.043283697,0.33378032,0.0026259944
1025,0.36251023,0.04943894,0.087386206,0.055892058,0.275124,-0.006453119
1026,0.5659509,0.06280147,0.06886405,0.050549675,0.49708682,0.012251798
1027,0.4081891,0.09759313,0.09173272,0.06877024,0.31645638,0.028822891
1028,0.58932406,0.054745294,0.07635834,0.05160606,0.51296574,0.003139235
1029,0.6657917,0.13291143,0.15288995,0.124904156,0.5129017,0.008007273
1030,0.4405305,0.055036332,0.07231161,0.0529409,0.3682189,0.002095431
1031,0.4619094,0.09848207,0.09053016,0.06826102,0.37137926,0.030221052
1032,0.45999318,0.08472005,0.122506626,0.09595057,0.33748657,-0.011230521
1033,0.21217953,0.026248073,0.050303623,0.036506116,0.1618759,-0.010258043
1034,0.4772258,0.058048252,0.09123471,0.060087968,0.3859911,-0.0020397156
1035,0.44484937,0.03376476,0.052343898,0.037797518,0.39250547,-0.004032757
1036,0.4179233,0.0707083,0.08234499,0.05606308,0.33557832,0.014645219
1037,0.27203462,0.039351914,0.06384333,0.04905164,0.20819128,-0.009699725
1038,0.4885598,0.0786836,0.089366205,0.06819496,0.3991936,0.010488637
1039,0.35611358,0.011106765,0.052893013,0.03730509,0.30322057,-0.026198326
1040,0.5184355,0.108549826,0.1233949,0.10022886,0.39504057,0.008320965
1041,0.42882776,0.047859903,0.082957126,0.054574728,0.34587064,-0.0067148246
1042,0.37022698,0.04082811,0.06971394,0.0478505,0.30051303,-0.007022392
1043,0.34012908,0.0439518,0.067310385,0.048447184,0.27281868,-0.004495386
1044,0.37421322,0.019266706,0.07301767,0.048471514,0.30119556,-0.029204808
1045,0.35530004,0.034400176,0.053929433,0.03260256,0.30137062,0.0017976165
1046,0.4371643,0.030971048,0.052073654,0.035656366,0.38509065,-0.004685318
1047,0.42592737,0.051839642,0.056588314,0.042380184,0.36933905,0.009459458
1048,0.5191193,0.08684723,0.09267521,0.07160067,0.4264441,0.015246563
1049,0.38143116,0.045978423,0.0725009,0.0508393,0.30893028,-0.004860878
1050,0.5646343,0.10107679,0.10239069,0.07846654,0.46224362,0.022610247
1051,0.5280667,0.05260778,0.08970316,0.06344243,0.43836355,-0.010834653
1052,0.4356088,0.04492617,0.07161948,0.04929203,0.36398932,-0.0043658614
1053,0.23831818,0.019674992,0.036248717,0.028361237,0.20206946,-0.0086862445
1054,0.40938348,0.030890815,0.058909908,0.042650122,0.35047358,-0.011759307
1055,0.5075399,0.082511164,0.086187705,0.06635936,0.4213522,0.0161518
1056,0.50190586,0.047490828,0.08442296,0.05502159,0.4174829,-0.0075307637
1057,0.49768856,0.050997935,0.07935464,0.055724077,0.41833392,-0.0047261417
1058,0.38232288,0.05269788,0.07977408,0.060066856,0.3025488,-0.007368978
1059,0.56153023,0.029207246,0.05872233,0.041226454,0.5028079,-0.012019208
1060,0.47525883,0.039026674,0.10404276,0.05878315,0.37121606,-0.019756477
1061,0.41892177,0.06903872,0.08516362,0.069221266,0.33375815,-0.00018254668
1062,0.4274485,0.08174224,0.08368989,0.060073134,0.3437586,0.021669108
1063,0.3353164,0.06532024,0.08038283,0.06419453,0.25493357,0.0011257082
1064,0.4914329,0.029736845,0.08366615,0.054711968,0.40776676,-0.024975123
1065,0.35877982,0.04305511,0.0630468,0.048486527,0.29573303,-0.0054314174
1066,0.41528594,0.062476434,0.07482098,0.056109868,0.34046495,0.006366566
1067,0.41898578,0.03857687,0.054512855,0.035444703,0.36447293,0.0031321682
1068,0.38034534,0.0801771,0.095816925,0.07116785,0.28452843,0.0090092495
1069,0.41051537,0.04925183,0.059386358,0.047485642,0.351129,0.0017661862
1070,0.43427694,0.07114457,0.101459205,0.07094565,0.33281773,0.00019892305
1071,0.25321153,0.013976468,0.034471992,0.018854802,0.21873954,-0.0048783347
1072,0.52239275,0.052440546,0.084778376,0.05866037,0.43761438,-0.006219823
1073,0.425178,0.037675828,0.074466564,0.05169409,0.35071144,-0.014018264
1074,0.56133133,-0.00029089843,0.027027331,0.018928155,0.534304,-0.019219054
1075,0.49493697,0.08826827,0.12680788,0.081367046,0.36812907,0.006901227
1076,0.4357404,0.047090318,0.06264056,0.03992875,0.37309986,0.007161569
1077,0.22126098,0.07143925,0.0427539,0.03257848,0.17850707,0.03886077
1078,0.45906332,0.04878414,0.08825711,0.049965132,0.37080622,-0.0011809915
1079,0.4101148,0.062783204,0.0779093,0.057959132,0.3322055,0.004824072
1080,0.358705,0.04239941,0.069611646,0.050693244,0.28909338,-0.008293834
1081,0.25388828,0.030144935,0.047952026,0.029257014,0.20593625,0.0008879211
1082,0.5681355,0.0874574,0.11085312,0.07847759,0.45728236,0.008979812
1083,0.49892908,-0.004383084,0.021598622,0.015192529,0.47733045,-0.019575613
1084,0.46054137,0.057718635,0.10993286,0.06674215,0.3506085,-0.009023517
1085,0.65646064,0.1339757,0.15342301,0.11960775,0.50303763,0.014367953
1086,0.40132824,0.080230705,0.10613422,0.073171,0.29519403,0.0070597082
1087,0.29574051,0.04443864,0.055492233,0.038892537,0.24024828,0.005546104
1088,0.6613542,0.0468614,0.081144445,0.0570175,0.58020973,-0.0101561025
1089,0.68499726,0.06400934,0.107950315,0.0794226,0.57704693,-0.015413262
1090,0.38746533,0.02995167,0.0532869,0.036331393,0.33417842,-0.0063797235
1091,0.5410231,0.08530383,0.11967054,0.07710677,0.42135254,0.008197062
1092,0.34417072,0.049676064,0.052025143,0.03781127,0.29214558,0.011864793
1093,0.17124431,0.0135253,0.031762376,0.022453744,0.13948193,-0.008928444
1094,0.27425003,0.060891554,0.063936226,0.04809592,0.2103138,0.012795635
1095,0.45126465,0.062783524,0.10209633,0.066373795,0.34916833,-0.0035902709
1096,0.40880117,0.032938614,0.07909555,0.053487085,0.32970563,-0.02054847
1097,0.435682,0.10972322,0.12626866,0.10086209,0.30941334,0.0088611245
1098,0.43122083,0.06935316,0.09666767,0.068674535,0.33455315,0.0006786287
1099,0.4847647,0.078206606,0.10004806,0.06980107,0.38471663,0.008405536
1100,0.24278735,0.028807271,0.053453412,0.03622565,0.18933393,-0.007418379
1101,0.37585956,0.093986206,0.092261694,0.072604015,0.28359786,0.02138219
1102,0.39042476,0.05760429,0.08065063,0.05490665,0.30977413,0.0026976392
1103,0.49011296,0.043797456,0.068445474,0.04674516,0.4216675,-0.002947703
1104,0.4635362,0.039334938,0.07983306,0.05920959,0.38370314,-0.019874651
1105,0.41709656,0.041974995,0.07716201,0.055404086,0.33993453,-0.01342909
1106,0.47153032,0.09281289,0.10584749,0.07212436,0.36568284,0.020688526
1107,0.40693668,0.06293478,0.079273626,0.05828103,0.32766306,0.004653748
1108,0.22501814,0.029707331,0.046085335,0.029651716,0.17893282,5.561486e-05
1109,0.33327058,0.052340798,0.07088925,0.052299894,0.26238132,4.0903687e-05
1110,0.38579682,0.05022757,0.06582345,0.05213177,0.31997335,-0.001904197
1111,0.43972117,0.077162705,0.092128865,0.062530495,0.3475923,0.01463221
1112,0.59513694,0.10095312,0.13863121,0.099144906,0.45650572,0.0018082112
1113,0.49399927,0.10049827,0.12959711,0.098595314,0.36440217,0.0019029528
1114,0.4286765,0.04809533,0.099596776,0.056806244,0.32907972,-0.008710913
1115,0.42136067,0.062672175,0.102832004,0.06649194,0.31852865,-0.0038197637
1116,0.4358228,0.07588027,0.08072896,0.057027593,0.35509384,0.018852673
1117,0.35343164,0.03809843,0.07702193,0.052941192,0.27640972,-0.014842764
1118,0.4513207,-0.0051047397,0.036307167,0.01981938,0.41501355,-0.02492412
1119,0.6507066,0.052350137,0.071469314,0.044862725,0.5792373,0.0074874125
1120,0.36700168,0.067481704,0.08281071,0.058861446,0.28419098,0.008620258
1121,0.26785016,0.052256938,0.06842292,0.049314674,0.19942725,0.002942264
1122,0.5379238,0.073843285,0.088258535,0.06324652,0.44966528,0.010596767
1123,0.36971116,0.032564145,0.06412722,0.04068056,0.30558395,-0.008116417
1124,0.52130485,0.09912032,0.11147088,0.08425434,0.40983397,0.01486598
1125,0.42668477,0.047023714,0.07505181,0.055323515,0.35163295,-0.0082998015
1126,0.5337897,0.037717987,0.09537482,0.05595933,0.43841487,-0.018241342
1127,0.38763162,0.119534865,0.0859969,0.06433582,0.30163473,0.055199042
1128,0.5489905,0.06109548,0.08814478,0.052105576,0.4608457,0.008989904
1129,0.4755934,0.046857197,0.07179729,0.051044006,0.4037961,-0.004186809
1130,0.437626,0.09970488,0.11923242,0.08748984,0.3183936,0.012215033
1131,0.40705937,0.033655453,0.049594928,0.033900276,0.35746443,-0.00024482235
1132,0.5940383,0.09138617,0.12505336,0.09621644,0.46898496,-0.004830271
1133,0.40878463,0.07024956,0.10414336,0.073284775,0.30464128,-0.0030352175
1134,0.3776468,0.058312155,0.072798416,0.04819349,0.30484837,0.010118667
1135,0.45934358,0.029920548,0.08778716,0.05696227,0.37155643,-0.027041722
1136,0.3477565,0.040173724,0.10689212,0.06759384,0.2408644,-0.027420118
1137,0.38915035,0.0504492,0.06853824,0.054351386,0.3206121,-0.0039021857
1138,0.3180154,0.042199645,0.06731054,0.049018398,0.25070485,-0.0068187527
1139,0.5455641,0.07239937,0.08177375,0.059730344,0.46379036,0.012669027
1140,0.36495167,0.04561383,0.07897999,0.053101808,0.28597167,-0.007487979
1141,0.53253555,0.030529872,0.08348032,0.052556764,0.44905522,-0.022026893
1142,0.42585862,0.0947751,0.0798843,0.053879544,0.34597433,0.04089556
1143,0.42048797,0.07616403,0.09401317,0.07060967,0.3264748,0.005554363
1144,0.363447,0.04759141,0.07134056,0.04923495,0.29210645,-0.0016435385
1145,0.37873164,0.06244543,0.090017706,0.060478266,0.28871393,0.001967162
1146,0.37580687,0.06559087,0.090642996,0.069350034,0.28516388,-0.0037591606
1147,0.506108,0.061410706,0.09592547,0.073990785,0.4101825,-0.012580078
1148,0.5245885,0.19594415,0.15493473,0.122577436,0.3696538,0.07336671
1149,0.58449453,0.07160302,0.101491585,0.07173026,0.48300296,-0.00012724102
1150,0.4311659,0.035440773,0.06414434,0.044670835,0.36702156,-0.009230062
1151,0.3502195,0.019818105,0.057783652,0.041051608,0.29243582,-0.021233503
1152,0.47338426,0.062343568,0.09621283,0.07061687,0.37717143,-0.0082733035
1153,0.35402545,0.07685389,0.09375054,0.0724046,0.26027492,0.004449293
1154,0.4995712,0.0120465625,0.036368385,0.021642111,0.46320283,-0.009595549
1155,0.3077315,0.047960825,0.084932536,0.05726538,0.22279897,-0.009304553
1156,0.55612,0.0924406,0.1517705,0.11713532,0.40434948,-0.024694726
1157,0.4473274,0.077169135,0.10385436,0.0816052,0.34347305,-0.0044360682
1158,0.34536004,0.027869916,0.05364868,0.036409087,0.29171136,-0.008539172
1159,0.56549466,0.10692787,0.122245714,0.08374715,0.44324893,0.023180723
1160,0.59111315,0.054727796,0.09649496,0.06323953,0.49461818,-0.008511733
1161,0.567785,0.11460776,0.14186795,0.10661519,0.4259171,0.007992566
1162,0.44749174,0.054045856,0.07727191,0.055337656,0.37021983,-0.0012918003
1163,0.5245628,0.056669526,0.080344945,0.057610646,0.44421783,-0.0009411201
1164,0.37633675,0.031504463,0.06268285,0.044729006,0.3136539,-0.013224542
1165,0.21423148,0.031830203,0.0672439,0.045322753,0.14698759,-0.013492551
1166,0.25560105,0.031158403,0.04947315,0.034901153,0.2061279,-0.0037427507
1167,0.53758425,0.07535817,0.09557313,0.0668942,0.44201112,0.008463964
1168,0.48073196,0.06485563,0.08520815,0.06541755,0.39552382,-0.0005619228
1169,0.52438945,0.077375226,0.11414236,0.07317374,0.4102471,0.0042014867
1170,0.35993984,0.057245813,0.08198346,0.0604738,0.27795637,-0.0032279864
1171,0.63427526,0.08931578,0.12166712,0.09305336,0.5126082,-0.0037375838
1172,0.5050166,0.080814905,0.0966793,0.069487296,0.40833732,0.011327609
1173,0.35454646,0.05873431,0.10702425,0.070246175,0.2475222,-0.011511866
1174,0.4500353,0.05537104,0.09119954,0.05859476,0.35883576,-0.003223721
1175,0.43964672,0.0609145,0.09581341,0.068007156,0.34383333,-0.0070926547
1176,0.24734406,0.045576695,0.04674116,0.037078504,0.2006029,0.008498192
1177,0.35577005,0.040408764,0.0648115,0.040109232,0.29095855,0.00029953197
1178,0.47168225,0.07247626,0.11159556,0.068260245,0.36008668,0.0042160153
1179,0.5203935,0.04756259,0.06561375,0.04127822,0.45477974,0.006284371
1180,0.36226964,0.07356528,0.091955364,0.061456576,0.27031428,0.012108706
1181,0.6135022,0.0715007,0.084720485,0.06276545,0.5287817,0.008735254
1182,0.27020708,0.024370525,0.05036255,0.037343465,0.21984452,-0.01297294
1183,0.3909828,0.02931836,0.062366486,0.043987103,0.32861632,-0.014668742
1184,0.52250564,0.007742542,0.018962674,0.0117296735,0.50354296,-0.0039871316
1185,0.67289007,-0.0073148985,0.030853136,0.015013232,0.6420369,-0.02232813
1186,0.2783381,0.03439424,0.051724054,0.03822121,0.22661406,-0.003826972
1187,0.41535553,0.08355049,0.10409749,0.07582822,0.31125805,0.0077222735
1188,0.46535662,0.07880882,0.1163783,0.09037917,0.3489783,-0.011570349
1189,0.7252713,0.13060996,0.17774004,0.11487825,0.54753125,0.015731707
1190,0.37670466,0.055837654,0.088425934,0.06469321,0.28827873,-0.008855559
1191,0.40143126,0.042122774,0.08364551,0.05748863,0.31778574,-0.015365858
1192,0.41686758,0.070979565,0.1277057,0.08855905,0.2891619,-0.017579481
1193,0.5569331,0.025688432,0.044309944,0.028586864,0.5126232,-0.0028984323
1194,0.4209234,0.049763773,0.07777344,0.051159088,0.34314996,-0.0013953149
1195,0.4191092,0.059464764,0.10863794,0.0753101,0.31047127,-0.01584534
1196,0.39940944,0.08185883,0.05440758,0.03975098,0.34500188,0.04210785
1197,0.45968902,0.101463884,0.13445416,0.09951359,0.32523486,0.0019502938
1198,0.36119768,0.06693084,0.08554594,0.058041796,0.27565175,0.008889042
1199,0.34403405,0.085937805,0.082077414,0.054611396,0.26195663,0.03132641
1200,0.5580205,0.041277185,0.10171687,0.06722117,0.4563036,-0.025943987
1201,0.36103216,0.055181373,0.062478084,0.047313336,0.29855406,0.007868037
1202,0.3632437,0.049038026,0.06035995,0.041587625,0.30288374,0.007450402
1203,0.73598564,0.036945183,0.07849945,0.048883513,0.6574862,-0.01193833
1204,0.43821427,0.046399146,0.07096193,0.048649058,0.36725235,-0.0022499114
1205,0.5525124,0.05436368,0.086386144,0.056207567,0.46612626,-0.0018438883
1206,0.33474672,0.042224914,0.0695666,0.046787057,0.2651801,-0.0045621432
1207,0.441945,0.051274575,0.09647828,0.06586666,0.3454667,-0.014592081
1208,0.34848648,0.0053133536,0.019095069,0.014225765,0.32939142,-0.0089124115
1209,0.53950423,0.070220776,0.09960682,0.06765732,0.43989742,0.0025634542
1210,0.41528797,0.05107547,0.060250945,0.04593147,0.35503703,0.005144
1211,0.533668,0.04001092,0.08508225,0.05911652,0.44858575,-0.019105598
1212,0.5163253,0.06270523,0.082628794,0.058028873,0.4336965,0.0046763606
1213,0.49689174,0.05221478,0.06796098,0.04196388,0.42893076,0.0102509
1214,0.42675778,0.09201528,0.10057422,0.07749208,0.32618356,0.014523201
1215,0.67294604,0.10102785,0.1456416,0.09988311,0.5273044,0.001144737
1216,0.49153587,0.032268796,0.063984185,0.044454306,0.4275517,-0.01218551
1217,0.50424796,0.017905151,0.05703678,0.034691334,0.44721118,-0.016786182
1218,0.39215013,0.07041277,0.06593431,0.043776378,0.32621583,0.026636392
1219,0.6298296,0.08258822,0.12907508,0.09065953,0.5007545,-0.008071311
1220,0.36419088,0.05769915,0.07484116,0.05275963,0.28934973,0.0049395226
1221,0.3703102,0.0568215,0.07112279,0.055926356,0.2991874,0.00089514256
1222,0.43988734,0.037105247,0.061016038,0.040914625,0.37887132,-0.0038093776
1223,0.51924795,0.022204775,0.06534512,0.045337126,0.45390284,-0.02313235
1224,0.45257634,0.119880155,0.08206619,0.061364416,0.37051016,0.05851574
1225,0.35483667,0.06023232,0.06524221,0.05000242,0.28959447,0.0102299005
1226,0.490927,0.0667011,0.09662571,0.06126046,0.3943013,0.0054406375
1227,0.43188557,0.027095431,0.05380626,0.038640622,0.3780793,-0.011545191
1228,0.4542299,0.03169242,0.07024601,0.046597786,0.38398388,-0.014905367
1229,0.5111574,0.027218934,0.05345271,0.034009706,0.4577047,-0.006790772
1230,0.41342318,0.03389691,0.059617724,0.046280593,0.35380545,-0.0123836845
1231,0.46636552,0.08941133,0.06333066,0.05002091,0.40303487,0.039390422
1232,0.4450203,0.06863594,0.08830251,0.06651404,0.35671777,0.002121903
1233,0.516837,0.06070524,0.13573666,0.091407426,0.38110036,-0.030702185
1234,0.4698728,0.056035552,0.057552136,0.044461533,0.41232067,0.011574019
1235,0.38331097,0.08619385,0.109184615,0.08339232,0.27412635,0.00280153
1236,0.7141381,-0.0025868148,0.017916897,0.011327748,0.6962212,-0.013914563
1237,0.4141632,0.04265969,0.053315233,0.041463956,0.36084798,0.0011957325
1238,0.6412195,0.04505069,0.09055635,0.06075689,0.5506631,-0.015706196
1239,0.56356424,0.06581565,0.09158958,0.05715259,0.47197467,0.008663058
1240,0.3517074,0.07797486,0.09296898,0.0606616,0.25873843,0.017313264
1241,0.41877407,0.07594734,0.09213905,0.07159391,0.326635,0.0043534264
1242,0.5169677,0.06179835,0.09945222,0.068552665,0.4175155,-0.0067543164
1243,0.38503823,0.026034499,0.05503002,0.037095774,0.3300082,-0.011061275
1244,0.5148135,0.03040647,0.06417026,0.038337473,0.4506432,-0.007931003
1245,0.41622412,0.061082695,0.0895505,0.06807173,0.32667363,-0.0069890358
1246,0.6424406,0.063083425,0.11296334,0.08169195,0.5294773,-0.018608525
1247,0.4725067,0.060288332,0.07932744,0.061018806,0.39317927,-0.00073047355
1248,0.40542045,0.04823085,0.07719487,0.05409757,0.32822558,-0.0058667213
1249,0.64336944,0.138741,0.16401872,0.12873884,0.47935072,0.010002166
1250,0.38065895,0.04637269,0.07903657,0.05471664,0.3016224,-0.00834395
1251,0.5186043,0.009464122,0.022292895,0.01433966,0.4963114,-0.004875538
1252,0.4152503,0.028982647,0.07917355,0.050376777,0.33607674,-0.02139413
1253,0.7460031,0.01798483,0.06639367,0.040016923,0.6796094,-0.022032093
1254,0.39308056,0.049926896,0.09194639,0.068923496,0.30113417,-0.0189966
1255,0.3283147,0.057079107,0.055396456,0.042044804,0.27291822,0.015034303
1256,0.59646034,0.109140225,0.11166508,0.078583464,0.48479527,0.03055676
1257,0.42103896,0.055938985,0.09823495,0.07027038,0.322804,-0.014331397
1258,0.4801992,0.031056074,0.05840175,0.03943852,0.42179745,-0.008382445
1259,0.41992083,0.012030683,0.06316473,0.041243836,0.3567561,-0.029213153
1260,0.35148928,0.047378458,0.113497704,0.0768017,0.23799157,-0.029423244
1261,0.41493714,0.057320688,0.09748486,0.067796074,0.31745228,-0.010475386
1262,0.25986958,0.026839197,0.047281027,0.030319696,0.21258855,-0.0034804996
1263,0.40763274,0.120113865,0.09666428,0.06744124,0.31096846,0.052672625
1264,0.38249704,0.045760833,0.05791097,0.03514571,0.32458606,0.010615122
1265,0.35323185,0.050151896,0.080008134,0.055051092,0.2732237,-0.0048991963
1266,0.48851633,0.11982504,0.1524082,0.08802152,0.33610815,0.031803526
1267,0.20015939,0.035079166,0.04799174,0.027038157,0.15216765,0.008041009
1268,0.5999308,0.10743377,0.1552381,0.11499827,0.44469273,-0.0075645
1269,0.48491922,0.051833086,0.0868027,0.056836948,0.39811653,-0.005003862
1270,0.47460258,0.045553673,0.091371514,0.065506846,0.38323107,-0.019953173
1271,0.40303084,0.04396195,0.06785561,0.048254948,0.33517522,-0.0042929985
1272,0.44034427,0.06745299,0.08336259,0.05884205,0.3569817,0.008610938
1273,0.5022864,0.056400664,0.08195274,0.061409764,0.42033362,-0.0050091
1274,0.3211661,0.040109523,0.07225108,0.0485902,0.24891502,-0.0084806755
1275,0.49843383,0.033648577,0.06933074,0.048063964,0.42910308,-0.014415387
1276,0.43399087,0.043340564,0.06331334,0.046393566,0.37067753,-0.003053002
1277,0.33198896,0.076169,0.078826785,0.05751049,0.25316218,0.018658508
1278,0.69776314,0.069135286,0.13605459,0.09518999,0.56170857,-0.026054703
1279,0.5582194,0.07258538,0.07200218,0.050274696,0.4862172,0.022310685
1280,0.48305807,0.08022895,0.10357635,0.07466477,0.37948173,0.0055641755
1281,0.56998557,0.08919549,0.10234096,0.07590261,0.4676446,0.013292879
1282,0.61164165,0.05801074,0.098930456,0.06503858,0.51271117,-0.0070278384
1283,0.4654809,0.10421648,0.13472961,0.08844532,0.3307513,0.015771158
1284,0.38912725,0.06374509,0.072116435,0.053190302,0.31701082,0.010554787
1285,0.42615685,0.078951225,0.08444544,0.056240935,0.3417114,0.02271029
1286,0.6287677,0.013838471,0.033740513,0.025895452,0.5950272,-0.012056981
1287,0.44476604,0.03609812,0.073034614,0.050785657,0.37173143,-0.014687538
1288,0.26732123,0.045502413,0.0477714,0.033919152,0.21954983,0.011583261
1289,0.1717042,0.0045800786,0.05287075,0.033965886,0.11883345,-0.029385807
1290,0.42666823,0.0454914,0.06779825,0.04552462,0.35886997,-3.3218414e-05
1291,0.4977506,0.08159084,0.09890471,0.077403285,0.3988459,0.004187554
1292,0.5401067,0.12389355,0.14822264,0.11535024,0.3918841,0.008543313
1293,0.47850686,0.057588592,0.1037196,0.07405771,0.37478727,-0.016469121
1294,0.5805223,0.070633955,0.07492814,0.054190565,0.50559413,0.01644339
1295,0.26268,0.037914306,0.052149404,0.03815202,0.2105306,-0.0002377145
1296,0.3917863,0.044316594,0.083877936,0.056122854,0.30790836,-0.011806261
1297,0.51170945,0.095338,0.09307384,0.06455036,0.4186356,0.03078764
1298,0.3953653,0.026932076,0.021767046,0.012804465,0.37359825,0.01412761
1299,0.43525994,0.034391787,0.054957703,0.035149697,0.38030225,-0.0007579103
1300,0.41597944,0.063463904,0.09060188,0.06321552,0.32537758,0.00024838746
1301,0.29274997,0.045214053,0.06726892,0.036808394,0.22548105,0.008405659
1302,0.46268234,0.05276,0.079909794,0.056183342,0.38277254,-0.0034233406
1303,0.49488243,0.072118014,0.1031583,0.077209145,0.39172414,-0.0050911307
1304,0.34725827,0.03396683,0.068853065,0.04805798,0.2784052,-0.014091153
1305,0.49574262,0.08675813,0.06934958,0.048479408,0.42639303,0.03827872
1306,0.502206,0.06334715,0.08756748,0.06692483,0.41463855,-0.0035776794
1307,0.40634558,0.07370429,0.08282137,0.062596224,0.3235242,0.011108063
1308,0.4444833,0.053876765,0.07349918,0.05232639,0.37098414,0.0015503764
1309,0.34185842,0.04417139,0.07462051,0.053169627,0.2672379,-0.008998238
1310,0.4428212,0.051830333,0.07434904,0.053912863,0.36847216,-0.0020825304
1311,0.4286912,0.070935756,0.09014127,0.067246206,0.33854994,0.0036895499
1312,0.4180633,0.043899406,0.059779607,0.043241512,0.3582837,0.0006578937
1313,0.37210196,0.064544916,0.06348246,0.041364156,0.3086195,0.02318076
1314,0.48779476,0.060795736,0.10320585,0.07475191,0.3845889,-0.013956178
1315,0.6054924,0.005352435,0.025224898,0.014870128,0.5802675,-0.009517692
1316,0.39000002,0.058066055,0.099944465,0.064448856,0.29005554,-0.0063828006
1317,0.54177225,0.062835805,0.110720724,0.06530984,0.43105152,-0.0024740323
1318,0.68104404,0.13398033,0.155393,0.12197581,0.52565104,0.0120045245
1319,0.4280668,0.051831596,0.07799785,0.056248,0.35006893,-0.004416406
1320,0.35927594,0.05811693,0.07656015,0.049312487,0.2827158,0.008804444
1321,0.55829775,0.076113485,0.10554763,0.07338212,0.45275012,0.002731368
1322,0.44773594,0.041823108,0.077405125,0.051541504,0.3703308,-0.009718396
1323,0.46318948,0.07766948,0.09270511,0.059769705,0.37048438,0.017899774
1324,0.2914004,0.039782144,0.0739624,0.060635176,0.21743801,-0.020853031
1325,0.292881,0.053120736,0.06678553,0.053466536,0.22609548,-0.00034580007
1326,0.714839,0.018259797,0.06033772,0.034617968,0.65450126,-0.01635817
1327,0.4489255,0.08718809,0.10201557,0.083694026,0.34690994,0.0034940615
1328,0.36930338,0.06824078,0.0976592,0.07174282,0.27164418,-0.003502041
1329,0.52030194,0.075543575,0.09741939,0.06660111,0.42288256,0.0089424625
1330,0.5211969,0.10466064,0.10094769,0.06718038,0.42024922,0.037480257
1331,0.34810907,0.056612924,0.068277314,0.05235653,0.27983177,0.0042563938
1332,0.51754934,0.009553934,0.063353926,0.04135982,0.4541954,-0.031805884
1333,0.30703062,0.07985744,0.07777053,0.058651283,0.22926009,0.021206155
1334,0.44503018,0.059119925,0.078993395,0.057902116,0.36603677,0.0012178086
1335,0.5444553,0.03895411,0.090762556,0.05461266,0.45369273,-0.01565855
1336,0.42522675,0.04639678,0.0702658,0.047695566,0.35496095,-0.0012987852
1337,0.3794026,0.06690442,0.084046625,0.05970476,0.29535598,0.00719966
1338,0.39200908,0.11633264,0.11788148,0.08987937,0.2741276,0.026453272
1339,0.56979877,0.057219993,0.095313184,0.06771083,0.47448558,-0.010490838
1340,0.5316086,0.06503179,0.105366364,0.06613888,0.42624223,-0.0011070892
1341,0.42087618,0.0913599,0.103354216,0.07432644,0.31752196,0.017033458
1342,0.3906914,0.04079022,0.05800468,0.041274678,0.33268672,-0.0004844591
1343,0.5655404,0.100747414,0.11640464,0.09585326,0.44913572,0.0048941523
1344,0.30935177,0.04621653,0.063045755,0.04681875,0.24630602,-0.000602223
1345,0.31950217,0.035022628,0.06715533,0.04812363,0.25234684,-0.013101004
1346,0.48841205,0.046671487,0.07679884,0.057298712,0.41161323,-0.010627225
1347,0.4422827,0.0540472,0.084500544,0.064560205,0.35778216,-0.010513004
1348,0.51728225,0.08300852,0.09022717,0.0695238,0.42705506,0.013484724
1349,0.52644145,0.09195883,0.11044712,0.0841716,0.41599435,0.0077872276
1350,0.6350785,0.059817992,0.10854197,0.07825804,0.5265365,-0.018440045
1351,0.49214855,0.13061056,0.1680404,0.114972346,0.32410815,0.01563821
1352,0.47205186,0.06901727,0.104175426,0.07521067,0.36787644,-0.0061933994
1353,0.46847323,0.017659824,0.046285033,0.032401334,0.4221882,-0.01474151
1354,0.58968365,0.04588875,0.12566477,0.07538309,0.46401888,-0.029494338
1355,0.5202515,0.09323994,0.0851165,0.06890668,0.435135,0.024333261
1356,0.19033022,0.0113633685,0.055768285,0.038818706,0.13456194,-0.027455337
1357,0.51271456,0.05861806,0.06430252,0.05048586,0.44841206,0.008132201
1358,0.44073024,0.018739682,0.054686137,0.03554507,0.3860441,-0.016805388
1359,0.54939467,0.044082504,0.059581947,0.042005267,0.48981273,0.0020772368
1360,0.36464328,0.07337595,0.08573158,0.061100267,0.2789117,0.012275681
1361,0.41578642,0.025966017,0.06749621,0.043009788,0.3482902,-0.017043771
1362,0.5280776,0.08345114,0.07572351,0.061756782,0.4523541,0.021694355
1363,0.5599813,0.0063681444,0.040417094,0.02531818,0.5195642,-0.018950034
1364,0.3945528,0.074860595,0.09442295,0.056244865,0.30012983,0.01861573
1365,0.46326625,0.08406515,0.076827705,0.05556089,0.38643855,0.028504256
1366,0.485761,0.058978997,0.07256016,0.05191703,0.41320083,0.0070619658
1367,0.52213436,0.09278626,0.111035,0.07715313,0.41109937,0.015633129
1368,0.40390456,0.022466578,0.067119285,0.04602868,0.33678526,-0.023562104
1369,0.35419574,0.0630246,0.06964519,0.04745816,0.28455055,0.015566442
1370,0.48573434,0.07967093,0.08366538,0.06176295,0.40206897,0.017907977
1371,0.3552728,0.05997219,0.06914817,0.05021046,0.28612465,0.009761728
1372,0.34955078,0.068085626,0.10845106,0.07615262,0.24109972,-0.008066997
1373,0.3200925,0.035980448,0.08005671,0.059655473,0.24003579,-0.023675025
1374,0.2982862,0.056616653,0.06547614,0.05345113,0.23281005,0.0031655245
1375,0.6274088,0.059663627,0.07115679,0.05096991,0.556252,0.008693717
1376,0.28555167,0.052255593,0.066253,0.04285444,0.21929866,0.009401154
1377,0.24445985,0.05570827,0.06519513,0.04286502,0.17926472,0.012843251
1378,0.4133041,0.052874036,0.07082579,0.053189095,0.3424783,-0.00031505898
1379,0.39547,0.06181667,0.07469948,0.05498538,0.3207705,0.0068312883
1380,0.3736109,0.050757874,0.12906045,0.078202285,0.24455047,-0.027444411
1381,0.32199994,0.022488853,0.04782069,0.0340834,0.27417925,-0.011594547
1382,0.25593713,0.049252547,0.06851319,0.049808875,0.18742394,-0.0005563274
1383,0.42542213,0.055396333,0.073862575,0.05064261,0.35155955,0.0047537237
1384,0.3843698,0.075108394,0.105869554,0.07777294,0.27850023,-0.0026645437
1385,0.32621977,0.042426858,0.09354676,0.06422274,0.232673,-0.02179588
1386,0.48246786,0.07236077,0.117041886,0.07488787,0.36542597,-0.0025271028
1387,0.55772275,-0.01261036,0.023229405,0.012869892,0.5344933,-0.025480252
1388,0.43640417,0.023748113,0.053302243,0.034885,0.38310194,-0.011136888
1389,0.48936144,0.10303767,0.10706897,0.077543624,0.38229245,0.025494047
1390,0.5750707,0.060142018,0.09348279,0.06447587,0.4815879,-0.0043338537
1391,0.3925618,0.0380742,0.068736374,0.04360291,0.32382542,-0.005528711
1392,0.44006985,0.06547311,0.07157358,0.051919736,0.36849627,0.0135533735
1393,0.3729967,0.08595029,0.07483496,0.059072174,0.29816175,0.026878119
1394,0.4605493,0.048221346,0.07909154,0.051638376,0.38145775,-0.00341703
1395,0.37999585,0.06807413,0.10351205,0.08030303,0.2764838,-0.012228899
1396,0.46341696,0.093744926,0.12479832,0.09126995,0.33861864,0.0024749786
1397,0.33135012,0.038149323,0.06326867,0.045216385,0.26808146,-0.007067062
1398,0.49539566,0.04897034,0.07024458,0.05076679,0.42515108,-0.0017964467
1399,0.62379855,0.04731689,0.07553389,0.05523598,0.5482647,-0.007919088
1400,0.32398996,0.035476938,0.04777401,0.033190325,0.27621594,0.002286613
1401,0.47333112,0.0775751,0.09483099,0.06500135,0.37850013,0.012573749
1402,0.6304898,0.08061126,0.10394041,0.07788362,0.5265494,0.0027276352
1403,0.39616948,0.058470175,0.10754675,0.08276104,0.28862274,-0.024290867
1404,0.45488995,0.06006981,0.10293973,0.07251861,0.35195023,-0.012448799
1405,0.5677673,0.06535437,0.10700232,0.078772776,0.460765,-0.013418406
1406,0.52229637,0.08904131,0.11031264,0.080290206,0.41198373,0.008751102
1407,0.32417792,0.039776117,0.058544505,0.046042204,0.2656334,-0.0062660873
1408,0.25454852,0.04724284,0.05145464,0.037384585,0.20309389,0.009858254
1409,0.38602704,0.07293082,0.073151834,0.051100455,0.3128752,0.021830365
1410,0.53368384,0.059209354,0.086299345,0.059476897,0.44738448,-0.0002675429
1411,0.40952516,0.059437655,0.09427104,0.06444386,0.31525412,-0.0050062016
1412,0.5000177,0.04816868,0.08651246,0.063573316,0.41350526,-0.015404634
1413,0.4487572,0.03701501,0.074158676,0.047321867,0.37459853,-0.0103068575
1414,0.3628588,0.04948036,0.065142326,0.04769983,0.29771647,0.0017805286
1415,0.5771154,0.07482222,0.11309245,0.08095023,0.46402296,-0.006128013
1416,0.4615269,0.04979137,0.07737152,0.053471066,0.3841554,-0.0036796965
1417,0.5631718,0.12595017,0.16881396,0.12208667,0.39435786,0.003863506
1418,0.4629683,0.05911712,0.07584547,0.058873676,0.3871228,0.000243444
1419,0.50502366,0.05797498,0.10983896,0.07532054,0.3951847,-0.017345563
1420,0.428095,0.06655606,0.09014191,0.062242553,0.3379531,0.004313506
1421,0.5267506,0.013769552,0.03280401,0.019635897,0.4939466,-0.005866345
1422,0.49340186,0.09903489,0.13673788,0.10006843,0.35666397,-0.0010335371
1423,0.5320626,0.05137017,0.11991287,0.07816477,0.41214973,-0.026794601
1424,0.3403179,0.043490086,0.0726321,0.043113872,0.2676858,0.00037621334
1425,0.4913502,0.046858452,0.08899764,0.05485399,0.40235257,-0.007995538
1426,0.37300017,0.060913984,0.12226912,0.08171789,0.25073105,-0.02080391
1427,0.34611848,0.039686274,0.07244462,0.04559243,0.27367386,-0.005906157
1428,0.41621396,0.067521244,0.08011102,0.061859954,0.33610293,0.00566129
1429,0.6295646,0.090538874,0.10475563,0.081684716,0.52480894,0.008854158
1430,0.37548864,0.016862063,0.048032794,0.030633137,0.32745585,-0.013771074
1431,0.55827445,0.054608855,0.085645005,0.063358024,0.47262943,-0.008749168
1432,0.1867886,0.03499372,0.048130684,0.035080083,0.13865793,-8.6363405e-05
1433,0.46360233,0.046076912,0.08109665,0.046369113,0.38250569,-0.0002922006
1434,0.48774305,0.049326055,0.09077606,0.0655559,0.396967,-0.016229846
1435,0.59156734,0.024771616,0.04451048,0.02990333,0.54705685,-0.005131714
1436,0.23435503,0.06820359,0.04362339,0.03163115,0.19073164,0.03657244
1437,0.4075318,0.030520918,0.057892885,0.038078357,0.3496389,-0.0075574387
1438,0.5007371,0.034216702,0.06415893,0.046958044,0.43657815,-0.012741342
1439,0.36578548,0.041619863,0.06252342,0.047578234,0.30326205,-0.005958371
1440,0.48901525,0.07204826,0.09243696,0.062396288,0.39657828,0.009651974
1441,0.30991864,0.05143064,0.07768183,0.052799955,0.2322368,-0.0013693161
1442,0.52176845,0.0273776,0.047378775,0.031550404,0.47438967,-0.004172804
1443,0.4486041,0.03320316,0.07295825,0.05192769,0.37564585,-0.018724531
1444,0.434923,0.062958375,0.11040395,0.07727314,0.32451904,-0.014314763
1445,0.5050334,0.047588006,0.082030356,0.0583068,0.42300302,-0.010718793
1446,0.5986175,0.05182096,0.10714057,0.070494615,0.49147692,-0.018673655
1447,0.38753533,0.014019121,0.06622423,0.044014663,0.32131112,-0.029995542
1448,0.3856752,0.06292806,0.065429516,0.041674916,0.32024568,0.021253143
1449,0.5334027,0.061842363,0.074776776,0.05223812,0.4586259,0.009604242
1450,0.4558667,0.05728244,0.07519364,0.054883238,0.38067305,0.0023992024
1451,0.4522184,0.09099166,0.10246586,0.08212764,0.34975255,0.008864023
1452,0.577239,0.071778275,0.096472025,0.07098699,0.48076695,0.00079128146
1453,0.4597518,0.100403,0.10878999,0.082729794,0.35096183,0.01767321
1454,0.4405897,0.020167397,0.043365993,0.031003358,0.3972237,-0.0108359605
1455,0.41701612,0.067822,0.09903686,0.05723337,0.31797928,0.010588631
1456,0.41293064,0.09061317,0.07300269,0.051934585,0.33992794,0.038678586
1457,0.30444333,0.056100894,0.0801426,0.049319796,0.22430073,0.0067810975
1458,0.30478755,0.042628173,0.05809128,0.042524144,0.24669626,0.00010402873
1459,0.3347405,0.03802796,0.06414511,0.046679072,0.27059537,-0.008651111
1460,0.37075576,0.03675622,0.08030326,0.048939,0.2904525,-0.01218278
1461,0.41384265,0.07638391,0.088358276,0.05563004,0.32548437,0.020753872
1462,0.5924968,0.059536118,0.10736576,0.07076744,0.48513106,-0.011231322
1463,0.44742513,0.12271255,0.096297815,0.059211563,0.35112733,0.063500986
1464,0.5606563,0.056726906,0.11786164,0.077052996,0.44279468,-0.02032609
1465,0.50989044,0.070101365,0.08256967,0.06335031,0.42732078,0.006751053
1466,0.21971145,0.029177118,0.04229305,0.029173505,0.17741841,3.6135316e-06
1467,0.355944,0.0549285,0.08153119,0.062101632,0.2744128,-0.007173132
1468,0.4114013,0.031605605,0.080439545,0.05122556,0.33096176,-0.019619957
1469,0.40670422,0.07014124,0.060964335,0.045923825,0.34573987,0.024217416
1470,0.24132302,0.09996453,0.04400456,0.03105595,0.19731846,0.06890858
1471,0.38113686,0.060786333,0.07964239,0.056049537,0.30149448,0.004736796
1472,0.34805438,0.05747181,0.05069208,0.039453242,0.2973623,0.01801857
1473,0.5798517,0.056609057,0.09389369,0.06568635,0.48595798,-0.009077296
1474,0.3407485,0.036818415,0.06489559,0.049523078,0.2758529,-0.012704663
1475,0.40990615,0.049478635,0.071155354,0.052665077,0.33875078,-0.003186442
1476,0.38291633,0.0073072454,0.028102137,0.020970209,0.3548142,-0.013662963
1477,0.535975,0.022365,0.02633237,0.017885922,0.5096426,0.0044790786
1478,0.33660355,0.011949995,0.063631356,0.03722766,0.2729722,-0.025277667
1479,0.39055339,0.07538537,0.09514556,0.07579375,0.29540783,-0.00040838122
1480,0.45347986,0.08990147,0.084906854,0.06374533,0.368573,0.026156142
1481,0.32141176,0.033569507,0.040370874,0.03370946,0.28104088,-0.0001399517
1482,0.4938928,0.04673603,0.08427864,0.058180872,0.40961415,-0.011444841
1483,0.3649665,0.053146295,0.07807196,0.052930146,0.28689456,0.0002161488
1484,0.37434462,0.055800002,0.077284835,0.054815494,0.29705977,0.0009845085
1485,0.38018936,0.07080296,0.06971913,0.0500751,0.31047022,0.020727858
1486,0.482614,0.073360145,0.12723733,0.07634687,0.35537666,-0.0029867217
1487,0.47149062,0.06732901,0.09073316,0.05834006,0.38075745,0.00898895
1488,0.50898373,0.021288177,0.034814928,0.023689834,0.4741688,-0.0024016574
1489,0.50270844,0.059513044,0.076974735,0.04908837,0.4257337,0.010424674
1490,0.2557619,0.0648833,0.045626253,0.030104503,0.21013564,0.034778796
1491,0.4239513,0.073409036,0.06279698,0.045736913,0.36115432,0.027672123
1492,0.43005672,0.032904346,0.065475136,0.046992812,0.36458158,-0.014088467
1493,0.39491016,0.027795536,0.050373573,0.03304666,0.34453657,-0.0052511226
1494,0.53007877,0.10143022,0.13174285,0.093106166,0.39833593,0.008324057
1495,0.5953876,0.06640643,0.100981496,0.07433898,0.49440607,-0.007932551
1496,0.55871475,0.060157064,0.083032474,0.067497045,0.47568226,-0.0073399805
1497,0.52872103,0.057893567,0.0783219,0.05621071,0.45039913,0.0016828552
1498,0.52192354,0.062568516,0.08219334,0.056608286,0.4397302,0.00596023
1499,0.47511846,0.053274363,0.08107357,0.058454838,0.39404488,-0.0051804744
1500,0.21687423,0.029655037,0.044355717,0.032048263,0.1725185,-0.0023932252
1501,0.5125204,0.09548441,0.11179535,0.079137005,0.400725,0.016347408
1502,0.6809685,0.031388506,0.078688055,0.0526232,0.6022805,-0.021234695
1503,0.5507668,0.035376444,0.08148651,0.051370334,0.4692803,-0.01599389
1504,0.3907317,0.07941489,0.08608308,0.055523667,0.3046486,0.023891222
1505,0.26501158,0.030023012,0.05105403,0.035401963,0.21395755,-0.0053789504
1506,0.43704405,0.044150792,0.053936943,0.038640484,0.38310713,0.005510308
1507,0.6387448,0.07274321,0.12432036,0.08734677,0.51442444,-0.014603563
1508,0.38004348,0.118234605,0.1221037,0.08896433,0.2579398,0.029270276
1509,0.40752432,0.050533704,0.0648553,0.045697223,0.342669,0.004836481
1510,0.5627033,0.034183998,0.06295671,0.04443708,0.4997466,-0.010253083
1511,0.5397267,0.08512893,0.09922062,0.06936429,0.44050604,0.015764646
1512,0.5333784,0.07778218,0.08744223,0.062357932,0.4459362,0.015424244
1513,0.4680113,0.023251003,0.047062326,0.038351744,0.42094895,-0.015100742
1514,0.36549413,0.0556866,0.07273179,0.04799739,0.29276234,0.0076892115
1515,0.49590114,0.04789835,0.061631765,0.042364646,0.43426937,0.0055337027
1516,0.5133204,0.11482633,0.13041332,0.08716158,0.38290706,0.02766475
1517,0.33517018,0.07328211,0.088403195,0.05516877,0.24676698,0.018113337
1518,0.37171844,0.075464725,0.091844805,0.071523756,0.27987364,0.0039409697
1519,0.37625864,0.061266627,0.07669597,0.049986873,0.29956266,0.011279754
1520,0.40305653,0.05289686,0.055016056,0.037830845,0.34804046,0.015066016
1521,0.45835066,0.12183486,0.108816355,0.089004084,0.3495343,0.032830775
1522,0.41731682,0.03000569,0.07071403,0.040021405,0.3466028,-0.010015715
1523,0.40799856,0.07817685,0.07549602,0.05607479,0.33250254,0.022102058
1524,0.4916435,-0.0091326125,0.023916144,0.011861038,0.46772733,-0.02099365
1525,0.66222304,0.058981135,0.12458593,0.08565399,0.5376371,-0.026672855
1526,0.44404092,0.06911283,0.10497457,0.07613736,0.33906636,-0.0070245266
1527,0.50720215,0.07137893,0.0964215,0.07044582,0.41078064,0.0009331107
1528,0.5958589,0.011710621,0.02365675,0.016580189,0.57220215,-0.004869567
1529,0.45960227,0.07478794,0.09745899,0.06883595,0.36214328,0.0059519857
1530,0.4829949,0.079807825,0.12143182,0.08594396,0.3615631,-0.0061361343
1531,0.5391293,0.076050274,0.11422842,0.089550555,0.4249009,-0.013500281
1532,0.45628318,0.0694545,0.082883224,0.063726276,0.37339997,0.0057282224
1533,0.42080286,0.07109646,0.12983997,0.09055068,0.29096287,-0.019454226
1534,0.30855477,0.031368498,0.06191783,0.043685537,0.24663694,-0.012317039
1535,0.5055188,0.07756309,0.09907396,0.066695906,0.40644485,0.010867186
1536,0.6080566,0.07155202,0.10755286,0.07834194,0.5005037,-0.0067899153
1537,0.38751325,0.11829434,0.08075449,0.06228192,0.30675876,0.05601242
1538,0.4120829,0.081402674,0.07920203,0.057992492,0.33288088,0.023410182
1539,0.44734874,0.032186847,0.05248576,0.03926984,0.39486298,-0.0070829913
1540,0.41437516,0.019320913,0.056635085,0.030566497,0.35774007,-0.011245584
1541,0.5029066,0.05378799,0.08453114,0.054955784,0.4183755,-0.0011677928
1542,0.3859847,0.03345964,0.06777216,0.04835749,0.31821254,-0.014897849
1543,0.43341282,0.025034828,0.07767168,0.04644397,0.35574114,-0.02140914
1544,0.5185008,0.082070574,0.0967895,0.06930775,0.4217113,0.012762822
1545,0.47506946,0.10818795,0.10284904,0.07708863,0.37222043,0.03109932
1546,0.20169804,0.025325641,0.04685032,0.031336714,0.15484771,-0.0060110725
1547,0.5542452,0.0878527,0.10851425,0.079958245,0.44573092,0.007894456
1548,0.59245986,0.041777153,0.088510014,0.052433178,0.5039498,-0.010656025
1549,0.45512938,0.06958984,0.08061153,0.061797973,0.37451786,0.0077918656
1550,0.56353056,0.09900262,0.088984974,0.06385685,0.4745456,0.035145774
1551,0.36471152,0.06224181,0.08408403,0.066639684,0.2806275,-0.004397873
1552,0.50839764,0.056883607,0.06779479,0.045259047,0.44060284,0.01162456
1553,0.5486816,0.06835549,0.090899035,0.06071978,0.45778257,0.0076357126
1554,0.5883968,0.04749718,0.09935222,0.06664214,0.48904458,-0.019144963
1555,0.15121059,0.02692686,0.03627923,0.022714885,0.11493136,0.0042119753
1556,0.52033156,0.06257826,0.09078275,0.063458346,0.4295488,-0.00088008493
1557,0.5065766,0.04967407,0.085595004,0.058152653,0.4209816,-0.008478582
1558,0.42233324,0.048681736,0.070144266,0.052447833,0.35218897,-0.0037660971
1559,0.6358538,0.054117355,0.09229016,0.06437778,0.54356366,-0.010260422
1560,0.30371374,0.08216987,0.081601255,0.054768506,0.22211248,0.027401362
1561,0.39856404,0.09762676,0.106644265,0.08074525,0.29191977,0.01688151
1562,0.3633189,0.09255585,0.088077284,0.062023066,0.2752416,0.030532785
1563,0.43694532,0.05717007,0.09380603,0.061238278,0.3431393,-0.004068207
1564,0.4302447,0.058777515,0.08222733,0.057258077,0.3480174,0.0015194379
1565,0.4428148,0.015807258,0.055492625,0.03834529,0.3873222,-0.02253803
1566,0.46917328,0.037282903,0.066633575,0.048273455,0.4025397,-0.010990553
1567,0.53693354,0.05255852,0.11202373,0.0779695,0.4249098,-0.02541098
1568,0.5047513,0.038467348,0.09204555,0.06825807,0.41270578,-0.029790722
1569,0.4208496,0.016768271,0.0400266,0.02773473,0.380823,-0.010966459
1570,0.5375453,0.058842324,0.09607601,0.066897914,0.4414693,-0.00805559
1571,0.35613626,0.017183393,0.048238482,0.031304717,0.30789778,-0.014121324
1572,0.48093247,0.08635409,0.1100687,0.08252788,0.37086377,0.0038262084
1573,0.3155662,0.014048452,0.06784728,0.042155914,0.24771893,-0.028107462
1574,0.4074843,0.04488944,0.05279997,0.03467149,0.35468432,0.01021795
1575,0.45974413,0.08487224,0.06475642,0.045126244,0.3949877,0.039745994
1576,0.5152918,0.07191726,0.09038468,0.06483277,0.42490715,0.007084489
1577,0.42471704,0.06859127,0.08611349,0.06140114,0.33860356,0.007190127
1578,0.20578724,0.020109145,0.038036305,0.025285525,0.16775094,-0.0051763803
1579,0.27751908,0.016342772,0.04701957,0.030651461,0.2304995,-0.014308689
1580,0.5771883,0.07323761,0.09263659,0.061339736,0.48455173,0.011897877
1581,0.34934953,0.050598808,0.049863264,0.034390487,0.29948628,0.01620832
1582,0.33025038,0.030703172,0.060756374,0.043584436,0.269494,-0.012881264
1583,0.49889213,0.08068043,0.10905521,0.06923335,0.3898369,0.0114470795
1584,0.42091495,0.061172824,0.08581426,0.065563515,0.33510068,-0.0043906905
1585,0.4958226,0.055033635,0.07818821,0.062365822,0.4176344,-0.007332187
1586,0.42311367,0.03474813,0.05768387,0.04603342,0.36542982,-0.01128529
1587,0.46172944,0.07742433,0.08322563,0.06084728,0.3785038,0.016577054
1588,0.43088,0.024594845,0.08363026,0.056921363,0.34724975,-0.03232652
1589,0.30646133,0.0651227,0.088323295,0.05724651,0.21813804,0.007876191
1590,0.44370687,0.062084693,0.08980997,0.06269658,0.35389692,-0.0006118901
1591,0.58920455,0.10008561,0.11691758,0.08764829,0.47228697,0.012437321
1592,0.43845454,0.07165622,0.09436841,0.06817894,0.3440861,0.0034772828
1593,0.46590322,0.06410787,0.08170686,0.05807499,0.38419637,0.006032884
1594,0.4142114,0.049793307,0.08653965,0.064591125,0.32767174,-0.014797818
1595,0.45823544,0.086158246,0.073565625,0.053127386,0.3846698,0.03303086
1596,0.18382937,0.023008713,0.03578938,0.025226388,0.14803998,-0.0022176746
1597,0.45496684,0.08672042,0.08614043,0.05518157,0.36882642,0.03153885
1598,0.6864601,0.1647421,0.2389728,0.16884463,0.4474873,-0.004102528
1599,0.5299234,0.06897208,0.08969747,0.06879041,0.4402259,0.0001816675
1600,0.40382937,0.010202501,0.056575965,0.037019886,0.3472534,-0.026817385
1601,0.5137966,0.06811026,0.07945346,0.063283324,0.43434316,0.004826933
1602,0.6593077,0.1252194,0.17552231,0.12828854,0.4837854,-0.0030691326
1603,0.48538974,0.049756598,0.07690432,0.051188182,0.4084854,-0.0014315844
1604,0.354713,0.01624569,0.052861366,0.034578115,0.30185163,-0.018332426
1605,0.53441834,0.09757971,0.12580965,0.0945233,0.40860868,0.003056407
1606,0.40863863,0.04977892,0.10656496,0.06677983,0.30207366,-0.01700091
1607,0.44432598,0.050685864,0.08253583,0.059522584,0.36179015,-0.00883672
1608,0.6204878,0.041941624,0.12738962,0.069571085,0.4930982,-0.027629461
1609,0.5914549,0.067622334,0.08266014,0.06308583,0.5087948,0.004536502
1610,0.45768735,0.043587163,0.07412135,0.057115197,0.383566,-0.013528034
1611,0.55519056,0.05238665,0.08174047,0.05463095,0.4734501,-0.0022443011
1612,0.3728309,0.0088049155,0.04949294,0.03161295,0.32333797,-0.022808036
1613,0.31610492,0.013299611,0.05310775,0.0311097,0.26299718,-0.017810088
1614,0.45321026,0.046628546,0.077757545,0.049012825,0.37545273,-0.002384279
1615,0.5149531,0.017640926,0.021301497,0.01255877,0.49365157,0.0050821556
1616,0.31495094,0.048386298,0.06699123,0.04726628,0.2479597,0.0011200197
1617,0.62917817,0.12032399,0.17067418,0.12516288,0.458504,-0.0048388913
1618,0.3875974,0.049600672,0.07253847,0.047462355,0.31505895,0.0021383166
1619,0.37324175,0.08264641,0.07351452,0.053286076,0.29972723,0.029360332
1620,0.52762645,0.04366137,0.05392431,0.036132716,0.47370213,0.007528655
1621,0.4939525,0.06837508,0.08836443,0.06595123,0.4055881,0.0024238527
1622,0.34141,0.011787717,0.049555834,0.029433692,0.29185417,-0.017645974
1623,0.42015502,0.04624643,0.067689955,0.049769893,0.35246506,-0.0035234615
1624,0.4196915,0.07772924,0.078252204,0.058215573,0.3414393,0.019513667
1625,0.6219287,0.054756608,0.07045769,0.04580625,0.551471,0.008950356
1626,0.42656162,0.03596842,0.07395178,0.052856755,0.35260984,-0.016888335
1627,0.34741798,0.07676432,0.06599389,0.042869262,0.2814241,0.03389506
1628,0.40904945,0.032482587,0.053305183,0.035285655,0.35574427,-0.0028030686
1629,0.49581885,0.055016387,0.07569902,0.050162684,0.42011982,0.004853703
1630,0.32758978,0.0289819,0.07622189,0.046632376,0.2513679,-0.017650476
1631,0.55413234,0.049335357,0.09263186,0.0736303,0.46150047,-0.024294946
1632,0.39232996,0.057975147,0.08183598,0.058743,0.31049398,-0.0007678531
1633,0.45479158,0.07965172,0.09254367,0.06260759,0.3622479,0.017044134
1634,0.525194,0.06809223,0.09330981,0.06992456,0.43188417,-0.0018323362
1635,0.18847431,-0.0017661997,0.038964845,0.025740208,0.14950946,-0.027506407
1636,0.57244533,0.048656873,0.07662897,0.05640071,0.49581635,-0.0077438354
1637,0.63030386,0.0036685201,0.043366734,0.02476791,0.5869371,-0.021099389
1638,0.30432284,0.036027677,0.049774323,0.03720371,0.25454852,-0.0011760332
1639,0.5998253,0.017233204,0.030872812,0.015935779,0.5689525,0.0012974255
1640,0.32870293,0.06764363,0.083687305,0.059972666,0.24501562,0.0076709613
1641,0.42746958,0.06567499,0.08763166,0.06771771,0.3398379,-0.0020427182
1642,0.50052255,0.07288934,0.069648035,0.0438751,0.43087453,0.029014245
1643,0.47960398,0.0696302,0.08658418,0.058274604,0.3930198,0.011355594
1644,0.44447863,0.046678055,0.071356155,0.051205717,0.37312248,-0.004527662
1645,0.45444986,0.02747905,0.06853819,0.04695501,0.38591167,-0.019475961
1646,0.47999555,0.061387733,0.09250844,0.062275257,0.3874871,-0.00088752434
1647,0.43171483,0.034796987,0.080201454,0.054281555,0.3515134,-0.019484568
1648,0.4495913,0.068057775,0.070142075,0.050359674,0.37944925,0.017698102
1649,0.41622964,0.047830816,0.06930545,0.046546612,0.3469242,0.0012842044
1650,0.3758733,0.0877449,0.07379196,0.04644928,0.30208135,0.041295618
1651,0.51492417,0.051463686,0.08598866,0.06498013,0.4289355,-0.013516441
1652,0.48952726,0.07462115,0.09552584,0.06578409,0.39400142,0.008837059
1653,0.38944152,0.09096792,0.07094046,0.053801082,0.31850106,0.03716684
1654,0.37789842,0.041946907,0.09594491,0.05745649,0.2819535,-0.015509583
1655,0.53447074,0.08066862,0.13766444,0.101064466,0.3968063,-0.020395845
1656,0.47159505,0.0719549,0.112727754,0.06410651,0.3588673,0.007848389
1657,0.5494863,0.076260015,0.11728068,0.08957147,0.43220562,-0.013311453
1658,0.46989697,0.08778472,0.107838176,0.07213134,0.3620588,0.01565338
1659,0.3062129,0.058174368,0.060224257,0.04202527,0.24598864,0.016149096
1660,0.44923356,0.019558426,0.037116684,0.023005743,0.4121169,-0.0034473166
1661,0.485347,0.056492917,0.08408843,0.06176856,0.4012586,-0.0052756444
1662,0.40406954,0.03469385,0.056620467,0.039676264,0.34744906,-0.0049824156
1663,0.43217492,0.074261956,0.1297561,0.08646202,0.30241883,-0.012200065
1664,0.4819729,0.044338766,0.060670108,0.041856732,0.4213028,0.0024820343
1665,0.41385588,0.029736642,0.05033357,0.03603487,0.36352232,-0.006298229
1666,0.27944827,0.032871,0.055026695,0.042010926,0.22442158,-0.009139925
1667,0.5680848,0.06026054,0.10012484,0.07044409,0.46795994,-0.01018355
1668,0.47367382,0.046468217,0.060144506,0.043628313,0.4135293,0.0028399043
1669,0.67236906,0.0762339,0.108965084,0.083273575,0.56340396,-0.0070396736
1670,0.50151813,0.05269219,0.053591143,0.03707322,0.447927,0.015618969
1671,0.53587145,0.10410457,0.16886856,0.10748019,0.3670029,-0.0033756196
1672,0.39007708,0.042534564,0.06552277,0.04486825,0.32455432,-0.0023336858
1673,0.32261723,0.042597026,0.046192452,0.036117814,0.27642477,0.006479211
1674,0.65403247,0.07004531,0.13721237,0.09206599,0.5168201,-0.022020683
1675,0.49014854,0.12541665,0.09273833,0.065551884,0.3974102,0.059864767
1676,0.32146403,0.05102781,0.07578097,0.051892713,0.24568306,-0.0008649044
1677,0.352505,0.03583183,0.06900384,0.050651923,0.28350115,-0.014820091
1678,0.49979073,0.09126905,0.10633466,0.07042392,0.39345607,0.02084513
1679,0.40948504,0.047639173,0.065277115,0.046601772,0.34420794,0.0010374002
1680,0.45950618,0.047180135,0.08430739,0.060480036,0.37519878,-0.013299901
1681,0.52692616,0.013354037,0.03516303,0.024953628,0.49176311,-0.011599591
1682,0.4600002,0.081728086,0.06633345,0.050511792,0.39366674,0.031216294
1683,0.25060093,0.010594443,0.039517615,0.024979038,0.21108332,-0.014384595
1684,0.37851182,0.059368763,0.046733122,0.03720474,0.3317787,0.022164024
1685,0.4589858,0.044936467,0.07300136,0.049990963,0.38598445,-0.005054496
1686,0.43286744,0.0716712,0.107778676,0.07260206,0.32508877,-0.00093086064
1687,0.41410202,0.049756598,0.056185428,0.04401604,0.3579166,0.005740557
1688,0.34586507,0.029444767,0.041721825,0.030256262,0.30414325,-0.0008114949
1689,0.5232234,0.059162166,0.08212777,0.061164938,0.44109562,-0.002002772
1690,0.46464992,0.078208245,0.1062146,0.07579702,0.35843533,0.002411224
1691,0.48650205,0.07134221,0.08416656,0.06331316,0.4023355,0.008029051
1692,0.40919617,0.054155227,0.08627077,0.05583656,0.3229254,-0.0016813315
1693,0.7004622,0.1285862,0.15726316,0.094711885,0.54319906,0.033874318
1694,0.4131003,0.05516631,0.071085185,0.051324878,0.34201512,0.0038414337
1695,0.61806864,0.122412615,0.14493662,0.096716665,0.473132,0.02569595
1696,0.39685085,0.06603337,0.06846014,0.05307239,0.32839072,0.012960982
1697,0.34335008,0.029282318,0.0640422,0.04700212,0.27930787,-0.017719803
1698,0.4187455,0.040699646,0.066348806,0.048865266,0.35239667,-0.00816562
1699,0.5436018,0.049382977,0.08987154,0.055789713,0.4537303,-0.0064067356
1700,0.5728987,0.018329512,0.03169416,0.022276387,0.5412045,-0.0039468743
1701,0.30773783,0.03688745,0.062474947,0.04363869,0.24526288,-0.006751243
1702,0.399775,0.05588572,0.06231684,0.041203693,0.33745816,0.014682028
1703,0.5772936,0.11841298,0.15373757,0.11544492,0.423556,0.002968058
1704,0.5968706,0.08755389,0.1017049,0.07786377,0.4951657,0.009690121
1705,0.5845176,0.06719327,0.08506776,0.055999026,0.49944985,0.011194244
1706,0.4047513,0.059416395,0.060186896,0.044997822,0.3445644,0.014418572
1707,0.35565656,0.024721604,0.072019674,0.04324665,0.2836369,-0.018525045
1708,0.62850356,0.063871525,0.097259216,0.06902665,0.53124434,-0.005155124
1709,0.48033157,0.058394812,0.08073252,0.058937397,0.39959905,-0.0005425848
1710,0.45721793,0.07471621,0.06613148,0.047111172,0.39108646,0.027605038
1711,0.18354648,0.0274294,0.058871724,0.03928097,0.12467476,-0.01185157
1712,0.3790357,0.03390366,0.046447873,0.032833852,0.33258784,0.0010698065
1713,0.40801436,0.06223292,0.078155816,0.05079009,0.32985854,0.011442829
1714,0.31702983,0.03239958,0.04986753,0.04114701,0.2671623,-0.008747429
1715,0.43956774,0.030940803,0.048252936,0.032346256,0.3913148,-0.0014054533
1716,0.40110064,0.072870724,0.10105938,0.05900093,0.30004126,0.013869792
1717,0.38614753,0.062368296,0.080789,0.05543169,0.30535853,0.006936606
1718,0.6781124,0.012999828,0.07127842,0.044081207,0.60683393,-0.031081378
1719,0.41147953,0.034240752,0.075415336,0.05185306,0.3360642,-0.017612308
1720,0.45203152,0.045931432,0.08234626,0.053328887,0.36968526,-0.007397454
1721,0.4874356,0.060337927,0.087787054,0.060104135,0.39964855,0.00023379177
1722,0.46534494,0.029468177,0.07350773,0.051567618,0.3918372,-0.02209944
1723,0.42911917,0.041772187,0.086314656,0.057366148,0.34280452,-0.015593961
1724,0.3344945,0.036465116,0.061785594,0.042444687,0.2727089,-0.0059795715
1725,0.43435135,0.027602704,0.0701001,0.05135611,0.36425126,-0.023753406
1726,0.50309336,0.06782005,0.100384146,0.07842351,0.40270922,-0.010603458
1727,0.3793598,0.07784208,0.060603216,0.030976122,0.31875658,0.046865955
1728,0.4572016,0.061016556,0.0907943,0.059461325,0.3664073,0.0015552305
1729,0.3287796,0.049822226,0.08117711,0.054185003,0.2476025,-0.004362777
1730,0.3661569,0.032545097,0.06669403,0.04648258,0.29946288,-0.0139374845
1731,0.46719474,0.0765197,0.11128674,0.0775513,0.355908,-0.0010315999
1732,0.44296587,0.053966906,0.07188727,0.05328977,0.3710786,0.00067713484
1733,0.4456296,0.039986473,0.07220263,0.048310682,0.37342697,-0.00832421
1734,0.44268113,0.032758124,0.0651544,0.042683087,0.37752673,-0.009924963
1735,0.46445155,0.04624153,0.06938792,0.05052378,0.39506364,-0.004282251
1736,0.51870954,0.046635255,0.09425389,0.0598068,0.42445564,-0.013171546
1737,0.5038889,0.053491395,0.07373617,0.053026967,0.43015274,0.00046442822
1738,0.5538599,0.06875222,0.09446608,0.06342977,0.4593938,0.005322449
1739,0.3928286,0.086663544,0.09016428,0.060714312,0.30266434,0.025949232
1740,0.44205487,0.049453985,0.064315826,0.046285316,0.37773904,0.0031686686
1741,0.5575964,0.049785566,0.0901712,0.06550515,0.46742517,-0.015719581
1742,0.42460254,0.030306702,0.055690527,0.030686941,0.368912,-0.00038023852
1743,0.3173511,0.032400582,0.057653677,0.044971813,0.25969744,-0.0125712305
1744,0.6311101,0.07887693,0.106226794,0.076023445,0.5248833,0.002853483
1745,0.34831938,0.04302276,0.07859704,0.05665936,0.26972234,-0.0136366
1746,0.6096499,0.08291305,0.13077864,0.08713538,0.47887126,-0.0042223334
1747,0.3403084,0.070469104,0.08788756,0.05925867,0.25242084,0.011210434
1748,0.38009578,0.03212693,0.040253006,0.029642634,0.33984277,0.0024842955
1749,0.6494631,0.08149142,0.10763216,0.06707483,0.54183096,0.01441659
1750,0.4291773,0.058143925,0.08811699,0.064910315,0.34106034,-0.00676639
1751,0.59709924,0.08936988,0.115586646,0.08174701,0.4815126,0.007622868
1752,0.54387313,0.07235878,0.1278268,0.08908722,0.41604632,-0.016728438
1753,0.3012124,0.034292877,0.053554688,0.037357226,0.24765772,-0.0030643493
1754,0.420185,0.01843224,0.034744225,0.024824446,0.38544077,-0.006392207
1755,0.35687926,0.04189703,0.075834505,0.05624131,0.28104475,-0.014344282
1756,0.46324596,0.076992646,0.0871428,0.05869414,0.37610316,0.018298507
1757,0.2716938,0.043240402,0.072721034,0.05525963,0.19897276,-0.012019228
1758,0.6161831,0.003224066,0.025909517,0.01811962,0.59027356,-0.014895555
1759,0.56694376,0.044701383,0.08821223,0.05493246,0.47873154,-0.010231078
1760,0.6916342,0.02740832,0.08103167,0.048766784,0.6106025,-0.021358464
1761,0.49802637,0.02701495,0.05277587,0.03613963,0.4452505,-0.0091246795
1762,0.40098503,0.020669458,0.06215723,0.038738146,0.3388278,-0.018068688
1763,0.5709099,0.09209707,0.10248271,0.0715819,0.4684272,0.020515166
1764,0.3695579,0.11997172,0.09790249,0.074192636,0.27165538,0.045779087
1765,0.3829095,0.029415471,0.06923811,0.04736211,0.3136714,-0.01794664
1766,0.45243737,0.033737175,0.058242783,0.040301725,0.3941946,-0.00656455
1767,0.38000825,0.069338046,0.09356202,0.06932889,0.2864462,9.156764e-06
1768,0.49811843,0.098343164,0.117295176,0.08698444,0.38082325,0.011358723
1769,0.57329327,0.12883416,0.13758689,0.10078021,0.43570638,0.028053947
1770,0.4746855,0.027896475,0.062507,0.0403392,0.4121785,-0.012442727
1771,0.4921205,0.05055158,0.07674182,0.05125828,0.4153787,-0.00070670247
1772,0.5805655,-0.010887886,0.022220057,0.0124697,0.55834544,-0.023357585
1773,0.5150865,0.039432723,0.07391997,0.05279572,0.44116652,-0.013362996
1774,0.47134593,0.08047363,0.08913686,0.060919028,0.38220906,0.019554604
1775,0.5089486,0.046927646,0.0927582,0.07068914,0.41619042,-0.023761496
1776,0.36473623,0.035484742,0.058174565,0.042537495,0.30656165,-0.007052753
1777,0.540622,0.113709696,0.10180924,0.064980865,0.43881276,0.04872883
1778,0.459449,0.040131245,0.07280841,0.057253204,0.38664058,-0.01712196
1779,0.4294071,0.04402354,0.06952535,0.04981908,0.35988173,-0.0057955384
1780,0.5618397,0.062353298,0.09088388,0.064504534,0.47095582,-0.002151236
1781,0.40519738,0.062419623,0.0828926,0.061473884,0.3223048,0.00094573945
1782,0.51596683,0.080474496,0.08775545,0.06529749,0.4282114,0.015177004
1783,0.45889693,0.060023256,0.09770038,0.07665599,0.36119655,-0.016632736
1784,0.4656741,0.028388033,0.0570198,0.03993155,0.4086543,-0.011543518
1785,0.5111539,0.06572565,0.088622905,0.054992665,0.42253098,0.010732982
1786,0.41942662,0.06642215,0.077611566,0.054640178,0.34181505,0.011781972
1787,0.5469947,0.06392215,0.07794695,0.05946895,0.46904773,0.004453201
1788,0.44239107,0.08071127,0.07684283,0.055507,0.36554825,0.025204267
1789,0.44904527,0.0058896285,0.02046684,0.017045721,0.42857844,-0.011156093
1790,0.45863914,0.05041804,0.06533968,0.047784522,0.39329946,0.0026335195
1791,0.45672798,0.091829024,0.08369552,0.06660032,0.37303245,0.025228702
1792,0.5045617,0.08608196,0.12551573,0.097388744,0.379046,-0.011306785
1793,0.4246654,0.07196769,0.07947972,0.06358354,0.34518567,0.008384153
1794,0.57694757,0.05816511,0.09041143,0.066010505,0.48653615,-0.007845394
1795,0.46390653,0.040744636,0.08378728,0.05498672,0.38011926,-0.014242083
1796,0.42577547,0.054685954,0.10877562,0.061457496,0.31699985,-0.006771542
1797,0.40063718,0.039563917,0.06731547,0.047220327,0.33332172,-0.0076564103
1798,0.54757714,0.091591015,0.12516911,0.0888453,0.42240804,0.0027457178
1799,0.50230265,0.073602855,0.11160809,0.07663593,0.39069456,-0.0030330718
1800,0.28067917,0.0662002,0.05818484,0.04278584,0.22249433,0.023414358
1801,0.36582813,0.057198662,0.068018906,0.046809927,0.2978092,0.010388736
1802,0.42999473,0.095790654,0.09685317,0.072692804,0.33314157,0.02309785
1803,0.5952268,0.065666944,0.09145348,0.06118527,0.50377333,0.0044816732
1804,0.45947537,0.03291791,0.03931626,0.029675286,0.4201591,0.003242623
1805,0.40987083,0.050442215,0.07301251,0.049676865,0.33685833,0.0007653497
1806,0.4022315,0.06367323,0.085719824,0.06824729,0.3165117,-0.0045740604
1807,0.4513287,0.08421459,0.08535679,0.057173263,0.36597192,0.027041327
1808,0.54624516,0.03585417,0.07767263,0.055572387,0.46857253,-0.019718219
1809,0.34853053,0.05041498,0.069598705,0.043758906,0.27893183,0.006656073
1810,0.40721616,0.032767057,0.0601213,0.046024863,0.34709486,-0.013257805
1811,0.3232787,0.037807252,0.074846335,0.05466496,0.24843237,-0.016857706
1812,0.5701686,0.10803777,0.1241425,0.09343811,0.44602612,0.014599659
1813,0.49312028,0.037036348,0.05685296,0.033175778,0.43626732,0.0038605705
1814,0.47325718,0.07011125,0.10212884,0.07263604,0.37112835,-0.0025247857
1815,0.49095842,0.045354422,0.09102204,0.057133637,0.39993638,-0.011779215
1816,0.3636563,0.028490564,0.044116944,0.030056434,0.31953937,-0.0015658699
1817,0.36415428,0.050363686,0.058136955,0.039624568,0.30601734,0.010739118
1818,0.48441926,0.12721315,0.13669886,0.10751653,0.34772038,0.019696623
1819,0.46489343,0.06596386,0.1110581,0.07960276,0.35383534,-0.013638906
1820,0.4165717,0.03168787,0.052451406,0.033732742,0.3641203,-0.0020448714
1821,0.36624876,0.08215558,0.08401812,0.061355256,0.28223065,0.020800322
1822,0.41109055,0.061111387,0.055376396,0.034392096,0.35571414,0.02671929
1823,0.44912902,0.059155114,0.08148104,0.05238236,0.36764798,0.006772753
1824,0.33014345,0.04933235,0.0550972,0.042031642,0.27504626,0.0073007084
1825,0.38425517,0.066533566,0.091202505,0.07026,0.29305267,-0.0037264377
1826,0.43785372,0.0678381,0.079540625,0.05279301,0.35831308,0.0150450915
1827,0.5215606,0.054088738,0.08074777,0.05478544,0.44081283,-0.0006967038
1828,0.3229479,0.10430496,0.13585216,0.101854466,0.18709573,0.002450496
1829,0.5158731,0.049912777,0.085079506,0.06436296,0.43079358,-0.014450181
1830,0.43327534,0.03288633,0.06981636,0.048246007,0.363459,-0.015359677
1831,0.5779007,0.047486458,0.06773686,0.046383336,0.51016384,0.0011031218
1832,0.51550514,0.087651275,0.13492733,0.098211125,0.3805778,-0.010559849
1833,0.54368806,0.002435026,0.02946669,0.022789743,0.5142214,-0.020354716
1834,0.53511447,0.06841435,0.10282209,0.08016228,0.43229237,-0.0117479265
1835,0.4222398,0.023503007,0.0766889,0.0456224,0.3455509,-0.022119394
1836,0.24422206,0.0076527647,0.042489223,0.029314635,0.20173284,-0.02166187
1837,0.5223473,0.086873636,0.112083234,0.079164475,0.41026405,0.0077091604
1838,0.3489934,0.03893755,0.06978131,0.047883525,0.2792121,-0.008945975
1839,0.6903212,0.059704505,0.10798361,0.07210669,0.5823376,-0.012402184
1840,0.41411948,0.017565444,0.068422094,0.038844537,0.3456974,-0.021279093
1841,0.4458876,0.083711565,0.10369096,0.07469619,0.34219664,0.009015374
1842,0.24387977,0.027134417,0.037507318,0.021330666,0.20637244,0.005803751
1843,0.6264143,0.15873192,0.17808668,0.114469506,0.4483276,0.044262417
1844,0.3450255,0.0663171,0.09120797,0.06279487,0.25381753,0.0035222247
1845,0.43613,0.04913965,0.075702414,0.048335046,0.36042756,0.0008046031
1846,0.5486225,0.08471296,0.10229793,0.08009756,0.44632456,0.0046153963
1847,0.42969257,0.07323262,0.092858575,0.05772011,0.33683398,0.015512511
1848,0.2703473,0.037942495,0.06345554,0.047141813,0.20689176,-0.009199318
1849,0.44830096,0.04887784,0.089606926,0.058640637,0.35869402,-0.0097627975
1850,0.6243643,0.055185713,0.10213225,0.07409744,0.52223206,-0.018911727
1851,0.26014522,0.05096373,0.063416086,0.047430024,0.19672912,0.003533706
1852,0.44073814,0.058337618,0.08001178,0.050003216,0.36072636,0.008334402
1853,0.4538489,0.059354052,0.11071815,0.08053127,0.34313074,-0.021177217
1854,0.44778913,0.07118434,0.08197004,0.063645884,0.3658191,0.0075384527
1855,0.6566505,0.064649,0.120464794,0.080923654,0.5361857,-0.016274653
1856,0.44966933,0.03993812,0.09033099,0.05507514,0.35933834,-0.0151370205
1857,0.4012582,0.06757869,0.08544219,0.04954412,0.31581602,0.01803457
1858,0.4962415,0.0034341519,0.023642812,0.013296714,0.4725987,-0.009862563
1859,0.38711515,0.077285595,0.09318651,0.06705313,0.29392862,0.0102324635
1860,0.38334513,0.05013292,0.074668385,0.049780637,0.30867675,0.00035228208
1861,0.33939803,0.05047417,0.074266255,0.055216413,0.26513177,-0.0047422424
1862,0.6060698,0.07123989,0.116340935,0.084332615,0.48972887,-0.0130927265
1863,0.47033784,0.06459204,0.109701894,0.07823512,0.36063594,-0.0136430785
1864,0.5291541,0.030362466,0.0796935,0.05663164,0.44946063,-0.026269173
1865,0.3728797,0.063993745,0.06966503,0.053987253,0.30321467,0.010006491
1866,0.69673747,0.00723461,0.01832376,0.014561466,0.6784137,-0.007326856
1867,0.5711748,-0.0014014161,0.027450904,0.020955611,0.5437239,-0.022357028
1868,0.5100978,0.05572131,0.09412269,0.061307244,0.4159751,-0.005585935
1869,0.4210284,0.076202095,0.094626926,0.0698802,0.32640147,0.006321892
1870,0.53234327,0.04727307,0.07367748,0.055424806,0.4586658,-0.008151736
1871,0.41465485,0.05861002,0.08989027,0.058186993,0.32476458,0.00042302534
1872,0.45286384,0.073398635,0.10016706,0.07644176,0.35269678,-0.0030431226
1873,0.5090874,0.053419016,0.091126546,0.06867159,0.41796082,-0.015252575
1874,0.5999722,0.037905876,0.08652949,0.05518782,0.5134427,-0.017281946
1875,0.5056689,0.06480084,0.0704183,0.05182023,0.43525058,0.012980614
1876,0.31282514,0.035322715,0.046802063,0.025248518,0.26602307,0.010074196
1877,0.5158235,0.05953014,0.08404326,0.059341963,0.43178022,0.00018817559
1878,0.40177697,0.049534336,0.06987124,0.0514478,0.33190572,-0.0019134656
1879,0.46762913,0.055364203,0.0773326,0.055792212,0.39029652,-0.00042800978
1880,0.49275592,0.05953297,0.08624202,0.0630085,0.4065139,-0.003475532
1881,0.40617517,0.10605589,0.09797461,0.08049192,0.30820054,0.02556397
1882,0.2621966,0.04939424,0.06934509,0.04946713,0.19285151,-7.2892755e-05
1883,0.5730043,0.0036515808,0.025173329,0.0139210485,0.547831,-0.010269468
1884,0.394192,0.05976394,0.08141092,0.058002133,0.3127811,0.0017618053
1885,0.51676303,0.053329322,0.078066394,0.057285666,0.43869662,-0.003956344
1886,0.33823344,0.051859584,0.07229436,0.053217273,0.2659391,-0.0013576895
1887,0.31402713,0.08443598,0.07151682,0.056759745,0.24251032,0.027676232
1888,0.48788962,0.063204944,0.077265255,0.05275271,0.41062436,0.010452233
1889,0.43991962,0.07494583,0.091222875,0.0689363,0.34869674,0.0060095266
1890,0.35626063,0.046091672,0.08101347,0.058496784,0.27524716,-0.012405112
1891,0.49555102,0.06575276,0.100251004,0.06505424,0.39530003,0.00069852173
1892,0.41413608,0.08827103,0.10631766,0.073724,0.3078184,0.014547028
1893,0.37062803,0.04981661,0.063604936,0.048447214,0.3070231,0.0013693944
1894,0.40651977,0.08103222,0.094243184,0.06639214,0.3122766,0.014640078
1895,0.3384136,0.038821634,0.06318139,0.0450386,0.2752322,-0.0062169656
1896,0.54995394,0.03714572,0.058752235,0.042622827,0.4912017,-0.005477108
1897,0.3497668,0.021069372,0.058958672,0.039750997,0.2908081,-0.018681625
1898,0.60717034,0.0594601,0.09388237,0.0595712,0.51328796,-0.00011109933
1899,0.4806833,0.070378125,0.08883879,0.06715358,0.3918445,0.0032245442
1900,0.4014635,0.08043719,0.13879375,0.09619852,0.26266974,-0.01576133
1901,0.42431554,0.062196366,0.047038525,0.031107198,0.37727702,0.031089168
1902,0.5356724,0.08040257,0.10719466,0.07644004,0.42847776,0.0039625317
1903,0.4430411,0.081411004,0.092216425,0.06340395,0.35082465,0.018007055
1904,0.36266676,0.036549453,0.0626371,0.042332925,0.30002967,-0.005783472
1905,0.36218357,0.06543146,0.094290845,0.0715775,0.26789272,-0.006146036
1906,0.43801367,0.04974655,0.0904887,0.060357384,0.34752497,-0.010610834
1907,0.4331518,0.06812239,0.07759729,0.05795669,0.35555452,0.010165695
1908,0.39994612,0.05556732,0.06200896,0.04372703,0.33793718,0.011840291
1909,0.45884463,0.036729418,0.08382559,0.05808671,0.37501904,-0.02135729
1910,0.31298923,0.08524964,0.0903438,0.06649396,0.22264543,0.018755682
1911,0.47921157,0.09027992,0.11417586,0.08242659,0.3650357,0.007853329
1912,0.63798714,0.0659587,0.06987312,0.052464906,0.56811404,0.013493795
1913,0.4645414,0.060698986,0.079470634,0.05759059,0.38507077,0.0031083971
1914,0.37684858,0.06258499,0.087204866,0.06304471,0.2896437,-0.00045972317
1915,0.4908015,0.066725396,0.08554316,0.060952097,0.40525836,0.0057732984
1916,0.49725267,0.018109936,0.07525581,0.04706326,0.42199686,-0.028953325
1917,0.45156363,0.026615925,0.07872531,0.04883764,0.37283832,-0.022221714
1918,0.4954975,0.039867625,0.06950567,0.049173206,0.42599183,-0.009305581
1919,0.39310887,0.07429054,0.07638613,0.057694253,0.31672275,0.016596284
1920,0.36769554,0.066396,0.062387154,0.04873468,0.3053084,0.017661318
1921,0.44904464,0.050201334,0.09667947,0.058165137,0.35236517,-0.007963803
1922,0.23451906,0.07526827,0.109333694,0.08128241,0.12518537,-0.0060141385
1923,0.35008064,0.052035883,0.060677137,0.043579563,0.2894035,0.00845632
1924,0.3914825,0.058543354,0.083494924,0.061095882,0.30798757,-0.002552528
1925,0.21634379,0.08593734,0.070419595,0.05249171,0.1459242,0.033445634
1926,0.3961042,0.05446748,0.091868885,0.059455886,0.3042353,-0.004988406
1927,0.34302804,0.028938172,0.055827364,0.04251984,0.2872007,-0.013581669
1928,0.50583684,0.056942705,0.09418972,0.06896079,0.41164714,-0.012018088
1929,0.43209517,0.055614743,0.06351903,0.04726469,0.36857614,0.008350052
1930,0.6826343,0.050953936,0.09808696,0.07023476,0.58454734,-0.019280825
1931,0.41581953,0.033389054,0.057303417,0.03960803,0.3585161,-0.0062189773
1932,0.48031208,0.07325874,0.07695577,0.056002706,0.4033563,0.017256036
1933,0.19211754,0.014341052,0.03341996,0.020963449,0.15869758,-0.0066223973
1934,0.5997355,0.13860439,0.1347957,0.10212756,0.4649398,0.03647683
1935,0.49937937,0.0464502,0.08258279,0.054636803,0.41679657,-0.008186601
1936,0.39437702,0.05977499,0.099309236,0.065641984,0.2950678,-0.005866993
1937,0.5206914,0.052864186,0.07938486,0.056925822,0.44130653,-0.0040616356
1938,0.65144306,0.0686724,0.09398172,0.06811054,0.5574613,0.0005618632
1939,0.2695854,0.0014558273,0.03649122,0.020912707,0.23309419,-0.01945688
1940,0.6150937,0.08449072,0.12160076,0.08752306,0.49349296,-0.0030323416
1941,0.5373335,0.07564453,0.10989006,0.07694538,0.42744344,-0.001300849
1942,0.36647713,0.0789255,0.10339802,0.07581199,0.2630791,0.0031135082
1943,0.48396304,0.0693114,0.0916455,0.06308063,0.39231753,0.0062307715
1944,0.53725964,0.057777848,0.08754954,0.05701869,0.4497101,0.0007591583
1945,0.18540837,0.031545345,0.04224713,0.032089375,0.14316124,-0.0005440302
1946,0.3208852,0.03575273,0.060508817,0.039094415,0.2603764,-0.003341686
1947,0.4679897,0.058448173,0.081525944,0.057918534,0.38646376,0.0005296394
1948,0.20421855,0.026843013,0.06556068,0.0496482,0.13865787,-0.022805186
1949,0.37177396,0.030540396,0.07292185,0.049416173,0.29885212,-0.018875778
1950,0.51135296,0.09923003,0.1481951,0.108897835,0.36315787,-0.009667806
1951,0.61809254,0.03455668,0.075172536,0.0514511,0.54292,-0.016894419
1952,0.3101156,0.055076953,0.06366247,0.043511525,0.24645314,0.011565428
1953,0.42253667,0.04000438,0.066994004,0.046486087,0.35554266,-0.006481707
1954,0.80713487,0.05899701,0.13346088,0.08201857,0.673674,-0.02302156
1955,0.5549624,0.06404171,0.11330611,0.07104818,0.4416563,-0.0070064664
1956,0.5168102,0.056908723,0.07782252,0.058594402,0.43898767,-0.001685679
1957,0.76388955,0.05723908,0.08631012,0.053775612,0.6775794,0.0034634694
1958,0.49566057,0.046059955,0.06804438,0.047847148,0.42761618,-0.0017871931
1959,0.55147904,0.087066114,0.102102846,0.07790944,0.4493762,0.009156674
1960,0.5004175,0.07301769,0.06919556,0.04268862,0.4312219,0.030329067
1961,0.55732197,0.06778945,0.10144271,0.060397767,0.45587927,0.0073916838
1962,0.5785306,0.15494184,0.20841412,0.16523643,0.37011647,-0.010294586
1963,0.42312577,0.0420538,0.06657771,0.050635282,0.35654807,-0.008581482
1964,0.49896196,0.09131395,0.093267605,0.06973964,0.40569437,0.021574311
1965,0.42409688,0.074812084,0.10015113,0.07321413,0.32394576,0.0015979558
1966,0.434483,0.06416703,0.06846018,0.053730384,0.36602283,0.010436647
1967,0.50873977,0.15692508,0.16079496,0.1273714,0.3479448,0.029553682
1968,0.4460697,0.093043566,0.13239425,0.097659685,0.31367543,-0.004616119
1969,0.5594303,0.055062875,0.08826246,0.058370136,0.47116783,-0.0033072606
1970,0.556779,0.10754629,0.18113625,0.121875495,0.37564278,-0.0143292025
1971,0.5239265,0.10759104,0.13096252,0.09665936,0.39296398,0.010931678
1972,0.5469825,0.1155375,0.105535775,0.0795743,0.44144675,0.0359632
1973,0.46308136,0.07754488,0.08389647,0.0654191,0.3791849,0.012125783
1974,0.5439423,0.092285655,0.10240017,0.07456532,0.4415421,0.017720334
1975,0.42228433,0.09430641,0.096771605,0.07108035,0.32551274,0.02322606
1976,0.63241833,0.089824446,0.13221914,0.093504,0.5001992,-0.0036795512
1977,0.63321704,0.12490631,0.12585631,0.09841102,0.5073607,0.026495285
1978,0.55082834,0.1032408,0.14566924,0.10182352,0.40515912,0.0014172792
1979,0.35024577,0.031335626,0.057570383,0.039631482,0.29267538,-0.008295856
1980,0.45738766,0.07295848,0.09817471,0.07466127,0.35921293,-0.001702793
1981,0.35093445,0.048800074,0.07613327,0.05189145,0.27480116,-0.0030913763
1982,0.3758811,0.0358756,0.03901961,0.030047964,0.3368615,0.0058276355
1983,0.4284979,0.05713273,0.08484783,0.06106389,0.34365007,-0.003931161
1984,0.47916624,0.064968355,0.09261366,0.06573703,0.38655257,-0.0007686764
1985,0.41545418,0.06474442,0.05404277,0.04028268,0.3614114,0.024461739
1986,0.41174954,0.053647723,0.090954974,0.064343974,0.32079458,-0.010696251
1987,0.56247795,0.03892454,0.09489846,0.063086204,0.46757948,-0.024161663
1988,0.4008735,0.051677644,0.05910652,0.041518558,0.34176698,0.010159086
1989,0.35206336,0.045035828,0.05482461,0.038177345,0.29723874,0.006858483
1990,0.1905416,0.04307698,0.077905014,0.049122475,0.11263658,-0.006045494
1991,0.57971144,0.07588522,0.10782337,0.07275295,0.47188807,0.0031322688
1992,0.54966533,0.072943255,0.0854395,0.056902662,0.46422583,0.016040593
1993,0.4497139,0.034884643,0.05589221,0.04200286,0.3938217,-0.0071182176
1994,0.5221114,0.035008658,0.06530262,0.04752717,0.4568088,-0.012518514
1995,0.443916,0.051049743,0.073600486,0.055022255,0.3703155,-0.0039725117
1996,0.5000351,0.08446667,0.086324,0.06579235,0.4137111,0.018674321
1997,0.4369033,0.03479922,0.09099308,0.060912706,0.34591022,-0.026113488
1998,0.5377163,0.05780406,0.0870754,0.053043377,0.45064092,0.0047606826
1999,0.41208473,0.053609163,0.07429192,0.053503364,0.3377928,0.000105798244
2000,0.43870798,0.07457224,0.07801168,0.059217367,0.36069632,0.0153548755
2001,0.43193316,0.0872805,0.12073796,0.09097218,0.3111952,-0.0036916807
2002,0.44211924,0.072758496,0.09487884,0.06757153,0.3472404,0.0051869676
2003,0.52165306,0.06926324,0.10324741,0.06863005,0.41840565,0.00063319504
2004,0.50952363,0.08664978,0.07552587,0.055718437,0.43399775,0.030931346
2005,0.42361832,0.0417347,0.06455073,0.0475319,0.3590676,-0.0057972
2006,0.49480632,0.05134962,0.08437192,0.053861737,0.4104344,-0.002512116
2007,0.2817896,0.019406004,0.046050582,0.03157346,0.23573902,-0.012167456
2008,0.31561396,0.06435486,0.08958323,0.055028215,0.22603072,0.009326644
2009,0.5010182,0.029867569,0.06981425,0.049613427,0.43120396,-0.019745858
2010,0.5275483,0.058780488,0.077619985,0.056694113,0.44992834,0.002086375
2011,0.56533045,0.07577907,0.09892501,0.070084594,0.46640545,0.0056944788
2012,0.42393658,0.028357541,0.067066625,0.0433898,0.35686994,-0.01503226
2013,0.44388393,0.08147361,0.13426666,0.0910935,0.30961728,-0.009619892
2014,0.47596967,0.025474986,0.09170701,0.0548132,0.38426265,-0.029338213
2015,0.3096159,0.042174328,0.07999486,0.046328582,0.22962105,-0.0041542538
2016,0.4088098,0.03958557,0.06799874,0.051612258,0.34081107,-0.012026686
2017,0.5898034,0.07797876,0.11362893,0.072918184,0.47617447,0.005060576
2018,0.49138606,0.053391844,0.08220574,0.05823456,0.4091803,-0.004842717
2019,0.6102892,0.066364445,0.12532644,0.07959752,0.48496276,-0.013233073
2020,0.4364523,0.052505173,0.0771077,0.056206517,0.3593446,-0.0037013441
2021,0.49971366,0.046604022,0.07465263,0.047808733,0.42506105,-0.0012047105
2022,0.47036484,0.07036959,0.09507635,0.069193356,0.3752885,0.0011762306
2023,0.33983272,0.041299704,0.07861319,0.058566283,0.26121953,-0.017266579
2024,0.35929143,0.030295758,0.037415832,0.022271924,0.3218756,0.008023834
2025,0.6279118,0.09090961,0.1170484,0.082240954,0.5108634,0.008668654
2026,0.36188254,0.031716257,0.05510396,0.037601527,0.30677858,-0.0058852695
2027,0.42856604,0.04560478,0.07569064,0.056412544,0.3528754,-0.010807764
2028,0.6683874,0.06688515,0.105812795,0.08203762,0.5625746,-0.015152469
2029,0.32216188,0.012261291,0.0784303,0.049421664,0.24373159,-0.037160374
2030,0.4851475,0.06707,0.10506899,0.07683885,0.38007852,-0.009768851
2031,0.42283428,-0.0020543349,0.016657159,0.013230874,0.4061771,-0.015285209
2032,0.27518183,0.036493853,0.0556398,0.03945103,0.21954203,-0.0029571764
2033,0.50601363,0.03850578,0.0596549,0.040900473,0.44635874,-0.002394691
2034,0.56007123,0.068762854,0.080589816,0.055145897,0.4794814,0.013616957
2035,0.48100808,0.051266804,0.07434906,0.050208956,0.406659,0.0010578483
2036,0.6490233,0.06590118,0.10446303,0.07027446,0.54456025,-0.0043732747
2037,0.50642514,0.068262726,0.101677984,0.07231173,0.40474716,-0.004049003
2038,0.51906997,0.050744366,0.10031189,0.059914738,0.4187581,-0.009170372
2039,0.4233021,0.06957847,0.107229166,0.080464095,0.31607294,-0.010885626
2040,0.35513648,0.056248564,0.07213602,0.048287444,0.28300047,0.00796112
2041,0.41132313,0.042646777,0.06281238,0.045890827,0.34851074,-0.0032440498
2042,0.65657383,0.058340505,0.11602858,0.07961215,0.5405452,-0.021271646
2043,0.5520605,0.06738213,0.07472684,0.05618727,0.47733364,0.011194859
2044,0.5292179,0.016963726,0.08153531,0.042439926,0.4476826,-0.0254762
2045,0.30757958,0.051148515,0.07008641,0.043168336,0.23749316,0.007980179
2046,0.22975948,0.017830985,0.030738331,0.019620987,0.19902116,-0.001790002
2047,0.50026405,0.020694677,0.036919404,0.031116772,0.46334463,-0.010422096
2048,0.32715824,0.031026486,0.050970808,0.0380338,0.27618742,-0.007007312
2049,0.4506362,0.052713968,0.07004677,0.04983617,0.38058943,0.002877798
2050,0.5396615,0.09537203,0.076191805,0.048633896,0.4634697,0.046738133
2051,0.5037309,0.038509935,0.08462266,0.058579467,0.41910824,-0.020069532
2052,0.39521205,0.06961022,0.080148526,0.054568373,0.31506354,0.0150418505
2053,0.4120923,0.021357875,0.054980844,0.036755223,0.35711145,-0.0153973475
2054,0.29577836,0.044602524,0.05995047,0.043094844,0.2358279,0.0015076809
2055,0.6073705,0.11757547,0.0761804,0.05800288,0.5311901,0.059572585
2056,0.32810953,0.07299876,0.091106385,0.06405387,0.23700315,0.008944891
2057,0.5804244,0.057015326,0.089653894,0.060468882,0.49077052,-0.0034535564
2058,0.42998806,0.012081152,0.03859232,0.017254937,0.39139575,-0.0051737856
2059,0.4671244,0.040158316,0.08246542,0.05571632,0.384659,-0.015558004
2060,0.48886228,0.06903628,0.057468306,0.04082955,0.43139398,0.028206732
2061,0.52599066,0.034474622,0.08311853,0.04740608,0.44287214,-0.012931459
2062,0.64463246,0.0025973327,0.03752823,0.021366512,0.60710424,-0.01876918
2063,0.32969758,0.026881974,0.076655574,0.05127266,0.253042,-0.024390686
2064,0.44170955,0.048342444,0.07945399,0.04805059,0.36225557,0.00029185414
2065,0.5136281,0.04353457,0.071987465,0.051219262,0.44164068,-0.0076846927
2066,0.39937553,0.055226497,0.07216715,0.0520146,0.32720837,0.0032118969
2067,0.4824953,0.039996494,0.07453636,0.047380436,0.40795895,-0.0073839426
2068,0.5676965,0.017813163,0.01643884,0.01229775,0.55125767,0.0055154124
2069,0.536981,0.08838559,0.12370764,0.092969485,0.41327333,-0.004583895
2070,0.5390848,0.12178979,0.10634636,0.07536397,0.43273842,0.04642582
2071,0.14791709,0.026983896,0.037600778,0.024876103,0.110316314,0.0021077935
2072,0.32172197,0.08903718,0.1041016,0.0764062,0.21762037,0.012630977
2073,0.62359834,0.05598527,0.06452284,0.045511667,0.5590755,0.0104736015
2074,0.43645823,0.07853541,0.09087842,0.06696213,0.3455798,0.011573277
2075,0.43112203,0.037649013,0.094848305,0.054988533,0.33627373,-0.01733952
2076,0.4862475,0.04612499,0.073654756,0.05056977,0.41259277,-0.004444778
2077,0.5037728,0.05002638,0.057674833,0.043654345,0.44609797,0.0063720345
2078,0.61841625,0.065601826,0.111785956,0.076536655,0.5066303,-0.01093483
2079,0.30814472,0.044597276,0.05594118,0.040115368,0.25220352,0.004481908
2080,0.41589355,0.035325114,0.060691576,0.04097581,0.355202,-0.0056506954
2081,0.551743,0.0812589,0.108452834,0.083668,0.44329014,-0.0024091005
2082,0.4828712,0.06285687,0.071684435,0.055678435,0.41118675,0.0071784332
2083,0.47323355,0.041228294,0.07336556,0.051344994,0.39986798,-0.0101167
2084,0.40016133,0.059362456,0.06556208,0.044542957,0.33459926,0.014819499
2085,0.42082617,0.04782176,0.10263757,0.052716408,0.3181886,-0.0048946477
2086,0.595603,0.05684919,0.096359596,0.06706811,0.49924338,-0.010218918
2087,0.6899413,0.099706,0.13978472,0.095094986,0.5501566,0.0046110153
2088,0.4116447,0.071134694,0.09243607,0.07522013,0.31920862,-0.0040854365
2089,0.38116372,0.07385521,0.072037816,0.053659245,0.3091259,0.020195961
2090,0.381942,0.052610964,0.07247372,0.045233227,0.30946827,0.0073777363
2091,0.48184064,0.09242555,0.0865628,0.052967202,0.39527786,0.039458346
2092,0.42813855,0.04549733,0.07707493,0.05082551,0.3510636,-0.0053281784
2093,0.5750112,0.07707328,0.1060948,0.07329935,0.4689164,0.0037739351
2094,0.424537,0.103079475,0.14378864,0.10166216,0.28074837,0.0014173165
2095,0.43096718,0.053369638,0.06324105,0.041170854,0.36772615,0.012198783
2096,0.50136,0.07124824,0.0791481,0.05794316,0.4222119,0.013305079
2097,0.5257398,0.050165594,0.081322215,0.055588245,0.44441757,-0.005422652
2098,0.21658705,0.044932168,0.044043932,0.030961068,0.17254312,0.0139711
2099,0.5185915,0.05540351,0.074374974,0.05522518,0.44421655,0.00017832965
2100,0.3796129,0.025031494,0.05695903,0.04259259,0.32265386,-0.017561095
2101,0.25264728,0.031221246,0.043310232,0.029722543,0.20933706,0.0014987029
2102,0.45529655,0.052397236,0.07014037,0.0491992,0.38515618,0.003198035
2103,0.36430058,0.08241117,0.1011325,0.07087448,0.2631681,0.011536688
2104,0.6096766,0.12455198,0.123139724,0.09787487,0.48653686,0.02667711
2105,0.26685914,0.061970986,0.06439273,0.039736003,0.20246641,0.022234984
2106,0.5056123,0.0799581,0.078751065,0.05688654,0.42686126,0.023071565
2107,0.3742963,0.05990744,0.07483005,0.048579473,0.29946625,0.011327967
2108,0.53025144,0.059443302,0.1363245,0.085148916,0.39392695,-0.025705613
2109,0.57352173,0.08604903,0.11162367,0.07940524,0.46189806,0.006643787
2110,0.43203542,0.057228718,0.09427361,0.06909567,0.33776182,-0.011866953
2111,0.51969826,0.06182989,0.09133764,0.06429365,0.4283606,-0.0024637617
2112,0.4755801,0.08434223,0.09154665,0.070284866,0.38403344,0.014057361
2113,0.47304562,0.061553605,0.07487916,0.05394953,0.39816645,0.0076040737
2114,0.46680138,0.12625305,0.11054983,0.088921934,0.35625154,0.03733112
2115,0.48062912,0.04043216,0.055596877,0.040103856,0.42503223,0.00032830238
2116,0.3258963,0.05297716,0.07700509,0.05397817,0.2488912,-0.0010010116
2117,0.50100654,0.093284935,0.08506713,0.06378222,0.41593942,0.029502712
2118,0.41308707,0.039594572,0.06387395,0.042415757,0.34921312,-0.0028211847
2119,0.29277,0.026831422,0.04967444,0.03891477,0.24309556,-0.012083348
2120,0.43312567,0.10652601,0.15019931,0.090837196,0.28292638,0.015688814
2121,0.5265011,0.027154898,0.030397112,0.023350276,0.496104,0.0038046222
2122,0.5128482,0.09119732,0.12276123,0.08983111,0.39008698,0.001366213
2123,0.4660469,0.085767746,0.09684157,0.06351889,0.36920533,0.022248857
2124,0.3725509,0.07211354,0.082635835,0.05894544,0.28991508,0.013168097
2125,0.42845973,0.08228102,0.100148074,0.07382702,0.32831165,0.008454002
2126,0.4982168,0.07001606,0.050759483,0.040381745,0.4474573,0.029634312
2127,0.30445656,0.07502202,0.07431405,0.05603692,0.2301425,0.0189851
2128,0.40825942,0.029363792,0.07234546,0.05245833,0.33591396,-0.023094539
2129,0.23356816,0.07289599,0.06065392,0.044952422,0.17291424,0.027943566
2130,0.4317202,0.022773715,0.04872405,0.033965677,0.38299614,-0.011191962
2131,0.33906946,0.008995237,0.051737264,0.034379486,0.28733218,-0.02538425
2132,0.8135106,0.092910565,0.13695656,0.09255378,0.676554,0.00035678595
2133,0.46504307,0.055753034,0.08121749,0.06238983,0.38382557,-0.0066367947
2134,0.3496983,0.06928033,0.08035794,0.056171745,0.26934037,0.013108581
2135,0.611207,0.07750926,0.11033209,0.07679149,0.50087494,0.00071777403
2136,0.5350064,0.11197964,0.122933246,0.09702376,0.41207317,0.014955878
2137,0.39631504,0.02352127,0.054202817,0.034546193,0.3421122,-0.011024922
2138,0.62736076,0.06651761,0.07667898,0.0601815,0.55068177,0.006336108
2139,0.48436597,0.02559446,0.041633405,0.028691486,0.44273257,-0.0030970257
2140,0.5180463,0.05607186,0.10033777,0.06967682,0.41770855,-0.013604958
2141,0.5929066,0.12915054,0.15770347,0.11693499,0.43520314,0.012215547
2142,0.5776319,0.123072155,0.11303285,0.07998396,0.46459904,0.043088198
2143,0.4474675,0.03680309,0.06582719,0.04491352,0.38164032,-0.00811043
2144,0.390904,0.062241293,0.07517406,0.05257869,0.31572995,0.009662602
2145,0.5230409,0.04313162,0.05576803,0.039723348,0.46727285,0.0034082718
2146,0.5814246,0.01284932,0.10005011,0.05285806,0.4813745,-0.04000874
2147,0.5457225,0.08776132,0.11617175,0.08124061,0.42955074,0.006520711
2148,0.4193176,0.054297876,0.0890646,0.063967265,0.330253,-0.00966939
2149,0.4658225,0.01057191,0.051855892,0.034479998,0.4139666,-0.023908088
2150,0.39682043,0.05949915,0.067022234,0.047905464,0.3297982,0.011593685
2151,0.3214219,0.017818786,0.047366947,0.03154577,0.27405494,-0.013726983
2152,0.23372951,0.019947704,0.078237,0.055069927,0.15549251,-0.035122223
2153,0.6137747,0.0966332,0.14493912,0.09343311,0.4688356,0.0032000914
2154,0.2702785,0.015055976,0.01990244,0.01337197,0.25037608,0.0016840063
2155,0.25178468,0.032343004,0.04936598,0.03850592,0.2024187,-0.0061629154
2156,0.5125683,0.0977855,0.14586644,0.09565373,0.36670184,0.002131775
2157,0.45972833,0.06288783,0.070625216,0.052460182,0.3891031,0.01042765
2158,0.41160986,0.06063465,0.07594486,0.048953824,0.335665,0.011680827
2159,0.42137516,0.06918862,0.09819229,0.07027691,0.32318288,-0.0010882914
2160,0.43471166,0.047125097,0.07429737,0.0453057,0.3604143,0.0018193983
2161,0.5352291,0.09676283,0.10304091,0.07540033,0.43218818,0.021362498
2162,0.5808948,0.05676547,0.08600643,0.06288445,0.4948884,-0.0061189793
2163,0.37463626,0.05324194,0.09217382,0.06699403,0.28246245,-0.013752088
2164,0.23927742,0.0045070853,0.034407858,0.022852277,0.20486957,-0.018345192
2165,0.5255733,0.05179714,0.08186875,0.059525423,0.44370455,-0.0077282824
2166,0.42830792,0.027717855,0.0763439,0.049478024,0.35196403,-0.02176017
2167,0.33508822,0.057379402,0.077063955,0.05248633,0.25802428,0.004893072
2168,0.39385155,0.06027233,0.07429872,0.052545313,0.31955284,0.0077270158
2169,0.4219136,0.05972757,0.082270816,0.06117554,0.33964276,-0.0014479719
2170,0.3107402,0.03333642,0.062212296,0.04541396,0.24852791,-0.01207754
2171,0.31441465,0.05710273,0.059788574,0.043747544,0.25462607,0.013355184
2172,0.41715792,0.0045300433,0.052814137,0.037524953,0.3643438,-0.03299491
2173,0.4218436,0.05399834,0.0835102,0.05416082,0.3383334,-0.00016247854
2174,0.3890181,0.06327545,0.10036263,0.06934662,0.28865546,-0.0060711727
2175,0.48930106,0.063021764,0.108323604,0.07291482,0.38097745,-0.009893052
2176,0.4839476,0.033330802,0.057814404,0.039145537,0.42613322,-0.005814735
2177,0.52029103,0.10041869,0.0908148,0.06747621,0.42947623,0.032942474
2178,0.7233097,0.022332732,0.030852042,0.01602977,0.6924577,0.006302962
2179,0.49848714,0.03555394,0.070074126,0.0450034,0.42841303,-0.00944946
2180,0.68570954,0.12636404,0.15129875,0.106924474,0.5344108,0.019439563
2181,0.40592113,0.050415047,0.078193635,0.059638284,0.3277275,-0.009223238
2182,0.63656783,0.06970635,0.11943688,0.07458355,0.517131,-0.004877202
2183,0.42677215,0.041961394,0.08642016,0.06116463,0.340352,-0.019203234
2184,0.486628,0.039480876,0.085286796,0.05613216,0.4013412,-0.016651284
2185,0.4941107,0.07695399,0.12221558,0.08270016,0.37189513,-0.005746171
2186,0.4805053,0.06845491,0.080002815,0.059216674,0.40050247,0.009238232
2187,0.3000916,0.02072017,0.061676387,0.042874042,0.23841521,-0.022153871
2188,0.33081368,0.049420077,0.06955431,0.050937723,0.26125938,-0.001517646
2189,0.6561281,0.08706365,0.09490859,0.06864062,0.5612195,0.018423028
2190,0.5192696,0.07337057,0.08038486,0.05952542,0.43888474,0.013845149
2191,0.4830657,0.044167053,0.0724601,0.051266626,0.4106056,-0.0070995726
2192,0.56561726,0.04355778,0.119483985,0.06866181,0.4461333,-0.025104027
2193,0.5763563,0.1065231,0.0925871,0.052322853,0.48376918,0.054200243
2194,0.53634053,0.0804929,0.08068691,0.054381594,0.4556536,0.026111305
2195,0.48258057,0.056628436,0.08107601,0.062014543,0.40150458,-0.0053861067
2196,0.33789077,0.061100252,0.0693013,0.050966993,0.26858947,0.010133259
2197,0.37891,0.051033065,0.05180775,0.04126043,0.32710224,0.009772636
2198,0.25324476,0.06752795,0.05749626,0.045065317,0.1957485,0.022462633
2199,0.25690004,0.03825718,0.036931265,0.025447486,0.21996878,0.012809696
2200,0.3042805,0.039894283,0.062437043,0.042887636,0.24184345,-0.0029933527
2201,0.4666816,0.054989334,0.10178313,0.06382904,0.36489847,-0.008839708
2202,0.36414832,0.07434378,0.09936819,0.075284354,0.26478013,-0.0009405762
2203,0.38786265,0.040946994,0.05679378,0.038109373,0.33106887,0.0028376207
2204,0.53605765,0.058366112,0.07162907,0.046810474,0.46442857,0.011555638
2205,0.3193285,0.08038753,0.10073516,0.06723816,0.21859333,0.013149373
2206,0.4650333,0.04341134,0.087448336,0.062051103,0.37758496,-0.018639762
2207,0.36475125,0.0376071,0.0547422,0.03529395,0.31000906,0.0023131482
2208,0.48809585,0.04112634,0.11381231,0.070675805,0.37428355,-0.029549465
2209,0.35491234,0.042226,0.07014629,0.048156284,0.28476605,-0.005930282
2210,0.4707733,0.047815632,0.06408682,0.048214316,0.40668648,-0.0003986843
2211,0.511989,0.054592863,0.11403851,0.0726389,0.39795047,-0.018046036
2212,0.39199597,0.07451523,0.08358897,0.055891786,0.308407,0.018623445
2213,0.43313283,0.040406648,0.086727515,0.06180886,0.34640533,-0.021402214
2214,0.47421765,0.046195034,0.07093081,0.05112462,0.40328684,-0.0049295872
2215,0.34681025,0.03305427,0.05472113,0.037935287,0.29208913,-0.004881017
2216,0.54698384,0.050894815,0.09300475,0.06699844,0.45397907,-0.016103622
2217,0.4243671,0.04555769,0.07155995,0.04676512,0.35280716,-0.0012074299
2218,0.45948702,0.00042035195,0.073499106,0.04363712,0.3859879,-0.04321677
2219,0.3262556,0.05217,0.08456812,0.068257615,0.24168748,-0.016087614
2220,0.42490593,0.06769969,0.078068465,0.05592413,0.34683746,0.011775564
2221,0.4003877,0.08373072,0.07938618,0.060741235,0.32100153,0.022989485
2222,0.32472032,0.045459058,0.07922071,0.061870795,0.24549961,-0.016411737
2223,0.46158677,0.033160917,0.08684638,0.059456535,0.3747404,-0.026295617
2224,0.46530017,0.09547252,0.11480583,0.08433524,0.35049433,0.011137284
2225,0.5109272,0.038524665,0.07372259,0.044591855,0.4372046,-0.0060671903
2226,0.45977482,0.01723016,0.04706503,0.03183372,0.4127098,-0.014603559
2227,0.50879467,0.06343908,0.10113072,0.065491445,0.40766394,-0.0020523667
2228,0.43514943,0.08753712,0.051905073,0.03946449,0.38324437,0.04807263
2229,0.3757812,0.0610438,0.06740523,0.0450411,0.30837598,0.0160027
2230,0.50284684,0.03410215,0.061286278,0.044611562,0.44156057,-0.010509413
2231,0.3840611,0.08078555,0.097405456,0.06554725,0.28665563,0.0152383
2232,0.2811477,0.05723275,0.06125694,0.045153394,0.21989074,0.012079354
2233,0.43770224,0.045943264,0.05993021,0.041741043,0.37777203,0.0042022206
2234,0.36217663,0.041608397,0.05503168,0.038032822,0.30714494,0.0035755746
2235,0.46594402,0.070382506,0.0687599,0.048480358,0.39718413,0.021902148
2236,0.31761715,0.045967005,0.06872948,0.050658297,0.24888766,-0.0046912916
2237,0.51964617,0.06716934,0.07679341,0.054304894,0.44285277,0.012864444
2238,0.3304456,0.06877834,0.07495665,0.047512025,0.25548893,0.021266319
2239,0.6386681,0.057665125,0.09727801,0.06386748,0.5413901,-0.006202355
2240,0.5449045,0.0843734,0.10165904,0.07395998,0.44324544,0.010413423
2241,0.19760698,0.017926384,0.035829872,0.025989197,0.16177711,-0.008062813
2242,0.51729625,0.045329478,0.08044111,0.05643702,0.43685514,-0.011107542
2243,0.4872927,0.06206019,0.10224445,0.07136269,0.38504827,-0.009302501
2244,0.52610195,0.03155285,0.04263009,0.02542321,0.48347187,0.006129641
2245,0.632183,0.037339177,0.08283901,0.05928578,0.549344,-0.021946602
2246,0.4376054,0.063492596,0.08031931,0.053483844,0.3572861,0.010008752
2247,0.38464317,0.05018529,0.056328967,0.037822947,0.3283142,0.012362342
2248,0.53020793,0.05032427,0.079753086,0.05565006,0.45045483,-0.0053257905
2249,0.369874,0.05695825,0.086291686,0.053948946,0.28358233,0.0030093044
2250,0.22475967,0.05068472,0.057615027,0.03873151,0.16714464,0.011953209
2251,0.45352957,0.071900904,0.10772752,0.07690773,0.34580204,-0.0050068274
2252,0.57702607,0.14460187,0.20095061,0.13094959,0.37607545,0.01365228
2253,0.670939,0.05492097,0.07913111,0.057860795,0.5918079,-0.002939824
2254,0.5742592,0.12095768,0.10232043,0.07255834,0.4719388,0.048399337
2255,0.41746566,0.04120916,0.074417286,0.04933597,0.34304836,-0.00812681
2256,0.28852332,0.050249875,0.045441527,0.03645812,0.2430818,0.013791755
2257,0.3310749,0.057633165,0.080387376,0.05653034,0.2506875,0.0011028238
2258,0.43101075,0.060934234,0.08045691,0.056804966,0.35055384,0.004129268
2259,0.530469,0.10405523,0.107144006,0.079721645,0.423325,0.024333589
2260,0.41877642,0.085711695,0.095652774,0.066039555,0.32312363,0.01967214
2261,0.46144006,0.102231264,0.13543835,0.10162768,0.3260017,0.00060358644
2262,0.36325586,0.072674885,0.088429905,0.05777529,0.27482596,0.014899597
2263,0.34839988,0.035268046,0.06462263,0.041289836,0.28377724,-0.00602179
2264,0.3846655,0.05614007,0.06795661,0.054861113,0.31670886,0.0012789555
2265,0.4618206,0.07666353,0.07614362,0.056744467,0.38567698,0.019919064
2266,0.69977134,-0.012004157,0.015140612,0.011037836,0.68463075,-0.023041993
2267,0.51010877,0.08108646,0.10471732,0.07831065,0.40539145,0.0027758032
2268,0.46367064,0.048239402,0.07998079,0.054440957,0.38368985,-0.006201554
2269,0.4100038,0.041624617,0.07599624,0.05058724,0.33400756,-0.008962624
2270,0.50436527,0.10854928,0.12709202,0.08773167,0.37727326,0.020817615
2271,0.46263483,0.048575122,0.091631815,0.06271107,0.37100303,-0.014135946
2272,0.37046063,0.061833605,0.08082852,0.056087967,0.2896321,0.005745638
2273,0.600287,0.09105236,0.09650197,0.07824514,0.5037851,0.01280722
2274,0.46799287,0.06409025,0.079138555,0.053306516,0.38885432,0.010783736
2275,0.6149651,0.08502241,0.15530924,0.10138297,0.45965582,-0.016360559
2276,0.4373905,0.07996128,0.081272356,0.05511353,0.35611814,0.024847746
2277,0.48308578,0.102485895,0.06971454,0.045548808,0.41337124,0.056937087
2278,0.45519775,0.05369262,0.10526783,0.05814121,0.34992993,-0.004448589
2279,0.36941355,0.017353702,0.024389908,0.014018036,0.34502363,0.003335666
2280,0.37811226,0.04724024,0.08629131,0.060313698,0.29182094,-0.013073459
2281,0.42921317,0.07886267,0.109602764,0.06781818,0.31961042,0.011044487
2282,0.49130023,0.06820597,0.062070604,0.047408085,0.42922962,0.020797882
2283,0.26718593,0.032379154,0.046571504,0.033369698,0.22061442,-0.0009905435
2284,0.281079,0.049505368,0.084999844,0.06312916,0.19607915,-0.013623789
2285,0.5342873,0.041723263,0.072314456,0.04635561,0.46197283,-0.0046323463
2286,0.354976,0.07461559,0.08989805,0.061260466,0.26507795,0.013355125
2287,0.33144495,0.03428453,0.05534622,0.039571375,0.27609873,-0.0052868463
2288,0.52839166,0.10730993,0.11589652,0.0904373,0.41249514,0.01687263
2289,0.6524954,0.025545409,0.04129391,0.028897671,0.61120147,-0.003352262
2290,0.43695268,0.046208408,0.08773371,0.065442,0.34921896,-0.019233596
2291,0.33771864,0.04361025,0.06580531,0.049364045,0.27191332,-0.0057537965
2292,0.35517374,0.060107555,0.083665684,0.06628363,0.27150804,-0.006176073
2293,0.4068015,0.08434382,0.09443766,0.06705526,0.31236383,0.017288558
2294,0.4735035,0.105668165,0.10042566,0.07894841,0.37307784,0.026719756
2295,0.31091362,0.06984856,0.07935648,0.05731053,0.23155715,0.012538031
2296,0.40571633,0.037781127,0.07539573,0.04864401,0.3303206,-0.010862883
2297,0.28283122,0.06336259,0.0516878,0.03578799,0.23114341,0.027574603
2298,0.45340255,0.07406584,0.08745976,0.06441611,0.36594278,0.009649731
2299,0.35132644,0.038501393,0.08794021,0.06054582,0.26338622,-0.022044428
2300,0.3948044,0.031224223,0.044569574,0.02939069,0.3502348,0.001833532
2301,0.49095052,0.03788798,0.09478803,0.063307784,0.3961625,-0.025419805
2302,0.4368558,0.054329257,0.06959763,0.050596595,0.36725816,0.0037326626
2303,0.5073904,0.055680092,0.075225204,0.054714,0.43216518,0.0009660907
2304,0.6502126,0.079486385,0.1163452,0.084754676,0.53386736,-0.0052682906
2305,0.45814705,0.057709895,0.07648578,0.052286606,0.38166127,0.005423289
2306,0.5968542,0.050480474,0.09949578,0.07392385,0.49735844,-0.023443375
2307,0.36417082,0.076864704,0.051393237,0.041473083,0.31277758,0.03539162
2308,0.3427947,0.045102134,0.07216565,0.05333378,0.27062905,-0.008231647
2309,0.61456585,0.00055630004,0.019488532,0.0111962035,0.59507734,-0.010639903
2310,0.5338913,0.084412105,0.08373584,0.06297613,0.4501555,0.021435976
2311,0.54022104,0.06050654,0.09912045,0.067050904,0.4411006,-0.0065443628
2312,0.33953968,0.051030487,0.06445345,0.047466792,0.27508622,0.0035636947
2313,0.33233392,0.09019485,0.08485126,0.068500474,0.24748266,0.021694377
2314,0.4176583,0.0702167,0.09338446,0.06876795,0.32427382,0.0014487505
2315,0.5299374,0.110774234,0.13528147,0.11025658,0.3946559,0.00051765144
2316,0.22759436,0.042155467,0.06338327,0.045765553,0.1642111,-0.0036100857
2317,0.46737,0.050699096,0.07855304,0.058699507,0.38881695,-0.008000411
2318,0.61275995,0.020958655,0.046065044,0.02676626,0.5666949,-0.0058076046
2319,0.20410226,0.044139225,0.06394971,0.047999196,0.14015254,-0.0038599707
2320,0.37870228,0.043003224,0.06547724,0.048652902,0.31322503,-0.0056496784
2321,0.29563063,0.087498896,0.09461646,0.066177055,0.20101418,0.02132184
2322,0.46899888,0.10248977,0.10473487,0.07718526,0.364264,0.025304511
2323,0.4173952,0.028074509,0.056471538,0.036761083,0.36092368,-0.008686574
2324,0.47227678,0.042548105,0.07360068,0.0552632,0.3986761,-0.012715094
2325,0.50313514,0.049411274,0.07948919,0.05253044,0.42364597,-0.003119167
2326,0.43647486,0.06873966,0.095687225,0.05528064,0.34078765,0.013459019
2327,0.4068439,0.07416458,0.08171432,0.058063257,0.32512957,0.01610132
2328,0.47173375,0.09189789,0.11362608,0.07905503,0.3581077,0.012842856
2329,0.2449898,0.07587783,0.07544614,0.058622055,0.16954365,0.017255776
2330,0.36371356,0.035502594,0.07825712,0.053823095,0.28545645,-0.0183205
2331,0.54948896,0.10553457,0.13053983,0.09224997,0.41894913,0.013284601
2332,0.5256638,0.011395293,0.03179584,0.017312938,0.49386796,-0.005917645
2333,0.4218986,0.03033335,0.058862213,0.04231654,0.3630364,-0.011983192
2334,0.39931372,0.06618657,0.08065115,0.059824847,0.31866258,0.006361723
2335,0.38255036,0.051656373,0.07540578,0.051847614,0.30714458,-0.0001912415
2336,0.53475356,0.09444289,0.12600325,0.09335505,0.4087503,0.0010878369
2337,0.5244016,0.13736852,0.13286677,0.09725403,0.39153484,0.040114485
2338,0.25064522,0.031070001,0.07040643,0.045795113,0.18023878,-0.014725111
2339,0.34792158,0.059613258,0.078981966,0.055046473,0.2689396,0.004566785
2340,0.43795168,0.062372614,0.10099606,0.069423564,0.3369556,-0.00705095
2341,0.32440668,0.044387262,0.08051948,0.05850008,0.2438872,-0.014112819
2342,0.5058576,0.041132867,0.0563094,0.043415703,0.44954818,-0.0022828355
2343,0.5122444,0.09744419,0.111601375,0.07137135,0.40064302,0.026072845
2344,0.5312085,0.06629648,0.09764164,0.064972974,0.43356687,0.0013235062
2345,0.46741083,0.07745475,0.10896795,0.07050052,0.35844287,0.0069542304
2346,0.20692131,0.0263009,0.03833662,0.02852653,0.16858469,-0.00222563
2347,0.36302415,0.08392055,0.08880789,0.06727192,0.27421626,0.016648635
2348,0.46767965,0.08395012,0.09897378,0.06753438,0.36870587,0.016415738
2349,0.5085571,0.08569891,0.09191064,0.06273151,0.41664645,0.022967398
2350,0.3833804,0.075227626,0.062811494,0.04605465,0.32056892,0.029172976
2351,0.40740293,0.048574433,0.0818066,0.053975247,0.32559633,-0.005400814
2352,0.34221584,0.051723585,0.055806886,0.03616812,0.28640896,0.015555464
2353,0.52287835,0.07063002,0.07997209,0.05908614,0.44290626,0.011543881
2354,0.31830308,0.052289102,0.07372522,0.042600617,0.24457785,0.009688485
2355,0.35778365,0.018998943,0.04628474,0.03259897,0.3114989,-0.013600025
2356,0.2737997,0.06340156,0.07277382,0.05615958,0.20102587,0.0072419792
2357,0.35188952,0.09525928,0.110087745,0.08129236,0.24180177,0.013966918
2358,0.48168924,0.06945203,0.11965605,0.078335054,0.3620332,-0.008883022
2359,0.4357281,0.09744826,0.12886329,0.09128352,0.3068648,0.006164737
2360,0.44107598,0.07193281,0.087493286,0.06750493,0.35358268,0.00442788
2361,0.3875776,0.06925722,0.07090466,0.055306304,0.31667292,0.013950918
2362,0.27599922,0.02669964,0.054996725,0.03809294,0.22100249,-0.011393301
2363,0.5105124,0.087956645,0.13944194,0.099012606,0.37107047,-0.011055961
2364,0.38642934,0.047314905,0.07776206,0.055400357,0.30866727,-0.008085452
2365,0.43366396,0.056398038,0.08655762,0.06306766,0.34710634,-0.006669622
2366,0.55215603,0.05910081,0.08615056,0.056439012,0.46600547,0.0026617981
2367,0.43797755,0.044711612,0.08251429,0.053988963,0.35546327,-0.009277351
2368,0.3632298,0.09873126,0.056986865,0.042691816,0.30624294,0.05603944
2369,0.53687453,0.105518535,0.13436666,0.098160505,0.40250787,0.0073580295
2370,0.2919854,0.036279894,0.04828291,0.035117555,0.24370249,0.001162339
2371,0.5272838,0.08660502,0.10914892,0.08231731,0.41813487,0.0042877123
2372,0.49771297,0.08504941,0.10992364,0.08111444,0.38778934,0.003934972
2373,0.4883231,0.07144087,0.09607332,0.0685014,0.39224976,0.00293947
2374,0.4422467,0.076769486,0.073009394,0.049691137,0.3692373,0.02707835
2375,0.1233231,0.026894582,0.04600612,0.03620895,0.07731698,-0.009314368
2376,0.41709068,0.048190005,0.07386585,0.052992377,0.34322482,-0.0048023723
2377,0.47669828,0.038739223,0.08028324,0.052293587,0.39641505,-0.013554364
2378,0.5877137,0.06266328,0.10859519,0.07771205,0.47911853,-0.015048772
2379,0.4848423,0.061822005,0.07767561,0.050932072,0.4071667,0.0108899325
2380,0.51256335,0.050988995,0.08657029,0.05619183,0.42599306,-0.0052028373
2381,0.5444326,0.0010120076,0.028063348,0.017090678,0.5163692,-0.016078671
2382,0.28239623,0.050144542,0.05680186,0.040457465,0.22559437,0.009687077
2383,0.38708726,0.07034591,0.09956176,0.079150654,0.2875255,-0.008804746
2384,0.5491699,0.051070336,0.056850802,0.04166344,0.4923191,0.009406894
2385,0.48207918,0.008771981,0.025576888,0.017216798,0.4565023,-0.008444817
2386,0.57457566,0.08993057,0.103880234,0.072088555,0.47069544,0.017842017
2387,0.51263535,0.053185258,0.07162151,0.044660572,0.44101384,0.008524686
2388,0.41814813,0.07634373,0.0710869,0.05477459,0.34706122,0.02156914
2389,0.4942099,0.044933498,0.107200764,0.073887326,0.3870091,-0.028953828
2390,0.34598988,0.06853824,0.06648337,0.05113365,0.2795065,0.01740459
2391,0.31535995,0.018163718,0.0545498,0.038249932,0.26081014,-0.020086214
2392,0.3190375,0.042479023,0.0687856,0.05033672,0.2502519,-0.007857695
2393,0.27687037,0.024029806,0.035081457,0.025226891,0.24178891,-0.0011970848
2394,0.37831184,0.044386826,0.050503634,0.03587251,0.3278082,0.008514315
2395,0.63058835,0.029341768,0.027999282,0.02385326,0.6025891,0.0054885093
2396,0.48499608,0.03199558,0.06485463,0.045693655,0.42014146,-0.013698075
2397,0.4723021,0.05383356,0.085205615,0.059935793,0.3870965,-0.006102234
2398,0.36431578,0.08516989,0.11497721,0.08428479,0.24933857,0.0008850992
2399,0.5267554,0.06416094,0.0910133,0.0655565,0.43574208,-0.0013955534
2400,0.61602783,0.0942595,0.11555331,0.075558774,0.5004745,0.018700726
2401,0.3956097,0.032839004,0.05864797,0.04218032,0.33696175,-0.009341314
2402,0.36615342,0.034237493,0.05201978,0.034400545,0.31413364,-0.00016305223
2403,0.3193346,0.08391169,0.06953021,0.045279905,0.24980438,0.038631782
2404,0.3793326,0.043302227,0.07850256,0.055900108,0.30083004,-0.012597881
2405,0.40458035,0.057841226,0.07872096,0.05712185,0.3258594,0.0007193759
2406,0.37920964,0.04811573,0.08430877,0.056100987,0.29490086,-0.007985257
2407,0.24931939,0.048760414,0.062413715,0.047940575,0.18690568,0.00081983954
2408,0.5528372,0.0027438155,0.023468468,0.014829078,0.5293687,-0.012085263
2409,0.42017815,0.048709247,0.06597315,0.04556462,0.354205,0.0031446256
2410,0.31476215,0.048237577,0.08066443,0.05763849,0.23409772,-0.009400912
2411,0.51090735,0.078758374,0.07906736,0.057808205,0.43184,0.020950168
2412,0.3820498,0.07520491,0.06345704,0.04424211,0.31859276,0.030962799
2413,0.34489146,0.04804407,0.05734566,0.040528342,0.2875458,0.0075157285
2414,0.43479335,0.07266556,0.08739206,0.06250288,0.3474013,0.010162674
2415,0.42544603,0.040703952,0.054715935,0.041342568,0.3707301,-0.00063861534
2416,0.42457187,0.066901386,0.095555484,0.06984858,0.3290164,-0.0029471964
2417,0.39005616,0.03744766,0.06975511,0.051709708,0.32030106,-0.014262047
2418,0.6296684,0.09105448,0.13659908,0.094328634,0.49306935,-0.0032741576
2419,0.3815276,0.04557879,0.080013886,0.05621546,0.30151373,-0.010636672
2420,0.47474304,0.062362388,0.08569878,0.058933064,0.38904426,0.0034293234
2421,0.35827297,0.04025355,0.076515816,0.051082503,0.28175715,-0.010828953
2422,0.49194944,0.010177759,0.04038521,0.017730592,0.45156422,-0.0075528324
2423,0.24585761,0.03139017,0.052906226,0.03748909,0.19295138,-0.0060989186
2424,0.3239345,0.02761201,0.046845704,0.032663733,0.2770888,-0.0050517228
2425,0.38701716,0.041513983,0.069047324,0.049874667,0.31796983,-0.008360684
2426,0.63188416,0.09903989,0.12167303,0.09120538,0.5102111,0.007834509
2427,0.57551044,0.07049747,0.09668537,0.06328556,0.47882506,0.0072119087
2428,0.47868973,0.05717888,0.097997285,0.06750694,0.38069245,-0.010328058
2429,0.39944437,0.07341038,0.102488175,0.07286152,0.29695618,0.00054885447
2430,0.46460217,0.110300295,0.10113522,0.07168801,0.36346695,0.038612284
2431,0.62982696,0.106670454,0.13413998,0.10129074,0.49568698,0.005379714
2432,0.5139842,0.082930245,0.13664104,0.097175196,0.37734318,-0.014244951
2433,0.39725557,0.035644434,0.08595389,0.05177499,0.31130168,-0.016130555
2434,0.49448434,0.03712601,0.07599047,0.05201232,0.41849387,-0.014886312
2435,0.18451361,0.051218737,0.06781998,0.051587593,0.11669363,-0.0003688559
2436,0.4456445,0.039579634,0.06954143,0.049310397,0.37610307,-0.009730764
2437,0.4101461,0.04994531,0.074400336,0.054538757,0.33574575,-0.004593447
2438,0.47569296,0.056662578,0.086783946,0.05043018,0.388909,0.0062323995
2439,0.37620527,0.0457656,0.066942275,0.050644893,0.309263,-0.004879292
2440,0.5644721,0.1411321,0.19579248,0.11314116,0.36867958,0.027990945
2441,0.36753067,0.03029248,0.05358347,0.038160354,0.3139472,-0.007867875
2442,0.32013983,0.06549351,0.09596075,0.07198551,0.22417907,-0.006492004
2443,0.39040184,0.05647648,0.09333063,0.069782354,0.29707122,-0.013305873
2444,0.45693415,0.060746506,0.09091145,0.069091976,0.3660227,-0.00834547
2445,0.42020515,0.089941666,0.104992874,0.08015735,0.31521228,0.0097843185
2446,0.6689083,0.121104605,0.14122434,0.09609293,0.527684,0.025011674
2447,0.40646055,0.044807103,0.058870543,0.04499178,0.34759,-0.00018467754
2448,0.30929416,0.018171588,0.042014375,0.025593437,0.2672798,-0.0074218493
2449,0.49410954,0.08657783,0.10110927,0.07345325,0.39300027,0.013124585
2450,0.28949153,0.09304813,0.068414256,0.047579627,0.22107728,0.045468505
2451,0.5822988,0.06081461,0.087741405,0.057205275,0.4945574,0.003609337
2452,0.11160127,0.02914766,0.029892266,0.017636271,0.081709005,0.011511389
2453,0.6732874,0.052820254,0.06455387,0.04978355,0.60873353,0.003036704
2454,0.44911048,0.028151935,0.10403205,0.058085628,0.34507844,-0.029933693
2455,0.38483354,0.032122962,0.051917847,0.039511725,0.3329157,-0.007388763
2456,0.40241253,0.03850367,0.02279577,0.011875165,0.37961677,0.026628505
2457,0.48672175,0.024603091,0.09140675,0.04660587,0.395315,-0.022002779
2458,0.4179962,0.040856034,0.04411762,0.033005062,0.37387857,0.007850971
2459,0.44667077,0.06334305,0.07998864,0.05607663,0.3666821,0.007266417
2460,0.51923573,0.067041986,0.08722768,0.06730561,0.43200806,-0.0002636239
2461,0.33655024,0.062392287,0.072098665,0.052834556,0.26445156,0.009557731
2462,0.4090632,0.049873535,0.0885554,0.055365987,0.3205078,-0.0054924525
2463,0.37714806,0.041300252,0.05953113,0.04341727,0.31761694,-0.0021170191
2464,0.18942384,0.07063408,0.069912486,0.049040474,0.11951136,0.021593608
2465,0.5026765,0.08268125,0.10298023,0.07592422,0.39969626,0.006757036
2466,0.4036939,0.052737698,0.07474243,0.051673565,0.32895148,0.0010641329
2467,0.46043786,0.08269404,0.100069515,0.07556303,0.36036834,0.0071310103
2468,0.41558072,0.0021274763,0.06354011,0.04194461,0.35204062,-0.039817136
2469,0.37101787,0.03363888,0.051943913,0.032941487,0.31907398,0.00069739297
2470,0.45108715,0.039735563,0.07386989,0.05043925,0.37721726,-0.010703687
2471,0.45447963,0.08825208,0.097971246,0.06351871,0.35650837,0.024733372
2472,0.3370899,0.055064492,0.07864519,0.05776117,0.2584447,-0.002696678
2473,0.4928825,0.066753715,0.10801009,0.08256551,0.3848724,-0.015811794
2474,0.46871838,0.09057552,0.09177864,0.067502394,0.37693974,0.02307313
2475,0.22904453,0.045550317,0.05475572,0.040672984,0.17428881,0.0048773326
2476,0.46311915,0.047936477,0.07246438,0.05188853,0.39065477,-0.0039520524
2477,0.5072123,0.06366495,0.10208233,0.07384569,0.40512997,-0.010180742
2478,0.55505246,0.08001769,0.10956567,0.08171801,0.44548678,-0.0017003193
2479,0.5110759,0.048332464,0.06942131,0.048877154,0.4416546,-0.0005446896
2480,0.4726191,0.08026595,0.08521442,0.05919388,0.38740468,0.021072067
2481,0.2859419,0.04275436,0.051840845,0.035627853,0.23410106,0.0071265064
2482,0.4741693,0.0897745,0.11651689,0.0747483,0.35765243,0.015026197
2483,0.56876534,0.042497966,0.06713479,0.049398087,0.50163054,-0.0069001205
2484,0.44308695,0.03181539,0.06342989,0.039325397,0.37965706,-0.0075100064
2485,0.34054494,0.093366936,0.1143872,0.094290145,0.22615774,-0.0009232089
2486,0.50444794,0.09034167,0.09489205,0.071643025,0.40955588,0.018698648
2487,0.6391814,0.07956382,0.13659184,0.08705433,0.5025895,-0.0074905083
2488,0.6283715,0.056255657,0.0967836,0.07027915,0.5315879,-0.014023494
2489,0.40050662,0.049523212,0.0811454,0.058828052,0.3193612,-0.00930484
2490,0.507988,0.058736853,0.09112156,0.06432507,0.41686642,-0.0055882186
2491,0.45625526,0.03970046,0.0636753,0.046210106,0.39257997,-0.006509647
2492,0.5408029,0.06879774,0.07297629,0.05068959,0.4678266,0.018108148
2493,0.51369226,0.066490345,0.11727701,0.084743,0.39641523,-0.018252656
2494,0.45619327,0.04803563,0.083971,0.05571605,0.37222227,-0.00768042
2495,0.65989834,0.065050535,0.117121,0.082968704,0.54277736,-0.01791817
2496,0.50944924,0.07488887,0.054066457,0.035300747,0.4553828,0.039588124
2497,0.28785217,0.059919912,0.059906274,0.043503664,0.2279459,0.016416248
2498,0.4295074,0.07802849,0.08133196,0.06198323,0.34817544,0.016045261
2499,0.50919855,0.04637331,0.08205986,0.057783972,0.4271387,-0.011410661
2500,0.15850228,0.032719895,0.0425211,0.03042273,0.11598118,0.0022971649
2501,0.35352644,0.03416716,0.047410145,0.03366779,0.30611628,0.0004993677
2502,0.37583908,0.0579031,0.057897326,0.03624095,0.31794176,0.02166215
2503,0.48219612,0.05880226,0.09349962,0.06756361,0.3886965,-0.00876135
2504,0.5127939,0.06230204,0.08553448,0.06247905,0.42725942,-0.00017700717
2505,0.3483991,0.074055895,0.11507715,0.073320724,0.23332195,0.00073517114
2506,0.3810686,0.08297539,0.08007955,0.05371501,0.30098903,0.029260378
2507,0.54716605,0.10485386,0.11979365,0.08548271,0.4273724,0.019371152
2508,0.33538872,0.048399046,0.09086171,0.058924437,0.24452701,-0.0105253905
2509,0.7602686,0.122646496,0.17547357,0.1324284,0.58479506,-0.009781897
2510,0.5697225,0.05603911,0.09214503,0.06987241,0.47757745,-0.013833299
2511,0.45679203,0.057402834,0.101444036,0.07512485,0.355348,-0.017722018
2512,0.43889976,0.10317992,0.11651106,0.088544495,0.3223887,0.014635421
2513,0.38871408,0.070446365,0.081088945,0.051506616,0.30762511,0.018939748
2514,0.47913724,0.048290465,0.08691017,0.05675362,0.39222705,-0.0084631555
2515,0.50081205,-0.008954572,0.034899347,0.017480452,0.4659127,-0.026435023
2516,0.61518615,0.00015402808,0.024939623,0.015167299,0.59024656,-0.015013271
2517,0.4233887,0.049011346,0.064123504,0.049465016,0.35926518,-0.00045366958
2518,0.56357723,0.10557755,0.11088607,0.07836303,0.45269117,0.02721452
2519,0.4473601,0.058864344,0.077996805,0.058247346,0.3693633,0.0006169975
2520,0.4373068,0.059618544,0.075900346,0.060887236,0.36140645,-0.0012686923
2521,0.37442318,0.071173586,0.04690331,0.031534635,0.32751986,0.03963895
2522,0.3718208,0.034037177,0.08001078,0.050565995,0.29181004,-0.016528819
2523,0.29204556,0.06305388,0.061768074,0.038205456,0.2302775,0.024848428
2524,0.6550483,0.01759973,0.0380491,0.022783032,0.6169992,-0.005183302
2525,0.47341028,0.07036186,0.109008245,0.06636958,0.36440203,0.003992282
2526,0.39983585,0.014278831,0.0692401,0.04294486,0.33059576,-0.028666029
2527,0.43404245,0.108801216,0.11805855,0.0948746,0.3159839,0.013926618
2528,0.44325167,0.09442034,0.083161786,0.065569684,0.3600899,0.02885066
2529,0.5278676,0.076970026,0.13525406,0.10112865,0.39261356,-0.024158627
2530,0.49405652,0.0652112,0.092542134,0.06918573,0.40151438,-0.003974527
2531,0.4674938,0.07491903,0.11395696,0.08097393,0.35353684,-0.0060549006
2532,0.33179802,0.06092022,0.07418603,0.05220241,0.257612,0.008717809
2533,0.4794035,0.019253489,0.056949075,0.036310107,0.42245442,-0.017056618
2534,0.3528397,0.029505396,0.06777107,0.049294747,0.28506863,-0.019789351
2535,0.29410788,0.03514349,0.062424477,0.04244908,0.2316834,-0.0073055886
2536,0.5403309,0.03519846,0.06576819,0.044972654,0.4745627,-0.009774193
2537,0.35856405,0.04854689,0.07852751,0.0584764,0.28003654,-0.009929508
2538,0.5482867,0.014092997,0.03210516,0.023557078,0.5161815,-0.009464081
2539,0.46936107,0.047934648,0.07480495,0.05333612,0.3945561,-0.0054014735
2540,0.45198864,0.04718745,0.07411352,0.051030703,0.37787512,-0.0038432516
2541,0.38904873,0.06814998,0.07228204,0.055763803,0.31676668,0.012386173
2542,0.58267766,0.0852849,0.10223168,0.073935926,0.48044598,0.011348978
2543,0.46291387,0.038893033,0.062879354,0.04701931,0.40003452,-0.0081262775
2544,0.5015183,0.04085948,0.07232824,0.052894905,0.42919007,-0.012035426
2545,0.608978,0.031930257,0.05698787,0.036195375,0.5519901,-0.0042651184
2546,0.4266352,0.06686073,0.07537682,0.055034123,0.3512584,0.011826605
2547,0.57972836,0.069473,0.0904339,0.068228886,0.48929447,0.0012441128
2548,0.5041443,0.04839643,0.076485,0.052753735,0.4276593,-0.0043573044
2549,0.35688394,0.07032746,0.06722136,0.04220606,0.2896626,0.0281214
2550,0.5520809,0.041918874,0.08674431,0.06239816,0.46533662,-0.020479288
2551,0.41570374,0.04360496,0.06684253,0.044640955,0.34886122,-0.0010359958
2552,0.34848124,0.04800788,0.05679567,0.03355494,0.29168558,0.014452938
2553,0.5079104,0.06720319,0.10213457,0.06449785,0.4057758,0.0027053356
2554,0.5964343,0.084346175,0.111891925,0.073471226,0.48454237,0.010874949
2555,0.40782553,0.070660956,0.08738533,0.05862386,0.3204402,0.012037095
2556,0.5537713,0.045363802,0.08094621,0.054792747,0.4728251,-0.009428944
2557,0.36281776,0.05210339,0.054933354,0.039533045,0.3078844,0.012570344
2558,0.54394263,0.08793534,0.14402968,0.10242948,0.39991295,-0.014494136
2559,0.460949,0.056148678,0.08938108,0.068191506,0.37156793,-0.012042828
