feature_idx,seq_effect_obs,struct_effect_obs,seq_effect_shuffle,struct_effect_shuffle,seq_delta,struct_delta
0,0.49468148,0.10048348,0.13162121,0.09249488,0.36306027,0.0079885945
1,0.49163362,0.08274709,0.13856134,0.08485255,0.3530723,-0.0021054596
2,0.46300045,0.09983779,0.104990676,0.07752207,0.35800976,0.022315718
3,0.49150723,0.06585787,0.09843542,0.070143774,0.39307183,-0.004285902
4,0.28283086,0.053402495,0.07374458,0.050673157,0.20908628,0.0027293377
5,0.63462484,0.14157228,0.15056804,0.124078415,0.4840568,0.017493866
6,0.5956614,0.15320209,0.1698806,0.12859055,0.4257808,0.024611533
7,0.43120268,0.050221838,0.096126534,0.062354933,0.33507615,-0.012133095
8,0.4070702,0.06479664,0.08096019,0.056182124,0.32611,0.008614518
9,0.49309328,0.13279387,0.15589608,0.116422035,0.33719718,0.016371839
10,0.5313251,0.12737308,0.17812778,0.13344857,0.35319734,-0.0060754865
11,0.38532877,0.015184023,0.03153594,0.020936752,0.35379285,-0.0057527283
12,0.42387432,0.054014053,0.062882006,0.0499718,0.3609923,0.004042253
13,0.39147422,0.07683428,0.1281498,0.08778056,0.26332444,-0.010946281
14,0.40594926,0.046239294,0.0842162,0.05492391,0.32173306,-0.008684617
15,0.4523051,0.034901787,0.07664107,0.05110067,0.37566406,-0.016198885
16,0.52264804,0.11137781,0.13438411,0.09775972,0.38826394,0.013618089
17,0.531052,0.11803065,0.13994619,0.113308966,0.3911058,0.0047216862
18,0.48455936,0.09599755,0.092661396,0.07165744,0.39189798,0.024340108
19,0.4965989,0.062686354,0.090058245,0.060730077,0.40654066,0.0019562766
20,0.37527755,0.07257707,0.08605756,0.06301424,0.28921998,0.009562828
21,0.45990014,0.040803324,0.10274315,0.07565127,0.357157,-0.03484795
22,0.45542347,0.066082455,0.103125975,0.07306476,0.35229748,-0.006982304
23,0.49164551,0.06051708,0.10547279,0.07369098,0.3861727,-0.013173901
24,0.49752772,0.102827415,0.14304225,0.09753777,0.35448545,0.005289644
25,0.34145376,0.038351957,0.046717886,0.04282319,0.29473588,-0.004471235
26,0.47613296,0.06446383,0.10031164,0.072839595,0.37582132,-0.008375764
27,0.39920208,0.03892993,0.07733015,0.053845685,0.32187194,-0.014915753
28,0.389253,0.06812872,0.1023501,0.07120091,0.2869029,-0.0030721873
29,0.39697057,0.07022339,0.099517204,0.06770609,0.29745337,0.0025172979
30,0.5112492,0.1476295,0.1462783,0.1005893,0.36497086,0.0470402
31,0.51921535,0.08263182,0.103468135,0.0806946,0.41574723,0.001937218
32,0.48486084,0.08648834,0.105539486,0.07934812,0.37932134,0.007140219
33,0.42381498,0.093087,0.12186968,0.09038203,0.3019453,0.0027049705
34,0.45538867,0.09876573,0.14607604,0.10329306,0.30931264,-0.0045273304
35,0.4039742,0.062348254,0.0812531,0.05851992,0.32272112,0.0038283356
36,0.49880078,0.0971131,0.13465548,0.09540567,0.3641453,0.0017074347
37,0.4681179,0.07228579,0.10925537,0.07628083,0.35886252,-0.0039950386
38,0.38581952,0.09516684,0.12736613,0.0957171,0.2584534,-0.00055026263
39,0.65716714,0.06598134,0.13514575,0.09646825,0.5220214,-0.030486904
40,0.3150416,0.05951004,0.076073006,0.0510512,0.2389686,0.008458842
41,0.5355579,0.10485051,0.09936889,0.073829085,0.43618903,0.031021424
42,0.5552284,0.07382318,0.12385328,0.090935245,0.43137515,-0.017112069
43,0.4881513,0.08722132,0.115418136,0.094919875,0.37273318,-0.0076985583
44,0.42904896,0.0954202,0.13485233,0.09312772,0.2941966,0.0022924766
45,0.5419062,0.119341835,0.13539563,0.09665026,0.40651053,0.022691578
46,0.5479822,0.16133726,0.18475303,0.14282307,0.3632292,0.018514186
47,0.31660566,0.048385806,0.06394933,0.045855235,0.25265634,0.002530571
48,0.4958501,0.07033508,0.12408934,0.085990176,0.37176076,-0.015655093
49,0.13252418,0.021690877,0.028668463,0.023799066,0.103855714,-0.0021081883
50,0.36860803,0.07419344,0.11912248,0.08811631,0.24948555,-0.01392287
51,0.3876013,0.096306965,0.14298168,0.10505843,0.24461961,-0.008751467
52,0.4330421,0.07874042,0.10252385,0.078700624,0.33051825,3.979355e-05
53,0.41291785,0.064938426,0.089422174,0.062158845,0.3234957,0.0027795807
54,0.44754016,0.08093607,0.1038115,0.08068135,0.34372866,0.00025472045
55,0.3692831,0.12897323,0.13871956,0.098216094,0.23056355,0.030757137
56,0.57361084,0.06886429,0.14706534,0.100413844,0.4265455,-0.03154955
57,0.52213776,0.07432185,0.11254072,0.08393574,0.40959704,-0.0096138865
58,0.49350363,0.05737988,0.10042602,0.063896164,0.3930776,-0.0065162852
59,0.4195038,0.05434311,0.11171373,0.08051671,0.30779007,-0.026173599
60,0.46370655,0.029003086,0.09676387,0.055413537,0.36694267,-0.026410451
61,0.36278054,0.035089035,0.082635894,0.057925444,0.28014463,-0.02283641
62,0.65886784,0.16748936,0.18556085,0.14284149,0.47330698,0.024647877
63,0.4935779,0.09481858,0.123198435,0.094291754,0.37037945,0.0005268231
64,0.46704215,0.08055554,0.120319806,0.08964631,0.34672233,-0.009090766
65,0.39130387,0.07599794,0.08738285,0.06980982,0.303921,0.0061881244
66,0.5557458,0.11106551,0.14787479,0.11129973,0.407871,-0.0002342239
67,0.5494678,0.09388824,0.12924576,0.09849508,0.42022204,-0.004606843
68,0.4075705,0.09290571,0.11017201,0.08431254,0.2973985,0.008593164
69,0.39940456,0.061356403,0.120600745,0.08738211,0.27880383,-0.026025705
70,0.39069644,0.075442806,0.10160999,0.065225855,0.28908646,0.010216951
71,0.44493192,0.085521236,0.096954584,0.06508611,0.34797734,0.020435125
72,0.3709373,0.062005952,0.104271114,0.060275875,0.26666617,0.001730077
73,0.6243009,0.090624094,0.15738848,0.10738976,0.46691242,-0.016765669
74,0.4393786,0.08382294,0.096035674,0.07040059,0.3433429,0.013422355
75,0.49950954,0.098749325,0.13406035,0.097359076,0.3654492,0.0013902485
76,0.48625305,0.0903547,0.10270844,0.07686172,0.38354462,0.013492987
77,0.61341494,0.12963167,0.15977722,0.122030854,0.45363772,0.007600814
78,0.6068226,0.12005589,0.16081199,0.11751236,0.44601062,0.0025435314
79,0.42586437,0.077906035,0.105591044,0.07249804,0.32027334,0.0054079965
80,0.4999252,0.09909525,0.12300502,0.088844344,0.37692016,0.010250904
81,0.350032,0.069576405,0.08491813,0.05885749,0.2651139,0.010718916
82,0.4333632,0.07371038,0.12374564,0.07577285,0.30961755,-0.0020624697
83,0.48143986,0.13779548,0.17437342,0.13771541,0.30706644,8.006394e-05
84,0.52175593,0.08532072,0.12667856,0.09571467,0.39507738,-0.010393955
85,0.37288225,0.06768104,0.11634202,0.08195279,0.25654024,-0.014271751
86,0.47612,0.06302239,0.095371485,0.06499812,0.3807485,-0.00197573
87,0.40001792,0.103281446,0.1111208,0.0909642,0.28889713,0.012317248
88,0.47977397,0.11147933,0.13072224,0.09225689,0.3490517,0.019222438
89,0.6264935,0.12967129,0.18775919,0.13926274,0.43873432,-0.009591445
90,0.60070485,0.13436885,0.17040466,0.13185568,0.43030018,0.0025131702
91,0.5328302,0.0882686,0.106713474,0.08175532,0.4261167,0.0065132827
92,0.30472985,0.061890382,0.08487809,0.057091165,0.21985176,0.004799217
93,0.40678644,0.051044337,0.10107185,0.0705956,0.3057146,-0.019551262
94,0.35137555,0.054554068,0.077153705,0.05099731,0.27422184,0.0035567582
95,0.34935275,0.08072853,0.100796804,0.07534598,0.24855594,0.0053825527
96,0.4830086,0.09105812,0.105141915,0.0819609,0.3778667,0.0090972185
97,0.61378,0.112659425,0.16587685,0.1197348,0.44790316,-0.007075377
98,0.33595413,0.03591854,0.06845079,0.05014909,0.26750332,-0.014230549
99,0.6632618,0.1317686,0.1984895,0.1452757,0.46477228,-0.013507098
100,0.5017925,0.051526096,0.07877618,0.050993256,0.4230163,0.00053283945
101,0.4586306,0.09929371,0.12073462,0.082605064,0.337896,0.016688645
102,0.4699386,0.11763213,0.1422153,0.10603849,0.32772332,0.01159364
103,0.46808296,0.10146901,0.11355536,0.08105872,0.3545276,0.020410292
104,0.4470345,0.11738751,0.13351278,0.09799412,0.31352174,0.019393392
105,0.5086306,0.089125864,0.07946472,0.061756503,0.42916584,0.027369361
106,0.4907041,0.13693647,0.1445153,0.099673115,0.34618878,0.037263356
107,0.46317512,0.084707305,0.10964316,0.08055631,0.35353196,0.004150994
108,0.51929355,0.09467316,0.13567013,0.088779405,0.38362342,0.005893752
109,0.44524693,0.06869839,0.0948808,0.06256249,0.35036615,0.0061359033
110,0.56323564,0.09138206,0.13817784,0.094198726,0.4250578,-0.0028166696
111,0.62971556,0.08905304,0.120942995,0.089072496,0.50877255,-1.9453466e-05
112,0.531981,0.06338079,0.102674104,0.06738643,0.4293069,-0.0040056407
113,0.4739012,0.15475316,0.1290762,0.10121574,0.34482503,0.05353742
114,0.50206304,0.06369953,0.102750316,0.06831543,0.39931273,-0.004615903
115,0.4671168,0.06504259,0.11005684,0.081247926,0.35705996,-0.016205333
116,0.48596588,0.072927,0.094416164,0.07399273,0.3915497,-0.001065731
117,0.5514291,0.097671285,0.11583588,0.08184532,0.43559322,0.015825965
118,0.28934035,0.05665376,0.06566704,0.05297134,0.22367331,0.0036824197
119,0.49126214,0.12465344,0.14182867,0.11031941,0.34943348,0.01433403
120,0.43954518,0.057447914,0.095359996,0.066989265,0.34418517,-0.009541351
121,0.48507273,0.13274162,0.13462786,0.10460137,0.35044485,0.028140247
122,0.5284201,0.07021357,0.11786761,0.085567206,0.41055247,-0.015353635
123,0.49872905,0.15379778,0.15348819,0.10274138,0.34524086,0.051056392
124,0.5298865,0.11097909,0.14153117,0.11282791,0.3883553,-0.0018488243
125,0.4334545,0.061673917,0.08103727,0.058048952,0.35241723,0.0036249645
126,0.35776788,0.06659854,0.07833521,0.056402635,0.27943265,0.010195907
127,0.47873893,0.09244357,0.12698367,0.087925196,0.35175526,0.004518375
128,0.5660796,0.12291408,0.16666362,0.12956269,0.399416,-0.0066486076
129,0.50773394,0.086474724,0.09017696,0.06673652,0.41755697,0.019738205
130,0.57275987,0.06770243,0.11404316,0.07689212,0.4587167,-0.009189695
131,0.52218777,0.08216702,0.12410966,0.09726019,0.3980781,-0.01509317
132,0.42390776,0.04944957,0.11007891,0.074403346,0.31382886,-0.024953775
133,0.55866975,0.10898238,0.106769815,0.08066387,0.45189995,0.02831851
134,0.5647457,0.062424894,0.11017481,0.08072005,0.45457092,-0.018295158
135,0.42866933,0.08677537,0.12444516,0.087548934,0.30422416,-0.000773564
136,0.3552381,0.040060274,0.07477725,0.054166306,0.28046086,-0.0141060315
137,0.3984261,0.04561065,0.08457379,0.061748646,0.3138523,-0.016137995
138,0.48390648,0.076439336,0.11867832,0.084616095,0.36522818,-0.008176759
139,0.42438677,0.04731971,0.07940935,0.052825343,0.3449774,-0.0055056326
140,0.5637951,0.15605107,0.16368239,0.124357484,0.4001127,0.031693585
141,0.42740306,0.067573115,0.09327539,0.070751816,0.33412766,-0.0031787008
142,0.22477028,0.029970232,0.07143007,0.04707051,0.1533402,-0.017100278
143,0.44268703,0.07528584,0.1128554,0.0806752,0.32983163,-0.0053893626
144,0.5003401,0.04401552,0.06920904,0.05189059,0.43113106,-0.00787507
145,0.47867996,0.08718484,0.10941478,0.0866575,0.36926517,0.0005273372
146,0.4208687,0.09179063,0.13439985,0.0974799,0.28646886,-0.005689271
147,0.48776492,0.11128193,0.14170918,0.11299976,0.34605575,-0.0017178282
148,0.28484967,0.052139673,0.07324187,0.056522656,0.21160781,-0.004382983
149,0.42253408,0.05992994,0.09512889,0.0673285,0.32740518,-0.007398557
150,0.6811166,0.13807857,0.18437059,0.12945981,0.496746,0.008618757
151,0.38193747,0.061117582,0.08442471,0.059607327,0.29751277,0.001510255
152,0.48613903,0.1366161,0.13026622,0.10081235,0.3558728,0.035803743
153,0.65239215,0.14625019,0.11948941,0.09157576,0.5329027,0.05467443
154,0.42845795,0.0663814,0.15675803,0.09821938,0.2716999,-0.031837977
155,0.41031384,0.100511365,0.115255274,0.08897988,0.29505858,0.011531487
156,0.49026218,0.058657996,0.10587554,0.07450128,0.38438666,-0.015843287
157,0.592671,0.09845102,0.104041204,0.07299975,0.48862976,0.025451265
158,0.36773264,0.01448776,0.03252886,0.021094065,0.3352038,-0.006606305
159,0.49082395,0.093801595,0.12754506,0.093504086,0.3632789,0.00029750913
160,0.33963543,0.07914021,0.078427956,0.053019255,0.26120746,0.026120953
161,0.3242805,0.047293086,0.070256755,0.0452407,0.25402373,0.0020523854
162,0.4248158,0.08692277,0.10481522,0.08490098,0.3200006,0.0020217896
163,0.63133615,0.11383601,0.14893362,0.115958534,0.48240253,-0.0021225214
164,0.49507716,0.07698288,0.11841235,0.08920619,0.37666482,-0.012223311
165,0.3990437,0.04918699,0.09749286,0.063806646,0.30155087,-0.014619656
166,0.42230234,0.09348273,0.11036525,0.0852112,0.3119371,0.00827153
167,0.3869216,0.055974055,0.07865127,0.056601625,0.30827034,-0.00062756985
168,0.25467542,0.05388634,0.07649039,0.05470749,0.17818503,-0.00082115084
169,0.3987648,0.10931896,0.14249262,0.1073847,0.25627217,0.0019342601
170,0.5141948,0.08956091,0.10918222,0.087716825,0.40501255,0.0018440858
171,0.39506644,0.05461606,0.11097667,0.063161254,0.28408977,-0.008545194
172,0.47603574,0.1275092,0.14152277,0.108008705,0.33451298,0.019500501
173,0.50806886,0.08260136,0.1103773,0.07798185,0.39769155,0.004619509
174,0.4230848,0.08941669,0.12005894,0.087888576,0.30302584,0.0015281141
175,0.45400277,0.041692946,0.09699966,0.06641917,0.3570031,-0.024726223
176,0.3306682,0.058968917,0.103502594,0.06934176,0.22716561,-0.01037284
177,0.5414808,0.1022296,0.11806206,0.07359952,0.42341873,0.028630085
178,0.5280306,0.08041445,0.09495821,0.06210823,0.43307236,0.018306222
179,0.55743635,0.049656294,0.12557465,0.07846656,0.4318617,-0.028810263
180,0.43628597,0.07783523,0.11160903,0.08181848,0.32467693,-0.0039832443
181,0.48901266,0.044104572,0.11278714,0.08187747,0.37622553,-0.037772898
182,0.5907888,0.13258299,0.14985332,0.11142077,0.44093546,0.02116222
183,0.42639908,0.09870098,0.110972226,0.08290808,0.31542686,0.015792899
184,0.46987072,0.050916996,0.11144396,0.073105834,0.35842675,-0.022188839
185,0.47403514,0.104872875,0.109555975,0.09157927,0.36447918,0.013293602
186,0.4878251,0.085626,0.105484664,0.07088918,0.38234043,0.014736816
187,0.461629,0.0835035,0.115940906,0.08560037,0.3456881,-0.002096869
188,0.5050861,0.07546529,0.100614145,0.0767455,0.404472,-0.0012802109
189,0.57257694,0.15056063,0.18136665,0.13481906,0.3912103,0.015741572
190,0.41736174,0.13132742,0.17741966,0.13035679,0.23994207,0.00097063184
191,0.4174326,0.08019621,0.10357785,0.0663597,0.31385475,0.0138365105
192,0.46890047,0.0798289,0.10679726,0.07419269,0.36210322,0.005636215
193,0.47735563,0.0972552,0.14820561,0.093842536,0.32915002,0.003412664
194,0.43134505,0.07271335,0.109682485,0.062645994,0.32166255,0.010067359
195,0.3853008,0.050930995,0.083557144,0.059220243,0.30174363,-0.008289248
196,0.4582902,0.05234278,0.10987407,0.07322425,0.34841612,-0.020881467
197,0.41699204,0.080682464,0.11841951,0.09276156,0.29857254,-0.012079097
198,0.3837303,0.08495936,0.12277063,0.08111064,0.26095966,0.0038487166
199,0.54172087,0.06612748,0.097363956,0.06689919,0.44435692,-0.0007717088
200,0.5252706,0.10161636,0.12299959,0.09528982,0.40227097,0.0063265413
201,0.42303717,0.07158905,0.109368004,0.07471608,0.31366917,-0.003127031
202,0.5050598,0.09048698,0.13185023,0.094887316,0.37320954,-0.0044003353
203,0.64505976,0.13920663,0.20028582,0.15755263,0.44477394,-0.018345997
204,0.47533625,0.12390131,0.111637235,0.07123254,0.36369902,0.052668765
205,0.5313525,0.09812636,0.15798329,0.11538968,0.37336922,-0.017263323
206,0.4790273,0.16058356,0.20350198,0.14236379,0.27552533,0.018219769
207,0.50591844,0.122351065,0.1132758,0.086517505,0.39264265,0.03583356
208,0.45771366,0.08077521,0.10133402,0.07477519,0.35637963,0.0060000196
209,0.47785544,0.07208506,0.123191714,0.0882618,0.35466373,-0.016176738
210,0.6038845,0.11569433,0.15778133,0.124153234,0.4461032,-0.008458905
211,0.35367876,0.07734215,0.08765993,0.064201415,0.26601884,0.013140738
212,0.535706,0.086395346,0.14260659,0.09653301,0.3930994,-0.010137662
213,0.39994287,0.10553344,0.10162115,0.079056844,0.29832172,0.0264766
214,0.36201876,0.102814265,0.089914285,0.06522778,0.27210447,0.037586488
215,0.5655948,0.13386448,0.15026656,0.10264764,0.41532823,0.031216837
216,0.45834273,0.11716285,0.12548423,0.09587276,0.3328585,0.021290094
217,0.4536133,0.09617271,0.13618845,0.09634659,0.31742486,-0.0001738742
218,0.41541514,0.08371478,0.09017113,0.06468706,0.325244,0.019027725
219,0.58191764,0.101913005,0.15430012,0.10288727,0.42761752,-0.0009742677
220,0.38781622,0.060087346,0.087954104,0.059617758,0.29986212,0.00046958774
221,0.21633945,0.018443635,0.041975055,0.031452052,0.1743644,-0.013008418
222,0.68348527,0.079880886,0.12928417,0.09629293,0.5542011,-0.016412042
223,0.6116613,0.15251295,0.13600394,0.10607672,0.47565737,0.046436235
224,0.41911167,0.059419062,0.0843657,0.052737366,0.33474597,0.0066816956
225,0.54408216,0.0960082,0.13590197,0.093779795,0.40818018,0.0022284016
226,0.5710174,0.078577235,0.141295,0.098794095,0.42972237,-0.02021686
227,0.52314407,0.08307355,0.1327593,0.09438111,0.39038476,-0.01130756
228,0.45041436,0.11872531,0.1613827,0.113364145,0.28903165,0.005361162
229,0.3286626,0.04391325,0.09655672,0.07029005,0.23210588,-0.026376802
230,0.49429694,0.07439253,0.12101634,0.08931987,0.37328058,-0.0149273425
231,0.4143541,0.08395767,0.10390045,0.08084335,0.31045365,0.0031143203
232,0.46079025,0.09261471,0.10830128,0.08194645,0.35248896,0.010668263
233,0.47396377,0.08675354,0.09366054,0.073222704,0.38030323,0.0135308355
234,0.4007561,0.07103393,0.08947709,0.0636104,0.311279,0.007423535
235,0.4476793,0.0678271,0.09876196,0.07234539,0.34891737,-0.004518293
236,0.41062927,0.09278559,0.11690857,0.08433709,0.2937207,0.008448496
237,0.33148277,0.084579185,0.112981096,0.094904765,0.21850167,-0.010325581
238,0.4465425,0.047055896,0.09892528,0.074972816,0.3476172,-0.02791692
239,0.45109197,0.09907341,0.09913227,0.078407966,0.3519597,0.020665444
240,0.49087402,0.08059731,0.13535592,0.095186576,0.3555181,-0.014589265
241,0.48844025,0.09505758,0.10938211,0.07111172,0.37905812,0.02394586
242,0.4021514,0.088179745,0.09686402,0.07404181,0.3052874,0.014137931
243,0.5207906,0.08435243,0.12637798,0.09293621,0.39441258,-0.008583777
244,0.44978207,0.066588305,0.11019627,0.079616114,0.3395858,-0.01302781
245,0.48614025,0.057128556,0.09254901,0.06931672,0.39359123,-0.012188166
246,0.49421027,0.08392123,0.117737904,0.08170752,0.37647235,0.002213709
247,0.3692166,0.0815493,0.09298834,0.06923817,0.27622825,0.012311131
248,0.4007265,0.11330291,0.132732,0.10808907,0.2679945,0.005213842
249,0.3865426,0.08451368,0.106825314,0.069404855,0.27971727,0.015108824
250,0.36577076,0.04034557,0.06671702,0.052394193,0.29905373,-0.012048624
251,0.45326337,0.06666213,0.11129854,0.07790755,0.34196484,-0.011245415
252,0.442702,0.025936041,0.08039179,0.056877594,0.3623102,-0.030941553
253,0.4082814,0.092418686,0.107834145,0.07262117,0.30044723,0.019797519
254,0.39629075,0.09121225,0.122043684,0.08572585,0.27424705,0.005486399
255,0.56077427,0.07927326,0.1325858,0.09772466,0.42818847,-0.0184514
256,0.43301433,0.09077435,0.11427097,0.08466258,0.31874335,0.006111771
257,0.4711587,0.12925576,0.13786791,0.102619216,0.33329082,0.02663654
258,0.46178117,0.10280665,0.13857563,0.10514261,0.32320553,-0.0023359582
259,0.49433887,0.05500269,0.07320457,0.055294476,0.4211343,-0.0002917871
260,0.41964406,0.094548985,0.09960447,0.0740139,0.32003957,0.02053509
261,0.14928746,0.02822957,0.056990124,0.042513184,0.09229734,-0.014283614
262,0.4316475,0.049194466,0.077189565,0.057837613,0.35445794,-0.008643147
263,0.52426326,0.085377455,0.11971035,0.08558954,0.4045529,-0.00021208823
264,0.44785485,0.08738324,0.11713642,0.07589654,0.33071843,0.011486702
265,0.36180487,0.06721543,0.091267616,0.06367054,0.27053726,0.0035448894
266,0.5957292,0.075277306,0.12663017,0.08858185,0.469099,-0.0133045465
267,0.51955885,0.0746811,0.109866,0.07586981,0.40969285,-0.0011887103
268,0.3721248,0.06699465,0.10927097,0.07776574,0.26285383,-0.010771088
269,0.33977273,0.101358585,0.11339551,0.08694054,0.22637722,0.014418043
270,0.43731812,0.06869461,0.09302065,0.0655422,0.34429747,0.0031524077
271,0.37064457,0.07627033,0.07866307,0.05793814,0.2919815,0.018332187
272,0.4055423,0.07304652,0.07741556,0.055293232,0.32812676,0.017753288
273,0.47164965,0.08155256,0.1009146,0.07281929,0.37073505,0.008733265
274,0.2760979,0.024643201,0.04499176,0.027265852,0.23110613,-0.002622651
275,0.4344042,0.061884526,0.07208716,0.05042555,0.36231703,0.011458974
276,0.20275678,0.025278429,0.0336431,0.021546822,0.16911368,0.0037316065
277,0.38064778,0.078586556,0.11027743,0.073550224,0.27037036,0.0050363317
278,0.43029734,0.054722693,0.1054299,0.070718445,0.32486743,-0.015995752
279,0.4711846,0.10474052,0.12336618,0.09655249,0.34781843,0.008188032
280,0.5684278,0.09439198,0.12496792,0.08325764,0.44345987,0.011134341
281,0.4502217,0.06623134,0.09557034,0.06601966,0.35465133,0.00021167845
282,0.48972857,0.093237184,0.09155965,0.07186274,0.39816892,0.021374442
283,0.4997946,0.0707432,0.1348286,0.092045285,0.364966,-0.021302082
284,0.34413317,0.05799652,0.08953829,0.05783267,0.25459486,0.00016384944
285,0.36451983,0.0797322,0.120978,0.08116014,0.24354184,-0.001427941
286,0.46536595,0.061293017,0.09711226,0.070361614,0.36825368,-0.009068597
287,0.37552544,0.046758983,0.084402755,0.056197446,0.29112267,-0.009438463
288,0.5368303,0.08927399,0.15561861,0.10933264,0.3812117,-0.020058654
289,0.5747714,0.16774735,0.14748596,0.11474202,0.42728543,0.05300533
290,0.4344629,0.065336026,0.102813005,0.07079884,0.3316499,-0.0054628104
291,0.43213367,0.05953234,0.0956261,0.06873266,0.33650756,-0.009200316
292,0.50301164,0.09997137,0.12673102,0.089314476,0.3762806,0.010656893
293,0.44379756,0.08476209,0.14671369,0.11028002,0.29708385,-0.025517933
294,0.5956469,0.11154144,0.15109971,0.096476614,0.4445472,0.015064828
295,0.4839267,0.071996324,0.13431624,0.087410115,0.34961048,-0.015413791
296,0.3880473,0.0713495,0.120076515,0.0876358,0.2679708,-0.016286299
297,0.4578994,0.055305075,0.07276191,0.04670147,0.3851375,0.008603606
298,0.37007722,0.05377254,0.08565379,0.055187542,0.28442344,-0.0014150031
299,0.5169953,0.09168724,0.101601794,0.0777068,0.41539353,0.013980441
300,0.39328837,0.06613654,0.111732885,0.081933156,0.28155547,-0.015796617
301,0.49945274,0.090521514,0.15141091,0.10779221,0.34804183,-0.0172707
302,0.51712775,0.10292183,0.13874719,0.100193165,0.37838057,0.0027286634
303,0.4942836,0.1212644,0.14762244,0.11683707,0.34666115,0.0044273287
304,0.5140609,0.1117897,0.13619642,0.0898565,0.37786448,0.021933205
305,0.45911226,0.065423235,0.106056,0.06352071,0.35305625,0.0019025281
306,0.47116026,0.09071014,0.12473874,0.09178157,0.34642154,-0.0010714307
307,0.34429872,0.070330985,0.0819546,0.06440401,0.26234412,0.005926974
308,0.4991916,0.0916295,0.12052903,0.08235564,0.3786626,0.009273857
309,0.33933884,0.027170157,0.03351403,0.026704822,0.30582482,0.00046533532
310,0.3866917,0.11805729,0.11015018,0.08218962,0.2765415,0.03586767
311,0.52017325,0.06467715,0.12285986,0.086946465,0.3973134,-0.022269316
312,0.23772362,0.042938106,0.0472484,0.03976843,0.19047523,0.0031696744
313,0.5979049,0.08588897,0.17591748,0.10929332,0.42198744,-0.023404352
314,0.41513506,0.07536076,0.108318046,0.075347975,0.306817,1.2785196e-05
315,0.5847153,0.16883966,0.17356722,0.1312787,0.41114807,0.03756097
316,0.43178722,0.051086184,0.09813149,0.06711552,0.33365571,-0.01602934
317,0.4608971,0.080526724,0.100815594,0.063846596,0.3600815,0.016680129
318,0.41565752,0.08434708,0.095141396,0.07433945,0.3205161,0.010007627
319,0.57113135,0.17780094,0.21981926,0.16192104,0.3513121,0.0158799
320,0.53682655,0.11156795,0.1478034,0.0997744,0.38902315,0.011793554
321,0.49088928,0.1147751,0.12280705,0.09249209,0.36808223,0.02228301
322,0.35555363,0.08368721,0.11102432,0.076875076,0.2445293,0.006812133
323,0.24623355,0.059184805,0.07721764,0.050879396,0.16901591,0.008305408
324,0.5054481,0.09348424,0.14125688,0.08787895,0.36419123,0.005605288
325,0.4799842,0.11709191,0.15129867,0.111033365,0.32868552,0.006058544
326,0.46015117,0.097061895,0.12325071,0.08013342,0.33690047,0.016928472
327,0.43383858,0.09333482,0.117746316,0.080853984,0.31609225,0.012480833
328,0.48711494,0.06672966,0.13483997,0.09055411,0.35227495,-0.023824453
329,0.50148755,0.07094447,0.10902063,0.07317782,0.39246693,-0.0022333488
330,0.41204417,0.02795828,0.0327314,0.025402218,0.37931275,0.0025560614
331,0.3519767,0.06698339,0.087944664,0.063124925,0.26403204,0.003858462
332,0.43949175,0.060680166,0.09827949,0.063446395,0.34121227,-0.0027662292
333,0.5119202,0.055365853,0.102374814,0.073758356,0.4095454,-0.018392503
334,0.63571227,0.12859292,0.1711169,0.13079889,0.46459538,-0.002205968
335,0.35817075,0.0727494,0.08990537,0.064831294,0.26826537,0.0079181045
336,0.51764905,0.09544436,0.13184552,0.093612,0.38580352,0.0018323585
337,0.48735833,0.07850311,0.11644723,0.08278908,0.3709111,-0.004285969
338,0.48115715,0.1181667,0.17629382,0.123503074,0.30486333,-0.005336374
339,0.3936077,0.073479675,0.09275947,0.06753911,0.30084825,0.005940564
340,0.5751791,0.08466502,0.14171533,0.09108654,0.43346375,-0.006421514
341,0.3991712,0.05195032,0.08404703,0.057223868,0.31512418,-0.005273547
342,0.5815019,0.108317286,0.14814505,0.1066284,0.43335685,0.0016888827
343,0.50245565,0.10697678,0.10087328,0.07422964,0.40158236,0.032747135
344,0.5062703,0.11792226,0.17378548,0.12831059,0.3324848,-0.01038833
345,0.37628028,0.04801241,0.08392196,0.05919378,0.2923583,-0.011181369
346,0.41725025,0.07689117,0.07362864,0.053029023,0.3436216,0.023862146
347,0.5977286,0.09540514,0.10871979,0.07185242,0.4890088,0.023552716
348,0.4510997,0.093764536,0.15663612,0.10754925,0.29446357,-0.013784714
349,0.5464012,0.1251803,0.16334376,0.11527389,0.38305745,0.009906411
350,0.49989977,0.07655415,0.108559504,0.0745334,0.39134026,0.0020207465
351,0.4521455,0.08168456,0.09640503,0.07346245,0.35574046,0.008222111
352,0.5340467,0.12903911,0.16783965,0.118528426,0.36620706,0.010510683
353,0.3383231,0.04777291,0.08375536,0.056893367,0.25456774,-0.009120457
354,0.588717,0.06992683,0.13636343,0.09011053,0.45235354,-0.020183705
355,0.719681,0.21150917,0.19051047,0.1472033,0.5291706,0.06430587
356,0.53277963,0.109789394,0.10513189,0.079084635,0.42764774,0.030704759
357,0.43243173,0.09933055,0.12533684,0.08382545,0.30709487,0.015505105
358,0.50845104,0.07761803,0.1497339,0.09851447,0.35871714,-0.020896435
359,0.43433872,0.1315971,0.14003655,0.10350025,0.29430217,0.028096855
360,0.24878015,0.039911915,0.051353883,0.042838335,0.19742626,-0.0029264204
361,0.2900951,0.05029442,0.07132196,0.04825899,0.21877313,0.0020354316
362,0.3987654,0.06134317,0.07106259,0.053774107,0.3277028,0.0075690635
363,0.40064374,0.053430267,0.11237615,0.076909795,0.28826758,-0.023479529
364,0.5137396,0.08861725,0.13323961,0.09789216,0.38049996,-0.009274907
365,0.30300516,0.06206044,0.0773492,0.059585102,0.22565596,0.00247534
366,0.47377515,0.06206681,0.09524916,0.068745576,0.37852597,-0.0066787675
367,0.4102738,0.07031142,0.09167046,0.06412641,0.31860334,0.00618501
368,0.55251956,0.10775044,0.1476424,0.11341147,0.40487716,-0.005661033
369,0.46165815,0.07054802,0.091010354,0.0709065,0.3706478,-0.00035847723
370,0.43057778,0.073481634,0.10954429,0.07444569,0.32103348,-0.000964053
371,0.585843,0.13176863,0.13521615,0.10841521,0.45062688,0.02335342
372,0.4786687,0.05788288,0.06655606,0.04803596,0.41211262,0.009846918
373,0.45408583,0.092451096,0.09144135,0.06580611,0.3626445,0.026644982
374,0.18117675,0.048069697,0.05036481,0.03986997,0.13081194,0.008199725
375,0.5836501,0.09371861,0.13687007,0.100793466,0.44678003,-0.0070748553
376,0.51866955,0.08563312,0.13378312,0.091043934,0.38488644,-0.005410813
377,0.381796,0.06227868,0.11255398,0.07453038,0.26924202,-0.0122516975
378,0.4480616,0.06675459,0.11432997,0.0798575,0.33373162,-0.013102911
379,0.42117405,0.13484828,0.119562246,0.09555449,0.3016118,0.03929379
380,0.60095215,0.1216899,0.15849867,0.11539245,0.44245347,0.0062974542
381,0.43539828,0.055264592,0.09010841,0.058562793,0.3452899,-0.0032982007
382,0.5369824,0.110794894,0.10790603,0.08211358,0.42907637,0.028681315
383,0.37510297,0.089498945,0.10234338,0.07122021,0.2727596,0.018278733
384,0.5643794,0.095744625,0.117240846,0.091379955,0.44713855,0.0043646693
385,0.39516646,0.06857304,0.0715225,0.05265565,0.32364395,0.015917394
386,0.40368772,0.083348624,0.12959781,0.09050946,0.2740899,-0.007160835
387,0.5057355,0.12744217,0.11428779,0.08966355,0.39144772,0.037778616
388,0.38272473,0.09504919,0.08016025,0.052300204,0.30256447,0.042748984
389,0.48259434,0.090614945,0.12559062,0.09277911,0.35700372,-0.0021641627
390,0.4271212,0.06869217,0.08175816,0.05736204,0.34536302,0.011330131
391,0.6323757,0.11809354,0.15863383,0.11422296,0.4737419,0.003870584
392,0.5444384,0.07888554,0.123278216,0.0903641,0.42116022,-0.011478558
393,0.57180136,0.07823641,0.13911316,0.090585686,0.4326882,-0.012349278
394,0.41333628,0.053627875,0.09953497,0.07277101,0.3138013,-0.019143138
395,0.5499259,0.12796995,0.122297026,0.09588526,0.4276289,0.03208469
396,0.3035322,0.06985743,0.0677404,0.04829573,0.2357918,0.021561705
397,0.3608996,0.10938126,0.07947135,0.05875181,0.28142825,0.05062945
398,0.55999887,0.11946366,0.14256272,0.107314266,0.41743615,0.012149394
399,0.40465447,0.13630173,0.08779301,0.05931338,0.31686145,0.07698835
400,0.5478029,0.0832356,0.1332213,0.09535394,0.41458163,-0.01211834
401,0.5409424,0.09363587,0.12686332,0.09342122,0.41407907,0.00021465123
402,0.47154444,0.10008334,0.117041685,0.08629835,0.35450277,0.013784997
403,0.22814988,0.04346693,0.050618995,0.043445002,0.17753088,2.1927059e-05
404,0.39590386,0.090862535,0.08269346,0.05689887,0.3132104,0.033963665
405,0.5069676,0.07779561,0.10523137,0.07154329,0.40173623,0.0062523186
406,0.6102561,0.12550195,0.14613196,0.11264451,0.4641241,0.012857437
407,0.5683408,0.0977111,0.12223941,0.09246098,0.44610137,0.0052501187
408,0.39767903,0.07603592,0.099095345,0.06842309,0.2985837,0.0076128244
409,0.43624,0.11567256,0.10949322,0.08742843,0.32674676,0.02824413
410,0.3894645,0.071023,0.10308385,0.07607991,0.28638065,-0.00505691
411,0.40900004,0.06699,0.08929136,0.05922059,0.31970868,0.0077694133
412,0.45692596,0.07134622,0.1310477,0.081315145,0.32587826,-0.009968922
413,0.53182614,0.07050587,0.115119874,0.0792196,0.41670626,-0.00871373
414,0.48319593,0.05158155,0.10580726,0.08190763,0.37738866,-0.03032608
415,0.6233025,0.0921021,0.13908555,0.09329109,0.484217,-0.001188986
416,0.39034802,0.077356555,0.1315566,0.09395994,0.25879142,-0.016603388
417,0.54242694,0.103317745,0.1489842,0.11720383,0.39344275,-0.013886087
418,0.34694058,0.061937816,0.09715503,0.06806838,0.24978554,-0.006130561
419,0.53753215,0.104690745,0.13304459,0.099693894,0.40448755,0.004996851
420,0.45578775,0.08648799,0.12853393,0.09440998,0.32725382,-0.007921986
421,0.460672,0.07529145,0.09196874,0.06795721,0.36870325,0.00733424
422,0.36543247,0.041366838,0.068957075,0.054680258,0.2964754,-0.01331342
423,0.56429696,0.11979126,0.11991872,0.09193428,0.44437826,0.027856983
424,0.47234067,0.07559741,0.121218905,0.073254116,0.35112178,0.002343297
425,0.39544782,0.060500838,0.08480336,0.06096653,0.31064445,-0.0004656911
426,0.34082234,0.04824354,0.065649465,0.045475714,0.2751729,0.0027678274
427,0.48248553,0.08629973,0.14576057,0.099197105,0.33672497,-0.012897372
428,0.4687492,0.059876114,0.09486841,0.059619714,0.3738808,0.00025640056
429,0.456549,0.079379365,0.122643806,0.09155348,0.3339052,-0.012174115
430,0.5581117,0.07663943,0.11580292,0.07523989,0.4423088,0.0013995394
431,0.39564186,0.06433474,0.13415286,0.09784285,0.261489,-0.033508107
432,0.35302523,0.041607354,0.08892044,0.062777735,0.26410478,-0.021170381
433,0.39065734,0.05606938,0.0923685,0.05947283,0.29828882,-0.0034034476
434,0.48388103,0.06413306,0.10798631,0.079340555,0.37589473,-0.015207492
435,0.33649743,0.0697616,0.06628766,0.048043244,0.27020976,0.021718353
436,0.50753284,0.07299688,0.10573846,0.078700945,0.40179437,-0.0057040676
437,0.4386921,0.08654327,0.09215393,0.074108616,0.34653816,0.012434654
438,0.59897834,0.13986589,0.14093173,0.10912701,0.45804662,0.030738883
439,0.4660885,0.06714191,0.096277475,0.07235588,0.36981103,-0.0052139685
440,0.45887402,0.07932643,0.10045197,0.07349966,0.35842204,0.0058267713
441,0.37630457,0.09701449,0.11961945,0.09312825,0.2566851,0.0038862377
442,0.45092916,0.059101827,0.101152316,0.07021904,0.34977686,-0.0111172125
443,0.263225,0.046198238,0.0565326,0.04106695,0.2066924,0.0051312894
444,0.51801634,0.08191494,0.12753895,0.08406235,0.3904774,-0.0021474138
445,0.5281607,0.10238144,0.14460771,0.09660741,0.38355297,0.0057740286
446,0.31383744,0.06605304,0.074099414,0.05695529,0.23973802,0.009097751
447,0.39885268,0.07908032,0.09865387,0.07172344,0.3001988,0.007356882
448,0.5133648,0.09718043,0.15012173,0.11083953,0.36324304,-0.013659097
449,0.54845816,0.11790138,0.1355132,0.09607698,0.41294497,0.021824397
450,0.5713993,0.14365631,0.13423827,0.09777007,0.437161,0.04588624
451,0.40125245,0.10084338,0.1388193,0.10123547,0.26243314,-0.00039209425
452,0.4241959,0.08811657,0.09601441,0.072506465,0.32818148,0.015610106
453,0.4993438,0.07201195,0.11599199,0.0805261,0.38335183,-0.008514151
454,0.39332137,0.070317574,0.112757124,0.0846199,0.28056425,-0.014302328
455,0.39371103,0.08012823,0.12626219,0.07996409,0.26744884,0.00016414374
456,0.5573611,0.07084238,0.11496644,0.08716144,0.44239467,-0.016319059
457,0.42915934,0.06100902,0.11021565,0.07348873,0.31894368,-0.012479708
458,0.3963514,0.04688909,0.094837144,0.066826686,0.30151427,-0.019937597
459,0.62675226,0.09922948,0.14830926,0.10334492,0.478443,-0.00411544
460,0.37248892,0.121226944,0.14675066,0.1127495,0.22573826,0.008477442
461,0.3648806,0.053469453,0.09399592,0.06258673,0.27088466,-0.009117279
462,0.41353342,0.046607982,0.07924643,0.051327128,0.334287,-0.0047191456
463,0.5455065,0.12930866,0.15753433,0.11324167,0.38797215,0.016066983
464,0.39125606,0.03964564,0.09293261,0.067644104,0.29832345,-0.027998466
465,0.25966215,0.07350372,0.10534668,0.08223168,0.15431547,-0.00872796
466,0.4311473,0.12317716,0.09976338,0.077845655,0.33138394,0.045331508
467,0.47991145,0.11093,0.10549303,0.0835212,0.3744184,0.027408801
468,0.31133848,0.076366656,0.10265648,0.07456416,0.208682,0.0018024966
469,0.4472045,0.046031386,0.11422676,0.08131705,0.33297774,-0.035285667
470,0.49323165,0.07127144,0.10210681,0.07594095,0.39112484,-0.00466951
471,0.483286,0.076502636,0.12123964,0.08811904,0.36204636,-0.011616401
472,0.36920956,0.10154915,0.1033458,0.06478194,0.26586378,0.036767207
473,0.46497092,0.10472463,0.11999218,0.08712331,0.34497875,0.017601319
474,0.46930185,0.077228546,0.11687128,0.08898012,0.35243058,-0.011751577
475,0.5330444,0.06645371,0.12381879,0.08335459,0.4092256,-0.016900882
476,0.4820047,0.10233698,0.12731184,0.08840099,0.35469288,0.013935991
477,0.3530656,0.08812614,0.10451744,0.0798109,0.24854818,0.008315235
478,0.3343584,0.07285934,0.09886646,0.07205959,0.23549193,0.0007997528
479,0.4548776,0.064694315,0.10199048,0.07417365,0.3528871,-0.009479336
480,0.41254127,0.08629466,0.10157273,0.067675374,0.31096855,0.018619284
481,0.5148905,0.13794132,0.16990969,0.12199277,0.3449808,0.015948549
482,0.22267318,0.04235966,0.06746805,0.043018132,0.15520513,-0.00065847114
483,0.4175651,0.07741068,0.10718961,0.07815169,0.3103755,-0.00074100494
484,0.3249922,0.07606357,0.10350655,0.070710346,0.22148566,0.0053532273
485,0.3874877,0.07411858,0.10551945,0.07564162,0.28196827,-0.0015230402
486,0.6323066,0.115584135,0.17978372,0.12827162,0.45252287,-0.012687489
487,0.45961237,0.055766247,0.095987335,0.067701995,0.36362505,-0.011935748
488,0.4597017,0.053905822,0.09064691,0.064034924,0.3690548,-0.010129102
489,0.64789045,0.09143528,0.11336293,0.084418885,0.53452754,0.007016398
490,0.51231676,0.11133717,0.13695024,0.09358797,0.3753665,0.017749198
491,0.42851055,0.027991306,0.07897279,0.054932065,0.34953776,-0.02694076
492,0.40712354,0.085165,0.123277366,0.09132347,0.28384617,-0.006158471
493,0.49502373,0.126995,0.13083464,0.10403256,0.3641891,0.022962436
494,0.29280302,0.059791964,0.086697936,0.06933583,0.20610508,-0.00954387
495,0.4416524,0.049480993,0.09005497,0.058241595,0.35159743,-0.008760601
496,0.48352823,0.10647842,0.13814041,0.10531877,0.34538782,0.0011596531
497,0.4516151,0.05693731,0.12676246,0.08949135,0.32485265,-0.03255404
498,0.5369453,0.11752535,0.14873809,0.10402709,0.3882072,0.013498254
499,0.45623502,0.06283696,0.103314474,0.07529032,0.35292053,-0.012453362
500,0.4513236,0.08906849,0.09604891,0.07035734,0.35527468,0.01871115
501,0.5026199,0.07810128,0.10255535,0.074213654,0.4000646,0.0038876235
502,0.48294637,0.07722664,0.0975392,0.0704693,0.38540715,0.0067573413
503,0.19709733,0.04277053,0.03894276,0.023375275,0.15815458,0.019395256
504,0.6190338,0.087208636,0.117193624,0.09048015,0.5018402,-0.0032715127
505,0.39155418,0.05944713,0.101209566,0.07628914,0.2903446,-0.016842011
506,0.2321264,0.037605308,0.06362505,0.043590274,0.16850135,-0.0059849657
507,0.47381976,0.091654256,0.104888305,0.07377443,0.36893147,0.017879829
508,0.51680493,0.062244777,0.12698153,0.06787561,0.3898234,-0.005630832
509,0.43133444,0.058920763,0.09799002,0.06998627,0.3333444,-0.011065505
510,0.5562205,0.10134339,0.13824183,0.09234604,0.41797864,0.008997351
511,0.40400293,0.081160896,0.12523267,0.08115889,0.27877027,2.0042062e-06
512,0.41370556,0.10546433,0.12986393,0.100160524,0.2838416,0.0053038076
513,0.5406103,0.10794495,0.12731065,0.090450026,0.41329968,0.017494924
514,0.44580013,0.06500966,0.08850323,0.06269034,0.35729688,0.002319321
515,0.40859598,0.0890424,0.114662096,0.091254786,0.29393387,-0.0022123829
516,0.5128841,0.06714354,0.09879841,0.07044008,0.4140857,-0.0032965392
517,0.48202327,0.11734422,0.1549156,0.09328143,0.32710767,0.02406279
518,0.6443853,0.16363342,0.2110141,0.14998215,0.4333712,0.013651267
519,0.32919097,0.054220915,0.07760132,0.048190266,0.25158966,0.006030649
520,0.48205125,0.102529824,0.114630505,0.08133119,0.36742073,0.02119863
521,0.42733443,0.009898131,0.05667486,0.035033464,0.37065956,-0.025135335
522,0.4915154,0.073622316,0.12670031,0.07723476,0.3648151,-0.0036124438
523,0.46818486,0.07726778,0.09572669,0.07259089,0.37245816,0.0046768934
524,0.52336615,0.07338664,0.113573894,0.07623178,0.40979224,-0.0028451383
525,0.36286712,0.07862518,0.09365237,0.07052453,0.26921475,0.008100651
526,0.45526233,0.05733506,0.11638351,0.07702343,0.3388788,-0.019688372
527,0.36521292,0.072898544,0.089581944,0.062996805,0.27563098,0.00990174
528,0.4952363,0.08445728,0.109605774,0.07513076,0.38563055,0.009326518
529,0.16782573,0.028460518,0.053134996,0.035646033,0.114690736,-0.007185515
530,0.4390927,0.085482,0.13476782,0.097408295,0.30432487,-0.011926293
531,0.31758726,0.037628546,0.048107564,0.029197078,0.2694797,0.008431468
532,0.39301986,0.07910761,0.10652276,0.07322188,0.2864971,0.005885735
533,0.65447444,0.20216575,0.22240123,0.1606566,0.4320732,0.04150915
534,0.6181881,0.16160275,0.22423029,0.14119637,0.3939578,0.02040638
535,0.49255833,0.04103335,0.11051287,0.06702444,0.38204545,-0.02599109
536,0.45415223,0.062146768,0.101560295,0.073641494,0.35259193,-0.011494726
537,0.38928777,0.06759296,0.11126336,0.07914782,0.2780244,-0.01155486
538,0.44455898,0.09145004,0.14087941,0.09768998,0.3036796,-0.0062399358
539,0.3996513,0.0674432,0.11365676,0.088692024,0.28599453,-0.021248825
540,0.47549045,0.06795077,0.08109098,0.058412068,0.39439946,0.009538703
541,0.4012423,0.061035655,0.078078076,0.05967877,0.32316422,0.0013568848
542,0.4320418,0.079613805,0.0917194,0.07468868,0.3403224,0.0049251243
543,0.45699155,0.07628484,0.10339864,0.073188,0.3535929,0.0030968413
544,0.5463318,0.075371355,0.112172924,0.07533573,0.4341589,3.5621226e-05
545,0.42602694,0.065153845,0.09773894,0.073310755,0.32828802,-0.008156911
546,0.451205,0.033222124,0.07646205,0.05153329,0.37474293,-0.018311165
547,0.463419,0.09645592,0.11119239,0.07768818,0.35222661,0.018767737
548,0.40203226,0.07408998,0.09684943,0.07336941,0.3051828,0.000720568
549,0.46086344,0.09176695,0.11643175,0.0875721,0.3444317,0.0041948557
550,0.5246577,0.07178834,0.08352329,0.062438827,0.44113445,0.009349514
551,0.595497,0.081449166,0.12784234,0.07364079,0.46765468,0.0078083724
552,0.56035835,0.10312728,0.11917806,0.086798325,0.4411803,0.016328953
553,0.37385255,0.0057595763,0.050805878,0.029993147,0.32304668,-0.02423357
554,0.45954207,0.08217628,0.10210574,0.080811776,0.35743633,0.0013645068
555,0.37814564,0.06941672,0.098619215,0.073590145,0.2795264,-0.004173428
556,0.48470518,0.13265301,0.16318926,0.11997719,0.32151592,0.012675822
557,0.38237047,0.07091754,0.09837897,0.062910095,0.28399152,0.008007444
558,0.53413665,0.14035897,0.1993618,0.15036894,0.33477485,-0.010009974
559,0.469374,0.08532798,0.10652669,0.079448566,0.36284733,0.005879417
560,0.54903674,0.12542203,0.11079146,0.08095911,0.4382453,0.04446292
561,0.6094278,0.10321299,0.10678389,0.08722302,0.50264394,0.015989967
562,0.44774982,0.07437826,0.09883738,0.068882264,0.34891245,0.0054959953
563,0.51215637,0.0692414,0.1297992,0.0981458,0.38235718,-0.0289044
564,0.45172775,0.08764311,0.090903424,0.06686724,0.36082432,0.02077587
565,0.549587,0.068222865,0.115351155,0.08427687,0.43423587,-0.016054004
566,0.7232042,0.15206093,0.19152269,0.14249766,0.53168154,0.009563267
567,0.44791132,0.0861474,0.124849774,0.08722817,0.32306156,-0.0010807738
568,0.4819158,0.11718259,0.1151438,0.080607004,0.366772,0.036575586
569,0.5438337,0.0882177,0.123630844,0.09002353,0.42020282,-0.0018058345
570,0.5880735,0.14220911,0.13990287,0.10444617,0.4481706,0.03776294
571,0.47114265,0.09099227,0.11797605,0.08248055,0.3531666,0.008511722
572,0.4989801,0.10036998,0.11418583,0.08348195,0.38479427,0.01688803
573,0.44164336,0.08998591,0.12337599,0.09295765,0.31826738,-0.002971746
574,0.44420287,0.094708964,0.12426349,0.084518075,0.31993937,0.010190889
575,0.44468006,0.05028526,0.09291984,0.068014845,0.3517602,-0.017729584
576,0.26054132,0.040302016,0.064623326,0.04571461,0.195918,-0.0054125935
577,0.48834547,0.073267,0.10896399,0.08261736,0.37938148,-0.009350359
578,0.40729916,0.07185163,0.10450274,0.07162618,0.30279642,0.00022545457
579,0.40731913,0.1124432,0.13497715,0.09823544,0.27234197,0.014207758
580,0.39579216,0.08779893,0.1081931,0.088247895,0.28759906,-0.00044896454
581,0.44096097,0.09408088,0.11569855,0.09247385,0.32526243,0.0016070306
582,0.5897525,0.116571665,0.14804097,0.116203174,0.44171154,0.00036849082
583,0.46842548,0.086523786,0.10152793,0.07978575,0.36689755,0.006738037
584,0.46230003,0.12670809,0.13004157,0.093419,0.33225846,0.03328909
585,0.37162894,0.06787245,0.091709465,0.060453475,0.27991948,0.0074189752
586,0.5128816,0.09538958,0.13015792,0.08356849,0.38272366,0.011821091
587,0.5034833,0.10454245,0.10332544,0.080907375,0.40015787,0.023635074
588,0.56706166,0.15023805,0.20169881,0.14644147,0.36536285,0.0037965775
589,0.34872067,0.02016239,0.03881011,0.02487638,0.30991057,-0.00471399
590,0.4022495,0.060678653,0.12300875,0.08475916,0.27924073,-0.024080507
591,0.5321436,0.093148,0.13441074,0.09778328,0.39773285,-0.004635282
592,0.44343996,0.114138134,0.14146347,0.10081126,0.3019765,0.013326876
593,0.39274347,0.08920783,0.11859516,0.08843469,0.27414832,0.0007731393
594,0.45739365,0.05663845,0.10036902,0.07149831,0.3570246,-0.014859863
595,0.46272972,0.08493214,0.12552956,0.091984786,0.33720016,-0.007052645
596,0.36669368,0.07143558,0.072257176,0.04890994,0.2944365,0.022525638
597,0.30453268,0.10547367,0.09401184,0.069038294,0.21052083,0.036435373
598,0.44644785,0.1280421,0.14685929,0.11393509,0.29958856,0.014107011
599,0.4213681,0.0690992,0.12542763,0.08350579,0.29594046,-0.014406584
600,0.36283776,0.047591243,0.073645845,0.054256987,0.2891919,-0.006665744
601,0.3381748,0.05180176,0.07512177,0.055807877,0.26305303,-0.0040061176
602,0.4174684,0.06279371,0.09846998,0.06801419,0.31899843,-0.0052204803
603,0.6158997,0.08599801,0.14679143,0.103087366,0.46910825,-0.017089352
604,0.38546324,0.08557937,0.07964704,0.05837336,0.3058162,0.027206011
605,0.33542618,0.073821396,0.086132206,0.06728356,0.24929398,0.0065378323
606,0.4846708,0.050394762,0.09880327,0.06765924,0.38586754,-0.017264474
607,0.4111466,0.0688131,0.09892748,0.076536216,0.31221914,-0.0077231154
608,0.44224674,0.07374988,0.09194455,0.06937421,0.3503022,0.0043756664
609,0.49941766,0.09317262,0.12914214,0.09562778,0.37027553,-0.00245516
610,0.38670212,0.09272187,0.119729735,0.08457508,0.2669724,0.008146793
611,0.49024415,0.07936957,0.11072719,0.07690443,0.37951696,0.0024651363
612,0.57552713,0.146586,0.1790578,0.14678499,0.39646932,-0.0001989901
613,0.52884954,0.08767935,0.11662062,0.082978405,0.4122289,0.004700944
614,0.39447078,0.09276972,0.116013266,0.08945106,0.27845752,0.00331866
615,0.49048692,0.092959866,0.15074617,0.10720067,0.33974075,-0.014240801
616,0.4924171,0.1460616,0.15102823,0.11491585,0.34138888,0.031145751
617,0.34906617,0.07929048,0.119354464,0.083548084,0.22971171,-0.0042576045
618,0.4283231,0.08125218,0.11894248,0.083374366,0.30938062,-0.0021221861
619,0.39046612,0.08012918,0.092206344,0.063831344,0.2982598,0.016297832
620,0.38364103,0.08542415,0.12461357,0.08233488,0.25902748,0.003089264
621,0.51229835,0.07140588,0.09346904,0.06847079,0.41882932,0.0029350892
622,0.4700172,0.12710594,0.18492778,0.13130116,0.28508943,-0.004195228
623,0.35310987,0.10458482,0.10873008,0.07148791,0.24437979,0.03309691
624,0.44168076,0.11784831,0.12069102,0.09024563,0.32098973,0.02760268
625,0.44002086,0.06397613,0.086327925,0.06316827,0.35369295,0.000807859
626,0.48265457,0.08137456,0.12720874,0.09520853,0.35544583,-0.01383397
627,0.3270202,0.026058862,0.054100424,0.039612353,0.27291977,-0.013553491
628,0.51342,0.053012133,0.12487821,0.08267776,0.38854176,-0.029665627
629,0.55376065,0.09246709,0.1289141,0.09628771,0.42484653,-0.0038206205
630,0.5731007,0.08463422,0.14255205,0.10215573,0.43054864,-0.017521508
631,0.5363439,0.098162,0.12138528,0.076063246,0.4149586,0.022098757
632,0.39393267,0.044757508,0.102040604,0.069934115,0.29189205,-0.025176607
633,0.46050638,0.056161415,0.13786924,0.08637361,0.32263714,-0.030212197
634,0.23134618,0.025053412,0.04268226,0.030745244,0.18866391,-0.005691832
635,0.47926766,0.07875762,0.13620898,0.09881612,0.34305868,-0.020058498
636,0.40886912,0.05769803,0.0754973,0.05294908,0.33337182,0.0047489516
637,0.4921117,0.0658244,0.08993422,0.06352619,0.40217748,0.002298206
638,0.48358092,0.084649295,0.115909055,0.08125578,0.36767185,0.003393516
639,0.55595136,0.11908598,0.1504434,0.11360495,0.40550795,0.0054810345
640,0.5110528,0.096158355,0.118898734,0.089640535,0.39215404,0.00651782
641,0.38159475,0.08267918,0.08018872,0.05926471,0.30140603,0.023414474
642,0.33502883,0.088802665,0.09395261,0.06566726,0.24107622,0.023135409
643,0.5249277,0.0886583,0.15566686,0.100226775,0.36926082,-0.011568472
644,0.410442,0.075050645,0.13059457,0.09477179,0.27984744,-0.019721143
645,0.56461823,0.044091467,0.084864154,0.06369841,0.4797541,-0.019606944
646,0.43912175,0.10498868,0.13646157,0.106659055,0.30266017,-0.0016703755
647,0.56350315,0.07263819,0.10911123,0.079565145,0.45439193,-0.006926954
648,0.36532238,0.043764405,0.08881237,0.06660369,0.27651,-0.022839285
649,0.31222644,0.06718006,0.088262714,0.06435575,0.22396374,0.0028243065
650,0.3846621,0.06669728,0.09109111,0.07324108,0.293571,-0.0065438002
651,0.5401059,0.13628554,0.17187144,0.13363479,0.36823446,0.0026507527
652,0.23291686,0.025033357,0.042937636,0.033379298,0.18997923,-0.008345941
653,0.45726112,0.10309637,0.12244693,0.0961627,0.3348142,0.006933674
654,0.4901017,0.109264486,0.08973053,0.065913126,0.40037116,0.04335136
655,0.43345103,0.08777609,0.10809678,0.07735951,0.32535425,0.010416575
656,0.49365315,0.11720333,0.15378866,0.10951284,0.3398645,0.0076904893
657,0.6044707,0.11549412,0.16686746,0.112044334,0.4376032,0.0034497827
658,0.5013347,0.09251483,0.11037354,0.0762031,0.39096117,0.016311727
659,0.31511408,0.08929513,0.10525247,0.075995386,0.2098616,0.013299741
660,0.4671636,0.04445905,0.08423748,0.062332474,0.3829261,-0.017873425
661,0.45512682,0.0628819,0.07623862,0.0511316,0.3788882,0.011750303
662,0.5985165,0.09414352,0.1565863,0.11019683,0.44193023,-0.016053312
663,0.5449246,0.09950343,0.15365987,0.11611273,0.39126474,-0.016609304
664,0.54773647,0.05503106,0.09387567,0.06539551,0.4538608,-0.0103644505
665,0.5267954,0.12814967,0.20419773,0.14610475,0.32259765,-0.01795508
666,0.33110863,0.11110774,0.10031612,0.06598283,0.23079251,0.045124903
667,0.34864014,0.058610003,0.09757092,0.076535486,0.25106922,-0.017925482
668,0.5550521,0.084174275,0.11583167,0.08775661,0.43922043,-0.003582336
669,0.503734,0.1034274,0.13954516,0.09552445,0.36418885,0.00790295
670,0.5016746,0.11620229,0.14481956,0.10588534,0.35685503,0.010316946
671,0.4467185,0.05753721,0.081335135,0.055960856,0.3653834,0.0015763529
672,0.4001925,0.06574366,0.075418964,0.057206772,0.32477355,0.00853689
673,0.446375,0.09366955,0.1255186,0.08572452,0.3208564,0.007945031
674,0.46927407,0.084556684,0.10676102,0.08523844,0.36251307,-0.0006817579
675,0.48195666,0.10031004,0.10894506,0.07042973,0.3730116,0.029880315
676,0.3215667,0.057029776,0.09484779,0.06963441,0.2267189,-0.0126046315
677,0.53962,0.11790392,0.15584126,0.11357625,0.38377872,0.0043276697
678,0.37239546,0.10803916,0.10529332,0.073226,0.26710212,0.034813166
679,0.64055425,0.06262499,0.123154566,0.08754112,0.51739967,-0.024916127
680,0.6454204,0.12746525,0.14285886,0.11509602,0.5025615,0.01236923
681,0.58943737,0.096292004,0.15131061,0.1070392,0.43812674,-0.010747194
682,0.27395624,0.07103387,0.067004904,0.04414241,0.20695134,0.026891463
683,0.4781842,0.10374596,0.13186733,0.091447756,0.34631687,0.012298204
684,0.43979964,0.0793524,0.11089547,0.08146368,0.32890415,-0.0021112785
685,0.49879637,0.08847892,0.122050025,0.08475387,0.37674636,0.0037250519
686,0.5766656,0.07344739,0.11881449,0.0892465,0.45785108,-0.015799105
687,0.43548626,0.061559696,0.09276068,0.072210245,0.34272557,-0.010650549
688,0.31733054,0.091117926,0.08267152,0.058916055,0.23465902,0.03220187
689,0.5218687,0.09310977,0.094540074,0.06756829,0.42732865,0.025541484
690,0.39392537,0.061762232,0.104921006,0.07089442,0.28900436,-0.009132188
691,0.46751738,0.07582203,0.1329216,0.086115785,0.33459577,-0.010293752
692,0.5837347,0.13290538,0.1606834,0.115953244,0.4230513,0.016952135
693,0.40130737,0.09674799,0.11543808,0.090591714,0.2858693,0.006156273
694,0.5434866,0.11401246,0.15855435,0.12079191,0.38493225,-0.0067794546
695,0.21299198,0.052585434,0.06529999,0.040152587,0.147692,0.012432847
696,0.41535074,0.08031663,0.099710636,0.062309526,0.3156401,0.018007107
697,0.5369865,0.12035721,0.12151696,0.08950544,0.41546953,0.030851766
698,0.44441098,0.11481094,0.15260322,0.12179005,0.29180777,-0.006979108
699,0.52355564,0.09098668,0.114135064,0.08654658,0.40942058,0.004440099
700,0.40728965,0.054903302,0.09864384,0.07431384,0.3086458,-0.01941054
701,0.38947558,0.081773445,0.09289841,0.06729819,0.29657716,0.014475256
702,0.48296574,0.114414714,0.11984944,0.08708461,0.3631163,0.027330108
703,0.35978207,0.0684789,0.084438555,0.0533423,0.2753435,0.015136596
704,0.49128228,0.108786106,0.12916057,0.08342137,0.3621217,0.025364734
705,0.37187842,0.08365823,0.11199336,0.08447631,0.25988507,-0.00081807375
706,0.50476164,0.10516155,0.16003717,0.11865412,0.34472448,-0.013492569
707,0.63136375,0.09198295,0.14282608,0.10208337,0.48853767,-0.010100417
708,0.5700374,0.15655838,0.19304411,0.15100732,0.3769933,0.005551055
709,0.44763187,0.035505805,0.0885867,0.056889057,0.35904515,-0.021383252
710,0.14648497,0.048723444,0.045401487,0.033482146,0.10108349,0.015241299
711,0.5036735,0.113707684,0.095956974,0.069179475,0.4077165,0.04452821
712,0.571687,0.13418327,0.16712901,0.12952718,0.40455797,0.0046560913
713,0.4666644,0.085969076,0.09868699,0.06801293,0.3679774,0.017956145
714,0.35884508,0.052581284,0.07820274,0.05797706,0.28064233,-0.0053957775
715,0.25260988,0.03306432,0.045085005,0.030493885,0.20752487,0.0025704354
716,0.42852047,0.09574455,0.15458603,0.1151364,0.27393442,-0.01939185
717,0.43439886,0.11047095,0.08069085,0.059966903,0.353708,0.050504047
718,0.49718633,0.07086082,0.1367791,0.08945452,0.36040723,-0.018593699
719,0.5533017,0.11753337,0.19109347,0.12732911,0.36220822,-0.00979574
720,0.41200387,0.0508803,0.08103204,0.05833143,0.33097184,-0.007451128
721,0.3969455,0.13327244,0.13473675,0.10571225,0.26220876,0.02756019
722,0.4526835,0.07909991,0.09896811,0.07110588,0.3537154,0.007994026
723,0.4886043,0.04822572,0.06647555,0.04443239,0.42212877,0.003793329
724,0.5408894,0.111371435,0.14285336,0.10841956,0.398036,0.0029518753
725,0.3950511,0.032120336,0.071999624,0.04843245,0.32305145,-0.016312115
726,0.5381968,0.093124025,0.12526473,0.09649105,0.41293207,-0.0033670291
727,0.4619844,0.114423975,0.12551793,0.10374929,0.33646646,0.010674685
728,0.57482624,0.11937433,0.13480668,0.09870123,0.44001955,0.020673096
729,0.5587134,0.10262445,0.08763016,0.06764865,0.47108322,0.034975804
730,0.3953208,0.065106004,0.096836865,0.07598996,0.29848394,-0.010883957
731,0.6193454,0.13231939,0.2015686,0.1412091,0.41777682,-0.008889705
732,0.36766174,0.06270904,0.10483626,0.064134575,0.2628255,-0.0014255345
733,0.46413353,0.077380955,0.11028514,0.07951012,0.3538484,-0.0021291673
734,0.18513583,0.032278772,0.049792558,0.034189068,0.13534327,-0.0019102953
735,0.451379,0.060663,0.12322299,0.09175587,0.328156,-0.031092867
736,0.5394557,0.115209855,0.14661726,0.11021279,0.39283845,0.004997067
737,0.559243,0.0762714,0.16929533,0.11073856,0.3899477,-0.03446716
738,0.5741877,0.09302478,0.12320528,0.09597649,0.45098242,-0.002951704
739,0.4545047,0.09077239,0.10580738,0.066014886,0.3486973,0.024757504
740,0.5886487,0.13220935,0.15746991,0.11767848,0.43117875,0.014530867
741,0.44609484,0.09226861,0.10210774,0.07564311,0.3439871,0.016625501
742,0.3233088,0.04348062,0.07731757,0.047694054,0.24599123,-0.0042134337
743,0.52978486,0.13595603,0.12364986,0.098533176,0.406135,0.03742286
744,0.3214674,0.05761646,0.067401215,0.057806574,0.25406617,-0.00019011274
745,0.5373648,0.09337678,0.10193193,0.073333345,0.43543285,0.020043433
746,0.40229595,0.063350454,0.109741926,0.07706441,0.29255402,-0.013713956
747,0.5326136,0.09489289,0.1238569,0.09180166,0.40875667,0.003091231
748,0.429876,0.10122912,0.113907635,0.09244704,0.31596836,0.008782074
749,0.48809928,0.093061134,0.1344658,0.09795266,0.35363346,-0.004891522
750,0.46092334,0.09250685,0.10879322,0.07734964,0.35213012,0.015157208
751,0.41016465,0.084508255,0.11524733,0.07667273,0.29491732,0.007835522
752,0.4594536,0.025812542,0.060648542,0.039498746,0.39880508,-0.013686204
753,0.511772,0.12529844,0.15273617,0.10132197,0.3590358,0.023976468
754,0.47454998,0.10602392,0.12537314,0.07773208,0.34917682,0.028291844
755,0.36132488,0.058437377,0.06472059,0.04446375,0.29660428,0.013973627
756,0.38663462,0.12829486,0.15617035,0.1247105,0.23046426,0.003584355
757,0.52922195,0.058492716,0.09007998,0.0647002,0.439142,-0.0062074848
758,0.48182234,0.084222294,0.089168444,0.06540082,0.39265388,0.018821478
759,0.5881593,0.12317142,0.15909357,0.11865012,0.42906576,0.0045212954
760,0.5219856,0.076404,0.10501728,0.08130022,0.41696832,-0.0048962235
761,0.36034778,0.048367262,0.08538444,0.060074825,0.27496332,-0.011707563
762,0.36845434,0.072987616,0.10604241,0.07046648,0.26241192,0.002521135
763,0.36887017,0.05615594,0.0998092,0.07164602,0.26906097,-0.015490081
764,0.4564537,0.07992658,0.0947998,0.0710801,0.36165392,0.008846477
765,0.48650008,0.10016212,0.11506392,0.08688133,0.37143618,0.013280787
766,0.63956547,0.13899411,0.13609329,0.10535319,0.5034722,0.03364092
767,0.59656274,0.11167155,0.14365573,0.10301962,0.45290703,0.008651935
768,0.3427573,0.08255687,0.09413011,0.06718922,0.2486272,0.015367657
769,0.42332542,0.06983644,0.11820243,0.0831627,0.30512297,-0.013326265
770,0.5138123,0.09754113,0.11378737,0.08450388,0.40002495,0.013037249
771,0.49289036,0.040232077,0.08317758,0.050984453,0.4097128,-0.010752376
772,0.39158258,0.03780968,0.06699795,0.04325595,0.32458463,-0.00544627
773,0.60836214,0.11577245,0.1454068,0.1129743,0.46295536,0.0027981475
774,0.3006556,0.082606904,0.1035311,0.07345885,0.19712451,0.009148054
775,0.38343966,0.08800527,0.1063952,0.07502701,0.27704448,0.012978256
776,0.32772994,0.084360965,0.075577125,0.048862666,0.2521528,0.0354983
777,0.548354,0.085129924,0.11795716,0.088073626,0.43039685,-0.002943702
778,0.5225168,0.054238945,0.12698275,0.08178741,0.39553404,-0.027548462
779,0.49188972,0.07118471,0.13207233,0.0905797,0.3598174,-0.019394994
780,0.55159855,0.032625236,0.07125161,0.042669006,0.48034695,-0.01004377
781,0.35423902,0.08760118,0.09978261,0.077681646,0.2544564,0.009919532
782,0.48361114,0.06547308,0.092035756,0.06333609,0.3915754,0.0021369904
783,0.44287908,0.087605,0.09917012,0.07470472,0.34370896,0.012900278
784,0.3928165,0.10213152,0.09847437,0.06669794,0.29434216,0.035433583
785,0.52083707,0.10316199,0.12429392,0.096245386,0.39654315,0.006916605
786,0.557226,0.13321602,0.21171689,0.15531564,0.3455091,-0.022099614
787,0.47426823,0.08449894,0.10068718,0.069836356,0.37358105,0.014662586
788,0.5760662,0.12136349,0.1510497,0.10985696,0.4250165,0.011506528
789,0.6015433,0.13736372,0.17509696,0.13091947,0.42644635,0.0064442456
790,0.44971117,0.078489125,0.11154336,0.080712415,0.33816782,-0.0022232905
791,0.54970956,0.14289553,0.171163,0.13523725,0.37854657,0.007658288
792,0.4567147,0.07349438,0.12856203,0.08720205,0.32815266,-0.013707668
793,0.5990863,0.14608072,0.19515163,0.1428265,0.40393466,0.00325422
794,0.52066976,0.14202006,0.1590902,0.11399408,0.36157954,0.028025985
795,0.5724642,0.14522979,0.14380607,0.10453971,0.42865816,0.04069008
796,0.39189687,0.054921493,0.10160059,0.07075461,0.2902963,-0.015833117
797,0.43787244,0.111633494,0.104208276,0.078913316,0.33366418,0.03272018
798,0.48717,0.083332635,0.14595424,0.09455812,0.3412158,-0.011225484
799,0.4658034,0.08964946,0.104470775,0.069289245,0.36133265,0.020360216
800,0.57607883,0.09770009,0.12550366,0.0928965,0.45057517,0.0048035905
801,0.53869176,0.08943875,0.1167869,0.08420421,0.42190486,0.0052345395
802,0.5258455,0.08962753,0.12062366,0.08982964,0.40522188,-0.0002021119
803,0.3982142,0.060985032,0.080966815,0.06080746,0.3172474,0.00017757341
804,0.48982224,0.11866023,0.116444424,0.09062085,0.3733778,0.028039373
805,0.51927656,0.14031374,0.13076979,0.09489708,0.38850677,0.045416668
806,0.38196898,0.029968094,0.07349877,0.044497266,0.3084702,-0.014529172
807,0.5439352,0.11254712,0.12927537,0.09759056,0.4146598,0.014956564
808,0.58799595,0.09936822,0.16238351,0.12242396,0.42561245,-0.02305574
809,0.5113591,0.09655224,0.1684824,0.11849322,0.3428767,-0.021940984
810,0.3923426,0.099782825,0.09671829,0.07686954,0.29562432,0.022913285
811,0.56523997,0.05163178,0.07810669,0.052233387,0.48713326,-0.0006016083
812,0.35056132,0.07338743,0.10653882,0.068803616,0.2440225,0.0045838133
813,0.6539157,0.1724231,0.19698901,0.15221798,0.4569267,0.02020511
814,0.4062084,0.04621997,0.10908234,0.07047276,0.29712605,-0.024252791
815,0.44917715,0.06482658,0.09392109,0.07154588,0.35525605,-0.0067192987
816,0.41646424,0.0827509,0.11763911,0.07892927,0.29882514,0.0038216338
817,0.5047367,0.09434806,0.13879654,0.09917696,0.36594018,-0.0048289
818,0.37514034,0.09317833,0.10636804,0.06998453,0.2687723,0.023193799
819,0.4325287,0.06354103,0.11085739,0.074300885,0.3216713,-0.010759853
820,0.34561613,0.08601316,0.10334524,0.075690396,0.24227089,0.0103227645
821,0.30901566,0.06323971,0.07429479,0.058375232,0.23472087,0.0048644766
822,0.44317782,0.08392824,0.10386275,0.08045092,0.33931506,0.00347732
823,0.40706313,0.049037468,0.09939967,0.0635639,0.30766344,-0.0145264305
824,0.52931464,0.078211695,0.08255684,0.054066557,0.4467578,0.024145138
825,0.39532143,0.07433895,0.10815871,0.07968913,0.28716272,-0.00535018
826,0.3900789,0.062776454,0.0916502,0.06742948,0.2984287,-0.004653029
827,0.5265044,0.11608011,0.15908884,0.112796366,0.36741555,0.0032837465
828,0.37177253,0.036916807,0.07965572,0.057168346,0.29211682,-0.020251539
829,0.4600815,0.09603668,0.13074021,0.08905275,0.3293413,0.0069839284
830,0.62213176,0.15915103,0.19534716,0.13983558,0.4267846,0.019315451
831,0.6277811,0.10315953,0.17780629,0.1268272,0.4499748,-0.023667663
832,0.41427353,0.09613337,0.09990723,0.07645033,0.3143663,0.01968304
833,0.4538947,0.044839222,0.07018329,0.047671292,0.3837114,-0.00283207
834,0.40129623,0.058440678,0.0917371,0.07097615,0.30955914,-0.012535475
835,0.5040405,0.057044607,0.10835429,0.08054299,0.39568618,-0.023498382
836,0.41175583,0.14562617,0.12951285,0.10575421,0.28224298,0.03987196
837,0.38414285,0.0771725,0.1025813,0.08274652,0.28156155,-0.0055740178
838,0.5733842,0.11304227,0.15163445,0.11782737,0.42174977,-0.004785098
839,0.38938954,0.081038244,0.113940515,0.08036204,0.27544904,0.00067620724
840,0.49647945,0.053947136,0.09158409,0.071839415,0.40489537,-0.017892279
841,0.45454133,0.093869254,0.10643791,0.08527096,0.3481034,0.00859829
842,0.4109361,0.09699366,0.0899653,0.07165021,0.32097077,0.025343455
843,0.5169712,0.12643975,0.16402328,0.11275884,0.3529479,0.013680913
844,0.3838798,0.12600298,0.14356957,0.10973297,0.24031024,0.016270012
845,0.40894178,0.09617468,0.12614588,0.09202899,0.2827959,0.0041456893
846,0.3836543,0.05630318,0.083309904,0.055283498,0.3003444,0.0010196827
847,0.4622711,0.11557227,0.13386366,0.09291217,0.32840744,0.022660099
848,0.33590332,0.062425315,0.08662751,0.05671532,0.2492758,0.0057099946
849,0.41017678,0.08824513,0.122655705,0.08305096,0.28752106,0.0051941723
850,0.6309732,0.16613352,0.25274897,0.17453404,0.37822425,-0.008400515
851,0.5392333,0.09543679,0.14965093,0.109511375,0.3895824,-0.014074586
852,0.43223462,0.059382014,0.08319938,0.06502126,0.34903523,-0.0056392476
853,0.53292024,0.08399055,0.13295002,0.09165591,0.39997023,-0.0076653585
854,0.3995685,0.056271475,0.11784694,0.075116806,0.28172156,-0.01884533
855,0.479888,0.06330085,0.12737374,0.089711025,0.35251427,-0.026410177
856,0.4619237,0.108324796,0.13553242,0.09783842,0.32639128,0.010486379
857,0.26285937,0.043305404,0.06472312,0.04212465,0.19813626,0.0011807531
858,0.4407923,0.082875535,0.11884005,0.081344694,0.32195222,0.001530841
859,0.5357881,0.07257803,0.09125817,0.07171001,0.44452995,0.000868015
860,0.4752716,0.08185402,0.15146425,0.11268183,0.32380736,-0.030827805
861,0.5201718,0.10904223,0.11492107,0.083297685,0.40525076,0.025744542
862,0.27927148,0.111661844,0.10865696,0.074017145,0.17061453,0.0376447
863,0.4938654,0.093153745,0.108600974,0.08669829,0.38526443,0.0064554513
864,0.48815826,0.07331746,0.16071539,0.095450975,0.32744288,-0.022133514
865,0.4962545,0.077047914,0.11650573,0.0787323,0.37974876,-0.0016843826
866,0.3099401,0.06645153,0.07389562,0.04609266,0.23604448,0.020358868
867,0.38712445,0.079417735,0.09234097,0.0593916,0.29478347,0.020026136
868,0.4714172,0.1070332,0.10819535,0.07902789,0.36322182,0.02800531
869,0.33867052,0.107435435,0.07926302,0.06306283,0.25940752,0.044372603
870,0.60756224,0.13199414,0.15956263,0.114568174,0.4479996,0.01742597
871,0.5643781,0.16237207,0.19165392,0.13801265,0.37272418,0.02435942
872,0.4665547,0.096253715,0.107338764,0.071772784,0.35921595,0.024480931
873,0.58536845,0.10650069,0.11916111,0.08156979,0.46620736,0.024930902
874,0.4354556,0.118827,0.14588569,0.1077808,0.2895699,0.011046201
875,0.19014387,0.03602387,0.05625093,0.038283587,0.13389294,-0.0022597164
876,0.5077559,0.11536562,0.14370206,0.101400375,0.36405382,0.013965242
877,0.44590506,0.08288228,0.10817095,0.06968264,0.3377341,0.013199635
878,0.6269965,0.09775528,0.12809496,0.09139028,0.49890155,0.006365001
879,0.5471936,0.08390882,0.12412121,0.08660229,0.42307237,-0.0026934743
880,0.5003026,0.0879793,0.13918619,0.097127564,0.3611164,-0.009148262
881,0.4648144,0.12310945,0.151312,0.11604539,0.3135024,0.0070640594
882,0.5144127,0.12984052,0.14785534,0.11413405,0.36655736,0.015706472
883,0.5353874,0.12856047,0.14462833,0.10968099,0.39075905,0.01887948
884,0.50661033,0.07242999,0.11868115,0.080593206,0.3879292,-0.008163214
885,0.37124178,0.055043224,0.08008055,0.05801204,0.29116124,-0.0029688142
886,0.38655347,0.07510198,0.098792955,0.072139025,0.2877605,0.0029629543
887,0.49947414,0.08213921,0.14375465,0.1016407,0.3557195,-0.019501492
888,0.5207052,0.19470297,0.22682905,0.16642699,0.29387617,0.028275982
889,0.5309727,0.10850541,0.1676875,0.12411811,0.3632852,-0.015612699
890,0.4353951,0.11572183,0.13889049,0.099492,0.29650462,0.01622983
891,0.44978994,0.14250274,0.18239468,0.13927898,0.26739526,0.003223762
892,0.51350147,0.08541752,0.09278418,0.06648897,0.4207173,0.01892855
893,0.2990585,0.05454258,0.09301287,0.063261226,0.20604563,-0.008718647
894,0.5012676,0.07235117,0.1393652,0.099729076,0.36190242,-0.027377903
895,0.5751373,0.09174408,0.13795011,0.09786884,0.4371872,-0.006124757
896,0.57665753,0.12186027,0.15069678,0.11635901,0.42596075,0.005501263
897,0.30830643,0.06797506,0.08811678,0.06337072,0.22018965,0.0046043396
898,0.40382242,0.07556184,0.10789683,0.07595289,0.2959256,-0.00039105117
899,0.4753138,0.09187182,0.142117,0.09509062,0.33319682,-0.0032187998
900,0.46643206,0.08757302,0.13726622,0.09399667,0.32916585,-0.0064236447
901,0.5035759,0.05384388,0.12591228,0.09120715,0.37766364,-0.03736327
902,0.3832969,0.060677916,0.099524274,0.06265563,0.28377265,-0.001977712
903,0.37522766,0.046613052,0.09874457,0.06171429,0.2764831,-0.015101239
904,0.5612261,0.14145404,0.19047269,0.13802281,0.37075344,0.0034312308
905,0.39218757,0.0680224,0.092495576,0.06554719,0.29969198,0.0024752095
906,0.4300966,0.07331832,0.08926703,0.069193095,0.34082955,0.0041252226
907,0.45132902,0.055675972,0.11684189,0.07549948,0.33448714,-0.01982351
908,0.4998496,0.07631179,0.124702886,0.092123255,0.3751467,-0.015811466
909,0.4868747,0.10296913,0.111914314,0.08275227,0.3749604,0.02021686
910,0.44652042,0.097458184,0.10162129,0.0737194,0.34489912,0.023738787
911,0.47239196,0.08402435,0.13628995,0.09995858,0.336102,-0.015934236
912,0.5397433,0.06599486,0.08800623,0.06255344,0.45173708,0.0034414157
913,0.36755583,0.065967984,0.109400235,0.077549666,0.25815558,-0.011581682
914,0.45845664,0.10047519,0.118715666,0.09514224,0.33974096,0.005332954
915,0.5615512,0.10624873,0.12301984,0.08436948,0.43853137,0.021879248
916,0.4752404,0.07561878,0.10139072,0.07893374,0.3738497,-0.003314957
917,0.4947338,0.106745504,0.170744,0.12413114,0.3239898,-0.01738564
918,0.58594334,0.1075475,0.15469459,0.11619165,0.43124875,-0.008644149
919,0.36849502,0.037492935,0.07430054,0.05122423,0.29419446,-0.013731297
920,0.53224653,0.0735847,0.12805226,0.08771919,0.40419427,-0.014134489
921,0.4458164,0.10769763,0.12956461,0.09010428,0.31625178,0.017593347
922,0.42865312,0.060756296,0.09573374,0.060617726,0.3329194,0.00013856962
923,0.43208566,0.082630396,0.11728126,0.082078084,0.3148044,0.00055231154
924,0.4772783,0.055510107,0.109087326,0.08154045,0.36819097,-0.026030343
925,0.36200327,0.06931132,0.09380002,0.06346297,0.26820326,0.005848348
926,0.5393235,0.11447652,0.13340983,0.09261819,0.40591368,0.021858327
927,0.47710294,0.07600581,0.117534235,0.08344622,0.35956872,-0.0074404106
928,0.46131012,0.076359,0.10642938,0.07077106,0.35488075,0.0055879354
929,0.5203245,0.13981536,0.14605947,0.100072704,0.37426507,0.039742656
930,0.61893976,0.17720217,0.19012807,0.1350648,0.42881167,0.04213737
931,0.43819317,0.10580808,0.16395864,0.09514093,0.27423453,0.010667153
932,0.4116016,0.07891463,0.084357545,0.06874366,0.32724404,0.010170966
933,0.5493068,0.09792808,0.11879913,0.08895793,0.4305077,0.008970149
934,0.22323643,0.04621617,0.06992556,0.046258833,0.15331087,-4.2662024e-05
935,0.3750548,0.07035496,0.084217295,0.06518711,0.29083753,0.0051678494
936,0.33335406,0.075508624,0.119661614,0.0795721,0.21369244,-0.004063472
937,0.21856543,0.040879697,0.05089569,0.041890897,0.16766974,-0.0010112002
938,0.3976001,0.08361087,0.09884832,0.06834572,0.2987518,0.015265152
939,0.42623156,0.05351076,0.078086555,0.0537469,0.348145,-0.00023614243
940,0.44336635,0.06918711,0.102823354,0.08186386,0.340543,-0.012676746
941,0.5167536,0.11014053,0.14608198,0.10835352,0.37067163,0.0017870143
942,0.43939865,0.0884008,0.10956057,0.092449665,0.32983807,-0.0040488616
943,0.4362156,0.09009314,0.121376134,0.08422339,0.31483948,0.0058697537
944,0.483891,0.07207135,0.13942108,0.09401216,0.34446993,-0.021940812
945,0.49373406,0.16099952,0.15108785,0.11421849,0.3426462,0.046781033
946,0.4865651,0.11971584,0.14585854,0.10986127,0.3407066,0.00985457
947,0.44096306,0.05544814,0.09398351,0.067754805,0.34697956,-0.012306664
948,0.61306965,0.13332064,0.1346025,0.09711157,0.47846717,0.036209077
949,0.42086476,0.04718652,0.11855902,0.076633625,0.30230576,-0.029447105
950,0.4739751,0.064732805,0.109626986,0.08756016,0.3643481,-0.022827357
951,0.5646443,0.0597052,0.10906818,0.07479964,0.4555761,-0.01509444
952,0.5353588,0.09203272,0.14428051,0.09796594,0.3910783,-0.0059332177
953,0.40646616,0.021235472,0.042701237,0.024572026,0.3637649,-0.0033365544
954,0.59394246,0.16113643,0.15110938,0.11327233,0.44283307,0.0478641
955,0.5313161,0.1014014,0.1252965,0.09374175,0.4060196,0.0076596513
956,0.45583847,0.09478386,0.1193556,0.08268291,0.33648288,0.01210095
957,0.5872767,0.13751353,0.1845129,0.12749217,0.40276378,0.010021359
958,0.40146497,0.092767045,0.0991202,0.07476134,0.30234477,0.018005706
959,0.36999214,0.11011909,0.096376866,0.07171191,0.27361527,0.038407177
960,0.46355322,0.082350925,0.11423147,0.08309857,0.34932175,-0.0007476434
961,0.5033466,0.081016645,0.13768335,0.089362934,0.3656633,-0.008346289
962,0.35812834,0.039875165,0.062896565,0.040808834,0.29523176,-0.0009336695
963,0.5472331,0.0647503,0.1322773,0.08215285,0.4149558,-0.017402552
964,0.43845847,0.10983297,0.10563952,0.08290427,0.33281896,0.0269287
965,0.45236772,0.08505301,0.11560245,0.08545983,0.3367653,-0.0004068166
966,0.5888672,0.117006615,0.13910374,0.10172872,0.44976345,0.015277892
967,0.44477952,0.08145949,0.13862859,0.089676335,0.3061509,-0.008216843
968,0.46636415,0.10378077,0.11257031,0.07879919,0.35379383,0.02498158
969,0.7297129,0.1672349,0.1980698,0.1455849,0.5316431,0.021650001
970,0.47232106,0.090752564,0.11399464,0.0899365,0.35832644,0.0008160621
971,0.46933395,0.09603868,0.09823367,0.07226267,0.37110028,0.02377601
972,0.45113754,0.09147227,0.1240801,0.089572735,0.32705745,0.001899533
973,0.54869884,0.121555775,0.14074482,0.10214921,0.40795404,0.019406565
974,0.52564126,0.15257423,0.18256423,0.13476692,0.34307703,0.017807305
975,0.4219441,0.086412646,0.11787574,0.08329845,0.3040684,0.0031141937
976,0.378741,0.088813305,0.10135839,0.080454685,0.2773826,0.00835862
977,0.45255998,0.1051033,0.13301682,0.100290194,0.31954315,0.004813105
978,0.53157383,0.10030008,0.18218999,0.12180911,0.34938383,-0.021509029
979,0.40613028,0.11213555,0.08375426,0.06477794,0.322376,0.04735761
980,0.6781147,0.15281208,0.24054325,0.16982974,0.43757147,-0.017017663
981,0.58585757,0.12978043,0.112344965,0.08115262,0.4735126,0.04862781
982,0.36814153,0.047822066,0.07780628,0.056532454,0.29033524,-0.008710388
983,0.40234202,0.071162485,0.14405629,0.08861919,0.25828573,-0.017456703
984,0.3632279,0.06332492,0.09492097,0.06726372,0.26830694,-0.0039388016
985,0.50729823,0.11206976,0.1404504,0.10365592,0.3668478,0.008413844
986,0.5078292,0.074665956,0.13723311,0.0966299,0.37059608,-0.021963947
987,0.34393623,0.08812823,0.12405481,0.08798032,0.21988142,0.00014790893
988,0.5445059,0.079544544,0.13326874,0.09789053,0.41123715,-0.01834599
989,0.44008744,0.08647511,0.10161577,0.07476239,0.33847165,0.0117127225
990,0.46238637,0.06994648,0.10458033,0.073205955,0.35780603,-0.0032594725
991,0.3753826,0.0816698,0.09141801,0.06855954,0.28396457,0.013110258
992,0.5463881,0.11712243,0.157772,0.11632623,0.38861609,0.00079619884
993,0.49232763,0.08709175,0.13963994,0.094659545,0.3526877,-0.007567793
994,0.3497297,0.07386381,0.07908861,0.060038812,0.2706411,0.013824999
995,0.38750258,0.04224149,0.062223446,0.04186796,0.32527915,0.00037353113
996,0.48120534,0.06700616,0.0848705,0.065495566,0.39633483,0.0015105978
997,0.5925416,0.14149538,0.1735217,0.13232088,0.41901988,0.009174496
998,0.50799936,0.1266425,0.14764163,0.11199675,0.36035773,0.014645748
999,0.4886909,0.07829237,0.1179878,0.08267675,0.3707031,-0.0043843836
1000,0.49066725,0.09012143,0.09687431,0.07190123,0.39379293,0.018220201
1001,0.34643972,0.09353369,0.118826315,0.0842479,0.2276134,0.009285785
1002,0.46193397,0.07715545,0.12481294,0.08430727,0.33712104,-0.0071518198
1003,0.6117284,0.15089348,0.19576216,0.15140134,0.41596627,-0.0005078614
1004,0.43514988,0.081566066,0.12426984,0.07974653,0.31088004,0.0018195361
1005,0.49648276,0.09662359,0.11320324,0.08852602,0.3832795,0.008097574
1006,0.5902104,0.07860758,0.124429904,0.088051066,0.46578047,-0.009443484
1007,0.54898185,0.07054768,0.15540098,0.10503179,0.39358085,-0.03448411
1008,0.48508644,0.08708705,0.09895751,0.07578502,0.38612893,0.011302032
1009,0.4971539,0.10675702,0.17312561,0.12870868,0.3240283,-0.021951653
1010,0.4677185,0.086412676,0.094375685,0.06622928,0.3733428,0.0201834
1011,0.5583753,0.14179403,0.22407591,0.16252634,0.3342994,-0.020732313
1012,0.42600474,0.10592484,0.11442061,0.0857541,0.31158412,0.02017074
1013,0.360635,0.10193715,0.09589614,0.073657714,0.26473886,0.028279439
1014,0.48285013,0.11920598,0.12643114,0.09175928,0.356419,0.027446702
1015,0.32283157,0.07864087,0.08704139,0.06718929,0.23579018,0.01145158
1016,0.5089754,0.07093561,0.10371238,0.075800285,0.405263,-0.004864678
1017,0.5287425,0.11171427,0.117328465,0.08315568,0.41141403,0.028558597
1018,0.18066175,0.032376036,0.05103513,0.027114082,0.12962663,0.005261954
1019,0.41357312,0.09048635,0.12335309,0.084850796,0.29022002,0.005635552
1020,0.43252748,0.07625683,0.09380375,0.07505748,0.33872372,0.0011993498
1021,0.5257192,0.084827065,0.14678521,0.10669353,0.37893403,-0.021866463
1022,0.47792014,0.11477976,0.12133805,0.09104659,0.3565821,0.023733176
1023,0.50574803,0.10218173,0.11370975,0.083816096,0.3920383,0.018365636
1024,0.34175828,0.07487539,0.08091464,0.060469974,0.26084363,0.014405418
1025,0.35366493,0.099358484,0.10731425,0.06680117,0.24635068,0.032557316
1026,0.48081917,0.09680475,0.06111597,0.046709433,0.4197032,0.05009532
1027,0.46427417,0.12579738,0.13920932,0.10779756,0.32506484,0.017999813
1028,0.41787988,0.08221986,0.15692304,0.110403106,0.26095682,-0.028183244
1029,0.4837858,0.0860995,0.123329304,0.08814347,0.3604565,-0.00204397
1030,0.32734087,0.096264854,0.08501627,0.06587682,0.24232459,0.030388035
1031,0.4756344,0.07288231,0.09237325,0.06732232,0.38326114,0.0055599883
1032,0.4257116,0.08495548,0.1017705,0.07600923,0.3239411,0.008946255
1033,0.17070673,0.025508475,0.052956186,0.030037314,0.11775055,-0.004528839
1034,0.5115057,0.083952546,0.09746732,0.063835435,0.41403842,0.020117112
1035,0.4844563,0.069357626,0.08775609,0.06134705,0.3967002,0.008010577
1036,0.45056328,0.052079365,0.10123335,0.072984554,0.34932995,-0.02090519
1037,0.48857248,0.09412693,0.10013554,0.07757468,0.38843694,0.016552255
1038,0.5799004,0.09956826,0.13909198,0.09796639,0.44080842,0.0016018748
1039,0.46105784,0.0724599,0.13503444,0.10048101,0.3260234,-0.028021112
1040,0.42869672,0.098923,0.121098675,0.087620154,0.30759805,0.011302844
1041,0.5666707,0.08019195,0.123693764,0.085137784,0.44297695,-0.004945837
1042,0.44076383,0.060039446,0.08808005,0.060849357,0.35268378,-0.00080991164
1043,0.5482536,0.07484944,0.14345902,0.088762656,0.40479457,-0.013913214
1044,0.49537215,0.0688108,0.11963429,0.08857799,0.37573785,-0.019767195
1045,0.5990497,0.11098015,0.14232127,0.10771074,0.4567284,0.0032694116
1046,0.42624435,0.120202295,0.10094094,0.07507504,0.3253034,0.045127258
1047,0.32748088,0.06366057,0.09119372,0.060183853,0.23628716,0.0034767166
1048,0.3467231,0.074905,0.08999346,0.07505011,0.25672966,-0.00014510751
1049,0.49079213,0.13365114,0.15579537,0.113393426,0.33499676,0.020257711
1050,0.5033622,0.13414055,0.13345084,0.09585033,0.36991134,0.038290218
1051,0.31760985,0.053243987,0.07709952,0.05559835,0.24051033,-0.0023543611
1052,0.375556,0.076256804,0.08997302,0.06371732,0.28558296,0.012539484
1053,0.4630435,0.07554226,0.10876963,0.08094007,0.3542739,-0.005397804
1054,0.42229065,0.042856142,0.072888054,0.06010128,0.3494026,-0.01724514
1055,0.48535392,0.14890727,0.17089102,0.12556298,0.3144629,0.023344293
1056,0.43630728,0.07891896,0.08827561,0.059186675,0.34803167,0.019732289
1057,0.4280672,0.07604468,0.10388503,0.07351974,0.32418218,0.0025249422
1058,0.46188998,0.06048478,0.11624,0.07995245,0.34565,-0.019467667
1059,0.5191008,0.123304054,0.15601142,0.108718134,0.36308938,0.01458592
1060,0.53428656,0.11291362,0.10996027,0.083942614,0.4243263,0.028971009
1061,0.5339753,0.11540696,0.13232061,0.10118669,0.4016547,0.0142202675
1062,0.4403102,0.07783184,0.10124322,0.07315064,0.33906698,0.0046812
1063,0.70511043,0.16801561,0.22396246,0.17873397,0.48114797,-0.010718361
1064,0.6169959,0.14717487,0.16295126,0.1209718,0.4540446,0.026203066
1065,0.5068512,0.10607246,0.14129981,0.11129494,0.36555138,-0.005222477
1066,0.42621893,0.06400103,0.09694189,0.06605408,0.32927704,-0.0020530522
1067,0.42733952,0.052915253,0.09154217,0.057772547,0.33579737,-0.0048572943
1068,0.31103295,0.04795207,0.08403543,0.050873566,0.22699752,-0.0029214956
1069,0.41804832,0.1204614,0.10445155,0.08220217,0.31359679,0.03825923
1070,0.5024049,0.099254124,0.12972978,0.0944951,0.37267515,0.004759021
1071,0.2691609,0.018680122,0.03850128,0.02396189,0.23065962,-0.0052817687
1072,0.56612927,0.09823154,0.12900123,0.0890062,0.43712804,0.009225339
1073,0.21193126,0.044617116,0.038016617,0.03174488,0.17391464,0.012872238
1074,0.525974,0.08611663,0.116527855,0.07534309,0.40944612,0.01077354
1075,0.48612243,0.067410305,0.13096792,0.095215455,0.3551545,-0.02780515
1076,0.31870958,0.020971922,0.03905299,0.02750646,0.2796566,-0.0065345373
1077,0.55569637,0.13260502,0.13986519,0.09909679,0.41583118,0.033508226
1078,0.51645875,0.07313259,0.109693006,0.06982212,0.40676576,0.0033104718
1079,0.44514382,0.11464171,0.15881017,0.121607855,0.28633365,-0.006966144
1080,0.4268789,0.06267419,0.12607422,0.08640125,0.30080467,-0.02372706
1081,0.49308172,0.074804366,0.15877156,0.10556374,0.33431017,-0.030759372
1082,0.5491115,0.09091753,0.14849146,0.09850126,0.40062004,-0.00758373
1083,0.47799072,0.09470982,0.12741795,0.081968874,0.35057276,0.012740947
1084,0.5337559,0.06692155,0.12449892,0.08955233,0.409257,-0.022630781
1085,0.5859879,0.11819693,0.1607404,0.110565364,0.42524752,0.0076315627
1086,0.4351291,0.097766854,0.1398345,0.10344885,0.2952946,-0.005681999
1087,0.36608157,0.08355687,0.1338501,0.09726509,0.23223147,-0.013708219
1088,0.5450531,0.13745306,0.1481587,0.108254336,0.39689443,0.029198729
1089,0.48456177,0.09924543,0.1492379,0.10924399,0.33532387,-0.00999856
1090,0.42426714,0.088641584,0.1167108,0.08853364,0.30755633,0.00010794401
1091,0.5019827,0.10415022,0.118364036,0.09210499,0.38361865,0.012045234
1092,0.33902463,0.06781116,0.089528725,0.06450212,0.24949591,0.0033090413
1093,0.44286463,0.06536189,0.10391657,0.06709408,0.33894807,-0.0017321929
1094,0.37933913,0.102056734,0.09076221,0.06483995,0.2885769,0.037216783
1095,0.3185312,0.064952336,0.07720499,0.052086912,0.2413262,0.012865424
1096,0.58549416,0.0900894,0.16083285,0.10366259,0.4246613,-0.013573185
1097,0.71007645,0.1490763,0.18406238,0.14306092,0.5260141,0.0060153753
1098,0.5504928,0.07837847,0.112166986,0.08337735,0.43832582,-0.0049988776
1099,0.4625842,0.0871039,0.13788244,0.09697195,0.32470176,-0.009868048
1100,0.35114336,0.072332084,0.09045765,0.070725575,0.2606857,0.0016065091
1101,0.42584616,0.064868435,0.069947176,0.054896075,0.35589898,0.00997236
1102,0.3802371,0.077593766,0.08977981,0.06623796,0.2904573,0.01135581
1103,0.46808842,0.09986056,0.15892908,0.09451973,0.30915934,0.0053408295
1104,0.49657997,0.0762375,0.12765673,0.093371056,0.36892325,-0.017133556
1105,0.4265149,0.05577793,0.08269082,0.058829926,0.3438241,-0.0030519962
1106,0.60002506,0.1352381,0.16700035,0.11859645,0.4330247,0.016641647
1107,0.4885908,0.093873754,0.14605924,0.105046496,0.34253156,-0.011172742
1108,0.40673637,0.0704963,0.11761783,0.082649924,0.28911853,-0.0121536255
1109,0.44077232,0.10880983,0.13926972,0.0994405,0.3015026,0.009369329
1110,0.43649343,0.10773845,0.11918175,0.09068933,0.31731167,0.017049119
1111,0.41072044,0.06037622,0.10148021,0.07497395,0.30924022,-0.014597729
1112,0.46305832,0.08564697,0.12560427,0.08235802,0.33745405,0.0032889545
1113,0.3996965,0.072769485,0.1066709,0.075109,0.2930256,-0.002339512
1114,0.4830286,0.0998097,0.12296144,0.07748955,0.36006716,0.022320151
1115,0.43239126,0.074746646,0.11547221,0.07971663,0.31691903,-0.0049699843
1116,0.4722548,0.14815584,0.196088,0.13688307,0.2761668,0.011272773
1117,0.56370974,0.12673782,0.1808818,0.13396016,0.38282794,-0.0072223395
1118,0.48581216,0.084180795,0.1192435,0.08468785,0.36656865,-0.0005070567
1119,0.48037836,0.07698867,0.110759035,0.07330553,0.3696193,0.003683135
1120,0.27665395,0.04789944,0.06539742,0.049782056,0.21125653,-0.0018826164
1121,0.34357375,0.045596197,0.076572075,0.05393225,0.2670017,-0.008336052
1122,0.5954622,0.08827346,0.06652908,0.039608624,0.5289331,0.048664834
1123,0.480007,0.070427254,0.08893054,0.06729841,0.39107645,0.0031288415
1124,0.51932067,0.121918455,0.11846958,0.08181237,0.40085107,0.040106088
1125,0.61383665,0.096871644,0.13988534,0.10637765,0.4739513,-0.009506002
1126,0.54764205,0.08859175,0.113444135,0.084172145,0.4341979,0.0044196025
1127,0.46387777,0.09941433,0.1366136,0.10517226,0.32726416,-0.005757928
1128,0.4829313,0.105279624,0.119581774,0.08459115,0.3633495,0.020688474
1129,0.44655803,0.1123468,0.13591817,0.10108103,0.31063986,0.01126577
1130,0.44324443,0.104146145,0.12253325,0.089182176,0.3207112,0.01496397
1131,0.38697228,0.070177555,0.100548744,0.0711933,0.28642353,-0.0010157451
1132,0.4523411,0.11049309,0.124417186,0.08828254,0.32792392,0.022210546
1133,0.40880382,0.06696542,0.09945913,0.065727755,0.3093447,0.0012376681
1134,0.46029225,0.10278773,0.120665826,0.08164569,0.33962643,0.021142043
1135,0.45556873,0.069879696,0.09792497,0.07305699,0.35764375,-0.0031772926
1136,0.56239134,0.103461206,0.18351516,0.12079732,0.37887618,-0.017336115
1137,0.44652012,0.0799395,0.07733581,0.06056996,0.36918432,0.019369539
1138,0.35418612,0.056130845,0.08935544,0.06296189,0.26483068,-0.006831046
1139,0.5637561,0.09055588,0.14711605,0.10649208,0.41664004,-0.015936203
1140,0.3515073,0.07431445,0.092502534,0.06938783,0.25900477,0.004926622
1141,0.42125946,0.06921731,0.107016206,0.076144435,0.31424326,-0.006927125
1142,0.4103434,0.07496566,0.08503713,0.058871947,0.3253063,0.016093716
1143,0.5312516,0.07293824,0.10752883,0.07118819,0.42372277,0.001750052
1144,0.46728474,0.07180871,0.13081089,0.08804526,0.33647385,-0.016236551
1145,0.4418909,0.08512458,0.08944927,0.06655626,0.3524416,0.018568322
1146,0.3566863,0.052764677,0.08895866,0.06251439,0.26772764,-0.009749711
1147,0.4933331,0.08049651,0.12211174,0.0849525,0.37122136,-0.004455991
1148,0.40061736,0.15445468,0.13652554,0.11059059,0.26409182,0.043864086
1149,0.45446932,0.102040395,0.13409138,0.09428186,0.32037795,0.0077585354
1150,0.6043614,0.1363239,0.16966847,0.12283311,0.43469295,0.013490789
1151,0.4602833,0.09400152,0.13185933,0.09976039,0.32842398,-0.005758874
1152,0.4515225,0.054429043,0.10171052,0.06779957,0.34981197,-0.013370525
1153,0.4449792,0.064722165,0.072250396,0.055381626,0.3727288,0.00934054
1154,0.43221372,0.115508854,0.12319453,0.085490815,0.3090192,0.030018039
1155,0.46214196,0.065538734,0.12706289,0.083190374,0.33507907,-0.01765164
1156,0.5623639,0.08363262,0.13441053,0.10221928,0.4279534,-0.018586665
1157,0.5238488,0.10990929,0.13770857,0.09903817,0.3861402,0.01087112
1158,0.4253837,0.04776469,0.051730257,0.037336867,0.37365344,0.010427821
1159,0.45076495,0.09592514,0.07773652,0.05290874,0.37302843,0.043016396
1160,0.5659775,0.09371823,0.18878272,0.14077662,0.3771948,-0.04705839
1161,0.58548224,0.09470263,0.13431895,0.1010137,0.4511633,-0.0063110664
1162,0.42473093,0.07217697,0.11364583,0.082508154,0.3110851,-0.010331184
1163,0.38813388,0.050444275,0.080801085,0.050537746,0.3073328,-9.347126e-05
1164,0.47925213,0.07864345,0.13941519,0.09963316,0.33983696,-0.020989709
1165,0.32190534,0.062102806,0.09699436,0.07231387,0.22491097,-0.010211062
1166,0.43506464,0.07531307,0.09902758,0.07368258,0.33603707,0.0016304925
1167,0.4497041,0.06158706,0.10091603,0.07564623,0.34878808,-0.014059167
1168,0.4794585,0.09295747,0.1255981,0.099383935,0.3538604,-0.0064264685
1169,0.3936366,0.044940386,0.07207498,0.048029263,0.32156163,-0.0030888766
1170,0.4629945,0.065036915,0.10392884,0.082106724,0.35906565,-0.01706981
1171,0.5230537,0.10410391,0.15012398,0.12032489,0.37292972,-0.01622098
1172,0.4092917,0.099300586,0.13288303,0.08608802,0.27640867,0.013212569
1173,0.42388391,0.074271664,0.10262479,0.072997294,0.32125914,0.0012743697
1174,0.5213811,0.09758507,0.14119479,0.10534084,0.3801863,-0.0077557713
1175,0.27631328,0.05223841,0.07786587,0.0594912,0.1984474,-0.00725279
1176,0.5371373,0.109332725,0.15988912,0.122319,0.37724823,-0.012986273
1177,0.5108434,0.07839743,0.11768911,0.074584335,0.3931543,0.0038130954
1178,0.38771525,0.07141662,0.1160249,0.07294483,0.27169037,-0.0015282109
1179,0.4404714,0.06364019,0.06896631,0.037768442,0.3715051,0.02587175
1180,0.39040592,0.07198959,0.107191086,0.06813784,0.28321484,0.003851749
1181,0.45028862,0.10442377,0.12239945,0.0988657,0.32788917,0.005558066
1182,0.36578876,0.05183539,0.08442179,0.05869677,0.28136697,-0.0068613775
1183,0.5509275,0.055349797,0.1420292,0.096281074,0.40889832,-0.040931277
1184,0.41953966,0.037525263,0.09130239,0.055505842,0.32823727,-0.01798058
1185,0.5218293,0.11973322,0.09696936,0.06797682,0.42485994,0.051756404
1186,0.49649978,0.09259713,0.11349322,0.08422065,0.38300657,0.008376479
1187,0.63772064,0.17820475,0.22704434,0.1623476,0.4106763,0.015857145
1188,0.411518,0.10977008,0.12659517,0.09785576,0.28492284,0.01191432
1189,0.41939053,0.07788083,0.12637219,0.09447891,0.29301834,-0.016598083
1190,0.37139156,0.051847722,0.060781755,0.0487588,0.31060982,0.0030889213
1191,0.28501642,0.034078926,0.05691883,0.03237158,0.22809759,0.0017073452
1192,0.46078828,0.080221005,0.1033831,0.07034661,0.3574052,0.009874396
1193,0.4743614,0.122870296,0.16026452,0.11698624,0.31409687,0.005884059
1194,0.5574783,0.0930581,0.16528314,0.107735634,0.39219517,-0.014677532
1195,0.5577977,0.083340056,0.13238102,0.09316859,0.42541665,-0.00982853
1196,0.35983118,0.06378289,0.06692304,0.049624197,0.29290813,0.014158696
1197,0.36783475,0.07267111,0.10020442,0.06520529,0.26763034,0.007465817
1198,0.45065433,0.08546792,0.10645632,0.07255694,0.34419802,0.012910977
1199,0.372634,0.072544955,0.057912458,0.042536568,0.31472152,0.030008387
1200,0.4668554,0.0800048,0.12982532,0.082448155,0.33703008,-0.0024433583
1201,0.47767857,0.068891086,0.082675025,0.058076967,0.39500356,0.010814119
1202,0.3876495,0.067729525,0.08229606,0.052292317,0.30535346,0.015437208
1203,0.60831285,0.09564436,0.13889377,0.09287996,0.46941906,0.0027644038
1204,0.59089255,0.09364139,0.12684652,0.084356055,0.46404603,0.009285338
1205,0.57742554,0.10194742,0.15769733,0.10369296,0.41972822,-0.0017455444
1206,0.42779788,0.085416086,0.124859855,0.09050771,0.30293804,-0.0050916225
1207,0.46972284,0.08374412,0.1477147,0.09441415,0.32200813,-0.010670029
1208,0.6246151,0.20285445,0.22399478,0.17669044,0.40062028,0.02616401
1209,0.41164804,0.07048562,0.08506918,0.060560912,0.32657886,0.00992471
1210,0.43243292,0.08862012,0.11958997,0.08145977,0.31284297,0.0071603507
1211,0.4214698,0.09374875,0.10267109,0.06835399,0.31879872,0.02539476
1212,0.5643273,0.05417021,0.08681667,0.05926891,0.47751063,-0.0050987005
1213,0.54004705,0.1514569,0.14133604,0.10256146,0.39871103,0.04889545
1214,0.480433,0.087094106,0.10797051,0.07656209,0.37246248,0.010532014
1215,0.24584296,0.040890805,0.059194017,0.040219408,0.18664895,0.0006713979
1216,0.4372995,0.045820042,0.09991171,0.0706516,0.33738777,-0.024831556
1217,0.5356291,0.13905422,0.15690927,0.11216374,0.3787198,0.026890486
1218,0.5070746,0.10569163,0.13120203,0.09776969,0.37587255,0.007921934
1219,0.49983117,0.066686116,0.113934115,0.07109715,0.38589704,-0.0044110343
1220,0.45970812,0.09009082,0.1368669,0.09809132,0.32284123,-0.0080005005
1221,0.517498,0.11035349,0.15039426,0.109303534,0.36710376,0.0010499582
1222,0.5373875,0.09178365,0.11945982,0.09096867,0.41792768,0.00081498176
1223,0.43988308,0.064370535,0.12950513,0.09010565,0.31037796,-0.025735117
1224,0.4701377,0.11534101,0.10996078,0.07928108,0.36017692,0.03605993
1225,0.63909787,0.095377564,0.11728547,0.0867288,0.5218124,0.008648768
1226,0.37157157,0.06890501,0.109338485,0.078701556,0.26223308,-0.009796545
1227,0.57390815,0.097142406,0.15686627,0.10735162,0.4170419,-0.010209218
1228,0.4069042,0.10398676,0.11905863,0.091729425,0.28784555,0.012257338
1229,0.5524494,0.0791311,0.14969535,0.09870048,0.40275407,-0.019569382
1230,0.5207839,0.08524099,0.1746917,0.11891048,0.3460922,-0.033669487
1231,0.6927432,0.15664113,0.1632801,0.123705044,0.52946305,0.03293608
1232,0.45404902,0.08331819,0.121127866,0.08755453,0.33292115,-0.0042363405
1233,0.35423598,0.04243042,0.09335179,0.0675651,0.2608842,-0.025134679
1234,0.48691523,0.11957137,0.12116293,0.09310271,0.3657523,0.026468664
1235,0.4341165,0.0608112,0.09781218,0.07049881,0.33630434,-0.00968761
1236,0.4369924,0.08255211,0.123124085,0.08906401,0.3138683,-0.006511897
1237,0.52501005,0.083918676,0.113877214,0.08661875,0.41113284,-0.0027000755
1238,0.48108304,0.04863113,0.080734566,0.05950295,0.40034848,-0.01087182
1239,0.5368537,0.07219593,0.101447344,0.0714893,0.43540633,0.0007066354
1240,0.489723,0.121978246,0.18680528,0.13194802,0.30291772,-0.009969778
1241,0.30153912,0.06683607,0.09271392,0.06196158,0.2088252,0.0048744865
1242,0.43915397,0.062213466,0.10527899,0.0789686,0.33387497,-0.016755134
1243,0.37269574,0.06876258,0.09545934,0.06535124,0.2772364,0.0034113377
1244,0.4440114,0.061150845,0.124775425,0.07496102,0.31923598,-0.013810176
1245,0.3629447,0.042819116,0.10289644,0.070876636,0.26004827,-0.02805752
1246,0.5574676,0.0835888,0.13611813,0.10009917,0.42134947,-0.016510367
1247,0.49745244,0.07916233,0.1185406,0.08297443,0.37891185,-0.003812097
1248,0.42586458,0.07253293,0.098445386,0.06948948,0.3274192,0.0030434504
1249,0.7213065,0.1358745,0.18532856,0.14177999,0.53597796,-0.005905494
1250,0.5355941,0.1142965,0.11733021,0.087257765,0.4182639,0.027038738
1251,0.40372917,0.075686924,0.13357788,0.099706575,0.2701513,-0.024019651
1252,0.2677475,0.038453773,0.06483376,0.049746085,0.20291373,-0.011292312
1253,0.6143402,0.105829515,0.17506525,0.11897119,0.43927494,-0.013141677
1254,0.56066525,0.064978436,0.11605611,0.09120847,0.44460914,-0.026230037
1255,0.37226945,0.08141901,0.0991088,0.078770444,0.27316064,0.0026485696
1256,0.45731565,0.097788244,0.10119367,0.07239079,0.356122,0.025397457
1257,0.6439269,0.13474737,0.15817277,0.117808126,0.48575413,0.016939245
1258,0.47365195,0.07723803,0.12788883,0.08778378,0.34576312,-0.010545753
1259,0.30218998,0.030628497,0.082193874,0.05613538,0.2199961,-0.025506882
1260,0.5219035,0.098981924,0.120745204,0.0907546,0.4011583,0.008227326
1261,0.44103682,0.09108069,0.11130307,0.080993354,0.32973376,0.010087334
1262,0.4546717,0.06033757,0.12820825,0.077454135,0.32646346,-0.017116565
1263,0.44245273,0.110829175,0.1234403,0.086683735,0.31901243,0.02414544
1264,0.41706657,0.11621888,0.104877934,0.07274843,0.31218863,0.04347045
1265,0.5575147,0.1003231,0.19309138,0.14303896,0.36442333,-0.042715855
1266,0.48847198,0.09639816,0.083611906,0.061887838,0.40486008,0.034510322
1267,0.5959782,0.097076654,0.14653526,0.10166699,0.44944292,-0.0045903325
1268,0.28312567,0.053203903,0.062971875,0.05415175,0.2201538,-0.00094784796
1269,0.52254534,0.06226445,0.12867601,0.082486555,0.39386934,-0.020222105
1270,0.5149271,0.090871565,0.1483837,0.119288065,0.36654338,-0.0284165
1271,0.44760403,0.068729445,0.087982595,0.058292188,0.35962144,0.010437258
1272,0.3929818,0.08717975,0.1177832,0.08391924,0.27519858,0.0032605082
1273,0.48368052,0.12484335,0.12813106,0.09839628,0.35554945,0.026447073
1274,0.531398,0.09568624,0.13357548,0.09602703,0.3978225,-0.00034078956
1275,0.34062576,0.040678445,0.07984366,0.05578794,0.2607821,-0.015109494
1276,0.3782612,0.069276184,0.06825138,0.048454035,0.31000984,0.020822149
1277,0.60760665,0.12137042,0.13246258,0.09577965,0.4751441,0.02559077
1278,0.5044256,0.06882492,0.112744115,0.075851016,0.39168146,-0.0070260987
1279,0.51632476,0.09368365,0.13518067,0.10037543,0.3811441,-0.006691776
1280,0.5703301,0.111451834,0.158557,0.11128899,0.4117731,0.00016284734
1281,0.46027672,0.06838045,0.098808266,0.080185264,0.36146846,-0.011804812
1282,0.6063017,0.083216175,0.12477742,0.08753599,0.4815243,-0.004319817
1283,0.65242606,0.09158368,0.13678637,0.091887265,0.51563966,-0.0003035888
1284,0.54290986,0.15568428,0.186614,0.14273348,0.35629585,0.012950793
1285,0.41228828,0.11154845,0.119865224,0.077212274,0.29242307,0.03433618
1286,0.39007396,0.08603699,0.08603079,0.06497444,0.30404317,0.021062545
1287,0.5322677,0.045255873,0.09482088,0.06094892,0.4374468,-0.015693046
1288,0.2422268,0.051158685,0.05862227,0.04121621,0.18360452,0.009942476
1289,0.5123915,0.08832055,0.11930697,0.08701801,0.39308453,0.0013025403
1290,0.39913684,0.07171539,0.08661265,0.062059294,0.3125242,0.009656098
1291,0.42977497,0.09195212,0.119520225,0.081151426,0.31025475,0.010800697
1292,0.31767118,0.06419961,0.072098516,0.052524727,0.24557266,0.011674885
1293,0.51565135,0.073798455,0.091242105,0.06306498,0.42440924,0.010733478
1294,0.41030228,0.071906656,0.090987846,0.069813475,0.31931442,0.002093181
1295,0.36271423,0.057141762,0.074048415,0.053482138,0.28866583,0.0036596246
1296,0.2912682,0.041702587,0.075005196,0.05518288,0.216263,-0.0134802945
1297,0.5544745,0.15229604,0.16665325,0.12304721,0.38782123,0.029248826
1298,0.292107,0.076461665,0.10209383,0.0649758,0.19001316,0.011485867
1299,0.3837251,0.067000896,0.1012363,0.07198994,0.28248882,-0.004989043
1300,0.4516243,0.0863432,0.115149215,0.08144199,0.33647507,0.004901208
1301,0.5840017,0.14132868,0.18033008,0.124879874,0.40367162,0.016448803
1302,0.41896468,0.072194666,0.1203362,0.0815271,0.29862848,-0.009332433
1303,0.48850685,0.027853917,0.101569176,0.069947645,0.38693768,-0.042093728
1304,0.4665756,0.03196829,0.04997983,0.03415386,0.41659576,-0.0021855682
1305,0.36065325,0.08533624,0.09211087,0.07281259,0.26854238,0.012523651
1306,0.44325206,0.07795156,0.1178695,0.08618646,0.32538256,-0.008234903
1307,0.40679199,0.06222703,0.105783,0.07659812,0.301009,-0.014371093
1308,0.53177506,0.09002343,0.12554738,0.08557332,0.40622768,0.004450105
1309,0.4716399,0.07765802,0.110898614,0.08132722,0.3607413,-0.0036692023
1310,0.39476028,0.055430785,0.08255031,0.06312766,0.31220996,-0.0076968744
1311,0.4801913,0.09455186,0.13787885,0.10011925,0.34231246,-0.0055673867
1312,0.4344275,0.091349475,0.102353156,0.084815495,0.33207434,0.0065339804
1313,0.42211956,0.06328996,0.09752129,0.06926538,0.32459825,-0.005975418
1314,0.44231397,0.0852964,0.1143923,0.083733104,0.32792166,0.0015632957
1315,0.6404045,0.081949934,0.1652958,0.10066559,0.47510874,-0.018715657
1316,0.3895192,0.07169668,0.12302576,0.07828683,0.26649344,-0.0065901503
1317,0.43137032,0.09624706,0.098937824,0.07773696,0.3324325,0.018510103
1318,0.5104333,0.101071805,0.119254984,0.09039853,0.39117834,0.010673277
1319,0.48032823,0.08104799,0.115194425,0.08058689,0.36513382,0.00046110153
1320,0.43571806,0.080972694,0.118423,0.076327994,0.31729507,0.0046446994
1321,0.47251382,0.065904796,0.10844324,0.072886795,0.3640706,-0.0069819987
1322,0.45829234,0.085487805,0.118085265,0.08399576,0.34020707,0.0014920458
1323,0.47587857,0.09188973,0.13072923,0.09438166,0.34514934,-0.0024919286
1324,0.5392471,0.0701667,0.10464027,0.076046064,0.43460682,-0.005879365
1325,0.70834255,0.1449721,0.20128879,0.14666681,0.50705373,-0.0016947091
1326,0.4299719,0.07273388,0.09043356,0.067036286,0.33953834,0.005697593
1327,0.40861586,0.047667887,0.07700032,0.049833562,0.33161554,-0.0021656752
1328,0.49952728,0.09935108,0.100801945,0.07880525,0.39872533,0.020545825
1329,0.43795207,0.08054962,0.113723636,0.081410214,0.32422844,-0.0008605942
1330,0.6513283,0.18730737,0.21602125,0.17303601,0.4353071,0.014271364
1331,0.5581244,0.15819295,0.15460442,0.12044209,0.40352,0.037750855
1332,0.52819794,0.04301696,0.11494241,0.076689705,0.41325554,-0.033672746
1333,0.44207925,0.122219644,0.14169759,0.08883831,0.30038166,0.033381335
1334,0.20115502,0.03272084,0.054179244,0.03531363,0.14697579,-0.0025927871
1335,0.5047019,0.060269628,0.11234029,0.07066642,0.39236164,-0.01039679
1336,0.46429121,0.077029675,0.09708976,0.06941903,0.36720145,0.007610649
1337,0.12275478,0.026689157,0.027986968,0.020065326,0.09476782,0.0066238306
1338,0.29839608,0.07554345,0.083266094,0.06142371,0.21512999,0.014119737
1339,0.40300584,0.068680964,0.09386638,0.06933131,0.30913946,-0.0006503463
1340,0.54143417,0.10240821,0.1431094,0.0982235,0.3983248,0.004184708
1341,0.18159568,0.034751613,0.04182668,0.031004691,0.139769,0.0037469212
1342,0.52664584,0.05654086,0.13652642,0.0897806,0.39011943,-0.033239737
1343,0.53410196,0.11042337,0.13813008,0.0990266,0.3959719,0.011396773
1344,0.49200267,0.07360743,0.103336155,0.08245095,0.3886665,-0.008843519
1345,0.47022957,0.090425946,0.11572802,0.085750625,0.35450155,0.0046753213
1346,0.26110584,0.035301685,0.03592677,0.025341129,0.22517906,0.009960556
1347,0.41001385,0.08841693,0.106759116,0.078224696,0.30325472,0.01019223
1348,0.5660847,0.13884142,0.17814928,0.1337278,0.3879354,0.0051136166
1349,0.46074146,0.07552852,0.11073766,0.078757875,0.3500038,-0.0032293573
1350,0.64519846,0.1484929,0.15313955,0.11514207,0.49205893,0.033350833
1351,0.38685894,0.08970591,0.12602541,0.0957436,0.26083353,-0.0060376897
1352,0.33863306,0.07505497,0.0955088,0.07120569,0.24312426,0.0038492829
1353,0.53353333,0.11572526,0.14024664,0.10137329,0.3932867,0.014351964
1354,0.7186571,0.07996393,0.17945564,0.113821626,0.53920144,-0.033857696
1355,0.5287284,0.13148077,0.13721189,0.11743422,0.39151654,0.01404655
1356,0.3053476,0.054609016,0.079955205,0.056995075,0.22539239,-0.0023860596
1357,0.4526026,0.07827667,0.10540078,0.07366377,0.34720182,0.0046129003
1358,0.41007835,0.042432677,0.09118624,0.05763529,0.31889212,-0.015202612
1359,0.6177746,0.09702334,0.14285268,0.10213433,0.47492194,-0.005110994
1360,0.32215118,0.061974317,0.08416797,0.06863201,0.23798321,-0.00665769
1361,0.42501625,0.060895596,0.10191866,0.061466366,0.3230976,-0.00057077035
1362,0.4337497,0.07501397,0.1236555,0.08248383,0.3100942,-0.0074698552
1363,0.56466025,0.114720665,0.14152236,0.11143671,0.4231379,0.0032839552
1364,0.44647858,0.09177343,0.12483861,0.09311666,0.32163996,-0.0013432354
1365,0.6371785,0.110953,0.12635079,0.09825758,0.51082766,0.012695424
1366,0.40761387,0.08241958,0.14563714,0.09309005,0.26197672,-0.010670468
1367,0.4233722,0.124866866,0.11047955,0.07681846,0.31289268,0.048048407
1368,0.3711452,0.069664404,0.09332489,0.072074726,0.2778203,-0.0024103224
1369,0.37646586,0.07656495,0.09287413,0.06582458,0.28359172,0.01074037
1370,0.34601828,0.07324327,0.07361956,0.05360934,0.2723987,0.019633926
1371,0.4845684,0.09240363,0.12417624,0.08508,0.36039215,0.00732363
1372,0.3932248,0.045735348,0.08500598,0.061682153,0.30821884,-0.015946805
1373,0.43470076,0.07585338,0.09436338,0.070215136,0.3403374,0.005638242
1374,0.49440455,0.057569556,0.112474896,0.0871539,0.38192967,-0.02958434
1375,0.54550767,0.0858889,0.13570085,0.099142864,0.40980682,-0.0132539645
1376,0.35930243,0.051256273,0.06967857,0.04444457,0.28962386,0.0068117045
1377,0.38860634,0.060250446,0.08880192,0.06714645,0.29980442,-0.006896004
1378,0.5776508,0.10581582,0.11329849,0.07946019,0.4643523,0.026355632
1379,0.4960215,0.075136445,0.09875796,0.07816676,0.39726356,-0.003030315
1380,0.46970102,0.108615406,0.13333443,0.10554191,0.3363666,0.0030734986
1381,0.5795956,0.091265425,0.16368599,0.110186435,0.41590965,-0.01892101
1382,0.3567635,0.0637148,0.1008728,0.07490821,0.25589073,-0.01119341
1383,0.5954136,0.062142693,0.115229346,0.08025302,0.4801843,-0.018110327
1384,0.47685286,0.05931302,0.13366175,0.09579642,0.34319112,-0.0364834
1385,0.37915707,0.072443664,0.11742838,0.08209606,0.2617287,-0.0096523985
1386,0.45753044,0.062512,0.10405941,0.0669456,0.35347104,-0.0044335946
1387,0.44224912,0.075586535,0.11382743,0.07450585,0.32842168,0.0010806844
1388,0.5594411,0.11083381,0.12707315,0.08873117,0.43236792,0.02210264
1389,0.13555785,0.03376021,0.03767803,0.025646877,0.09787981,0.008113332
1390,0.4342261,0.08948801,0.12030344,0.08988006,0.31392264,-0.00039204955
1391,0.4130604,0.070389785,0.123159364,0.088083655,0.28990102,-0.01769387
1392,0.5498458,0.08617502,0.11360252,0.08576773,0.4362433,0.000407286
1393,0.5362787,0.10302259,0.11039875,0.08285721,0.42587999,0.020165384
1394,0.41631067,0.073077805,0.12462908,0.0718441,0.2916816,0.0012337044
1395,0.63440794,0.12894736,0.14430802,0.108766235,0.4900999,0.020181127
1396,0.51641536,0.09066265,0.09875939,0.07002498,0.41765597,0.020637669
1397,0.37164545,0.047605693,0.055716503,0.038362402,0.31592894,0.009243291
1398,0.41352305,0.036204893,0.096179284,0.06776824,0.31734377,-0.031563345
1399,0.36499074,0.094680145,0.11212621,0.085778624,0.25286454,0.008901522
1400,0.5941081,0.14765975,0.15657525,0.11953014,0.43753284,0.028129607
1401,0.4501745,0.07245639,0.11694996,0.086312756,0.33322453,-0.013856366
1402,0.50404525,0.084685676,0.10368842,0.07997271,0.40035683,0.004712969
1403,0.4006929,0.03620055,0.062960446,0.04867255,0.33773246,-0.012472
1404,0.45182422,0.07584418,0.10760359,0.07226938,0.34422064,0.0035748035
1405,0.3992771,0.06623165,0.08990671,0.072370246,0.3093704,-0.006138593
1406,0.3739573,0.05035787,0.10721485,0.06773806,0.26674247,-0.017380193
1407,0.5541649,0.10645409,0.17329136,0.12496505,0.38087353,-0.01851096
1408,0.45822403,0.07597916,0.10782398,0.07809123,0.35040003,-0.0021120682
1409,0.2633732,0.047207646,0.07407153,0.050914757,0.18930167,-0.0037071109
1410,0.5314657,0.106969886,0.16427726,0.11700933,0.36718845,-0.010039441
1411,0.6813731,0.15446663,0.21437521,0.14942032,0.46699792,0.005046308
1412,0.41444197,0.0688857,0.10592314,0.073354974,0.30851883,-0.0044692755
1413,0.3456107,0.059248123,0.07991596,0.05223354,0.26569474,0.007014584
1414,0.43491644,0.08537317,0.13388006,0.10324575,0.30103636,-0.01787258
1415,0.4370694,0.08321462,0.11352918,0.0856884,0.3235402,-0.002473779
1416,0.5623214,0.15597388,0.1713814,0.123650074,0.39094,0.032323807
1417,0.38853806,0.050719094,0.07746831,0.047888692,0.31106976,0.002830401
1418,0.56911045,0.14262876,0.17202209,0.13207111,0.39708835,0.0105576515
1419,0.5066282,0.15369074,0.15749002,0.12399956,0.3491382,0.029691182
1420,0.45591235,0.09555798,0.1018159,0.07936952,0.35409644,0.016188458
1421,0.44583374,0.07053339,0.09226499,0.06582096,0.35356876,0.004712425
1422,0.56775856,0.062336806,0.1249998,0.09142904,0.44275877,-0.029092234
1423,0.48664692,0.12300093,0.13473275,0.0963112,0.35191417,0.02668973
1424,0.37784076,0.05911798,0.08036921,0.054894347,0.29747155,0.0042236336
1425,0.45549563,0.088521525,0.09969263,0.0641398,0.355803,0.024381727
1426,0.32651442,0.0725515,0.12897258,0.08627402,0.19754185,-0.013722524
1427,0.4280436,0.0648039,0.11890165,0.07410224,0.30914196,-0.0092983395
1428,0.4564394,0.09393819,0.14315024,0.10340723,0.31328917,-0.00946904
1429,0.27457482,0.03626298,0.041246098,0.029944127,0.23332871,0.006318854
1430,0.49968445,0.07885958,0.16163757,0.11480907,0.33804688,-0.03594949
1431,0.5073496,0.06584109,0.122563794,0.086694434,0.38478583,-0.02085334
1432,0.45393676,0.057498768,0.11470841,0.07925057,0.33922833,-0.021751799
1433,0.59997565,0.118875,0.14018944,0.103066824,0.4597862,0.015808173
1434,0.52933764,0.10081118,0.14747019,0.10530064,0.38186747,-0.004489459
1435,0.45438814,0.083269335,0.11389792,0.07879096,0.34049022,0.0044783726
1436,0.5176453,0.09549171,0.10226004,0.078893796,0.41538525,0.016597912
1437,0.54415244,0.0873833,0.1403592,0.09837873,0.40379325,-0.010995433
1438,0.59605724,0.07327933,0.105310455,0.08131799,0.4907468,-0.008038662
1439,0.30893615,0.070715316,0.108536616,0.083621494,0.20039953,-0.012906179
1440,0.41113847,0.012725376,0.041176595,0.027486354,0.3699619,-0.0147609785
1441,0.45415708,0.13456854,0.14373676,0.11114924,0.31042033,0.023419306
1442,0.38069087,0.048960682,0.08789689,0.064044856,0.292794,-0.0150841735
1443,0.41345808,0.047727372,0.08117526,0.062069517,0.3322828,-0.014342144
1444,0.41416916,0.077654116,0.12856902,0.09047764,0.28560013,-0.012823522
1445,0.45648667,0.09227701,0.12259748,0.09316689,0.3338892,-0.000889875
1446,0.49258605,0.074630074,0.11482503,0.08244759,0.377761,-0.007817514
1447,0.21847267,0.047646213,0.06800392,0.052123476,0.15046875,-0.0044772625
1448,0.47556132,0.06927562,0.121610165,0.07779379,0.35395116,-0.008518174
1449,0.5946062,0.15254928,0.15643719,0.12059478,0.43816903,0.031954505
1450,0.4153042,0.029304994,0.08914209,0.059863515,0.32616213,-0.03055852
1451,0.41016302,0.0669685,0.09707298,0.06940244,0.31309003,-0.0024339408
1452,0.21815065,0.037673675,0.042731546,0.031839512,0.17541909,0.0058341622
1453,0.6446065,0.079829045,0.11702138,0.08052442,0.5275851,-0.0006953776
1454,0.5945906,0.09636609,0.15272507,0.11047045,0.44186553,-0.014104359
1455,0.5429398,0.034173217,0.15024653,0.09003532,0.39269325,-0.055862103
1456,0.44529837,0.08864079,0.11559518,0.07946054,0.3297032,0.009180248
1457,0.46975595,0.09498357,0.14440875,0.09746666,0.3253472,-0.0024830922
1458,0.3796039,0.060982503,0.09187503,0.06396751,0.28772885,-0.002985008
1459,0.39419547,0.10948996,0.13325997,0.09905514,0.2609355,0.010434821
1460,0.42038733,0.0679575,0.12248348,0.077204764,0.29790384,-0.009247266
1461,0.5675403,0.15209939,0.14515793,0.106625155,0.42238235,0.04547423
1462,0.5036216,0.084948026,0.11708913,0.08556807,0.38653246,-0.00062004477
1463,0.45553115,0.14110832,0.13043979,0.10019435,0.32509136,0.04091397
1464,0.4979266,0.07528291,0.11702572,0.08624311,0.38090086,-0.010960199
1465,0.4276257,0.0717493,0.08259915,0.0585559,0.34502655,0.013193399
1466,0.49374232,0.08987845,0.09796119,0.06782756,0.39578113,0.022050887
1467,0.46586445,0.05121504,0.1034086,0.069693,0.36245584,-0.018477958
1468,0.3850787,0.094047174,0.16460064,0.11081389,0.22047806,-0.01676672
1469,0.5669788,0.09849448,0.105766356,0.08549054,0.46121246,0.013003938
1470,0.42771783,0.105621986,0.11011932,0.07354654,0.31759852,0.032075442
1471,0.4644499,0.07287322,0.13275667,0.08734788,0.33169323,-0.01447466
1472,0.39532673,0.08022653,0.08670263,0.06444307,0.3086241,0.015783466
1473,0.4859318,0.047590803,0.11853149,0.06614174,0.36740032,-0.018550936
1474,0.5402411,0.09918824,0.11635002,0.08725361,0.4238911,0.011934631
1475,0.40996066,0.032357737,0.074974135,0.0484,0.3349865,-0.016042262
1476,0.4251852,0.05765323,0.08146721,0.05432856,0.343718,0.0033246689
1477,0.43963596,0.07044814,0.101116575,0.07119487,0.3385194,-0.00074673444
1478,0.4672401,0.095969446,0.15017556,0.10366975,0.31706452,-0.0077003017
1479,0.5052024,0.09096331,0.10757492,0.08465533,0.3976275,0.006307982
1480,0.42218748,0.10357555,0.096916124,0.073535174,0.32527137,0.030040376
1481,0.4881596,0.07043893,0.11181198,0.08592963,0.3763476,-0.015490703
1482,0.48746163,0.08068306,0.09625002,0.063719586,0.3912116,0.016963474
1483,0.46680877,0.09326021,0.13381442,0.09751673,0.33299434,-0.004256524
1484,0.52912855,0.10625984,0.12972791,0.08828061,0.39940065,0.017979227
1485,0.22066924,0.062113896,0.09214052,0.058042325,0.12852871,0.004071571
1486,0.5064465,0.11436042,0.13674745,0.10143058,0.36969903,0.012929842
1487,0.41009304,0.076900885,0.11109342,0.08690944,0.2989996,-0.010008559
1488,0.42778435,0.09788455,0.13337506,0.10859059,0.29440928,-0.010706037
1489,0.46118048,0.08556422,0.10582106,0.074953936,0.35535944,0.010610282
1490,0.563496,0.11896601,0.15070546,0.109276295,0.41279054,0.0096897185
1491,0.4046353,0.085561596,0.07511263,0.051993996,0.32952267,0.0335676
1492,0.52715963,0.10735602,0.14871947,0.1047217,0.37844014,0.0026343167
1493,0.4851948,0.06999639,0.10291298,0.07387656,0.38228184,-0.003880173
1494,0.38878375,0.09202184,0.092013076,0.06636383,0.2967707,0.025658011
1495,0.4673217,0.059292294,0.09002359,0.06000685,0.37729812,-0.0007145554
1496,0.44603547,0.045098424,0.08903066,0.06867189,0.35700482,-0.023573466
1497,0.2631062,0.04634243,0.07246498,0.045222092,0.19064122,0.0011203364
1498,0.5333982,0.06658006,0.1376684,0.09603854,0.3957298,-0.029458486
1499,0.50988245,0.066250384,0.09162469,0.06289846,0.41825777,0.0033519268
1500,0.5419431,0.06094496,0.09650507,0.06184525,0.445438,-0.0009002909
1501,0.54080224,0.08120149,0.10051189,0.08168186,0.44029033,-0.00048037618
1502,0.46412995,0.026654879,0.06504221,0.03860987,0.39908773,-0.011954991
1503,0.5330404,0.06975061,0.10104203,0.07416548,0.43199837,-0.0044148713
1504,0.5539614,0.113095194,0.13165301,0.09808366,0.4223084,0.015011534
1505,0.42364812,0.08398324,0.11878969,0.09039012,0.30485845,-0.006406881
1506,0.56866556,0.10602059,0.12878242,0.09233493,0.43988314,0.013685659
1507,0.45325592,0.07698478,0.080585554,0.05614109,0.37267035,0.020843688
1508,0.39903575,0.114047796,0.12882048,0.092934,0.27021527,0.021113798
1509,0.49060395,0.13844007,0.13519786,0.10804726,0.3554061,0.03039281
1510,0.49270007,0.0843435,0.11284523,0.077716134,0.37985486,0.006627366
1511,0.36941418,0.106314994,0.112371184,0.07790688,0.257043,0.028408118
1512,0.46871704,0.07372888,0.11254635,0.08059553,0.35617068,-0.006866649
1513,0.5487741,0.13428561,0.16999115,0.12057455,0.378783,0.013711065
1514,0.6031537,0.121144824,0.15543176,0.108411826,0.44772196,0.012732998
1515,0.44572183,0.11784636,0.13649583,0.1063291,0.309226,0.011517264
1516,0.4182967,0.07729752,0.09738882,0.06522328,0.3209079,0.012074247
1517,0.3185502,0.09174592,0.10191412,0.06883643,0.21663608,0.022909492
1518,0.39930323,0.081703134,0.10840857,0.07753402,0.29089466,0.004169114
1519,0.4242173,0.11129814,0.12509857,0.086405344,0.29911876,0.024892792
1520,0.4770004,0.07715058,0.10098539,0.07088579,0.376015,0.006264791
1521,0.44517347,0.08032036,0.1042601,0.07858293,0.34091336,0.0017374307
1522,0.25561705,0.044260014,0.06976639,0.05042888,0.18585066,-0.0061688647
1523,0.6641845,0.14335132,0.13517061,0.105355285,0.5290139,0.03799603
1524,0.47743082,0.029423034,0.08410399,0.05218981,0.39332682,-0.022766775
1525,0.5290423,0.121220395,0.16155422,0.122450724,0.3674881,-0.0012303293
1526,0.60712117,0.17957604,0.21181273,0.16299771,0.39530843,0.016578332
1527,0.5799045,0.13196762,0.17843363,0.13491608,0.40147087,-0.002948463
1528,0.46097067,0.08697044,0.11309282,0.08039991,0.34787786,0.006570533
1529,0.19245195,0.032324407,0.044345144,0.031939432,0.14810681,0.00038497522
1530,0.52470404,0.1037643,0.11976794,0.0888589,0.4049361,0.014905401
1531,0.6483034,0.11357045,0.16625068,0.13313842,0.4820527,-0.019567966
1532,0.45431542,0.08325389,0.10501051,0.07321581,0.3493049,0.010038078
1533,0.55611956,0.09261756,0.17172627,0.12961143,0.38439327,-0.036993876
1534,0.5531368,0.11317822,0.15982498,0.12076644,0.39331186,-0.007588215
1535,0.60387826,0.100885145,0.09736683,0.069262646,0.50651145,0.0316225
1536,0.38548872,0.079287626,0.10673741,0.07663219,0.2787513,0.002655439
1537,0.5592137,0.17065166,0.17099623,0.1288227,0.38821745,0.04182896
1538,0.4308788,0.054812193,0.08700582,0.06323409,0.34387296,-0.008421898
1539,0.35750335,0.08110355,0.100684665,0.070150055,0.25681868,0.010953493
1540,0.18895987,0.0100411605,0.039279055,0.033483244,0.14968081,-0.023442084
1541,0.45258233,0.114858024,0.12896104,0.09094907,0.32362127,0.02390895
1542,0.4882736,0.041357987,0.084551565,0.05645311,0.40372202,-0.015095122
1543,0.723246,0.037830386,0.16565013,0.09338513,0.55759585,-0.055554744
1544,0.49105656,0.19622621,0.18124337,0.142294,0.3098132,0.053932205
1545,0.50782377,0.12270976,0.16808927,0.124026895,0.3397345,-0.001317136
1546,0.51035947,0.07121148,0.14380132,0.08962278,0.36655813,-0.018411301
1547,0.44317746,0.08867588,0.10884343,0.078772366,0.33433402,0.009903513
1548,0.4051324,0.08325808,0.11966369,0.090428755,0.28546873,-0.007170677
1549,0.53437227,0.11063906,0.13836974,0.1008057,0.39600253,0.009833358
1550,0.533908,0.107753985,0.15070732,0.10188122,0.3832007,0.0058727637
1551,0.35137537,0.016374845,0.074107185,0.050809145,0.27726817,-0.0344343
1552,0.38281316,0.072389215,0.07897595,0.05382774,0.3038372,0.018561475
1553,0.5235193,0.09935381,0.106260695,0.07306847,0.4172586,0.026285343
1554,0.49601713,0.06352228,0.121650144,0.0827519,0.374367,-0.01922962
1555,0.5124528,0.11019729,0.15320948,0.10505457,0.3592433,0.0051427186
1556,0.47155434,0.08345218,0.09852114,0.07249732,0.3730332,0.010954857
1557,0.40900064,0.05951985,0.10107949,0.070619956,0.30792114,-0.011100106
1558,0.5563557,0.15252241,0.16572821,0.13595779,0.3906275,0.016564623
1559,0.5265317,0.106491625,0.15153237,0.113447584,0.37499934,-0.006955959
1560,0.4403136,0.12471954,0.15063307,0.11492588,0.28968054,0.009793654
1561,0.3849382,0.051403612,0.08829238,0.06468489,0.29664582,-0.013281278
1562,0.48481,0.107855886,0.14858706,0.10255919,0.33622295,0.0052966997
1563,0.5529814,0.08720117,0.14567447,0.09276881,0.4073069,-0.00556764
1564,0.41833913,0.07950154,0.09622049,0.076882966,0.32211864,0.0026185736
1565,0.41900033,0.07287095,0.1271385,0.088462055,0.29186183,-0.015591107
1566,0.535741,0.11608619,0.16259329,0.13024335,0.37314767,-0.014157154
1567,0.5898152,0.10422019,0.18154702,0.1262517,0.40826818,-0.022031508
1568,0.167387,0.021303728,0.03138313,0.026328634,0.13600387,-0.0050249062
1569,0.37477747,0.026947957,0.06360185,0.04329311,0.3111756,-0.016345154
1570,0.37496722,0.06115163,0.083505526,0.05673685,0.2914617,0.004414782
1571,0.40535128,0.07197786,0.1086457,0.070900925,0.29670557,0.0010769367
1572,0.4443151,0.076735884,0.094171815,0.07013913,0.35014328,0.0065967515
1573,0.4934664,0.08773222,0.17594194,0.12574658,0.31752446,-0.03801436
1574,0.5337898,0.065446936,0.11126636,0.077120245,0.42252344,-0.011673309
1575,0.31623304,0.066505395,0.07815187,0.056514453,0.23808117,0.009990942
1576,0.38693216,0.043193057,0.07724869,0.04811757,0.30968347,-0.0049245134
1577,0.4825743,0.13733934,0.16891204,0.12608828,0.3136623,0.011251062
1578,0.5215947,0.083693184,0.103145145,0.074105725,0.41844955,0.009587459
1579,0.4859254,0.07231554,0.09693733,0.07502856,0.38898808,-0.0027130246
1580,0.4265917,0.08355914,0.10806972,0.07656757,0.31852198,0.0069915727
1581,0.46609384,0.113569506,0.09130143,0.06675234,0.3747924,0.04681717
1582,0.44551235,0.06395962,0.09692023,0.067454495,0.34859213,-0.0034948736
1583,0.48675147,0.12946987,0.16843732,0.11629553,0.31831414,0.01317434
1584,0.41936353,0.03340266,0.054326553,0.037083216,0.36503696,-0.003680557
1585,0.57266814,0.11882955,0.17454538,0.133082,0.39812276,-0.014252454
1586,0.45454615,0.09481628,0.111718275,0.07544328,0.3428279,0.019373
1587,0.45341724,0.09290251,0.104577675,0.080420956,0.34883958,0.012481555
1588,0.59155613,0.095168985,0.1319859,0.103249274,0.45957023,-0.008080289
1589,0.44765446,0.091397226,0.16018337,0.105962195,0.2874711,-0.014564969
1590,0.37820435,0.060275674,0.08620284,0.063510105,0.29200152,-0.0032344311
1591,0.55247086,0.05806829,0.08757506,0.0682898,0.46489578,-0.010221511
1592,0.41695538,0.074701816,0.12210152,0.08721009,0.29485387,-0.012508273
1593,0.52755374,0.077848636,0.13197306,0.095154025,0.39558068,-0.017305389
1594,0.32395324,0.052997533,0.09491478,0.07031613,0.22903846,-0.017318595
1595,0.5067008,0.07298231,0.10011443,0.07554213,0.40658638,-0.0025598183
1596,0.53745633,0.06810194,0.12817009,0.092321336,0.40928626,-0.024219394
1597,0.5432475,0.113349736,0.089138016,0.07128847,0.4541095,0.04206127
1598,0.61418,0.13295919,0.19110923,0.13443646,0.4230708,-0.0014772713
1599,0.55630195,0.100794785,0.15468618,0.11229738,0.40161577,-0.011502594
1600,0.5654087,0.09682346,0.14636712,0.09353898,0.41904157,0.0032844841
1601,0.39270654,0.08151269,0.12683576,0.09511633,0.26587078,-0.013603643
1602,0.5100993,0.103520654,0.15767631,0.1189781,0.35242298,-0.015457444
1603,0.45830485,0.07508327,0.11968608,0.0723838,0.33861876,0.002699472
1604,0.44746786,0.060558878,0.09685439,0.06871433,0.35061347,-0.00815545
1605,0.6214112,0.13065343,0.15240614,0.10275509,0.46900505,0.027898334
1606,0.525823,0.09226809,0.1164117,0.070991755,0.4094113,0.021276332
1607,0.4655613,0.09276964,0.12827119,0.09864295,0.3372901,-0.005873315
1608,0.44347936,0.092679165,0.15794286,0.10159,0.2855365,-0.008910835
1609,0.45889986,0.09914943,0.12148948,0.08934505,0.3374104,0.0098043755
1610,0.5076949,0.090829544,0.12039308,0.085681796,0.3873018,0.0051477477
1611,0.46416238,0.11301676,0.12603578,0.09880255,0.3381266,0.01421421
1612,0.41860056,0.061746456,0.12415741,0.0833081,0.29444316,-0.021561645
1613,0.4110955,0.04839088,0.082064904,0.0597106,0.3290306,-0.011319719
1614,0.45943326,0.06979599,0.10129168,0.07325967,0.35814157,-0.003463678
1615,0.40623096,0.06039476,0.08048493,0.05297212,0.32574603,0.007422641
1616,0.56884533,0.102251,0.1257869,0.092202984,0.44305843,0.010048017
1617,0.59804076,0.13710336,0.16343106,0.117764935,0.4346097,0.019338429
1618,0.52923447,0.11712885,0.17606355,0.13495031,0.35317093,-0.017821461
1619,0.45201963,0.094296485,0.113504864,0.0887634,0.33851478,0.0055330843
1620,0.5888717,0.10860298,0.16620454,0.11611569,0.42266718,-0.007512711
1621,0.50178355,0.0729773,0.13008663,0.088789046,0.37169692,-0.015811749
1622,0.47742465,0.09811357,0.11562576,0.0857107,0.36179888,0.01240287
1623,0.39765367,0.07578514,0.11330582,0.067636475,0.28434783,0.008148663
1624,0.48551977,0.10653777,0.12079699,0.09269848,0.3647228,0.01383929
1625,0.38937256,0.10471632,0.10313825,0.0760629,0.28623432,0.02865342
1626,0.50018114,0.11423584,0.1763285,0.13290162,0.32385266,-0.018665783
1627,0.5199478,0.07554903,0.07692065,0.057377882,0.44302717,0.018171147
1628,0.53494936,0.08614896,0.13485684,0.094990514,0.40009254,-0.008841552
1629,0.6496002,0.07599679,0.1772461,0.113657735,0.4723541,-0.03766095
1630,0.342659,0.063494496,0.08169229,0.060860656,0.26096672,0.0026338398
1631,0.49318433,0.067251965,0.08944498,0.062439896,0.40373933,0.0048120692
1632,0.42199132,0.111881115,0.14374478,0.1077886,0.27824652,0.0040925145
1633,0.53811693,0.12811655,0.1733125,0.12880215,0.36480445,-0.0006856024
1634,0.42044634,0.0952087,0.10614552,0.07578606,0.3143008,0.019422635
1635,0.37329525,0.06427214,0.10374747,0.077956736,0.26954776,-0.013684593
1636,0.43603984,0.10453046,0.12858984,0.091471866,0.30745,0.013058595
1637,0.2765748,0.055275124,0.09234182,0.070187226,0.18423298,-0.014912102
1638,0.5365775,0.121016614,0.15236542,0.112803206,0.3842121,0.008213408
1639,0.56972337,0.07649332,0.10187732,0.07854236,0.46784604,-0.0020490363
1640,0.5507427,0.08667643,0.13575469,0.096232,0.41498798,-0.009555563
1641,0.47853234,0.08529178,0.10369935,0.0768677,0.374833,0.008424081
1642,0.5488426,0.1157143,0.14289984,0.10643454,0.40594277,0.009279758
1643,0.39459422,0.07959112,0.10325579,0.076935686,0.29133844,0.0026554316
1644,0.45541495,0.08092422,0.1373115,0.08797824,0.31810343,-0.007054016
1645,0.51606435,0.09219556,0.11759595,0.07642893,0.3984684,0.015766636
1646,0.5320874,0.080106966,0.12421509,0.08852976,0.4078723,-0.008422792
1647,0.5513414,0.14098193,0.18449463,0.1371688,0.3668468,0.0038131326
1648,0.43720043,0.10714382,0.11277866,0.07973763,0.32442176,0.027406186
1649,0.5655791,0.09643047,0.13886431,0.10287819,0.4267148,-0.0064477175
1650,0.4577566,0.071865015,0.10505345,0.068320155,0.35270315,0.0035448596
1651,0.48660776,0.065065145,0.12338819,0.089558296,0.36321956,-0.02449315
1652,0.39425316,0.06618976,0.083876505,0.062034227,0.31037664,0.0041555315
1653,0.48716187,0.113622524,0.12967911,0.08967672,0.35748276,0.023945801
1654,0.43675768,0.081063785,0.09668483,0.06517527,0.34007287,0.015888512
1655,0.5138178,0.115783036,0.14670792,0.10778315,0.36710986,0.007999882
1656,0.50404483,0.06337585,0.09236698,0.05810495,0.41167784,0.005270902
1657,0.5691447,0.13578595,0.1935366,0.14085591,0.37560815,-0.005069956
1658,0.47356474,0.080937535,0.14206012,0.09560841,0.33150464,-0.014670879
1659,0.4495152,0.07838242,0.10290839,0.07734697,0.3466068,0.0010354444
1660,0.40457648,0.0681014,0.1069291,0.06873004,0.2976474,-0.00062864274
1661,0.6025285,0.13888502,0.16325694,0.12260519,0.43927157,0.016279832
1662,0.5511069,0.07805025,0.12199632,0.09279057,0.42911062,-0.014740318
1663,0.38027918,0.04098317,0.08287585,0.05345472,0.29740334,-0.012471549
1664,0.480762,0.08755884,0.113872886,0.07886471,0.36688912,0.008694135
1665,0.25235608,0.04025282,0.04783704,0.040864922,0.20451903,-0.00061210245
1666,0.45896086,0.054321453,0.10191542,0.077883825,0.35704544,-0.023562372
1667,0.4513104,0.08323353,0.12649103,0.082014784,0.3248194,0.0012187436
1668,0.41351017,0.06041812,0.09335447,0.070482925,0.3201557,-0.010064803
1669,0.60768664,0.10890034,0.11586033,0.09351839,0.4918263,0.015381947
1670,0.47574592,0.07253686,0.084171966,0.06599467,0.39157397,0.006542191
1671,0.35121623,0.07127088,0.063552424,0.053726513,0.28766382,0.01754437
1672,0.44029886,0.036808565,0.08444983,0.05578559,0.35584903,-0.018977024
1673,0.42850763,0.05626412,0.07295183,0.04890591,0.3555558,0.007358212
1674,0.66558635,0.10279031,0.14193878,0.10064657,0.52364755,0.0021437407
1675,0.53927827,0.16782269,0.17625019,0.13428149,0.36302808,0.033541203
1676,0.5852848,0.1352247,0.15501972,0.119931445,0.43026513,0.015293255
1677,0.52407014,0.047298208,0.10368861,0.07375876,0.42038155,-0.02646055
1678,0.4312456,0.114756495,0.13445652,0.10088496,0.29678908,0.013871536
1679,0.3376519,0.057719253,0.07880993,0.06422282,0.258842,-0.006503567
1680,0.45835337,0.07747827,0.09641627,0.07001134,0.3619371,0.007466927
1681,0.47188967,0.03550383,0.05592684,0.033951946,0.41596285,0.0015518852
1682,0.44853598,0.092547424,0.10387164,0.07709847,0.34466434,0.015448958
1683,0.37868327,0.04425111,0.07319589,0.051386394,0.3054874,-0.007135283
1684,0.547636,0.15199631,0.121904746,0.0967198,0.42573124,0.055276513
1685,0.53964686,0.13113946,0.1610434,0.12076571,0.37860346,0.010373749
1686,0.532854,0.07515849,0.118924126,0.07869966,0.41392988,-0.0035411716
1687,0.44740403,0.08430937,0.112548925,0.08286048,0.3348551,0.001448892
1688,0.5088857,0.12832664,0.16545436,0.12392435,0.34343132,0.0044022873
1689,0.46679014,0.06348779,0.08316668,0.060208946,0.38362345,0.003278844
1690,0.42825308,0.08059935,0.08887765,0.06495203,0.33937544,0.015647322
1691,0.38677734,0.098885685,0.088191666,0.06057903,0.29858568,0.038306653
1692,0.44670507,0.069615,0.096746966,0.073324054,0.34995812,-0.0037090555
1693,0.5251294,0.094497025,0.11074297,0.070886455,0.4143864,0.02361057
1694,0.51370543,0.16242944,0.16485152,0.13006079,0.34885392,0.032368645
1695,0.4004121,0.09133911,0.08682515,0.07061025,0.31358695,0.020728864
1696,0.38759857,0.07711193,0.10525117,0.078814045,0.2823474,-0.0017021149
1697,0.48847598,0.073207974,0.10781248,0.07333724,0.3806635,-0.00012926757
1698,0.49191418,0.124663904,0.13418834,0.096272424,0.35772586,0.02839148
1699,0.4642772,0.08587117,0.12017274,0.08065045,0.34410447,0.0052207187
1700,0.48406804,0.062407352,0.09536929,0.07190897,0.38869876,-0.009501621
1701,0.472192,0.07101173,0.10122013,0.077349186,0.37097186,-0.0063374564
1702,0.38840732,0.08050265,0.0923259,0.06892183,0.29608142,0.011580825
1703,0.22833236,0.037029695,0.05919554,0.04344198,0.16913682,-0.0064122863
1704,0.4953046,0.07636589,0.11109271,0.08148815,0.3842119,-0.0051222593
1705,0.3524894,0.054261357,0.08612256,0.061419796,0.26636684,-0.0071584396
1706,0.47944212,0.11323458,0.17569129,0.12398187,0.3037508,-0.010747291
1707,0.47347635,0.058532335,0.09579022,0.070202366,0.37768614,-0.011670031
1708,0.42526457,0.10634921,0.14031157,0.10604356,0.284953,0.00030564517
1709,0.39510173,0.04790294,0.07665327,0.055949192,0.31844845,-0.008046251
1710,0.42460793,0.12505135,0.14632758,0.104457185,0.27828035,0.020594165
1711,0.49042177,0.08954115,0.1303221,0.091156274,0.36009967,-0.001615122
1712,0.47451553,0.089183554,0.111092195,0.084234685,0.36342335,0.0049488693
1713,0.45168504,0.1260018,0.14241765,0.103580356,0.3092674,0.02242145
1714,0.4115832,0.061826754,0.10068625,0.077240705,0.31089693,-0.015413951
1715,0.5506456,0.116264835,0.19715436,0.14361218,0.35349125,-0.027347341
1716,0.5174698,0.0710679,0.10713861,0.0781309,0.41033122,-0.0070630014
1717,0.4824302,0.077492386,0.10264468,0.071330115,0.3797855,0.006162271
1718,0.5319107,0.08905416,0.16260341,0.110928774,0.3693073,-0.021874614
1719,0.49940112,0.06962045,0.13138786,0.098220095,0.36801326,-0.028599642
1720,0.5502811,0.10669784,0.14609343,0.101488985,0.40418768,0.0052088574
1721,0.59499884,0.11216249,0.13404605,0.09788195,0.4609528,0.014280543
1722,0.47743955,0.06299995,0.103383616,0.073240556,0.37405592,-0.010240607
1723,0.54489547,0.096942656,0.13983306,0.11472513,0.4050624,-0.017782472
1724,0.55602175,0.08909303,0.13290024,0.09062735,0.4231215,-0.0015343204
1725,0.44042206,0.09258331,0.09759527,0.06395219,0.34282678,0.02863112
1726,0.3510914,0.037461232,0.049227186,0.044063527,0.30186424,-0.0066022947
1727,0.510605,0.15092926,0.14565653,0.0979241,0.36494845,0.05300516
1728,0.29482716,0.04352485,0.05782173,0.040823657,0.23700544,0.002701193
1729,0.43973973,0.07113973,0.0933678,0.07293938,0.34637195,-0.0017996505
1730,0.4086275,0.076861404,0.11271949,0.07607896,0.29590803,0.0007824451
1731,0.41290772,0.060114566,0.10175453,0.075475216,0.31115317,-0.01536065
1732,0.3531492,0.067000665,0.08818533,0.06367023,0.26496387,0.0033304319
1733,0.4229445,0.06843186,0.061553847,0.046328735,0.36139065,0.022103127
1734,0.46744892,0.09455304,0.12854615,0.0944926,0.33890277,6.043911e-05
1735,0.42922908,0.0585315,0.092198335,0.06648799,0.33703074,-0.00795649
1736,0.5337544,0.09903459,0.13932452,0.09686668,0.3944299,0.0021679103
1737,0.47118032,0.08672987,0.09256769,0.06766153,0.37861264,0.019068338
1738,0.46220645,0.053241044,0.07775231,0.051647913,0.38445413,0.0015931316
1739,0.44124433,0.09663873,0.122827515,0.07799492,0.31841683,0.018643811
1740,0.63147885,0.033329688,0.107313536,0.062032342,0.52416533,-0.028702654
1741,0.5130353,0.10114087,0.13254282,0.096764736,0.38049248,0.0043761358
1742,0.42797735,0.06847623,0.10360856,0.07216956,0.32436877,-0.0036933273
1743,0.56547475,0.06602023,0.14667451,0.10767295,0.41880023,-0.041652724
1744,0.43398556,0.100659594,0.13776293,0.09974114,0.29622263,0.0009184554
1745,0.56407464,0.13852239,0.16664228,0.122818135,0.39743236,0.015704252
1746,0.20222253,0.042006865,0.05354886,0.041504126,0.14867367,0.0005027391
1747,0.46465668,0.10449293,0.1340787,0.088576734,0.33057797,0.015916198
1748,0.47713917,0.0996413,0.12542146,0.09678025,0.3517177,0.0028610528
1749,0.46872282,0.07200713,0.08416833,0.06412461,0.3845545,0.007882521
1750,0.4639184,0.111536756,0.1587322,0.11804439,0.30518618,-0.006507635
1751,0.28637588,0.058543596,0.06271652,0.05199316,0.22365937,0.006550435
1752,0.34449896,0.03489013,0.05544132,0.045937464,0.28905764,-0.0110473335
1753,0.4384947,0.09625217,0.12988324,0.10298216,0.30861145,-0.0067299902
1754,0.45658553,0.0834265,0.11683407,0.07921226,0.33975145,0.0042142347
1755,0.4687023,0.09554647,0.12406814,0.09772157,0.34463415,-0.0021751001
1756,0.41353974,0.09198238,0.11487559,0.084019214,0.29866415,0.007963166
1757,0.4594142,0.06535306,0.091033705,0.06297603,0.36838052,0.0023770258
1758,0.5086141,0.111853816,0.124052644,0.09984358,0.38456148,0.012010239
1759,0.3313525,0.063377686,0.10779176,0.06855104,0.22356075,-0.0051733553
1760,0.5441233,0.0870961,0.10762137,0.07901393,0.43650192,0.008082174
1761,0.48046786,0.09267149,0.12979792,0.09265462,0.35066992,1.6868114e-05
1762,0.46842015,0.045266986,0.08718286,0.054383546,0.3812373,-0.00911656
1763,0.5132522,0.08272686,0.11792545,0.0884889,0.39532673,-0.0057620406
1764,0.33715075,0.058481034,0.080912,0.056955855,0.25623876,0.0015251786
1765,0.45687026,0.04465419,0.07980729,0.05795542,0.37706298,-0.013301231
1766,0.35080448,0.054984078,0.08300291,0.0669606,0.26780158,-0.011976525
1767,0.44472906,0.061832756,0.091145486,0.06121835,0.35358357,0.0006144047
1768,0.45501918,0.096240655,0.10382638,0.080275044,0.3511928,0.01596561
1769,0.49167597,0.09637905,0.121044755,0.084301755,0.37063122,0.012077294
1770,0.5352595,0.07700225,0.1298598,0.086227916,0.40539968,-0.0092256665
1771,0.4087393,0.09323845,0.10269554,0.0648609,0.30604374,0.028377548
1772,0.42246166,0.11944221,0.13604596,0.09838911,0.2864157,0.021053098
1773,0.33053014,0.070758626,0.081259415,0.06004725,0.24927072,0.010711376
1774,0.52183485,0.09659319,0.11665847,0.075441346,0.40517637,0.021151848
1775,0.40801775,0.06740199,0.100178465,0.06788864,0.30783927,-0.00048664957
1776,0.2903744,0.053998366,0.05778272,0.0462674,0.23259167,0.0077309646
1777,0.4126594,0.09543988,0.11791079,0.075287655,0.2947486,0.020152226
1778,0.41869795,0.09287925,0.10420953,0.071928054,0.3144884,0.020951197
1779,0.52784795,0.10857134,0.15813574,0.12578684,0.3697122,-0.017215498
1780,0.43820366,0.07106174,0.09335296,0.06974174,0.34485072,0.001319997
1781,0.4802308,0.1514179,0.18747471,0.14999115,0.29275608,0.0014267415
1782,0.6534049,0.12685387,0.12522748,0.100104764,0.5281774,0.026749104
1783,0.4836679,0.07436697,0.114246726,0.088559344,0.36942118,-0.014192373
1784,0.36797857,0.06168435,0.076323286,0.05565121,0.2916553,0.006033141
1785,0.36774343,0.066422656,0.07893984,0.04827205,0.28880358,0.018150605
1786,0.47997272,0.13447331,0.16859315,0.13308725,0.31137955,0.0013860613
1787,0.41994047,0.09342473,0.12965326,0.09420689,0.2902872,-0.00078216195
1788,0.37142625,0.11328862,0.10983235,0.07809927,0.2615939,0.035189345
1789,0.44875774,0.07622947,0.09448777,0.059590876,0.35426998,0.016638592
1790,0.5085952,0.10141346,0.11533111,0.08322535,0.3932641,0.018188111
1791,0.4282099,0.0822587,0.09020136,0.070745826,0.33800852,0.011512876
1792,0.5169636,0.114319645,0.13904603,0.11126101,0.3779176,0.0030586347
1793,0.5373888,0.10677043,0.13636239,0.105626464,0.40102643,0.0011439696
1794,0.30707014,0.11210964,0.11830838,0.095797375,0.18876176,0.016312264
1795,0.4344678,0.10706402,0.12650578,0.09947666,0.307962,0.007587366
1796,0.55624825,0.07659199,0.120152876,0.08235933,0.43609536,-0.005767338
1797,0.34907508,0.045979287,0.06989919,0.04476898,0.27917588,0.0012103058
1798,0.4925095,0.08631329,0.11776717,0.083556354,0.37474233,0.0027569383
1799,0.50332016,0.07793754,0.087689504,0.06393747,0.41563064,0.014000073
1800,0.69932234,0.13148537,0.19879337,0.14628085,0.500529,-0.014795482
1801,0.46244487,0.066806674,0.11340606,0.08218728,0.3490388,-0.015380606
1802,0.46185645,0.07051996,0.10269505,0.06907652,0.3591614,0.0014434382
1803,0.4603229,0.100550696,0.10794996,0.07661168,0.35237294,0.023939013
1804,0.50523746,0.103932835,0.12213369,0.094696224,0.3831038,0.009236611
1805,0.5070707,0.09853692,0.14283976,0.10142722,0.36423096,-0.0028902963
1806,0.4498002,0.08228694,0.0932917,0.061676335,0.3565085,0.020610604
1807,0.40649867,0.110439114,0.122599244,0.085712016,0.28389943,0.024727099
1808,0.39513135,0.10483309,0.11252233,0.086419806,0.28260902,0.018413283
1809,0.46697938,0.09048562,0.1369519,0.09451241,0.3300275,-0.004026793
1810,0.45455968,0.05903253,0.10098318,0.07252074,0.3535765,-0.013488211
1811,0.47042143,0.08735317,0.122321546,0.08116112,0.3480999,0.006192051
1812,0.5669217,0.16861641,0.16386417,0.12300314,0.40305755,0.045613274
1813,0.4428367,0.06867621,0.10805768,0.07022279,0.33477902,-0.0015465766
1814,0.48960125,0.15886506,0.1814941,0.13266498,0.30810714,0.026200086
1815,0.62559247,0.21679552,0.21026006,0.16516349,0.4153324,0.05163203
1816,0.5745897,0.12921278,0.13372196,0.095138624,0.44086778,0.034074157
1817,0.29823878,0.052878477,0.058823884,0.038607106,0.2394149,0.014271371
1818,0.41303548,0.08690452,0.1297539,0.09479916,0.28328156,-0.007894643
1819,0.47421306,0.10480298,0.16575293,0.12077607,0.30846012,-0.015973091
1820,0.48894277,0.108406834,0.13574897,0.0965357,0.35319382,0.011871137
1821,0.31173408,0.09598613,0.09744433,0.07394536,0.21428975,0.02204077
1822,0.42706728,0.10693951,0.12256259,0.08643462,0.3045047,0.020504892
1823,0.5738528,0.07913059,0.1291711,0.08846521,0.44468167,-0.009334616
1824,0.40107176,0.066073276,0.08937102,0.0708886,0.31170073,-0.004815325
1825,0.32575804,0.0643552,0.08144204,0.06173001,0.244316,0.0026251934
1826,0.42603242,0.049328152,0.09853309,0.065319404,0.32749933,-0.015991252
1827,0.49399814,0.064672634,0.080667846,0.05429571,0.4133303,0.010376923
1828,0.6249453,0.12686689,0.16417977,0.12050809,0.4607655,0.0063588023
1829,0.40866742,0.09483402,0.1207278,0.09148894,0.2879396,0.0033450797
1830,0.52636445,0.11726482,0.13243851,0.08831649,0.39392594,0.02894833
1831,0.45302022,0.07495053,0.114483155,0.07115099,0.33853707,0.0037995428
1832,0.58884543,0.15077063,0.1985014,0.14885843,0.39034402,0.0019122064
1833,0.47819224,0.08237917,0.12538628,0.08991771,0.35280597,-0.007538542
1834,0.38003328,0.0815638,0.09524253,0.070363015,0.28479075,0.011200786
1835,0.55310386,0.09327676,0.1770893,0.12202998,0.37601456,-0.028753221
1836,0.3486492,0.053937532,0.09746855,0.06321553,0.25118065,-0.009277999
1837,0.48698857,0.08707413,0.1240782,0.09343732,0.3629104,-0.0063631907
1838,0.21477501,0.027936855,0.048233055,0.033051558,0.16654196,-0.0051147025
1839,0.4990625,0.080511846,0.10776826,0.07840518,0.39129424,0.0021066666
1840,0.42237335,0.095389195,0.08973256,0.061752833,0.3326408,0.03363636
1841,0.2303315,0.047632158,0.051672406,0.041817315,0.17865908,0.005814843
1842,0.29900008,0.07156318,0.08279835,0.060857464,0.21620174,0.010705713
1843,0.4976929,0.104820974,0.12827459,0.09184611,0.36941832,0.012974866
1844,0.505706,0.1153586,0.14338598,0.10529391,0.36232004,0.010064691
1845,0.44751468,0.12594491,0.12147789,0.09621511,0.3260368,0.029729806
1846,0.5491513,0.088836856,0.14392439,0.10829425,0.40522692,-0.019457392
1847,0.6265738,0.112190895,0.16347665,0.106117606,0.46309716,0.0060732886
1848,0.3631947,0.044435453,0.09343143,0.055766057,0.2697633,-0.011330605
1849,0.501981,0.11264418,0.12319466,0.09597351,0.37878636,0.016670674
1850,0.6536596,0.06351936,0.1373851,0.08542539,0.51627445,-0.021906033
1851,0.49406257,0.14135233,0.13409474,0.093771204,0.35996783,0.04758112
1852,0.4337677,0.06151759,0.10422064,0.07205685,0.32954705,-0.0105392635
1853,0.6162289,0.11257604,0.17204766,0.12424036,0.4441812,-0.0116643235
1854,0.53680897,0.10850038,0.14998102,0.11435505,0.38682795,-0.0058546737
1855,0.7855202,0.10268658,0.16180307,0.10442357,0.6237171,-0.0017369911
1856,0.49853104,0.0517869,0.120415665,0.07002987,0.3781154,-0.01824297
1857,0.486908,0.1210391,0.1244328,0.08804896,0.3624752,0.032990143
1858,0.7409981,0.094904535,0.14643942,0.084774606,0.59455866,0.010129929
1859,0.4069024,0.08774777,0.114408776,0.085187756,0.29249364,0.002560012
1860,0.7012768,0.17435011,0.18315876,0.14355668,0.518118,0.030793428
1861,0.54919195,0.056065883,0.10130397,0.07025658,0.447888,-0.0141907
1862,0.4698996,0.11688825,0.11830838,0.083906084,0.35159123,0.032982163
1863,0.42689472,0.05861332,0.09935753,0.06665371,0.32753718,-0.008040395
1864,0.3906849,0.07275177,0.10695511,0.075709306,0.2837298,-0.0029575378
1865,0.5421393,0.13414235,0.13231361,0.10164698,0.40982568,0.032495372
1866,0.3774822,0.08433112,0.108105145,0.081613205,0.26937705,0.0027179122
1867,0.3882856,0.062438533,0.067349695,0.048797272,0.3209359,0.013641261
1868,0.52934015,0.07515692,0.10031738,0.07315537,0.42902276,0.0020015463
1869,0.3017852,0.04086625,0.053268187,0.03831902,0.248517,0.0025472268
1870,0.5555653,0.09098179,0.10125724,0.078746185,0.45430806,0.012235604
1871,0.5775707,0.112023465,0.15160467,0.114040874,0.42596602,-0.0020174086
1872,0.49729243,0.11609553,0.1417201,0.11140015,0.35557234,0.0046953782
1873,0.39915723,0.10720988,0.121727884,0.091335766,0.27742934,0.015874118
1874,0.48167452,0.043230914,0.092092216,0.05647266,0.3895823,-0.0132417455
1875,0.38623062,0.06772704,0.06815289,0.04634291,0.31807774,0.021384127
1876,0.42327744,0.08461666,0.109058335,0.077010505,0.31421912,0.007606156
1877,0.43331358,0.07762713,0.096872225,0.06487666,0.33644134,0.012750469
1878,0.4328862,0.073144116,0.10996567,0.06796194,0.32292056,0.005182177
1879,0.32101017,0.08265343,0.08765519,0.060285963,0.23335499,0.02236747
1880,0.42017266,0.07326399,0.11902614,0.09425811,0.3011465,-0.02099412
1881,0.50351924,0.097798355,0.121947825,0.09439129,0.3815714,0.0034070686
1882,0.17127784,0.025349528,0.039893214,0.02904985,0.13138463,-0.0037003215
1883,0.3951429,0.059597105,0.09437604,0.055696238,0.3007669,0.003900867
1884,0.4150456,0.06227237,0.09267129,0.05868063,0.32237428,0.0035917386
1885,0.47174522,0.08524401,0.10127048,0.08105929,0.37047476,0.0041847154
1886,0.3715481,0.04804236,0.07655709,0.0491845,0.294991,-0.0011421405
1887,0.34998626,0.07598251,0.097321846,0.07053981,0.25266442,0.0054427013
1888,0.33292744,0.085752994,0.09917692,0.061292678,0.23375052,0.024460316
1889,0.42404982,0.10142723,0.12226852,0.08977737,0.3017813,0.0116498545
1890,0.27255785,0.03551912,0.05636846,0.038027223,0.2161894,-0.0025081038
1891,0.45403624,0.05182949,0.10995126,0.07364275,0.34408498,-0.021813262
1892,0.45866343,0.097235836,0.10090532,0.073480226,0.3577581,0.02375561
1893,0.54519457,0.12854393,0.15161836,0.10784098,0.3935762,0.02070295
1894,0.38269973,0.066771284,0.071643904,0.050357223,0.31105584,0.016414061
1895,0.4004788,0.091347046,0.112672254,0.08545217,0.28780657,0.005894877
1896,0.45990112,0.11268606,0.13745001,0.10615252,0.3224511,0.006533541
1897,0.57691234,0.09328878,0.12959442,0.10119201,0.44731793,-0.007903233
1898,0.34487945,0.059707135,0.10228236,0.07011848,0.24259709,-0.0104113445
1899,0.3872539,0.10223998,0.12621439,0.09084682,0.26103953,0.01139316
1900,0.46842852,0.07094571,0.10245695,0.07432301,0.36597157,-0.0033773035
1901,0.60354537,0.1287793,0.2013504,0.14576593,0.40219498,-0.016986623
1902,0.48379818,0.10783383,0.1321601,0.09332351,0.35163808,0.014510326
1903,0.52546245,0.0894279,0.1204892,0.07872671,0.40497324,0.010701194
1904,0.40278965,0.030633464,0.084336385,0.0527414,0.31845325,-0.022107936
1905,0.40261728,0.048538107,0.081738554,0.06263347,0.3208787,-0.014095362
1906,0.62140095,0.08602216,0.13421622,0.09501176,0.48718473,-0.008989602
1907,0.42018482,0.087741606,0.09640573,0.073736675,0.3237791,0.014004931
1908,0.57226175,0.07537314,0.12788531,0.09718892,0.44437644,-0.021815777
1909,0.37584776,0.023105206,0.07825991,0.057135094,0.29758784,-0.034029886
1910,0.40262833,0.10240854,0.11341186,0.09854352,0.28921646,0.003865026
1911,0.4279376,0.11265809,0.096874416,0.062436827,0.33106318,0.050221264
1912,0.5024748,0.12796654,0.122073844,0.08566048,0.38040096,0.042306058
1913,0.6961104,0.14663781,0.20524278,0.15067816,0.49086764,-0.0040403455
1914,0.3576088,0.031055314,0.07214288,0.050929505,0.28546593,-0.01987419
1915,0.45135286,0.07670621,0.116696015,0.07198154,0.33465683,0.0047246665
1916,0.4590969,0.065338396,0.09206577,0.059262432,0.36703116,0.0060759634
1917,0.41602886,0.07083427,0.09858803,0.07318569,0.31744084,-0.0023514181
1918,0.42581183,0.07130109,0.10136912,0.07747993,0.3244427,-0.006178841
1919,0.51307726,0.11025113,0.15013877,0.105261564,0.3629385,0.0049895644
1920,0.39005485,0.073975764,0.07808932,0.059660994,0.31196553,0.014314771
1921,0.48442164,0.074841276,0.1307795,0.08642059,0.35364214,-0.011579312
1922,0.5483913,0.12816381,0.1388015,0.10463575,0.40958977,0.023528062
1923,0.48272654,0.114603855,0.15190257,0.11001255,0.33082396,0.004591301
1924,0.4654868,0.124732606,0.15715754,0.11791521,0.30832925,0.006817393
1925,0.5446963,0.14338873,0.17998962,0.12397711,0.36470664,0.019411623
1926,0.48530844,0.08388562,0.13778254,0.08914317,0.3475259,-0.0052575544
1927,0.5921536,0.099900186,0.12476057,0.09196921,0.46739304,0.007930979
1928,0.44518572,0.11132816,0.13777424,0.1025578,0.3074115,0.008770362
1929,0.37825674,0.06665388,0.09472314,0.061502974,0.2835336,0.005150903
1930,0.55632436,0.08619654,0.14720887,0.10851554,0.4091155,-0.022318996
1931,0.55688477,0.12750193,0.14433509,0.11711264,0.41254967,0.010389298
1932,0.42488277,0.047491826,0.06713386,0.040523298,0.35774893,0.006968528
1933,0.16719458,0.019026855,0.04577309,0.027850902,0.121421486,-0.008824047
1934,0.4431395,0.10186139,0.12940931,0.09485581,0.31373018,0.00700558
1935,0.40923205,0.05524322,0.099961355,0.06808952,0.30927068,-0.012846302
1936,0.39351654,0.08929375,0.11913073,0.080534965,0.2743858,0.008758783
1937,0.5155115,0.09999304,0.12976198,0.095026106,0.38574952,0.004966937
1938,0.44615033,0.058524955,0.101043,0.07378056,0.34510732,-0.015255604
1939,0.26677358,0.065585986,0.10079037,0.077572554,0.16598321,-0.011986569
1940,0.3946382,0.055811904,0.075282015,0.0563218,0.3193562,-0.0005098954
1941,0.72719556,0.15475048,0.17163812,0.11164713,0.5555574,0.043103352
1942,0.39438567,0.06779807,0.100617364,0.067129105,0.2937683,0.0006689653
1943,0.4822221,0.0919772,0.100624815,0.076582424,0.38159728,0.015394777
1944,0.37406433,0.08136482,0.119911335,0.08029349,0.25415298,0.0010713264
1945,0.44015777,0.0745574,0.11565165,0.08548889,0.3245061,-0.010931492
1946,0.39664337,0.056648586,0.08600493,0.06252446,0.31063843,-0.0058758743
1947,0.42269453,0.05799025,0.122753,0.08411877,0.29994154,-0.02612852
1948,0.48012158,0.08326474,0.12611294,0.0938302,0.35400864,-0.01056546
1949,0.40685496,0.063336834,0.08713277,0.05629767,0.31972218,0.0070391633
1950,0.35334933,0.06880862,0.10005071,0.071241625,0.2532986,-0.002433002
1951,0.51505566,0.091119945,0.1447586,0.11426375,0.37029707,-0.023143806
1952,0.4152658,0.08245259,0.12164817,0.09408809,0.29361764,-0.011635505
1953,0.34951797,0.13460433,0.14852971,0.12513843,0.20098826,0.009465903
1954,0.35481575,0.092350364,0.13432766,0.09214507,0.22048809,0.0002052933
1955,0.17853788,0.027628643,0.038470224,0.024868125,0.14006765,0.0027605183
1956,0.6090258,0.06909795,0.09533174,0.066535115,0.51369405,0.0025628358
1957,0.5092971,0.09652468,0.143735,0.09679271,0.36556208,-0.00026803464
1958,0.5061424,0.111409545,0.15352501,0.10356674,0.35261738,0.0078428015
1959,0.5338467,0.1654253,0.19888051,0.1517065,0.33496618,0.013718799
1960,0.3832966,0.08642596,0.11481557,0.07660554,0.26848105,0.009820417
1961,0.35081917,0.0698441,0.094925724,0.06388359,0.25589344,0.005960509
1962,0.46379894,0.047324676,0.094882116,0.07105468,0.3689168,-0.023730006
1963,0.45397177,0.0561129,0.08916323,0.0692116,0.36480856,-0.013098702
1964,0.43674463,0.13186109,0.14027816,0.09861379,0.29646647,0.0332473
1965,0.6208958,0.13532472,0.1854835,0.1338807,0.4354123,0.0014440119
1966,0.6785653,0.25730336,0.33347863,0.26329547,0.3450867,-0.0059921145
1967,0.57989305,0.11705347,0.13140173,0.10457592,0.44849133,0.012477554
1968,0.6040724,0.17150609,0.19562684,0.15533593,0.40844554,0.016170159
1969,0.44287533,0.0913309,0.12497976,0.08193714,0.31789556,0.009393759
1970,0.44750088,0.069924854,0.10829991,0.0695948,0.33920097,0.00033005327
1971,0.51287526,0.09020423,0.1361523,0.09338964,0.37672296,-0.0031854063
1972,0.48460945,0.07467082,0.06860562,0.056108963,0.41600382,0.018561859
1973,0.32819003,0.068605036,0.086039916,0.06444494,0.24215011,0.0041600987
1974,0.53032464,0.11026898,0.12399775,0.09868045,0.4063269,0.011588529
1975,0.4440319,0.07625808,0.08995755,0.06292238,0.35407436,0.013335697
1976,0.4418485,0.07935542,0.10721673,0.070216104,0.33463174,0.009139314
1977,0.22406702,0.01903822,0.03598648,0.029819239,0.18808053,-0.010781018
1978,0.5214864,0.0911403,0.15609767,0.10568708,0.36538875,-0.014546782
1979,0.513143,0.06998071,0.1435902,0.10654001,0.3695528,-0.0365593
1980,0.51067525,0.12327783,0.18719873,0.14113975,0.32347652,-0.017861918
1981,0.24248941,0.050407197,0.07541405,0.047904477,0.16707537,0.0025027208
1982,0.40457472,0.104461774,0.10756846,0.07665467,0.29700625,0.027807102
1983,0.49104518,0.1002396,0.14633352,0.11795069,0.34471166,-0.017711096
1984,0.5061323,0.050008625,0.08302984,0.05884155,0.42310247,-0.008832924
1985,0.6268649,0.13593766,0.15742227,0.1222765,0.46944264,0.013661161
1986,0.48255792,0.08937638,0.1186566,0.08861968,0.36390132,0.0007567033
1987,0.41178942,0.07670857,0.10718261,0.07442571,0.3046068,0.002282858
1988,0.5965005,0.13031536,0.1612955,0.11954371,0.435205,0.010771655
1989,0.5188796,0.1264319,0.15152417,0.10359719,0.3673554,0.02283471
1990,0.3863498,0.056067903,0.08777401,0.06568301,0.2985758,-0.009615105
1991,0.55644023,0.083084,0.092170835,0.07158476,0.4642694,0.011499241
1992,0.47512132,0.08589737,0.11222714,0.07750119,0.36289418,0.0083961785
1993,0.4792791,0.10068263,0.13713737,0.09963767,0.34214175,0.0010449588
1994,0.38035873,0.05184787,0.06640844,0.053748023,0.3139503,-0.0019001514
1995,0.38293123,0.02395245,0.070623815,0.045464892,0.31230742,-0.021512441
1996,0.5364784,0.090641014,0.14648041,0.09918891,0.389998,-0.008547895
1997,0.473376,0.08078036,0.1379163,0.09332055,0.3354597,-0.012540191
1998,0.48201075,0.11359055,0.103377126,0.07546427,0.37863362,0.038126282
1999,0.45344803,0.06782598,0.12708618,0.08594476,0.32636184,-0.018118776
2000,0.4771238,0.1148945,0.11021922,0.087577984,0.3669046,0.027316518
2001,0.575907,0.055783268,0.12612574,0.08476131,0.44978124,-0.028978039
2002,0.41096774,0.10700497,0.106384054,0.07322295,0.30458367,0.03378202
2003,0.49960646,0.13201882,0.1293009,0.10134955,0.37030554,0.030669272
2004,0.41601598,0.09431604,0.11114143,0.07971798,0.30487454,0.014598064
2005,0.36076334,0.11309405,0.11868849,0.08589323,0.24207485,0.027200818
2006,0.5701613,0.12295745,0.14818901,0.103194,0.42197227,0.019763455
2007,0.43863374,0.11824322,0.16174407,0.115327835,0.27688968,0.0029153824
2008,0.35108602,0.07047535,0.1075475,0.075212166,0.24353853,-0.0047368184
2009,0.5051748,0.07844692,0.09531276,0.07188832,0.40986204,0.006558597
2010,0.4802549,0.07538194,0.107293926,0.070457265,0.37296095,0.0049246773
2011,0.43116096,0.088278696,0.10555644,0.07878854,0.3256045,0.009490155
2012,0.3516293,0.07904011,0.1610659,0.10807495,0.19056338,-0.029034838
2013,0.3975369,0.06454374,0.13185653,0.08656408,0.26568037,-0.02202034
2014,0.49340454,0.088271774,0.11715551,0.08200808,0.37624902,0.0062636957
2015,0.4926123,0.07085564,0.13516255,0.092455685,0.35744977,-0.021600045
2016,0.45083594,0.09353118,0.13372454,0.10216691,0.3171114,-0.008635737
2017,0.43187928,0.077155195,0.10962548,0.07673075,0.3222538,0.00042444468
2018,0.53718513,0.08297836,0.13289456,0.098034024,0.40429056,-0.015055664
2019,0.40701243,0.081783704,0.11970198,0.075817846,0.28731045,0.0059658587
2020,0.36600378,0.09576118,0.1134523,0.08420588,0.2525515,0.011555299
2021,0.43328106,0.06846805,0.087375484,0.06962476,0.34590557,-0.0011567101
2022,0.38698962,0.05699109,0.100851,0.06448971,0.28613862,-0.007498618
2023,0.51992923,0.09929244,0.16068113,0.10835062,0.3592481,-0.0090581775
2024,0.24058509,0.07551338,0.07534484,0.050082367,0.16524026,0.02543101
2025,0.45334876,0.08949346,0.11387116,0.09055638,0.3394776,-0.0010629222
2026,0.34702742,0.07406466,0.08476103,0.05985977,0.2622664,0.014204886
2027,0.45584318,0.09793424,0.10900444,0.08086892,0.34683874,0.017065316
2028,0.59949714,0.14271493,0.18416636,0.14850073,0.41533077,-0.005785793
2029,0.54379874,0.049969118,0.1166354,0.07271452,0.42716336,-0.022745404
2030,0.4333599,0.109699175,0.1694341,0.11560768,0.2639258,-0.005908504
2031,0.5714256,0.14782356,0.18932624,0.13565621,0.3820994,0.012167349
2032,0.31937465,0.036886256,0.057218485,0.03507442,0.26215616,0.0018118359
2033,0.49525133,0.07678955,0.086083226,0.06077102,0.4091681,0.016018532
2034,0.3617301,0.076864704,0.10699131,0.08466678,0.25473878,-0.0078020766
2035,0.3748439,0.081502154,0.09833513,0.06857206,0.27650875,0.012930095
2036,0.37292147,0.05936124,0.09122835,0.0639862,0.2816931,-0.0046249554
2037,0.47595772,0.037996203,0.08711469,0.06273564,0.38884303,-0.024739437
2038,0.50153834,0.104464956,0.1506505,0.105420254,0.35088784,-0.00095529854
2039,0.5226543,0.1462018,0.15906364,0.11320879,0.36359066,0.03299301
2040,0.5294488,0.11465711,0.12440418,0.09607965,0.40504462,0.018577464
2041,0.48230407,0.09596176,0.110608146,0.08299444,0.37169594,0.012967318
2042,0.5056437,0.11026344,0.1353327,0.10219957,0.37031102,0.008063868
2043,0.39540216,0.10943123,0.12771314,0.1050835,0.26768902,0.0043477267
2044,0.6114309,0.09608931,0.17364784,0.12042282,0.43778306,-0.024333507
2045,0.4588861,0.06422517,0.10700575,0.06864984,0.35188034,-0.0044246763
2046,0.47333884,0.06330989,0.083155915,0.055977594,0.3901829,0.007332299
2047,0.5706466,0.04470807,0.11752466,0.08625624,0.45312193,-0.041548174
2048,0.50196534,0.099680685,0.12419256,0.09351115,0.37777278,0.006169535
2049,0.35984734,0.106875494,0.12064024,0.09032416,0.23920709,0.01655133
2050,0.4829898,0.08086298,0.09246876,0.064720534,0.39052102,0.016142443
2051,0.4813388,0.0993842,0.14745857,0.114121936,0.33388025,-0.014737733
2052,0.57306933,0.07051183,0.09595181,0.07103807,0.47711754,-0.0005262345
2053,0.46327272,0.07488385,0.07564097,0.055879593,0.38763174,0.019004256
2054,0.40095624,0.12137723,0.14090316,0.11082737,0.2600531,0.010549858
2055,0.5761332,0.13384895,0.15639588,0.10841195,0.4197373,0.025436997
2056,0.36591905,0.079948194,0.09821619,0.07286487,0.26770288,0.0070833266
2057,0.62272954,0.07266195,0.12095924,0.076601826,0.5017703,-0.0039398745
2058,0.4762453,0.07762408,0.114163116,0.06716392,0.36208218,0.010460161
2059,0.3804916,0.066176884,0.084313825,0.0638874,0.2961778,0.0022894815
2060,0.5769728,0.16819833,0.16227567,0.12150214,0.4146971,0.046696194
2061,0.38544977,0.04911634,0.08976041,0.05670779,0.29568934,-0.0075914487
2062,0.41505498,0.07460514,0.122385815,0.07766167,0.29266918,-0.0030565336
2063,0.16477287,0.03677115,0.04139788,0.035642423,0.12337498,0.0011287257
2064,0.51187193,0.07325976,0.10183935,0.06712055,0.41003257,0.0061392114
2065,0.5457914,0.10415277,0.14094506,0.10578098,0.4048463,-0.0016282126
2066,0.43446192,0.050860684,0.08400633,0.0592651,0.35045558,-0.008404415
2067,0.43194968,0.08319376,0.1032161,0.07178807,0.32873356,0.011405684
2068,0.43317723,0.059793428,0.09228825,0.06700693,0.34088898,-0.007213503
2069,0.4628593,0.088617735,0.14647129,0.104071185,0.316388,-0.01545345
2070,0.35632795,0.11459339,0.1348939,0.10211234,0.22143406,0.012481049
2071,0.52489376,0.10464425,0.13234481,0.095917165,0.39254895,0.008727081
2072,0.3668404,0.06841179,0.09030153,0.06324602,0.27653885,0.0051657706
2073,0.43505317,0.058731187,0.083920084,0.062354933,0.35113308,-0.0036237463
2074,0.45222908,0.08093354,0.13155876,0.091289975,0.3206703,-0.010356434
2075,0.5310631,0.085905984,0.1426156,0.10576651,0.38844746,-0.019860528
2076,0.4902234,0.096049264,0.1352723,0.10208865,0.3549511,-0.0060393885
2077,0.6044865,0.20734224,0.2428197,0.18091097,0.36166683,0.026431262
2078,0.44658324,0.093808256,0.13321212,0.09804463,0.31337112,-0.0042363703
2079,0.4282048,0.088507764,0.11131116,0.08652484,0.31689364,0.0019829273
2080,0.5407832,0.09672038,0.121367216,0.088583484,0.419416,0.008136898
2081,0.38491148,0.06360013,0.10718217,0.0710335,0.2777293,-0.0074333698
2082,0.57629126,0.1276477,0.21788621,0.1524268,0.35840505,-0.024779096
2083,0.46516544,0.08596009,0.15388818,0.1082081,0.31127727,-0.022248007
2084,0.5814822,0.103192955,0.13471238,0.10018736,0.44676977,0.003005594
2085,0.37961856,0.07380089,0.0801457,0.050845064,0.29947287,0.022955827
2086,0.56473786,0.18462378,0.21566495,0.15999092,0.3490729,0.024632856
2087,0.4559035,0.070353284,0.05166749,0.03475079,0.40423602,0.035602495
2088,0.52595615,0.10473066,0.13427007,0.097476624,0.39168608,0.0072540343
2089,0.41836563,0.055703595,0.09963449,0.06747343,0.31873113,-0.011769831
2090,0.4079549,0.06940672,0.09700814,0.06267297,0.31094676,0.0067337453
2091,0.46715188,0.13980724,0.12881862,0.08233397,0.33833325,0.057473272
2092,0.47107282,0.07812208,0.11075044,0.08167332,0.3603224,-0.0035512373
2093,0.361704,0.067082025,0.10842319,0.0685236,0.25328082,-0.0014415756
2094,0.35186392,0.09804983,0.10882976,0.07721721,0.24303415,0.02083262
2095,0.39700124,0.078870185,0.091037415,0.061448693,0.3059638,0.017421491
2096,0.52393275,0.13172682,0.14264217,0.11153649,0.38129058,0.020190328
2097,0.6473671,0.13879128,0.16791311,0.13106391,0.479454,0.0077273697
2098,0.58730036,0.13022056,0.1490666,0.11230755,0.43823376,0.017913014
2099,0.39014632,0.039469812,0.08948644,0.061191987,0.30065987,-0.021722175
2100,0.53901833,0.051535845,0.103098735,0.065265775,0.43591958,-0.01372993
2101,0.39087787,0.05812743,0.09850765,0.06465601,0.29237023,-0.0065285824
2102,0.51809776,0.10528086,0.14615306,0.10990816,0.3719447,-0.0046273023
2103,0.51716447,0.08543363,0.11107457,0.07212537,0.4060899,0.013308264
2104,0.45659283,0.09073838,0.11392418,0.08940034,0.34266865,0.0013380349
2105,0.36199826,0.07699382,0.078550115,0.05525949,0.28344816,0.021734335
2106,0.46769753,0.11122771,0.10817061,0.08043506,0.35952693,0.030792654
2107,0.33578792,0.05532039,0.10884414,0.07165329,0.22694379,-0.016332902
2108,0.46362048,0.12954791,0.16554137,0.1292595,0.29807913,0.00028841197
2109,0.5792472,0.12597603,0.17582856,0.1372196,0.4034186,-0.011243567
2110,0.48476663,0.12550512,0.1486046,0.1191894,0.33616203,0.006315723
2111,0.61933565,0.02618086,0.12635449,0.07614949,0.49298117,-0.049968634
2112,0.41781297,0.09527488,0.108389735,0.07966169,0.30942324,0.015613191
2113,0.48675635,0.110431865,0.13124469,0.09564394,0.35551167,0.014787927
2114,0.3790919,0.11625711,0.09401976,0.07143605,0.28507212,0.04482106
2115,0.5114597,0.11026473,0.1391342,0.09784803,0.3723255,0.0124167055
2116,0.3804887,0.03669496,0.10357994,0.06096548,0.27690876,-0.02427052
2117,0.6037958,0.22517689,0.23804076,0.17092212,0.36575508,0.05425477
2118,0.4557979,0.11545673,0.14508098,0.09885134,0.31071693,0.016605392
2119,0.36961848,0.079210274,0.097651266,0.07553783,0.2719672,0.0036724433
2120,0.5444724,0.09694609,0.120957494,0.08245437,0.4235149,0.014491722
2121,0.64512837,0.04275017,0.061172593,0.040867887,0.58395576,0.0018822812
2122,0.26830444,0.061340176,0.07167789,0.060334206,0.19662654,0.0010059699
2123,0.56704724,0.14789197,0.17997101,0.12449694,0.38707623,0.023395032
2124,0.43577126,0.16448164,0.15370792,0.11486353,0.28206334,0.04961811
2125,0.5097357,0.12451258,0.096842244,0.06549889,0.41289347,0.059013695
2126,0.27391812,0.052164495,0.06589581,0.049173705,0.20802231,0.0029907897
2127,0.5339264,0.0949452,0.14296079,0.10313763,0.39096564,-0.008192427
2128,0.38602597,0.06468261,0.08799216,0.0598445,0.2980338,0.004838109
2129,0.3536119,0.06872945,0.08494787,0.059516467,0.268664,0.009212986
2130,0.35811028,0.06817194,0.086379535,0.06350968,0.27173075,0.0046622604
2131,0.5789305,0.025904782,0.03632248,0.022188451,0.542608,0.003716331
2132,0.37766063,0.0727795,0.08924252,0.06302865,0.2884181,0.0097508505
2133,0.35863686,0.07694538,0.09419512,0.07069073,0.26444173,0.0062546507
2134,0.46369496,0.09014202,0.12055652,0.08561236,0.34313846,0.0045296624
2135,0.5939411,0.1364903,0.16669503,0.12510532,0.42724606,0.011384979
2136,0.34172693,0.05381481,0.07177256,0.049675256,0.26995438,0.0041395538
2137,0.43841028,0.06174186,0.08827299,0.059912015,0.3501373,0.001829844
2138,0.6605417,0.13840355,0.19091497,0.14810269,0.46962672,-0.009699136
2139,0.526298,0.095952824,0.10618488,0.07350861,0.42011312,0.022444211
2140,0.63029814,0.090379275,0.11164522,0.08100332,0.5186529,0.009375952
2141,0.5075234,0.12112568,0.13566609,0.10586013,0.37185735,0.015265554
2142,0.56781626,0.099494316,0.13973448,0.09927924,0.42808178,0.00021507591
2143,0.56424665,0.08666126,0.114938065,0.07893464,0.44930857,0.007726617
2144,0.25403684,0.058450013,0.085014015,0.054966986,0.16902283,0.0034830272
2145,0.5170865,0.06466751,0.10868784,0.078355886,0.40839866,-0.013688378
2146,0.55769646,0.14212066,0.19268396,0.1383874,0.3650125,0.0037332624
2147,0.4100039,0.049455408,0.07583396,0.055531383,0.33416992,-0.0060759746
2148,0.4367718,0.070852734,0.10422802,0.07586906,0.3325438,-0.005016327
2149,0.47758183,0.06355964,0.11726936,0.08145902,0.36031246,-0.017899387
2150,0.53472006,0.12880689,0.16898833,0.120138705,0.36573172,0.008668184
2151,0.07826713,0.01381634,0.019610839,0.012039354,0.05865629,0.0017769858
2152,0.27959275,0.055479746,0.07462553,0.05827732,0.20496723,-0.0027975738
2153,0.4539583,0.073845066,0.11954774,0.072861634,0.33441055,0.0009834319
2154,0.51220894,0.12983203,0.1748549,0.12790452,0.33735403,0.0019275099
2155,0.3499312,0.06705454,0.099124394,0.077961005,0.2508068,-0.010906465
2156,0.527249,0.08879406,0.14796782,0.09115052,0.37928116,-0.0023564622
2157,0.42716733,0.075282454,0.10290656,0.075822406,0.32426077,-0.000539951
2158,0.49967113,0.12814821,0.1691368,0.12271474,0.33053434,0.00543347
2159,0.5023365,0.11113982,0.14574926,0.11164111,0.35658723,-0.00050128996
2160,0.48284954,0.054875292,0.07462503,0.056834023,0.40822452,-0.0019587316
2161,0.47959077,0.11053391,0.10120554,0.07192018,0.37838525,0.03861373
2162,0.592184,0.14429328,0.1805956,0.13747092,0.4115884,0.0068223625
2163,0.29034725,0.06523965,0.07992988,0.055755615,0.21041736,0.009484038
2164,0.47434178,0.089138746,0.13156803,0.09138279,0.34277374,-0.0022440404
2165,0.45378473,0.11369482,0.13087848,0.1027385,0.32290626,0.010956317
2166,0.49064642,0.117715724,0.13782553,0.09281903,0.35282087,0.024896696
2167,0.3406791,0.076373,0.11746411,0.079410575,0.223215,-0.003037572
2168,0.40154377,0.06991102,0.08540436,0.055840176,0.3161394,0.014070842
2169,0.5504319,0.114509866,0.14398268,0.11498238,0.40644923,-0.00047251582
2170,0.43969887,0.07525772,0.11538011,0.07584059,0.32431877,-0.0005828738
2171,0.36682624,0.08386368,0.08149083,0.06144787,0.28533542,0.022415813
2172,0.38484004,0.04235504,0.0586047,0.03572007,0.32623535,0.0066349693
2173,0.6546526,0.08322084,0.15671553,0.112871334,0.49793708,-0.029650494
2174,0.57295626,0.07832791,0.12737963,0.08483826,0.44557664,-0.0065103546
2175,0.48234633,0.07565629,0.09465315,0.07147786,0.38769317,0.004178427
2176,0.5136946,0.08597511,0.13075176,0.0925463,0.38294283,-0.0065711886
2177,0.44352588,0.065200485,0.10590962,0.07376706,0.33761626,-0.008566573
2178,0.37498328,0.077320084,0.12500255,0.08315636,0.24998073,-0.005836278
2179,0.46598506,0.07790197,0.13155739,0.08389364,0.33442765,-0.005991675
2180,0.61682445,0.14318639,0.20670876,0.1581394,0.4101157,-0.014953002
2181,0.4185039,0.07438761,0.11616359,0.07755784,0.30234033,-0.0031702295
2182,0.46971658,0.0740839,0.118149474,0.08237755,0.3515671,-0.008293651
2183,0.5055791,0.06815286,0.14951353,0.097226225,0.35606557,-0.029073365
2184,0.41255727,0.08043239,0.119124934,0.085270524,0.29343235,-0.0048381314
2185,0.56443286,0.08898159,0.13167629,0.089061044,0.43275657,-7.945299e-05
2186,0.5130986,0.07538411,0.11390076,0.08057188,0.39919785,-0.005187772
2187,0.415405,0.059667636,0.09846486,0.07359959,0.31694013,-0.013931956
2188,0.5854919,0.0801194,0.09713323,0.075094156,0.48835868,0.0050252452
2189,0.52232987,0.09068607,0.07412102,0.051461093,0.44820884,0.039224975
2190,0.604581,0.07908439,0.119290926,0.08220282,0.48529008,-0.003118433
2191,0.41419256,0.0852315,0.10484815,0.07938864,0.3093444,0.005842857
2192,0.55441266,0.02754682,0.1083015,0.06746285,0.44611117,-0.039916027
2193,0.4567504,0.09509009,0.13166514,0.09603854,0.32508525,-0.00094845146
2194,0.5333856,0.13883445,0.18405826,0.13480785,0.34932733,0.004026592
2195,0.53103536,0.08572161,0.091967896,0.070348606,0.43906748,0.015373006
2196,0.5562219,0.08473156,0.135337,0.097554564,0.4208849,-0.012823008
2197,0.41396248,0.06841736,0.11303407,0.08383489,0.3009284,-0.015417524
2198,0.47017398,0.10747896,0.11570404,0.08452214,0.35446995,0.022956818
2199,0.43067607,0.12800434,0.13607714,0.09469547,0.29459894,0.03330887
2200,0.4480407,0.05534258,0.08051936,0.053465046,0.36752135,0.0018775351
2201,0.47496155,0.08868437,0.1455782,0.09095161,0.32938334,-0.002267234
2202,0.4360065,0.06183338,0.07429696,0.057177864,0.36170954,0.0046555176
2203,0.4583202,0.07779948,0.14460623,0.09541565,0.31371397,-0.017616175
2204,0.43475863,0.08144651,0.090467736,0.06440823,0.3442909,0.017038286
2205,0.42410752,0.086729154,0.11910014,0.07946949,0.3050074,0.007259667
2206,0.32403743,0.03762169,0.07452063,0.046767335,0.2495168,-0.009145644
2207,0.521088,0.107389145,0.11937027,0.09261301,0.40171772,0.014776133
2208,0.49256057,0.06734754,0.123446286,0.081045985,0.36911428,-0.013698444
2209,0.42795005,0.09126009,0.10114708,0.066137746,0.32680297,0.025122344
2210,0.50964516,0.10179219,0.13898441,0.098063506,0.37066075,0.0037286803
2211,0.48077416,0.0812838,0.1070139,0.07670166,0.37376025,0.004582137
2212,0.4921627,0.09919026,0.116236314,0.086261846,0.37592638,0.012928411
2213,0.41191012,0.065088116,0.11126311,0.07324053,0.30064702,-0.008152418
2214,0.51402014,0.09078765,0.12720077,0.0957901,0.38681936,-0.005002454
2215,0.49765956,0.10703878,0.1362271,0.10689101,0.36143246,0.00014776736
2216,0.4341739,0.08545037,0.14391993,0.09063003,0.290254,-0.0051796585
2217,0.46348345,0.06453194,0.106577896,0.07112009,0.35690555,-0.0065881535
2218,0.6299584,0.080412075,0.12864123,0.09244105,0.50131714,-0.012028977
2219,0.13865797,0.03877795,0.04881706,0.037235755,0.08984091,0.0015421957
2220,0.29092273,0.057806488,0.06761458,0.058646917,0.22330815,-0.0008404292
2221,0.42973068,0.07449344,0.11111011,0.08207925,0.31862056,-0.0075858086
2222,0.48345494,0.09570057,0.12400439,0.088546805,0.35945055,0.0071537644
2223,0.4851704,0.080528125,0.14574239,0.0993772,0.339428,-0.018849075
2224,0.4777525,0.11636076,0.13091916,0.09339915,0.34683335,0.022961609
2225,0.55608284,0.053160757,0.107027866,0.065640226,0.449055,-0.012479469
2226,0.47827977,0.09461893,0.11553083,0.07436684,0.36274892,0.020252094
2227,0.57482165,0.07733369,0.1278221,0.08668569,0.44699955,-0.009351999
2228,0.45504314,0.11590569,0.1728931,0.12893662,0.28215003,-0.013030931
2229,0.4210388,0.09773616,0.14046982,0.10089676,0.280569,-0.0031606033
2230,0.40092346,0.07427813,0.089702226,0.067492664,0.31122124,0.0067854673
2231,0.3950718,0.06740185,0.09102539,0.06540974,0.30404642,0.0019921064
2232,0.58800817,0.14396797,0.12109184,0.08634143,0.46691632,0.057626538
2233,0.38678986,0.12624907,0.14849374,0.11708003,0.23829612,0.009169042
2234,0.4431461,0.09605068,0.10781805,0.0814188,0.33532804,0.014631882
2235,0.5494041,0.10990145,0.105073966,0.076694496,0.44433013,0.033206955
2236,0.5066109,0.08870862,0.10992509,0.08080201,0.39668578,0.007906608
2237,0.4673804,0.05063669,0.110830806,0.064832434,0.3565496,-0.014195744
2238,0.34574082,0.04347716,0.06730534,0.04589172,0.27843547,-0.0024145618
2239,0.44302717,0.072380036,0.10109506,0.070023574,0.34193212,0.0023564622
2240,0.53526026,0.12873405,0.18573675,0.126968,0.3495235,0.0017660558
2241,0.3694303,0.078824535,0.07783525,0.053900987,0.29159504,0.024923548
2242,0.6050312,0.09808981,0.15705362,0.1216133,0.44797757,-0.023523495
2243,0.38363144,0.10121942,0.110018075,0.07790883,0.27361336,0.023310594
2244,0.49981287,0.10895459,0.17392561,0.11657645,0.32588726,-0.0076218545
2245,0.29427165,0.048349697,0.07494248,0.047394432,0.21932918,0.000955265
2246,0.44217426,0.117237166,0.10686737,0.0779225,0.33530688,0.039314665
2247,0.43305847,0.09384972,0.08644833,0.06190011,0.34661013,0.03194961
2248,0.28572702,0.046536777,0.09981928,0.061991163,0.18590775,-0.015454385
2249,0.40175325,0.09044951,0.094665505,0.062006973,0.30708775,0.02844254
2250,0.27909058,0.037592147,0.058859486,0.04410089,0.2202311,-0.0065087453
2251,0.46124464,0.082348175,0.11820779,0.081550844,0.34303686,0.00079733133
2252,0.47462988,0.07794462,0.10726094,0.08227792,0.36736894,-0.004333295
2253,0.49588123,0.13739544,0.15471257,0.120775685,0.34116864,0.016619757
2254,0.46670195,0.11714144,0.14618574,0.09895905,0.32051623,0.01818239
2255,0.4385103,0.062351797,0.088475294,0.06623734,0.350035,-0.003885541
2256,0.35128132,0.09959789,0.072183,0.050929386,0.27909833,0.048668507
2257,0.5527835,0.07878267,0.13647659,0.08042347,0.4163069,-0.0016407967
2258,0.44889954,0.041225545,0.08555208,0.0648218,0.36334747,-0.023596257
2259,0.36038893,0.08734133,0.100808516,0.07356791,0.25958043,0.013773419
2260,0.55688053,0.10868005,0.13282809,0.095363125,0.42405245,0.013316922
2261,0.38353598,0.0638651,0.097899795,0.07147991,0.2856362,-0.0076148063
2262,0.38694057,0.06754635,0.0844796,0.060209215,0.30246097,0.007337138
2263,0.49347085,0.10731023,0.113053754,0.09080927,0.3804171,0.016500957
2264,0.2794924,0.11697804,0.12840053,0.10643133,0.15109187,0.010546714
2265,0.515297,0.111516476,0.14090869,0.09838116,0.3743883,0.013135314
2266,0.6647079,0.13994236,0.17693242,0.12765579,0.48777547,0.012286574
2267,0.40243644,0.07945962,0.10136664,0.06666774,0.3010698,0.0127918795
2268,0.45902944,0.09175791,0.10522443,0.069380164,0.353805,0.022377744
2269,0.49440372,0.12734157,0.13536341,0.099287264,0.35904032,0.028054304
2270,0.4580848,0.08666235,0.12640448,0.08668564,0.3316803,-2.3290515e-05
2271,0.5816842,0.050462823,0.08731073,0.059152693,0.49437344,-0.008689869
2272,0.57183397,0.11199783,0.145964,0.10494541,0.42586997,0.0070524216
2273,0.49515268,0.11920984,0.13552849,0.0962214,0.3596242,0.022988439
2274,0.49452737,0.07798999,0.09429496,0.06994744,0.4002324,0.008042552
2275,0.43779904,0.04950207,0.07204499,0.049454212,0.36575404,4.7858804e-05
2276,0.43968546,0.107676335,0.1262785,0.09690409,0.31340694,0.010772243
2277,0.5383617,0.088040434,0.13252321,0.0849638,0.40583852,0.0030766353
2278,0.48885733,0.1078857,0.14811473,0.098045304,0.3407426,0.009840399
2279,0.47497767,0.08484867,0.09550217,0.07140102,0.3794755,0.01344765
2280,0.4969724,0.08896088,0.11667697,0.07985992,0.38029546,0.009100959
2281,0.45467493,0.08899032,0.11531399,0.07982945,0.33936095,0.009160876
2282,0.48667058,0.0844974,0.08381854,0.063126676,0.40285206,0.021370724
2283,0.42619944,0.07960732,0.102604285,0.073876694,0.32359517,0.005730629
2284,0.5121163,0.08931166,0.11451559,0.08581207,0.3976007,0.0034995899
2285,0.60495365,0.062408715,0.1378563,0.08977042,0.46709734,-0.027361706
2286,0.49003032,0.060108323,0.08873842,0.06219076,0.4012919,-0.0020824373
2287,0.5895491,0.13807029,0.21244404,0.15229256,0.3771051,-0.014222279
2288,0.48333526,0.11449962,0.12696448,0.086769,0.35637078,0.027730621
2289,0.45997185,0.0882638,0.1129842,0.07937599,0.34698763,0.0088878125
2290,0.47865537,0.038717326,0.09350725,0.070635505,0.3851481,-0.03191818
2291,0.40872714,0.07887461,0.09327197,0.06813181,0.31545517,0.010742798
2292,0.47076207,0.13415945,0.16514222,0.12907334,0.30561984,0.005086109
2293,0.5188317,0.09509467,0.11134273,0.08179323,0.40748894,0.013301447
2294,0.4469941,0.06619507,0.08569089,0.06027667,0.3613032,0.005918402
2295,0.48036864,0.07904034,0.089263044,0.06959099,0.3911056,0.009449348
2296,0.48652944,0.1117873,0.18246947,0.115654744,0.30405998,-0.0038674474
2297,0.38001972,0.056102414,0.07458601,0.041941576,0.30543372,0.014160838
2298,0.50883263,0.12679496,0.15541995,0.10658356,0.3534127,0.020211406
2299,0.3419309,0.038921326,0.068187416,0.04248118,0.27374348,-0.0035598539
2300,0.57586956,0.12262093,0.12304586,0.092504635,0.4528237,0.030116297
2301,0.5016267,0.051050454,0.111607574,0.07336253,0.3900191,-0.022312075
2302,0.55799216,0.0986937,0.1354197,0.08865267,0.42257246,0.010041028
2303,0.5259767,0.16802447,0.17764468,0.1426014,0.34833205,0.025423065
2304,0.5225743,0.10912167,0.12159099,0.0975105,0.40098333,0.011611171
2305,0.35004148,0.050194934,0.08440003,0.06778163,0.26564145,-0.017586693
2306,0.46493632,0.10592649,0.12740669,0.0974801,0.33752963,0.008446388
2307,0.4592171,0.11836707,0.114768825,0.078540266,0.34444827,0.039826803
2308,0.6324773,0.12026348,0.16323425,0.12695393,0.46924305,-0.00669045
2309,0.52626693,0.13924685,0.17108494,0.12292045,0.355182,0.016326398
2310,0.5873423,0.13805194,0.16956142,0.12398149,0.4177809,0.014070451
2311,0.53044444,0.10490593,0.104162335,0.077015795,0.4262821,0.027890138
2312,0.49303642,0.11312917,0.16380681,0.10922138,0.3292296,0.0039077923
2313,0.4632169,0.1401757,0.1733836,0.13344225,0.2898333,0.0067334473
2314,0.441425,0.10798761,0.10045825,0.07177285,0.34096676,0.03621476
2315,0.29203185,0.05736585,0.08314843,0.06730812,0.20888343,-0.009942271
2316,0.32716456,0.038635254,0.078254744,0.045798354,0.24890982,-0.0071631
2317,0.29320186,0.03531643,0.06031107,0.037942547,0.23289078,-0.0026261173
2318,0.45969325,0.10571417,0.16047266,0.1114194,0.2992206,-0.00570523
2319,0.5132295,0.08039109,0.09643073,0.07064707,0.41679877,0.009744018
2320,0.47048098,0.072781704,0.10216787,0.07126842,0.3683131,0.0015132874
2321,0.33699772,0.07590204,0.09187509,0.072139636,0.24512263,0.0037624016
2322,0.55989504,0.07686648,0.10283673,0.07031177,0.4570583,0.006554708
2323,0.40911448,0.060790375,0.102808274,0.06914029,0.3063062,-0.008349918
2324,0.48890194,0.057339527,0.09275562,0.06431091,0.39614633,-0.0069713816
2325,0.593789,0.05905087,0.10274706,0.073776715,0.49104193,-0.014725845
2326,0.41249472,0.044355553,0.09494378,0.058635246,0.31755096,-0.014279693
2327,0.5412465,0.15358327,0.18471329,0.13449383,0.35653317,0.019089445
2328,0.58802724,0.111458756,0.13536473,0.09409053,0.45266253,0.017368227
2329,0.46046802,0.110273555,0.085545436,0.06334292,0.37492257,0.046930633
2330,0.5918179,0.0682563,0.13870561,0.088064365,0.4531123,-0.019808061
2331,0.42802954,0.10505028,0.10106337,0.0780657,0.32696617,0.02698458
2332,0.41005737,0.043044463,0.07777152,0.05176575,0.33228585,-0.008721288
2333,0.43705472,0.07399249,0.12693408,0.091909975,0.31012064,-0.017917484
2334,0.4087423,0.08530275,0.08479252,0.059328586,0.32394978,0.025974162
2335,0.46967632,0.13083853,0.16817218,0.12409437,0.30150414,0.0067441612
2336,0.3117184,0.06703959,0.08683948,0.06432698,0.22487892,0.0027126074
2337,0.59642464,0.17477977,0.16067168,0.11748131,0.43575296,0.05729846
2338,0.5643752,0.09834396,0.16349241,0.11230669,0.4008828,-0.013962731
2339,0.3947911,0.0653249,0.102265775,0.07307862,0.29252532,-0.007753715
2340,0.43648663,0.0945196,0.113356076,0.07885286,0.32313055,0.015666738
2341,0.41562423,0.09647562,0.115310594,0.086260825,0.30031365,0.010214798
2342,0.5434319,0.09452022,0.12669487,0.104013845,0.41673702,-0.009493627
2343,0.40224794,0.15046401,0.12724955,0.094791144,0.27499837,0.05567287
2344,0.45162523,0.072007425,0.08525939,0.06565038,0.36636585,0.006357044
2345,0.4535604,0.13851926,0.13692799,0.09310992,0.31663242,0.045409337
2346,0.13740714,0.019473258,0.027993798,0.01981118,0.10941334,-0.00033792108
2347,0.46735403,0.13033015,0.17950492,0.12724182,0.28784913,0.0030883253
2348,0.5376541,0.09109627,0.10794477,0.07081939,0.42970932,0.020276874
2349,0.5074649,0.14818849,0.16856185,0.11778649,0.33890304,0.030401997
2350,0.518555,0.11983946,0.13872753,0.103692114,0.37982744,0.016147345
2351,0.47863895,0.16769561,0.14800502,0.10308423,0.33063394,0.06461138
2352,0.4158112,0.10436339,0.09462425,0.06648605,0.32118696,0.037877336
2353,0.060332213,0.019504037,0.02150597,0.022095293,0.038826242,-0.002591256
2354,0.50814265,0.105637014,0.1497725,0.10019064,0.35837016,0.0054463744
2355,0.51069665,0.10941799,0.12108717,0.09378211,0.3896095,0.015635878
2356,0.41636935,0.12764594,0.13882169,0.10063429,0.27754766,0.027011648
2357,0.6171656,0.087767325,0.12049793,0.08156444,0.49666768,0.006202884
2358,0.577402,0.103134535,0.16048577,0.10565486,0.41691622,-0.0025203228
2359,0.45210454,0.09605607,0.095900424,0.07031372,0.35620412,0.025742345
2360,0.4589502,0.067147836,0.1276423,0.091619685,0.3313079,-0.02447185
2361,0.45071727,0.08234229,0.123241305,0.08869859,0.32747597,-0.006356299
2362,0.19552945,0.03629214,0.053108893,0.037062388,0.14242056,-0.0007702485
2363,0.35305294,0.05159361,0.10370697,0.07310666,0.24934597,-0.021513052
2364,0.65994966,0.10730792,0.15522957,0.12225839,0.5047201,-0.014950469
2365,0.4282986,0.069628455,0.1148137,0.08775984,0.3134849,-0.018131383
2366,0.45180306,0.06351364,0.085228406,0.055136032,0.36657465,0.008377604
2367,0.4652753,0.05475926,0.12813091,0.08191376,0.33714437,-0.027154502
2368,0.40068123,0.08741665,0.101515934,0.07189512,0.2991653,0.015521526
2369,0.4430329,0.091557324,0.11657355,0.08839478,0.32645935,0.0031625405
2370,0.40928203,0.05908545,0.11673522,0.08746943,0.2925468,-0.028383978
2371,0.5447313,0.10787447,0.15894122,0.10738752,0.3857901,0.0004869476
2372,0.46880347,0.10944537,0.16750517,0.119910374,0.3012983,-0.010465004
2373,0.4553581,0.06562848,0.117764965,0.08113819,0.33759314,-0.015509717
2374,0.5953001,0.17286776,0.17901136,0.14259283,0.41628873,0.030274928
2375,0.19592272,0.016782548,0.045819074,0.029590478,0.15010364,-0.01280793
2376,0.38057858,0.07018424,0.10670111,0.07876255,0.27387747,-0.008578315
2377,0.44688916,0.0835705,0.11087054,0.08225831,0.33601862,0.0013121963
2378,0.46561727,0.065587625,0.10890534,0.08014092,0.35671192,-0.014553294
2379,0.49945733,0.11524714,0.11360121,0.084494516,0.38585612,0.030752622
2380,0.5261303,0.13457468,0.14291243,0.10392585,0.38321787,0.030648835
2381,0.4945222,0.06591107,0.12163736,0.07872232,0.37288487,-0.012811251
2382,0.45496345,0.083840586,0.10137403,0.07257871,0.35358942,0.011261873
2383,0.48568574,0.11770351,0.14581569,0.10368301,0.33987004,0.014020503
2384,0.46505123,0.07270988,0.11272551,0.07807119,0.35232574,-0.005361311
2385,0.3899159,0.11495413,0.12523575,0.081138685,0.26468015,0.033815444
2386,0.53257334,0.11296221,0.15171897,0.12452273,0.38085437,-0.011560522
2387,0.36090156,0.017834308,0.027471492,0.023033578,0.33343008,-0.0051992703
2388,0.58846915,0.18580312,0.19761424,0.16815975,0.3908549,0.017643362
2389,0.40781033,0.06265363,0.0883769,0.063742734,0.31943342,-0.0010891035
2390,0.48949274,0.08124737,0.11345556,0.08064989,0.37603718,0.00059747696
2391,0.4691821,0.09593032,0.1329654,0.099285625,0.3362167,-0.003355302
2392,0.3310578,0.08560591,0.09413916,0.07793416,0.23691863,0.007671751
2393,0.41647765,0.055527233,0.11302586,0.07933859,0.30345178,-0.023811355
2394,0.41580486,0.10920393,0.11287743,0.07769929,0.30292743,0.03150464
2395,0.30807224,0.058350205,0.080902986,0.05984832,0.22716925,-0.0014981143
2396,0.5166105,0.10022641,0.117530465,0.08713076,0.39908004,0.013095647
2397,0.499148,0.11135077,0.15563516,0.11453223,0.34351283,-0.003181465
2398,0.59926146,0.14104535,0.17173034,0.13057736,0.42753112,0.010467991
2399,0.50913495,0.09747285,0.13447717,0.08725123,0.37465778,0.010221615
2400,0.43768516,0.04656689,0.091959976,0.06297811,0.34572518,-0.016411223
2401,0.4493164,0.08112385,0.11298068,0.082300484,0.33633572,-0.0011766329
2402,0.3881345,0.091705754,0.110094264,0.07938966,0.27804023,0.012316093
2403,0.4747232,0.1426224,0.13788599,0.10718533,0.3368372,0.03543707
2404,0.2693753,0.050267886,0.081141695,0.06081401,0.1882336,-0.0105461255
2405,0.5629681,0.083730176,0.12248317,0.08890138,0.4404849,-0.005171202
2406,0.48223427,0.08508337,0.11792989,0.08266064,0.36430436,0.002422735
2407,0.3421845,0.06621392,0.079884276,0.058337618,0.26230025,0.007876303
2408,0.3988691,0.0616883,0.1062534,0.07144604,0.2926157,-0.009757739
2409,0.448771,0.12787277,0.13540867,0.105506554,0.31336233,0.02236621
2410,0.31084093,0.053682197,0.07714328,0.05245334,0.23369765,0.0012288578
2411,0.4223982,0.0945078,0.10163937,0.07291409,0.32075885,0.021593712
2412,0.36184064,0.11416282,0.09409113,0.073036574,0.2677495,0.041126244
2413,0.44364107,0.06934762,0.100424826,0.07357557,0.34321624,-0.004227951
2414,0.5142903,0.11359652,0.118519805,0.0943287,0.39577046,0.01926782
2415,0.49257722,0.07761028,0.11187072,0.0832169,0.3807065,-0.0056066215
2416,0.5083327,0.09512235,0.15205787,0.1023304,0.35627484,-0.0072080493
2417,0.55627036,0.12516862,0.15021244,0.10681279,0.40605792,0.018355832
2418,0.59007204,0.08385905,0.10494252,0.074235186,0.4851295,0.009623863
2419,0.46737584,0.059291936,0.08550824,0.057494767,0.3818676,0.0017971694
2420,0.54866505,0.104601,0.14225166,0.10628907,0.40641338,-0.0016880631
2421,0.6944058,0.120053634,0.19079396,0.12536755,0.5036118,-0.005313918
2422,0.18859237,0.035773106,0.05457924,0.03320207,0.13401313,0.0025710352
2423,0.45670116,0.07420017,0.12918562,0.08174961,0.32751554,-0.0075494424
2424,0.48879167,0.08461866,0.123755015,0.082095124,0.36503667,0.002523534
2425,0.431724,0.0392023,0.105935715,0.07603162,0.3257883,-0.03682932
2426,0.45724893,0.100520276,0.11860814,0.08450633,0.33864078,0.016013943
2427,0.45713764,0.059764016,0.100579284,0.072509155,0.35655835,-0.012745138
2428,0.45349216,0.056547493,0.070544615,0.046827085,0.38294756,0.009720407
2429,0.46200535,0.09129007,0.114041924,0.083617106,0.34796342,0.0076729655
2430,0.49537715,0.10501997,0.13777952,0.100326896,0.35759765,0.004693076
2431,0.4016652,0.09880295,0.113097176,0.07982324,0.28856802,0.018979706
2432,0.45510566,0.10196307,0.12913936,0.0785826,0.3259663,0.023380473
2433,0.46970993,0.06502678,0.1129658,0.07398456,0.35674414,-0.008957781
2434,0.41836247,0.044055995,0.08259807,0.05093922,0.3357644,-0.0068832263
2435,0.41964558,0.07449992,0.0958673,0.06354334,0.32377827,0.010956578
2436,0.46329385,0.084114954,0.111184016,0.088137224,0.35210985,-0.0040222704
2437,0.2774303,0.04523563,0.055902086,0.043142274,0.2215282,0.002093356
2438,0.54820585,0.08670435,0.1200752,0.08579718,0.42813066,0.0009071678
2439,0.3521896,0.074455805,0.069921784,0.05489366,0.2822678,0.019562144
2440,0.4647762,0.09133,0.15841354,0.10727866,0.30636263,-0.01594866
2441,0.5016524,0.06862366,0.10834657,0.07349503,0.39330584,-0.0048713684
2442,0.4529241,0.14093402,0.15103169,0.11202022,0.3018924,0.028913803
2443,0.42456156,0.067408465,0.11065741,0.07992612,0.31390417,-0.012517653
2444,0.58834296,0.12764642,0.18551758,0.12953189,0.4028254,-0.0018854737
2445,0.48348948,0.0949097,0.10097834,0.074127376,0.38251114,0.020782322
2446,0.58125603,0.14616816,0.14360055,0.10017536,0.43765548,0.0459928
2447,0.41085777,0.049904592,0.07452519,0.049516242,0.33633256,0.00038835034
2448,0.43560857,0.102170534,0.12723988,0.095346525,0.30836868,0.006824009
2449,0.47761893,0.105367996,0.11875157,0.08798257,0.35886735,0.017385423
2450,0.61028695,0.11284254,0.16314808,0.11494535,0.44713888,-0.0021028146
2451,0.2908252,0.05260788,0.06375633,0.039827608,0.22706886,0.0127802715
2452,0.32995334,0.074923046,0.10178739,0.06647115,0.22816595,0.008451894
2453,0.41626784,0.048156146,0.080772735,0.054547258,0.3354951,-0.0063911118
2454,0.53467345,0.08914511,0.17005494,0.11510897,0.3646185,-0.025963858
2455,0.47834352,0.069835156,0.09724262,0.06886689,0.3811009,0.00096826255
2456,0.45705345,0.095507585,0.084460564,0.05791495,0.3725929,0.037592635
2457,0.30775616,0.013508697,0.06334588,0.037198357,0.24441028,-0.023689661
2458,0.36367115,0.072432294,0.10115202,0.06800299,0.26251912,0.004429303
2459,0.50877076,0.10383787,0.10304089,0.07373782,0.4057299,0.030100048
2460,0.3650668,0.072708055,0.112450816,0.08443994,0.252616,-0.011731885
2461,0.4686144,0.12019971,0.15013489,0.09873856,0.3184795,0.021461152
2462,0.45171896,0.07761803,0.1228073,0.078566395,0.32891166,-0.00094836205
2463,0.57678497,0.059486866,0.10777895,0.079727665,0.469006,-0.020240799
2464,0.3770941,0.11777406,0.116994426,0.09173225,0.26009965,0.026041813
2465,0.433019,0.09977293,0.11303826,0.07937057,0.31998074,0.020402357
2466,0.5549316,0.10894308,0.14882353,0.110466205,0.40610805,-0.0015231222
2467,0.5690036,0.12673521,0.14049408,0.10451956,0.4285095,0.02221565
2468,0.48594233,0.06743753,0.10046502,0.074060604,0.3854773,-0.0066230744
2469,0.44974756,0.09042822,0.125715,0.083727814,0.32403255,0.006700404
2470,0.49667883,0.10370099,0.122506246,0.09247211,0.37417257,0.011228874
2471,0.44183812,0.079895996,0.094256565,0.059569906,0.34758157,0.02032609
2472,0.4663927,0.074735165,0.12551838,0.08930768,0.3408743,-0.014572516
2473,0.23357153,0.059808176,0.07063667,0.054459892,0.16293487,0.005348284
2474,0.46478948,0.11798605,0.13970332,0.10027705,0.32508618,0.017709002
2475,0.4581817,0.096977964,0.10201766,0.074930966,0.35616404,0.022046998
2476,0.4619067,0.05613232,0.081752256,0.057012796,0.38015443,-0.0008804761
2477,0.49404716,0.08419183,0.13415882,0.09166509,0.35988835,-0.00747326
2478,0.46009603,0.06628972,0.093605205,0.07273265,0.36649084,-0.006442927
2479,0.455233,0.07071306,0.11390251,0.087051645,0.3413305,-0.016338587
2480,0.54101706,0.062273156,0.088605136,0.0643845,0.45241192,-0.0021113418
2481,0.43021247,0.06325985,0.09258459,0.06567831,0.3376279,-0.002418466
2482,0.52838427,0.07246919,0.12533617,0.08374203,0.4030481,-0.01127284
2483,0.5318089,0.103592746,0.14326665,0.10513065,0.38854226,-0.0015379041
2484,0.5363199,0.081144914,0.08971558,0.06428023,0.44660434,0.016864687
2485,0.17632292,0.040944327,0.06335354,0.056121726,0.11296938,-0.015177399
2486,0.42805356,0.066886984,0.10828303,0.076393574,0.31977051,-0.009506591
2487,0.4212132,0.08264208,0.12376571,0.08837572,0.2974475,-0.005733639
2488,0.6428148,0.1645967,0.1547328,0.11083279,0.48808202,0.05376392
2489,0.41263074,0.08436348,0.1252673,0.0883808,0.28736344,-0.004017316
2490,0.3468936,0.05813454,0.07963567,0.04739877,0.26725793,0.010735773
2491,0.44979805,0.06861517,0.08557588,0.063462034,0.36422217,0.0051531345
2492,0.3629993,0.07283281,0.0899935,0.06299577,0.27300578,0.009837039
2493,0.32781938,0.08757703,0.10024212,0.07465611,0.22757725,0.0129209235
2494,0.558529,0.11083858,0.14817473,0.112313434,0.4103543,-0.0014748573
2495,0.51376075,0.1072601,0.123381115,0.08898266,0.39037964,0.018277444
2496,0.5348319,0.12413576,0.13519755,0.098407105,0.39963433,0.025728658
2497,0.44656265,0.17849058,0.18254468,0.13401249,0.26401797,0.04447809
2498,0.42142835,0.049500942,0.0898193,0.054935805,0.33160907,-0.0054348633
2499,0.273095,0.07498052,0.09945716,0.072713,0.17363785,0.0022675171
2500,0.6731273,0.11534451,0.17573838,0.12277416,0.4973889,-0.007429652
2501,0.45234066,0.058211155,0.10429623,0.06851622,0.34804443,-0.010305062
2502,0.2570757,0.044649087,0.06305134,0.04257419,0.19402435,0.0020748973
2503,0.50981385,0.053413987,0.09450352,0.06747724,0.41531032,-0.014063254
2504,0.53515536,0.10333036,0.15416968,0.11098399,0.38098568,-0.0076536313
2505,0.09879964,0.012706475,0.016635317,0.011886473,0.08216432,0.0008200025
2506,0.46718666,0.07181638,0.07970216,0.05778884,0.3874845,0.014027536
2507,0.5621181,0.12031537,0.13599682,0.09029044,0.4261213,0.03002493
2508,0.50177914,0.09128724,0.17095903,0.108200744,0.3308201,-0.016913503
2509,0.49368384,0.10986805,0.13944992,0.09033435,0.35423392,0.019533701
2510,0.4043114,0.07223758,0.09602593,0.07111363,0.30828547,0.0011239499
2511,0.46970546,0.111055635,0.12123126,0.09865687,0.3484742,0.0123987645
2512,0.54999447,0.10202323,0.13066679,0.09583871,0.41932768,0.0061845183
2513,0.63948244,0.10375831,0.14486,0.10168014,0.49462244,0.0020781755
2514,0.5310828,0.12013719,0.12923998,0.09137248,0.40184283,0.02876471
2515,0.586138,0.02682402,0.05227859,0.028641442,0.53385943,-0.001817422
2516,0.53562874,0.055163898,0.10065856,0.06778006,0.43497017,-0.012616165
2517,0.24572547,0.027600015,0.05115807,0.033510525,0.1945674,-0.00591051
2518,0.65321696,0.12618443,0.18199885,0.11922288,0.4712181,0.0069615543
2519,0.48910156,0.11819096,0.17412809,0.118255936,0.31497347,-6.497651e-05
2520,0.40291142,0.08682289,0.07740991,0.05733546,0.3255015,0.029487431
2521,0.56234086,0.12654696,0.13668554,0.09910505,0.4256553,0.027441911
2522,0.37475604,0.07469546,0.10614435,0.0678455,0.2686117,0.0068499595
2523,0.5893346,0.11795955,0.15908721,0.10580323,0.4302474,0.012156323
2524,0.4145053,0.07014393,0.0923078,0.06253381,0.3221975,0.00761012
2525,0.53788304,0.097972065,0.1400999,0.106537685,0.39778316,-0.00856562
2526,0.49522987,0.06366109,0.11665245,0.08452666,0.3785774,-0.020865567
2527,0.4025488,0.1150235,0.12253358,0.09250079,0.2800152,0.02252271
2528,0.47746307,0.106216416,0.12135599,0.09140577,0.3561071,0.014810644
2529,0.39251766,0.04905503,0.09281658,0.058218826,0.2997011,-0.009163797
2530,0.48060277,0.1376678,0.15319191,0.12190791,0.32741088,0.015759893
2531,0.5771077,0.087515436,0.13092598,0.10044386,0.44618174,-0.012928426
2532,0.3774483,0.05696573,0.08511602,0.05268584,0.29233226,0.004279893
2533,0.3183329,0.048522405,0.06921072,0.049319003,0.24912219,-0.00079659745
2534,0.46083605,0.06754494,0.084813595,0.06623612,0.37602246,0.0013088137
2535,0.2732568,0.06119468,0.07902546,0.06607918,0.19423135,-0.0048844963
2536,0.59228814,0.06964148,0.13513775,0.09006505,0.4571504,-0.020423569
2537,0.30343524,0.06594874,0.08097597,0.066126786,0.22245926,-0.00017804652
2538,0.28794885,0.058987852,0.051692992,0.041633528,0.23625585,0.017354324
2539,0.5226412,0.12979977,0.17819348,0.12127425,0.3444477,0.008525521
2540,0.5060154,0.084155455,0.14730743,0.10296841,0.358708,-0.018812954
2541,0.3722138,0.07339947,0.09620245,0.068702765,0.27601135,0.0046967044
2542,0.4851738,0.10707176,0.14956269,0.10554399,0.3356111,0.0015277639
2543,0.27532718,0.046656087,0.06370395,0.050806917,0.21162322,-0.00415083
2544,0.62952006,0.18067238,0.2289118,0.16743572,0.40060824,0.013236657
2545,0.3927087,0.02034541,0.054268498,0.028379839,0.33844018,-0.008034429
2546,0.41300058,0.08841912,0.07633129,0.057133894,0.3366693,0.031285223
2547,0.38976872,0.054518733,0.09022847,0.06315236,0.29954025,-0.008633625
2548,0.4539582,0.090286076,0.08910774,0.06531459,0.36485046,0.024971485
2549,0.42912278,0.066436745,0.084441796,0.06355015,0.34468096,0.0028865933
2550,0.395488,0.05933821,0.09163129,0.06401122,0.3038567,-0.0046730153
2551,0.34323767,0.06592659,0.07505393,0.050512623,0.26818374,0.015413966
2552,0.43136558,0.06739692,0.1283776,0.08991244,0.302988,-0.02251552
2553,0.39325157,0.050703727,0.09154989,0.06483236,0.30170166,-0.014128633
2554,0.3271683,0.059274916,0.08960589,0.06418525,0.23756239,-0.004910331
2555,0.4039509,0.07682675,0.091029555,0.06616429,0.31292135,0.010662459
2556,0.35684118,0.065769844,0.07561502,0.055084985,0.28122616,0.010684859
2557,0.58483404,0.100107886,0.13361995,0.09051434,0.45121408,0.009593546
2558,0.5527135,0.07668694,0.12855645,0.0946574,0.42415708,-0.017970458
2559,0.36257485,0.030895649,0.06868599,0.047699742,0.29388887,-0.016804093
