feature_idx,seq_effect_obs,struct_effect_obs,seq_effect_shuffle,struct_effect_shuffle,seq_delta,struct_delta
0,0.08068168,0.17110834,0.05486625,0.03555846,0.025815431,0.13554987
1,1.5716206,0.5386692,0.77268606,0.57150316,0.7989345,-0.032833934
2,0.399349,0.18963104,0.2104525,0.15327282,0.1888965,0.036358222
3,1.0170224,0.427418,0.64042723,0.42636704,0.37659514,0.0010509491
4,0.01974684,-0.058714893,0.01750844,0.0069791274,0.0022384003,-0.06569402
5,0.11132342,0.037977185,0.057104353,0.03738223,0.05421907,0.00059495494
6,0.01693891,0.1557903,0.016060116,0.012378611,0.0008787941,0.1434117
7,0.18561451,0.11477285,0.10728956,0.085139945,0.07832495,0.029632904
8,0.048456263,0.05064296,0.025440129,0.022673987,0.023016134,0.027968973
9,0.04509142,-0.029080028,0.023825057,0.011584596,0.021266364,-0.040664624
10,1.0722549,0.26680914,0.3441708,0.24289116,0.7280841,0.023917973
11,0.055593736,0.018738547,0.02133539,0.016012803,0.034258347,0.0027257446
12,0.017682988,0.037980687,0.00805651,0.0069473814,0.009626478,0.031033305
13,1.4921845,0.3323358,0.53001314,0.3489575,0.9621714,-0.016621709
14,1.4704661,0.110676035,0.22120003,0.15251385,1.2492661,-0.04183781
15,0.007168049,0.038227897,0.015621793,0.013561303,-0.008453744,0.024666594
16,0.8867285,0.32795462,0.44369686,0.32528317,0.44303167,0.0026714504
17,0.058369245,0.014821071,0.065116525,0.04664383,-0.0067472793,-0.03182276
18,0.88452023,0.6392638,0.6851783,0.54634243,0.19934195,0.092921376
19,1.2754467,0.47734505,0.591493,0.41199398,0.68395364,0.06535107
20,0.033491444,-0.03598247,0.027152712,0.012978506,0.0063387323,-0.048960976
21,0.023881966,0.03190304,0.01272781,0.009133822,0.011154156,0.022769216
22,0.0678147,0.034997102,0.046300802,0.026561048,0.021513898,0.008436054
23,0.09546863,0.054734606,0.05781766,0.04318219,0.037650973,0.011552416
24,1.0997486,0.5282441,0.63880676,0.48230052,0.46094185,0.04594356
25,1.1534497,0.5417623,0.74385047,0.53456485,0.40959918,0.0071974397
26,1.0174428,0.48863816,0.6064553,0.4429338,0.4109875,0.045704365
27,0.2689577,0.12862974,0.15464635,0.1100747,0.11431135,0.018555045
28,0.027086988,0.033652846,0.015907906,0.012101913,0.011179082,0.021550933
29,1.0192454,0.35032317,0.45989963,0.3225304,0.5593457,0.027792782
30,0.72260445,0.39331308,0.51639235,0.3553137,0.2062121,0.03799939
31,0.9178397,0.3893365,0.511964,0.36114287,0.40587568,0.028193623
32,0.13619642,0.014166319,0.031174805,0.025249725,0.10502161,-0.011083406
33,0.036495514,0.09428506,0.037821762,0.021264995,-0.001326248,0.07302007
34,0.2831517,0.06942403,0.20131893,0.11039451,0.08183275,-0.040970474
35,1.4326484,0.51469976,0.62832206,0.45904908,0.80432636,0.05565068
36,0.0709815,-0.020860286,0.06507282,0.033224374,0.005908683,-0.05408466
37,0.6245289,0.23706669,0.2863633,0.2128389,0.33816558,0.024227783
38,0.055516742,0.15637654,0.040948782,0.029056463,0.01456796,0.12732008
39,0.044886477,-0.03959155,0.0458326,0.021744289,-0.00094612315,-0.06133584
40,1.0281323,0.101267084,0.1902174,0.12948406,0.83791494,-0.028216973
41,0.7885942,0.3286802,0.4619435,0.34388125,0.32665068,-0.015201062
42,1.1721374,0.3661458,0.4719633,0.35295007,0.7001741,0.013195723
43,1.1173265,0.43354055,0.5427841,0.41598746,0.5745424,0.017553091
44,0.08870727,0.08370814,0.050759744,0.03999168,0.037947524,0.043716457
45,1.1636539,0.13702963,0.23932676,0.17955421,0.9243271,-0.042524576
46,1.3173703,0.6887231,0.8686144,0.6444535,0.44875592,0.04426956
47,0.6639818,0.21155028,0.3164008,0.22119966,0.347581,-0.009649381
48,0.047582127,0.04005049,0.036288574,0.026330147,0.011293553,0.013720345
49,0.6407384,0.31978682,0.314564,0.22938123,0.32617444,0.09040558
50,0.61108243,0.29769713,0.4104919,0.28663176,0.20059052,0.011065364
51,1.0400964,0.3839691,0.5101963,0.37596086,0.5299001,0.008008242
52,0.79562926,0.2207081,0.27682948,0.19655465,0.5187998,0.024153456
53,1.0407121,0.31383276,0.4732695,0.32617164,0.56744266,-0.012338877
54,1.2418765,0.33150762,0.50334144,0.37981942,0.73853505,-0.0483118
55,0.04773388,0.0994604,0.047941014,0.033733092,-0.00020713359,0.06572731
56,1.3520085,0.51891786,0.7032498,0.47377107,0.64875865,0.045146793
57,1.5393302,0.43490413,0.6423617,0.46510345,0.89696854,-0.03019932
58,1.4881124,0.43834966,0.6484582,0.4639542,0.83965427,-0.025604546
59,0.22864957,0.0743808,0.086499654,0.05432078,0.14214993,0.020060021
60,0.05917115,0.038510226,0.029530818,0.026323402,0.029640334,0.012186823
61,0.11338997,0.11750833,0.09945983,0.053004917,0.013930142,0.06450342
62,-0.005246313,0.008309322,0.016371874,0.009595433,-0.021618187,-0.0012861108
63,0.046569865,0.058571666,0.035038758,0.027200818,0.011531107,0.03137085
64,0.025528925,0.026394963,0.032787558,0.022381144,-0.007258633,0.0040138196
65,0.13620551,0.05765665,0.06227193,0.04179045,0.07393358,0.015866198
66,0.09614049,0.08591318,0.044506885,0.038324565,0.051633604,0.047588617
67,0.017757533,0.048216693,0.03752061,0.034247436,-0.019763077,0.0139692575
68,0.10368336,0.044999655,0.04905856,0.033737835,0.0546248,0.011261821
69,0.13787097,0.078497715,0.07691079,0.052384194,0.06096018,0.026113521
70,0.949139,0.21314989,0.30956012,0.2106993,0.6395789,0.0024505854
71,0.13773833,0.096045874,0.1174722,0.06707256,0.02026613,0.028973311
72,0.21073179,0.076004945,0.14414464,0.08819552,0.06658715,-0.012190573
73,1.0586605,0.33523765,0.4335894,0.29769778,0.6250711,0.03753987
74,0.070790075,0.047150858,0.038692605,0.024364946,0.03209747,0.022785911
75,1.1922185,0.2804778,0.42602548,0.2851243,0.76619303,-0.00464651
76,0.021774936,-0.02051661,0.021736495,0.012763882,3.844127e-05,-0.03328049
77,0.034963436,0.036430217,0.008950638,0.0071685873,0.026012799,0.02926163
78,1.2464007,0.306939,0.52471113,0.3613106,0.7216896,-0.054371595
79,0.8925161,0.29806557,0.4255547,0.28459582,0.46696138,0.013469756
80,0.142211,0.07054348,0.06546242,0.033598248,0.07674859,0.036945235
81,0.07785231,0.0075548603,0.03858709,0.028773693,0.03926522,-0.021218833
82,0.060596574,0.02956059,0.031044211,0.017711353,0.029552363,0.011849238
83,1.3902738,0.514671,0.61156416,0.42919827,0.77870965,0.08547276
84,0.922376,0.1835917,0.28604013,0.18693714,0.63633585,-0.0033454448
85,0.012078694,-0.020612434,0.022296838,0.014944569,-0.010218144,-0.035557
86,0.100151524,-0.0100425705,0.08061617,0.04514352,0.019535355,-0.05518609
87,1.1021487,0.3934912,0.44290623,0.29275528,0.6592424,0.10073593
88,0.15852398,0.0794056,0.10207157,0.07213045,0.05645241,0.007275149
89,0.02056439,0.028619438,0.012656438,0.012959968,0.007907952,0.01565947
90,0.037417512,0.051785734,0.023216229,0.021416545,0.014201283,0.030369189
91,0.38476482,0.13997366,0.1766365,0.13056569,0.20812832,0.009407967
92,0.2846063,0.09162218,0.17284514,0.11139048,0.11176117,-0.019768298
93,0.000793377,0.022356372,0.018737806,0.0139221465,-0.01794443,0.008434226
94,0.13075933,0.08199854,0.08738072,0.07506282,0.043378606,0.006935723
95,1.0148982,0.26882344,0.33803287,0.26391408,0.67686534,0.0049093664
96,0.052917812,0.06571277,0.026364094,0.025358262,0.026553718,0.040354513
97,0.9762227,0.1602237,0.23710442,0.16871123,0.7391183,-0.0084875375
98,0.11078984,0.055323005,0.05885989,0.040593475,0.051929954,0.01472953
99,0.041049022,-0.038213115,0.03073665,0.013980469,0.010312373,-0.052193582
100,0.11782639,0.14740476,0.098926164,0.072501086,0.018900223,0.074903674
101,0.8396986,0.3789639,0.4576919,0.3579802,0.3820067,0.020983696
102,0.23397765,0.025490101,0.09356131,0.049038257,0.14041634,-0.023548156
103,0.94687474,0.31006506,0.50016475,0.32126087,0.44671,-0.011195809
104,-0.0059319627,0.069171436,0.011998373,0.008184276,-0.017930336,0.06098716
105,1.3120154,0.45614737,0.6169878,0.46747577,0.6950276,-0.011328399
106,0.93762547,0.27813458,0.3281544,0.22793606,0.6094711,0.050198525
107,1.1499466,0.46270537,0.5728835,0.41428903,0.5770631,0.048416346
108,-0.02289604,0.18586859,0.022657631,0.015824247,-0.04555367,0.17004435
109,1.1702445,0.2050083,0.36372957,0.24204817,0.80651486,-0.037039876
110,1.2285955,0.4866031,0.7505243,0.4846095,0.4780712,0.0019935966
111,0.020727737,0.007458667,0.01633662,0.012243981,0.004391117,-0.0047853137
112,1.0886,0.465686,0.60368246,0.4030896,0.48491758,0.06259638
113,0.99268633,0.3674327,0.53558326,0.3814936,0.45710307,-0.014060885
114,0.03732941,-0.016679527,0.02964684,0.015174043,0.0076825693,-0.03185357
115,0.37579325,0.14033459,0.17541343,0.12663665,0.20037982,0.013697937
116,0.0055416897,0.056992065,0.016802136,0.012129805,-0.011260446,0.04486226
117,0.060876496,-0.025121236,0.024214406,0.0138526885,0.03666209,-0.038973924
118,0.9792798,0.24004814,0.36428574,0.26749635,0.61499405,-0.027448207
119,0.083091,0.046299126,0.079003505,0.05730416,0.004087493,-0.011005033
120,1.0260632,0.3413398,0.409118,0.27512118,0.6169452,0.066218615
121,0.116239876,0.05197652,0.07005677,0.047395837,0.0461831,0.004580684
122,1.1588806,0.28720918,0.4590193,0.3034338,0.6998613,-0.016224623
123,0.77691877,0.3193357,0.39825067,0.29167944,0.3786681,0.027656257
124,0.22135472,0.13693567,0.19583833,0.14283481,0.02551639,-0.005899146
125,0.23369353,0.16957068,0.17172453,0.12495121,0.061968997,0.04461947
126,0.0455638,0.08519795,0.05732782,0.04221753,-0.011764023,0.042980418
127,0.9784302,0.4798204,0.76774895,0.4844717,0.21068126,-0.004651308
128,0.92035824,0.28669688,0.43438452,0.31103083,0.48597372,-0.024333954
129,0.2068525,0.07674537,0.10467666,0.078822166,0.10217584,-0.0020767972
130,1.0441034,0.47493353,0.61645746,0.4521031,0.42764592,0.022830427
131,1.5179484,0.6296853,0.9464899,0.65270454,0.5714585,-0.023019254
132,0.9873843,0.20204163,0.32860646,0.2184144,0.65877783,-0.01637277
133,0.9194107,0.52302366,0.7466264,0.46234727,0.17278433,0.060676396
134,1.138554,0.53175,0.7709065,0.530554,0.36764747,0.0011960268
135,0.90096444,0.31392547,0.44758087,0.3228346,0.45338356,-0.008909136
136,0.078655474,0.04982733,0.046890292,0.037258957,0.03176518,0.012568373
137,0.8775198,0.19187371,0.3092964,0.2013988,0.56822336,-0.00952509
138,0.2626041,0.16093673,0.19618292,0.11586793,0.066421166,0.0450688
139,0.06577669,0.015771683,0.023553472,0.018056305,0.04222322,-0.0022846218
140,1.5563889,0.4907252,0.6528325,0.4794076,0.90355635,0.011317581
141,0.38334912,0.17575878,0.23407114,0.15204611,0.14927799,0.023712665
142,1.2415634,0.27224535,0.36713725,0.26437742,0.8744262,0.007867932
143,0.04810286,0.048333153,0.028471606,0.022437166,0.019631254,0.025895987
144,0.11713377,0.14431594,0.09296629,0.063204065,0.024167478,0.08111188
145,0.015786715,0.09857154,0.04800204,0.030657707,-0.032215323,0.06791383
146,0.060624912,0.057910666,0.039221764,0.031001413,0.021403149,0.026909253
147,1.4825265,0.3742008,0.4915032,0.3379867,0.9910233,0.036214083
148,0.8463519,0.3822341,0.46587846,0.3345877,0.38047346,0.047646403
149,0.9037145,0.2729102,0.39088675,0.26852491,0.51282775,0.0043852925
150,-0.005642663,0.12015154,0.023846455,0.014999401,-0.029489119,0.105152145
151,0.232046,0.088410646,0.13554482,0.08798924,0.09650117,0.00042140484
152,0.0045437436,-0.03186405,0.016931444,0.0076373685,-0.0123877,-0.03950142
153,1.2208972,0.4516344,0.6200765,0.4493436,0.6008207,0.002290815
154,1.0248402,0.20814289,0.28194666,0.20189606,0.7428936,0.006246835
155,-0.034408186,0.118481204,0.011263851,0.0036202082,-0.045672037,0.114861
156,-0.03245066,-0.007887739,0.007915401,0.007036013,-0.04036606,-0.014923751
157,0.74007374,0.24306187,0.2847176,0.20512642,0.45535615,0.03793545
158,1.2337744,0.3691597,0.63112533,0.43488336,0.6026491,-0.06572366
159,1.218381,0.2963318,0.40064296,0.28128424,0.81773806,0.01504755
160,1.4642874,0.41238266,0.5761278,0.43678227,0.8881596,-0.024399608
161,1.1302708,0.32216385,0.4412639,0.31700382,0.6890069,0.0051600337
162,0.96081644,0.36311215,0.4090079,0.31064555,0.55180854,0.0524666
163,0.048863456,0.04319986,0.02600704,0.020010712,0.022856416,0.023189148
164,1.0855811,0.32195628,0.55452394,0.36603963,0.5310571,-0.044083357
165,1.2199757,0.5541955,0.76869005,0.55433637,0.45128566,-0.00014084578
166,1.165134,0.57225305,0.80501866,0.5695839,0.3601153,0.0026691556
167,0.16044286,0.07399594,0.09592105,0.069306955,0.06452181,0.0046889856
168,0.061081447,0.007884157,0.04941547,0.03428205,0.011665978,-0.026397895
169,0.10576211,0.022151874,0.08948565,0.057348832,0.016276456,-0.03519696
170,1.3687603,0.4632569,0.69317544,0.45825902,0.6755849,0.0049978793
171,1.3760514,0.33498892,0.48008582,0.32651326,0.8959656,0.008475661
172,0.17604,0.1204928,0.115196556,0.090301774,0.060843438,0.030191027
173,1.1508489,0.5478109,0.7300267,0.5353553,0.42082214,0.012455583
174,0.23373286,0.123596355,0.09152095,0.06697947,0.14221191,0.056616887
175,0.07393047,0.1293919,0.058971435,0.03772956,0.014959037,0.09166233
176,0.8812768,0.3101525,0.32022735,0.24542011,0.56104946,0.06473239
177,0.031152464,-0.021766786,0.01986498,0.014626644,0.011287484,-0.03639343
178,1.2500203,0.30498424,0.46592608,0.33438236,0.7840942,-0.029398113
179,0.0543012,0.05126673,0.031628653,0.02522427,0.022672545,0.02604246
180,0.031416915,0.0026035344,0.034993127,0.025061708,-0.0035762116,-0.022458173
181,0.9347442,0.40487894,0.56112313,0.42035988,0.37362105,-0.015480936
182,0.024034515,0.022504114,0.008567068,0.006284562,0.015467447,0.016219553
183,1.0841138,0.43167055,0.556168,0.3840298,0.5279458,0.04764074
184,0.84635615,0.27186066,0.3513403,0.25557235,0.49501586,0.01628831
185,0.024539934,0.12777717,0.010927823,0.008289108,0.013612111,0.11948807
186,0.098164484,0.045765977,0.059245825,0.038531043,0.03891866,0.0072349347
187,0.79923123,0.22647104,0.29168275,0.22061689,0.50754845,0.0058541447
188,1.0799004,0.31176347,0.428654,0.29614416,0.6512464,0.015619308
189,0.94632035,0.31019276,0.45535323,0.29869068,0.49096712,0.011502087
190,0.03695049,0.08248243,0.0047868253,0.0056736995,0.032163665,0.07680873
191,1.1052326,0.35260072,0.564434,0.38202065,0.5407986,-0.029419929
192,-0.026447019,0.13732465,0.01843768,0.008632076,-0.044884697,0.12869257
193,0.9351845,0.5450679,0.7250124,0.5133552,0.21017206,0.03171271
194,0.020310266,0.013367343,0.017299851,0.0120844925,0.0030104145,0.0012828503
195,1.2192618,0.19407517,0.29476598,0.20925407,0.9244958,-0.015178904
196,1.2415552,0.5487869,0.9121814,0.6010059,0.32937384,-0.052219033
197,0.9195196,0.33486852,0.4151802,0.3074666,0.5043394,0.027401924
198,0.032570533,-0.03084716,0.029762918,0.014940238,0.0028076153,-0.045787398
199,0.76904374,0.3090078,0.42397544,0.30898526,0.3450683,2.2530556e-05
200,1.3789588,0.35356018,0.57761514,0.37116033,0.8013437,-0.017600149
201,1.2779903,0.2892172,0.34960136,0.23000218,0.92838895,0.059215024
202,0.06746264,0.04937897,0.04838545,0.039391164,0.01907719,0.009987805
203,0.1719899,0.094963364,0.102539435,0.07575589,0.06945047,0.019207478
204,1.4396333,0.35372862,0.49497804,0.34487966,0.9446552,0.008848965
205,1.34623,0.45094183,0.7457911,0.5030702,0.60043895,-0.052128345
206,0.13154642,0.06641329,0.079875335,0.054665323,0.051671088,0.011747967
207,-0.024872074,-0.032424558,0.008808033,0.0027343526,-0.033680107,-0.03515891
208,1.3552387,0.52842826,0.7871225,0.53069264,0.5681162,-0.0022643805
209,1.137742,0.50696516,0.7471745,0.49139556,0.39056754,0.0155695975
210,0.96064943,0.256675,0.37706557,0.2735838,0.58358383,-0.016908795
211,0.111081995,-0.01494722,0.06406216,0.033829544,0.04701983,-0.048776764
212,0.026177498,0.00980304,0.04945161,0.03184743,-0.02327411,-0.022044389
213,-0.0020557547,0.11996314,0.039376248,0.027857348,-0.041432,0.09210579
214,1.329998,0.60262215,0.7967303,0.5534234,0.53326774,0.049198747
215,1.5824273,0.39823082,0.5674789,0.380796,1.0149484,0.017434835
216,0.78397596,0.1582158,0.2670908,0.18380144,0.51688516,-0.025585636
217,0.15157078,0.19651951,0.10320023,0.05196701,0.048370555,0.1445525
218,1.1511619,0.34028277,0.4231218,0.3071005,0.7280401,0.033182263
219,0.029445382,0.03628705,0.020449715,0.0112974085,0.008995667,0.024989642
220,0.84282476,0.30856788,0.53971636,0.32720897,0.3031084,-0.018641084
221,0.7937652,0.3503975,0.5445281,0.35778573,0.24923706,-0.007388234
222,1.3787045,0.43034038,0.5829903,0.42807043,0.79571426,0.0022699535
223,0.75164384,0.23229694,0.32061946,0.2273795,0.43102437,0.004917443
224,0.083782196,0.04844447,0.05538275,0.03768745,0.028399445,0.010757018
225,0.05702816,0.08548948,0.036268067,0.022099577,0.020760093,0.063389905
226,0.054999337,-0.015971377,0.037082464,0.024966625,0.017916873,-0.040938005
227,0.29750678,0.15547694,0.18709671,0.14117728,0.110410064,0.014299661
228,0.058656137,0.09893803,0.042971395,0.031774882,0.015684742,0.067163154
229,0.18572727,0.08872603,0.10885647,0.083919436,0.0768708,0.004806593
230,0.058591492,0.038588654,0.03273949,0.023530982,0.025852002,0.015057672
231,0.106527746,0.04683387,0.051692657,0.03718226,0.05483509,0.009651609
232,0.09189167,0.15639377,0.05342938,0.04004004,0.03846229,0.11635373
233,0.8913701,0.28052658,0.41291073,0.2917726,0.4784594,-0.011246026
234,-0.033133306,0.12137412,0.009319168,0.0015701832,-0.042452473,0.11980394
235,1.1338452,0.4523979,0.64454925,0.42733547,0.48929596,0.025062442
236,0.93573135,0.39020634,0.5177237,0.36342967,0.41800767,0.026776671
237,0.08707828,0.032150757,0.06294878,0.043220736,0.024129502,-0.0110699795
238,1.0506873,0.3321369,0.42111954,0.29497272,0.62956774,0.03716418
239,0.75882614,0.29092294,0.40636712,0.30338678,0.352459,-0.012463838
240,0.30619633,0.14414439,0.20006007,0.12837349,0.10613626,0.015770897
241,0.031575266,0.18049388,0.014689296,0.010375452,0.01688597,0.17011842
242,0.023769613,0.04785614,0.011770143,0.011172547,0.01199947,0.036683593
243,1.0037766,0.34233636,0.5058931,0.36951962,0.49788344,-0.027183264
244,0.9705771,0.34805152,0.46296397,0.33709157,0.5076132,0.010959953
245,0.01865674,0.006268128,0.019642849,0.015064064,-0.0009861086,-0.008795937
246,0.09775424,0.00605797,0.044183224,0.027016995,0.053571016,-0.020959025
247,0.11348808,0.063369274,0.085278295,0.06267589,0.028209783,0.00069338083
248,0.8605213,0.27791438,0.3689416,0.26022342,0.4915797,0.017690957
249,1.2734541,0.33739117,0.48105174,0.32890975,0.7924023,0.008481413
250,1.2863593,0.19821328,0.31601584,0.24636301,0.9703435,-0.048149735
251,0.60222423,0.24696413,0.31127864,0.22810842,0.2909456,0.018855706
252,0.46962464,0.1940969,0.24065153,0.18030432,0.2289731,0.013792574
253,0.22275679,0.17359927,0.12342738,0.08544017,0.099329405,0.08815911
254,1.322443,0.2914415,0.50642335,0.34217316,0.81601965,-0.05073166
255,1.1659,0.5822574,0.75264984,0.49196643,0.41325015,0.09029096
256,1.0753453,0.4254334,0.52834535,0.37114188,0.54699993,0.054291517
257,0.026958903,-0.059881326,0.040109362,0.023117693,-0.013150459,-0.08299902
258,1.0564418,0.40745288,0.5224308,0.37313655,0.534011,0.03431633
259,0.041839644,0.012626595,0.075989194,0.046317488,-0.03414955,-0.033690892
260,1.4784056,0.35517663,0.5433987,0.3953968,0.9350069,-0.04022017
261,0.98283964,0.4471864,0.5745065,0.45082286,0.40833312,-0.0036364496
262,0.07998556,0.06060884,0.05662068,0.043193344,0.02336488,0.017415497
263,1.053262,0.4024199,0.6055736,0.43339548,0.4476884,-0.03097558
264,0.8562407,0.38450974,0.48661327,0.34850502,0.36962742,0.036004722
265,0.2903833,0.23803204,0.15974876,0.12231996,0.13063455,0.115712084
266,0.26587585,0.05893155,0.1675872,0.10414754,0.09828864,-0.04521599
267,0.8807097,0.299909,0.44865713,0.29634982,0.43205258,0.0035591722
268,0.0029090198,-0.01703999,0.0086819725,0.007006898,-0.005772953,-0.024046889
269,0.2985026,0.14862582,0.19366448,0.12990603,0.10483812,0.018719792
270,0.06687979,0.04734071,0.04304069,0.034089092,0.023839097,0.013251618
271,1.1713544,0.5707832,0.811701,0.58691543,0.3596534,-0.016132236
272,0.084711336,0.06535314,0.06428669,0.05140793,0.02042465,0.013945211
273,0.99234354,0.40757784,0.560037,0.39328545,0.43230653,0.014292389
274,1.5216078,0.49506688,0.6740935,0.46653947,0.8475143,0.028527409
275,1.1622775,0.40422693,0.5938039,0.40902066,0.5684736,-0.0047937334
276,0.78242296,0.23373686,0.33893493,0.23622614,0.44348803,-0.0024892837
277,1.11408,0.2757174,0.42557216,0.2540408,0.6885078,0.0216766
278,0.8241037,0.3310516,0.4832749,0.33716586,0.3408288,-0.0061142743
279,0.082463615,0.049202133,0.045509104,0.036306605,0.03695451,0.012895528
280,1.5975897,0.89980465,1.132375,0.85700774,0.46521473,0.04279691
281,0.11672392,0.05194247,0.064273775,0.046664346,0.052450143,0.0052781254
282,0.16601703,0.048596464,0.102539875,0.0698364,0.06347715,-0.021239936
283,0.07245322,-0.009574889,0.06420776,0.036581427,0.008245461,-0.046156317
284,0.04608059,0.026569573,0.035566963,0.023425357,0.010513626,0.0031442158
285,0.94026923,0.30380222,0.4047685,0.30563977,0.53550076,-0.0018375516
286,0.062765434,-0.017025277,0.050533477,0.026318416,0.012231957,-0.043343693
287,0.34100953,0.15810515,0.20286565,0.13973467,0.13814388,0.01837048
288,0.10516009,0.003478838,0.08005084,0.051103096,0.025109246,-0.04762426
289,0.042894866,0.025543729,0.026059423,0.01629521,0.016835444,0.009248519
290,-0.032921497,0.11332954,0.004622515,-0.00016548387,-0.037544012,0.11349502
291,1.0523127,0.25926387,0.2965715,0.22149813,0.75574124,0.03776574
292,0.057294928,0.042037796,0.033393316,0.024778577,0.023901612,0.01725922
293,1.0761602,0.30745834,0.42410296,0.31330597,0.65205723,-0.005847633
294,0.028375775,0.078788474,0.031195689,0.022954777,-0.0028199144,0.055833697
295,0.01713532,-0.047881406,0.02433516,0.010213689,-0.0071998406,-0.058095094
296,0.074940816,0.03613387,0.037518248,0.027588937,0.037422568,0.008544933
297,0.062015615,0.001165713,0.05929379,0.03520682,0.0027218238,-0.034041107
298,0.17371246,0.049846835,0.1125308,0.0674825,0.061181664,-0.017635666
299,0.79371786,0.29992452,0.42323205,0.31736684,0.3704858,-0.017442316
300,0.78229886,0.24229968,0.36083055,0.27366886,0.42146832,-0.03136918
301,0.11191224,0.061113518,0.07244777,0.0530643,0.039464474,0.008049216
302,0.1334666,0.11196968,0.105064325,0.08373945,0.028402276,0.028230228
303,0.069682874,0.023215732,0.031119043,0.019418458,0.038563833,0.003797274
304,0.39625588,0.17583786,0.26005417,0.16329111,0.13620171,0.012546748
305,0.13617352,0.07267472,0.09031149,0.057592988,0.045862027,0.015081733
306,0.037454154,-0.013047531,0.022655064,0.014861583,0.01479909,-0.027909115
307,0.009181217,0.19296943,0.030050863,0.023525594,-0.020869646,0.16944383
308,1.0530052,0.586546,0.6152271,0.46964446,0.43777812,0.11690155
309,1.1820918,0.19032459,0.2785355,0.2039855,0.90355635,-0.013660908
310,1.2901382,0.47270674,0.7077117,0.49842817,0.58242655,-0.02572143
311,-0.00045860544,0.07818563,0.013683964,0.010350449,-0.014142569,0.06783518
312,0.68346673,0.31177852,0.4516313,0.33599854,0.23183542,-0.02422002
313,1.0226572,0.53116316,0.80269784,0.5476962,0.21995932,-0.016533017
314,0.009086319,-0.002381177,0.017556116,0.011402404,-0.008469797,-0.013783581
315,0.3546795,0.14695768,0.15440744,0.12187132,0.20027205,0.025086358
316,0.9055534,0.33514476,0.53492606,0.3654643,0.37062734,-0.030319542
317,0.11529337,0.14057271,0.14844804,0.095192626,-0.033154666,0.045380086
318,0.01094577,-0.040451717,0.010188176,0.0046336325,0.00075759366,-0.04508535
319,0.30776072,0.12580426,0.17224026,0.11731083,0.13552046,0.008493431
320,1.0106091,0.49110794,0.6416187,0.45410174,0.36899042,0.0370062
321,1.5706176,0.3251614,0.4956652,0.365042,1.0749524,-0.039880604
322,1.0017399,0.25568676,0.37408444,0.28489345,0.6276554,-0.029206693
323,-0.0030622254,0.023188913,0.00505096,0.006829008,-0.008113185,0.016359905
324,0.9958896,0.380236,0.5295577,0.38789976,0.4663319,-0.0076637566
325,0.72901934,0.21592903,0.31330526,0.22244175,0.4157141,-0.0065127164
326,0.27991745,0.25092134,0.14656094,0.116401434,0.13335651,0.1345199
327,0.15742716,0.059749156,0.06986692,0.050089475,0.087560244,0.0096596815
328,1.0242665,0.5503573,0.77311796,0.5367449,0.25114852,0.01361239
329,0.030190563,0.020250715,0.021209156,0.01463782,0.008981407,0.005612895
330,0.08153111,0.11704339,0.05554431,0.04331846,0.025986798,0.073724926
331,0.14808382,0.03471495,0.089553356,0.054875795,0.058530465,-0.020160846
332,0.012567856,-0.055374127,0.015827078,0.0060033184,-0.003259222,-0.061377443
333,0.81500065,0.23862901,0.35759652,0.24546567,0.45740414,-0.0068366528
334,0.9463438,0.45641896,0.6103853,0.42888668,0.33595848,0.02753228
335,0.09368751,0.13174644,0.067253426,0.041512314,0.026434086,0.09023413
336,0.81061256,0.3245988,0.45643157,0.3152992,0.354181,0.009299576
337,0.9116816,0.20317306,0.3147234,0.2109338,0.59695816,-0.0077607483
338,0.03117557,0.01753756,0.014738364,0.01160843,0.016437206,0.00592913
339,0.14414018,0.17599954,0.14124566,0.10452049,0.0028945208,0.071479045
340,0.022606373,0.038815767,0.015694242,0.010511849,0.006912131,0.028303917
341,1.2939492,0.30926064,0.527404,0.3730499,0.76654524,-0.06378928
342,1.1363964,0.41773677,0.7305572,0.4654529,0.4058392,-0.04771614
343,1.0527084,0.16400184,0.32477996,0.2299604,0.7279284,-0.06595856
344,0.18279126,0.07028984,0.094104044,0.06724587,0.08868722,0.003043972
345,1.0460322,0.28451687,0.4418286,0.3057884,0.6042036,-0.021271527
346,1.1370337,0.41054878,0.6231727,0.42860675,0.513861,-0.018057972
347,0.1875061,0.15042658,0.17903224,0.11808057,0.008473858,0.03234601
348,1.3578373,0.27297214,0.42030978,0.29201764,0.93752754,-0.019045502
349,0.03140758,0.14835228,0.046332423,0.040830184,-0.014924843,0.1075221
350,1.1807072,0.7072515,0.8387749,0.66681045,0.3419323,0.040441036
351,1.1203624,0.40539336,0.55071837,0.378502,0.56964403,0.02689135
352,-0.011694986,-0.040129747,0.011138512,0.0030709675,-0.022833498,-0.043200716
353,0.22117709,0.119840555,0.13212487,0.08792384,0.089052215,0.031916715
354,0.021190027,0.04202899,0.025713027,0.021117408,-0.0045229997,0.020911582
355,0.15064794,0.078288,0.06910829,0.05296123,0.081539646,0.025326766
356,0.94993794,0.36243284,0.44613922,0.30568862,0.5037987,0.056744218
357,0.023609186,0.107890196,0.015491412,0.011558565,0.008117774,0.09633163
358,1.1154884,0.41802192,0.5885647,0.37903878,0.5269237,0.038983136
359,0.32455587,0.25301424,0.20059565,0.14757134,0.12396023,0.1054429
360,0.31922212,0.16722965,0.22148393,0.1288498,0.09773819,0.038379848
361,0.14619847,0.106591396,0.0957098,0.061433293,0.050488666,0.045158103
362,1.1271851,0.36665404,0.45748994,0.34256363,0.66969514,0.02409041
363,0.47315228,0.22198866,0.22190075,0.15720132,0.25125152,0.06478734
364,1.2342888,0.5756304,0.821539,0.58199203,0.41274983,-0.0063616037
365,0.15226841,0.007197523,0.037988115,0.020809788,0.1142803,-0.013612265
366,0.026994012,0.013993326,0.015467346,0.011631416,0.011526667,0.0023619095
367,1.3602428,0.3179374,0.42219412,0.2917627,0.9380487,0.026174694
368,1.161183,0.33566627,0.5503493,0.33878282,0.6108337,-0.003116548
369,0.08991984,0.05185445,0.051717695,0.037500143,0.038202148,0.014354307
370,0.7975448,0.20568252,0.29499406,0.21707505,0.5025507,-0.011392534
371,0.86178744,0.23872821,0.36236438,0.24212767,0.49942306,-0.0033994615
372,0.024910396,0.120243415,0.043812383,0.026123326,-0.018901987,0.094120085
373,1.1822486,0.45437363,0.5477021,0.4133218,0.6345465,0.041051835
374,0.34810802,0.30489516,0.36037067,0.24919918,-0.012262642,0.05569598
375,0.8274198,0.3002561,0.42145503,0.30141106,0.4059648,-0.0011549592
376,0.07598186,0.13269612,0.03412432,0.024802236,0.041857544,0.107893884
377,-0.001060981,0.0058420002,0.017373033,0.005580462,-0.018434014,0.0002615382
378,0.35396835,0.12078405,0.17596747,0.1132856,0.17800088,0.0074984506
379,0.1346269,0.08731634,0.07947175,0.065732494,0.055155143,0.021583848
380,0.14553022,0.07865319,0.055626787,0.040606786,0.08990344,0.0380464
381,1.251465,0.38028303,0.5482502,0.39463386,0.70321476,-0.0143508315
382,0.21668474,0.1008403,0.09346631,0.0699308,0.12321843,0.030909501
383,1.0223097,0.108113974,0.23682846,0.1678107,0.7854812,-0.05969672
384,0.117001474,0.09013392,0.06721112,0.049749736,0.049790353,0.040384185
385,1.0276254,0.32700944,0.5926281,0.38158038,0.43499732,-0.054570943
386,0.084456906,0.04612972,0.05462887,0.03874479,0.029828034,0.00738493
387,0.75565946,0.34566802,0.4937125,0.32556066,0.26194695,0.020107359
388,-0.036068376,-0.06982586,0.017053017,0.002646783,-0.053121395,-0.07247264
389,0.13323602,0.04217055,0.10949489,0.08348655,0.023741134,-0.041316
390,0.050217535,0.15266968,0.034135815,0.026381195,0.01608172,0.12628849
391,1.1984382,0.45209473,0.7176889,0.4959929,0.48074925,-0.043898165
392,0.04883651,0.24246304,0.047626603,0.037140768,0.0012099072,0.20532227
393,0.95187855,0.3093043,0.45381576,0.33209476,0.4980628,-0.022790462
394,0.1060642,0.09081579,0.08386937,0.06470428,0.022194833,0.026111513
395,0.070803635,0.0453504,0.040493503,0.030884136,0.030310132,0.014466263
396,0.95601785,0.39597768,0.56293017,0.38593683,0.3930877,0.010040849
397,0.42119443,0.22696935,0.21135622,0.1705975,0.20983821,0.056371853
398,0.04023151,0.05759534,0.05572077,0.03699424,-0.015489258,0.020601097
399,1.6122521,0.3811964,0.44011515,0.29049984,1.172137,0.09069657
400,0.08738208,0.04377731,0.059209827,0.03805247,0.02817225,0.00572484
401,1.2147608,0.5496757,0.72028404,0.48249108,0.49447674,0.06718463
402,1.6082467,0.7600017,0.95628875,0.70881575,0.6519579,0.051185966
403,0.2475258,0.25628152,0.17513208,0.1281172,0.072393715,0.12816432
404,0.08867687,0.068664216,0.05189497,0.03567441,0.0367819,0.032989804
405,0.13121079,0.07224571,0.08788249,0.055768114,0.0433283,0.016477596
406,0.07560406,0.047641475,0.030580118,0.024139455,0.04502394,0.02350202
407,0.0074876687,0.15065852,0.009820342,0.01033686,-0.0023326734,0.14032166
408,0.21412745,0.16671993,0.17905228,0.13078487,0.035075173,0.03593506
409,0.042909782,-0.031844046,0.030792141,0.01722772,0.012117641,-0.049071766
410,0.35244182,0.10458347,0.14636505,0.101506054,0.20607677,0.0030774176
411,0.05468236,0.03215024,0.0303826,0.016455606,0.02429976,0.015694633
412,0.03279843,0.09312286,0.03611045,0.01485445,-0.0033120178,0.07826841
413,0.08082063,0.043218438,0.049735174,0.033153415,0.031085454,0.010065023
414,1.0090315,0.20988043,0.3401439,0.22553642,0.6688876,-0.015655994
415,0.018951032,-0.0036744082,0.033284914,0.022317918,-0.014333881,-0.025992326
416,1.5437921,0.7442363,0.99111396,0.683663,0.55267817,0.06057328
417,0.20597246,0.167119,0.13692433,0.09020343,0.06904814,0.07691557
418,1.0742983,0.32960835,0.53563046,0.35443527,0.5386678,-0.024826914
419,0.07549666,0.055301305,0.05786054,0.04069316,0.01763612,0.014608145
420,0.8007856,0.28146663,0.36845127,0.28127104,0.43233433,0.00019559264
421,0.102316715,0.17853142,0.07574615,0.057532836,0.026570566,0.12099859
422,1.1571347,0.42213786,0.6277793,0.42822117,0.52935535,-0.0060833097
423,0.3119648,0.24958365,0.25133577,0.18712316,0.06062904,0.062460482
424,0.010435473,0.039078474,0.002447099,0.0052082813,0.007988375,0.033870194
425,0.047503702,0.051663194,0.043226887,0.037251636,0.004276816,0.0144115575
426,1.0091035,0.5069625,0.6275511,0.44792974,0.38155246,0.05903274
427,0.05674299,0.04502521,0.031060498,0.021115825,0.02568249,0.023909386
428,1.2049564,0.57851046,0.6670328,0.4899727,0.53792363,0.08853775
429,-0.0008994622,0.05473545,0.0050363406,0.0024009766,-0.0059358026,0.052334473
430,1.2850136,0.58960193,0.8110826,0.5833673,0.47393095,0.006234646
431,0.011345724,-0.05299699,0.01776333,0.0061302264,-0.006417606,-0.059127215
432,0.05371404,0.04751786,0.029533794,0.020430405,0.024180247,0.027087454
433,0.019529141,0.003841038,0.01732147,0.011750971,0.0022076722,-0.007909933
434,0.9142118,0.20387942,0.329686,0.25111166,0.5845258,-0.04723224
435,1.4804671,0.4755929,0.6280938,0.4556396,0.8523733,0.01995331
436,0.10072558,0.066157214,0.07102314,0.05467778,0.02970244,0.011479434
437,-0.017681584,0.11372644,0.0076462696,0.004345115,-0.025327854,0.109381326
438,0.110522225,0.14879537,0.08150892,0.05655252,0.029013306,0.09224285
439,1.0843704,0.45094413,0.6384583,0.45080867,0.44591206,0.00013545156
440,0.2172693,0.08450011,0.116129495,0.07299501,0.101139806,0.011505105
441,-0.047598395,-0.0067572114,0.0041086385,-0.00037446374,-0.051707033,-0.0063827476
442,0.060388796,0.020467395,0.023042673,0.018159153,0.037346125,0.002308242
443,0.04613825,-0.030229932,0.03555045,0.014208814,0.0105878,-0.044438746
444,0.035655152,0.03708172,0.013008166,0.007515302,0.022646986,0.029566417
445,0.06462818,0.029047137,0.024870623,0.020232406,0.039757553,0.008814732
446,1.0094056,0.27177098,0.43214256,0.2953576,0.57726306,-0.02358663
447,1.0669239,0.35366663,0.44651824,0.33487985,0.6204056,0.018786788
448,0.90779746,0.306982,0.35457885,0.25896615,0.5532186,0.048015863
449,0.9045111,0.35231358,0.48823413,0.3353784,0.41627696,0.01693517
450,0.94334114,0.23522277,0.4117718,0.25030255,0.53156936,-0.015079781
451,1.1384983,0.36793435,0.4716647,0.3258419,0.66683364,0.042092443
452,0.20965686,0.09460374,0.1134013,0.07991883,0.09625556,0.014684908
453,0.914163,0.35782287,0.56535435,0.391936,0.34880865,-0.03411314
454,0.11532448,0.0054010637,0.04570254,0.0301386,0.06962194,-0.024737537
455,0.9068887,0.11270082,0.2259287,0.15535802,0.68096006,-0.042657197
456,1.1922058,0.37451273,0.5298156,0.3859826,0.6623902,-0.011469871
457,0.064904116,0.072047465,0.047855787,0.03968993,0.01704833,0.032357536
458,1.5620662,0.57786214,0.6862238,0.4441597,0.8758424,0.13370246
459,0.12077697,0.025060674,0.07407817,0.05381692,0.0466988,-0.028756244
460,1.1640081,0.42230788,0.61306405,0.409328,0.5509441,0.012979865
461,0.83011484,0.37261936,0.65300447,0.4430151,0.17711037,-0.07039574
462,0.81318355,0.28606266,0.4129071,0.30496833,0.40027645,-0.01890567
463,0.012172953,-0.032983985,0.03165195,0.011948763,-0.019479,-0.04493275
464,1.24439,0.59131974,0.69125855,0.50549597,0.55313146,0.085823774
465,0.84798265,0.28303543,0.44598427,0.3046848,0.40199837,-0.02164936
466,0.15966281,0.08526694,0.081435755,0.06450589,0.07822706,0.02076105
467,-0.037712395,0.11355321,0.006143645,-0.00016648948,-0.04385604,0.1137197
468,0.26849508,0.08165623,0.10339319,0.06383638,0.16510189,0.017819852
469,0.09489257,0.058794826,0.059345145,0.04338062,0.035547424,0.015414204
470,0.029653551,0.018295158,0.014836571,0.010666429,0.01481698,0.0076287286
471,0.0644283,0.046271965,0.03864664,0.029103072,0.025781661,0.017168893
472,1.2629901,0.121000856,0.26312307,0.22910461,0.9998671,-0.10810375
473,1.1695414,0.3645143,0.48374894,0.36501944,0.68579245,-0.00050514936
474,0.08077301,0.030364253,0.036922168,0.027275002,0.043850843,0.003089251
475,0.053730402,0.0757436,0.05156324,0.038094148,0.0021671616,0.037649453
476,1.1731837,0.3254854,0.41736993,0.29823932,0.7558137,0.027246088
477,-0.0018650931,-0.062352907,0.008667593,9.887346e-05,-0.0105326865,-0.06245178
478,0.18448779,0.15218994,0.16373578,0.09701984,0.020752013,0.055170104
479,1.129065,0.4991849,0.61852956,0.46790817,0.5105355,0.031276733
480,0.12225766,0.07453656,0.07449066,0.05642464,0.047767,0.018111922
481,0.0217777,-0.019962234,0.034856096,0.021496676,-0.013078395,-0.041458912
482,0.0066076415,0.23789632,0.046726488,0.029162044,-0.040118847,0.20873427
483,0.01861159,0.126832,0.035982862,0.028813908,-0.017371273,0.09801809
484,0.06607454,0.0036315746,0.038491853,0.02203444,0.02758269,-0.018402865
485,1.1236789,0.360545,0.41243348,0.29381362,0.7112454,0.06673139
486,0.21544829,0.051326543,0.09360033,0.049696945,0.12184796,0.0016295984
487,0.31388527,0.18760246,0.22517906,0.1576367,0.08870621,0.029965758
488,0.6382264,0.19047564,0.3207705,0.20953299,0.3174559,-0.019057348
489,1.3929769,0.22019865,0.3531332,0.23271364,1.0398437,-0.012514994
490,0.66059446,0.27623403,0.29589248,0.2160638,0.364702,0.060170233
491,0.96094924,0.2789326,0.3847624,0.28481635,0.57618684,-0.0058837533
492,1.6742802,0.55714023,0.8465459,0.6148561,0.8277343,-0.057715893
493,0.10917381,0.06059405,0.05844908,0.03819352,0.050724734,0.022400528
494,1.0596559,0.46374828,0.71754885,0.4964259,0.34210706,-0.03267762
495,0.7566085,0.29319984,0.3637718,0.26561987,0.3928367,0.027579963
496,0.045998815,0.022574743,0.027359977,0.023407627,0.018638838,-0.00083288364
497,0.04532847,-0.022743693,0.05243092,0.028141173,-0.0071024485,-0.050884865
498,0.16542757,0.064608045,0.07521688,0.06180649,0.09021068,0.0028015561
499,0.30234662,0.18143392,0.21029758,0.13934189,0.09204903,0.042092025
500,1.0974207,0.30871585,0.4393698,0.31010926,0.6580509,-0.0013934076
501,0.026475042,0.019715145,0.044522084,0.035893794,-0.018047042,-0.016178649
502,0.18607707,0.07757702,0.08800218,0.06633143,0.09807489,0.011245586
503,0.09426851,0.14988069,0.042165685,0.030314304,0.052102823,0.11956639
504,0.05785432,0.04917846,0.03543947,0.028454218,0.022414852,0.02072424
505,1.3111451,0.45144954,0.82066214,0.49615166,0.49048293,-0.044702113
506,1.4660542,0.5724775,0.7554149,0.59479815,0.7106393,-0.022320628
507,0.19052455,0.18105564,0.12150005,0.08940015,0.069024496,0.091655485
508,0.12480674,0.11824385,0.062201165,0.042527553,0.062605575,0.0757163
509,2.0324857,0.8350186,1.0233337,0.7259647,1.009152,0.10905385
510,0.9663569,0.20872276,0.26419118,0.19090979,0.7021657,0.017812967
511,0.051700845,0.05239817,0.04815949,0.02764494,0.003541354,0.024753232
512,1.2996532,0.7275539,0.8663783,0.6438782,0.43327487,0.08367568
513,0.31431225,0.18775588,0.22306061,0.15935177,0.09125164,0.028404117
514,1.0902646,0.33489484,0.46252048,0.33167604,0.6277441,0.0032187998
515,0.13031866,0.13638295,0.053681146,0.04184697,0.07663751,0.094535984
516,0.025650352,-0.026204599,0.0245397,0.014093694,0.0011106525,-0.040298294
517,-0.034593884,0.11880975,0.0113783255,0.0033912552,-0.04597221,0.115418494
518,0.8660986,0.31813872,0.4055308,0.29880106,0.46056777,0.019337654
519,1.6573654,0.22401503,0.34801066,0.2550397,1.3093548,-0.031024665
520,0.8587664,0.35629946,0.4476272,0.3246628,0.4111392,0.031636655
521,0.011361413,0.020020325,0.0026011788,0.0026308328,0.008760234,0.017389491
522,0.081500955,0.13057086,0.072823,0.050373957,0.008677952,0.0801969
523,0.12635776,0.07309001,0.069315106,0.05228313,0.05704266,0.020806879
524,0.18527515,0.082465775,0.10371056,0.07503882,0.08156459,0.007426955
525,1.1704576,0.5060798,0.68969,0.50005424,0.4807676,0.0060255527
526,0.3793242,0.15338553,0.1571611,0.12127085,0.2221631,0.032114685
527,1.0343996,0.56891567,0.7419982,0.5380204,0.29240143,0.030895293
528,0.08535622,0.008642376,0.024086136,0.0198187,0.061270084,-0.011176324
529,0.015346905,0.0328341,0.010837032,0.010501033,0.0045098728,0.022333069
530,1.3401885,0.4925235,0.6901623,0.47573048,0.6500262,0.016793013
531,0.0710714,0.032241855,0.049086623,0.02995115,0.021984778,0.0022907052
532,0.6970967,0.32473448,0.4832866,0.33170635,0.21381012,-0.006971866
533,1.0096825,0.404977,0.5495892,0.39469314,0.46009332,0.010283858
534,0.2984155,0.14356191,0.20064463,0.1192321,0.097770885,0.024329811
535,0.801943,0.19200099,0.2479295,0.18284445,0.5540135,0.00915654
536,-0.019321185,0.03263664,0.013712159,0.0106624225,-0.033033345,0.021974217
537,0.0703995,0.13019949,0.062446237,0.03670543,0.007953264,0.09349406
538,1.2214198,0.3755692,0.58032626,0.40139702,0.64109355,-0.025827825
539,0.09008204,0.0042083473,0.041934825,0.028151609,0.048147216,-0.023943262
540,0.034216974,0.00090455485,0.013112992,0.009737016,0.021103982,-0.008832461
541,0.1280983,0.06258748,0.08106851,0.049621716,0.047029786,0.012965761
542,0.0529045,0.03779044,0.021584678,0.01804599,0.031319823,0.01974445
543,0.1400232,0.06578733,0.082306884,0.058399454,0.057716317,0.0073878765
544,0.049459912,-0.05483126,0.044216372,0.02429649,0.00524354,-0.07912775
545,0.64717597,0.28897646,0.29007968,0.18216617,0.35709628,0.10681029
546,0.29588056,0.20429972,0.219627,0.135891,0.07625356,0.06840871
547,0.068458386,0.071929514,0.042222142,0.039551146,0.026236244,0.032378368
548,0.92473364,0.25454837,0.5162854,0.31783575,0.40844822,-0.06328738
549,1.5044698,0.56939965,0.7714685,0.5313201,0.73300123,0.03807956
550,1.1966567,0.3667366,0.51636404,0.34369105,0.68029267,0.02304554
551,0.060413215,0.0070637697,0.05520623,0.03581078,0.0052069835,-0.028747011
552,1.1865994,0.41800785,0.50936145,0.3702928,0.6772379,0.047715038
553,0.10084527,-0.00040101467,0.06974669,0.047830895,0.031098582,-0.04823191
554,0.022675766,0.020660076,0.010661992,0.008423683,0.012013773,0.012236393
555,1.290157,0.45668203,0.6696802,0.45566052,0.6204768,0.0010215044
556,0.016079899,-0.026471442,0.017516537,0.009482849,-0.0014366377,-0.03595429
557,1.136741,0.32813895,0.43577567,0.31309086,0.7009654,0.015048087
558,0.82984036,0.41870147,0.4667749,0.34677088,0.36306545,0.07193059
559,0.9055444,0.37023664,0.44413063,0.29902545,0.46141377,0.07121119
560,0.11700525,0.13546339,0.049915113,0.040343285,0.06709014,0.0951201
561,0.8621011,0.42407948,0.47241923,0.33461553,0.38968185,0.08946395
562,0.020078752,-0.05682222,0.025540164,0.012575751,-0.0054614116,-0.06939797
563,0.06541176,0.034783907,0.04473826,0.03547319,0.020673502,-0.000689283
564,0.18473755,0.062699534,0.123347595,0.08047714,0.061389953,-0.017777607
565,0.4696165,0.08659936,0.12041749,0.08570828,0.349199,0.00089107454
566,0.95192194,0.36701775,0.52930933,0.38519916,0.4226126,-0.018181413
567,0.14284016,0.013671434,0.059362687,0.04094117,0.083477475,-0.027269738
568,1.1827466,0.35774627,0.4969292,0.3600761,0.6858175,-0.0023298264
569,0.15578009,0.11263552,0.0856682,0.06612882,0.07011189,0.046506703
570,0.79775184,0.25254554,0.38045403,0.25681242,0.4172978,-0.004266888
571,-0.034472678,-0.014468939,0.010319982,0.0061172205,-0.04479266,-0.02058616
572,0.059815552,0.04119949,0.040609945,0.028046943,0.019205607,0.013152547
573,0.21418417,0.07461749,0.1303971,0.08071638,0.08378707,-0.006098889
574,-0.012784935,0.10848747,0.021221925,0.012044543,-0.03400686,0.09644293
575,1.1461782,0.30191118,0.46962354,0.2917267,0.6765547,0.010184467
576,0.8583181,0.18800546,0.24414736,0.17061378,0.61417073,0.017391682
577,0.18043931,0.09304992,0.09732948,0.07249181,0.083109826,0.020558111
578,0.9748734,0.40440762,0.4730488,0.34715357,0.5018246,0.057254046
579,1.373485,0.52124435,0.81325185,0.5243923,0.5602331,-0.0031479597
580,-0.012777082,0.1283626,0.017742826,0.009287364,-0.030519906,0.11907523
581,0.009044357,0.1293564,0.040874127,0.020785632,-0.03182977,0.10857077
582,0.7108876,0.21142827,0.3302121,0.22751153,0.38067552,-0.016083255
583,0.7721452,0.24971792,0.32546097,0.22815454,0.44668424,0.021563381
584,0.08716691,0.018929766,0.04328924,0.032330073,0.043877672,-0.013400307
585,-0.026306594,0.117757596,0.015555953,0.0061331885,-0.041862547,0.111624405
586,1.0111663,0.45209908,0.67289454,0.43031356,0.3382718,0.021785527
587,0.28964347,0.12682101,0.17615317,0.12482319,0.1134903,0.001997821
588,0.056769554,0.03065699,0.026176838,0.021373147,0.030592715,0.0092838425
589,0.094149135,0.029280897,0.045822997,0.026055073,0.04832614,0.0032258239
590,0.06167713,0.026455974,0.03082216,0.022436175,0.030854972,0.0040197987
591,0.7290315,0.2025093,0.28796765,0.20419966,0.44106385,-0.0016903579
592,1.2205018,0.47736964,0.74388313,0.50654143,0.47661865,-0.029171795
593,0.5484567,0.26739395,0.32072914,0.21471657,0.22772759,0.052677378
594,0.047122262,-0.04864881,0.046415295,0.023113403,0.00070696697,-0.07176221
595,0.019326184,0.056821093,0.03656793,0.023535514,-0.017241746,0.03328558
596,1.0844678,0.46947306,0.55352587,0.40461633,0.5309419,0.06485674
597,0.060078677,0.034070283,0.03451822,0.019136688,0.025560457,0.014933595
598,1.0076597,0.24689028,0.33440778,0.21473494,0.67325187,0.032155335
599,0.035504956,0.08343979,0.020745616,0.017891936,0.014759339,0.06554785
600,0.039661955,0.10365304,0.035987753,0.017640159,0.0036742017,0.086012885
601,-0.006734206,0.11988256,0.0040516686,0.0043233554,-0.010785874,0.115559205
602,0.03705832,0.024967572,0.009446264,0.0074504144,0.027612057,0.017517157
603,0.05350716,0.011793935,0.038625438,0.020280328,0.014881723,-0.008486393
604,0.14603758,0.053738415,0.043230273,0.03314074,0.102807306,0.020597674
605,0.98153865,0.36997142,0.5141475,0.3762122,0.46739113,-0.006240785
606,1.237364,0.2654322,0.40377682,0.29151222,0.8335872,-0.026080012
607,-0.01764037,0.11106906,0.009795716,0.0026777782,-0.027436087,0.108391285
608,0.028894596,-0.037880126,0.037177395,0.016189316,-0.008282799,-0.054069445
609,0.17389007,0.08476198,0.10978509,0.08681628,0.06410498,-0.002054304
610,0.060608048,0.034127653,0.05347341,0.036008123,0.0071346387,-0.0018804707
611,1.2532253,0.2974715,0.3787349,0.28226888,0.87449044,0.015202612
612,0.059045844,0.03491607,0.03242402,0.02442944,0.026621822,0.010486629
613,1.0809616,0.38102153,0.54978186,0.38088512,0.5311797,0.00013640523
614,0.08414288,0.15362766,0.05840903,0.042039175,0.025733847,0.11158849
615,0.7872765,0.25821066,0.3993086,0.28866565,0.3879679,-0.030454993
616,1.1815269,0.46446857,0.7012436,0.49167895,0.48028332,-0.027210385
617,0.039366517,-0.020714957,0.018325487,0.014103778,0.02104103,-0.034818735
618,1.1790428,0.36625597,0.5491059,0.33261514,0.62993693,0.03364083
619,0.14908794,0.03186187,0.12079112,0.07412948,0.028296813,-0.042267606
620,1.0312674,0.2355043,0.37752357,0.23960243,0.65374386,-0.0040981323
621,0.02919379,-0.031287324,0.023479395,0.0127207665,0.005714396,-0.04400809
622,1.121672,0.5225351,0.7658266,0.51914674,0.35584545,0.0033883452
623,0.9763041,0.018429518,0.18195498,0.127562,0.79434913,-0.10913248
624,0.055752516,0.028103324,0.0251003,0.016189948,0.030652216,0.011913376
625,1.3515484,0.5312771,0.72870755,0.5230061,0.6228409,0.0082710385
626,0.10407402,0.06636207,0.079970606,0.059002593,0.024103418,0.007359475
627,0.020444507,0.009076927,0.021718128,0.015529784,-0.0012736209,-0.0064528575
628,1.2099025,0.57123905,0.7970203,0.54414785,0.4128822,0.027091205
629,1.0915331,0.10176657,0.21211384,0.14728585,0.8794192,-0.045519277
630,0.6873973,0.19820662,0.27449536,0.20227958,0.41290194,-0.004072964
631,0.2326123,0.088334076,0.16269419,0.08802656,0.06991811,0.00030751526
632,0.06805513,0.041270256,0.025911987,0.016839175,0.042143144,0.024431081
633,0.030512804,0.026055966,0.016161054,0.015205231,0.01435175,0.010850735
634,1.1691934,0.36136457,0.5213806,0.38333577,0.6478128,-0.021971196
635,0.14785697,0.10190144,0.06386417,0.045605578,0.083992794,0.056295864
636,0.23384674,0.11257516,0.1544191,0.107327506,0.079427645,0.0052476525
637,0.089312464,0.032547835,0.090521574,0.06345282,-0.00120911,-0.030904982
638,0.6549002,0.238844,0.4111417,0.27243373,0.2437585,-0.03358972
639,1.387998,0.3831611,0.28513777,0.22210446,1.1028602,0.16105664
640,0.30176422,0.16050117,0.18714303,0.11479571,0.11462119,0.04570546
641,0.041250512,0.049445342,0.051127534,0.031540982,-0.009877022,0.01790436
642,-0.05414828,0.13346821,0.005567894,0.0042979796,-0.059716173,0.12917022
643,0.027949752,-0.030989224,0.01978446,0.010764989,0.008165292,-0.041754212
644,0.9733073,0.4484898,0.4829339,0.35751018,0.4903734,0.090979606
645,0.029978441,0.010077503,0.01668684,0.01107131,0.013291601,-0.0009938078
646,0.022476612,0.110989176,0.013787469,0.011238527,0.008689143,0.09975065
647,0.20187762,0.14717734,0.12400217,0.084473856,0.07787545,0.06270348
648,0.010929776,-0.017974783,0.011720858,0.009767697,-0.0007910812,-0.027742479
649,0.10038966,0.011443105,0.079442926,0.048783965,0.020946734,-0.03734086
650,-0.00020347704,-0.05871366,0.009352936,0.004656761,-0.009556414,-0.06337042
651,0.077598706,0.027188566,0.05839799,0.03555613,0.019200716,-0.0083675645
652,1.3296103,0.72918636,0.9354553,0.6970735,0.39415503,0.032112837
653,0.081829935,0.0577487,0.06294858,0.04865047,0.018881358,0.009098232
654,0.9977558,0.3565714,0.4884834,0.31916445,0.50927246,0.03740695
655,0.062360406,0.11094649,0.07531938,0.042217,-0.012958974,0.06872949
656,1.1962965,0.39012843,0.49589118,0.35380772,0.70040524,0.036320716
657,0.13690525,0.036658634,0.061363924,0.037280068,0.07554133,-0.0006214343
658,-0.0020595156,-0.026261335,0.0131847905,0.009831343,-0.015244306,-0.036092676
659,0.044006173,-0.02197366,0.04852021,0.030199144,-0.0045140386,-0.052172802
660,1.0184083,0.34237027,0.56104916,0.37963718,0.45735914,-0.03726691
661,0.04420922,0.05443298,0.02125565,0.020899119,0.02295357,0.033533864
662,0.420684,0.20494273,0.26706064,0.19966595,0.15362337,0.0052767843
663,0.87406754,0.43902203,0.60335964,0.43252182,0.2707079,0.0065002143
664,0.029856803,0.047956023,0.018367197,0.018865176,0.0114896055,0.029090848
665,1.2089087,0.68963736,0.8924418,0.673196,0.31646687,0.016441345
666,0.042181384,0.036185443,0.0293297,0.023357743,0.012851683,0.0128277
667,0.09810162,0.02621537,0.088315494,0.0625655,0.009786129,-0.036350127
668,0.8949815,0.31213093,0.44777676,0.31454238,0.44720474,-0.002411455
669,0.076315016,0.037821423,0.06757171,0.037327815,0.0087433085,0.0004936084
670,0.99665344,0.3871704,0.43895474,0.31677338,0.5576987,0.07039702
671,0.05769179,0.004605903,0.020317003,0.015797177,0.037374787,-0.011191275
672,0.72754246,0.26247612,0.33811757,0.25389382,0.3894249,0.008582294
673,0.11756003,0.1180028,0.11923319,0.088473886,-0.001673162,0.029528916
674,0.91422206,0.35499477,0.43873796,0.34132016,0.4754841,0.013674617
675,0.20325866,0.1086948,0.11621936,0.093617275,0.08703931,0.015077524
676,0.052156422,0.023136051,0.016675582,0.0101257395,0.035480842,0.013010312
677,0.06206529,0.15159403,0.054308157,0.039118208,0.007757131,0.11247582
678,0.1554365,0.088201165,0.10308815,0.07730036,0.052348353,0.010900803
679,-0.0016788959,0.19376191,0.0068198806,0.007672972,-0.008498777,0.18608895
680,1.0005245,0.3617036,0.46208876,0.31911498,0.53843576,0.04258862
681,0.12426571,0.19084178,0.10430563,0.07304934,0.019960076,0.11779244
682,1.1344074,0.4693593,0.6751511,0.46931514,0.4592563,4.416704e-05
683,0.973149,0.42563364,0.5964683,0.42037192,0.37668067,0.005261719
684,1.69679,0.5987598,1.0055102,0.6510546,0.69127977,-0.05229485
685,0.037082464,0.017788382,0.022384752,0.016970862,0.014697712,0.00081752054
686,0.814605,0.30876237,0.35395527,0.25628692,0.46064973,0.052475452
687,-0.025662618,-0.078181274,0.008387469,0.0042461483,-0.034050085,-0.08242742
688,0.93624914,0.33586335,0.45728,0.3480964,0.47896913,-0.012233049
689,1.0680156,0.36985335,0.50339323,0.37365592,0.56462234,-0.0038025677
690,0.06174901,0.10913722,0.08958131,0.06887349,-0.0278323,0.040263735
691,0.062512025,0.024570595,0.026051937,0.017173247,0.036460087,0.007397348
692,0.06750683,0.16267306,0.047707286,0.022759598,0.019799542,0.13991345
693,0.96844685,0.54191506,0.6807245,0.47494853,0.28772235,0.06696653
694,0.18608427,0.071462505,0.10749033,0.07277328,0.07859394,-0.0013107732
695,0.047313623,0.046348825,0.034994114,0.026838092,0.012319509,0.019510733
696,0.18228363,0.17483401,0.11445216,0.08981386,0.067831464,0.085020155
697,0.9984387,0.3848209,0.48069364,0.34299242,0.5177451,0.041828483
698,0.08933366,0.054469362,0.06024034,0.044313602,0.029093321,0.01015576
699,-0.019065076,-0.013125971,0.017854726,0.011461304,-0.036919802,-0.024587274
700,0.3851848,0.14093295,0.30490428,0.20870855,0.08028051,-0.06777561
701,0.30383492,0.05362808,0.20489809,0.116043665,0.098936826,-0.062415585
702,0.061246466,-0.011445105,0.048155002,0.035326984,0.013091464,-0.04677209
703,1.6199495,0.3580367,0.675123,0.47423705,0.9448265,-0.11620036
704,0.88432145,0.35255474,0.47813827,0.2834972,0.40618318,0.069057524
705,1.1779331,0.30937687,0.43944454,0.30714905,0.73848855,0.002227813
706,0.07979587,0.0025795002,0.03185395,0.028673595,0.047941916,-0.026094094
707,0.0254623,0.14624232,0.013909657,0.010305761,0.011552643,0.13593656
708,0.11538212,0.07967962,0.07055507,0.05211431,0.04482705,0.027565312
709,1.0310053,0.3019074,0.34086722,0.25612363,0.69013804,0.04578376
710,0.29333827,0.1163509,0.13519135,0.09734279,0.15814692,0.019008107
711,1.0563034,0.36034217,0.4748844,0.36188045,0.581419,-0.0015382767
712,0.06771382,-0.03012837,0.038747203,0.017834034,0.028966617,-0.047962405
713,1.0356125,0.34821627,0.46667552,0.34207767,0.56893694,0.006138593
714,0.03109364,-0.039565288,0.033430442,0.012905517,-0.002336802,-0.052470803
715,0.6129165,0.30291423,0.36721516,0.2884053,0.24570137,0.014508933
716,0.5381288,0.26340586,0.34550282,0.25271264,0.19262597,0.010693222
717,0.097186044,0.02186489,0.07433431,0.054147996,0.022851735,-0.032283105
718,0.24290606,0.08791135,0.056098357,0.04490695,0.1868077,0.0430044
719,1.1131576,0.56087565,0.73047286,0.5485978,0.38268477,0.012277842
720,1.5408984,0.53639394,0.7912312,0.53330845,0.7496672,0.003085494
721,0.3921992,0.16650362,0.21322852,0.15057684,0.17897066,0.015926778
722,0.86820626,0.4249311,0.57217854,0.40996674,0.29602772,0.014964372
723,0.028865013,0.021175357,0.0078782365,0.009593491,0.020986777,0.011581865
724,0.029327089,0.039318636,0.026789427,0.021376204,0.0025376622,0.017942432
725,0.026036238,0.03047777,0.019321445,0.01822287,0.006714793,0.012254899
726,1.152027,0.47452834,0.67692584,0.46175852,0.47510117,0.012769818
727,0.030891558,0.08988743,0.018792436,0.015336325,0.012099123,0.074551105
728,0.09404306,0.048228625,0.06465249,0.039006326,0.029390574,0.009222299
729,0.02088736,0.02547158,0.02185178,0.017942414,-0.0009644199,0.0075291656
730,0.28218928,0.14122583,0.13681969,0.09757077,0.14536959,0.04365506
731,1.2383153,0.3796524,0.59377414,0.43279326,0.6445412,-0.05314085
732,0.42345703,0.06639332,0.13808912,0.09160389,0.2853679,-0.025210567
733,1.2857741,0.62834716,0.81159043,0.6066061,0.47418368,0.021741033
734,0.73543894,0.27610725,0.41517544,0.27888575,0.3202635,-0.0027785003
735,0.0007667165,-0.09536537,0.019216657,0.006596095,-0.01844994,-0.10196146
736,0.08874327,0.041682784,0.054293007,0.035421968,0.034450263,0.006260816
737,0.38001847,0.077198505,0.14812873,0.096291706,0.23188974,-0.0190932
738,0.06388275,0.039471257,0.069646776,0.052128464,-0.0057640225,-0.0126572065
739,0.0922192,0.11171239,0.08874441,0.053175326,0.0034747943,0.058537062
740,0.014160649,0.047214337,0.02077605,0.0140302535,-0.0066154012,0.03318408
741,1.0847098,0.4839174,0.49249974,0.37296146,0.59221005,0.110955924
742,0.08362965,0.03618594,0.039582767,0.027692487,0.044046886,0.008493451
743,0.08251363,0.11038924,0.03861077,0.031658832,0.04390286,0.078730404
744,0.3118656,0.11712559,0.1537562,0.10636293,0.1581094,0.010762662
745,1.1193243,0.46666715,0.49937123,0.3832046,0.6199531,0.08346254
746,0.45393747,0.24876624,0.32676235,0.24572599,0.12717512,0.003040254
747,0.92196006,0.3457673,0.45757183,0.34131086,0.46438822,0.0044564307
748,0.03456481,0.0616017,0.039039258,0.030396344,-0.004474446,0.031205354
749,0.8527836,0.3494345,0.4869011,0.29472777,0.36588252,0.054706722
750,0.07215079,0.045579217,0.033833876,0.0235473,0.038316913,0.022031918
751,1.1352562,0.64359456,0.8354639,0.5919201,0.2997923,0.051674485
752,0.010149134,-0.015206298,0.016481249,0.012615715,-0.0063321143,-0.027822014
753,1.0174338,0.4516091,0.6212573,0.43496037,0.39617646,0.01664874
754,0.13018855,0.094204046,0.03244178,0.024249645,0.097746775,0.0699544
755,0.5922899,0.36335003,0.4101195,0.27665812,0.18217042,0.086691916
756,0.7877086,0.30888784,0.47183013,0.32747716,0.31587845,-0.018589318
757,0.81142503,0.34715253,0.5376189,0.36837444,0.27380615,-0.021221906
758,0.111795016,0.022518562,0.056417838,0.026303774,0.055377178,-0.0037852116
759,0.092637815,0.08699807,0.045471624,0.03780715,0.04716619,0.049190916
760,0.1749895,0.0831446,0.12739545,0.083276995,0.047594056,-0.00013239682
761,0.060154956,0.10470919,0.04919553,0.04302391,0.010959424,0.061685283
762,0.20818418,0.008999892,0.1075305,0.06797247,0.100653686,-0.058972575
763,0.71946716,0.3079882,0.42247966,0.2935592,0.2969875,0.014429003
764,1.1420324,0.4217347,0.54228514,0.37209728,0.59974724,0.049637407
765,0.13221982,0.04399793,0.07926407,0.049255256,0.052955754,-0.005257327
766,0.09132473,0.046736576,0.047468342,0.03322442,0.04385639,0.013512157
767,1.3505398,0.39028165,0.5476912,0.3819045,0.8028486,0.008377135
768,1.305946,0.48685125,0.5665393,0.44558743,0.7394067,0.04126382
769,0.83927745,0.2913456,0.35364637,0.2656399,0.48563108,0.025705695
770,0.2618858,0.10319603,0.10491119,0.076203294,0.1569746,0.026992738
771,0.08882952,-0.0009757812,0.046024915,0.029857269,0.042804603,-0.03083305
772,0.88508636,0.43766275,0.60615885,0.427107,0.2789275,0.010555744
773,0.00031602453,0.061561465,0.0388992,0.03475724,-0.038583174,0.026804224
774,1.1717746,0.5896095,0.7604335,0.56329936,0.41134113,0.026310146
775,0.07046634,0.11350572,0.04758308,0.040824838,0.022883259,0.07268088
776,1.1670868,0.42725864,0.57284606,0.38767678,0.5942408,0.039581865
777,0.1629857,0.19406445,0.10667235,0.07936076,0.05631335,0.11470369
778,0.0668557,0.0028491186,0.035914727,0.016510636,0.030940972,-0.013661517
779,0.8940959,0.31905627,0.5145417,0.33116356,0.3795542,-0.012107283
780,-0.006548153,0.1362037,0.029644763,0.016680483,-0.036192916,0.11952323
781,1.05415,0.23243988,0.2832267,0.21401489,0.77092326,0.018424988
782,0.08693572,0.06169577,0.06718559,0.05163883,0.019750133,0.010056939
783,0.18495329,0.17059931,0.085446626,0.055467196,0.09950666,0.115132116
784,0.25726208,0.13365844,0.21104582,0.12295494,0.046216264,0.010703497
785,0.6684884,0.18819578,0.22745961,0.16509295,0.44102877,0.023102835
786,0.011572567,0.020679362,0.02807801,0.022825819,-0.016505443,-0.0021464564
787,0.8731918,0.3815376,0.512404,0.38964057,0.36078775,-0.008102983
788,0.032531343,0.05946737,0.03841014,0.025259202,-0.005878795,0.03420817
789,0.97104746,0.29194835,0.37888947,0.2649468,0.59215796,0.02700156
790,0.023625817,0.044280875,0.014271216,0.015392559,0.009354602,0.028888317
791,1.0320832,0.1477661,0.24550958,0.1815031,0.7865736,-0.033737004
792,0.051642906,0.056945767,0.03543029,0.02910593,0.016212616,0.027839838
793,0.95558137,0.27157277,0.47264177,0.30758467,0.4829396,-0.036011904
794,-0.0020672693,0.13594796,0.03008725,0.019814664,-0.03215452,0.116133295
795,1.1971111,0.4935667,0.6940977,0.45531738,0.50301343,0.038249314
796,0.091259,0.011071487,0.066511594,0.03731036,0.024747409,-0.026238874
797,1.2277414,0.4885305,0.66178477,0.4802446,0.5659566,0.00828588
798,0.25433433,0.11746399,0.16582443,0.11819346,0.0885099,-0.00072947145
799,1.2424914,0.3906543,0.54579103,0.38105705,0.69670033,0.009597242
800,0.6868481,0.28357163,0.38597748,0.2666163,0.30087063,0.016955316
801,1.0242051,0.34469336,0.52007854,0.3752725,0.50412655,-0.03057915
802,0.2253991,0.09916285,0.11376902,0.08845653,0.11163009,0.01070632
803,0.12083177,0.027661951,0.10313061,0.06762051,0.017701164,-0.03995856
804,-0.03460032,0.12745778,0.02085116,0.016222306,-0.055451483,0.11123548
805,-0.037081428,0.06315646,-0.002421194,-0.0046265535,-0.034660235,0.06778301
806,0.030641561,0.14439286,0.026926586,0.018804139,0.003714975,0.12558873
807,0.05692215,0.092064425,0.056705885,0.03802913,0.00021626428,0.054035295
808,0.05205748,0.021009333,0.04873541,0.030911362,0.0033220686,-0.009902028
809,0.22590572,0.05152528,0.10723084,0.0722047,0.118674874,-0.020679422
810,0.09001768,0.03734027,0.08204338,0.054505244,0.007974297,-0.017164975
811,1.1392664,0.124609046,0.215165,0.14774075,0.92410135,-0.023131706
812,0.012715035,-0.009527838,0.010301365,0.0070198663,0.0024136705,-0.016547704
813,0.018257126,0.014176195,0.011869282,0.007211724,0.0063878438,0.0069644707
814,0.038902126,0.015060625,0.016684841,0.010969018,0.022217285,0.0040916074
815,1.0638608,0.46561116,0.58905935,0.44932902,0.47480142,0.016282141
816,1.0594966,0.34030944,0.57023805,0.34168425,0.4892586,-0.0013748109
817,0.06464734,0.053703476,0.039049152,0.029038873,0.025598187,0.024664603
818,0.1925934,0.06963652,0.14974572,0.09411619,0.042847678,-0.024479665
819,1.1916401,0.41745067,0.5749866,0.37327743,0.61665356,0.04417324
820,0.70139927,0.36957002,0.46604523,0.31433427,0.23535404,0.055235744
821,1.2823634,0.33052585,0.4216692,0.30241588,0.8606942,0.028109968
822,0.9163359,0.19123532,0.27111587,0.1991536,0.64522004,-0.007918283
823,0.1327074,0.019188298,0.08014835,0.05838921,0.052559055,-0.03920091
824,-0.0108392695,0.1324996,0.031095302,0.016661232,-0.041934572,0.11583837
825,0.17571358,0.10090571,0.11952381,0.0924794,0.056189775,0.008426309
826,0.10182461,0.01569145,0.060853295,0.04124663,0.040971316,-0.02555518
827,0.055525772,0.061597336,0.07953611,0.050624035,-0.024010338,0.010973301
828,0.9404174,0.42780444,0.44997486,0.32589576,0.49044254,0.101908684
829,-0.010586484,-0.021523615,0.019164406,0.009631052,-0.029750891,-0.031154666
830,-0.02229791,-0.02526834,0.009250347,0.0035659361,-0.031548254,-0.028834276
831,1.1509707,0.52779037,0.60930777,0.4642304,0.54166293,0.06355998
832,1.4051434,0.4954855,0.52268773,0.38239464,0.88245565,0.11309087
833,0.010726877,0.11838196,0.01618692,0.01363223,-0.0054600444,0.10474973
834,0.09533251,-0.00038906178,0.066866696,0.045115918,0.028465815,-0.04550498
835,0.12563796,0.053665064,0.07024073,0.05246805,0.055397235,0.001197014
836,1.159963,0.15755513,0.21138023,0.15402856,0.94858277,0.0035265684
837,0.90622336,0.3368399,0.42755356,0.31539524,0.4786698,0.021444678
838,0.17479932,0.039416306,0.10666735,0.07096807,0.068131976,-0.031551763
839,0.98266727,0.34126174,0.475337,0.33598423,0.5073303,0.0052775145
840,0.23975322,0.07688901,0.071437724,0.04667948,0.1683155,0.03020953
841,1.1828082,0.5806508,0.7300047,0.5366346,0.45280343,0.044016182
842,0.06252358,0.067266844,0.04723328,0.03607552,0.015290301,0.031191323
843,0.042447448,-0.016385848,0.039981894,0.024949638,0.0024655536,-0.041335486
844,1.2189393,0.37880573,0.5425896,0.37633878,0.6763497,0.0024669468
845,0.0042263805,-0.016640447,0.017049415,0.010770278,-0.012823034,-0.027410725
846,0.04505197,0.025688024,0.041029617,0.027027335,0.0040223524,-0.0013393108
847,-0.007505206,0.11801581,0.008702915,0.008249997,-0.016208122,0.10976581
848,0.005578728,0.13313924,0.027511716,0.015027499,-0.021932987,0.11811174
849,0.05127683,-0.016206844,0.046873778,0.033670288,0.004403051,-0.04987713
850,0.041655917,0.15690888,0.027046613,0.022209961,0.014609303,0.13469893
851,0.021596624,-0.023742588,0.029337991,0.018133378,-0.0077413674,-0.041875966
852,1.0932093,0.4503965,0.7439814,0.48883602,0.34922785,-0.038439512
853,0.9420997,0.28124815,0.39487278,0.27518556,0.5472269,0.006062597
854,1.3132875,0.54789203,0.789226,0.52469903,0.5240615,0.023193002
855,0.0950747,0.09183009,0.06484376,0.044010676,0.03023094,0.047819413
856,0.04411463,0.051532153,0.03008237,0.025684247,0.014032261,0.025847906
857,0.91235167,0.19429225,0.2889599,0.18645915,0.62339175,0.007833093
858,0.13506074,0.051730987,0.08376285,0.053806163,0.051297896,-0.0020751767
859,0.047573853,0.026382763,0.03520362,0.025157897,0.0123702325,0.0012248661
860,0.053222436,-0.0115548605,0.05572045,0.0372568,-0.002498012,-0.04881166
861,-0.0039362474,0.096540965,0.015195053,0.0063522244,-0.019131301,0.09018874
862,0.10059985,0.028844854,0.06417446,0.049200892,0.03642539,-0.020356039
863,0.0011988967,0.12728496,0.029263845,0.016250955,-0.028064948,0.111034006
864,0.06056834,0.05605837,0.0283585,0.01970525,0.03220984,0.03635312
865,-0.02012228,-0.066419914,0.018802308,0.007009773,-0.03892459,-0.07342969
866,0.08295236,-0.0054318965,0.04814449,0.027506376,0.03480787,-0.03293827
867,0.07369957,0.05924133,0.069344044,0.05074612,0.0043555275,0.008495208
868,-0.011246846,0.20911084,0.03985031,0.012690752,-0.051097155,0.19642009
869,0.998187,0.29127228,0.39441577,0.28373626,0.6037712,0.007536024
870,0.16134542,0.07073815,0.057053942,0.04390415,0.104291484,0.026834
871,0.097174935,0.036920927,0.05215126,0.026784733,0.045023676,0.0101361945
872,0.97175795,0.27910995,0.36795577,0.27512595,0.6038022,0.0039840043
873,1.0075638,0.3241505,0.40883723,0.3082168,0.59872663,0.015933692
874,0.055249907,0.055585567,0.054554354,0.03947705,0.0006955527,0.016108517
875,0.34194115,0.19152667,0.2018692,0.14977866,0.14007194,0.041748002
876,1.3526877,0.5208944,0.6983807,0.48888683,0.654307,0.032007575
877,0.87616336,0.27598837,0.4319762,0.29808047,0.44418716,-0.022092104
878,1.1082417,0.5638885,0.7836242,0.52079165,0.3246175,0.04309684
879,0.11832285,0.09982578,0.08341084,0.06761812,0.034912013,0.03220766
880,1.1271709,0.23133047,0.36313212,0.2604713,0.7640388,-0.029140845
881,0.09899616,0.060052756,0.06059929,0.04826914,0.038396873,0.011783615
882,0.028285183,-0.0007970409,0.018317323,0.009886058,0.00996786,-0.010683099
883,0.12969485,0.16518345,0.07409376,0.056086835,0.05560109,0.10909662
884,1.1393394,0.5872499,0.745851,0.523104,0.39348847,0.06414586
885,0.8888668,0.27616313,0.37093395,0.27284163,0.51793283,0.0033214986
886,1.1770132,0.51815945,0.5352799,0.41529605,0.6417332,0.1028634
887,1.1801218,0.33481467,0.48416793,0.3642811,0.69595385,-0.02946642
888,0.07709017,0.048202462,0.04199635,0.033769988,0.035093818,0.014432475
889,1.3705523,0.681805,0.8915557,0.66368943,0.47899657,0.01811558
890,0.042570062,0.019511275,0.028902596,0.023712484,0.013667466,-0.004201209
891,0.94784784,0.3460699,0.4698342,0.32999364,0.47801363,0.016076267
892,0.047622785,-0.0054950463,0.032762703,0.021982148,0.014860082,-0.027477194
893,0.023804314,0.009102035,0.008288499,0.0071637766,0.0155158155,0.0019382588
894,0.06392681,-0.020375755,0.061966337,0.03307221,0.0019604713,-0.053447966
895,-0.001578032,0.057343483,0.013924357,0.010173247,-0.015502389,0.047170237
896,1.3366771,0.24898656,0.51358604,0.31588918,0.82309103,-0.06690262
897,0.35252488,0.13580123,0.20403132,0.13633211,0.14849356,-0.00053088367
898,0.19874206,0.13546312,0.12150765,0.09829899,0.07723441,0.03716413
899,0.10054677,0.04366548,0.04209189,0.029876847,0.05845488,0.013788633
900,0.8053843,0.23944312,0.30871892,0.23167372,0.49666536,0.007769406
901,0.12262882,0.048319142,0.085548535,0.056255158,0.037080288,-0.007936016
902,0.23886919,0.072303616,0.09007905,0.058098957,0.14879015,0.014204659
903,0.15251453,0.016996842,0.11249805,0.06631527,0.04001648,-0.04931843
904,0.38144028,0.15872492,0.21406806,0.15570875,0.16737223,0.0030161738
905,1.0624455,0.3679358,0.508165,0.36433896,0.5542805,0.0035968423
906,0.037156776,-0.010142848,0.02307156,0.011348919,0.014085216,-0.021491766
907,0.018811213,-0.012111647,0.010842912,0.0068941778,0.007968301,-0.019005824
908,0.025565472,0.010032631,0.018389503,0.012269132,0.007175969,-0.0022365004
909,0.03601723,0.032712948,0.019503796,0.019920187,0.016513435,0.0127927605
910,1.2161635,0.37690803,0.5086607,0.3750023,0.70750284,0.0019057393
911,0.10981203,0.054834846,0.09899419,0.07090458,0.010817841,-0.016069736
912,-0.013002143,-0.059971087,0.0052904557,-0.0008548593,-0.018292598,-0.059116226
913,0.74931115,0.21610497,0.31290615,0.21954542,0.436405,-0.0034404546
914,0.050339427,0.0076786457,0.033228934,0.024893312,0.017110493,-0.017214667
915,1.0705135,0.36200404,0.50822294,0.33558697,0.56229055,0.026417077
916,1.1097388,0.24397202,0.37705037,0.23535818,0.7326884,0.00861384
917,0.052834738,-0.009419627,0.039378606,0.02761842,0.013456132,-0.037038047
918,0.05878264,0.09472809,0.030955011,0.023752496,0.02782763,0.070975594
919,0.08635869,-0.010513071,0.07872006,0.045307323,0.007638626,-0.055820394
920,0.015875194,0.0913143,0.06103313,0.036173187,-0.045157935,0.055141114
921,0.10626792,0.1926356,0.121278755,0.08386686,-0.015010834,0.10876874
922,0.003954754,0.13887389,0.04210757,0.024306035,-0.038152818,0.11456785
923,0.20439623,0.033981886,0.07404092,0.05711986,0.13035531,-0.023137975
924,0.9044148,0.25587362,0.5073413,0.32900146,0.39707345,-0.073127836
925,0.09228662,-0.0038578047,0.052257605,0.035203774,0.04002901,-0.03906158
926,0.017913004,-0.0005399247,0.025306128,0.01645946,-0.0073931236,-0.016999384
927,0.05176098,-0.016546331,0.04971968,0.032896914,0.002041299,-0.049443245
928,1.7746532,0.5289966,0.7733907,0.5934614,1.0012624,-0.06446481
929,0.033200484,-0.0031236184,0.040490557,0.027126355,-0.0072900727,-0.030249974
930,0.04036638,0.056162775,0.03515132,0.020850947,0.00521506,0.035311826
931,0.07844843,0.00890378,0.06923151,0.049655218,0.00921692,-0.04075144
932,0.09104826,0.09084698,0.079265356,0.061434694,0.011782907,0.029412284
933,0.6065141,0.28015748,0.32488215,0.24780731,0.28163195,0.032350168
934,0.04693565,0.107999906,0.057520673,0.035819337,-0.010585021,0.07218057
935,0.20962073,0.046112537,0.07924183,0.060216583,0.1303789,-0.014104046
936,0.12407648,0.1496986,0.059726216,0.04308112,0.06435026,0.10661748
937,0.82371825,0.29497585,0.41169798,0.31064895,0.41202027,-0.015673101
938,1.1148748,0.52345806,0.65693396,0.493003,0.45794088,0.030455053
939,0.06431572,0.10125054,0.041094642,0.032219287,0.02322108,0.06903125
940,0.27565762,0.19278774,0.19838853,0.14272362,0.07726909,0.050064117
941,0.057516277,0.05354076,0.047791872,0.04196703,0.009724405,0.011573728
942,0.8689299,0.10020363,0.21088141,0.14411227,0.6580485,-0.04390864
943,0.08164238,0.121836826,0.062501594,0.036029235,0.019140787,0.08580759
944,1.0206159,0.4075933,0.48338702,0.3757064,0.53722894,0.031886905
945,0.2757576,0.14757186,0.1829011,0.1349115,0.09285651,0.012660354
946,0.82792675,0.25825337,0.40282717,0.2946036,0.42509958,-0.03635022
947,0.13067088,0.07194404,0.081039645,0.052153263,0.04963123,0.01979078
948,0.9567435,0.37641683,0.46074823,0.3592937,0.49599525,0.017123133
949,1.0748549,0.4977999,0.67416036,0.4960541,0.4006945,0.0017457902
950,1.112974,0.14044347,0.23119926,0.16029827,0.8817748,-0.019854799
951,-0.009489073,0.15304868,0.0164779,0.006500004,-0.025966972,0.14654867
952,0.45300564,0.08042753,0.12634626,0.09024849,0.32665938,-0.00982096
953,-0.031916503,0.100923024,0.00072962866,0.0015882135,-0.03264613,0.09933481
954,0.79616904,0.32894176,0.42299896,0.30238387,0.37317008,0.026557893
955,0.4937249,0.2908193,0.27197337,0.20616771,0.22175154,0.084651574
956,0.03792136,0.04911496,0.029204745,0.021234706,0.008716617,0.027880255
957,0.71373993,0.30759323,0.4210348,0.30076078,0.29270512,0.0068324506
958,1.3016173,0.4802781,0.57764643,0.41405687,0.72397083,0.06622124
959,0.28034347,0.090615034,0.10911946,0.07806637,0.17122401,0.012548663
960,-0.011113358,0.12403983,0.025330089,0.0111454055,-0.036443446,0.11289442
961,0.006445626,-0.008663946,0.009039431,0.0064679207,-0.002593805,-0.015131867
962,0.11926594,0.030848756,0.09252477,0.06723577,0.02674117,-0.03638701
963,1.5337967,0.44467288,0.65853345,0.46972284,0.8752632,-0.025049955
964,0.022247551,-0.011195604,0.009278902,0.0045674597,0.012968649,-0.015763063
965,0.20351696,0.09944599,0.056008153,0.038886286,0.1475088,0.060559705
966,0.03202361,0.025099622,0.01930323,0.015736729,0.012720378,0.009362893
967,0.046843633,-0.030986931,0.029146507,0.014198811,0.017697126,-0.04518574
968,0.47840893,0.21116672,0.2730051,0.18136725,0.20540383,0.029799476
969,0.78586257,0.42093742,0.59093195,0.43338,0.19493061,-0.012442589
970,1.1449038,0.3288608,0.44270036,0.31130612,0.7022034,0.01755467
971,0.9810431,0.27126116,0.44377112,0.2917552,0.537272,-0.020494044
972,0.8353223,0.30890098,0.43868622,0.31721207,0.3966361,-0.008311093
973,0.028320596,0.049772568,0.030231057,0.026058735,-0.0019104611,0.023713833
974,1.3833123,0.4318625,0.45231766,0.32845291,0.9309947,0.10340959
975,1.125711,0.41605595,0.5529866,0.38183624,0.57272434,0.034219712
976,0.13162877,0.03997823,0.047035474,0.031926252,0.084593296,0.008051977
977,0.8656601,0.4110431,0.5264667,0.3879335,0.33919334,0.023109615
978,0.99972504,0.24721119,0.33605617,0.22278956,0.6636689,0.024421632
979,1.1487166,0.43173963,0.5938681,0.42924652,0.5548485,0.0024931133
980,0.8290934,0.26399523,0.32570297,0.23149054,0.50339043,0.032504693
981,0.028248385,0.12551224,0.023262363,0.01885496,0.0049860217,0.10665728
982,0.11106527,-0.02080212,0.06556378,0.04065212,0.045501485,-0.061454237
983,0.2110144,0.036902826,0.06977725,0.0428427,0.14123715,-0.005939875
984,0.27547717,0.10104479,0.18225197,0.111849025,0.093225196,-0.010804236
985,0.09914904,0.14446703,0.076107934,0.045177393,0.023041107,0.09928963
986,1.656983,0.37897664,0.5107536,0.32457516,1.1462295,0.054401487
987,0.062067796,-0.020025082,0.039175197,0.025925128,0.022892598,-0.04595021
988,0.08436657,0.11518665,0.09177427,0.063174866,-0.0074077025,0.05201178
989,0.093427055,0.11974359,0.068912365,0.054022804,0.02451469,0.06572079
990,1.3451608,0.6788163,0.82766837,0.59562576,0.5174925,0.08319056
991,0.80677426,0.34820905,0.41037217,0.31130767,0.3964021,0.036901385
992,0.8611679,0.20818046,0.28265247,0.21050622,0.5785154,-0.0023257583
993,-0.01880276,0.09611968,0.016575575,0.0061906385,-0.035378337,0.089929044
994,0.2024838,0.10172704,0.12027409,0.07888525,0.082209714,0.022841789
995,0.16361164,0.058562335,0.08166588,0.057049364,0.081945755,0.0015129708
996,1.1252905,0.27734783,0.4078077,0.27028394,0.7174828,0.0070638955
997,0.92032176,0.32109508,0.5014629,0.32586792,0.4188589,-0.004772842
998,0.88293,0.24976896,0.29771188,0.22613972,0.5852181,0.023629233
999,0.88996583,0.2205578,0.3850358,0.25102118,0.50493,-0.030463383
1000,0.021370566,0.022361254,0.023355324,0.017616067,-0.0019847583,0.0047451872
1001,0.1000531,0.039973184,0.050946333,0.035589427,0.04910677,0.0043837577
1002,0.19457608,0.07656592,0.10358337,0.07359606,0.09099271,0.002969861
1003,-0.00690177,0.122060575,0.024301626,0.013513438,-0.031203397,0.108547136
1004,0.31686172,0.22204116,0.18002003,0.1275766,0.13684168,0.094464555
1005,0.5894175,0.23180148,0.26118606,0.20409694,0.32823145,0.027704537
1006,0.30104554,0.119168766,0.20006631,0.13466391,0.100979224,-0.015495144
1007,1.162532,0.48028055,0.7251477,0.5144823,0.43738425,-0.03420177
1008,0.21197669,0.099677615,0.1288126,0.08433474,0.083164096,0.015342876
1009,0.12655108,0.08671864,0.10007616,0.072215356,0.026474915,0.014503285
1010,1.4377147,0.49960092,0.7070572,0.47772044,0.7306575,0.021880478
1011,0.26829258,0.13411507,0.16752706,0.1275542,0.10076551,0.006560877
1012,0.9833939,0.55710244,0.71481925,0.53440577,0.26857466,0.022696674
1013,1.3384194,0.52402365,0.7091549,0.49904343,0.62926453,0.024980217
1014,0.11991804,0.025821466,0.062388234,0.044305257,0.057529807,-0.018483792
1015,0.9187816,0.39956567,0.5864541,0.38624257,0.33232749,0.013323098
1016,1.255464,0.33151639,0.41087842,0.30547962,0.84458554,0.02603677
1017,1.0757991,0.768744,0.92586595,0.67102903,0.14993316,0.09771496
1018,1.2111897,0.36754555,0.57490873,0.39481944,0.636281,-0.027273893
1019,0.036549434,0.034071963,0.032640476,0.020887418,0.0039089583,0.013184546
1020,-0.023688491,0.12718049,0.022239804,0.011549962,-0.045928296,0.11563052
1021,-0.0005612382,-0.034902163,0.016230064,0.010347653,-0.0167913,-0.045249816
1022,0.030085197,0.1032791,0.0425896,0.025826178,-0.012504404,0.07745292
1023,1.0076394,0.41621205,0.55624527,0.39512938,0.45139414,0.02108267
1024,0.14307775,0.10689799,0.07479139,0.048972834,0.06828636,0.057925154
1025,0.80703163,0.27499285,0.3167813,0.2150452,0.49025032,0.059947655
1026,1.0684061,0.54674083,0.7942642,0.5310716,0.2741419,0.015669227
1027,-0.04918356,0.11735299,0.014189597,0.008045575,-0.063373156,0.109307416
1028,1.05999,0.33448285,0.43538675,0.3072959,0.6246033,0.02718696
1029,0.024295207,0.062516175,0.011024291,0.012566578,0.013270916,0.049949598
1030,-0.02008214,0.123107195,0.019301226,0.009842621,-0.039383367,0.113264576
1031,0.09013549,0.059586138,0.05478615,0.0398491,0.035349343,0.019737039
1032,0.07877559,0.003583563,0.036937326,0.0274239,0.041838266,-0.023840336
1033,1.2114449,0.46576062,0.6668571,0.44852751,0.54458773,0.017233104
1034,1.4286413,0.5380686,0.833941,0.56748575,0.59470034,-0.029417157
1035,0.12390631,0.06899355,0.055939253,0.035656355,0.06796706,0.0333372
1036,0.34282866,0.2001189,0.16168655,0.11523727,0.1811421,0.084881626
1037,0.014314306,0.019340808,0.026958458,0.02166087,-0.012644152,-0.0023200624
1038,0.07668711,0.005850042,0.023521781,0.015692046,0.05316533,-0.009842004
1039,0.2090729,0.16209693,0.15627703,0.11514554,0.052795872,0.04695139
1040,0.016227279,0.07104389,0.015894275,0.012138439,0.0003330037,0.058905452
1041,0.9789291,0.25208253,0.36814862,0.24218585,0.6107805,0.009896681
1042,-0.0022775067,-0.057005193,0.00612406,-0.0010373844,-0.008401567,-0.055967808
1043,0.76686555,0.27444133,0.30076644,0.23288204,0.4660991,0.041559294
1044,0.1465633,0.10898089,0.110284284,0.08305023,0.036279023,0.025930658
1045,0.8041832,0.19371131,0.25560993,0.1764105,0.54857326,0.017300814
1046,0.23173022,0.13606863,0.16836153,0.121078566,0.06336869,0.0149900615
1047,1.0654167,0.5155739,0.60534674,0.44025913,0.46006995,0.07531479
1048,0.9821761,0.39238954,0.46145424,0.35463032,0.5207219,0.037759215
1049,1.1525221,0.46539325,0.69440347,0.46198112,0.45811862,0.0034121275
1050,0.033333544,0.075397,0.0192389,0.013847695,0.014094643,0.061549306
1051,0.011076143,-0.021560429,0.009091155,0.00698839,0.0019849883,-0.028548818
1052,1.3595157,0.5081257,0.7379779,0.5248512,0.62153774,-0.01672548
1053,0.09637185,0.0377026,0.039535157,0.031757563,0.056836694,0.005945038
1054,0.27730578,0.21040937,0.25874397,0.19245319,0.01856181,0.017956182
1055,0.99639,0.3931261,0.44509402,0.33830032,0.551296,0.054825783
1056,0.93581706,0.31346035,0.49269742,0.30383188,0.44311965,0.009628475
1057,0.028277427,0.018968854,0.05509369,0.033608705,-0.026816264,-0.014639851
1058,0.19319919,0.123480745,0.15377039,0.10554618,0.0394288,0.017934568
1059,0.17889671,0.049162768,0.10824217,0.071636274,0.07065454,-0.022473507
1060,0.06695951,0.09069485,0.05589981,0.034574047,0.011059698,0.056120805
1061,0.8326185,0.5840498,0.70530427,0.5523875,0.12731421,0.031662345
1062,1.2201182,0.56600285,0.7652991,0.5588976,0.45481908,0.0071052313
1063,1.4652218,0.37613246,0.46759576,0.3410691,0.997626,0.035063356
1064,0.0063072965,-0.011627501,0.015327403,0.0074781002,-0.009020107,-0.019105602
1065,0.1255768,0.059495434,0.069935635,0.045156803,0.05564116,0.014338631
1066,-0.023281047,0.13572484,0.0335934,0.020454183,-0.056874447,0.11527066
1067,1.0300875,0.38495642,0.62394774,0.39021897,0.40613973,-0.0052625537
1068,0.07094735,0.23359314,0.0736347,0.048934665,-0.00268735,0.18465847
1069,1.0051857,0.3168811,0.41923034,0.31267464,0.5859554,0.004206449
1070,0.17049544,0.020866092,0.11647021,0.072388,0.054025225,-0.05152191
1071,0.24501501,0.029478954,0.06383524,0.039059702,0.18117976,-0.009580748
1072,0.13286829,0.081867844,0.08624714,0.06328556,0.04662115,0.018582284
1073,0.09671114,0.07862875,0.0793349,0.05339963,0.017376237,0.025229119
1074,0.11203525,0.01998109,0.07601253,0.054377917,0.036022723,-0.034396827
1075,1.6170641,0.56746066,0.8393535,0.5773771,0.7777106,-0.009916425
1076,1.0193125,0.33531383,0.5208252,0.3705326,0.4984873,-0.035218775
1077,0.036712028,0.113752514,0.056374248,0.044634428,-0.01966222,0.06911808
1078,0.027583938,0.050200902,0.02442819,0.019532353,0.0031557474,0.03066855
1079,0.039361745,-0.010638069,0.025217677,0.017830126,0.014144069,-0.028468195
1080,0.6326703,0.27185014,0.481823,0.33075657,0.15084729,-0.058906436
1081,0.02536656,0.02698844,0.019187368,0.009567858,0.006179191,0.017420582
1082,1.0466522,0.28186244,0.3410717,0.22756281,0.7055805,0.054299623
1083,0.110973366,0.060447145,0.08527572,0.059313618,0.025697649,0.0011335276
1084,0.21225634,0.03928393,0.09418396,0.058707014,0.11807238,-0.019423082
1085,1.0809771,0.38686526,0.44438842,0.33233207,0.6365887,0.054533184
1086,0.7063222,0.22039601,0.31754947,0.21906905,0.38877273,0.0013269633
1087,0.14990859,0.04413574,0.092547394,0.06230898,0.057361193,-0.01817324
1088,0.005443249,0.08950388,0.041232,0.026010595,-0.035788752,0.06349328
1089,0.94819987,0.49463746,0.61704993,0.47649443,0.33114994,0.018143028
1090,1.351142,0.35040516,0.556076,0.38649464,0.79506606,-0.03608948
1091,0.10198718,0.15492418,0.07394689,0.0502758,0.02804029,0.10464838
1092,0.89047396,0.2909239,0.38561073,0.27677318,0.50486326,0.014150709
1093,0.30807728,0.110801995,0.1636341,0.11776469,0.14444317,-0.006962694
1094,0.58729017,0.26879063,0.4324741,0.2751843,0.15481606,-0.006393671
1095,0.9688568,0.13889906,0.17168017,0.1118992,0.79717666,0.026999861
1096,1.2829204,0.19959845,0.38554218,0.24381238,0.8973782,-0.044213936
1097,0.059519973,0.04316009,0.050884932,0.039452672,0.00863504,0.0037074164
1098,0.074499294,0.07606217,0.06694997,0.03542616,0.007549323,0.040636014
1099,0.11607622,0.0828057,0.08199323,0.06336879,0.034082994,0.01943691
1100,0.11067743,0.098999776,0.08007139,0.061341148,0.030606039,0.037658628
1101,0.16542397,0.07451553,0.07932395,0.059269562,0.08610003,0.015245967
1102,0.11664085,0.016794356,0.099453345,0.065194614,0.017187506,-0.04840026
1103,0.8505156,0.15417515,0.23077667,0.16541575,0.61973894,-0.011240602
1104,0.021220503,0.012669485,0.03366057,0.025011608,-0.012440065,-0.012342123
1105,1.2735647,0.5809191,0.76758605,0.5097342,0.50597864,0.07118487
1106,0.19155398,0.08578284,0.08715087,0.06184125,0.10440311,0.023941591
1107,0.8600727,0.3243447,0.43931428,0.30485088,0.4207584,0.019493818
1108,0.9938305,0.4572621,0.6358782,0.44029728,0.3579523,0.016964823
1109,0.026465759,0.019126456,0.006212874,0.0070625846,0.020252885,0.012063872
1110,1.2465895,0.5498579,0.7162171,0.52801585,0.53037244,0.021842062
1111,0.05099263,-0.011719738,0.03905523,0.02640114,0.011937402,-0.038120877
1112,0.08258079,0.074583955,0.06863325,0.0471994,0.013947539,0.027384557
1113,0.0813701,0.16104084,0.08470299,0.057045463,-0.0033328906,0.10399538
1114,1.0746047,0.5046568,0.71345186,0.49915278,0.3611529,0.005504012
1115,0.9986213,0.30743065,0.4257205,0.320742,0.5729008,-0.013311356
1116,0.84267247,0.1795138,0.25937665,0.18099889,0.5832958,-0.0014850944
1117,1.0779045,0.34082156,0.51859784,0.35564777,0.5593066,-0.014826208
1118,0.9778579,0.4446871,0.6535957,0.4585277,0.3242622,-0.013840616
1119,0.11602068,-0.00584195,0.06320297,0.04063399,0.05281771,-0.04647594
1120,0.15095304,0.05246613,0.08868476,0.057923567,0.06226828,-0.005457435
1121,0.09671965,0.07705792,0.060132526,0.05066039,0.036587127,0.02639753
1122,1.0692275,0.40298218,0.583679,0.4127882,0.48554844,-0.009806037
1123,0.10166128,0.09813147,0.037329253,0.030107014,0.06433202,0.06802446
1124,0.090164974,0.03440883,0.042468883,0.033104595,0.04769609,0.0013042353
1125,1.2067688,0.13038045,0.30620068,0.18391962,0.90056807,-0.05353917
1126,0.06647578,0.026811594,0.06785966,0.042895503,-0.0013838783,-0.01608391
1127,0.94556236,0.44354558,0.5445463,0.41339305,0.40101606,0.03015253
1128,0.018248884,0.025140015,0.010164841,0.010491579,0.008084043,0.014648437
1129,1.4091138,0.5887522,0.78311574,0.56813866,0.625998,0.020613551
1130,0.5152818,0.36915526,0.4645271,0.32980955,0.050754696,0.03934571
1131,0.2027902,0.046163663,0.10212365,0.05990827,0.10066655,-0.013744608
1132,1.5104184,0.7968438,1.0069499,0.7853639,0.5034685,0.011479914
1133,0.27136725,0.17475824,0.22027834,0.16831468,0.051088914,0.00644356
1134,1.1769577,0.40385795,0.5437916,0.39053795,0.63316613,0.013319999
1135,1.2221458,0.30132744,0.5088843,0.3764439,0.7132615,-0.075116456
1136,0.080764055,0.0422804,0.057832565,0.02486728,0.02293149,0.017413119
1137,1.4440049,0.6785382,0.71598166,0.5689856,0.72802323,0.10955262
1138,1.2522928,0.57818955,0.9040798,0.6281462,0.34821296,-0.04995662
1139,0.9510391,0.18862171,0.305726,0.20190667,0.6453131,-0.013284951
1140,0.029315285,-0.030218318,0.021476405,0.010036774,0.007838881,-0.040255092
1141,1.1366798,0.27040553,0.43230736,0.2849318,0.7043724,-0.014526278
1142,0.10848894,0.07844984,0.088571414,0.071012914,0.019917525,0.0074369237
1143,0.7228098,0.32049537,0.38174546,0.2808889,0.34106433,0.03960648
1144,0.062574565,0.030333415,0.030117467,0.021978466,0.0324571,0.008354949
1145,1.2587484,0.75153726,0.95157,0.6829953,0.30717844,0.068541944
1146,0.763886,0.20665465,0.2953899,0.216899,0.46849608,-0.01024434
1147,1.1142752,0.37198323,0.51411515,0.3756446,0.60016006,-0.0036613643
1148,0.12733087,0.07848767,0.099341184,0.07249202,0.027989686,0.0059956536
1149,0.04480201,0.039830003,0.028351786,0.022577854,0.016450224,0.017252149
1150,0.060421776,0.04244726,0.05196444,0.035114642,0.008457337,0.0073326193
1151,0.062598675,-0.054733522,0.03772634,0.013933063,0.024872337,-0.068666585
1152,1.1266371,0.47150758,0.6899289,0.46591324,0.4367082,0.005594343
1153,1.0748458,0.38201877,0.5855834,0.42772424,0.4892624,-0.045705467
1154,0.905873,0.23026629,0.3303349,0.23861688,0.5755381,-0.008350596
1155,0.22421102,0.10287746,0.18116748,0.12388349,0.04304354,-0.021006033
1156,0.032999672,0.028470904,0.026990278,0.019401984,0.0060093943,0.009068919
1157,0.06201723,0.055483215,0.029490473,0.02448695,0.032526754,0.030996265
1158,1.1115746,0.36237627,0.57375306,0.41139004,0.5378216,-0.049013764
1159,1.1123002,0.31147364,0.58936036,0.3943957,0.5229398,-0.08292207
1160,0.07674707,-0.013045446,0.035169657,0.023579992,0.04157741,-0.036625437
1161,0.7015893,0.12905337,0.1600549,0.12595259,0.54153436,0.0031007826
1162,0.19078232,0.13635463,0.14731862,0.10044381,0.043463707,0.035910815
1163,0.029835192,0.061306637,0.03732499,0.03211409,-0.0074897986,0.029192548
1164,0.9544237,0.39618105,0.5346776,0.4093008,0.4197461,-0.013119757
1165,0.05548785,-0.005064207,0.0325194,0.019385533,0.022968449,-0.02444974
1166,1.3020548,0.6997301,0.8835541,0.65314347,0.41850066,0.046586633
1167,1.471297,0.4630581,0.6278916,0.4633191,0.8434054,-0.00026097894
1168,0.14236745,0.19180363,0.11745375,0.086033545,0.024913706,0.10577009
1169,1.1766453,0.34878138,0.51532674,0.36554405,0.66131854,-0.016762674
1170,0.12107637,0.0440495,0.053051654,0.03446593,0.06802471,0.00958357
1171,1.1149168,0.4597442,0.5902144,0.41329792,0.5247024,0.046446264
1172,1.093566,0.3014335,0.35482657,0.2564083,0.7387394,0.0450252
1173,0.210526,0.07248731,0.15885699,0.10613873,0.051669016,-0.03365142
1174,0.12796105,0.1715873,0.14972216,0.09219043,-0.021761104,0.07939687
1175,0.09828942,0.033311106,0.0408987,0.03193874,0.057390723,0.0013723671
1176,1.0395403,0.43457183,0.6141161,0.4653427,0.42542422,-0.030770868
1177,0.80121505,0.3031024,0.37331578,0.25344592,0.42789927,0.04965648
1178,0.88534766,0.34937274,0.51771903,0.34702778,0.36762863,0.002344966
1179,-0.03176036,3.3225937e-05,0.016046738,0.012794834,-0.047807097,-0.012761608
1180,0.04234614,0.012425412,0.029232882,0.020999448,0.013113257,-0.008574036
1181,1.1098197,0.55094844,0.68444043,0.4979416,0.42537922,0.053006828
1182,0.024324276,0.055507403,0.010212337,0.010907293,0.014111939,0.04460011
1183,1.2771935,0.33392486,0.47575137,0.33387047,0.80144215,5.438924e-05
1184,0.09603843,0.029773122,0.042137183,0.028391108,0.053901248,0.0013820138
1185,1.0679526,0.3355768,0.5467429,0.35315266,0.5212097,-0.01757586
1186,0.047953572,0.05064675,0.021878378,0.020528272,0.026075194,0.030118477
1187,0.90893847,0.24050489,0.3328338,0.2578556,0.57610464,-0.017350703
1188,0.8259128,0.47998455,0.58139855,0.39847922,0.24451423,0.08150533
1189,0.7683009,0.31240654,0.48496625,0.3486552,0.28333464,-0.036248654
1190,0.13108575,0.056835227,0.085301295,0.06305902,0.04578446,-0.0062237903
1191,0.15652518,0.015092148,0.056234732,0.03684889,0.10029045,-0.021756742
1192,1.3465838,0.36191168,0.58399385,0.39840928,0.76259,-0.036497593
1193,1.2599579,0.5508264,0.77557516,0.575528,0.48438275,-0.024701655
1194,1.0443506,0.26642025,0.35818103,0.25104055,0.6861696,0.015379697
1195,0.028472295,-0.03252276,0.033027977,0.018114433,-0.0045556817,-0.050637193
1196,1.0596526,0.5431928,0.6158444,0.4621965,0.44380814,0.080996305
1197,0.13651724,0.093392186,0.081815675,0.06877229,0.054701567,0.024619892
1198,0.08275038,0.081364766,0.063497745,0.05365152,0.019252636,0.027713247
1199,0.20896634,0.13148528,0.13679646,0.097004786,0.072169885,0.034480497
1200,0.25626096,0.092619576,0.13515158,0.09411998,0.12110938,-0.0015004054
1201,1.3208495,0.6684921,0.89568216,0.65302515,0.42516738,0.0154669285
1202,0.026176343,0.111394346,0.012934999,0.009512634,0.013241344,0.10188171
1203,1.0071281,0.22651991,0.28388345,0.20742899,0.72324467,0.01909092
1204,1.1942949,0.31316248,0.46130002,0.34967682,0.7329949,-0.03651434
1205,0.9728384,0.3599408,0.5238026,0.33517238,0.44903582,0.024768412
1206,-0.021141438,0.013726112,0.014446739,0.010870542,-0.035588175,0.00285557
1207,0.9575749,0.13210666,0.22972244,0.16481023,0.72785246,-0.032703564
1208,0.14458813,0.02883056,0.099142134,0.060242306,0.045445994,-0.031411745
1209,1.2934438,0.465353,0.6421349,0.44153488,0.6513089,0.023818135
1210,0.047160536,-0.01644733,0.04411365,0.025243128,0.0030468851,-0.041690458
1211,-0.045979854,0.11278885,0.0073099895,0.001987482,-0.05328984,0.11080137
1212,0.10178076,0.023447497,0.057347167,0.049331795,0.04443359,-0.025884299
1213,0.054190297,-0.018625524,0.042779807,0.023602638,0.01141049,-0.042228162
1214,1.0742778,0.37339172,0.46508506,0.33729884,0.6091927,0.036092877
1215,0.059780892,0.1188812,0.07733617,0.055106483,-0.017555278,0.06377472
1216,0.01573439,0.011727042,0.055445567,0.028729353,-0.039711177,-0.01700231
1217,0.11066472,0.040258788,0.045675382,0.030087763,0.064989336,0.010171024
1218,0.27848145,0.06679221,0.07162473,0.05159129,0.20685673,0.015200924
1219,0.11429858,0.055103216,0.06322361,0.040895388,0.051074974,0.014207829
1220,0.13537236,0.08976054,0.106989935,0.08221248,0.02838242,0.007548064
1221,1.4372238,0.6022894,0.80712163,0.54008603,0.63010216,0.062203348
1222,0.057183046,0.07035881,0.03585846,0.031612612,0.021324586,0.0387462
1223,1.1129609,0.42065385,0.5840509,0.43415394,0.52891004,-0.013500094
1224,0.81099415,0.24694423,0.3304817,0.24198765,0.48051244,0.004956588
1225,0.18870434,0.11984139,0.13329537,0.09541883,0.05540897,0.024422556
1226,1.0423474,0.4704753,0.64169586,0.47553855,0.40065157,-0.0050632656
1227,0.86674446,0.51459986,0.57831866,0.42473593,0.2884258,0.089863926
1228,1.2855889,0.3428657,0.5975679,0.3929084,0.68802094,-0.05004269
1229,1.6561064,0.255264,0.5970506,0.3442355,1.0590558,-0.088971496
1230,0.083376944,0.008101575,0.06414929,0.043739747,0.019227654,-0.035638172
1231,1.1471806,0.33346042,0.46970353,0.33177128,0.677477,0.001689136
1232,1.0413944,0.29950014,0.38009068,0.26727906,0.66130364,0.03222108
1233,0.03479533,0.06852865,0.032380987,0.01872492,0.002414342,0.049803734
1234,-0.04249848,0.1392323,0.0074386657,0.00040466827,-0.049937148,0.13882762
1235,0.97521484,0.56051487,0.69211334,0.5213242,0.2831015,0.03919065
1236,0.04532745,0.11529662,0.049785066,0.03559134,-0.0044576153,0.079705276
1237,0.052799743,0.007689976,0.042789064,0.028461149,0.010010678,-0.020771172
1238,-0.014301423,-0.058601342,0.0072980886,-0.00059741345,-0.021599513,-0.05800393
1239,0.15158872,0.07576817,0.094376475,0.070892245,0.05721225,0.004875928
1240,0.39922324,0.1924884,0.26871702,0.18989354,0.13050622,0.0025948584
1241,-0.016166367,0.11493073,0.01849815,0.0077948165,-0.03466452,0.10713591
1242,0.056616344,0.032066166,0.026115604,0.020079905,0.03050074,0.011986261
1243,0.019064015,0.07662083,0.0351976,0.026586067,-0.016133586,0.050034765
1244,0.021548782,0.06394903,0.012309022,0.010958177,0.009239759,0.052990858
1245,0.17059574,0.12814888,0.13590722,0.101860486,0.034688517,0.026288398
1246,0.9616565,0.34865308,0.466674,0.3365429,0.4949825,0.012110174
1247,0.08765346,0.0740486,0.046722736,0.034106646,0.040930722,0.039941955
1248,0.0054779565,0.16219012,0.041141097,0.023054855,-0.03566314,0.13913527
1249,0.3167558,0.14997657,0.16677313,0.12872878,0.14998268,0.02124779
1250,0.041831672,0.04920862,0.015660612,0.01449874,0.02617106,0.03470988
1251,0.8766318,0.26713234,0.44947806,0.29211748,0.42715374,-0.024985135
1252,0.045495708,0.007143223,0.02338812,0.017724015,0.022107588,-0.010580791
1253,0.06445199,0.03119655,0.04237281,0.028778978,0.02207918,0.0024175718
1254,-0.028701957,0.015448706,0.014670405,0.010837693,-0.043372363,0.0046110135
1255,0.07522003,0.06029188,0.04657818,0.03367778,0.028641853,0.0266141
1256,1.8124188,0.5879237,0.80799556,0.5842714,1.0044233,0.0036523342
1257,0.13880247,0.0959836,0.10797069,0.08408233,0.030831777,0.011901274
1258,0.111262694,0.035894293,0.045084737,0.031614825,0.06617796,0.004279468
1259,0.064674795,0.010740877,0.05490727,0.037456047,0.009767525,-0.02671517
1260,1.0974077,0.41149428,0.59174716,0.437241,0.50566053,-0.025746703
1261,0.0014073254,0.017321449,0.034916673,0.025058804,-0.033509348,-0.0077373553
1262,1.2285787,0.5248772,0.68901235,0.4770964,0.53956634,0.047780782
1263,0.072204925,-0.021448912,0.042008094,0.025728542,0.03019683,-0.047177456
1264,0.961332,0.4315222,0.5361673,0.3867645,0.4251647,0.044757694
1265,0.047147065,0.018929403,0.0227123,0.016752113,0.024434766,0.0021772906
1266,1.2768455,0.50039965,0.7226739,0.5256971,0.55417156,-0.025297463
1267,1.594362,0.7601553,1.0911916,0.793685,0.5031704,-0.0335297
1268,1.5114027,0.65124273,0.94950646,0.62008893,0.56189626,0.031153798
1269,0.07095464,0.07241247,0.048207466,0.037713237,0.022747178,0.03469923
1270,0.07162778,0.019440692,0.047681708,0.031320646,0.023946073,-0.0118799545
1271,0.98695886,0.29370287,0.38439956,0.29161203,0.6025593,0.0020908415
1272,1.047007,0.27180365,0.41136596,0.29862058,0.635641,-0.026816934
1273,0.042705182,-0.004566707,0.022068236,0.013718836,0.020636946,-0.018285543
1274,-0.042679414,0.12135324,0.012605998,0.007890901,-0.055285413,0.11346234
1275,0.060459595,0.04570507,0.020510998,0.016383821,0.039948598,0.029321248
1276,1.2347604,0.5580861,0.7055365,0.5238076,0.5292239,0.034278512
1277,0.96548545,0.28735697,0.48089656,0.31164894,0.4845889,-0.024291962
1278,0.09346868,0.065816134,0.10143771,0.08612875,-0.007969029,-0.020312615
1279,1.0444453,0.27215752,0.32603282,0.22863454,0.71841246,0.043522984
1280,1.0872611,0.272885,0.36473,0.2644239,0.7225311,0.008461088
1281,1.0429294,0.28888345,0.45985356,0.2965427,0.5830759,-0.0076592565
1282,0.13031758,0.2036869,0.1204822,0.08032582,0.009835385,0.12336107
1283,-0.024367092,0.11512296,0.012966108,0.0054481206,-0.037333198,0.10967484
1284,0.9348411,0.44440448,0.6121323,0.45623198,0.3227088,-0.011827499
1285,1.0670638,0.39996663,0.5856124,0.36710054,0.4814514,0.03286609
1286,0.88914824,0.37722555,0.44708705,0.33891335,0.4420612,0.038312197
1287,1.3411423,0.46009466,0.6520585,0.45219153,0.6890838,0.007903129
1288,0.11247689,0.19791232,0.13431723,0.08952869,-0.021840341,0.10838363
1289,0.13950956,0.01327471,0.08026944,0.057504483,0.059240118,-0.044229772
1290,0.94793785,0.38568735,0.5364705,0.3931937,0.41146737,-0.0075063407
1291,0.071593136,0.05493609,0.039754163,0.03244248,0.031838972,0.022493608
1292,0.052506372,0.09720875,0.051248636,0.039296947,0.0012577362,0.057911806
1293,1.049027,0.49245083,0.64606744,0.4711928,0.40295953,0.021258026
1294,0.23617405,0.055507377,0.073197335,0.05800261,0.16297671,-0.002495233
1295,0.022394476,0.02295236,0.01142621,0.011260675,0.010968266,0.011691684
1296,0.026655992,0.015831418,0.042703215,0.02958678,-0.016047223,-0.0137553625
1297,0.036273908,0.107717,0.047652293,0.034337748,-0.011378385,0.07337925
1298,0.018065993,0.08149392,0.014610252,0.010775158,0.0034557404,0.070718765
1299,1.2419614,0.34872764,0.47308245,0.3453931,0.76887894,0.003334552
1300,1.4767234,0.65053713,0.864888,0.6271501,0.6118354,0.023387015
1301,0.03525154,0.065508366,0.03927024,0.023209877,-0.0040187016,0.04229849
1302,0.092588946,0.0417069,0.04472871,0.03350095,0.047860235,0.00820595
1303,0.07943281,0.033173956,0.033652447,0.023103938,0.04578036,0.0100700185
1304,0.15781273,0.08477501,0.09217002,0.06460926,0.06564271,0.020165749
1305,0.7863311,0.2996589,0.40136608,0.2779523,0.38496503,0.021706581
1306,0.030820368,0.1406405,0.041353427,0.027752496,-0.010533059,0.112888
1307,1.498947,0.63342404,0.72172,0.587137,0.77722704,0.04628706
1308,0.72318083,0.33685756,0.38511068,0.28576845,0.33807015,0.051089108
1309,0.17026731,0.06580583,0.12890743,0.09139493,0.041359887,-0.025589101
1310,1.1218232,0.5003869,0.721039,0.53227174,0.4007842,-0.03188485
1311,0.019452237,-0.012581823,0.029999044,0.019194486,-0.010546807,-0.03177631
1312,0.05516534,0.16506372,0.037929617,0.027938697,0.017235722,0.13712503
1313,0.7393427,0.22162518,0.33451554,0.24206704,0.40482715,-0.02044186
1314,0.14375764,0.068787366,0.11105765,0.07501782,0.032699995,-0.006230451
1315,0.1847212,0.09219156,0.12520817,0.07823963,0.059513032,0.013951935
1316,0.04315358,0.12700385,0.05728306,0.034945935,-0.0141294785,0.09205791
1317,0.7544499,0.24017045,0.34677264,0.251659,0.40767726,-0.011488557
1318,1.1816921,0.53022426,0.7647499,0.5177416,0.41694224,0.012482643
1319,0.043190703,0.08575825,0.026549613,0.027968312,0.01664109,0.057789937
1320,0.072911546,0.016410537,0.056960724,0.03194311,0.015950821,-0.015532572
1321,0.9260272,0.23808679,0.31705755,0.2207417,0.6089696,0.017345086
1322,0.5924314,0.24942955,0.29489547,0.21694227,0.29753596,0.032487288
1323,1.0923069,0.25841618,0.40969178,0.27965423,0.68261504,-0.021238059
1324,0.80533284,0.28710422,0.34416667,0.2626972,0.46116617,0.02440703
1325,0.9916455,0.32580042,0.4725064,0.3476606,0.5191391,-0.021860182
1326,0.8207106,0.2410873,0.3490906,0.22049992,0.47162,0.020587385
1327,0.024319,0.009812565,0.02481194,0.019515404,-0.0004929397,-0.00970284
1328,1.0248411,0.314966,0.4241002,0.3106226,0.6007409,0.0043433905
1329,0.048338715,0.13101822,0.02763461,0.018891567,0.020704105,0.112126656
1330,0.9502885,0.38529253,0.48195878,0.36279708,0.4683297,0.022495449
1331,1.1122984,0.3989026,0.5345311,0.38897064,0.57776725,0.009931952
1332,0.16652705,0.056390658,0.07720602,0.0575652,0.089321025,-0.001174543
1333,1.1907891,0.31291455,0.4177952,0.31230018,0.7729939,0.0006143749
1334,0.108405955,0.033423077,0.08270962,0.056505766,0.025696337,-0.023082688
1335,1.1533227,0.606836,0.78676224,0.57539195,0.36656046,0.031444073
1336,0.83827305,0.3070104,0.36625946,0.26734394,0.4720136,0.039666474
1337,0.9553063,0.17312688,0.2797999,0.18502869,0.67550635,-0.011901811
1338,0.45371634,0.36525872,0.36983582,0.2960395,0.083880514,0.06921923
1339,0.40064532,0.24836624,0.29799092,0.21682897,0.1026544,0.031537265
1340,0.046702247,0.0032357096,0.033984035,0.019651646,0.012718212,-0.016415937
1341,0.4993511,0.22372209,0.2656502,0.19444834,0.2337009,0.029273748
1342,0.08389959,0.034290325,0.0716242,0.05564897,0.01227539,-0.021358646
1343,0.99959195,0.48485357,0.5777245,0.44173163,0.42186743,0.043121934
1344,0.037393093,0.022352092,0.027812883,0.020067742,0.00958021,0.0022843499
1345,0.003516942,-0.06156754,0.0069937394,0.0010344281,-0.0034767974,-0.06260197
1346,1.414117,0.5186809,0.67899776,0.50663316,0.7351192,0.012047708
1347,0.28795603,0.15951046,0.2174917,0.15722178,0.07046433,0.0022886842
1348,0.4307491,0.156366,0.1493773,0.106153555,0.28137177,0.05021245
1349,0.009477292,0.01838148,0.05104707,0.034494415,-0.04156978,-0.016112935
1350,0.039105196,0.041752197,0.04504672,0.028290253,-0.005941525,0.013461944
1351,1.4105959,0.65223354,0.9357487,0.6274202,0.4748472,0.024813354
1352,0.047374625,0.03308219,0.020639442,0.0168062,0.026735183,0.01627599
1353,0.80601823,0.28087947,0.44690254,0.2633994,0.3591157,0.017480075
1354,0.04405192,-0.02173216,0.039087538,0.020266226,0.0049643815,-0.041998386
1355,0.9319248,0.39352483,0.55008364,0.41047236,0.38184118,-0.016947538
1356,0.03856256,-0.02807353,0.019974247,0.009660142,0.018588312,-0.037733674
1357,0.04195327,0.0481833,0.027311092,0.021316307,0.014642177,0.026866993
1358,0.05160935,0.022257823,0.032329056,0.025000442,0.019280292,-0.0027426183
1359,0.15081637,0.11525669,0.12139003,0.092763625,0.029426336,0.022493064
1360,0.13708363,0.030410059,0.080055825,0.059031386,0.05702781,-0.028621327
1361,0.055918794,-0.0319709,0.033844586,0.02049852,0.022074208,-0.052469417
1362,0.12260741,0.09598988,0.087791026,0.06932512,0.034816384,0.026664764
1363,1.185819,0.36245334,0.50701296,0.35469234,0.67880607,0.0077610016
1364,0.9605385,0.33885744,0.54121774,0.3164565,0.41932076,0.022400945
1365,0.05059578,0.01373345,0.031947527,0.020673333,0.018648252,-0.0069398824
1366,0.8647248,0.34805015,0.53458005,0.34315753,0.33014476,0.0048926175
1367,0.33182323,0.07521901,0.1241173,0.08237312,0.20770593,-0.007154107
1368,0.06296832,0.05018649,0.03575089,0.028377067,0.027217433,0.021809421
1369,1.5083988,0.7167754,0.9227889,0.70449716,0.58560985,0.012278259
1370,0.15031946,0.10221097,0.122749195,0.08164515,0.027570263,0.020565815
1371,0.07387498,0.052014127,0.03430237,0.023704702,0.03957261,0.028309425
1372,0.81319815,0.2289452,0.33337456,0.24875437,0.4798236,-0.019809172
1373,1.210055,0.5355093,0.67322695,0.483983,0.53682804,0.05152628
1374,0.009374738,-0.02685971,0.023190636,0.010612174,-0.013815898,-0.037471883
1375,0.07074439,0.12363761,0.029685464,0.020154433,0.041058924,0.10348318
1376,0.10735727,0.14859374,0.08442524,0.054976292,0.02293203,0.09361745
1377,0.18111885,0.15324536,0.121705286,0.090978764,0.05941356,0.062266596
1378,0.90920323,0.38213733,0.4604894,0.34849057,0.44871384,0.033646762
1379,0.7772383,0.33438513,0.44558278,0.30293134,0.33165553,0.03145379
1380,0.18484183,0.11133062,0.12173956,0.09197568,0.06310227,0.01935494
1381,0.16996121,0.09599602,0.15345554,0.08913049,0.016505674,0.006865531
1382,1.2000273,0.5357162,0.7564038,0.5295592,0.44362354,0.006156981
1383,0.089025825,0.052484002,0.063052796,0.049920276,0.02597303,0.0025637262
1384,0.88492924,0.3116129,0.42715478,0.3012533,0.45777446,0.010359615
1385,0.027247036,0.028254908,0.038719192,0.028016655,-0.011472156,0.0002382528
1386,0.07159079,0.008656548,0.04645617,0.031609412,0.02513462,-0.022952864
1387,1.3085842,0.49855784,0.7861081,0.4872573,0.52247614,0.011300534
1388,0.82614076,0.09481269,0.13208106,0.09784694,0.6940597,-0.003034249
1389,0.022278754,-0.02467923,0.031406805,0.019497324,-0.009128051,-0.044176556
1390,0.056728974,0.045412075,0.06656461,0.046646934,-0.009835638,-0.0012348592
1391,0.06639032,0.1321549,0.06349994,0.047213573,0.0028903782,0.08494133
1392,0.006528901,0.003462502,0.010371929,0.010956973,-0.003843028,-0.007494471
1393,1.0619997,0.38260645,0.47105294,0.31413898,0.59094673,0.06846747
1394,0.06263173,0.122964285,0.049736615,0.029201219,0.012895118,0.09376307
1395,0.7501309,0.33609396,0.36155984,0.27552235,0.38857105,0.06057161
1396,0.0011466587,0.1998531,0.05401041,0.02638953,-0.05286375,0.17346358
1397,0.9199218,0.5267377,0.66298246,0.47462547,0.25693935,0.05211222
1398,0.14974736,0.08363715,0.08889857,0.0677578,0.060848787,0.015879348
1399,0.96920866,0.46601266,0.55245614,0.39592266,0.41675252,0.070089996
1400,0.09986392,0.07823292,0.069965035,0.056422614,0.029898882,0.021810308
1401,0.16115347,0.052639566,0.0667626,0.052944724,0.09439087,-0.00030515715
1402,-0.014898663,-0.05941896,0.030000065,0.011768299,-0.044898726,-0.07118726
1403,1.5099589,0.5334205,0.7171626,0.5540964,0.79279625,-0.020675898
1404,1.2434611,0.45974576,0.5379983,0.36108655,0.7054628,0.09865922
1405,-0.0002279895,0.016543588,0.013743442,0.011469343,-0.013971431,0.005074245
1406,0.030219255,0.07005897,0.05957276,0.045766894,-0.029353505,0.024292078
1407,0.046692025,-0.035118423,0.023279212,0.012423006,0.023412813,-0.04754143
1408,0.3705433,0.119069986,0.17380026,0.12061947,0.19674304,-0.0015494823
1409,1.2170649,0.67892206,0.94522095,0.651335,0.2718439,0.027587056
1410,0.17373706,0.08257641,0.09486512,0.06864739,0.07887194,0.013929017
1411,0.21785116,0.1076058,0.16214812,0.10967812,0.055703044,-0.0020723194
1412,1.1674094,0.2714604,0.4065071,0.2715442,0.7609023,-8.377433e-05
1413,1.2481678,0.30852187,0.4859193,0.3291228,0.76224846,-0.020600945
1414,0.13974182,0.020981468,0.103245676,0.064991,0.036496148,-0.04400953
1415,1.0363041,0.33014223,0.42329437,0.30073613,0.61300975,0.0294061
1416,0.043009486,0.036761455,0.0193465,0.017938104,0.023662986,0.018823352
1417,1.0848669,0.4972232,0.6781869,0.47075132,0.40668,0.026471883
1418,0.22036761,0.17928982,0.11023836,0.080175124,0.11012925,0.09911469
1419,0.103443086,0.044692643,0.058686256,0.0446175,0.04475683,7.514283e-05
1420,1.029927,0.28373462,0.4760249,0.32334694,0.55390215,-0.039612323
1421,1.1196667,0.36933014,0.5076697,0.36568502,0.611997,0.003645122
1422,0.3907315,0.19120644,0.24767333,0.18753861,0.14305818,0.0036678314
1423,0.023521947,-0.0074333926,0.043074246,0.028471911,-0.0195523,-0.035905305
1424,0.039624546,0.0048527177,0.04746274,0.033104584,-0.007838193,-0.028251866
1425,0.19286321,0.05638393,0.09255225,0.06556824,0.10031096,-0.009184308
1426,0.084306136,0.037337422,0.040216297,0.02639308,0.04408984,0.010944342
1427,0.9196944,0.25655752,0.40464988,0.28637093,0.51504457,-0.029813409
1428,0.71282953,0.3221379,0.43259418,0.31097043,0.28023535,0.011167467
1429,-0.026165633,0.012681554,0.010802559,0.008436719,-0.03696819,0.004244835
1430,0.9870573,0.32875854,0.4500862,0.30417338,0.5369711,0.024585158
1431,0.83105135,0.31257525,0.40452388,0.30489928,0.42652747,0.0076759756
1432,1.0568902,0.5338639,0.62390876,0.4653258,0.4329815,0.0685381
1433,1.4036864,0.41443017,0.58717823,0.4235109,0.8165082,-0.009080738
1434,0.90732956,0.29886776,0.42147484,0.30587873,0.48585472,-0.0070109665
1435,1.1943222,0.5432547,0.6893776,0.5006399,0.5049446,0.042614758
1436,0.87494093,0.30578744,0.44332066,0.286396,0.43162027,0.019391447
1437,0.23667389,0.09853387,0.12334303,0.08475648,0.11333086,0.01377739
1438,0.97843784,0.3898474,0.57635844,0.41947287,0.4020794,-0.029625475
1439,0.7628538,0.33563542,0.4568092,0.32116005,0.3060446,0.014475375
1440,0.94558877,0.1511568,0.21968864,0.1548567,0.7259001,-0.0036998987
1441,0.93102616,0.2886632,0.41872823,0.28814012,0.5122979,0.00052309036
1442,0.19411963,0.05542815,0.07899298,0.057497047,0.115126655,-0.0020688958
1443,1.1141956,0.18429817,0.2962191,0.19859028,0.8179765,-0.014292106
1444,0.038196035,0.008611322,0.019257579,0.008055373,0.018938456,0.0005559493
1445,1.3303775,0.30543444,0.52369064,0.35071996,0.8066868,-0.045285523
1446,0.1360316,0.11237098,0.105688766,0.07278543,0.030342832,0.039585553
1447,0.027290104,-0.0010217573,0.017067183,0.012118909,0.010222921,-0.013140665
1448,0.058577303,0.034609415,0.047929067,0.027789865,0.010648236,0.00681955
1449,0.9978325,0.2435725,0.39146537,0.27015314,0.6063671,-0.026580632
1450,0.088998325,0.08359599,0.09664809,0.068972774,-0.0076497644,0.014623217
1451,0.11367325,0.04243213,0.05470931,0.039304342,0.058963936,0.0031277873
1452,0.14414024,0.066329814,0.10390807,0.07460144,0.040232174,-0.008271627
1453,0.020840157,0.06464728,0.03288276,0.016701307,-0.012042604,0.047945973
1454,1.1256986,0.48966402,0.6414306,0.46346053,0.48426795,0.026203483
1455,0.06456693,0.0273911,0.040944897,0.014994806,0.023622036,0.012396295
1456,0.8525544,0.410496,0.5242475,0.39036027,0.32830685,0.02013573
1457,0.04473067,0.15040329,0.038097188,0.029624274,0.006633483,0.120779015
1458,1.3025066,0.4220588,0.57260287,0.3963747,0.7299037,0.025684088
1459,0.19755507,0.11838346,0.1634885,0.12147389,0.034066558,-0.0030904338
1460,0.24679632,0.109077334,0.13020715,0.0956016,0.11658917,0.013475731
1461,0.08880326,0.056784697,0.03615651,0.015853437,0.052646752,0.040931262
1462,0.8054137,0.25823382,0.31025574,0.22237344,0.495158,0.035860375
1463,0.005570377,0.10929171,0.027074354,0.016978277,-0.021503977,0.09231343
1464,1.063956,0.42493472,0.5959694,0.43196926,0.46798664,-0.00703454
1465,1.1448947,0.440689,0.61417586,0.45085663,0.53071886,-0.0101676285
1466,0.3283323,0.16175039,0.13056044,0.0938922,0.19777186,0.06785819
1467,0.48319155,0.28505135,0.3212391,0.22325991,0.16195244,0.061791435
1468,1.0034924,0.28776968,0.38839927,0.27765045,0.6150931,0.01011923
1469,1.18612,0.312797,0.31200135,0.22914988,0.8741187,0.08364713
1470,-0.023917237,0.11745434,0.017182361,0.008355932,-0.0410996,0.10909841
1471,0.1819065,0.017159423,0.09983059,0.058605973,0.082075916,-0.04144655
1472,1.1058629,0.39138907,0.59930634,0.38612077,0.5065565,0.0052683055
1473,1.4998376,0.4939622,0.7293004,0.49688923,0.77053726,-0.002927035
1474,0.061519306,0.03676885,0.037306577,0.027956776,0.02421273,0.008812074
1475,0.021475682,-0.03547984,0.018046167,0.009947045,0.0034295153,-0.045426883
1476,0.096159264,0.045443114,0.063736856,0.041987356,0.03242241,0.003455758
1477,-0.04543777,0.1325002,0.005422711,-1.811953e-05,-0.050860483,0.13251832
1478,0.011357749,-0.06273296,0.020474141,0.0074218367,-0.009116393,-0.07015479
1479,-0.004300682,0.012118258,0.008447885,0.0063408725,-0.012748566,0.005777385
1480,0.95378834,0.25350642,0.36718732,0.25032723,0.586601,0.0031791925
1481,1.2609578,0.30023265,0.3995379,0.28602216,0.8614199,0.014210492
1482,0.24747613,0.06496326,0.1386223,0.09113431,0.10885383,-0.026171051
1483,0.2644879,0.18079463,0.1430736,0.105743684,0.12141429,0.07505094
1484,0.0030155724,0.06500541,0.015967496,0.013093,-0.0129519235,0.051912405
1485,0.04210493,0.005761598,0.05114901,0.032801554,-0.009044081,-0.027039956
1486,0.12257973,0.055542342,0.10379462,0.07066033,0.018785112,-0.015117988
1487,1.3957239,0.5480376,0.76479834,0.54096365,0.6309256,0.007073939
1488,0.033324424,-0.00674339,0.04109924,0.030528478,-0.007774815,-0.03727187
1489,1.193683,0.43142453,0.6871277,0.45874584,0.5065553,-0.027321309
1490,0.09208169,0.051003817,0.057701465,0.04037808,0.034380224,0.010625739
1491,0.040325038,0.14977871,0.023317542,0.01856447,0.017007496,0.13121423
1492,0.8971692,0.27267015,0.4628692,0.29275104,0.43429998,-0.020080894
1493,1.175769,0.37715885,0.43131015,0.3214991,0.7444588,0.05565974
1494,0.19836514,0.14830042,0.1441423,0.098993324,0.054222837,0.0493071
1495,0.019961683,-0.0110991765,0.030199705,0.01818791,-0.010238022,-0.029287087
1496,0.054171305,0.030736579,0.05190822,0.034379464,0.002263084,-0.003642885
1497,0.58418506,0.26762247,0.40243512,0.26339588,0.18174994,0.004226595
1498,0.029634498,-0.013694398,0.022217989,0.017259236,0.007416509,-0.030953635
1499,1.185822,0.41390565,0.5806981,0.37890595,0.60512394,0.0349997
1500,0.9937017,0.42793587,0.57748467,0.4330811,0.41621703,-0.005145222
1501,0.03562456,0.112769626,0.020515658,0.0156751,0.015108902,0.09709453
1502,0.12769338,0.0063765557,0.09247178,0.056369565,0.035221606,-0.04999301
1503,0.9209727,0.35102326,0.58092177,0.40337917,0.34005094,-0.052355915
1504,1.1288646,0.35021845,0.45870948,0.31317216,0.67015517,0.037046283
1505,1.290371,0.46517435,0.843591,0.5066973,0.44677997,-0.04152295
1506,1.0740429,0.49249706,0.59335387,0.43976325,0.48068905,0.05273381
1507,1.1684784,0.09059781,0.18880022,0.11902379,0.97967815,-0.028425984
1508,0.21484263,0.20558912,0.1984982,0.15906622,0.016344428,0.0465229
1509,0.012703378,0.06796144,0.042576283,0.035885032,-0.029872905,0.032076407
1510,0.7910686,0.12667327,0.16198002,0.11488119,0.6290886,0.011792079
1511,1.3546338,0.5666559,0.8170894,0.5315705,0.5375444,0.03508538
1512,0.9250349,0.4612329,0.57780474,0.41578743,0.34723014,0.045445472
1513,0.14067276,0.073115356,0.0922923,0.06980317,0.048380457,0.0033121854
1514,0.71678144,0.24311848,0.40834716,0.2629552,0.30843428,-0.019836709
1515,0.23740257,0.16000737,0.1618288,0.100737184,0.07557377,0.05927019
1516,0.08841388,0.051120717,0.06585359,0.047137484,0.022560291,0.003983233
1517,0.8683939,0.36634174,0.440308,0.31722766,0.4280859,0.04911408
1518,0.6395755,0.13641481,0.18922539,0.13032551,0.4503501,0.0060893
1519,0.26113927,0.079606585,0.18157053,0.109138526,0.07956874,-0.02953194
1520,0.26525354,0.17184108,0.22396529,0.14574254,0.041288257,0.02609855
1521,0.17025973,0.10222964,0.10456037,0.06959516,0.06569936,0.03263448
1522,0.5282342,0.1683975,0.23331676,0.1617348,0.2949174,0.0066626966
1523,1.1253537,0.2360844,0.30504924,0.22134595,0.82030445,0.014738455
1524,0.048738956,0.023499716,0.027794635,0.021324217,0.020944322,0.0021754988
1525,1.1692747,0.35616553,0.4957593,0.31856146,0.6735154,0.037604064
1526,0.046286,0.008513249,0.029720943,0.02094256,0.016565058,-0.01242931
1527,1.4063787,0.3090634,0.5046064,0.33647153,0.9017723,-0.027408123
1528,0.017573465,0.07062242,0.027926123,0.019175863,-0.010352658,0.051446557
1529,1.062114,0.4143845,0.5721384,0.38927156,0.48997557,0.025112957
1530,0.11413799,0.1194455,0.12529762,0.10404395,-0.011159629,0.01540155
1531,0.70548475,0.26806206,0.3427116,0.24804743,0.36277315,0.020014629
1532,0.15905091,0.07021437,0.0911325,0.061887696,0.06791841,0.008326672
1533,0.070995055,0.0006550181,0.045740258,0.03379313,0.025254797,-0.03313811
1534,1.6334814,0.25265935,0.42107162,0.31463775,1.2124097,-0.0619784
1535,0.05167662,0.039090313,0.037419237,0.028712597,0.014257383,0.010377716
1536,0.052915726,-0.025769979,0.0374823,0.01681035,0.015433427,-0.04258033
1537,0.060488343,0.06330028,0.019632064,0.020148156,0.04085628,0.043152124
1538,0.08830925,0.033474836,0.044924002,0.030756988,0.04338525,0.0027178489
1539,0.016886469,0.019114403,0.004636847,0.0060050385,0.0122496225,0.013109365
1540,0.023528948,-0.018557832,0.0358751,0.015344701,-0.012346152,-0.033902533
1541,1.0611175,0.411066,0.5148658,0.34924144,0.5462517,0.06182456
1542,0.14256196,0.02967012,0.082573935,0.050031666,0.05998802,-0.020361546
1543,0.16014087,0.08647583,0.09565557,0.061681822,0.064485304,0.024794005
1544,0.12062355,0.077431895,0.08351306,0.06878307,0.037110493,0.008648828
1545,0.14070114,0.07054971,0.08895172,0.06095052,0.051749423,0.00959919
1546,0.23607758,0.08759429,0.12291251,0.090215296,0.113165066,-0.0026210025
1547,0.8643284,0.35709205,0.47141555,0.33485293,0.39291283,0.022239119
1548,1.1339288,0.1373233,0.20397934,0.15668364,0.9299494,-0.019360334
1549,1.0901344,0.43207586,0.61557376,0.43384656,0.47456062,-0.001770705
1550,1.2876624,0.54862404,0.70953715,0.51860845,0.57812524,0.030015588
1551,1.047761,0.49055302,0.6398459,0.49931705,0.40791506,-0.008764029
1552,0.96659994,0.36819446,0.45794472,0.35055995,0.5086552,0.017634511
1553,1.1007869,0.41584066,0.59962285,0.41010502,0.5011641,0.0057356358
1554,1.136732,0.4141827,0.56776273,0.43416014,0.56896925,-0.01997745
1555,0.1711098,0.15600449,0.0931311,0.073576555,0.07797869,0.082427934
1556,0.073867925,0.031306423,0.041628152,0.02711279,0.032239772,0.004193634
1557,0.39924562,0.12177964,0.18300863,0.13254929,0.216237,-0.010769643
1558,0.2321796,0.06446671,0.11055412,0.07706995,0.121625476,-0.012603246
1559,0.2058545,0.091368385,0.086553946,0.067469925,0.11930056,0.02389846
1560,1.2038937,0.15451938,0.34818447,0.21440281,0.8557092,-0.05988343
1561,0.14044909,0.07675413,0.07019453,0.04172421,0.070254564,0.03502992
1562,-0.016261302,0.0031417424,0.007840484,0.007330209,-0.024101786,-0.004188467
1563,0.07129213,-0.0051162085,0.04797374,0.029023077,0.023318391,-0.034139287
1564,0.08274485,-0.013839817,0.04982697,0.034481466,0.032917883,-0.048321284
1565,0.048623018,0.04287372,0.034313973,0.026424669,0.014309045,0.016449053
1566,-0.0004112678,-0.0669095,0.019817697,0.008447451,-0.020228965,-0.07535695
1567,0.044785388,0.081412725,0.025832174,0.016078705,0.018953213,0.06533402
1568,0.016409319,-0.007953039,0.028239908,0.020721609,-0.011830589,-0.028674647
1569,0.964132,0.47790313,0.6018513,0.45811054,0.36228073,0.019792587
1570,1.7523724,0.40385193,0.5768141,0.35481644,1.1755583,0.04903549
1571,1.0065494,0.60447776,0.70745856,0.52144486,0.2990908,0.083032906
1572,0.9261022,0.3829193,0.59991777,0.38159198,0.32618445,0.0013273358
1573,0.042208537,-0.0287413,0.030127997,0.017370434,0.012080541,-0.046111733
1574,0.14206086,0.068402156,0.107256114,0.068428,0.034804747,-2.5846064e-05
1575,0.8057524,0.15953457,0.26674664,0.18455176,0.53900576,-0.025017187
1576,0.7655626,0.34975877,0.4466154,0.3343615,0.3189472,0.01539728
1577,0.0035996148,-0.0020862226,0.00952765,0.0073134433,-0.005928035,-0.0093996655
1578,0.052988827,0.059431706,0.058150996,0.046689764,-0.0051621683,0.012741942
1579,0.061292306,-0.0027353622,0.052930214,0.032947257,0.008362092,-0.03568262
1580,0.865681,0.37360314,0.5319148,0.35412636,0.33376622,0.019476771
1581,0.687017,0.2792527,0.3171072,0.23058476,0.36990982,0.048667952
1582,1.072319,0.45701632,0.5467516,0.4003954,0.5255674,0.056620926
1583,0.63712806,0.26988024,0.2884056,0.20777227,0.34872246,0.062107965
1584,1.0311168,0.24081591,0.3087935,0.20938674,0.72232336,0.03142917
1585,0.13633534,0.18225197,0.13579375,0.093596846,0.0005415976,0.08865513
1586,0.74857926,0.2724511,0.3728113,0.26672673,0.37576798,0.0057243705
1587,0.74961686,0.31047162,0.4021342,0.2817649,0.34748265,0.02870673
1588,0.7767793,0.19219321,0.27153686,0.18105091,0.50524247,0.011142299
1589,1.0001398,0.30227777,0.447185,0.3024535,0.5529548,-0.0001757145
1590,0.30666772,0.15417887,0.1670014,0.11762133,0.13966632,0.03655754
1591,1.2620877,0.49264807,0.73222315,0.5142981,0.52986455,-0.021650016
1592,0.018201623,0.015534742,0.04836508,0.03306857,-0.030163456,-0.01753383
1593,0.21820806,0.14915398,0.080684975,0.060010348,0.13752308,0.089143634
1594,0.025510866,-0.042192593,0.022606693,0.012898615,0.002904173,-0.05509121
1595,1.7060924,0.73949844,0.88400805,0.6795659,0.8220843,0.05993253
1596,0.06325191,0.04381293,0.057622343,0.047286116,0.0056295693,-0.003473185
1597,1.2433428,0.4327448,0.5700339,0.4003959,0.67330885,0.0323489
1598,-0.010968338,-0.054672528,0.00947143,0.00088038685,-0.020439768,-0.055552915
1599,0.051351182,0.11685721,0.017247567,0.014294988,0.034103617,0.10256222
1600,0.9230095,0.33476666,0.47059014,0.33316585,0.45241937,0.001600802
1601,1.0165551,0.4631887,0.52404124,0.38845775,0.49251384,0.07473096
1602,0.12700829,0.07676898,0.08666273,0.06708715,0.040345557,0.009681828
1603,0.11504839,0.054802004,0.077032715,0.051346015,0.03801568,0.003455989
1604,0.2713531,0.046766266,0.12190292,0.07198148,0.14945018,-0.025215216
1605,0.056728397,0.0403595,0.042409573,0.033913683,0.014318824,0.0064458176
1606,0.74550617,0.23730777,0.29356182,0.21021882,0.45194435,0.027088955
1607,0.090793684,0.11703698,0.05461836,0.04177915,0.036175326,0.07525784
1608,0.6496784,0.14633016,0.24424046,0.17440052,0.40543795,-0.02807036
1609,1.4277691,0.3979415,0.4647226,0.3405861,0.96304643,0.057355404
1610,0.10606191,0.0039874045,0.05869462,0.039503418,0.047367293,-0.035516012
1611,0.6695174,0.2370559,0.46583995,0.29087794,0.20367745,-0.05382204
1612,0.9076286,0.40977836,0.5949905,0.41333503,0.3126381,-0.0035566688
1613,0.17571664,0.05163593,0.12488876,0.074556194,0.050827876,-0.022920266
1614,0.011409379,0.05376995,0.017333029,0.012903728,-0.00592365,0.040866222
1615,0.91771686,0.38433555,0.52963567,0.40689018,0.3880812,-0.022554636
1616,0.034239452,-0.030318202,0.027197773,0.014743264,0.0070416797,-0.045061465
1617,0.05323807,0.021876099,0.03294449,0.024419956,0.020293582,-0.0025438573
1618,0.8386439,0.34707364,0.4068858,0.29724124,0.4317581,0.049832404
1619,1.0358953,0.48117867,0.59328836,0.4412034,0.442607,0.039975286
1620,1.0980333,0.5658459,0.66986525,0.477692,0.42816806,0.0881539
1621,1.1235315,0.56654185,0.8229643,0.55703646,0.30056715,0.009505391
1622,1.6684922,0.5933668,0.970032,0.649476,0.6984602,-0.05610919
1623,1.3079766,0.4274547,0.40089077,0.25863737,0.90708584,0.16881734
1624,0.4346322,0.23914042,0.22120632,0.15907544,0.21342589,0.08006498
1625,1.0195278,0.44001517,0.5816877,0.40291038,0.4378401,0.037104785
1626,1.3268018,0.3504892,0.63032323,0.35945827,0.69647855,-0.0089690685
1627,0.3208751,0.15302245,0.17655163,0.120301716,0.14432348,0.032720737
1628,0.008833094,-0.060774628,0.013571229,0.00394369,-0.0047381353,-0.06471832
1629,1.739007,0.68105465,1.00259,0.65978134,0.73641706,0.021273315
1630,0.2423359,0.06018651,0.12314692,0.08375413,0.11918898,-0.02356762
1631,0.17596422,0.15848705,0.12436503,0.08834474,0.05159919,0.070142314
1632,0.06519303,0.04063184,0.04557429,0.030944524,0.019618738,0.009687314
1633,0.08608317,0.015467903,0.07977944,0.052288618,0.0063037276,-0.036820717
1634,0.9771137,0.3712767,0.6357362,0.37579322,0.3413775,-0.004516512
1635,0.105907746,0.008559056,0.062367477,0.04902575,0.04354027,-0.040466696
1636,0.1201732,0.073261715,0.0383934,0.027571382,0.0817798,0.045690335
1637,1.2501767,0.2652413,0.31349152,0.22380751,0.93668514,0.04143378
1638,0.0071617467,0.06925817,0.017988933,0.013813397,-0.0108271865,0.05544477
1639,0.88730097,0.28550687,0.40606135,0.29095346,0.48123962,-0.005446583
1640,0.80503225,0.4006861,0.51050943,0.35645005,0.29452282,0.044236034
1641,0.12314609,0.073620684,0.0884674,0.06782478,0.03467869,0.0057959035
1642,0.051457252,0.043383803,0.025369361,0.01597071,0.026087891,0.027413093
1643,0.028632477,0.070226125,0.020410998,0.01412028,0.008221479,0.056105845
1644,1.2662551,0.47748896,0.6731826,0.48215663,0.59307253,-0.0046676695
1645,0.90757024,0.37122482,0.474856,0.3531614,0.43271425,0.018063426
1646,0.028983582,-0.030188782,0.027870975,0.013333325,0.0011126064,-0.04352211
1647,0.20644206,0.048030797,0.097803704,0.06339278,0.10863835,-0.015361983
1648,0.05013122,0.16881722,0.06555017,0.04010223,-0.0154189505,0.128715
1649,0.05947812,-0.022484524,0.048168585,0.022446375,0.011309534,-0.044930898
1650,0.78659993,0.3917766,0.5179948,0.3578716,0.2686051,0.033905
1651,0.054617494,0.021445528,0.025015097,0.015535755,0.029602397,0.0059097726
1652,0.18194936,0.04572502,0.12380502,0.07934967,0.058144346,-0.033624645
1653,0.09858772,0.041105703,0.04987558,0.040866666,0.04871214,0.00023903698
1654,1.0987884,0.30862975,0.51097375,0.3557415,0.5878146,-0.04711175
1655,0.027979495,-0.010096298,0.03898838,0.028964316,-0.011008887,-0.039060615
1656,0.030262504,-0.035759892,0.02598638,0.010087235,0.004276123,-0.045847125
1657,0.11145043,0.018400453,0.056606717,0.03983311,0.05484371,-0.021432657
1658,0.04514895,-0.024858842,0.04695139,0.027451815,-0.0018024407,-0.052310657
1659,0.08013047,0.007942221,0.049894914,0.027725317,0.030235559,-0.019783095
1660,0.95334977,0.28416267,0.34947643,0.25717127,0.6038734,0.026991397
1661,0.15294065,0.11003623,0.13319498,0.09869641,0.019745663,0.011339821
1662,0.19235994,0.0205034,0.05637485,0.04037171,0.13598509,-0.019868309
1663,0.8842392,0.32982588,0.37965024,0.28439516,0.50458896,0.04543072
1664,1.3468409,0.25847536,0.411203,0.3062571,0.93563783,-0.047781736
1665,0.095810786,0.05607395,0.061066948,0.044445127,0.034743838,0.0116288215
1666,1.115405,0.3625528,0.5246196,0.3552846,0.5907854,0.0072681904
1667,1.1664784,0.39341953,0.58663255,0.4036196,0.57984585,-0.010200053
1668,0.7934315,0.4233041,0.5978701,0.4254451,0.19556141,-0.0021409988
1669,0.19482197,0.1414557,0.1353291,0.110189065,0.05949287,0.03126663
1670,0.2404977,0.07225108,0.0985401,0.07664928,0.1419576,-0.004398197
1671,1.0553885,0.34350416,0.49004132,0.3372064,0.56534714,0.006297767
1672,0.11229663,0.039058063,0.03972966,0.035881687,0.07256697,0.0031763762
1673,0.76376957,0.23045969,0.2703179,0.19935131,0.49345165,0.03110838
1674,0.9296928,0.2839038,0.3540765,0.25661236,0.5756163,0.027291447
1675,0.023726083,0.11416647,0.0253147,0.018088501,-0.0015886165,0.09607796
1676,0.047548342,0.021048142,0.03969722,0.0243145,0.007851124,-0.0032663587
1677,0.17554177,0.18448731,0.10341819,0.07031802,0.07212359,0.11416929
1678,0.25413585,0.11162371,0.18195991,0.12512529,0.072175935,-0.013501577
1679,0.05671014,0.09844163,0.0343524,0.02189198,0.02235774,0.07654965
1680,1.2138538,0.26396194,0.3306473,0.23480721,0.88320655,0.029154733
1681,-0.006324062,-0.021558218,0.019707168,0.013504607,-0.02603123,-0.035062823
1682,0.077074245,0.086590216,0.04394568,0.030379022,0.033128563,0.056211196
1683,0.08814351,0.029531196,0.042459834,0.026262052,0.04568368,0.0032691434
1684,1.2128456,0.38194504,0.48885167,0.35235515,0.7239939,0.029589891
1685,-0.0016150329,0.004779988,0.04318588,0.02077925,-0.04480091,-0.015999261
1686,0.697998,0.29893258,0.39393824,0.2950993,0.30405974,0.003833294
1687,0.045077957,0.032176122,0.02590038,0.02253871,0.019177577,0.009637412
1688,0.8908577,0.29945463,0.407073,0.28852832,0.4837847,0.010926306
1689,0.5182456,0.2641263,0.25904962,0.19570877,0.25919595,0.068417534
1690,0.9979069,0.38662893,0.4960017,0.35798946,0.5019052,0.028639466
1691,1.179042,0.3741184,0.52714133,0.36052963,0.65190065,0.013588756
1692,0.8497702,0.36941648,0.55619836,0.3637469,0.29357183,0.005669564
1693,-0.039417718,0.11975581,0.004530759,-0.0012621902,-0.043948475,0.121018
1694,0.031165427,0.06656506,0.023955934,0.023457553,0.007209493,0.043107506
1695,-0.020794066,0.1415287,0.031328283,0.012295428,-0.052122347,0.12923327
1696,0.7930464,0.27018628,0.36459118,0.26216748,0.42845523,0.008018792
1697,1.0998601,0.5592318,0.69963574,0.52245325,0.40022433,0.03677857
1698,0.15995163,0.065295614,0.06521255,0.038582306,0.09473908,0.026713308
1699,0.11075489,0.04741441,0.06373875,0.038803566,0.047016144,0.008610845
1700,0.9518582,0.27149677,0.33690435,0.25032273,0.6149539,0.021174043
1701,0.19674009,0.024372458,0.11107949,0.06939797,0.0856606,-0.045025513
1702,0.97656864,0.1035022,0.19022755,0.13851011,0.7863411,-0.03500791
1703,0.031731613,-0.03727243,0.025795393,0.014959025,0.0059362203,-0.052231457
1704,-0.0016024521,-0.034622855,0.015623055,0.0067450316,-0.017225508,-0.04136789
1705,0.06934942,0.009565604,0.06574599,0.036762565,0.003603436,-0.027196962
1706,0.12608181,0.012924099,0.060038153,0.037709985,0.06604366,-0.024785886
1707,0.18238175,0.098271,0.1296518,0.08322075,0.05272995,0.015050247
1708,1.1201478,0.2929213,0.43114835,0.30863345,0.6889995,-0.015712142
1709,0.33145168,0.17152946,0.19748852,0.1582957,0.13396317,0.013233751
1710,-0.019495815,0.09626826,0.012310655,0.0028533074,-0.03180647,0.093414955
1711,0.9266889,0.35915422,0.6501938,0.39567235,0.2764951,-0.036518127
1712,0.31229606,0.1371228,0.17705208,0.13498877,0.13524398,0.002134025
1713,-0.019887753,0.11560976,0.0115152765,0.0020928108,-0.031403027,0.11351695
1714,0.18986277,0.082441494,0.0982651,0.076531544,0.09159768,0.0059099495
1715,0.06292935,0.046312507,0.034845527,0.025505736,0.02808382,0.02080677
1716,0.052902393,0.107326165,0.040169314,0.029310502,0.0127330795,0.07801566
1717,0.9507937,0.2507762,0.39035988,0.24737965,0.5604338,0.0033965558
1718,0.16421436,0.03780085,0.07707508,0.04378552,0.08713928,-0.0059846714
1719,0.07656969,-0.0199114,0.048514705,0.02617412,0.028054986,-0.04608552
1720,0.8179026,0.31644872,0.4196971,0.29952177,0.39820552,0.016926944
1721,0.13173501,0.050697315,0.06765289,0.05626091,0.06408212,-0.0055635944
1722,0.8494188,0.18550043,0.27146623,0.20144172,0.5779526,-0.015941292
1723,0.05276215,0.07531348,0.056267727,0.0388026,-0.0035055764,0.036510877
1724,-0.011439811,0.14976421,0.031782154,0.017848182,-0.043221965,0.13191603
1725,0.80443156,0.31396422,0.44150355,0.304791,0.362928,0.009173214
1726,0.14227684,0.08776328,0.15741824,0.10589722,-0.015141398,-0.018133938
1727,0.62623084,0.21108052,0.36085442,0.22805901,0.26537642,-0.016978487
1728,0.8828551,0.18669845,0.29558188,0.22320648,0.58727324,-0.036508024
1729,1.4596094,0.41764688,0.55831754,0.37942222,0.90129185,0.038224667
1730,1.4214579,0.5073926,0.6219762,0.44099087,0.7994817,0.06640172
1731,-0.021781556,0.013373882,0.006957495,0.005836783,-0.028739052,0.0075370986
1732,1.6496445,0.11869719,0.35497355,0.24372742,1.2946709,-0.12503022
1733,0.0627904,0.046856124,0.025390679,0.018367004,0.037399724,0.02848912
1734,0.6377808,0.19922726,0.29239672,0.20923677,0.34538406,-0.010009512
1735,0.9266949,0.28653136,0.42021218,0.2714659,0.5064827,0.015065461
1736,0.9164556,0.23192154,0.34320202,0.23403496,0.57325363,-0.0021134168
1737,1.5495446,0.3652336,0.5132932,0.35046253,1.0362513,0.014771074
1738,1.1355308,0.41711676,0.53267545,0.3883938,0.6028554,0.028722972
1739,0.015566443,0.020920161,0.010505273,0.0058593326,0.00506117,0.015060829
1740,0.2146885,0.065994635,0.06900364,0.056207333,0.14568485,0.009787302
1741,0.030374272,0.019389229,0.028694665,0.019181322,0.0016796067,0.00020790659
1742,0.94803435,0.17846219,0.293764,0.21237436,0.65427035,-0.033912167
1743,0.4651265,0.18059509,0.21362704,0.17181528,0.25149947,0.008779809
1744,0.66642636,0.28820604,0.35516176,0.27612752,0.3112646,0.012078524
1745,0.040219717,0.018162632,0.024110785,0.021672623,0.016108932,-0.0035099909
1746,1.0023693,0.45801112,0.61716247,0.4396174,0.38520682,0.018393725
1747,0.89436555,0.33167034,0.37678635,0.27494347,0.5175792,0.056726873
1748,-0.030350069,0.11127448,0.01022224,0.003405486,-0.040572308,0.10786899
1749,0.74687994,0.3075425,0.401422,0.27808392,0.34545794,0.029458582
1750,0.05151054,0.035243016,0.058882866,0.043032102,-0.007372327,-0.0077890866
1751,0.9283611,0.055784725,0.17913792,0.12559654,0.74922323,-0.06981181
1752,0.7918561,0.43916583,0.56676626,0.40757763,0.22508985,0.031588197
1753,1.0933278,0.22210348,0.2721882,0.19556373,0.8211396,0.026539743
1754,0.19411904,0.08032656,0.11418281,0.068541944,0.07993623,0.011784613
1755,0.29169708,0.109787025,0.115512334,0.087516114,0.17618474,0.02227091
1756,0.15190382,0.029449446,0.09482868,0.061983228,0.057075143,-0.03253378
1757,0.76553184,0.2637264,0.4125391,0.26594186,0.35299274,-0.002215445
1758,0.7919529,0.17888753,0.25455782,0.19137254,0.5373951,-0.012485012
1759,0.19382858,0.057729714,0.12986687,0.091502644,0.063961715,-0.03377293
1760,1.0390836,0.3052934,0.47266567,0.3064033,0.56641793,-0.0011098981
1761,0.057993717,0.0004926519,0.03176132,0.019342598,0.026232399,-0.018849947
1762,0.93059355,0.4595307,0.66586596,0.4802501,0.2647276,-0.02071938
1763,-0.017614534,0.10610861,0.0045933113,0.005001817,-0.022207845,0.10110679
1764,1.1632403,0.57071286,0.7884807,0.56897634,0.3747596,0.0017365217
1765,0.0440501,-0.005218354,0.041781463,0.031594664,0.0022686385,-0.036813017
1766,0.9691112,0.3653627,0.47238895,0.33928043,0.49672225,0.026082277
1767,1.0496519,0.3669534,0.51023227,0.38413146,0.5394196,-0.017178059
1768,1.324407,0.30551845,0.42530686,0.30685675,0.8991001,-0.0013383031
1769,-0.02539766,0.119213015,0.020407658,0.010134,-0.04580532,0.10907902
1770,1.1818839,0.37368795,0.44153336,0.32103798,0.7403506,0.052649975
1771,1.4561316,0.39019012,0.39831656,0.3096522,1.0578151,0.080537915
1772,-0.018687014,0.11626966,0.015228203,0.006278326,-0.033915214,0.109991334
1773,0.25807288,0.21491897,0.23010616,0.17042345,0.027966723,0.044495523
1774,0.02675645,-0.0009569672,0.036931373,0.023328532,-0.010174923,-0.024285499
1775,1.1498295,0.38187683,0.5878614,0.4082763,0.5619681,-0.026399463
1776,0.99577504,0.38560402,0.54159516,0.3786973,0.45417988,0.006906718
1777,1.2717311,0.29690275,0.40115356,0.28104287,0.8705776,0.015859872
1778,0.24700293,0.1666611,0.17126472,0.13214259,0.07573821,0.03451851
1779,0.95127237,0.50454295,0.70329756,0.49130505,0.24797481,0.013237894
1780,0.038773865,0.014732407,0.035580534,0.02325443,0.00319333,-0.0085220225
1781,0.069576345,0.03420726,0.04375848,0.025088644,0.025817864,0.009118615
1782,0.7227973,0.15624572,0.22680351,0.1711978,0.49599376,-0.014952078
1783,0.08011342,0.05598587,0.050326444,0.039002568,0.029786974,0.016983304
1784,1.1762602,0.2956105,0.4850329,0.30765542,0.6912273,-0.012044936
1785,0.03787234,0.13502835,0.021650108,0.012934229,0.016222233,0.12209412
1786,1.1507868,0.34489775,0.4737384,0.33674046,0.6770483,0.008157283
1787,0.097197555,0.06154907,0.06226337,0.04850544,0.034934185,0.013043631
1788,0.020396067,0.09935898,0.019336145,0.013459052,0.0010599215,0.085899934
1789,1.60601,0.60583806,0.8667355,0.57604855,0.73927444,0.029789507
1790,1.1921254,0.31606412,0.4526437,0.34108102,0.73948175,-0.025016904
1791,0.04524668,0.006951641,0.009746309,0.011295893,0.03550037,-0.0043442524
1792,0.9520822,0.28006202,0.36278218,0.27487797,0.58930004,0.0051840544
1793,0.08310645,0.15013975,0.054272503,0.04238808,0.028833948,0.10775167
1794,0.25423917,0.15333436,0.1371257,0.10754782,0.11711347,0.045786545
1795,0.31701526,0.108570755,0.18065973,0.13498893,0.13635553,-0.02641818
1796,0.7857386,0.31169745,0.43812245,0.29091918,0.34761614,0.020778269
1797,0.9190762,0.46898186,0.62025625,0.48707527,0.29881996,-0.018093407
1798,0.010953299,0.121158704,0.030791719,0.023530375,-0.019838419,0.097628325
1799,0.028686363,0.03193115,0.014840798,0.014195045,0.013845565,0.017736105
1800,0.09915737,0.111110955,0.060733892,0.045875214,0.03842348,0.06523574
1801,0.15851663,0.050632633,0.10443501,0.082899205,0.05408162,-0.032266572
1802,0.89330155,0.32348347,0.49717098,0.3188755,0.39613056,0.0046079755
1803,0.111978605,0.055568114,0.068522625,0.050765105,0.04345598,0.0048030093
1804,0.9122063,0.31646442,0.47466442,0.32804275,0.43754187,-0.011578321
1805,0.0022677106,-0.03006956,0.024944393,0.016718414,-0.022676682,-0.046787973
1806,0.81768525,0.18313913,0.27366817,0.19338405,0.5440171,-0.010244921
1807,1.2461239,0.3859669,0.49872243,0.36903155,0.7474015,0.016935349
1808,0.1721587,0.049150817,0.14807549,0.09870614,0.024083212,-0.049555324
1809,1.2920213,0.6247976,0.76112306,0.53956187,0.5308982,0.085235715
1810,0.87000006,0.11747886,0.18878655,0.13102752,0.6812135,-0.013548657
1811,0.26951346,0.11877828,0.1313861,0.09000686,0.13812736,0.028771423
1812,0.05423508,0.086673975,0.052601732,0.037780363,0.0016333461,0.048893612
1813,0.90861464,0.26422206,0.30404496,0.21536335,0.6045697,0.048858702
1814,1.2767247,0.46067053,0.69191223,0.4795544,0.58481246,-0.018883884
1815,1.2850174,0.54472905,0.73052686,0.51595926,0.5544905,0.028769791
1816,1.1515789,0.3417499,0.5339534,0.36365682,0.6176255,-0.021906912
1817,0.045966275,0.038952835,0.030844126,0.023985691,0.015122149,0.014967144
1818,0.6859997,0.24936603,0.34015986,0.24710731,0.34583983,0.002258718
1819,0.13980456,0.036318175,0.09341726,0.0694931,0.0463873,-0.033174925
1820,0.10859237,0.049312484,0.05213644,0.035916246,0.05645593,0.013396237
1821,0.99492127,0.47453818,0.6371788,0.45278367,0.3577425,0.021754503
1822,0.622538,0.26031387,0.26472238,0.18911429,0.3578156,0.07119958
1823,0.06322368,0.06607442,0.041069884,0.024891801,0.022153798,0.041182622
1824,0.55479693,0.1520603,0.18340214,0.13475117,0.3713948,0.01730913
1825,1.3001413,0.41948643,0.57304764,0.39251935,0.7270937,0.026967078
1826,0.10829464,0.053941783,0.08472544,0.04536068,0.023569204,0.008581102
1827,0.36009574,0.13667679,0.19815023,0.113550976,0.1619455,0.023125812
1828,0.16966158,0.11250762,0.14315028,0.109358214,0.026511297,0.0031494051
1829,0.1250314,0.07800029,0.07792787,0.05987303,0.047103524,0.018127263
1830,0.0344246,-0.02457771,0.034390796,0.018390607,3.3803284e-05,-0.042968318
1831,0.51913106,0.31461355,0.29152083,0.22160475,0.22761023,0.0930088
1832,1.1016142,0.09082584,0.15211472,0.11301851,0.9494995,-0.022192672
1833,0.13005246,0.08464097,0.097526304,0.074341066,0.032526158,0.010299906
1834,0.08167774,0.01090967,0.055351313,0.041459505,0.02632643,-0.030549835
1835,0.03651085,0.07458587,0.025546711,0.023803782,0.01096414,0.05078209
1836,0.07452654,-0.019118177,0.05953731,0.030881057,0.014989231,-0.049999233
1837,1.267547,0.60847014,0.79192376,0.5748489,0.47562325,0.03362125
1838,1.1861079,0.3479058,0.56632185,0.39886954,0.619786,-0.05096373
1839,0.074675195,-0.011444205,0.06511445,0.04047756,0.0095607415,-0.051921763
1840,0.7079516,0.27728692,0.39756924,0.2930731,0.31038237,-0.015786171
1841,0.279524,0.0666904,0.098653585,0.06937702,0.18087041,-0.0026866198
1842,1.4293164,0.7202249,0.83690333,0.6433528,0.59241307,0.07687211
1843,0.8535912,0.38057992,0.51483965,0.36638692,0.33875155,0.014192998
1844,0.13879627,0.13664499,0.07745232,0.05712026,0.061343953,0.079524726
1845,0.9910037,0.4779702,0.66598594,0.4706895,0.32501775,0.0072807074
1846,0.24873456,0.07543467,0.09192152,0.07171485,0.15681304,0.0037198216
1847,0.4917168,0.13715792,0.20884094,0.1427796,0.28287587,-0.0056216866
1848,0.17878667,0.08698897,0.092538334,0.05703717,0.08624833,0.0299518
1849,-0.029148655,0.11047569,0.007914338,0.0002717524,-0.037062995,0.11020394
1850,0.0040832185,0.015150269,0.044437326,0.028987879,-0.040354107,-0.01383761
1851,1.3086877,0.303207,0.38388622,0.2953257,0.92480147,0.007881314
1852,0.1664567,0.07463509,0.09827499,0.075200416,0.06818171,-0.0005653277
1853,0.05952024,0.079987325,0.068298906,0.051737297,-0.008778665,0.028250027
1854,0.08707106,0.14617474,0.061370254,0.042132553,0.025700808,0.10404219
1855,1.2678382,0.3644078,0.4237723,0.30905363,0.8440659,0.055354178
1856,0.056577228,-0.018966766,0.047624793,0.024619674,0.008952435,-0.04358644
1857,0.09584895,0.08455253,0.063464865,0.042870075,0.032384083,0.041682452
1858,0.12670924,0.06424674,0.08402059,0.05603661,0.042688645,0.008210126
1859,0.88447285,0.28357238,0.41312638,0.31745103,0.47134647,-0.033878654
1860,0.2664709,0.08073115,0.09937381,0.06316445,0.16709709,0.017566703
1861,0.07937115,0.07923339,0.053246118,0.036221027,0.026125029,0.043012366
1862,0.8676988,0.18811497,0.22037338,0.15643884,0.6473254,0.03167613
1863,0.91391575,0.46873152,0.6621077,0.4488166,0.25180805,0.019914925
1864,0.1769708,0.085549384,0.11974375,0.08646798,0.057227045,-0.000918597
1865,0.061186414,0.04483059,0.05052953,0.031734716,0.010656886,0.013095874
1866,0.048373662,0.05340853,0.023724942,0.019776559,0.02464872,0.033631973
1867,0.12751587,0.05959984,0.075838804,0.04338311,0.051677063,0.016216729
1868,0.8632482,0.2764437,0.36948425,0.28085676,0.49376398,-0.0044130683
1869,0.21449946,0.10854181,0.0992681,0.08087611,0.11523136,0.027665697
1870,0.022034781,-0.055666663,0.027641525,0.015592465,-0.0056067444,-0.071259126
1871,0.15643618,0.04356764,0.07579751,0.041100316,0.08063866,0.002467323
1872,0.076691926,0.03344703,0.03389803,0.028251275,0.042793896,0.0051957555
1873,0.9968391,0.2731768,0.38975796,0.28060016,0.6070812,-0.007423371
1874,0.41392806,0.090064004,0.109631784,0.079849355,0.30429628,0.010214649
1875,1.0061076,0.29658365,0.34376472,0.26471767,0.66234285,0.031865984
1876,1.0487593,0.16510177,0.3371326,0.22874987,0.71162677,-0.063648105
1877,0.00897072,0.031840127,0.010339387,0.009670648,-0.001368667,0.022169478
1878,0.22865914,0.01933781,0.07443447,0.04255988,0.15422466,-0.02322207
1879,0.33316547,0.21209893,0.25855145,0.20413193,0.07461402,0.007966995
1880,0.04046847,0.09045538,0.047397546,0.017538872,-0.006929077,0.07291651
1881,0.8468373,0.34535715,0.43387333,0.31958008,0.41296396,0.025777072
1882,0.08187226,0.0220663,0.057214666,0.040195342,0.024657596,-0.018129041
1883,0.030971698,0.05307188,0.020764513,0.015824707,0.0102071855,0.037247173
1884,1.1967841,0.54283947,0.71698207,0.5211939,0.47980207,0.021645546
1885,0.07314772,-0.026085205,0.05033754,0.02922484,0.02281018,-0.05531005
1886,0.2548521,0.12054279,0.114245005,0.09605391,0.14060709,0.024488874
1887,0.18371971,0.10586914,0.11025203,0.08901018,0.07346768,0.016858958
1888,0.25888708,0.12621047,0.17307682,0.12395092,0.08581026,0.002259545
1889,0.05688011,0.04402372,0.026892142,0.017932875,0.029987967,0.026090844
1890,0.05698432,0.023471393,0.009436031,0.0056860596,0.04754829,0.017785333
1891,0.028088424,0.12302128,0.012438655,0.009638546,0.01564977,0.113382734
1892,-0.00050446595,0.13000076,0.030238656,0.01645255,-0.030743122,0.113548204
1893,1.0877702,0.42270035,0.50292015,0.37415844,0.5848501,0.048541903
1894,0.039429195,0.013379284,0.024646796,0.018751957,0.014782399,-0.0053726723
1895,0.652826,0.13466199,0.1882114,0.13118537,0.46461463,0.0034766197
1896,0.6898587,0.23087415,0.2977854,0.20790449,0.39207327,0.022969663
1897,0.08372108,0.04419682,0.03464735,0.020397644,0.04907373,0.023799177
1898,1.8702512,0.6173545,1.0046996,0.68709314,0.8655516,-0.06973863
1899,0.18750256,0.0744981,0.08082052,0.061370812,0.10668204,0.01312729
1900,0.65523237,0.18968326,0.27668715,0.19834578,0.37854522,-0.008662522
1901,1.1464206,0.49044004,0.60316306,0.45547926,0.54325753,0.034960777
1902,0.07709698,0.05415661,0.05758348,0.04174777,0.019513495,0.012408838
1903,1.0999495,0.4339002,0.6346944,0.40578157,0.46525508,0.02811864
1904,1.1402963,0.30338156,0.4622519,0.29300052,0.67804444,0.010381043
1905,1.1079285,0.17314076,0.33233988,0.21635015,0.77558863,-0.04320939
1906,0.04017853,0.031396475,0.017447649,0.011089313,0.022730881,0.02030716
1907,0.26870298,0.050156467,0.11117081,0.07629933,0.15753217,-0.026142865
1908,0.8935007,0.2858613,0.37212265,0.25496843,0.52137804,0.030892879
1909,0.023169063,-0.030505309,0.019577445,0.008621145,0.0035916176,-0.039126456
1910,0.014774461,0.04211789,0.020189578,0.01664835,-0.0054151164,0.02546954
1911,0.87895244,0.26059657,0.28983733,0.1978354,0.58911514,0.06276117
1912,0.05668752,0.05625176,0.029685887,0.026089258,0.027001632,0.030162502
1913,0.071526185,0.042444028,0.046959125,0.02279663,0.02456706,0.019647397
1914,0.9213866,0.27182516,0.33874616,0.24734014,0.5826404,0.024485022
1915,0.029893849,-0.032345317,0.02341277,0.01360713,0.0064810794,-0.045952447
1916,0.05261149,0.13501774,0.052637387,0.039109413,-2.5898218e-05,0.09590833
1917,1.1753677,0.33349675,0.6625537,0.38262618,0.512814,-0.049129426
1918,0.04724044,0.023608906,0.024280181,0.017152334,0.022960259,0.0064565726
1919,0.7606725,0.24376968,0.35093945,0.24635735,0.40973306,-0.002587676
1920,0.018297242,0.005351569,0.03340799,0.02273569,-0.015110748,-0.017384121
1921,1.0739716,0.2472335,0.4428219,0.27578616,0.63114977,-0.028552666
1922,0.056559086,0.046875324,0.03249013,0.029142667,0.024068955,0.017732657
1923,1.2901226,0.3122782,0.35934398,0.2586112,0.9307786,0.05366701
1924,0.106511615,0.05295717,0.058102295,0.04215944,0.04840932,0.010797728
1925,0.004121844,0.0063224095,0.039990388,0.030008147,-0.035868544,-0.023685737
1926,1.0468634,0.43646008,0.65136534,0.414696,0.3954981,0.02176407
1927,1.024276,0.40922815,0.5677547,0.38213632,0.45652133,0.027091831
1928,0.04685751,0.05031077,0.056697287,0.033819847,-0.009839777,0.016490921
1929,1.0895567,0.21029443,0.2930157,0.21591896,0.796541,-0.0056245327
1930,0.654233,0.29076165,0.44420928,0.30681166,0.2100237,-0.01605001
1931,1.1310607,0.49793652,0.6458934,0.4958668,0.48516732,0.0020697117
1932,0.022381624,0.15728621,0.050243683,0.030905757,-0.027862059,0.12638046
1933,0.537523,0.2994414,0.4000087,0.29191643,0.13751426,0.007524967
1934,0.21299149,0.092485406,0.10869994,0.081365615,0.10429155,0.01111979
1935,0.9118603,0.3587986,0.59450513,0.38635027,0.31735516,-0.02755168
1936,0.021416275,0.009788774,0.012464627,0.008405715,0.008951648,0.0013830587
1937,0.167921,0.13443665,0.10299907,0.07870576,0.06492194,0.055730894
1938,0.13947591,0.0041236198,0.08539778,0.0588344,0.054078132,-0.05471078
1939,0.2524755,0.04975414,0.136869,0.09437779,0.1156065,-0.044623654
1940,1.1006454,0.44825077,0.59955424,0.420247,0.5010912,0.028003782
1941,0.031473335,0.10567991,0.04525887,0.03288307,-0.013785534,0.07279684
1942,1.25235,0.53917205,0.7102079,0.52003855,0.5421421,0.019133508
1943,1.0007199,0.39276785,0.5772182,0.39162675,0.42350173,0.0011411011
1944,0.12611486,0.1796938,0.10131712,0.07176473,0.024797738,0.10792907
1945,0.20548458,0.1235427,0.15262488,0.11224287,0.05285971,0.011299834
1946,0.057679806,0.005450868,0.015754096,0.01141392,0.04192571,-0.0059630517
1947,0.0203723,0.037130136,0.025470529,0.021212451,-0.0050982293,0.015917685
1948,0.8008301,0.31519172,0.44291458,0.31937882,0.35791555,-0.004187107
1949,0.809215,0.2958317,0.38565925,0.29145053,0.42355576,0.00438118
1950,0.26611218,0.10183461,0.16156462,0.12292502,0.10454756,-0.02109041
1951,0.013140167,-0.05566425,0.017265027,0.005384337,-0.0041248603,-0.061048586
1952,-0.024518922,0.118639484,0.012648641,0.007972195,-0.037167564,0.11066729
1953,0.1627975,0.087041095,0.11304386,0.08738074,0.049753636,-0.00033964217
1954,0.98431236,0.2506878,0.41303727,0.28381827,0.5712751,-0.033130467
1955,0.9323637,0.24395598,0.3170222,0.23476398,0.6153415,0.009192005
1956,0.87230295,0.3895242,0.5191805,0.38740122,0.35312247,0.0021229684
1957,0.57124835,0.293932,0.34472674,0.23783602,0.22652161,0.056095973
1958,0.9718841,0.3386331,0.47257748,0.3223358,0.4993066,0.01629728
1959,0.10827264,0.011067798,0.058666147,0.039254118,0.049606495,-0.02818632
1960,1.1028112,0.50217867,0.6747361,0.46914378,0.42807513,0.03303489
1961,-0.02427769,0.20220187,0.012557541,0.010152509,-0.03683523,0.19204937
1962,0.13763842,0.06750557,0.07230476,0.05833052,0.06533366,0.009175047
1963,-0.021012885,-0.0009963127,0.007888604,0.005052345,-0.02890149,-0.0060486575
1964,1.0409101,0.36210823,0.52737975,0.39419845,0.5135304,-0.032090217
1965,0.6506744,0.24327599,0.28756917,0.20557238,0.36310524,0.037703604
1966,1.2223783,0.52371186,0.7228363,0.5293938,0.49954194,-0.005681932
1967,0.09295284,0.018505177,0.045423444,0.03965879,0.047529396,-0.021153612
1968,0.14653525,0.10974705,0.0932721,0.072320014,0.05326315,0.037427038
1969,1.208693,0.34752566,0.4735774,0.34968278,0.73511565,-0.002157122
1970,0.9470141,0.45455283,0.6148702,0.437238,0.3321439,0.017314821
1971,0.17977457,0.0792722,0.12673362,0.09132474,0.05304095,-0.012052536
1972,0.08279495,0.14359243,0.062401228,0.043727506,0.020393722,0.09986493
1973,1.4830358,0.55674875,0.7482937,0.50766665,0.7347421,0.0490821
1974,0.0071344017,0.13986343,0.047558475,0.032597393,-0.040424075,0.10726604
1975,0.36694565,0.21261632,0.2764183,0.22290237,0.090527356,-0.010286048
1976,0.7995818,0.30395767,0.41188946,0.2981284,0.38769236,0.0058292747
1977,1.4408485,0.15683709,0.264499,0.18809538,1.1763494,-0.031258285
1978,1.1740805,0.29947725,0.4510589,0.31222376,0.7230216,-0.012746513
1979,0.9183655,0.35884932,0.56005716,0.37270963,0.35830832,-0.013860315
1980,0.013888631,-0.016485734,0.010819779,0.006903398,0.0030688522,-0.02338913
1981,0.22598752,0.039627295,0.11134584,0.06147601,0.11464168,-0.021848716
1982,0.9346443,0.2830505,0.36858872,0.277379,0.56605554,0.005671501
1983,0.04216767,0.03863383,0.026003703,0.010710257,0.016163968,0.027923573
1984,1.1338668,0.41369313,0.5312296,0.40437996,0.6026372,0.009313166
1985,0.9212727,0.31555817,0.3652866,0.25081807,0.5559861,0.06474009
1986,1.1555449,0.32882467,0.48689297,0.30876216,0.66865194,0.020062506
1987,1.388008,0.52149314,0.675977,0.47067797,0.712031,0.050815165
1988,1.0178059,0.306404,0.39171517,0.26372355,0.62609076,0.042680442
1989,-0.03983459,0.1503035,0.020160388,0.013709332,-0.059994977,0.13659416
1990,0.92100555,0.3550256,0.51318413,0.3428884,0.40782142,0.012137175
1991,1.0013326,0.3832819,0.6241018,0.3950727,0.37723082,-0.011790812
1992,1.2672037,0.45676452,0.6572567,0.42668477,0.60994697,0.030079752
1993,0.8059661,0.37143075,0.5179954,0.37814716,0.28797066,-0.0067164004
1994,0.07301443,0.015570413,0.07184331,0.044323545,0.0011711195,-0.028753132
1995,0.09411634,0.06280222,0.069718234,0.04927795,0.024398103,0.013524268
1996,1.2700008,0.3984926,0.53851247,0.37098065,0.73148835,0.027511954
1997,0.80700934,0.19496803,0.2675441,0.1987638,0.53946525,-0.0037957728
1998,0.06166393,0.05361016,0.057525687,0.046266012,0.0041382425,0.007344149
1999,0.011485653,0.15886027,0.008871605,0.008943111,0.0026140483,0.14991716
2000,0.9915987,0.28560883,0.39446765,0.24964151,0.5971311,0.03596732
2001,0.23134671,0.07375719,0.08761045,0.06418661,0.14373626,0.009570576
2002,0.101509,0.14022927,0.04071024,0.034592506,0.060798757,0.10563676
2003,0.04506634,0.03648031,0.025026955,0.023699949,0.020039387,0.012780363
2004,1.365981,0.6564375,0.8183986,0.6029279,0.5475824,0.053509593
2005,0.039322797,0.104187846,0.0451701,0.031130515,-0.0058473013,0.07305733
2006,1.2331296,0.31431168,0.4225257,0.29558516,0.8106039,0.018726528
2007,0.06551566,-0.0012839301,0.037094932,0.021763995,0.028420728,-0.023047926
2008,1.1676908,0.48308343,0.62530273,0.43832654,0.542388,0.04475689
2009,0.09078391,0.04778431,0.049963284,0.043881513,0.040820625,0.0039027967
2010,0.049022377,-0.0010823007,0.043691922,0.028284999,0.0053304546,-0.0293673
2011,1.0303067,0.4514645,0.64860433,0.45629585,0.38170236,-0.004831344
2012,0.90647006,0.28082544,0.41509613,0.2765773,0.49137393,0.0042481422
2013,1.4175502,0.44451085,0.6384636,0.42746007,0.7790866,0.017050773
2014,0.02581822,0.05183571,0.029400868,0.021370862,-0.003582649,0.030464847
2015,0.1316974,0.005714079,0.08021607,0.049793273,0.05148133,-0.044079196
2016,0.048669457,0.026036903,0.02343004,0.019362358,0.025239417,0.006674545
2017,1.3387774,0.29346985,0.5468802,0.35218215,0.79189724,-0.058712304
2018,1.3401265,0.41642073,0.6336111,0.42345786,0.70651543,-0.007037133
2019,0.052008912,-0.015282955,0.06391332,0.036221888,-0.011904411,-0.051504843
2020,0.1201723,0.051474772,0.08479915,0.06262304,0.03537315,-0.0111482665
2021,1.0799645,0.44524065,0.6667797,0.44223905,0.41318482,0.0030016005
2022,0.92845386,0.48585573,0.600921,0.44600242,0.3275329,0.039853305
2023,0.23146634,0.10113871,0.13488516,0.08965745,0.096581176,0.011481263
2024,-0.016302759,0.0066929525,0.031462282,0.021407086,-0.04776504,-0.014714134
2025,1.0668393,0.3424974,0.4088681,0.30308023,0.65797126,0.039417177
2026,0.82122624,0.50816816,0.6065702,0.44624463,0.21465605,0.061923534
2027,-0.019587915,0.002860296,0.023755275,0.015118345,-0.04334319,-0.012258049
2028,1.072713,0.30301204,0.39208367,0.28358173,0.6806294,0.01943031
2029,0.15365943,0.022791307,0.112876564,0.06459581,0.04078287,-0.041804504
2030,1.1984794,0.50888,0.73858905,0.49889675,0.45989037,0.009983271
2031,0.14330123,0.051775847,0.068210095,0.045896474,0.07509114,0.0058793724
2032,1.0787829,0.36111102,0.54577386,0.37149698,0.53300905,-0.01038596
2033,0.8974255,0.3606445,0.4725483,0.35598397,0.42487717,0.004660517
2034,0.071725346,0.06759567,0.04383443,0.034980573,0.027890917,0.032615095
2035,1.1745918,0.5090259,0.6378837,0.4751041,0.53670806,0.03392178
2036,1.0198814,0.45801675,0.574213,0.41216218,0.44566834,0.04585457
2037,0.07829236,0.019664714,0.028934428,0.016036589,0.049357936,0.0036281254
2038,1.5364803,0.2880958,0.4582112,0.33010548,1.0782691,-0.04200968
2039,1.3731325,0.7153695,0.9444869,0.6633693,0.42864555,0.052000225
2040,0.9729337,0.2872673,0.40939593,0.28842837,0.5635378,-0.0011610687
2041,0.22441415,0.08593521,0.040953156,0.029351287,0.183461,0.056583926
2042,1.2063129,0.29536176,0.43290043,0.32457596,0.77341247,-0.029214203
2043,0.9788013,0.30082327,0.3289712,0.25583437,0.6498301,0.0449889
2044,0.040568326,-0.028326582,0.03408116,0.015359398,0.0064871646,-0.04368598
2045,0.048780113,0.12329507,0.047846366,0.032313444,0.00093374774,0.090981625
2046,1.0805905,0.6678893,0.88167155,0.59609103,0.19891894,0.071798265
2047,0.12922849,0.08897295,0.09395253,0.06626193,0.03527596,0.022711016
2048,0.31831172,0.17483167,0.2168908,0.15174155,0.101420924,0.023090124
2049,1.3237433,0.40568504,0.6381007,0.36154783,0.68564266,0.04413721
2050,0.057517815,0.059379373,0.04149093,0.03472279,0.016026884,0.024656583
2051,0.19456136,0.08600124,0.06531158,0.04441564,0.12924978,0.0415856
2052,0.06160319,0.042195603,0.028281074,0.022458479,0.033322114,0.019737124
2053,0.23948734,0.07898741,0.19130808,0.13652578,0.048179254,-0.057538368
2054,0.33948308,0.17636593,0.22818452,0.17580889,0.11129856,0.0005570352
2055,0.23200685,0.095218144,0.10130909,0.0706836,0.13069776,0.024534546
2056,0.062652454,0.07771012,0.050725237,0.035172608,0.011927217,0.042537514
2057,0.060219385,-0.024790699,0.033413347,0.02278486,0.026806038,-0.04757556
2058,1.2527477,0.6993437,0.88627166,0.65056,0.366476,0.04878366
2059,0.22176908,0.22011912,0.20910275,0.13864158,0.01266633,0.08147754
2060,1.2389197,0.43584058,0.65707046,0.43180102,0.5818493,0.004039556
2061,0.06371253,-0.016912153,0.03456902,0.017660664,0.029143509,-0.034572817
2062,1.2402174,0.3976144,0.4824482,0.36496162,0.7577692,0.032652766
2063,0.09279187,0.010137263,0.04479378,0.0273405,0.04799809,-0.017203238
2064,0.1119893,0.03549309,0.038321994,0.02952191,0.0736673,0.0059711803
2065,0.048306625,0.009836975,0.04540912,0.032209948,0.0028975047,-0.022372972
2066,0.0881885,0.036251593,0.05593474,0.041373726,0.03225376,-0.0051221326
2067,0.9538324,0.23515524,0.2058613,0.1384673,0.74797106,0.09668794
2068,1.1120496,0.46331272,0.63204706,0.4645481,0.48000252,-0.0012353957
2069,1.0053111,0.4568889,0.62100726,0.44715798,0.38430387,0.009730935
2070,0.3646549,0.1234181,0.16677597,0.12150373,0.19787893,0.0019143671
2071,0.061355155,0.05725157,0.035312034,0.026431987,0.02604312,0.030819582
2072,-0.018483737,0.019954609,0.006884774,0.0029884768,-0.025368512,0.016966132
2073,0.099659674,0.07970394,0.08114488,0.055454206,0.018514797,0.024249736
2074,0.8860742,0.32238892,0.40020245,0.29854685,0.48587173,0.023842067
2075,0.4511473,0.13077235,0.20384428,0.13570666,0.24730301,-0.004934311
2076,0.18489471,0.022548255,0.06372653,0.04403951,0.12116818,-0.021491256
2077,0.77056265,0.25920036,0.313027,0.22636916,0.45753565,0.032831207
2078,0.81798023,0.22701922,0.29838336,0.19921799,0.5195969,0.02780123
2079,1.6382053,0.5597819,0.7544861,0.52126646,0.8837192,0.03851545
2080,0.9200063,0.37846017,0.46786213,0.35196045,0.45214415,0.026499718
2081,0.14871123,0.12491211,0.104070656,0.09032359,0.04464058,0.034588523
2082,0.05712585,0.03651211,0.038773388,0.028745627,0.018352464,0.0077664834
2083,0.84629023,0.17553085,0.25253636,0.19878465,0.5937539,-0.023253798
2084,0.1415398,0.08232231,0.06825038,0.051208634,0.07328942,0.031113673
2085,0.15563188,0.03404393,0.07215637,0.04028598,0.083475515,-0.006242048
2086,1.1586112,0.5178765,0.54478765,0.42041606,0.61382353,0.09746045
2087,0.8570489,0.34257427,0.42033336,0.3057664,0.43671557,0.036807865
2088,0.5600053,0.23653595,0.2951202,0.21713684,0.2648851,0.019399107
2089,1.4626502,0.48510703,0.6860802,0.48266545,0.77656996,0.002441585
2090,0.8235688,0.33201325,0.40046936,0.2735465,0.42309946,0.058466762
2091,0.08027042,0.05238759,0.051306475,0.03941264,0.028963942,0.012974951
2092,0.07094619,0.10507474,0.050644003,0.035172295,0.020302184,0.06990245
2093,0.8245461,0.42714548,0.5314548,0.38459358,0.2930913,0.042551905
2094,1.1297207,0.26350912,0.3028628,0.23405185,0.8268579,0.029457271
2095,-0.042305358,-0.053355683,0.017371083,0.0103938915,-0.05967644,-0.063749574
2096,0.10461571,0.007048319,0.073724955,0.04907164,0.030890755,-0.04202332
2097,1.2030977,0.43333575,0.6348354,0.42953125,0.5682623,0.0038045049
2098,0.020936528,0.12869886,0.013039622,0.009053025,0.007896906,0.119645834
2099,0.13093011,0.014322964,0.057075296,0.03681684,0.07385482,-0.022493877
2100,1.1536591,0.41134,0.5895192,0.4185784,0.5641399,-0.007238388
2101,0.91930157,0.3635901,0.46352395,0.33603862,0.45577762,0.027551472
2102,0.05779819,0.08887233,0.036758248,0.028886061,0.02103994,0.059986267
2103,1.0641845,0.6089044,0.82201,0.6158019,0.24217457,-0.0068974495
2104,0.1197211,0.14731374,0.04875367,0.041073546,0.07096743,0.1062402
2105,0.08042991,0.030322837,0.030817917,0.021897279,0.049611993,0.008425558
2106,0.11765267,0.13026813,0.06016974,0.04536004,0.057482928,0.08490808
2107,0.9382633,0.391893,0.5732455,0.39991376,0.36501777,-0.008020759
2108,1.7401549,0.7999881,1.1104354,0.7708787,0.6297195,0.029109418
2109,0.8695101,0.21271893,0.30246437,0.21951646,0.56704575,-0.0067975223
2110,0.15855663,0.064107776,0.06689151,0.050759345,0.09166512,0.01334843
2111,1.0750377,0.41051704,0.5776947,0.39465934,0.497343,0.015857697
2112,0.047432933,-0.015428171,0.025458157,0.020310258,0.021974776,-0.03573843
2113,0.90596455,0.3406153,0.45356467,0.30523106,0.45239988,0.035384238
2114,1.0750974,0.39157555,0.5007919,0.34351555,0.57430553,0.04806
2115,1.1703354,0.57714975,0.68876976,0.52065766,0.48156565,0.05649209
2116,0.1407957,0.054886505,0.08931047,0.066874996,0.051485226,-0.011988491
2117,0.08163733,0.05061361,0.045784876,0.037898555,0.035852455,0.012715053
2118,1.2387061,0.4329997,0.5589628,0.3696081,0.6797433,0.063391596
2119,1.0807091,0.44858697,0.6349616,0.44853267,0.4457475,5.429983e-05
2120,1.0459557,0.3603642,0.48037437,0.35881034,0.5655813,0.0015538633
2121,0.1252293,0.07171345,0.06196046,0.04238589,0.06326884,0.029327556
2122,1.1680994,0.5106607,0.77654755,0.5260241,0.39155185,-0.015363395
2123,0.011787647,0.12545207,0.02095351,0.013123134,-0.009165863,0.11232894
2124,0.9836997,0.4024516,0.46293274,0.3489425,0.520767,0.053509116
2125,0.10404521,0.17619188,0.088466,0.067669146,0.015579209,0.108522736
2126,1.3239498,0.37448075,0.5496111,0.38004285,0.7743387,-0.005562097
2127,1.006326,0.28541356,0.38415432,0.29583797,0.62217164,-0.010424405
2128,1.129129,0.31981742,0.50470203,0.34590876,0.624427,-0.026091337
2129,0.044392128,0.021735739,0.02729417,0.02132558,0.017097957,0.0004101582
2130,1.0807616,0.48865956,0.64605975,0.48327476,0.4347018,0.005384803
2131,1.5254248,0.29378316,0.45079923,0.31297833,1.0746256,-0.01919517
2132,0.11368,0.074343465,0.084372304,0.064886585,0.029307693,0.00945688
2133,1.0832659,0.36481017,0.5081686,0.37134892,0.5750973,-0.0065387487
2134,1.4323884,0.873211,1.1888007,0.87269706,0.24358773,0.00051397085
2135,1.3947605,0.5988112,0.7317711,0.51099086,0.6629894,0.08782035
2136,1.1619345,0.5939612,0.7704373,0.5738415,0.3914972,0.020119667
2137,0.028817674,0.04643377,0.030497584,0.025341222,-0.0016799103,0.021092547
2138,0.22907613,0.110912785,0.11721506,0.09158477,0.11186107,0.019328013
2139,0.045289036,0.07382121,0.04518264,0.035819434,0.00010639429,0.038001776
2140,0.7938421,0.22841048,0.29325533,0.22163795,0.50058675,0.006772533
2141,0.14311282,0.10378964,0.077529304,0.05379401,0.06558352,0.04999563
2142,0.0059415363,0.23097405,0.02192408,0.017299164,-0.015982544,0.21367489
2143,0.113800086,0.078604914,0.08245266,0.06162252,0.031347424,0.016982395
2144,0.2840662,0.14962497,0.20163824,0.12546058,0.08242796,0.024164394
2145,1.1808399,0.5181624,0.6246872,0.46449673,0.5561527,0.053665698
2146,0.09496748,0.109754,0.044728972,0.02508307,0.050238505,0.08467093
2147,-0.003833291,-0.042285323,0.010715042,0.004127585,-0.014548333,-0.046412908
2148,0.021519164,-0.029634828,0.030523777,0.013862734,-0.009004613,-0.043497562
2149,1.1153514,0.40461728,0.53284895,0.3650068,0.5825025,0.039610475
2150,0.23841773,0.050910044,0.19241893,0.110182285,0.045998797,-0.05927224
2151,1.3194238,0.61514974,0.9980651,0.6471056,0.32135868,-0.03195584
2152,0.110373355,0.13093552,0.038247436,0.0305057,0.07212592,0.10042982
2153,0.01386286,0.1194768,0.01075805,0.008999472,0.0031048106,0.11047733
2154,0.6622229,0.2820115,0.36655807,0.2655929,0.29566485,0.016418606
2155,0.0750814,0.035488214,0.046144705,0.043886784,0.028936695,-0.00839857
2156,1.0242286,0.25574443,0.40326905,0.27565423,0.6209595,-0.0199098
2157,0.13953133,0.03622305,0.07472785,0.053671066,0.06480348,-0.017448016
2158,0.05316059,-0.047333706,0.028263563,0.013081583,0.024897026,-0.06041529
2159,0.060734384,0.033880115,0.053599767,0.03877717,0.0071346164,-0.0048970543
2160,-0.0199264,0.21346822,0.02384397,0.0136236595,-0.043770373,0.19984457
2161,0.018568128,0.032866318,0.029901437,0.020551147,-0.011333309,0.012315171
2162,0.21020515,0.17340274,0.15395917,0.09200645,0.056245983,0.08139629
2163,0.772458,0.38346538,0.45363587,0.33966053,0.31882215,0.043804854
2164,0.030495482,0.03590907,0.019914579,0.018170321,0.010580903,0.01773875
2165,0.7412773,0.2128913,0.33272007,0.25098932,0.4085572,-0.038098022
2166,0.07469252,0.036995657,0.048144422,0.036380764,0.026548095,0.0006148927
2167,0.012428478,0.034057345,0.020062387,0.014748484,-0.0076339087,0.019308861
2168,-0.008747094,0.13581862,0.031841755,0.016979806,-0.04058885,0.11883881
2169,1.2196963,0.6166137,0.8000788,0.6156377,0.41961747,0.00097596645
2170,0.104414314,0.04958606,0.063262075,0.043071903,0.04115224,0.006514158
2171,1.2995776,0.47959444,0.6347406,0.48132384,0.664837,-0.001729399
2172,0.06045521,-0.010296723,0.04074763,0.02788736,0.01970758,-0.038184084
2173,0.04131162,-0.031298473,0.03407291,0.01676427,0.007238712,-0.04806274
2174,0.9683496,0.4173414,0.39663392,0.25599954,0.57171565,0.16134188
2175,0.91826534,0.362563,0.5307533,0.3729168,0.38751203,-0.010353774
2176,1.4338067,0.68187433,0.78153276,0.60532206,0.6522739,0.07655227
2177,-0.026493205,0.1125895,0.013203077,0.004760488,-0.039696284,0.10782901
2178,1.5372854,0.2957886,0.48370087,0.3230296,1.0535846,-0.027241021
2179,1.2976452,0.47434366,0.6382523,0.4592897,0.6593929,0.015053958
2180,0.012258374,-0.040671848,0.029838571,0.017134959,-0.017580196,-0.057806805
2181,0.8007856,0.20555091,0.37026328,0.2421165,0.43052232,-0.036565587
2182,0.24053647,0.1052668,0.14180113,0.102021255,0.09873533,0.0032455474
2183,0.630578,0.3247644,0.44353187,0.31452444,0.18704611,0.010239959
2184,0.96923053,0.29393512,0.45382866,0.32198524,0.51540184,-0.028050125
2185,0.0070765433,0.12729116,0.036495823,0.0248457,-0.02941928,0.10244545
2186,0.094266616,0.15071234,0.04797014,0.03106593,0.046296477,0.119646415
2187,1.0472316,0.3539222,0.5065867,0.33923492,0.5406449,0.01468727
2188,0.9747247,0.46922025,0.6066117,0.42220855,0.36811298,0.047011703
2189,-0.020802299,0.12482095,0.021713788,0.010934217,-0.042516086,0.11388673
2190,0.038626693,0.2350308,0.0653878,0.031004466,-0.026761107,0.20402634
2191,0.033537697,-0.062258884,0.025774544,0.01265017,0.007763153,-0.074909054
2192,0.8884301,0.30580625,0.49032524,0.32676995,0.39810488,-0.020963699
2193,0.11273165,0.14110929,0.07989506,0.05354563,0.032836594,0.087563656
2194,0.9470582,0.3815343,0.5418953,0.3553746,0.40516293,0.026159704
2195,0.8879114,0.22384033,0.27767268,0.1884246,0.6102387,0.035415724
2196,0.09322398,-0.009217035,0.034360215,0.02125527,0.058863766,-0.030472305
2197,0.15953432,0.10286192,0.113583155,0.085687034,0.045951165,0.017174885
2198,1.0707194,0.596025,0.75996757,0.5697164,0.3107518,0.026308596
2199,0.9612738,0.3076171,0.37459219,0.2746684,0.5866816,0.032948703
2200,1.0733335,0.45219806,0.5904084,0.43946517,0.48292512,0.012732893
2201,0.15813075,0.041281465,0.09088037,0.065654434,0.06725038,-0.024372969
2202,0.7117311,0.44614086,0.4906443,0.37319228,0.22108677,0.072948575
2203,0.8004421,0.27646366,0.40507224,0.28324383,0.39536986,-0.0067801774
2204,0.35118985,0.16755068,0.21205622,0.15514679,0.13913363,0.0124038905
2205,0.073207,0.0376632,0.035839364,0.028591616,0.037367634,0.009071583
2206,0.001347596,-0.061695676,0.0054256977,-0.0012200556,-0.004078102,-0.06047562
2207,0.10798166,0.032212194,0.06532079,0.050226584,0.04266087,-0.01801439
2208,0.7725136,0.28485593,0.39443457,0.28702608,0.37807906,-0.0021701455
2209,1.5433137,0.7374243,0.99138147,0.69081914,0.5519323,0.04660517
2210,0.12885134,0.10328722,0.08849955,0.06890515,0.040351786,0.034382068
2211,0.5553444,0.24838686,0.34991333,0.2107806,0.20543107,0.037606254
2212,1.9535247,0.8073609,0.9642234,0.726898,0.9893013,0.08046287
2213,1.1849917,0.43315598,0.63068247,0.4512869,0.55430925,-0.018130928
2214,0.8911628,0.23651673,0.2896735,0.21784222,0.6014893,0.018674508
2215,1.036775,0.439168,0.5364528,0.3845977,0.5003222,0.054570317
2216,1.1101148,0.20437735,0.3263852,0.23870736,0.7837296,-0.03433001
2217,0.18467724,0.022138234,0.11140417,0.06917163,0.07327307,-0.047033396
2218,0.06781477,-0.015798049,0.05244489,0.03461755,0.015369877,-0.050415598
2219,0.023038415,-0.0073443744,0.03915457,0.026297217,-0.016116155,-0.03364159
2220,0.073728725,0.05615807,0.04283047,0.031675223,0.030898254,0.024482846
2221,1.0185435,0.481444,0.64209074,0.44014415,0.37645274,0.04129985
2222,0.0682205,0.08353851,0.026449474,0.020719016,0.041771032,0.062819496
2223,0.09492493,0.03571827,0.05033592,0.027439127,0.044589005,0.008279143
2224,0.19369723,0.08027112,0.12491628,0.097532384,0.06878095,-0.017261267
2225,0.8300384,0.38453,0.5697101,0.38019666,0.26032835,0.004333347
2226,0.062230226,-0.0047299224,0.04648798,0.021604532,0.015742246,-0.026334455
2227,0.16874304,0.07320415,0.13220568,0.10008302,0.036537364,-0.026878871
2228,0.11276298,0.065075584,0.07237034,0.05249759,0.040392637,0.012577992
2229,0.08018686,-0.02672519,0.035908412,0.019612547,0.044278447,-0.04633774
2230,0.8047892,0.22702539,0.28978217,0.20034169,0.515007,0.026683703
2231,0.0072431806,0.20962813,0.04884322,0.03903417,-0.04160004,0.17059396
2232,0.12626939,0.22195286,0.117856786,0.08693268,0.0084126,0.13502017
2233,0.117382325,0.017811043,0.08297106,0.0505549,0.034411266,-0.032743856
2234,0.004564548,0.1879384,0.02926245,0.020934446,-0.024697902,0.16700396
2235,0.21723671,0.07616286,0.12936608,0.08907113,0.08787063,-0.012908272
2236,0.75881004,0.19754767,0.17936058,0.13278939,0.5794495,0.064758286
2237,0.7362072,0.29955038,0.37693965,0.251247,0.35926753,0.048303396
2238,0.064981334,0.0072083957,0.0425791,0.031224888,0.022402234,-0.024016492
2239,0.89539623,0.27416897,0.34379944,0.21822658,0.55159676,0.055942386
2240,0.030120462,0.0332553,0.023235409,0.017550772,0.0068850536,0.01570453
2241,0.07731243,0.022825679,0.023845723,0.015994163,0.053466707,0.0068315156
2242,1.4231219,0.57012683,0.76537484,0.5474798,0.6577471,0.022647023
2243,0.05600407,-0.004397438,0.034204077,0.023966482,0.021799993,-0.02836392
2244,1.3706373,0.13477136,0.34287837,0.2611384,1.027759,-0.12636705
2245,0.35708886,0.20247202,0.22324911,0.16746372,0.13383976,0.035008296
2246,0.025016505,0.23799326,0.07416247,0.054291174,-0.049145963,0.18370208
2247,0.25282025,0.08132108,0.15028335,0.101452276,0.1025369,-0.020131193
2248,1.2473377,0.25631434,0.3299075,0.2304618,0.91743016,0.025852531
2249,0.061624777,0.06820043,0.04296424,0.03414767,0.018660538,0.034052763
2250,0.9102484,0.429192,0.55876726,0.38971996,0.35148114,0.039472044
2251,0.07934877,-0.0019884198,0.053856503,0.041565623,0.02549227,-0.04355404
2252,0.12147484,0.06126266,0.09407672,0.06968063,0.027398117,-0.008417971
2253,0.078928836,0.044593472,0.039274663,0.028129423,0.039654173,0.016464049
2254,0.065809086,-0.013216628,0.060657058,0.034874335,0.005152028,-0.048090965
2255,0.021619724,0.040145293,0.004317911,0.005616821,0.017301813,0.03452847
2256,0.36100787,0.15074402,0.18853836,0.13359503,0.17246951,0.017148986
2257,0.09376824,0.009197257,0.03719066,0.029968657,0.05657758,-0.0207714
2258,0.010122351,0.03962965,0.0085491715,0.009898614,0.0015731798,0.029731035
2259,0.8618179,0.25759012,0.3009329,0.21993604,0.56088495,0.037654072
2260,0.07260709,0.2832493,0.05556273,0.04502717,0.017044362,0.23822212
2261,0.9038808,0.47700387,0.6464424,0.46949384,0.25743836,0.007510036
2262,0.1268954,0.03085882,0.0995201,0.067928016,0.027375296,-0.037069194
2263,0.2077254,0.107815355,0.08986293,0.06559502,0.11786248,0.04222033
2264,0.102282465,0.03488277,0.042141438,0.030267743,0.060141027,0.0046150256
2265,0.094096124,0.05052852,0.05600815,0.04265814,0.038087975,0.00787038
2266,0.07141309,0.05676361,0.058900356,0.04455893,0.012512736,0.012204681
2267,1.0394293,0.50288117,0.6051404,0.44552395,0.43428892,0.05735722
2268,0.01479973,-0.0033410806,0.03182679,0.01775205,-0.017027061,-0.02109313
2269,0.041022353,0.030863944,0.01726553,0.016035687,0.023756823,0.014828257
2270,1.0112753,0.43473145,0.5520237,0.4219893,0.45925158,0.012742162
2271,1.0201126,0.34958822,0.5052122,0.3681345,0.51490045,-0.018546283
2272,0.067475416,0.024700582,0.05293022,0.033585895,0.014545195,-0.008885313
2273,1.0783976,0.26485002,0.4360453,0.27767894,0.64235234,-0.012828916
2274,0.059687156,0.11355536,0.062124263,0.049593825,-0.0024371073,0.063961536
2275,0.06434747,0.12554593,0.06152283,0.04107279,0.002824638,0.08447315
2276,0.7760634,0.26999217,0.39534613,0.2958898,0.38071725,-0.025897622
2277,0.13373594,0.15887573,0.11418135,0.08423176,0.019554593,0.07464398
2278,0.7656601,0.2814917,0.38772288,0.27128085,0.37793723,0.010210842
2279,0.07923236,0.13737442,0.085442364,0.043582886,-0.006210007,0.09379153
2280,1.402415,0.4931485,0.6146122,0.4314454,0.7878028,0.061703116
2281,0.15091829,0.09760478,0.068229675,0.0574833,0.082688615,0.04012148
2282,1.6574097,0.72583115,1.0894431,0.80555797,0.5679666,-0.079726815
2283,0.87964,0.30697304,0.42056313,0.271216,0.45907685,0.035757035
2284,0.97335404,0.23571011,0.36240608,0.26318535,0.61094797,-0.027475238
2285,0.19092023,0.11370273,0.1528454,0.10608892,0.038074836,0.007613808
2286,0.020363638,0.09022871,0.021072032,0.016115438,-0.00070839375,0.074113265
2287,0.1108093,0.07023918,0.055572957,0.03660709,0.05523634,0.03363209
2288,0.67295605,0.4551723,0.51158005,0.40243793,0.161376,0.052734375
2289,-0.004822209,0.1281311,0.024976378,0.012381029,-0.029798588,0.115750074
2290,0.23543377,0.068045214,0.14513573,0.0923853,0.09029804,-0.024340086
2291,0.26043788,0.10944747,0.12916389,0.088013284,0.13127398,0.021434188
2292,0.0068352656,-0.015433288,0.007501601,0.005014817,-0.0006663352,-0.020448105
2293,0.8270761,0.34891218,0.4446421,0.31348658,0.38243398,0.035425603
2294,0.29606274,0.19453034,0.22771715,0.1729145,0.06834559,0.021615833
2295,0.9702743,0.5000792,0.6279319,0.45561385,0.34234244,0.044465363
2296,0.13927934,0.105650716,0.1019912,0.07683203,0.037288137,0.028818682
2297,1.0805879,0.6433508,0.76676553,0.5391416,0.31382233,0.104209185
2298,1.04155,0.30908543,0.4167391,0.2924614,0.62481093,0.016624033
2299,0.15201542,0.023071019,0.12267616,0.06958394,0.029339261,-0.046512917
2300,1.2727076,0.52027,0.7236762,0.49040765,0.5490314,0.029862344
2301,0.03628558,0.029865848,0.01771883,0.009569584,0.01856675,0.020296264
2302,1.3821136,0.57599795,0.8429048,0.5796692,0.53920877,-0.003671229
2303,1.197701,0.3612288,0.5272194,0.361311,0.67048156,-8.2194805e-05
2304,0.11439042,0.07551632,0.059646834,0.045655537,0.054743584,0.029860783
2305,0.76778346,0.21034257,0.29029068,0.20331101,0.47749278,0.00703156
2306,1.1149112,0.24065413,0.3259302,0.23698372,0.78898096,0.0036704093
2307,0.12044421,0.06090637,0.059430297,0.049849372,0.06101391,0.011056997
2308,0.04589563,0.1011842,0.04948331,0.03184179,-0.0035876818,0.069342405
2309,1.1810863,0.39659658,0.43994492,0.3274901,0.7411414,0.06910649
2310,1.0526482,0.43440473,0.6923352,0.4559214,0.360313,-0.02151668
2311,0.07087413,0.024779966,0.0581636,0.037503775,0.012710534,-0.012723809
2312,0.9580953,0.39948356,0.53008956,0.3804344,0.42800575,0.019049168
2313,0.033299685,0.15242383,0.022324119,0.018420225,0.010975566,0.13400361
2314,1.5747722,0.79962015,1.0922685,0.7690149,0.48250377,0.030605257
2315,0.45455098,0.28441328,0.32481912,0.25411507,0.12973186,0.030298203
2316,0.97861654,0.21483956,0.2702095,0.19514453,0.70840704,0.019695029
2317,0.122649826,0.059207737,0.0637086,0.048833232,0.058941223,0.010374505
2318,2.1149864,0.3674382,0.7527454,0.44843948,1.362241,-0.08100128
2319,0.94647825,0.39171326,0.4804615,0.36460197,0.46601674,0.027111292
2320,0.06817664,0.039936367,0.036445964,0.028051848,0.031730678,0.01188452
2321,0.070855245,0.03157813,0.041731104,0.029234,0.02912414,0.0023441315
2322,0.99984974,0.29837665,0.43805858,0.29260018,0.5617912,0.005776465
2323,0.03579357,0.13131191,0.029082341,0.022777142,0.006711228,0.10853477
2324,0.13609153,0.043857478,0.06911372,0.04201653,0.066977814,0.0018409491
2325,0.03342714,-0.030892007,0.037020165,0.02389986,-0.0035930239,-0.054791868
2326,1.1228206,0.45420742,0.56974715,0.42631465,0.55307347,0.027892768
2327,1.0361224,0.45288575,0.58030695,0.4505378,0.4558155,0.0023479462
2328,1.0126128,0.17091583,0.23808745,0.17422494,0.7745254,-0.0033091158
2329,0.25236866,0.1514378,0.16213916,0.12208553,0.0902295,0.029352278
2330,0.1647477,0.057631444,0.059504863,0.045770004,0.10524283,0.01186144
2331,-0.015026734,0.20575657,0.05141319,0.03032685,-0.06643993,0.17542973
2332,0.11651276,0.022161359,0.049217142,0.02542249,0.06729562,-0.0032611303
2333,1.0492554,0.58064127,0.748228,0.57151705,0.30102736,0.009124219
2334,0.11021599,0.0239087,0.076873325,0.056681484,0.033342667,-0.032772783
2335,0.07306926,0.026295535,0.038319007,0.029765846,0.034750253,-0.003470311
2336,0.80728424,0.2850871,0.4270875,0.2956274,0.38019675,-0.010540277
2337,1.0081264,0.37158263,0.41985604,0.3011978,0.5882703,0.07038483
2338,0.06417476,-0.010257414,0.051174916,0.030806601,0.01299984,-0.041064017
2339,1.2247036,0.18053441,0.36015943,0.24605708,0.86454415,-0.06552267
2340,0.106963925,0.027597673,0.07111936,0.049971584,0.035844564,-0.022373911
2341,1.4170225,0.60190195,0.7614567,0.59608734,0.65556574,0.005814612
2342,0.88692546,0.40411624,0.5564112,0.41385952,0.33051425,-0.009743273
2343,0.8383295,0.3716097,0.51664305,0.37529618,0.32168645,-0.0036864877
2344,0.67310953,0.3495507,0.5055373,0.32544693,0.16757226,0.02410376
2345,-0.0024714998,0.008207606,-0.0051092817,-0.0006936784,0.002637782,0.008901285
2346,0.22148666,0.1143211,0.14587432,0.10557393,0.07561234,0.008747168
2347,0.9242834,0.42425168,0.5332202,0.3897377,0.3910632,0.03451398
2348,0.054253623,0.0520686,0.04053175,0.033789616,0.013721872,0.018278982
2349,0.08625962,0.043439884,0.03795799,0.029092008,0.04830163,0.0143478755
2350,0.028464898,0.2585666,0.058791894,0.04302997,-0.030326996,0.21553662
2351,1.1344545,0.28159106,0.5223399,0.35378698,0.6121146,-0.07219592
2352,0.01325342,-0.005310819,0.012088996,0.008951731,0.0011644233,-0.01426255
2353,0.47853854,0.0926815,0.23566547,0.13330461,0.24287307,-0.040623114
2354,1.0316381,0.46989098,0.62002695,0.44541603,0.4116112,0.024474949
2355,0.21094766,0.056661673,0.15143062,0.096314125,0.05951704,-0.039652452
2356,1.3227636,0.33485287,0.37229988,0.2806257,0.95046365,0.054227173
2357,0.3613231,0.2327127,0.29643545,0.21180993,0.06488764,0.020902768
2358,0.11464977,0.16827786,0.062153567,0.04887242,0.052496206,0.11940544
2359,0.081774354,0.034823753,0.034543067,0.023850756,0.047231287,0.010972997
2360,0.049272478,-0.016801702,0.0167795,0.011465972,0.03249298,-0.028267674
2361,0.027930427,0.07926981,0.025120081,0.01890433,0.002810346,0.060365483
2362,0.07159021,0.02833745,0.030581307,0.016628766,0.0410089,0.011708684
2363,0.023930525,0.019363163,0.0076394,0.008162911,0.016291125,0.011200252
2364,0.73413104,0.10332648,0.16933225,0.11154523,0.5647988,-0.00821875
2365,0.049102377,0.026866022,0.021530528,0.016420098,0.02757185,0.0104459245
2366,1.3644373,0.3862516,0.68999237,0.4378952,0.674445,-0.05164361
2367,1.175368,0.30605838,0.4334788,0.30765158,0.7418891,-0.0015932024
2368,0.930534,0.3439448,0.43186653,0.3026206,0.49866748,0.0413242
2369,-0.004086682,-0.010033556,0.012674145,0.011597836,-0.016760828,-0.021631394
2370,1.0864753,0.46836892,0.5776702,0.4211717,0.50880504,0.047197223
2371,1.2563195,0.484666,0.6569367,0.4410606,0.5993828,0.043605387
2372,1.3229856,0.39999235,0.53790736,0.3945798,0.7850783,0.005412549
2373,0.023462316,-0.023059556,0.025160529,0.016728519,-0.0016982127,-0.039788075
2374,0.14447682,0.09623,0.09770069,0.06809949,0.046776123,0.028130509
2375,0.0258401,-0.054931752,0.019469943,0.010116959,0.006370157,-0.06504871
2376,0.70417637,0.20649822,0.31643993,0.20335972,0.38773644,0.0031384975
2377,0.9743537,0.44393885,0.54435176,0.39622304,0.4300019,0.047715813
2378,0.48344946,0.24963121,0.20842996,0.15728268,0.2750195,0.09234853
2379,0.033316597,0.06991917,0.02905074,0.012392058,0.004265858,0.05752711
2380,0.77870005,0.35708132,0.41226968,0.30660757,0.36643037,0.05047375
2381,0.9453922,0.36310282,0.4791027,0.36337852,0.4662895,-0.00027570128
2382,0.2978595,0.1668294,0.20216146,0.14590089,0.09569803,0.020928517
2383,0.02670962,0.03491541,0.016835243,0.018122574,0.009874377,0.016792836
2384,1.2090992,0.49017757,0.6719067,0.4978237,0.53719246,-0.0076461136
2385,-0.033788495,0.11698826,0.013917719,0.005416075,-0.047706213,0.11157218
2386,0.9667355,0.4120088,0.5400652,0.40424493,0.42667025,0.0077638626
2387,0.09514493,0.0149948485,0.069271974,0.043626484,0.025872953,-0.028631635
2388,0.11990335,0.10025395,0.09328286,0.077856116,0.026620485,0.022397831
2389,1.273355,0.33193797,0.5732102,0.37363204,0.7001448,-0.041694075
2390,1.2348456,0.644434,0.8482565,0.6539026,0.3865891,-0.009468615
2391,0.04617172,-0.043621343,0.030246712,0.017731162,0.015925009,-0.061352506
2392,1.2155244,0.4188695,0.71427673,0.47972798,0.5012477,-0.060858488
2393,0.15594657,0.07186662,0.07126947,0.051012766,0.0846771,0.020853851
2394,0.10428465,0.05962082,0.052563295,0.03665578,0.051721357,0.02296504
2395,0.058405384,0.04240627,0.0341871,0.027766315,0.024218284,0.014639953
2396,0.8801278,0.29803976,0.34331745,0.22097225,0.53681034,0.07706751
2397,0.11510547,0.09013161,0.08135881,0.0626301,0.03374666,0.027501509
2398,0.0492191,0.041542728,0.027755573,0.02129319,0.021463528,0.020249538
2399,-0.027815085,0.1144217,0.013013089,0.0042582913,-0.040828176,0.11016341
2400,0.14966734,0.22151157,0.11094891,0.06347545,0.038718425,0.15803611
2401,0.032201737,0.02822616,0.013313948,0.010490329,0.018887788,0.017735831
2402,0.8153288,0.24496263,0.32958087,0.23819004,0.4857479,0.0067725927
2403,0.841136,0.16382015,0.23611546,0.1722327,0.6050205,-0.008412555
2404,1.1925979,0.49124557,0.638222,0.4560932,0.5543759,0.035152376
2405,1.04636,0.34965864,0.39962405,0.3060546,0.64673597,0.043604046
2406,1.1053063,0.4451226,0.59567827,0.44911277,0.509628,-0.0039901733
2407,0.35683572,0.2645058,0.16134916,0.11466468,0.19548656,0.14984113
2408,0.052273147,0.057505537,0.030147785,0.026318328,0.022125361,0.031187208
2409,0.12974216,0.05121859,0.06447948,0.051630806,0.06526268,-0.00041221455
2410,0.12137116,0.059681423,0.067383364,0.052308407,0.053987794,0.0073730163
2411,-0.022440052,0.11398202,0.010014156,0.003053247,-0.032454208,0.110928774
2412,0.7681067,0.27243912,0.3865548,0.28047526,0.3815519,-0.008036137
2413,0.30973935,0.11841762,0.1851676,0.11694629,0.124571756,0.0014713332
2414,0.08422494,0.11255421,0.07613377,0.05070758,0.008091167,0.06184663
2415,0.016508924,0.026359811,0.0104237655,0.009491335,0.0060851583,0.016868476
2416,-0.02377581,0.012995775,0.020827098,0.015614193,-0.04460291,-0.002618418
2417,0.8333528,0.5164562,0.65177816,0.4625375,0.18157464,0.05391869
2418,0.25080055,0.033830576,0.15980835,0.08525722,0.0909922,-0.05142664
2419,1.1774793,0.15571712,0.26136386,0.17518649,0.9161154,-0.019469365
2420,0.049076952,0.012323607,0.016468782,0.008607049,0.03260817,0.0037165582
2421,0.9822422,0.3627821,0.4617597,0.3522475,0.52048254,0.0105345845
2422,0.034527253,0.025201935,0.022877835,0.016343614,0.011649419,0.008858321
2423,0.90022385,0.21334682,0.2855038,0.19103038,0.61472005,0.022316441
2424,0.17629309,0.08339382,0.11891099,0.07567684,0.0573821,0.007716976
2425,0.7404007,0.3375231,0.37266555,0.2864232,0.36773512,0.051099896
2426,0.07653027,0.06976915,0.04444206,0.037454735,0.03208821,0.032314416
2427,1.0781821,0.22244366,0.27987573,0.18104446,0.79830635,0.041399196
2428,0.49159452,0.27829203,0.31777695,0.23372187,0.17381757,0.044570163
2429,0.08051029,0.027897764,0.033473827,0.02547989,0.04703646,0.0024178736
2430,0.7155414,0.2971893,0.48948693,0.3391839,0.22605449,-0.0419946
2431,0.16505027,0.050560903,0.08580027,0.056131482,0.07925,-0.0055705793
2432,0.16514233,0.019917926,0.08209474,0.04367514,0.08304759,-0.023757214
2433,0.0777223,0.04824033,0.037925154,0.026210135,0.03979715,0.022030195
2434,0.9467907,0.42336425,0.65434486,0.3849735,0.29244584,0.038390756
2435,-0.007468697,-0.0012613335,0.019787753,0.015487058,-0.02725645,-0.016748391
2436,0.036202848,0.06672088,0.036811132,0.019879675,-0.000608284,0.046841204
2437,0.29368186,0.12237862,0.11509838,0.0846164,0.17858347,0.037762217
2438,0.06040659,0.04358435,0.03588606,0.020091128,0.024520531,0.023493223
2439,0.48089916,0.26052618,0.2785382,0.20452385,0.20236096,0.056002334
2440,1.2140658,0.484497,0.77183974,0.51729757,0.44222605,-0.032800555
2441,0.81109625,0.32816508,0.39864525,0.28156984,0.412451,0.046595246
2442,1.4066164,0.35121858,0.41342723,0.27608112,0.9931892,0.075137466
2443,1.2701826,0.28968796,0.450282,0.32092893,0.81990063,-0.03124097
2444,0.11251167,0.043265827,0.051473197,0.035018243,0.061038475,0.008247584
2445,0.09956874,0.06077468,0.046474367,0.03787951,0.053094372,0.022895169
2446,0.117778726,0.14126664,0.07941473,0.06618453,0.038363993,0.075082116
2447,0.129222,0.02724985,0.05896592,0.045293167,0.070256084,-0.018043317
2448,-0.031825706,0.1159591,0.0077919094,0.0011038095,-0.039617617,0.11485529
2449,0.04058552,0.112946145,0.03714629,0.029593976,0.0034392327,0.08335217
2450,1.0798796,0.3448848,0.6136431,0.38288066,0.46623653,-0.037995845
2451,-0.022974731,0.1162039,0.01215482,0.0055748583,-0.03512955,0.11062904
2452,1.2157298,0.45221916,0.63060987,0.4488877,0.58511996,0.0033314526
2453,0.008343916,-0.05829033,0.018102411,0.008401035,-0.009758495,-0.06669136
2454,1.1824682,0.35871604,0.55208194,0.3965706,0.63038623,-0.037854552
2455,0.12762706,0.08977941,0.09076148,0.07197681,0.036865577,0.017802596
2456,0.06305802,-0.0136837615,0.058327135,0.027385518,0.004730884,-0.04106928
2457,1.4892857,0.40689632,0.61655676,0.43891495,0.87272894,-0.03201863
2458,1.1327044,0.41782737,0.56226844,0.3827148,0.57043594,0.03511256
2459,0.348661,0.11945101,0.103008196,0.07066789,0.24565281,0.048783116
2460,0.081455424,0.05002143,0.03893792,0.029139578,0.042517506,0.02088185
2461,0.042022225,-0.0040521487,0.024527863,0.018942725,0.017494362,-0.022994874
2462,0.044838272,0.14419676,0.027835958,0.022365453,0.017002314,0.12183131
2463,1.1672479,0.21261242,0.30388314,0.20776136,0.86336476,0.004851058
2464,0.5865052,0.4078903,0.47977066,0.34628162,0.106734514,0.061608672
2465,1.1859162,0.50067663,0.68440324,0.486408,0.50151294,0.014268637
2466,0.004534745,-0.061255638,0.014601174,0.0071742814,-0.010066429,-0.06842992
2467,0.036253486,0.02101236,0.04820801,0.039797682,-0.011954524,-0.018785322
2468,1.7567703,0.5643076,0.83621114,0.6104549,0.9205591,-0.046147346
2469,0.974724,0.34481016,0.48018718,0.3656863,0.49453682,-0.02087614
2470,0.060534842,0.012093065,0.044186793,0.036678188,0.016348049,-0.024585122
2471,0.10294635,0.013511788,0.06863225,0.05094743,0.034314096,-0.037435643
2472,0.07913505,0.05771514,0.041531015,0.026827512,0.037604038,0.030887628
2473,0.082082815,0.04760187,0.047804046,0.033080064,0.03427877,0.014521807
2474,0.06987004,0.049055427,0.048700012,0.037013486,0.021170028,0.012041941
2475,-0.0152584575,0.011115573,0.026536534,0.016884958,-0.041794993,-0.005769385
2476,1.122273,0.17920415,0.3379484,0.22184561,0.7843245,-0.04264146
2477,0.9804147,0.29124275,0.4030125,0.2865404,0.5774022,0.0047023594
2478,1.0735424,0.1656067,0.21238117,0.16210075,0.8611612,0.00350596
2479,0.05972127,0.119729914,0.0654345,0.04355384,-0.005713232,0.07617608
2480,0.17638226,0.07867046,0.088621244,0.062192522,0.087761015,0.016477935
2481,0.76984334,0.20000805,0.29525647,0.20394053,0.47458687,-0.003932476
2482,0.023713833,0.016313449,0.037248407,0.018191174,-0.013534574,-0.0018777251
2483,0.040559612,0.043885473,0.03137561,0.017179132,0.009184003,0.026706342
2484,0.033430595,0.0045086886,0.027141875,0.018855676,0.0062887203,-0.014346987
2485,0.145869,0.051031828,0.106138706,0.08331211,0.039730296,-0.03228028
2486,1.9750217,0.65508294,0.82316285,0.6231798,1.1518588,0.031903148
2487,0.73684555,0.27517185,0.41153064,0.28615427,0.3253149,-0.010982424
2488,1.2065135,0.40104938,0.5651015,0.37914112,0.641412,0.021908253
2489,0.18974625,0.09118469,0.09958714,0.075141616,0.0901591,0.016043074
2490,0.060449213,0.046470966,0.04475263,0.03391625,0.015696581,0.012554716
2491,0.106259115,0.04714388,0.035207167,0.028271819,0.07105195,0.018872062
2492,0.21845709,0.079172865,0.11145162,0.08742035,0.10700547,-0.008247487
2493,0.7080551,0.26703462,0.35044453,0.24496351,0.35761055,0.022071108
2494,1.0823592,0.5046881,0.7549621,0.52176017,0.3273971,-0.017072082
2495,0.90313345,0.27465385,0.40373376,0.28196776,0.4993997,-0.007313907
2496,0.08719807,0.04710284,0.04133603,0.0281026,0.04586204,0.01900024
2497,0.4124225,0.2844236,0.3228581,0.24389926,0.08956441,0.040524334
2498,1.0296388,0.21323891,0.28192675,0.19322969,0.747712,0.02000922
2499,0.049297847,0.025481906,0.031096244,0.023549719,0.018201603,0.001932187
2500,0.021524696,-0.032402396,0.030871406,0.015775708,-0.0093467105,-0.048178107
2501,0.0070751472,-0.004893259,0.0028196606,0.0038286254,0.0042554867,-0.008721884
2502,0.9445873,0.40389675,0.4949758,0.34168518,0.44961149,0.062211573
2503,0.79621947,0.31966725,0.36021405,0.25425386,0.4360054,0.065413386
2504,0.79692054,0.20280728,0.2901321,0.19498348,0.50678843,0.007823795
2505,0.052413084,0.0378168,0.02493833,0.022218423,0.027474754,0.015598377
2506,0.93203676,0.2087708,0.2887754,0.20625225,0.6432613,0.0025185496
2507,0.36787838,0.15211765,0.25082195,0.15626119,0.11705643,-0.004143536
2508,0.77686685,0.37571627,0.50181216,0.35174203,0.2750547,0.02397424
2509,1.1698078,0.53118044,0.7387219,0.51697683,0.43108588,0.014203608
2510,-0.009260144,0.105059564,0.007245541,0.0045682336,-0.016505685,0.10049133
2511,0.42536741,0.17901644,0.21264344,0.16260657,0.21272397,0.016409874
2512,0.07237601,0.1397672,0.051816326,0.035985477,0.020559687,0.10378172
2513,0.036181077,-0.0022442846,0.020690737,0.015091858,0.01549034,-0.017336143
2514,1.1340718,0.23218897,0.4590029,0.31496808,0.6750689,-0.08277911
2515,1.6923409,0.6490763,0.8472387,0.64192235,0.84510213,0.0071539283
2516,0.33591038,0.13693306,0.17083521,0.124774836,0.16507517,0.0121582225
2517,0.8763047,0.35333526,0.48664197,0.3392309,0.3896627,0.014104366
2518,0.05213854,0.037143078,0.041993633,0.025514968,0.010144908,0.01162811
2519,0.091904946,0.05183305,0.052509718,0.034686718,0.039395228,0.01714633
2520,1.0226046,0.49869436,0.7125265,0.5054942,0.31007808,-0.006799817
2521,0.07393768,0.026096534,0.0569715,0.04150879,0.016966175,-0.015412256
2522,1.0144414,0.2221381,0.344812,0.2202521,0.66962934,0.0018860102
2523,0.9004501,0.3480657,0.46398097,0.30787167,0.43646914,0.040194035
2524,0.091670625,0.044210553,0.071811296,0.045508713,0.019859329,-0.0012981594
2525,0.944809,0.3921212,0.57941115,0.3785319,0.36539787,0.013589293
2526,1.8203603,0.60818076,0.8978624,0.6143465,0.9224979,-0.006165743
2527,0.059070256,0.04847497,0.042514633,0.030193062,0.016555622,0.018281909
2528,0.03870494,0.044002112,0.0193346,0.01621171,0.01937034,0.027790401
2529,1.21218,0.38092503,0.57355267,0.4133178,0.63862735,-0.03239277
2530,0.94815063,0.43777627,0.5603896,0.41438094,0.38776106,0.02339533
2531,0.017267544,0.15716143,0.030839706,0.019759519,-0.013572162,0.13740191
2532,-0.02158217,0.13339524,0.02441715,0.012265492,-0.04599932,0.12112975
2533,0.23413742,0.19997929,0.11822019,0.081504434,0.11591723,0.118474856
2534,0.32331485,0.22185208,0.26609796,0.20627691,0.057216883,0.0155751705
2535,0.12331892,0.0061805965,0.08353292,0.043682523,0.039785996,-0.037501927
2536,-0.025570206,0.018999597,0.009755927,0.0072187353,-0.035326134,0.011780862
2537,0.65768963,0.23553765,0.34549186,0.21274866,0.31219777,0.022788987
2538,0.06490095,-0.021164646,0.04886917,0.030039122,0.01603178,-0.05120377
2539,1.0055201,0.3467267,0.49824357,0.3457104,0.50727654,0.001016289
2540,1.1793119,0.46944794,0.5609475,0.4138279,0.6183644,0.055620044
2541,0.032033894,0.020663477,0.018582663,0.016119616,0.013451232,0.0045438614
2542,1.0179989,0.3543612,0.44644913,0.29853916,0.5715498,0.055822045
2543,0.031353388,0.0029572614,0.020828946,0.00915268,0.010524442,-0.0061954185
2544,0.9634191,0.34422773,0.4661858,0.33291435,0.49723327,0.011313379
2545,0.07811468,0.048863776,0.055796213,0.038563803,0.022318467,0.010299973
2546,0.26184878,0.08076182,0.08349399,0.06112268,0.17835478,0.019639142
2547,0.08295446,0.021980228,0.06238588,0.04119201,0.02056858,-0.019211782
2548,0.4316492,0.20702809,0.31090543,0.20726538,0.12074378,-0.00023728609
2549,0.8124839,0.3003775,0.37630036,0.28789485,0.43618354,0.012482643
2550,0.060144875,0.109699436,0.031194426,0.020351367,0.02895045,0.08934807
2551,0.08003785,0.011770669,0.03709842,0.030348517,0.04293943,-0.018577848
2552,0.04151335,0.12556969,0.0367352,0.02698388,0.0047781505,0.09858581
2553,0.02019914,0.029179994,0.012269855,0.011883796,0.007929286,0.017296199
2554,1.1177577,0.4225045,0.6652194,0.43100667,0.45253825,-0.008502156
2555,0.90345216,0.22550218,0.33253506,0.21137196,0.5709171,0.01413022
2556,0.07432923,0.047551155,0.05049557,0.037036344,0.023833659,0.010514811
2557,0.07171601,0.013085152,0.016358333,0.007343114,0.05535768,0.005742038
2558,0.08586425,0.004367436,0.017396504,0.0105275,0.06846775,-0.006160064
2559,0.35028937,0.16695513,0.1886355,0.1384462,0.16165388,0.028508931
