feature_idx,seq_effect_obs,struct_effect_obs,seq_effect_shuffle,struct_effect_shuffle,seq_delta,struct_delta
0,0.6168822,0.17550077,0.2274783,0.14011481,0.3894039,0.03538595
1,0.54460424,0.113927945,0.15420778,0.11627407,0.39039648,-0.0023461282
2,0.466996,0.2652632,0.2737381,0.21724749,0.19325793,0.048015714
3,0.66544574,0.1676359,0.19506326,0.14043757,0.47038248,0.02719833
4,0.48312423,0.12058289,0.14045922,0.10150361,0.34266502,0.019079283
5,0.2865043,0.10025447,0.1125444,0.072725296,0.1739599,0.027529173
6,0.03525334,0.083672054,0.032855432,0.022252675,0.002397906,0.06141938
7,0.25966236,0.07369815,0.082912475,0.06810413,0.17674989,0.005594015
8,0.2868148,0.11018073,0.09760256,0.06878229,0.18921225,0.041398436
9,0.3756476,0.11837972,0.1526586,0.0968598,0.22298901,0.021519922
10,0.492123,0.15232806,0.23700833,0.1599044,0.25511467,-0.0075763464
11,0.50857145,0.06938624,0.10180916,0.06511304,0.4067623,0.0042731985
12,0.42852417,0.14474353,0.19646671,0.13042441,0.23205745,0.014319122
13,0.50916946,0.15765794,0.14506905,0.10443667,0.3641004,0.053221263
14,0.7613475,0.1784645,0.2653799,0.19260393,0.49596757,-0.014139429
15,0.20089729,0.088836126,0.12134614,0.08842563,0.07955115,0.0004104972
16,0.5810397,0.17693584,0.24047616,0.16416194,0.34056357,0.012773901
17,0.48198435,0.1898471,0.24465223,0.17634754,0.23733212,0.013499558
18,0.7731563,0.2866604,0.39174658,0.2988354,0.3814097,-0.012174994
19,0.28883278,0.12431873,0.18804953,0.13111284,0.10078326,-0.0067941174
20,0.45187148,0.097855255,0.15701705,0.100399315,0.29485443,-0.0025440603
21,0.28343785,0.05626553,0.08490083,0.058326043,0.19853702,-0.002060514
22,0.4317212,0.20149978,0.23693566,0.14316982,0.19478555,0.058329955
23,0.4824567,0.17839283,0.1982398,0.14590605,0.2842169,0.03248678
24,0.06257825,0.058832593,0.06087173,0.048869323,0.001706522,0.00996327
25,0.70001817,0.2348318,0.36668116,0.25152346,0.333337,-0.01669167
26,0.7562339,0.20880015,0.32514954,0.22433582,0.43108433,-0.015535668
27,0.56548464,0.12155063,0.17148545,0.12741438,0.3939992,-0.0058637485
28,0.2714649,0.085623026,0.14543034,0.10600114,0.12603457,-0.020378113
29,0.55131274,0.21237478,0.25972003,0.18292971,0.29159272,0.029445067
30,0.692826,0.30793157,0.4045984,0.29698858,0.28822756,0.010942996
31,0.3785554,0.10744198,0.13285257,0.10072961,0.24570282,0.0067123696
32,0.29260015,0.1112541,0.16140363,0.10774702,0.13119653,0.0035070851
33,0.13733263,0.07240086,0.07379843,0.05850004,0.0635342,0.01390082
34,0.40078223,0.10429347,0.14658122,0.10727055,0.254201,-0.0029770806
35,0.46256045,0.15206473,0.16414204,0.12179689,0.2984184,0.030267835
36,0.497369,0.13029705,0.1901857,0.13388419,0.3071833,-0.0035871416
37,0.46377152,0.10849099,0.12938371,0.084187664,0.3343878,0.024303325
38,0.45032808,0.21103461,0.1992925,0.14571063,0.25103557,0.06532398
39,0.30210403,0.08796772,0.13906416,0.09394957,0.16303986,-0.0059818476
40,0.78027016,0.2054146,0.2927683,0.19556491,0.48750186,0.009849682
41,0.4077209,0.09021356,0.1414533,0.10458599,0.2662676,-0.014372431
42,0.3747776,0.078804575,0.13111672,0.09422147,0.24366087,-0.015416898
43,0.4415896,0.11775549,0.17377532,0.12816833,0.26781428,-0.010412842
44,0.53412056,0.1755794,0.20529774,0.1552591,0.32882282,0.020320296
45,0.40280667,0.14502393,0.17557594,0.13350993,0.22723073,0.011513993
46,0.5229465,0.20535941,0.23267126,0.16803268,0.29027522,0.03732674
47,0.62341195,0.19955981,0.27169478,0.18055306,0.35171717,0.019006744
48,0.4218263,0.13897277,0.1768082,0.1283669,0.24501811,0.010605872
49,0.37337303,0.1983932,0.22405632,0.16001886,0.14931671,0.038374335
50,0.24107508,0.090192065,0.13199405,0.09259538,0.10908103,-0.0024033189
51,0.4019137,0.08967779,0.13249418,0.07703036,0.26941952,0.012647428
52,0.63642126,0.17539194,0.21057825,0.15176205,0.425843,0.023629889
53,0.5275232,0.1212509,0.14776957,0.10465505,0.37975365,0.016595848
54,0.26204234,0.06343361,0.0939188,0.069548465,0.16812354,-0.0061148554
55,0.56186557,0.14073747,0.18042496,0.12652221,0.3814406,0.014215261
56,0.5487773,0.14197084,0.20600978,0.14599362,0.3427675,-0.004022777
57,0.45930383,0.15432338,0.23022334,0.14174655,0.22908048,0.012576833
58,0.09548102,0.15186076,0.052177005,0.03049004,0.04330402,0.12137072
59,0.5535926,0.17095834,0.20996852,0.13968445,0.34362411,0.031273887
60,0.48738727,0.1452231,0.20416048,0.15330708,0.2832268,-0.008083984
61,0.4159557,0.15791073,0.15972307,0.11643422,0.25623262,0.041476518
62,0.35109377,0.10592499,0.09708831,0.08015584,0.25400546,0.025769144
63,0.54068553,0.23713733,0.29531497,0.22333856,0.24537057,0.013798773
64,0.24286962,0.028863847,0.10668548,0.06766733,0.13618413,-0.03880348
65,0.36682835,0.13650163,0.1600906,0.09753172,0.20673776,0.038969904
66,0.2562759,0.0684581,0.068681285,0.049163204,0.18759461,0.019294899
67,0.08815087,0.09270892,0.1064378,0.072255105,-0.018286936,0.020453818
68,0.559562,0.107204966,0.17030092,0.12325468,0.38926113,-0.016049713
69,0.5995037,0.11519148,0.16848703,0.11636355,0.43101668,-0.0011720657
70,0.6190235,0.20700021,0.2960887,0.22350296,0.3229348,-0.016502753
71,0.5256664,0.13971983,0.11154865,0.07714267,0.41411775,0.06257716
72,0.48278233,0.11160123,0.23458067,0.1539048,0.24820167,-0.042303562
73,0.60533303,0.18873733,0.26177296,0.1778532,0.34356007,0.010884136
74,0.10540091,0.18118747,0.043163083,0.031166518,0.06223783,0.15002094
75,0.5484765,0.11043292,0.1700975,0.10559535,0.37837902,0.0048375726
76,0.37116906,0.120536886,0.16243461,0.113767505,0.20873445,0.0067693815
77,0.4858599,0.14141792,0.16212651,0.1033463,0.3237334,0.038071617
78,0.5571062,0.10192858,0.15718892,0.10293533,0.39991727,-0.0010067523
79,0.5049523,0.13848965,0.2118294,0.14269742,0.29312292,-0.004207775
80,0.4929603,0.17570688,0.19757178,0.13788973,0.29538852,0.03781715
81,0.5157906,0.14754285,0.19950218,0.1556303,0.3162884,-0.008087456
82,0.75119776,0.15157697,0.22902772,0.17416792,0.52217007,-0.02259095
83,0.5739655,0.15573281,0.1872347,0.124556504,0.3867308,0.031176306
84,0.61693335,0.21689971,0.32274288,0.2108095,0.29419047,0.006090209
85,0.39170453,0.06370694,0.1704422,0.105192564,0.22126234,-0.041485623
86,0.21971102,0.119346194,0.09655309,0.06255548,0.12315793,0.056790717
87,0.63152677,0.15445912,0.22212107,0.15456435,0.4094057,-0.000105232
88,0.64660835,0.31983304,0.3374149,0.2556083,0.30919346,0.06422475
89,0.5719873,0.1501096,0.22328535,0.1544987,0.34870192,-0.0043890923
90,0.7499312,0.17293897,0.27310258,0.18309303,0.47682863,-0.010154054
91,0.72395927,0.18675649,0.25135976,0.16744119,0.4725995,0.019315302
92,0.47890362,0.080596335,0.1466482,0.09989319,0.33225542,-0.019296855
93,0.13761778,0.058310103,0.06671255,0.048937786,0.07090523,0.009372316
94,0.6085464,0.14325994,0.18012336,0.1362644,0.42842302,0.006995544
95,0.44428357,0.14176992,0.18904966,0.13124403,0.2552339,0.010525882
96,0.13745354,0.09359981,0.09986272,0.083186775,0.037590824,0.010413036
97,0.3996649,0.12167038,0.17073402,0.121317364,0.22893089,0.00035301596
98,0.4954772,0.17108408,0.24002257,0.1724432,0.25545463,-0.00135912
99,0.6103772,0.15801415,0.21789733,0.14170507,0.39247987,0.016309083
100,-0.0011189863,0.15153581,0.01317733,0.009078208,-0.014296316,0.1424576
101,0.20862596,0.2091154,0.14278981,0.1107919,0.06583615,0.0983235
102,0.3798781,0.061612368,0.14057314,0.108698405,0.23930496,-0.047086038
103,0.5663169,0.182081,0.24390173,0.16313627,0.32241517,0.018944725
104,0.42848232,0.16193704,0.131549,0.09152536,0.29693332,0.07041168
105,0.5208934,0.23317514,0.24380723,0.18341908,0.27708617,0.049756065
106,0.48181665,0.21192606,0.2502782,0.19876817,0.23153844,0.013157889
107,0.17316218,0.015182915,0.062133335,0.039682753,0.11102884,-0.024499837
108,0.034226824,0.17661071,0.05915294,0.04408326,-0.024926115,0.13252744
109,0.25397184,0.06863365,0.07164731,0.047412705,0.18232453,0.021220949
110,0.46899328,0.10063475,0.12515321,0.09497682,0.34384006,0.0056579337
111,0.58872336,0.15470912,0.21768005,0.15071242,0.37104332,0.0039967
112,0.40572327,0.19148491,0.2555024,0.18529385,0.15022087,0.00619106
113,0.43710098,0.13453138,0.18228468,0.1284507,0.2548163,0.006080672
114,0.49568355,0.08913322,0.14770111,0.105193235,0.34798244,-0.016060017
115,0.27971599,0.15853865,0.11345796,0.073942594,0.16625802,0.08459606
116,0.27732146,0.15076733,0.12192168,0.09302099,0.15539977,0.057746336
117,0.45172894,0.104179464,0.1626072,0.11895188,0.28912175,-0.014772415
118,0.25441796,0.09454365,0.095266886,0.075396664,0.15915108,0.019146986
119,0.70461637,0.29521278,0.33427247,0.23716477,0.3703439,0.05804801
120,0.37236252,0.1332381,0.1843364,0.116060354,0.18802613,0.017177753
121,0.5577381,0.1412998,0.23134458,0.14432846,0.32639354,-0.003028661
122,0.37566304,0.1823338,0.18355784,0.14057967,0.1921052,0.041754127
123,0.70493054,0.19668822,0.24095106,0.14679857,0.46397948,0.049889654
124,0.08283877,0.028938722,0.05509766,0.03523685,0.027741108,-0.0062981285
125,0.5036417,0.13121736,0.17960635,0.12404587,0.32403538,0.0071714893
126,0.6375153,0.22666186,0.20846872,0.15594837,0.42904657,0.07071349
127,0.50130755,0.16832611,0.21809284,0.16287823,0.2832147,0.0054478794
128,0.17710254,0.056106012,0.083210275,0.061290078,0.09389226,-0.0051840656
129,0.061514687,-0.0026836193,0.025337446,0.02142546,0.03617724,-0.024109079
130,0.8180208,0.16394903,0.22234449,0.15901372,0.5956763,0.0049353093
131,0.60573506,0.18511477,0.24546723,0.17375533,0.36026782,0.011359438
132,0.554894,0.23430502,0.22490314,0.16133547,0.32999083,0.072969556
133,0.55750614,0.29558593,0.36453575,0.26604483,0.1929704,0.029541105
134,0.41819906,0.10721268,0.1647691,0.12396107,0.25342995,-0.016748391
135,0.5949221,0.19383731,0.20660906,0.15243211,0.38831306,0.0414052
136,0.39699495,0.17270498,0.21888843,0.14669462,0.17810652,0.026010364
137,0.47079024,0.17362347,0.22472239,0.15210593,0.24606785,0.021517545
138,0.74575144,0.113368005,0.16491058,0.114896476,0.5808408,-0.0015284717
139,0.43196717,0.07974976,0.15534547,0.10761313,0.2766217,-0.027863368
140,0.8411811,0.28473327,0.35354978,0.27362463,0.48763132,0.011108637
141,0.52267605,0.090399735,0.12723258,0.09078628,0.39544347,-0.00038654357
142,0.43295446,0.13173573,0.1688989,0.11742902,0.26405555,0.014306709
143,0.22471307,0.18108483,0.08629532,0.06671592,0.13841775,0.11436891
144,0.8681275,0.31344047,0.4016633,0.29585397,0.46646422,0.0175865
145,0.5336897,0.1960469,0.2584695,0.1646029,0.2752202,0.031444
146,0.5704892,0.13233858,0.18675618,0.13267854,0.38373303,-0.0003399551
147,0.55758935,0.19787909,0.19764692,0.15627238,0.35994244,0.04160671
148,0.5199968,0.13696468,0.18057434,0.11216941,0.33942246,0.024795271
149,0.75120264,0.16612478,0.21541806,0.1609134,0.5357846,0.005211383
150,0.7191335,0.2209412,0.3003932,0.2071329,0.4187403,0.013808295
151,0.62554383,0.28596574,0.3501976,0.26832706,0.27534622,0.017638683
152,0.5231413,0.110358074,0.19526222,0.12603885,0.3278791,-0.015680775
153,0.6035425,0.112171665,0.14728558,0.10876785,0.45625693,0.0034038126
154,0.40931135,0.10584553,0.1404753,0.091347955,0.26883605,0.014497578
155,0.23479505,0.11639334,0.12533951,0.08319108,0.10945554,0.03320226
156,0.48030993,0.07444531,0.1150882,0.082508825,0.36522174,-0.0080635175
157,0.44552526,0.20157936,0.17044465,0.12648869,0.27508062,0.07509068
158,0.35004815,0.07158669,0.13790798,0.09122774,0.21214017,-0.01964105
159,0.766311,0.23604514,0.2689012,0.19955823,0.4974098,0.03648691
160,0.5071755,0.31932414,0.19801791,0.14461951,0.3091576,0.17470463
161,0.15956195,0.030956255,0.080884404,0.05357582,0.07867754,-0.022619566
162,0.6033684,0.14744668,0.18933854,0.13130018,0.41402987,0.016146496
163,0.20853163,0.10347001,0.11033813,0.08127328,0.098193504,0.022196732
164,0.3752727,0.12261236,0.16245057,0.111349985,0.21282212,0.011262372
165,0.57423216,0.13432285,0.17606084,0.13430656,0.3981713,1.628697e-05
166,0.3210922,0.14053382,0.1566808,0.10539929,0.1644114,0.03513453
167,0.356641,0.17287661,0.19994074,0.15117843,0.15670025,0.021698177
168,0.45868906,0.10683019,0.15429623,0.10885632,0.3043928,-0.0020261332
169,0.34913722,0.086341366,0.0821151,0.06306313,0.26702213,0.023278236
170,0.25756973,0.06409993,0.06137631,0.050016653,0.19619343,0.014083277
171,0.3774239,0.12210737,0.12761693,0.0973691,0.24980699,0.024738275
172,0.3262559,0.15810955,0.18855146,0.14543758,0.13770443,0.012671962
173,0.33358276,0.15626065,0.19100621,0.13786662,0.14257655,0.018394038
174,0.09676278,0.13706668,0.07224313,0.0544085,0.024519645,0.08265817
175,0.46050656,0.0704695,0.10722206,0.07520968,0.3532845,-0.0047401786
176,0.2212089,0.10994326,0.13755025,0.089738786,0.08365865,0.020204477
177,-0.018664043,-0.03097791,0.01940031,0.015509267,-0.038064353,-0.04648718
178,0.66266084,0.17812519,0.25876,0.18740746,0.40390083,-0.009282276
179,0.33983922,0.09139462,0.13846882,0.10231328,0.2013704,-0.010918662
180,0.6990663,0.23251371,0.37906098,0.25413352,0.3200053,-0.021619812
181,0.6237826,0.18143024,0.24945506,0.16330811,0.3743275,0.018122122
182,0.4732228,0.20561737,0.2620724,0.1946816,0.21115038,0.0109357685
183,0.48513636,0.24051523,0.24419805,0.14853795,0.2409383,0.09197728
184,0.45230016,0.17566259,0.1860859,0.1380978,0.26621425,0.0375648
185,0.7177044,0.17279193,0.19634457,0.14337161,0.52135986,0.029420316
186,0.30093062,0.15100753,0.10345496,0.072128646,0.19747566,0.07887889
187,0.44585624,0.09769865,0.1386876,0.09256669,0.30716866,0.00513196
188,0.85775244,0.20734839,0.26818117,0.18996999,0.58957124,0.017378405
189,-0.044221655,0.09944712,0.02060074,0.016462764,-0.06482239,0.08298436
190,0.47277302,0.17614701,0.22504666,0.1570411,0.24772635,0.019105911
191,0.7356446,0.14859696,0.1973705,0.14526466,0.53827405,0.003332302
192,0.4222202,0.22536986,0.23604026,0.17674175,0.18617994,0.048628107
193,0.6588221,0.16146277,0.15779269,0.11263327,0.50102943,0.048829496
194,0.23813765,0.09885521,0.09496097,0.066431284,0.14317667,0.03242393
195,0.66362226,0.20995367,0.2703442,0.18705814,0.39327806,0.02289553
196,-0.0012612246,0.101420805,0.044465072,0.023524646,-0.045726296,0.07789616
197,0.13153644,0.07255766,0.09859023,0.076653995,0.032946207,-0.0040963367
198,0.539693,0.12266104,0.21735322,0.1553044,0.32233977,-0.032643363
199,0.57740337,0.21361907,0.29801685,0.21459694,0.27938652,-0.0009778738
200,0.703739,0.1499761,0.21293199,0.1552886,0.490807,-0.0053125024
201,0.4129466,0.1478945,0.1967247,0.14624512,0.21622191,0.0016493797
202,0.29185262,0.11288539,0.16140445,0.118847385,0.13044818,-0.005961992
203,0.42844948,0.08437015,0.11091578,0.07760854,0.3175337,0.0067616105
204,0.5705753,0.18582807,0.2397908,0.1804256,0.3307845,0.0054024756
205,0.61416006,0.14935142,0.20286767,0.13767487,0.41129237,0.01167655
206,0.117136486,0.054631796,0.06735633,0.054857362,0.049780153,-0.00022556633
207,0.34637254,0.19839785,0.22277923,0.15674171,0.123593315,0.041656137
208,0.33077767,0.23087224,0.16759609,0.11707793,0.16318159,0.11379431
209,0.53765565,0.13192302,0.18667792,0.13767242,0.35097772,-0.0057494044
210,0.32832116,0.08009668,0.13118471,0.09065355,0.19713645,-0.010556877
211,0.44946203,0.20053509,0.18025105,0.13128078,0.269211,0.06925431
212,0.038216714,0.047966465,0.061952583,0.043076113,-0.02373587,0.0048903525
213,0.5605087,0.14135705,0.18291466,0.1224979,0.37759405,0.018859148
214,0.67667353,0.20123342,0.18857987,0.14313148,0.48809367,0.058101937
215,0.43043613,0.08568948,0.13425596,0.09337765,0.2961802,-0.007688172
216,0.35514045,0.082319826,0.12762138,0.08384858,0.22751907,-0.0015287548
217,0.26242593,0.15141606,0.16827576,0.104662314,0.09415017,0.04675375
218,0.34547332,0.11143329,0.17867403,0.12085036,0.16679929,-0.009417072
219,0.5031451,0.1482607,0.13086966,0.09000857,0.37227544,0.058252126
220,0.47226015,0.08815171,0.12247759,0.08400523,0.34978256,0.004146479
221,0.53390616,0.09301857,0.13929187,0.08915463,0.39461428,0.0038639382
222,0.79187846,0.25451124,0.28136325,0.18687496,0.5105152,0.06763628
223,0.45397463,0.17719783,0.2543767,0.18774414,0.19959792,-0.010546312
224,0.45355338,0.18334106,0.1946573,0.13767937,0.25889608,0.045661688
225,0.19434398,0.113494046,0.077916324,0.056295358,0.11642766,0.05719869
226,0.46961573,0.106964245,0.17490497,0.110988736,0.29471076,-0.0040244907
227,0.3864735,0.15230605,0.1652838,0.12634394,0.22118971,0.025962114
228,0.11304341,0.22189975,0.04822636,0.027004203,0.064817056,0.19489555
229,0.40058917,0.11140844,0.11626972,0.08445653,0.28431946,0.026951909
230,0.079972774,0.03294016,0.039001536,0.024117494,0.04097124,0.0088226665
231,0.5421627,0.15206148,0.20517404,0.14814675,0.3369887,0.0039147288
232,0.45737582,0.20980787,0.16819295,0.132434,0.28918287,0.07737388
233,0.60169995,0.12839624,0.1711561,0.11499548,0.43054384,0.013400763
234,0.48152253,0.1886596,0.2511042,0.1768586,0.23041832,0.0118009895
235,0.3943616,0.1298001,0.14709267,0.11057846,0.24726892,0.019221634
236,0.23887078,0.08078471,0.18353039,0.112978294,0.055340394,-0.032193586
237,0.30375418,0.09103007,0.0997942,0.077400066,0.20395997,0.013630003
238,0.6322426,0.15077378,0.1780313,0.12682495,0.45421132,0.023948833
239,0.5194593,0.17228435,0.20773403,0.15408918,0.31172526,0.018195167
240,0.04344058,0.13658819,0.08331454,0.05268555,-0.039873958,0.083902635
241,0.37894645,0.1770003,0.12510069,0.09617504,0.25384575,0.08082526
242,0.33547956,0.0726253,0.07617363,0.06385635,0.25930592,0.008768953
243,0.5183449,0.1587212,0.22591026,0.1692709,0.29243463,-0.010549709
244,0.54075295,0.21660621,0.2539832,0.17854193,0.28676975,0.038064286
245,0.14528179,0.043867536,0.07015998,0.057558767,0.07512181,-0.013691232
246,0.1853787,0.14087348,0.16124798,0.120982066,0.024130717,0.019891411
247,0.5241033,0.15643044,0.201635,0.14031437,0.32246828,0.016116068
248,0.28436616,0.1155545,0.13187058,0.10056996,0.15249558,0.014984533
249,0.7824629,0.21501607,0.29510134,0.21081066,0.48736155,0.0042054057
250,0.35481447,0.18404353,0.18616411,0.14687553,0.16865036,0.037167996
251,0.81118387,0.2763003,0.33408773,0.24259873,0.47709614,0.033701584
252,0.6324609,0.20593761,0.2463365,0.17908227,0.38612437,0.026855335
253,0.4612036,0.11290849,0.13231838,0.07923989,0.32888523,0.0336686
254,0.45652306,0.18417847,0.21594384,0.15706027,0.24057922,0.027118206
255,0.5839447,0.07757516,0.15953936,0.11321374,0.42440534,-0.03563858
256,0.68711364,0.19339274,0.22985391,0.15405895,0.4572597,0.03933379
257,0.709684,0.11381245,0.21966152,0.1545995,0.49002248,-0.040787056
258,0.4224268,0.104017675,0.16395874,0.11402494,0.25846803,-0.010007262
259,0.2987371,0.16384386,0.20893374,0.173251,0.08980337,-0.009407148
260,0.5980242,0.19848646,0.27502984,0.19442718,0.32299435,0.004059285
261,0.49785006,0.1750572,0.23316173,0.17963763,0.2646883,-0.0045804232
262,0.5781807,0.12116119,0.18711467,0.12277895,0.391066,-0.0016177595
263,0.373711,0.11757133,0.15700659,0.1103127,0.2167044,0.0072586313
264,0.463117,0.16795805,0.22085817,0.14677584,0.24225883,0.02118221
265,0.57236546,0.119249605,0.16460106,0.10900261,0.4077644,0.010246992
266,0.51154345,0.15331274,0.25161022,0.18080755,0.25993323,-0.027494803
267,0.5968313,0.13399544,0.19223464,0.12660675,0.4045967,0.007388696
268,0.4857427,0.084075265,0.14925966,0.101185,0.33648303,-0.017109737
269,0.21044372,-0.016518395,0.116848886,0.070460826,0.093594834,-0.086979225
270,0.4080551,0.18312424,0.19823456,0.14701311,0.20982054,0.03611113
271,0.58171654,0.03349041,0.12512007,0.08215357,0.45659646,-0.048663165
272,0.47699285,0.12197858,0.16581826,0.11734982,0.31117457,0.0046287626
273,0.0780188,0.2587096,0.064627275,0.041716494,0.013391525,0.21699312
274,0.7375973,0.2221315,0.26494318,0.1758892,0.4726541,0.04624231
275,0.62311125,0.22326185,0.25992855,0.17752439,0.3631827,0.04573746
276,0.6046652,0.13708453,0.16358306,0.12621877,0.44108218,0.010865763
277,0.60489255,0.13322955,0.20501964,0.1401101,0.3998729,-0.0068805516
278,0.52640027,0.15274286,0.25904715,0.16902193,0.26735312,-0.016279072
279,0.61164236,0.22821376,0.24188392,0.17488514,0.36975843,0.05332862
280,0.17748246,0.040010467,0.088732585,0.06604455,0.08874987,-0.02603408
281,0.33894825,0.11612312,0.18536025,0.1315599,0.153588,-0.015436776
282,0.7448332,0.23215823,0.26065287,0.1874352,0.4841803,0.044723034
283,0.31556106,0.11436177,0.15728234,0.114036724,0.15827872,0.00032504648
284,0.6378124,0.17642353,0.20543663,0.15699546,0.43237573,0.019428074
285,0.04739358,-0.0023796014,0.061679583,0.04163134,-0.014286004,-0.04401094
286,0.5292703,0.106778756,0.17600633,0.11025997,0.35326397,-0.0034812167
287,0.8374843,0.2128564,0.296631,0.21224765,0.54085326,0.00060874224
288,0.3759208,0.12674093,0.14191407,0.0986115,0.23400673,0.028129436
289,0.55823493,0.13453656,0.15748298,0.10595888,0.40075195,0.028577685
290,0.4091536,0.15653381,0.19103786,0.1390799,0.21811575,0.017453909
291,0.567438,0.115462735,0.160857,0.11496329,0.40658098,0.0004994422
292,0.6236879,0.0924039,0.16566257,0.10633637,0.45802534,-0.0139324665
293,0.2225248,0.081098,0.14641368,0.10127588,0.07611112,-0.020177886
294,0.32844037,0.11363384,0.14738171,0.1139881,0.18105866,-0.0003542602
295,0.37461096,0.10164813,0.12096165,0.098279804,0.2536493,0.0033683255
296,0.38262257,0.09471674,0.14956346,0.108133934,0.23305911,-0.013417192
297,0.44798642,0.13138267,0.15030853,0.09808175,0.29767787,0.03330092
298,0.5327002,0.16307634,0.31716278,0.1763895,0.2155374,-0.013313159
299,0.35928574,0.09185702,0.098552704,0.070479326,0.26073304,0.021377698
300,0.20534205,0.06787816,0.12018678,0.08699716,0.08515527,-0.019119002
301,0.7429511,0.18645185,0.22322819,0.17526212,0.51972294,0.011189729
302,0.55680394,0.21973158,0.31543654,0.23449776,0.2413674,-0.014766172
303,0.49576843,0.14524029,0.17463514,0.12670708,0.3211333,0.018533215
304,0.5276858,0.13168347,0.20020361,0.14326327,0.32748222,-0.011579797
305,0.18295659,0.071456894,0.08529164,0.060476612,0.09766495,0.010980282
306,0.4623307,0.09633654,0.14053556,0.10046165,0.32179514,-0.0041251034
307,0.4426869,0.17130704,0.22403106,0.15463695,0.21865582,0.016670093
308,0.35345468,0.19055527,0.22341475,0.16682069,0.13003993,0.023734584
309,0.6011119,0.1437681,0.23759775,0.1599911,0.36351413,-0.016222998
310,0.5301153,0.113849744,0.15726322,0.10544951,0.3728521,0.008400232
311,0.52705234,0.19903763,0.23672771,0.17617142,0.29032463,0.022866204
312,0.40296438,0.13524647,0.1694802,0.120558165,0.23348418,0.014688306
313,0.42720258,0.14372925,0.20430401,0.13836172,0.22289857,0.0053675324
314,0.63754165,0.23242484,0.25849935,0.19295031,0.3790423,0.039474532
315,0.61927885,0.23469248,0.2755143,0.19050883,0.34376454,0.044183657
316,0.18132968,0.06133815,0.082678586,0.059056066,0.098651096,0.002282083
317,0.040874794,0.16129287,0.07544439,0.05989661,-0.0345696,0.101396255
318,0.2958755,0.05467909,0.1384013,0.079823636,0.15747419,-0.025144547
319,0.44812968,0.19055508,0.25411934,0.18344398,0.19401035,0.0071111023
320,0.52773565,0.12180194,0.17352775,0.11534615,0.3542079,0.006455794
321,0.4847027,0.13733497,0.13739687,0.09664235,0.34730583,0.04069262
322,0.44363984,0.15611391,0.12896863,0.09966104,0.31467122,0.05645287
323,0.1419594,0.091296405,0.09491066,0.068266734,0.04704874,0.02302967
324,0.55396223,0.15798628,0.21900396,0.14414525,0.33495826,0.013841033
325,0.55735004,0.1379056,0.15935351,0.132224,0.39799654,0.005681604
326,0.567303,0.16221544,0.19667718,0.1457895,0.37062582,0.016425937
327,0.41440466,0.14935656,0.23900476,0.17497858,0.1753999,-0.025622025
328,0.48840123,0.20309542,0.23507118,0.1645487,0.25333005,0.038546726
329,0.2852162,0.08509866,0.09916096,0.06613876,0.18605524,0.018959902
330,0.63919085,0.14610095,0.20736516,0.15512355,0.4318257,-0.0090225935
331,0.24551381,0.21036224,0.12845397,0.090177044,0.11705984,0.1201852
332,0.4945756,0.107984275,0.18244281,0.12174462,0.31213278,-0.013760343
333,0.447982,0.15574345,0.21639459,0.14651965,0.23158742,0.009223804
334,0.26951978,0.09207774,0.0987695,0.07672644,0.17075028,0.015351303
335,0.56984913,0.16435212,0.20118427,0.15294446,0.36866486,0.011407658
336,0.43997368,0.116129465,0.14402522,0.105757296,0.29594845,0.010372169
337,0.67878395,0.29438898,0.32239023,0.25931767,0.35639372,0.035071313
338,0.32847947,0.088365935,0.15282568,0.109824955,0.17565379,-0.02145902
339,0.4530593,0.20909497,0.20549548,0.152423,0.24756381,0.056671977
340,0.4822775,0.19352649,0.23378715,0.15554559,0.24849036,0.0379809
341,0.97111857,0.2643276,0.33430606,0.23874912,0.6368125,0.025578469
342,0.46961078,0.22093591,0.20515402,0.13954258,0.26445675,0.08139333
343,0.64012945,0.15419589,0.22170086,0.14967842,0.4184286,0.004517466
344,0.5321347,0.1101097,0.17377101,0.1041501,0.3583637,0.0059596
345,0.6547108,0.20185664,0.23116942,0.16725297,0.42354143,0.03460367
346,0.37124354,0.12689714,0.067423254,0.049921095,0.30382028,0.076976046
347,0.33944368,0.088566124,0.1214458,0.08195104,0.21799788,0.0066150874
348,0.48121944,0.13180012,0.17280401,0.12652358,0.3084154,0.005276531
349,0.3811531,0.13611196,0.14561538,0.11284679,0.23553772,0.023265168
350,0.49381864,0.16586748,0.22215812,0.15568307,0.2716605,0.010184407
351,0.5705247,0.14465255,0.17938577,0.12809284,0.3911389,0.016559705
352,0.22110578,0.05441122,0.12575987,0.07978527,0.095345914,-0.025374051
353,0.76603323,0.20302068,0.25151548,0.17671493,0.5145178,0.02630575
354,0.48826975,0.17075078,0.18292414,0.13202378,0.3053456,0.038727
355,0.0599579,0.08319525,0.071447395,0.056520086,-0.011489496,0.026675161
356,0.52311546,0.1949351,0.20574868,0.1435163,0.31736678,0.051418796
357,0.2651584,0.10466203,0.09303428,0.06962013,0.17212413,0.0350419
358,0.36979926,0.13545816,0.11615342,0.08889155,0.25364584,0.046566606
359,0.32276058,0.1365724,0.16409688,0.11894214,0.1586637,0.017630264
360,0.53451633,0.17956533,0.22651735,0.15340793,0.30799899,0.026157394
361,0.45700303,0.1720441,0.17919047,0.13476732,0.27781254,0.037276775
362,0.41906962,0.15101849,0.08434278,0.060028173,0.33472684,0.09099031
363,0.6862467,0.1602657,0.21230026,0.15746005,0.47394645,0.0028056502
364,0.68314093,0.117063455,0.19760738,0.14376235,0.48553354,-0.026698895
365,0.105620444,0.046301175,0.07567338,0.04929486,0.029947065,-0.0029936843
366,0.47046345,0.10401633,0.15995666,0.10712687,0.3105068,-0.003110543
367,0.5959411,0.11831238,0.12585358,0.091037005,0.47008753,0.027275376
368,0.54704416,0.08628439,0.1324105,0.09889599,0.41463366,-0.012611598
369,0.23388632,-0.007977041,0.06339739,0.04559456,0.17048892,-0.053571604
370,0.5427921,0.18890437,0.24903622,0.18136153,0.29375586,0.0075428486
371,0.34694418,0.08987351,0.11576287,0.08788018,0.23118132,0.0019933283
372,0.53806263,0.17885217,0.2085379,0.15651019,0.32952473,0.022341982
373,0.4213829,0.13970199,0.1464535,0.11049006,0.2749294,0.02921193
374,0.65692455,0.17657685,0.21290751,0.14910588,0.44401705,0.027470976
375,0.27066162,0.091844894,0.12046101,0.087430716,0.1502006,0.0044141784
376,0.5759917,0.15284966,0.1766218,0.11472323,0.3993699,0.03812643
377,0.24588688,0.09860081,0.12386744,0.092673555,0.12201944,0.0059272572
378,0.61437774,0.17066315,0.23628135,0.16580151,0.3780964,0.004861638
379,0.3806093,0.14935523,0.1407164,0.10348793,0.2398929,0.0458673
380,0.54049367,0.13877758,0.17430922,0.116241574,0.36618444,0.02253601
381,0.4112786,0.08956165,0.12901314,0.091892086,0.28226548,-0.0023304373
382,0.4648937,0.123587705,0.12270423,0.090501174,0.34218946,0.03308653
383,0.6069121,0.13985324,0.18395332,0.1310218,0.42295876,0.008831441
384,0.49146727,0.13605514,0.18681538,0.11581552,0.3046519,0.020239621
385,0.6498938,0.14469756,0.14155388,0.09056266,0.50833994,0.054134905
386,0.75533533,0.24919009,0.26431924,0.21076858,0.4910161,0.03842151
387,0.52965933,0.30895504,0.24072716,0.16589384,0.28893217,0.1430612
388,0.17172544,-0.0018420536,0.054048438,0.032229204,0.117677,-0.03407126
389,0.4455315,0.12092282,0.17829782,0.12397908,0.26723367,-0.003056258
390,0.39017895,0.17004535,0.2331794,0.16506019,0.15699954,0.0049851537
391,0.39550254,0.2053371,0.2122622,0.14762697,0.18324034,0.05771014
392,0.25046015,0.16410331,0.11716753,0.08209341,0.13329262,0.082009904
393,0.15965758,0.055420164,0.048739012,0.036905706,0.11091857,0.018514458
394,0.7452189,0.20993374,0.24023037,0.17132601,0.5049885,0.03860773
395,0.27807438,0.07630508,0.10157881,0.07252663,0.17649558,0.0037784502
396,0.4640458,0.14022027,0.20808458,0.14369416,0.2559612,-0.0034738928
397,0.40870112,0.10027602,0.1326194,0.10006337,0.27608174,0.00021265447
398,0.39791435,0.19361177,0.21708739,0.15451953,0.18082696,0.039092243
399,0.58361375,0.27090687,0.31031263,0.23779973,0.27330112,0.03310713
400,0.11073655,0.12519489,0.06816636,0.05036422,0.04257019,0.07483067
401,0.57635343,0.12366369,0.2534545,0.16260235,0.32289892,-0.038938656
402,0.78557223,0.22070809,0.27135807,0.18299593,0.51421416,0.037712157
403,0.47935304,0.22466832,0.24606065,0.18447773,0.23329239,0.040190592
404,0.46485454,0.16341189,0.20695849,0.1547101,0.25789607,0.008701786
405,0.5865016,0.31300905,0.36399394,0.26575127,0.22250766,0.04725778
406,0.3019617,0.09010033,0.07347854,0.05245285,0.22848314,0.037647482
407,0.56680006,0.11321372,0.1588203,0.106884524,0.40797976,0.0063291937
408,0.45121607,0.19000272,0.22101645,0.16124253,0.23019962,0.028760195
409,0.6960507,0.15236971,0.20915413,0.14035021,0.48689657,0.0120195
410,0.3590443,0.122161485,0.15476623,0.10989954,0.20427808,0.012261942
411,0.26171324,0.09875675,0.12872314,0.089249626,0.13299009,0.009507127
412,0.5390733,0.22002095,0.17344634,0.120871365,0.36562693,0.099149585
413,0.5096735,0.1805218,0.21121922,0.14678474,0.29845425,0.033737063
414,0.9496696,0.18708557,0.26725805,0.211344,0.68241155,-0.024258435
415,0.16940625,-0.030035907,0.029931128,0.019178899,0.13947512,-0.049214806
416,0.28298607,0.118167885,0.14589043,0.10828271,0.13709565,0.009885177
417,0.44975588,0.10302529,0.17241813,0.12247493,0.27733773,-0.019449644
418,0.744686,0.17578204,0.2708621,0.17057674,0.4738239,0.0052053034
419,0.4251677,0.1515661,0.16722362,0.124834836,0.2579441,0.026731268
420,0.11431367,0.04043727,0.09733185,0.06525702,0.016981818,-0.02481975
421,0.35893556,0.21025833,0.21787834,0.16317555,0.14105722,0.04708278
422,0.6354776,0.16702285,0.23506963,0.15151313,0.40040797,0.015509725
423,0.6519051,0.2173651,0.26690167,0.19884095,0.38500345,0.018524155
424,0.49602613,0.12020989,0.13130312,0.09689541,0.36472303,0.023314476
425,0.61721575,0.075250536,0.12754126,0.09023581,0.4896745,-0.014985271
426,0.56193936,0.19919987,0.22691092,0.15826449,0.33502844,0.040935382
427,0.2781193,0.10852616,0.14484115,0.1029217,0.13327815,0.005604461
428,0.334037,0.11107392,0.11836729,0.079570614,0.21566972,0.031503305
429,0.36558363,0.14935729,0.20167217,0.14175624,0.16391146,0.0076010525
430,0.48931625,0.14899383,0.1510304,0.10729639,0.33828586,0.041697443
431,0.11009607,-0.035641648,0.032486252,0.023187634,0.077609815,-0.05882928
432,0.43755373,0.13334988,0.1883013,0.1297216,0.24925244,0.0036282837
433,0.15058938,0.07885585,0.10683566,0.08750626,0.043753713,-0.008650407
434,0.12184986,0.053373553,0.04353383,0.035584398,0.078316025,0.017789155
435,0.50060594,0.15871093,0.16434735,0.12804759,0.3362586,0.030663341
436,0.4606783,0.12583762,0.18972132,0.13055608,0.270957,-0.0047184527
437,0.31326336,0.12705845,0.13844287,0.09831898,0.17482048,0.028739467
438,0.4620104,0.25168633,0.26838595,0.19615406,0.19362447,0.055532277
439,0.5644724,0.19991456,0.2467219,0.1879795,0.31775048,0.011935055
440,0.09176936,0.06472149,0.06652432,0.04466756,0.02524504,0.020053927
441,0.4206609,0.09989883,0.10646461,0.07732808,0.3141963,0.022570752
442,0.083505794,0.15150854,0.07278395,0.055250823,0.010721847,0.09625772
443,0.25377536,0.085871495,0.11560917,0.074955046,0.13816619,0.010916449
444,0.27293962,0.07557764,0.08722184,0.06619737,0.18571779,0.009380266
445,0.20224348,0.10744186,0.09819206,0.0646667,0.10405142,0.042775154
446,0.19679368,0.0838146,0.1192384,0.085316464,0.07755528,-0.0015018657
447,0.3918676,0.110989384,0.13069539,0.09523094,0.26117224,0.015758447
448,0.5310096,0.11529019,0.1639201,0.10676106,0.3670895,0.008529127
449,0.45420033,0.09116123,0.11526289,0.08018391,0.33893743,0.01097732
450,0.5096641,0.13287051,0.14311656,0.10113434,0.36654755,0.031736173
451,0.50259227,0.22515993,0.32638153,0.24059753,0.17621073,-0.015437603
452,0.5046568,0.05145265,0.12078246,0.07875155,0.38387433,-0.027298898
453,0.1442173,0.09708417,0.10310382,0.06917457,0.04111348,0.0279096
454,0.5300947,0.20767099,0.2473971,0.17429228,0.2826976,0.033378705
455,0.58227754,0.18801963,0.31000134,0.20045242,0.2722762,-0.012432784
456,0.5502266,0.23391703,0.29194584,0.23010549,0.25828078,0.0038115382
457,0.47638994,0.098178916,0.14588878,0.10611141,0.33050117,-0.007932492
458,0.74537724,0.22316362,0.32359993,0.2289112,0.4217773,-0.0057475865
459,0.48971486,0.1054254,0.1325296,0.09418167,0.35718524,0.011243731
460,0.3278019,0.13387536,0.15610513,0.11568012,0.17169678,0.018195234
461,0.4175287,0.12169224,0.17138995,0.12563372,0.24613874,-0.0039414763
462,0.4794043,0.104776144,0.18887615,0.12579808,0.29052815,-0.021021932
463,0.5427625,0.21306236,0.29881883,0.20359549,0.24394369,0.009466872
464,0.45497534,0.17115936,0.1922544,0.12604085,0.26272094,0.04511851
465,0.5949518,0.10030813,0.14818546,0.10057993,0.44676635,-0.00027180463
466,0.2007939,0.07056146,0.10325664,0.0677742,0.097537264,0.0027872622
467,0.6790946,0.20486452,0.29556516,0.2039824,0.38352945,0.00088211894
468,0.29467544,0.11325463,0.19348809,0.1273783,0.10118735,-0.014123671
469,0.6628656,0.23551372,0.3051275,0.22836241,0.35773808,0.0071513057
470,0.5303714,0.12823023,0.19912001,0.14512776,0.3312514,-0.01689753
471,0.36996493,0.1069708,0.10750624,0.07943728,0.26245868,0.027533524
472,0.59575695,0.13722911,0.20684472,0.15077128,0.38891223,-0.01354216
473,0.44161057,0.12960967,0.18603206,0.1340209,0.25557852,-0.0044112206
474,0.5173191,0.12058093,0.17768225,0.1228117,0.33963683,-0.002230771
475,0.437222,0.094994694,0.19431812,0.120394275,0.24290389,-0.02539958
476,0.21475387,0.041170157,0.07031275,0.051991858,0.14444111,-0.0108217
477,0.3852727,0.14427716,0.17351261,0.12709951,0.2117601,0.017177641
478,0.43399838,0.1716838,0.14651722,0.102784395,0.28748116,0.06889941
479,0.542919,0.1724912,0.19150898,0.1397313,0.35141,0.03275989
480,0.40530577,0.11368821,0.17479421,0.121604726,0.23051156,-0.007916518
481,0.4832896,0.12601462,0.23547196,0.15885782,0.24781764,-0.032843202
482,0.5116457,0.15209217,0.122755036,0.08753352,0.38889062,0.064558655
483,0.14634156,-0.008594218,0.0377084,0.025769362,0.10863316,-0.03436358
484,0.6783706,0.18236595,0.2506804,0.17274785,0.4276902,0.0096181035
485,0.42957708,0.10311868,0.1269488,0.09430882,0.30262828,0.008809857
486,0.53853726,0.13602087,0.22324403,0.150789,0.31529325,-0.014768124
487,0.56505865,0.12789789,0.2383583,0.16102426,0.32670033,-0.03312637
488,0.5783485,0.17940469,0.25410464,0.18652381,0.32424387,-0.007119119
489,0.5760858,0.18905258,0.22804174,0.1639947,0.34804407,0.025057882
490,0.71412253,0.2602401,0.23912461,0.16470209,0.47499794,0.09553802
491,0.41321033,0.082955286,0.07395494,0.04798285,0.3392554,0.034972437
492,0.51557064,0.119023085,0.20329031,0.13809493,0.31228033,-0.019071847
493,0.5460132,0.18291043,0.22827816,0.18756679,0.31773502,-0.0046563596
494,0.4258291,0.097726,0.13246155,0.090578675,0.29336756,0.007147327
495,0.44693294,0.17327037,0.21816011,0.14672779,0.22877283,0.026542589
496,0.20359345,0.08051587,0.12466459,0.07781102,0.07892886,0.0027048513
497,0.49021593,0.13473834,0.25323245,0.17105126,0.23698348,-0.036312923
498,0.29714012,0.108072445,0.12335727,0.091784514,0.17378286,0.01628793
499,0.78304124,0.28257912,0.4184888,0.26169437,0.36455244,0.020884752
500,0.5519017,0.15073206,0.19562545,0.13517478,0.35627624,0.015557274
501,0.44318128,0.116425045,0.1774348,0.13134906,0.26574647,-0.014924012
502,0.8418064,0.1836256,0.24128461,0.16296124,0.6005218,0.02066435
503,0.58134836,0.2590036,0.30067927,0.22412018,0.2806691,0.034883425
504,0.19642039,0.12007751,0.14918645,0.119989015,0.04723394,8.8497996e-05
505,0.6544107,0.20378058,0.26309413,0.17108373,0.3913166,0.032696843
506,0.55723083,0.23556598,0.2669683,0.20384791,0.29026252,0.03171806
507,0.52274597,0.14390713,0.19890279,0.1403825,0.32384318,0.0035246313
508,0.44253,0.10506062,0.14053798,0.10314276,0.30199203,0.0019178614
509,0.4207939,0.13714807,0.17127734,0.124613956,0.24951655,0.012534112
510,0.5593105,0.09845965,0.123632275,0.09256232,0.4356782,0.0058973357
511,0.61631733,0.14071073,0.19806325,0.14124915,0.41825408,-0.00053842366
512,0.8059479,0.29910383,0.36871344,0.28802767,0.43723446,0.011076152
513,0.49328,0.12507439,0.17550674,0.12198049,0.31777325,0.0030938983
514,0.478423,0.14563845,0.16590929,0.124562755,0.3125137,0.021075696
515,0.3443365,0.11635626,0.13848758,0.0869991,0.20584893,0.029357158
516,0.4281259,0.07363475,0.13782434,0.091183126,0.29030156,-0.017548375
517,0.20324264,0.1764066,0.12396584,0.07620105,0.07927681,0.100205556
518,0.27700034,0.10617845,0.117826656,0.09093833,0.15917368,0.015240118
519,0.64292115,0.17192681,0.21094307,0.14593801,0.43197808,0.025988802
520,0.40147057,0.24322008,0.18337496,0.12330036,0.21809562,0.11991972
521,0.5160557,0.20741527,0.30580282,0.21631761,0.21025288,-0.008902341
522,0.3286754,0.1287295,0.16265155,0.106632434,0.16602384,0.022097073
523,0.67818296,0.23442736,0.2910273,0.22170392,0.38715565,0.012723446
524,0.08169228,0.05644018,0.018831413,0.016211145,0.06286086,0.040229034
525,0.37779546,0.154866,0.1905157,0.12410309,0.18727976,0.030762903
526,0.6082531,0.16427617,0.2162277,0.1534156,0.3920254,0.010860562
527,0.32144374,0.0724862,0.10780964,0.07553735,0.2136341,-0.0030511469
528,0.5599215,0.18156467,0.21692657,0.15825988,0.34299493,0.02330479
529,0.22572725,0.0596974,0.08319093,0.05378422,0.14253631,0.0059131794
530,0.4923695,0.18968053,0.24128564,0.17051883,0.25108385,0.019161701
531,0.44429222,0.14821948,0.19205944,0.13094722,0.2522328,0.017272264
532,0.7981013,0.18943486,0.19959232,0.14905952,0.59850895,0.040375337
533,0.46247587,0.06105223,0.11759082,0.08671913,0.34488505,-0.025666904
534,0.58166486,0.21918707,0.23194179,0.1462579,0.34972307,0.07292916
535,0.7980291,0.11375642,0.17654271,0.12638858,0.6214864,-0.012632161
536,0.5017721,0.1828377,0.29408965,0.2031672,0.20768246,-0.020329505
537,0.170938,0.22104806,0.12847415,0.08637174,0.042463854,0.1346763
538,0.5328295,0.18935564,0.22559257,0.15654477,0.30723697,0.032810867
539,0.38800266,0.095592104,0.116116785,0.08594963,0.27188587,0.009642474
540,0.60793924,0.15598595,0.19679907,0.13841704,0.41114017,0.017568916
541,0.5395135,0.11461137,0.1406733,0.09607519,0.39884025,0.01853618
542,0.18627904,0.0010792832,0.03339286,0.026026588,0.15288618,-0.024947304
543,0.29195875,0.15244389,0.1586187,0.12540756,0.13334005,0.027036324
544,0.28694838,0.16626482,0.17211786,0.12260817,0.114830524,0.043656647
545,0.36459664,0.1302267,0.16460726,0.11418283,0.19998938,0.016043872
546,0.38228452,0.16825303,0.13653255,0.111473665,0.24575198,0.05677937
547,0.58755785,0.22033024,0.28396648,0.21763651,0.30359137,0.0026937276
548,0.14024232,-0.0069983974,0.033924185,0.027559632,0.10631814,-0.034558028
549,0.4786908,0.09311649,0.14921956,0.10883896,0.32947123,-0.015722468
550,0.51346546,0.18164396,0.23154671,0.1554607,0.28191876,0.026183262
551,0.5295443,0.105849415,0.16288045,0.107430674,0.36666384,-0.0015812591
552,0.44419616,0.1409439,0.16811965,0.10631666,0.2760765,0.034627236
553,0.44149435,0.07831158,0.11828611,0.08368751,0.32320824,-0.005375929
554,0.039498806,0.03484968,0.03164292,0.025274694,0.007855885,0.009574987
555,0.49212727,0.179048,0.2167676,0.14300309,0.2753597,0.03604491
556,0.085773595,0.022324434,0.051602114,0.033838946,0.03417148,-0.011514513
557,0.3215651,0.12315611,0.1308727,0.09253846,0.1906924,0.030617647
558,0.40542433,0.11951553,0.18176758,0.12861122,0.22365674,-0.009095691
559,0.47871402,0.20122343,0.22462554,0.15885547,0.25408846,0.042367965
560,0.46509463,0.09524787,0.14216429,0.098440275,0.32293034,-0.0031924024
561,0.7615628,0.20450932,0.301817,0.19075215,0.45974582,0.013757169
562,0.095153205,-0.0067311795,0.05530066,0.03431759,0.039852545,-0.04104877
563,0.19461717,0.07891271,0.08253737,0.06039532,0.1120798,0.018517394
564,0.8093864,0.17998743,0.2604568,0.1788214,0.5489296,0.0011660308
565,0.20626287,0.023645578,0.07704596,0.044345368,0.12921691,-0.02069979
566,0.49238372,0.118419945,0.1541934,0.10407369,0.33819032,0.014346257
567,0.37997758,0.1884413,0.11886586,0.073489465,0.26111174,0.11495184
568,0.6603243,0.13944174,0.21987084,0.15838096,0.44045344,-0.018939212
569,0.45632038,0.19239606,0.23634014,0.168488,0.21998024,0.023908064
570,0.4233635,0.16394502,0.25165534,0.1708399,0.17170817,-0.0068948865
571,0.57176894,0.3052924,0.34486765,0.27247307,0.2269013,0.03281933
572,0.31356752,0.13420203,0.13855636,0.10135522,0.17501116,0.032846816
573,0.41878825,0.07060983,0.1008295,0.072798654,0.31795877,-0.0021888241
574,0.63236666,0.20676656,0.2625191,0.20026954,0.36984757,0.0064970255
575,0.16067512,0.08277173,0.15696375,0.114319816,0.0037113726,-0.031548083
576,0.36254612,0.14629158,0.16968669,0.118913725,0.19285943,0.027377859
577,0.3895425,0.08633394,0.12556362,0.07769896,0.26397887,0.008634977
578,0.27568007,0.107350454,0.1351406,0.09608482,0.14053947,0.0112656355
579,0.31768796,0.14293076,0.12699059,0.089213505,0.19069737,0.053717256
580,0.086619355,0.111105554,0.025319278,0.018952508,0.061300077,0.09215304
581,0.47222012,0.1928942,0.22903378,0.15879883,0.24318634,0.034095377
582,0.17323476,0.028860888,0.12791051,0.07620723,0.04532425,-0.04734634
583,0.8196552,0.15181734,0.25251827,0.16623262,0.5671369,-0.014415279
584,0.5654577,0.16144328,0.18141587,0.13726446,0.38404185,0.024178818
585,0.17692852,0.08971453,0.101147875,0.06960951,0.075780645,0.02010502
586,0.10474674,0.11024834,0.048866965,0.029579874,0.05587977,0.080668464
587,0.46321526,0.14173302,0.21417412,0.14280637,0.24904114,-0.0010733455
588,0.48333985,0.19982746,0.25159568,0.18557273,0.23174417,0.014254734
589,0.46458745,0.12470495,0.19614303,0.13750526,0.26844442,-0.0128003135
590,0.4734449,0.17497368,0.2532766,0.1749815,0.22016832,-7.82311e-06
591,0.01438834,0.12139468,0.019790638,0.012005882,-0.0054022986,0.1093888
592,0.52772015,0.11479853,0.17006475,0.1222383,0.3576554,-0.00743977
593,0.6772885,0.18504664,0.2562811,0.17096558,0.42100736,0.014081061
594,0.123833746,0.12865363,0.08790803,0.05856387,0.035925716,0.07008976
595,0.6458645,0.16516235,0.24943356,0.15917732,0.3964309,0.0059850365
596,0.6326028,0.20104031,0.23816152,0.17584658,0.3944413,0.025193736
597,0.12431036,0.027052026,0.036642343,0.02680922,0.08766802,0.00024280697
598,0.46074462,0.10687402,0.14964138,0.10930066,0.31110322,-0.0024266392
599,0.29003522,0.072074175,0.073628984,0.056104384,0.21640623,0.01596979
600,0.63050973,0.1366678,0.17421319,0.13103214,0.45629656,0.005635664
601,0.75072664,0.29275304,0.37955135,0.25691602,0.3711753,0.035837024
602,0.39990273,0.18208216,0.1381321,0.09981731,0.26177064,0.08226485
603,0.513011,0.16953832,0.2191172,0.16903254,0.29389378,0.0005057752
604,0.71550953,0.13743114,0.19553755,0.14283526,0.51997197,-0.0054041147
605,0.5612519,0.11484744,0.18251795,0.13148071,0.37873393,-0.016633272
606,0.75531876,0.17905927,0.20567858,0.12146672,0.5496402,0.05759255
607,0.5021917,0.21233696,0.25793326,0.18898298,0.24425846,0.023353979
608,0.5630478,0.17448603,0.218677,0.16731395,0.34437084,0.007172078
609,0.03792758,0.12565115,0.023997754,0.015443343,0.013929825,0.11020781
610,0.34111875,0.10264753,0.14344488,0.09584676,0.19767387,0.0068007708
611,0.357433,0.1187634,0.14709353,0.10747991,0.21033946,0.0112834945
612,0.35578403,0.14441195,0.12679763,0.09032427,0.2289864,0.054087684
613,0.58520126,0.16020383,0.22036329,0.16205585,0.36483797,-0.0018520206
614,0.3087456,0.153903,0.12295349,0.08668228,0.1857921,0.06722071
615,0.6117865,0.21656987,0.33824515,0.22128205,0.27354133,-0.0047121793
616,0.6119196,0.1083434,0.16864169,0.11794186,0.4432779,-0.009598456
617,0.3869262,0.072154194,0.124825574,0.08501039,0.26210064,-0.012856193
618,0.6712819,0.12009841,0.18133248,0.14239773,0.4899494,-0.02229932
619,0.36880255,0.088783525,0.15975675,0.10967716,0.2090458,-0.020893633
620,0.46945918,0.105309375,0.16411239,0.10891907,0.3053468,-0.0036096945
621,0.36509433,0.08599554,0.164794,0.114955306,0.20030034,-0.028959766
622,0.75532544,0.17211671,0.2425822,0.15628728,0.51274323,0.015829429
623,0.78217435,0.2282515,0.28938034,0.20480168,0.492794,0.023449823
624,0.57587004,0.13871953,0.19128394,0.1245309,0.3845861,0.014188632
625,0.3478534,0.111689314,0.20694275,0.15258166,0.14091064,-0.040892348
626,0.24197933,0.12522098,0.14885943,0.11269961,0.093119904,0.012521371
627,0.09774427,0.056428276,0.089526914,0.065606736,0.008217357,-0.00917846
628,0.33420566,0.106628336,0.19365725,0.117056325,0.14054841,-0.010427989
629,0.6684984,0.13415523,0.20101193,0.14091033,0.46748647,-0.0067550987
630,0.7551854,0.2647353,0.27030936,0.18521865,0.48487607,0.079516664
631,0.4427518,0.14196815,0.19384758,0.12669031,0.24890421,0.015277833
632,0.3520066,0.12092772,0.15850626,0.11466557,0.19350035,0.0062621534
633,0.5790925,0.1497504,0.21674535,0.15076898,0.36234716,-0.0010185838
634,0.41983965,0.14947517,0.1587345,0.120165884,0.26110515,0.029309288
635,0.639175,0.19827275,0.2520705,0.19142778,0.3871045,0.0068449676
636,0.8152685,0.22728574,0.33200678,0.21269235,0.48326173,0.014593393
637,0.41725454,0.14159675,0.18639418,0.13153872,0.23086035,0.0100580305
638,0.58852905,0.1487187,0.23560333,0.15050094,0.35292572,-0.0017822385
639,0.46983862,0.1709068,0.20213628,0.1338578,0.26770234,0.037048995
640,0.531191,0.24117596,0.3079377,0.22072399,0.22325328,0.020451978
641,0.56574875,0.14716911,0.20077303,0.13110477,0.36497572,0.016064346
642,0.5026572,0.16020204,0.19308591,0.14047049,0.30957127,0.019731551
643,0.19912088,0.09482141,0.11445904,0.08363505,0.08466184,0.011186361
644,0.80544573,0.30755395,0.39303583,0.3044725,0.4124099,0.003081441
645,0.5450218,0.1359878,0.16346379,0.11295257,0.381558,0.023035236
646,0.6703467,0.175526,0.24822876,0.1692977,0.42211792,0.006228298
647,0.44792062,0.107660875,0.18102692,0.1249014,0.26689368,-0.017240524
648,0.32255867,0.11705458,0.12899396,0.10052182,0.19356471,0.016532764
649,0.22538114,0.10082721,0.1411123,0.101974845,0.08426884,-0.0011476353
650,0.25709856,0.010399617,0.0788948,0.055156447,0.17820376,-0.04475683
651,0.5728115,0.13477528,0.16507882,0.12035783,0.40773267,0.014417455
652,0.37013638,0.17913274,0.1429508,0.10220152,0.22718558,0.07693122
653,0.44134054,0.103125066,0.13678983,0.09740201,0.3045507,0.005723059
654,0.37924272,0.09358415,0.11759342,0.087287314,0.2616493,0.006296836
655,0.26866376,0.08229691,0.13545144,0.09402555,0.13321233,-0.011728644
656,0.56069857,0.1586569,0.19447365,0.14358003,0.3662249,0.015076861
657,0.7297535,0.17419837,0.23796897,0.16471182,0.4917845,0.009486556
658,0.38959047,0.12647818,0.1352388,0.09887846,0.25435168,0.027599722
659,0.67611766,0.1996463,0.27276736,0.19864836,0.4033503,0.0009979308
660,0.2851071,0.17554668,0.15992089,0.114045665,0.12518622,0.06150101
661,0.3610017,0.10965754,0.13415675,0.09518969,0.22684495,0.01446785
662,0.255997,0.111016504,0.14598416,0.09986414,0.110012844,0.011152364
663,0.5327058,0.119419836,0.13755718,0.09742505,0.3951486,0.021994784
664,0.51803064,0.1782795,0.168385,0.118809685,0.34964564,0.05946982
665,0.28112447,0.020524547,0.091597185,0.06583335,0.18952729,-0.045308806
666,0.5915616,0.1489312,0.20484903,0.14033748,0.38671258,0.008593723
667,0.46222872,0.20055516,0.29109046,0.20381896,0.17113826,-0.0032638013
668,0.2593791,0.087893285,0.121641174,0.084537044,0.13773791,0.0033562407
669,0.6445808,0.17332691,0.29954773,0.18419018,0.34503305,-0.010863274
670,0.7198532,0.24786332,0.3247864,0.2232471,0.39506683,0.024616227
671,0.22939718,0.11529696,0.07432694,0.0517791,0.15507025,0.06351786
672,0.34022954,0.115167916,0.14962623,0.10942707,0.19060332,0.0057408437
673,0.637001,0.09342012,0.165121,0.10948141,0.47187996,-0.016061291
674,0.38159376,0.06550017,0.14449076,0.09887181,0.237103,-0.033371642
675,0.40060258,0.19584066,0.17487752,0.13031778,0.22572505,0.06552288
676,0.6234658,0.17471625,0.25105053,0.16704635,0.37241524,0.007669896
677,0.24911138,0.083052985,0.14346029,0.099049695,0.105651096,-0.01599671
678,0.36276355,0.09150781,0.13406968,0.09316752,0.22869387,-0.0016597137
679,0.09423636,0.25562796,0.113452815,0.08343937,-0.019216456,0.17218858
680,0.49819452,0.14268437,0.1590176,0.11063348,0.33917692,0.032050893
681,0.2855867,0.09394495,0.09535978,0.07128809,0.19022694,0.022656865
682,0.77446866,0.20658545,0.2609872,0.18005835,0.5134815,0.026527107
683,0.5319059,0.15356086,0.20429678,0.15047386,0.32760912,0.003086999
684,0.5058565,0.2883537,0.3875305,0.28080237,0.11832601,0.0075513422
685,0.5144332,0.19231683,0.22498746,0.1463252,0.28944576,0.04599163
686,0.89215976,0.26412436,0.37016544,0.23525473,0.52199435,0.028869629
687,0.5739109,0.15593114,0.21473153,0.1570706,0.35917938,-0.001139462
688,0.6381088,0.16982849,0.20693631,0.13797344,0.4311725,0.031855047
689,0.63208133,0.17657639,0.30106735,0.19315517,0.33101398,-0.016578779
690,0.31544325,0.11632363,0.12707233,0.09753968,0.18837091,0.01878395
691,0.35018733,0.110674456,0.17266662,0.11695312,0.1775207,-0.006278664
692,0.5616006,0.2165794,0.179795,0.13408096,0.38180563,0.08249843
693,0.07249581,0.19135477,0.09544059,0.06810006,-0.022944778,0.12325471
694,0.73564374,0.17796169,0.28147325,0.20045097,0.4541705,-0.02248928
695,0.29266617,0.11223934,0.1295302,0.09215837,0.16313596,0.020080969
696,0.8096935,0.25647116,0.3380786,0.2540475,0.47161493,0.002423644
697,0.69014114,0.15512791,0.20565605,0.13090715,0.4844851,0.024220765
698,0.6704328,0.18000059,0.24275723,0.17586525,0.42767558,0.0041353405
699,0.5511025,0.208825,0.2729892,0.20767811,0.2781133,0.0011468977
700,0.2745646,0.09158722,0.12812336,0.08055393,0.14644124,0.011033297
701,0.3347439,0.091502935,0.19633652,0.10842778,0.13840736,-0.016924843
702,0.56739205,0.2814918,0.18364291,0.13091438,0.38374913,0.15057741
703,0.39697134,0.1254177,0.12776586,0.088065505,0.26920548,0.03735219
704,0.17716941,0.072968654,0.09981854,0.065304466,0.07735087,0.0076641887
705,0.4823487,0.16479376,0.1840348,0.13620868,0.29831392,0.028585076
706,0.4851996,0.09080501,0.1254891,0.095553674,0.3597105,-0.004748665
707,0.15938069,0.043961193,0.064540036,0.035451286,0.09484065,0.008509908
708,0.51072574,0.17193814,0.25664228,0.16546953,0.25408345,0.006468609
709,-0.022551984,0.14253543,0.024076022,0.013281988,-0.046628006,0.12925345
710,0.5410685,0.19941847,0.2703863,0.19284657,0.2706822,0.006571904
711,0.23566057,0.11146996,0.101784214,0.08169319,0.13387635,0.029776774
712,0.53936386,0.13632913,0.18304335,0.1388255,0.3563205,-0.0024963766
713,0.15381081,0.0042986595,0.07370783,0.056717537,0.08010299,-0.052418876
714,0.40131593,0.1940225,0.19104984,0.14218836,0.21026608,0.05183415
715,0.4799647,0.19775186,0.22946635,0.1662335,0.25049835,0.03151837
716,0.4491297,0.11120399,0.18094315,0.13103619,0.26818657,-0.019832201
717,0.5508626,0.17099378,0.19385955,0.14260545,0.35700306,0.028388321
718,0.5702357,0.2061867,0.26623398,0.18011227,0.30400175,0.026074424
719,0.41492233,0.19403198,0.24803598,0.19353953,0.16688634,0.0004924536
720,0.6095079,0.13138585,0.17457727,0.12789208,0.43493065,0.003493771
721,0.44266242,0.17771687,0.22401753,0.1640669,0.21864489,0.01364997
722,0.5506456,0.12056861,0.18952909,0.1391541,0.3611165,-0.018585496
723,0.44075927,0.073585935,0.08243673,0.057539187,0.35832253,0.016046748
724,0.449193,0.10808333,0.20373933,0.12704878,0.24545367,-0.018965445
725,0.31812814,0.1089368,0.1553555,0.104850866,0.16277264,0.0040859357
726,0.4004739,0.15818684,0.15319534,0.10511911,0.24727856,0.05306773
727,0.2257784,0.08508335,0.07869596,0.04696448,0.14708245,0.03811887
728,0.39918277,0.22582814,0.17600179,0.11677055,0.22318098,0.10905759
729,0.54881394,0.18937907,0.19448002,0.14071012,0.35433394,0.04866895
730,0.31372812,0.095238544,0.09714694,0.0712742,0.21658118,0.023964345
731,0.48650652,0.09098007,0.16931438,0.10551971,0.31719214,-0.014539644
732,0.58338773,0.14406663,0.21784833,0.15323141,0.3655394,-0.00916478
733,0.34136322,0.108789265,0.16143975,0.11656193,0.17992347,-0.0077726617
734,0.4504609,0.12518086,0.15578496,0.11109036,0.29467595,0.014090493
735,0.13583225,0.02701527,0.061317157,0.035787266,0.07451509,-0.008771995
736,0.33795208,0.06661652,0.10355818,0.0798437,0.2343939,-0.01322718
737,0.22225378,0.023152696,0.15292697,0.09554027,0.06932682,-0.072387576
738,0.60051596,0.1533433,0.26376483,0.17314681,0.33675113,-0.01980351
739,0.18430321,0.107898444,0.10670625,0.07226463,0.07759696,0.035633817
740,0.24414544,0.09878916,0.08981758,0.060568534,0.15432785,0.03822063
741,0.5073084,0.10700398,0.17873254,0.118408106,0.32857588,-0.011404127
742,0.78439957,0.2560393,0.34665766,0.25185737,0.4377419,0.0041819215
743,0.22069162,0.13981979,0.075581804,0.052192807,0.14510982,0.08762698
744,0.55328274,0.085925974,0.13167611,0.085927606,0.42160663,-1.6316772e-06
745,0.6678763,0.2054763,0.26059812,0.19752185,0.40727818,0.007954448
746,0.31960303,0.1417598,0.14298129,0.11928837,0.17662174,0.022471428
747,0.56484747,0.20170335,0.28010455,0.2029117,0.28474292,-0.0012083501
748,0.56918687,0.08726485,0.1375908,0.097955935,0.43159607,-0.010691084
749,0.17031667,0.15432458,0.12277691,0.080956705,0.047539756,0.07336787
750,0.5043221,0.14450538,0.20460758,0.14011471,0.29971454,0.004390672
751,0.20073836,0.11780945,0.13038304,0.10190402,0.07035531,0.015905432
752,0.5815864,0.1613883,0.2684819,0.1928286,0.3131045,-0.031440303
753,0.42322975,0.11410684,0.16320194,0.10694078,0.26002783,0.007166058
754,0.3843205,0.12009979,0.18657072,0.13422397,0.19774978,-0.014124177
755,0.027551547,-0.033003535,0.022299653,0.015496026,0.005251894,-0.04849956
756,0.58979225,0.176423,0.23225221,0.16822453,0.35754004,0.00819847
757,0.7224956,0.16487916,0.2597564,0.1607484,0.46273923,0.004130751
758,0.49487478,0.14593795,0.20234385,0.14053404,0.29253092,0.005403906
759,0.3988768,0.11996904,0.16417906,0.1111027,0.23469773,0.00886634
760,0.30050576,0.10106304,0.12812836,0.08550149,0.1723774,0.015561551
761,0.25098482,0.11412782,0.10853563,0.08342353,0.14244919,0.03070429
762,0.58753896,0.15506345,0.16599521,0.12132875,0.42154375,0.0337347
763,0.54706275,0.10206356,0.14759684,0.10580568,0.39946592,-0.0037421212
764,0.6540626,0.13710119,0.18534383,0.1301468,0.4687188,0.006954387
765,0.37455264,0.10919452,0.12739095,0.091299266,0.24716169,0.017895252
766,0.4036891,0.13895327,0.19589534,0.12575302,0.20779374,0.013200253
767,0.5152352,0.19609728,0.25165343,0.19383594,0.26358175,0.0022613406
768,0.47048953,0.12700106,0.21463129,0.15080985,0.25585824,-0.023808792
769,0.37541395,0.16089904,0.15839423,0.11310367,0.21701972,0.04779537
770,0.884209,0.20910372,0.33728728,0.22612002,0.54692173,-0.017016307
771,0.3254986,0.101304635,0.15872163,0.107813954,0.16677698,-0.006509319
772,0.6898697,0.19108671,0.26380438,0.19528657,0.42606533,-0.0041998625
773,0.14912738,0.04044833,0.06599911,0.047831155,0.083128266,-0.007382825
774,0.44471663,0.12286388,0.19445924,0.13246867,0.25025737,-0.009604789
775,0.51949346,0.13298848,0.20109074,0.138976,0.3184027,-0.00598751
776,0.79686797,0.22327274,0.25964946,0.20017545,0.5372185,0.023097292
777,0.730994,0.27983388,0.3175709,0.2429585,0.4134231,0.036875382
778,0.50118625,0.10830378,0.17258172,0.12435441,0.32860452,-0.01605063
779,0.49011388,0.11607033,0.20613186,0.13070531,0.28398204,-0.014634982
780,0.05118185,0.15245329,0.03128425,0.022218794,0.019897599,0.1302345
781,0.4189324,0.16762653,0.16232732,0.108336166,0.2566051,0.059290364
782,0.37704012,0.11397053,0.112100005,0.07837993,0.2649401,0.035590604
783,0.4160668,0.13302517,0.1425662,0.09124477,0.2735006,0.041780397
784,0.6898575,0.16334103,0.2369541,0.16965798,0.4529034,-0.006316945
785,0.32540494,0.16684602,0.16503224,0.11957274,0.1603727,0.047273286
786,0.2605899,0.064976916,0.09754227,0.06758083,0.16304763,-0.0026039109
787,0.18664627,0.12041954,0.09999369,0.07723037,0.08665258,0.043189168
788,0.508928,0.1932523,0.24764884,0.19682474,0.26127917,-0.003572449
789,0.55719995,0.16009045,0.2501068,0.1705982,0.30709314,-0.0105077475
790,0.4007415,0.13362096,0.17386761,0.12005913,0.22687387,0.01356183
791,0.80970305,0.2204471,0.28235346,0.19518104,0.5273496,0.025266051
792,0.34014845,0.27249622,0.20975427,0.15775356,0.13039418,0.11474267
793,0.23125306,0.07936441,0.1025451,0.07630435,0.12870796,0.0030600652
794,0.5186077,0.14109793,0.23838358,0.13521999,0.28022408,0.005877942
795,0.43615857,0.21082969,0.24445531,0.18633208,0.19170326,0.024497613
796,0.48558074,0.12724306,0.17061526,0.11240089,0.3149655,0.0148421675
797,0.3977448,0.1162416,0.1779453,0.11301799,0.2197995,0.0032236055
798,0.43608266,0.111666285,0.17325512,0.12653695,0.26282755,-0.014870666
799,0.49557456,0.092523605,0.13072266,0.086724155,0.3648519,0.00579945
800,0.15002462,0.05524299,0.055499516,0.03790559,0.094525106,0.0173374
801,0.44770113,0.13208531,0.17494868,0.12232436,0.27275246,0.009760946
802,0.23873638,0.1044958,0.13065436,0.10100667,0.10808201,0.0034891292
803,0.3309255,0.12189433,0.18121013,0.120780386,0.14971536,0.0011139438
804,0.46521962,0.0917551,0.12764092,0.094100356,0.3375787,-0.0023452565
805,0.14277454,0.20690888,0.080708854,0.050986864,0.062065683,0.15592203
806,0.32995668,0.10999137,0.13853917,0.10226023,0.19141752,0.0077311397
807,0.35566732,0.05398475,0.1153539,0.073187746,0.24031343,-0.019202996
808,0.74610424,0.23896596,0.31095967,0.21683733,0.43514457,0.022128627
809,0.59510803,0.151842,0.25649709,0.16387108,0.33861095,-0.012029082
810,0.5970003,0.16706103,0.205408,0.15398245,0.3915923,0.013078585
811,0.6632135,0.18380874,0.23980494,0.17242296,0.42340857,0.011385784
812,0.32730713,0.19107346,0.24245116,0.18205735,0.08485597,0.0090161115
813,0.4448468,0.14608775,0.14693448,0.1037519,0.29791233,0.042335853
814,0.6222408,0.23024456,0.30726224,0.22206628,0.31497854,0.008178279
815,0.49378762,0.1426141,0.21086983,0.13946345,0.2829178,0.003150642
816,0.4827819,0.17531286,0.2109751,0.15073141,0.27180678,0.024581447
817,0.35705638,0.100763,0.13827592,0.09353425,0.21878046,0.007228747
818,0.60616046,0.19242139,0.25724667,0.19685933,0.3489138,-0.0044379383
819,0.587965,0.19688725,0.2616914,0.18965079,0.32627362,0.007236466
820,0.6139088,0.17219585,0.24350758,0.17605121,0.37040126,-0.0038553625
821,0.48615488,0.13355446,0.21299624,0.14650273,0.27315864,-0.012948275
822,0.3186007,0.14836782,0.15185317,0.11244891,0.16674754,0.035918914
823,0.67314965,0.066365205,0.17090242,0.108150996,0.5022472,-0.04178579
824,0.2513168,0.1086491,0.13217431,0.08551024,0.11914247,0.023138858
825,0.39351174,0.15819184,0.15972023,0.11868493,0.23379152,0.039506912
826,0.20736833,0.020692937,0.06744932,0.04479207,0.13991901,-0.024099134
827,0.34497148,0.081516385,0.10283961,0.07817134,0.24213186,0.0033450425
828,0.48020923,0.24259941,0.21569662,0.15441552,0.2645126,0.088183895
829,0.2352818,0.10049862,0.17530824,0.12388623,0.059973553,-0.02338761
830,0.17326173,0.06451513,0.09587704,0.056780286,0.077384695,0.0077348426
831,0.3482864,0.10925704,0.12133162,0.08273461,0.22695477,0.026522435
832,0.47744972,0.15043072,0.17307247,0.12436507,0.30437726,0.026065655
833,0.52615565,0.18234569,0.20047271,0.14558849,0.32568294,0.0367572
834,0.33459246,0.06425139,0.12538885,0.0816449,0.20920362,-0.017393507
835,0.31480992,0.14934646,0.13859887,0.0935329,0.17621104,0.05581356
836,0.39528313,0.13532649,0.17193414,0.11611162,0.22334899,0.019214869
837,0.3865063,0.15594299,0.1936243,0.13960211,0.19288199,0.016340882
838,0.4662781,0.11312135,0.18947789,0.12553634,0.27680022,-0.012414984
839,-0.06555084,0.13463664,0.0552351,0.034168415,-0.12078594,0.100468226
840,0.60268074,0.19170126,0.22292022,0.1605927,0.3797605,0.031108558
841,0.758928,0.25406685,0.30105883,0.22286423,0.45786917,0.03120263
842,0.38709432,0.09452334,0.15855217,0.11735612,0.22854215,-0.022832781
843,0.49472263,0.1613598,0.19096918,0.13049997,0.30375344,0.030859828
844,0.17853644,0.021248793,0.09658803,0.06426786,0.081948414,-0.043019064
845,0.17557299,0.118063435,0.128528,0.09840916,0.047044992,0.019654274
846,0.0958298,0.043518208,0.05215717,0.042421635,0.04367263,0.0010965727
847,0.3265827,0.18534416,0.17367642,0.122789465,0.15290628,0.062554695
848,0.099932306,0.13695267,0.057840157,0.043888412,0.04209215,0.093064256
849,0.48275912,0.12861288,0.15962927,0.11466725,0.32312983,0.013945624
850,0.40716845,0.180217,0.24252439,0.17948404,0.16464406,0.0007329583
851,0.38484758,0.09651043,0.25406522,0.15045547,0.13078237,-0.053945042
852,0.5034676,0.09742078,0.19606599,0.12205385,0.30740163,-0.024633065
853,0.62958276,0.12192309,0.16558631,0.10799096,0.46399647,0.013932131
854,0.38099304,0.12479665,0.18097982,0.12332239,0.20001322,0.0014742613
855,0.40212458,0.13604245,0.15250346,0.10030898,0.24962112,0.03573347
856,0.25088394,0.039347805,0.096523255,0.06809171,0.15436068,-0.028743908
857,0.73510015,0.12989777,0.20070711,0.14243783,0.5343931,-0.012540057
858,0.61537105,0.03971528,0.09938393,0.066186264,0.5159871,-0.026470985
859,0.45990932,0.14075859,0.1622098,0.11602578,0.2976995,0.024732806
860,0.049183395,0.1384804,0.07219268,0.05510121,-0.023009282,0.08337919
861,0.5623012,0.113143645,0.13092533,0.09242652,0.4313759,0.020717122
862,0.6506174,0.1906649,0.31254917,0.22176833,0.33806825,-0.031103432
863,0.3473118,0.08831699,0.08359662,0.06194631,0.26371518,0.026370682
864,0.42079392,0.11833413,0.20584282,0.13770325,0.2149511,-0.019369125
865,0.52835894,0.0955972,0.13212907,0.100084245,0.39622986,-0.004487045
866,0.22134443,0.096485175,0.15249212,0.11492447,0.068852305,-0.018439293
867,0.25411227,0.06430371,0.07970097,0.056932546,0.1744113,0.007371165
868,0.74127465,0.21636873,0.3051086,0.2278668,0.43616605,-0.011498064
869,0.4594633,0.10434597,0.13510841,0.09918894,0.3243549,0.005157031
870,0.487647,0.14001745,0.14654219,0.105444565,0.3411048,0.034572884
871,0.44683802,0.10211374,0.14821352,0.10469885,0.29862452,-0.002585113
872,0.6984941,0.14052735,0.17714687,0.12722468,0.5213472,0.013302669
873,0.6362598,0.19533406,0.20491359,0.15971175,0.4313462,0.035622314
874,0.15193254,0.05741905,0.044079762,0.03147074,0.10785277,0.025948312
875,0.5676124,0.17747848,0.179652,0.114604175,0.3879604,0.0628743
876,0.5298753,0.17765366,0.21383362,0.15689027,0.31604165,0.020763382
877,0.574623,0.17352904,0.25263315,0.19023982,0.32198983,-0.016710773
878,0.5734559,0.13213916,0.13375877,0.10126416,0.43969715,0.030875005
879,0.22816955,0.062014334,0.037567478,0.030541316,0.19060206,0.03147302
880,0.30791548,0.10235038,0.1701577,0.116199896,0.13775778,-0.013849519
881,0.33509737,0.10258348,0.123755656,0.10217317,0.21134171,0.00041031092
882,0.5039332,0.12634505,0.1849109,0.13720259,0.3190223,-0.010857537
883,0.3088712,0.15385486,0.09214632,0.07104965,0.21672489,0.08280521
884,0.9555848,0.3521276,0.44208995,0.30212536,0.51349485,0.050002247
885,0.6073711,0.22797252,0.3162492,0.2383378,0.2911219,-0.0103652775
886,0.4825067,0.20573089,0.21160264,0.14988811,0.27090406,0.055842772
887,0.34734488,0.09112461,0.10731558,0.076684594,0.2400293,0.014440015
888,0.67326164,0.20038734,0.23857088,0.1807907,0.43469077,0.019596651
889,0.3064578,0.02286896,0.09176657,0.0651983,0.21469122,-0.04232934
890,0.27587163,0.083228715,0.17745192,0.11429677,0.09841971,-0.031068057
891,0.6631587,0.14769834,0.15477712,0.12024832,0.5083816,0.027450025
892,0.67923814,0.13540636,0.21405116,0.15175207,0.46518698,-0.01634571
893,0.5924274,0.1951911,0.24236497,0.18488604,0.3500624,0.010305062
894,0.54223543,0.15138215,0.250886,0.16119927,0.29134944,-0.009817123
895,0.18045864,0.19269319,0.07291246,0.04555451,0.10754617,0.14713868
896,0.8067191,0.119378306,0.1933668,0.12776165,0.6133523,-0.008383341
897,0.43141022,0.1939292,0.24920504,0.18689129,0.18220519,0.007037908
898,0.3383095,0.11199857,0.15812938,0.11266154,0.18018012,-0.00066296756
899,0.23610306,0.10330727,0.102085695,0.07758324,0.13401736,0.025724031
900,0.5223592,0.17448576,0.2278239,0.17454502,0.29453528,-5.9261918e-05
901,0.2095736,0.06283782,0.0979071,0.06767017,0.11166649,-0.0048323497
902,0.14945468,0.07733984,0.10285431,0.07117204,0.04660037,0.0061677992
903,0.29762408,0.13762291,0.19652675,0.13030325,0.10109733,0.007319659
904,0.7263574,0.29215094,0.38790986,0.2859394,0.33844754,0.006211549
905,0.519024,0.10881007,0.14820337,0.09759985,0.37082064,0.011210218
906,0.67859536,0.15424064,0.19828099,0.15372944,0.48031437,0.00051119924
907,0.15660581,0.07584152,0.08417015,0.050347336,0.07243566,0.025494188
908,0.3785706,0.089133464,0.17578013,0.1259341,0.20279045,-0.03680063
909,0.010517035,0.02652313,0.018362049,0.01569615,-0.007845014,0.010826981
910,0.51607597,0.14891596,0.19163959,0.1263939,0.32443637,0.022522062
911,0.39742666,0.13377891,0.18327102,0.13264698,0.21415564,0.0011319369
912,0.31105754,0.065850586,0.1406223,0.094312124,0.17043523,-0.028461538
913,0.43135494,0.10467596,0.13206558,0.0914989,0.29928935,0.013177067
914,0.58693886,0.190788,0.28394198,0.1968421,0.30299687,-0.0060541034
915,0.4389019,0.08971444,0.14367849,0.10341899,0.2952234,-0.013704553
916,0.5508264,0.12675807,0.21198091,0.14087465,0.33884546,-0.014116585
917,0.46275368,0.101973,0.14466886,0.0970285,0.31808484,0.004944496
918,0.13494658,0.09511081,0.07766414,0.05486834,0.057282448,0.04024247
919,0.5648992,0.17441775,0.19144824,0.13590555,0.37345096,0.0385122
920,0.24751446,0.11305529,0.12265553,0.08764236,0.12485892,0.025412932
921,0.1678052,0.28940564,0.17380571,0.12089703,-0.006000519,0.16850862
922,0.2360873,0.08226514,0.09717135,0.06830383,0.13891596,0.013961308
923,0.37683767,0.096465126,0.10617101,0.076315105,0.27066666,0.02015002
924,0.231848,0.081664935,0.13534966,0.088951156,0.09649834,-0.007286221
925,0.43044317,0.13074043,0.154307,0.11151844,0.27613616,0.019221991
926,0.34407485,0.13765576,0.17737676,0.12811847,0.16669808,0.0095372945
927,0.53967875,0.18646552,0.30240494,0.20355952,0.23727381,-0.017094001
928,0.48061997,0.17310353,0.2184901,0.17568037,0.26212987,-0.002576843
929,0.3595376,0.13179399,0.16783965,0.13439746,0.19169796,-0.0026034713
930,0.50738776,0.17459784,0.2164104,0.13517499,0.29097736,0.039422855
931,0.06363501,-0.039509516,0.0341437,0.019286584,0.029491305,-0.0587961
932,0.3379217,0.10760568,0.10728691,0.07299237,0.23063481,0.03461331
933,0.23611423,0.090431854,0.08626127,0.058459602,0.14985296,0.03197225
934,0.1758443,0.08766085,0.08160856,0.0648947,0.09423573,0.02276615
935,0.32417527,0.08104611,0.11880277,0.08664807,0.2053725,-0.0056019574
936,0.24272446,0.021049924,0.0973662,0.06878988,0.14535826,-0.047739953
937,0.22528054,0.05359895,0.070553765,0.04613708,0.15472677,0.007461872
938,0.41917405,0.09292478,0.1268681,0.0839426,0.29230595,0.008982182
939,0.48925927,0.14865263,0.17615122,0.1260529,0.31310806,0.022599727
940,0.14825498,0.14069706,0.13605802,0.09646878,0.012196958,0.044228286
941,0.715669,0.21544506,0.2949994,0.21939364,0.4206696,-0.003948584
942,-0.034040697,0.12849987,0.023726752,0.014827785,-0.05776745,0.11367208
943,0.642992,0.29403773,0.3939241,0.28442532,0.24906793,0.009612411
944,0.49019045,0.1334303,0.18127054,0.11515262,0.3089199,0.018277682
945,0.2697221,0.1973331,0.11580329,0.084978506,0.15391882,0.11235459
946,0.23146811,0.042647913,0.1191769,0.074990146,0.11229121,-0.032342233
947,0.33608216,0.14234847,0.15540291,0.11361786,0.18067925,0.028730609
948,0.8188138,0.25908402,0.3437961,0.2565512,0.4750177,0.00253281
949,0.044294912,0.102159746,0.03767578,0.01819757,0.006619133,0.08396217
950,0.7421639,0.19866553,0.2599637,0.20226407,0.4822002,-0.003598541
951,0.54197824,0.1764935,0.23914747,0.17435421,0.30283076,0.0021392852
952,0.51604563,0.18049867,0.27287033,0.20412858,0.2431753,-0.023629904
953,0.42390454,0.19768803,0.23645163,0.16538471,0.18745291,0.03230332
954,0.49725646,0.09829872,0.11290474,0.08517742,0.38435173,0.013121299
955,0.28209817,0.12503165,0.14150116,0.10412644,0.14059702,0.020905212
956,0.20041661,0.06868598,0.0830516,0.06371878,0.11736501,0.004967198
957,0.68302846,0.14811039,0.23102069,0.1583935,0.45200777,-0.0102831125
958,0.20206365,0.07502417,0.07447998,0.05330494,0.12758367,0.021719232
959,0.51584244,0.12427749,0.198446,0.1310672,0.31739643,-0.006789714
960,0.23263113,0.14727262,0.091385506,0.06360473,0.14124563,0.08366789
961,0.46698636,0.18179688,0.20642534,0.14337191,0.26056102,0.03842497
962,0.56778204,0.10893508,0.16253822,0.1133801,0.4052438,-0.0044450164
963,0.30201036,0.10548542,0.14265193,0.10371973,0.15935843,0.0017656833
964,0.10428165,0.024050834,0.06751877,0.047652647,0.03676288,-0.023601813
965,0.64566094,0.14915475,0.20835952,0.1366015,0.4373014,0.01255326
966,0.63351446,0.14238535,0.19327335,0.120866515,0.4402411,0.021518834
967,0.6338927,0.16005284,0.2502789,0.1714491,0.38361382,-0.011396259
968,0.35413182,0.11104032,0.15349413,0.103683256,0.20063768,0.007357061
969,0.10041007,0.062773764,0.102451906,0.073191896,-0.002041839,-0.010418132
970,0.45343724,0.12398153,0.16708142,0.122117355,0.28635582,0.0018641725
971,0.4353331,0.14511244,0.18711323,0.13587968,0.24821988,0.0092327595
972,0.60441,0.16824514,0.23094496,0.15814528,0.37346503,0.010099858
973,0.093874775,0.03951016,0.030568773,0.023607293,0.063306004,0.015902868
974,0.5959323,0.20581263,0.23231117,0.14728366,0.36362112,0.058528975
975,0.36830667,0.14468478,0.17407663,0.13171953,0.19423003,0.012965247
976,0.4586302,0.12382739,0.15040879,0.10397564,0.3082214,0.019851752
977,0.34928802,0.11901953,0.11854209,0.08595981,0.23074593,0.033059724
978,0.33360264,0.17094998,0.17707002,0.14303747,0.15653262,0.027912512
979,0.42992386,0.08902866,0.12883234,0.09319425,0.30109152,-0.00416559
980,0.5786363,0.19332846,0.2164996,0.15777436,0.3621367,0.035554096
981,0.58021575,0.13887423,0.19410518,0.1442959,0.38611057,-0.0054216683
982,0.3216084,0.11003382,0.14128661,0.100033596,0.18032178,0.010000221
983,0.5663969,0.15088484,0.21744864,0.15312512,0.34894824,-0.0022402853
984,0.49615982,0.16767502,0.20981959,0.14107458,0.28634024,0.026600435
985,0.04057567,0.138411,0.030849528,0.014902185,0.009726141,0.12350882
986,0.7746344,0.2416236,0.31026512,0.22101185,0.4643693,0.020611748
987,0.07612129,0.059914697,0.055737913,0.043003093,0.02038338,0.016911604
988,0.36944535,0.16080905,0.18456249,0.13874087,0.18488286,0.022068188
989,0.6111387,0.21330579,0.2876097,0.2097198,0.323529,0.0035859793
990,0.29304758,0.018639684,0.128802,0.07870995,0.16424558,-0.06007027
991,0.37886196,0.1219983,0.1510357,0.10945438,0.22782627,0.012543924
992,0.48704895,0.1388546,0.22359255,0.16545577,0.2634564,-0.02660118
993,-0.018427454,0.13064298,0.012285568,0.00415673,-0.030713022,0.12648626
994,0.33543304,0.10624485,0.12789437,0.09611769,0.20753866,0.010127157
995,0.415276,0.098004095,0.12923302,0.090955816,0.286043,0.007048279
996,0.38703033,0.11084873,0.17531705,0.1267144,0.21171328,-0.015865661
997,0.3274893,0.1303664,0.13627902,0.102883376,0.19121027,0.027483024
998,0.5984811,0.1911617,0.18728456,0.13795556,0.41119656,0.053206146
999,0.22826838,0.09824555,0.10806767,0.08518005,0.120200716,0.013065502
1000,0.6470811,0.18733732,0.23860106,0.16914268,0.40848002,0.018194646
1001,0.3211561,0.19038668,0.15506272,0.100591466,0.1660934,0.08979522
1002,0.44047466,0.06537736,0.08211034,0.06266321,0.3583643,0.0027141497
1003,0.58437544,0.20789763,0.2600789,0.18636551,0.32429653,0.021532118
1004,0.5704051,0.14204581,0.16927578,0.118274495,0.40112936,0.023771316
1005,0.37973687,0.13231052,0.14385477,0.11020972,0.2358821,0.022100806
1006,0.58458304,0.18340603,0.2971395,0.19756615,0.28744355,-0.014160126
1007,0.5289802,0.16357085,0.22366862,0.17153463,0.30531156,-0.007963777
1008,0.36389235,0.20672928,0.16055426,0.118944764,0.20333809,0.087784514
1009,0.5137214,0.16832247,0.20191458,0.14595619,0.31180683,0.022366285
1010,0.5837745,0.21326582,0.2429641,0.17975362,0.34081042,0.033512205
1011,0.5579623,0.16117129,0.2431215,0.16058867,0.3148408,0.0005826205
1012,0.36988118,0.14458501,0.19246867,0.13742681,0.17741251,0.007158205
1013,0.6571811,0.22571243,0.30229527,0.20787731,0.35488582,0.017835125
1014,0.2745683,0.055272806,0.08876681,0.05011043,0.18580148,0.005162377
1015,0.26119393,0.09466131,0.09892001,0.06471895,0.16227391,0.029942364
1016,0.40603182,0.17084855,0.13956387,0.10596542,0.26646793,0.06488313
1017,0.52499753,0.16868305,0.18550852,0.1223795,0.339489,0.046303555
1018,0.20722412,0.1033442,0.08805909,0.055237807,0.119165026,0.048106395
1019,0.5023959,0.16579123,0.19804814,0.12955673,0.30434778,0.036234498
1020,0.43132463,0.21196091,0.11515436,0.09049675,0.31617028,0.12146416
1021,0.4464709,0.088163175,0.104729176,0.07783597,0.3417417,0.010327205
1022,0.3680094,0.109024756,0.16699474,0.114922166,0.20101465,-0.00589741
1023,0.5310725,0.12573071,0.2007899,0.1439681,0.3302826,-0.018237397
1024,0.6317347,0.15013093,0.2320534,0.16512403,0.39968133,-0.014993101
1025,0.10172688,0.034115855,0.066474244,0.04820586,0.03525264,-0.014090005
1026,0.6827278,0.1794248,0.25576323,0.17335296,0.42696458,0.0060718507
1027,0.61127764,0.1760762,0.21230635,0.14959422,0.3989713,0.026481986
1028,0.48398924,0.10733881,0.17976066,0.121404335,0.30422857,-0.014065526
1029,0.014415604,-0.024759028,0.02696222,0.018982282,-0.012546617,-0.04374131
1030,0.4612076,0.29530042,0.22146353,0.1751051,0.23974407,0.12019533
1031,0.69067526,0.18758579,0.2063653,0.15288486,0.48430997,0.03470093
1032,0.31594977,0.16230914,0.17734672,0.12576948,0.13860305,0.03653966
1033,0.45804697,0.10991159,0.1545187,0.105226114,0.30352828,0.0046854764
1034,0.32371596,0.106419705,0.121287525,0.08828934,0.20242843,0.018130362
1035,0.58682686,0.1170029,0.17873287,0.12919287,0.408094,-0.012189977
1036,0.46195713,0.11759643,0.15405497,0.09540425,0.30790216,0.02219218
1037,0.2733329,0.08299729,0.15238427,0.0965267,0.12094863,-0.013529405
1038,0.5327759,0.14793316,0.2046458,0.14588106,0.32813007,0.0020520985
1039,0.3519192,0.101452924,0.10579417,0.080080114,0.24612504,0.02137281
1040,0.090390295,0.23955406,0.10094352,0.06703242,-0.010553226,0.17252165
1041,0.19987161,0.10697296,0.08104674,0.05252393,0.11882488,0.054449033
1042,0.81016177,0.18853456,0.24191236,0.17119753,0.5682494,0.017337024
1043,0.7778904,0.2245189,0.28215545,0.20996635,0.49573493,0.0145525485
1044,0.18020143,0.01788618,0.09333488,0.0681134,0.08686654,-0.05022722
1045,0.11273658,0.08192017,0.061142754,0.041352753,0.05159383,0.040567417
1046,0.8442648,0.3709727,0.49627337,0.36369967,0.34799144,0.0072730184
1047,0.55054545,0.12060881,0.16131394,0.12359257,0.3892315,-0.0029837638
1048,0.46246284,0.19428766,0.22103186,0.16051005,0.24143098,0.03377761
1049,0.04196588,0.13259844,0.028639808,0.02098771,0.013326071,0.11161073
1050,0.8199201,0.24620016,0.3207118,0.2359531,0.49920833,0.010247067
1051,0.02174286,0.1345928,0.045603603,0.033842754,-0.023860743,0.100750044
1052,0.23374283,0.12602562,0.09402768,0.069057494,0.13971515,0.056968123
1053,0.5599518,0.18717054,0.24772136,0.1775255,0.3122304,0.00964503
1054,0.49524233,0.11888641,0.15185991,0.10549905,0.34338242,0.01338736
1055,0.60287577,0.23677698,0.3208233,0.22451201,0.28205246,0.012264967
1056,0.9352507,0.28681263,0.35967183,0.2574744,0.57557887,0.02933824
1057,0.43151632,0.09336875,0.141927,0.10424203,0.28958932,-0.01087328
1058,0.66195476,0.16932121,0.2719144,0.18121901,0.39004037,-0.011897802
1059,0.32359818,0.05652651,0.09870672,0.06822705,0.22489145,-0.0117005445
1060,0.4925514,0.17173669,0.23271021,0.14460967,0.25984117,0.027127013
1061,0.14389648,0.058306605,0.05208221,0.041199297,0.091814265,0.017107308
1062,0.57489085,0.151952,0.15506053,0.117264114,0.41983032,0.034687884
1063,0.563217,0.20527616,0.2487267,0.19116047,0.3144903,0.014115691
1064,0.47134683,0.13517511,0.09943493,0.07107493,0.37191188,0.064100176
1065,0.037285805,0.14272138,0.038447253,0.029066022,-0.0011614487,0.11365536
1066,0.5893084,0.12763041,0.09213224,0.06257179,0.49717614,0.065058626
1067,0.6420103,0.19410723,0.24867181,0.19520183,0.39333844,-0.0010945946
1068,0.08334664,0.18741184,0.041725993,0.024893593,0.04162065,0.16251825
1069,0.5463795,0.15511768,0.19391263,0.14923356,0.35246688,0.005884111
1070,0.36914152,0.1018431,0.15582873,0.08817457,0.21331279,0.01366853
1071,0.6276692,0.22612546,0.31060347,0.22377753,0.31706575,0.0023479313
1072,0.3516454,0.14294294,0.18377307,0.13233104,0.16787234,0.010611892
1073,0.29488477,0.16875154,0.13211495,0.10487886,0.16276982,0.06387268
1074,0.15077028,0.0673544,0.056064226,0.047099806,0.09470605,0.020254597
1075,0.9463141,0.21663801,0.32901,0.22894835,0.6173041,-0.012310341
1076,0.47302333,0.15859996,0.25279233,0.18612781,0.220231,-0.027527854
1077,0.34631386,0.121399514,0.1118202,0.08306722,0.23449367,0.03833229
1078,0.40607166,0.11177653,0.21365087,0.14225233,0.1924208,-0.030475795
1079,0.30207327,0.20194378,0.0837897,0.06707027,0.21828356,0.13487351
1080,0.27460948,0.019819714,0.04768738,0.02682882,0.2269221,-0.0070091058
1081,0.37755066,0.091800794,0.11216259,0.08037485,0.26538807,0.011425942
1082,0.48785326,0.14228529,0.1642241,0.120360196,0.32362914,0.021925092
1083,0.4102214,0.11341238,0.1562341,0.11963483,0.2539873,-0.0062224492
1084,0.57012343,0.1345254,0.21579261,0.13959959,0.35433084,-0.005074188
1085,0.2173307,0.050083943,0.06927023,0.04874968,0.14806047,0.0013342611
1086,0.7044317,0.14522098,0.18493839,0.12253199,0.51949334,0.022688992
1087,0.2954383,0.09936858,0.13409792,0.09592122,0.16134037,0.0034473613
1088,0.64370906,0.19335176,0.18770283,0.13717279,0.45600623,0.056178972
1089,0.50449586,0.18680243,0.26696005,0.18062003,0.2375358,0.0061824024
1090,0.30666777,0.11922669,0.14399968,0.09885708,0.1626681,0.020369604
1091,0.33527753,0.16849887,0.20854752,0.14586158,0.12673001,0.022637293
1092,0.5799692,0.15914652,0.19814488,0.15064245,0.38182434,0.008504063
1093,0.50136316,0.1729707,0.22390993,0.1613917,0.27745324,0.011578992
1094,0.59639865,0.14356704,0.18536839,0.12676148,0.41103026,0.01680556
1095,0.28874767,0.06815807,0.124110244,0.07843636,0.16463742,-0.010278292
1096,0.472747,0.115479626,0.23215333,0.14897203,0.24059367,-0.03349241
1097,0.16607635,0.041587535,0.054015167,0.038233303,0.11206118,0.0033542328
1098,0.6069246,0.13837136,0.18940485,0.12050569,0.41751975,0.017865673
1099,0.534964,0.11123102,0.15610836,0.10234592,0.37885565,0.0088851005
1100,0.36762777,0.13450569,0.17232493,0.13129148,0.19530284,0.0032142103
1101,0.6569748,0.16448444,0.27247575,0.18270162,0.38449904,-0.018217176
1102,0.11605184,-0.019468956,0.05840675,0.033931352,0.057645086,-0.053400308
1103,0.42598128,0.17280753,0.20480137,0.13266389,0.22117992,0.04014364
1104,0.5564694,0.29682422,0.40344104,0.3093645,0.15302834,-0.012540281
1105,0.20600417,0.06848168,0.09801416,0.063459285,0.10799001,0.0050223917
1106,0.4941422,0.10252386,0.15682961,0.1136594,0.33731258,-0.011135533
1107,0.30852497,0.10631725,0.14620315,0.09541039,0.16232182,0.01090686
1108,0.63990015,0.24076818,0.32282907,0.22788398,0.31707108,0.0128842
1109,0.649204,0.19262049,0.3137416,0.1949521,0.33546242,-0.0023316145
1110,0.24094115,0.050527193,0.06896993,0.04596337,0.17197123,0.0045638233
1111,0.052809633,-0.018813152,0.052346967,0.029285694,0.00046266615,-0.048098847
1112,0.6677658,0.1826286,0.2245059,0.15924016,0.4432599,0.023388445
1113,0.7653546,0.23757283,0.3179139,0.23680052,0.44744068,0.0007723123
1114,0.7017849,0.16061299,0.25935492,0.16504598,0.44243,-0.004432991
1115,0.5840708,0.1543861,0.20049588,0.15150018,0.3835749,0.0028859228
1116,0.4775578,0.14423476,0.20293824,0.14295506,0.27461958,0.0012796968
1117,0.3157238,0.058580387,0.108624555,0.0715258,0.20709926,-0.01294541
1118,0.3373079,0.11885636,0.16769305,0.114006676,0.16961485,0.004849687
1119,0.36263892,0.10749013,0.1452161,0.111890495,0.21742281,-0.004400365
1120,0.25874493,0.08822873,0.13909918,0.09423817,0.119645745,-0.006009437
1121,0.25848323,0.07556854,0.10671157,0.07785721,0.15177166,-0.0022886693
1122,0.42245984,0.18825717,0.19352312,0.13769354,0.22893672,0.050563633
1123,0.40559268,0.21979643,0.17068438,0.12373414,0.2349083,0.096062295
1124,0.14085656,0.07041938,0.076536275,0.062866054,0.06432029,0.007553324
1125,0.26443437,0.08853132,0.15482526,0.097458646,0.10960911,-0.008927323
1126,0.53444195,0.16512379,0.2085772,0.14487934,0.32586473,0.02024445
1127,0.7891229,0.1670547,0.23703818,0.1724972,0.5520847,-0.0054425
1128,0.6106884,0.26215526,0.30769768,0.23438077,0.3029907,0.027774498
1129,0.81268555,0.18572216,0.31905568,0.21367154,0.49362987,-0.027949378
1130,0.48212662,0.20347537,0.2002867,0.14202967,0.2818399,0.0614457
1131,0.6505902,0.17151049,0.23331833,0.16618896,0.41727185,0.0053215325
1132,0.43187803,0.20073198,0.2123266,0.15382898,0.21955143,0.046903
1133,0.48602843,0.11593306,0.15702179,0.11241422,0.32900664,0.0035188422
1134,0.70544916,0.17027213,0.22297426,0.15511994,0.48247492,0.015152186
1135,0.40065715,0.086629614,0.13945468,0.09377991,0.26120245,-0.0071502924
1136,0.4952759,0.08510636,0.13808127,0.09857318,0.35719466,-0.01346682
1137,0.49788898,0.1681905,0.20959422,0.14868769,0.28829476,0.019502804
1138,0.5574568,0.22244284,0.27020335,0.17580433,0.28725344,0.046638504
1139,0.5836095,0.11950172,0.16509399,0.10847193,0.41851553,0.011029787
1140,0.9053907,0.28283933,0.43966198,0.29095253,0.4657287,-0.008113205
1141,0.5282767,0.1261102,0.2121803,0.1542488,0.31609637,-0.028138608
1142,0.07621345,0.043194033,0.047473986,0.036421143,0.028739464,0.0067728907
1143,0.5472639,0.10522239,0.14986433,0.10618655,0.3973996,-0.0009641573
1144,0.44182274,0.17460366,0.20997095,0.15643242,0.23185179,0.018171236
1145,0.36299294,0.10720569,0.10590589,0.07400839,0.25708705,0.0331973
1146,0.6255116,0.13684775,0.18646607,0.13223484,0.43904552,0.004612908
1147,0.6666702,0.25074282,0.2419177,0.18619642,0.4247525,0.064546406
1148,0.33213225,0.13129663,0.13377619,0.084219836,0.19835606,0.0470768
1149,0.33964905,0.12735897,0.22259693,0.1621845,0.11705212,-0.034825534
1150,0.07176871,0.14982678,0.045513906,0.033309,0.026254803,0.11651778
1151,0.8138519,0.16751194,0.2700757,0.18758707,0.54377615,-0.020075127
1152,0.25285795,0.12331604,0.06889874,0.044510942,0.18395922,0.078805104
1153,0.32935172,0.09377827,0.105548725,0.08269821,0.223803,0.011080056
1154,0.7676823,0.19822726,0.23949865,0.17732388,0.5281837,0.020903379
1155,0.18184766,0.05454446,0.07696561,0.057336994,0.104882054,-0.0027925335
1156,0.600303,0.18245536,0.24012296,0.17566878,0.36018002,0.006786585
1157,0.60577756,0.1594348,0.24898843,0.17179765,0.3567891,-0.012362853
1158,0.38585612,0.086873546,0.13343808,0.094598785,0.25241804,-0.007725239
1159,0.2599281,0.06610013,0.10241969,0.08115439,0.15750842,-0.015054263
1160,0.33623034,0.08527691,0.16823813,0.115750454,0.1679922,-0.030473545
1161,0.34491745,0.14209652,0.12548122,0.089145206,0.21943623,0.052951314
1162,0.39856195,0.2310397,0.24679355,0.19761261,0.1517684,0.03342709
1163,0.34700775,0.09403674,0.13013613,0.09840192,0.21687162,-0.004365176
1164,0.26979986,0.08629044,0.111239634,0.08283006,0.15856022,0.003460385
1165,0.39299142,0.11206449,0.1856176,0.14778268,0.20737383,-0.035718195
1166,0.24291061,0.06719342,0.099853136,0.07722784,0.14305747,-0.01003442
1167,0.5742822,0.17299867,0.21559086,0.14616868,0.35869136,0.026829988
1168,0.6105255,0.10955898,0.16587594,0.120040044,0.44464955,-0.010481067
1169,0.45890397,0.15281555,0.13183996,0.07691081,0.327064,0.07590474
1170,0.41489828,0.0938795,0.14615738,0.09540121,0.2687409,-0.001521714
1171,0.7432588,0.20762232,0.26308495,0.1874008,0.48017383,0.020221516
1172,0.32819316,0.099193625,0.132301,0.09206092,0.19589216,0.0071327016
1173,0.68293834,0.15120646,0.20171408,0.15469807,0.48122424,-0.0034916103
1174,0.6647091,0.113133214,0.1476466,0.10610396,0.5170625,0.0070292577
1175,0.42235303,0.14997602,0.20610765,0.1360819,0.21624538,0.013894111
1176,0.4723915,0.0814158,0.12846145,0.08418868,0.34393004,-0.0027728751
1177,0.6786505,0.12744594,0.17048422,0.123923026,0.5081663,0.0035229102
1178,0.68477696,0.14691581,0.21863346,0.15085985,0.4661435,-0.0039440393
1179,0.7499128,0.1763734,0.27871746,0.19077146,0.47119534,-0.014398053
1180,0.5528884,0.16290252,0.19143805,0.1295249,0.36145034,0.033377618
1181,0.50972027,0.121507384,0.14565681,0.0971234,0.36406344,0.024383985
1182,0.42393628,0.13202868,0.1902858,0.13333236,0.23365048,-0.0013036728
1183,0.32678548,0.13610208,0.17552593,0.11779249,0.15125954,0.018309593
1184,0.4926027,0.13259627,0.18266216,0.13258001,0.30994055,1.6257167e-05
1185,0.35670927,0.12888286,0.15076473,0.11020775,0.20594454,0.018675104
1186,0.7701651,0.23024699,0.28406572,0.20055792,0.48609936,0.029689074
1187,0.3520696,0.16067898,0.15312871,0.11204519,0.19894087,0.04863379
1188,0.3597909,0.23549736,0.1615735,0.11500432,0.19821739,0.12049303
1189,0.58766425,0.12887996,0.21939537,0.14878097,0.36826888,-0.019901007
1190,0.417691,0.12380722,0.14477573,0.10254885,0.27291524,0.02125837
1191,0.32286796,0.15777148,0.11772511,0.07673396,0.20514286,0.08103752
1192,0.4683015,0.06758757,0.121403694,0.08205965,0.3468978,-0.014472082
1193,0.4201789,0.19216225,0.24240187,0.16691491,0.17777702,0.025247335
1194,0.6629281,0.28946617,0.34024173,0.24354558,0.32268637,0.045920596
1195,0.51214933,0.23933306,0.2675738,0.20297332,0.24457553,0.036359742
1196,0.6548961,0.09266253,0.1425812,0.0974464,0.5123149,-0.004783869
1197,0.33545968,0.13175185,0.16413835,0.11935651,0.17132133,0.012395337
1198,0.42609465,0.18340728,0.18603829,0.14329422,0.24005637,0.04011306
1199,0.6302765,0.13276112,0.15576768,0.10989678,0.47450882,0.022864342
1200,0.43974075,0.13123582,0.15277864,0.102531016,0.2869621,0.028704807
1201,0.38197228,0.13899411,0.17469724,0.12717058,0.20727505,0.011823535
1202,0.41173205,0.13627017,0.14373378,0.10387764,0.26799828,0.032392524
1203,0.8138056,0.15542094,0.19455016,0.13582395,0.6192554,0.019596994
1204,0.44675618,0.10830533,0.11796276,0.092281215,0.3287934,0.016024113
1205,0.7379969,0.14176065,0.15368095,0.12348201,0.5843159,0.018278636
1206,0.35406306,0.09550914,0.09386428,0.07882972,0.26019877,0.016679421
1207,0.48463917,0.10252827,0.11979713,0.08948574,0.36484203,0.013042524
1208,0.18210751,0.16312681,0.120018646,0.084787264,0.062088862,0.07833955
1209,0.68409467,0.21451889,0.159468,0.11327319,0.5246267,0.1012457
1210,0.033073653,-0.041759778,0.034085773,0.01710929,-0.0010121204,-0.058869068
1211,0.4364222,0.11038299,0.11489972,0.0871409,0.32152247,0.023242086
1212,0.66392404,0.117204614,0.2308124,0.15509184,0.43311164,-0.037887223
1213,0.44613892,0.09464154,0.09674333,0.07681106,0.34939557,0.017830476
1214,0.32552615,0.121626996,0.11210115,0.08336924,0.213425,0.038257755
1215,0.5517059,0.12571761,0.13969772,0.09377064,0.41200817,0.031946972
1216,0.18152764,0.14277618,0.081887744,0.05593409,0.0996399,0.08684209
1217,0.31060797,0.18438591,0.2141159,0.15518121,0.09649207,0.029204696
1218,0.21956234,0.13892744,0.12539928,0.09896777,0.09416306,0.039959677
1219,0.5487871,0.21229668,0.2701047,0.19429414,0.2786824,0.01800254
1220,0.5444465,0.14189541,0.22584414,0.16211131,0.31860238,-0.020215899
1221,0.5832638,0.11468064,0.16725703,0.113413274,0.4160068,0.0012673661
1222,0.15331556,0.040485054,0.071152955,0.05087747,0.082162604,-0.010392416
1223,0.14507861,-0.009288782,0.097832344,0.07240188,0.04724627,-0.08169066
1224,0.4328688,0.12213062,0.16125008,0.10362067,0.27161872,0.018509947
1225,0.45876512,0.11840145,0.1601763,0.113843165,0.2985888,0.0045582876
1226,0.40760574,0.17333212,0.26760507,0.19326133,0.14000067,-0.0199292
1227,0.59117323,0.19937077,0.26152024,0.19989705,0.329653,-0.0005262792
1228,0.28890124,0.080447264,0.101843014,0.07261492,0.18705823,0.007832341
1229,0.674273,0.26601556,0.30756626,0.22214286,0.36670676,0.0438727
1230,0.3910218,0.20717105,0.21777375,0.16768217,0.17324804,0.03948888
1231,0.6670914,0.27156988,0.3091598,0.21859498,0.35793164,0.052974895
1232,0.34450746,0.15518975,0.20800903,0.1408102,0.13649842,0.014379546
1233,0.15342587,0.08873259,0.070704564,0.04274678,0.08272131,0.045985814
1234,0.3342562,0.14750949,0.14141186,0.09521708,0.19284435,0.052292407
1235,0.6644742,0.14822677,0.1834451,0.13393919,0.4810291,0.014287576
1236,0.16423969,0.14344484,0.11261235,0.07544802,0.051627338,0.067996815
1237,0.45069572,0.13679108,0.093843445,0.07431119,0.3568523,0.06247989
1238,0.2956328,0.100006066,0.15439369,0.114130974,0.14123912,-0.014124908
1239,0.27113912,0.07553604,0.09657521,0.06815106,0.17456391,0.0073849857
1240,0.42033884,0.0979234,0.1277211,0.091301575,0.29261774,0.0066218227
1241,0.11624916,0.09723112,0.048748065,0.03240049,0.0675011,0.06483063
1242,0.7374255,0.20730653,0.23684382,0.17602238,0.5005817,0.031284153
1243,0.564757,0.18097343,0.18452409,0.14155588,0.3802329,0.03941755
1244,0.4343897,0.104582116,0.15899807,0.10599293,0.27539164,-0.0014108121
1245,0.052512646,0.06814727,0.14090948,0.10201671,-0.08839683,-0.033869438
1246,0.24996506,0.0433635,0.07143437,0.04623687,0.1785307,-0.0028733686
1247,0.0159145,0.08438763,0.07423373,0.054721348,-0.058319233,0.029666282
1248,0.4932751,0.21806264,0.27994588,0.17899127,0.21332923,0.039071366
1249,0.28658587,0.10260077,0.12518978,0.093219474,0.16139609,0.009381294
1250,0.21474212,0.04474837,0.02501671,0.018564872,0.18972541,0.026183497
1251,0.44614425,0.1485134,0.16630097,0.13089702,0.27984327,0.017616391
1252,0.35104564,0.19616759,0.19854979,0.14734188,0.15249585,0.04882571
1253,0.4359105,0.17359664,0.26127276,0.16921124,0.17463773,0.004385397
1254,0.54781026,0.16525367,0.20221083,0.14601007,0.3455994,0.019243598
1255,-0.096042365,0.107576124,0.011478297,0.004948707,-0.10752066,0.10262742
1256,0.45770293,0.12640308,0.19215916,0.14795661,0.26554376,-0.021553531
1257,0.5498383,0.3367945,0.38727134,0.30014396,0.16256696,0.03665054
1258,0.14452586,0.027202094,0.052578103,0.03649967,0.09194775,-0.009297578
1259,0.42929986,0.130561,0.16617472,0.12387927,0.26312512,0.0066817254
1260,0.4701743,0.122811854,0.12688802,0.09509738,0.34328628,0.027714476
1261,0.51814175,0.27255598,0.3150597,0.24188328,0.20308205,0.0306727
1262,0.5224533,0.14961533,0.14460835,0.100487925,0.37784496,0.049127407
1263,0.5666276,0.09113439,0.16791953,0.122408435,0.3987081,-0.031274043
1264,0.56725574,0.21193185,0.23945627,0.15967634,0.32779947,0.05225551
1265,0.17897442,0.07060998,0.13550135,0.094632484,0.043473065,-0.024022505
1266,0.91541517,0.29586586,0.4175414,0.29371968,0.49787375,0.0021461844
1267,0.7574105,0.26696873,0.33395097,0.23219481,0.42345956,0.034773916
1268,0.5098935,0.088936694,0.13470513,0.09387131,0.37518835,-0.0049346164
1269,0.24432068,0.09151625,0.10055498,0.07808296,0.14376569,0.0134332925
1270,0.1755229,0.036282677,0.11622347,0.080059566,0.059299424,-0.04377689
1271,0.49471986,0.14388175,0.17384109,0.13579467,0.32087877,0.008087084
1272,0.19042431,0.05179196,0.13166854,0.089146376,0.05875577,-0.037354417
1273,0.5713559,0.117810085,0.2149497,0.14406271,0.35640618,-0.026252627
1274,0.5423608,0.21261454,0.21400268,0.16468516,0.3283581,0.047929376
1275,0.43191832,0.09256845,0.16663261,0.10394925,0.26528573,-0.011380799
1276,0.69615054,0.1896925,0.24717918,0.15963553,0.44897136,0.030056968
1277,0.49601173,0.17563607,0.20954278,0.14270838,0.28646895,0.032927692
1278,0.54717743,0.13832985,0.20977339,0.1566501,0.33740404,-0.018320248
1279,0.5017728,0.16222736,0.18898073,0.13779745,0.3127921,0.024429917
1280,0.4476554,0.17604344,0.13701096,0.09620562,0.31064445,0.079837814
1281,0.26023105,0.10988254,0.11989987,0.07745503,0.14033118,0.032427512
1282,0.615799,0.18688677,0.25135207,0.16463327,0.36444694,0.022253498
1283,0.5082307,0.17384173,0.21009164,0.15981372,0.29813904,0.014028013
1284,0.4418106,0.13687171,0.17057446,0.1241346,0.27123615,0.01273711
1285,0.48653185,0.17181662,0.20243935,0.13942495,0.2840925,0.032391667
1286,0.6807727,0.21767549,0.29733014,0.22506997,0.38344258,-0.0073944777
1287,0.5830162,0.21705216,0.23445582,0.1724095,0.3485604,0.044642657
1288,0.4382473,0.12826349,0.13166472,0.097421825,0.30658257,0.030841663
1289,0.67434084,0.19770484,0.2862399,0.20344107,0.38810095,-0.005736232
1290,0.6413002,0.16614193,0.21926358,0.15423538,0.42203662,0.011906549
1291,0.39433166,0.11301083,0.1492081,0.10178369,0.24512357,0.011227138
1292,0.4572901,0.14525442,0.1595333,0.115577504,0.2977568,0.029676914
1293,0.48909813,0.18045582,0.2785355,0.2003847,0.21056265,-0.019928887
1294,0.69055927,0.14625876,0.19126546,0.13182738,0.4992938,0.014431372
1295,0.4346585,0.09973027,0.17637977,0.119652055,0.25827873,-0.019921787
1296,0.31093636,0.083978444,0.15080698,0.100442305,0.16012938,-0.01646386
1297,0.6609198,0.17364588,0.28805804,0.18690483,0.37286174,-0.013258949
1298,0.22659814,0.055445194,0.04708306,0.032332715,0.17951508,0.02311248
1299,0.3343767,0.08948906,0.17003563,0.10123445,0.16434106,-0.011745393
1300,0.49813366,0.12916628,0.15481678,0.105420485,0.34331688,0.02374579
1301,0.49113432,0.23103546,0.2151448,0.16411154,0.27598953,0.06692392
1302,0.34214482,0.18810919,0.20068929,0.16169873,0.14145553,0.02641046
1303,0.35179138,0.15328713,0.14979361,0.10554056,0.20199777,0.04774657
1304,0.35857084,0.09097254,0.22935958,0.13544357,0.12921126,-0.044471025
1305,0.5825146,0.2423898,0.30878633,0.21961439,0.27372825,0.022775412
1306,0.7307848,0.19652471,0.3023599,0.20408508,0.42842487,-0.0075603724
1307,0.41057652,0.22082998,0.24301548,0.19844131,0.16756104,0.022388667
1308,0.455857,0.15431875,0.20552616,0.13895297,0.25033087,0.015365779
1309,0.28570446,0.05966763,0.13163605,0.09129985,0.15406841,-0.03163222
1310,0.040907297,0.02517142,0.06507206,0.04206842,-0.024164762,-0.016897002
1311,0.42327902,0.10623398,0.13201526,0.09383915,0.29126376,0.012394823
1312,0.089018725,0.18903738,0.027485754,0.022451019,0.06153297,0.16658637
1313,0.22578906,0.0462527,0.05598115,0.039593797,0.16980791,0.0066589043
1314,0.806876,0.26107344,0.37202397,0.24996838,0.43485203,0.011105061
1315,0.30358756,0.039921384,0.11978917,0.08799644,0.18379839,-0.048075054
1316,0.48028666,0.08932335,0.18055204,0.11842016,0.29973462,-0.029096812
1317,0.38238826,0.10396023,0.14567387,0.10608115,0.2367144,-0.0021209195
1318,0.32744223,0.1040638,0.11697187,0.078455605,0.21047035,0.025608197
1319,0.42086202,0.08288643,0.1327838,0.09948267,0.28807822,-0.016596243
1320,0.38838437,0.12545556,0.14869508,0.087801054,0.23968929,0.037654504
1321,0.5609217,0.18243425,0.16270939,0.115602866,0.39821234,0.06683138
1322,0.4528484,0.21485636,0.24084154,0.17376831,0.21200687,0.041088045
1323,0.22992292,0.087855354,0.09628859,0.07600282,0.13363433,0.011852533
1324,0.6121213,0.17366293,0.22096094,0.15354834,0.39116034,0.020114586
1325,0.3746072,0.20393649,0.16139445,0.105564654,0.21321276,0.09837183
1326,0.33376116,0.06500964,0.112619676,0.080416,0.22114149,-0.015406363
1327,0.535615,0.11484545,0.16852984,0.1172957,0.3670852,-0.00245025
1328,0.4900378,0.15143551,0.22406988,0.15727815,0.2659679,-0.005842641
1329,0.3910502,0.19230676,0.1794929,0.11684736,0.21155728,0.0754594
1330,0.5927161,0.13447382,0.20860717,0.13750508,0.38410893,-0.0030312687
1331,0.70286125,0.18166292,0.2445815,0.15823272,0.45827973,0.023430198
1332,0.12340727,0.108609945,0.0669326,0.04090612,0.056474663,0.06770383
1333,0.5766685,0.18889765,0.24709792,0.16897777,0.3295706,0.019919887
1334,0.35055858,0.05308625,0.10207482,0.07203813,0.24848376,-0.018951878
1335,0.6458442,0.21207611,0.24954733,0.18491307,0.3962969,0.027163044
1336,0.8085996,0.18420891,0.23909421,0.16127816,0.5695054,0.022930756
1337,0.35884562,0.07679129,0.121468864,0.08720903,0.23737675,-0.0104177445
1338,0.35493365,0.115680575,0.17047583,0.1192746,0.18445782,-0.003594026
1339,0.5228212,0.262419,0.2690795,0.20871408,0.25374168,0.053704903
1340,0.18306263,0.03699617,0.05621004,0.027577307,0.12685259,0.009418864
1341,0.6968466,0.25850698,0.3408186,0.23413058,0.356028,0.024376407
1342,0.5292406,0.17076457,0.229809,0.17704093,0.29943162,-0.006276369
1343,0.33091542,0.09912462,0.15665266,0.111935,0.17426276,-0.012810379
1344,0.49202675,0.12298027,0.17079651,0.109848395,0.32123023,0.013131872
1345,0.48006675,0.19297592,0.18830036,0.15455864,0.2917664,0.03841728
1346,0.31763542,0.13673134,0.18056762,0.14349362,0.1370678,-0.006762281
1347,0.46329924,0.12651138,0.18289876,0.113165654,0.28040048,0.013345726
1348,0.54169804,0.13968138,0.2028826,0.12729481,0.33881545,0.012386575
1349,0.12112667,0.036485627,0.05539754,0.040864557,0.06572913,-0.0043789297
1350,0.3873013,0.13500604,0.17748252,0.123333596,0.20981878,0.011672445
1351,0.47271183,0.13209103,0.23901352,0.15072143,0.23369831,-0.0186304
1352,0.61955595,0.22429751,0.27193287,0.2005411,0.34762308,0.023756415
1353,0.57766616,0.19216323,0.22127672,0.14983115,0.35638946,0.042332083
1354,0.3185921,0.059624583,0.08455291,0.060710568,0.23403919,-0.0010859855
1355,0.15968145,0.03099441,0.05946973,0.039106376,0.100211725,-0.008111967
1356,0.47885352,0.18728842,0.26604152,0.18370976,0.212812,0.0035786629
1357,0.59566,0.24970174,0.29276484,0.22788188,0.30289513,0.02181986
1358,0.62125665,0.1675907,0.24281435,0.16815636,0.3784423,-0.000565663
1359,0.0647244,0.046821766,0.058970112,0.044945866,0.0057542883,0.0018758997
1360,0.14214951,0.0011823454,0.063638076,0.03888231,0.07851143,-0.037699968
1361,0.48374465,0.1720503,0.20120616,0.14655066,0.28253847,0.025499642
1362,0.49049604,0.24341035,0.25382325,0.19456759,0.23667279,0.048842758
1363,0.38304037,0.15918905,0.1777803,0.1216318,0.20526007,0.037557244
1364,0.5102679,0.13915169,0.21710122,0.15559757,0.2931667,-0.016445875
1365,0.68855846,0.043739874,0.10798565,0.07643185,0.5805728,-0.032691974
1366,0.39243662,0.11567902,0.19419056,0.12990811,0.19824606,-0.0142290965
1367,0.34299225,0.07623163,0.12505063,0.08258049,0.21794161,-0.0063488632
1368,0.49030927,0.13186772,0.17426412,0.13272266,0.31604517,-0.0008549392
1369,0.7395846,0.20178801,0.31185335,0.21360055,0.42773128,-0.011812538
1370,0.16992742,0.0474642,0.092821844,0.054662507,0.077105574,-0.0071983077
1371,0.38650006,0.044939913,0.085919,0.0582544,0.30058107,-0.013314486
1372,0.48194283,0.07591321,0.16918628,0.1174742,0.31275654,-0.041560985
1373,0.41299245,0.14871573,0.1892519,0.13652627,0.22374055,0.012189463
1374,0.34724745,0.095275395,0.09957163,0.07445507,0.24767582,0.020820327
1375,0.65131694,0.112782456,0.15474872,0.1098909,0.4965682,0.0028915554
1376,0.55710274,0.21530676,0.2646361,0.20119767,0.29246664,0.01410909
1377,0.6737451,0.24525033,0.26116395,0.18966083,0.41258115,0.055589497
1378,0.57979536,0.17088065,0.18465087,0.13234131,0.3951445,0.038539335
1379,0.3846793,0.057307985,0.09499731,0.067907356,0.28968197,-0.010599371
1380,0.3203103,0.08821676,0.12264012,0.087575845,0.19767018,0.00064091384
1381,0.48652458,0.17044453,0.18770349,0.12814781,0.2988211,0.042296723
1382,0.37452918,0.13405085,0.21905585,0.15044816,0.15547334,-0.016397312
1383,0.34279892,0.1203333,0.15171647,0.103685595,0.19108245,0.016647704
1384,0.6055359,0.15866292,0.20201917,0.14344342,0.40351677,0.015219495
1385,0.37719595,0.108386256,0.14983954,0.11037819,0.22735642,-0.001991935
1386,0.29878122,0.106639154,0.13328877,0.08975292,0.16549245,0.016886234
1387,0.6268426,0.21615696,0.2738465,0.1887501,0.3529961,0.027406856
1388,0.37778664,0.1643368,0.20581885,0.15467963,0.17196779,0.009657174
1389,0.5546154,0.0918383,0.13561764,0.09476997,0.41899773,-0.0029316694
1390,0.23209317,0.0989873,0.11381401,0.08189761,0.11827916,0.017089695
1391,0.2516817,0.1087649,0.16371128,0.12301271,0.087970406,-0.014247805
1392,0.07238636,0.0634086,0.05220584,0.042834274,0.020180523,0.020574324
1393,0.6927793,0.19922145,0.20684406,0.14647223,0.48593524,0.052749217
1394,0.22340865,0.05858598,0.075455725,0.04782347,0.14795293,0.010762509
1395,0.3827409,0.16425239,0.22566314,0.18262298,0.15707777,-0.018370599
1396,0.5979056,0.22009823,0.21493462,0.15387511,0.38297096,0.066223115
1397,0.49915996,0.20819676,0.15917282,0.11259653,0.33998716,0.09560023
1398,0.5800874,0.13541125,0.19475752,0.14204527,0.3853299,-0.0066340268
1399,0.7367465,0.21514195,0.2688796,0.19282956,0.4678669,0.022312388
1400,0.24975416,0.027419575,0.072151974,0.053733744,0.17760219,-0.02631417
1401,0.55840564,0.17928818,0.19103701,0.14323722,0.36736864,0.03605096
1402,0.011185245,0.016175138,0.0535962,0.0295986,-0.042410955,-0.0134234615
1403,0.23873796,0.12003526,0.14576122,0.11237216,0.092976734,0.007663101
1404,0.32565677,0.088537514,0.10247101,0.0690098,0.22318576,0.019527711
1405,0.4372957,0.10241572,0.16890036,0.12304324,0.26839536,-0.020627521
1406,0.45654687,0.110284016,0.13637199,0.097226836,0.32017487,0.01305718
1407,0.3245654,0.063787736,0.09511601,0.07459007,0.22944939,-0.010802336
1408,0.58421326,0.10984418,0.14138271,0.09071271,0.44283056,0.019131467
1409,0.48710036,0.14798327,0.19084838,0.13351296,0.29625198,0.014470309
1410,0.16433813,0.111568004,0.124330744,0.08191578,0.040007383,0.029652223
1411,0.6340444,0.14534257,0.18443269,0.13887413,0.44961172,0.006468445
1412,0.63374096,0.09260846,0.1630561,0.110704675,0.47068486,-0.018096216
1413,0.47003183,0.10222547,0.13066608,0.088013195,0.33936575,0.014212273
1414,0.11891173,-0.04514951,0.056903183,0.030579567,0.062008545,-0.07572907
1415,0.33548608,0.09858409,0.13240665,0.084767714,0.20307943,0.013816379
1416,0.39671904,0.096946485,0.13124754,0.09522458,0.26547152,0.0017219037
1417,0.8449129,0.30012146,0.3324856,0.23643021,0.51242733,0.06369124
1418,0.64116395,0.137261,0.18774348,0.13820396,0.45342046,-0.0009429604
1419,0.23027144,0.06262473,0.073928006,0.046415932,0.15634343,0.016208798
1420,0.7915258,0.18808113,0.21644,0.15870102,0.57508576,0.029380113
1421,0.5485626,0.23504354,0.27412623,0.20951812,0.27443635,0.02552542
1422,0.34400427,0.062377937,0.12006941,0.07505339,0.22393486,-0.012675449
1423,0.45334086,0.12565857,0.1803215,0.12985416,0.27301937,-0.004195586
1424,0.10286947,0.021355074,0.041538835,0.030278157,0.06133064,-0.008923084
1425,0.32859877,0.09723277,0.10740326,0.07474126,0.2211955,0.022491507
1426,0.7991879,0.25164425,0.33414024,0.23962358,0.46504766,0.012020677
1427,0.513084,0.18395041,0.20478407,0.13858385,0.30829993,0.045366555
1428,0.51092905,0.18243828,0.27111858,0.19476621,0.23981047,-0.012327924
1429,0.045419972,0.040223856,0.044137105,0.026150232,0.001282867,0.014073623
1430,0.47425058,0.10506257,0.14976016,0.09707752,0.32449043,0.007985048
1431,0.26899496,0.082475916,0.07899998,0.060711958,0.18999498,0.021763958
1432,0.333296,0.13939016,0.20263402,0.13270606,0.13066198,0.0066840947
1433,0.6429736,0.16222686,0.19915076,0.13726911,0.44382286,0.024957746
1434,0.32476377,0.13124639,0.16592625,0.114525415,0.15883753,0.016720973
1435,0.43297985,0.12594363,0.16716768,0.11593046,0.26581216,0.010013171
1436,0.5722748,0.22221513,0.21258822,0.13829063,0.35968658,0.0839245
1437,0.33404085,-0.025891151,0.06594118,0.050467957,0.26809967,-0.07635911
1438,0.46654627,0.121931106,0.17711134,0.13832048,0.2894349,-0.01638937
1439,0.522934,0.3510504,0.38253307,0.3074645,0.14040095,0.043585896
1440,0.32203358,0.0786513,0.11331141,0.08223392,0.20872217,-0.0035826191
1441,0.5520966,0.12631369,0.22767618,0.1451463,0.32442042,-0.018832609
1442,0.7764571,0.1809641,0.23093125,0.15830475,0.5455258,0.022659346
1443,0.5470718,0.12499574,0.18966463,0.13654052,0.35740718,-0.011544779
1444,0.016880875,0.11201539,0.022399317,0.008157025,-0.005518442,0.10385837
1445,0.626286,0.19571291,0.22891244,0.1738538,0.39737353,0.02185911
1446,0.10836364,0.020858444,0.07957063,0.054589383,0.028793015,-0.03373094
1447,0.34989756,0.11688656,0.15430662,0.11179955,0.19559094,0.0050870106
1448,0.64118886,0.24080938,0.32188404,0.23799476,0.31930482,0.0028146207
1449,0.4707869,0.20693843,0.28136024,0.18441987,0.18942666,0.02251856
1450,0.5385603,0.1229834,0.24356861,0.16645159,0.29499167,-0.043468185
1451,0.29965323,0.09001626,0.13264263,0.09050638,0.1670106,-0.00049012154
1452,0.5620338,0.12424556,0.1461594,0.10920075,0.41587436,0.015044808
1453,0.51014096,0.23642206,0.24936958,0.1727811,0.2607714,0.06364097
1454,0.4733337,0.12787206,0.18975596,0.1356822,0.28357774,-0.0078101307
1455,0.45352814,0.15421103,0.21456501,0.13670221,0.23896313,0.01750882
1456,0.5554653,0.19002472,0.22676575,0.15825747,0.32869953,0.03176725
1457,0.48587543,0.1540331,0.18347578,0.13250299,0.30239964,0.021530107
1458,0.19791865,0.16424693,0.04041744,0.027059067,0.15750122,0.13718787
1459,0.68212986,0.11089942,0.157294,0.11303581,0.5248358,-0.0021363944
1460,0.3671063,0.07464354,0.14005296,0.10311012,0.22705333,-0.028466582
1461,0.26303148,0.17223506,0.12129335,0.07379927,0.14173813,0.09843579
1462,0.5468742,0.19323964,0.25632745,0.18449059,0.29054677,0.008749053
1463,0.35831577,0.11042616,0.114085115,0.08278392,0.24423066,0.027642235
1464,0.59800905,0.12764063,0.1830183,0.13937803,0.41499075,-0.011737391
1465,0.26046532,0.050775778,0.10797485,0.07714303,0.15249047,-0.02636725
1466,0.613532,0.13139509,0.20251207,0.13956854,0.41101992,-0.008173451
1467,0.5050775,0.13679463,0.17701347,0.110033795,0.32806402,0.026760831
1468,0.45292062,0.14568757,0.11841879,0.09136764,0.33450183,0.054319926
1469,0.33895674,0.15891154,0.11790826,0.07912574,0.22104847,0.0797858
1470,0.41977412,0.08258731,0.10373759,0.064802974,0.31603652,0.017784335
1471,0.21384324,0.1487179,0.17648366,0.12670404,0.03735958,0.022013858
1472,0.16891178,0.07305712,0.081075236,0.051740665,0.08783655,0.021316458
1473,0.5840595,0.18854079,0.2592499,0.17636903,0.32480958,0.01217176
1474,0.4607526,0.10122345,0.1408852,0.10588608,0.3198674,-0.004662633
1475,0.5473889,0.10270358,0.18025789,0.116935514,0.36713102,-0.014231935
1476,0.27797255,0.060752522,0.09109972,0.066799834,0.18687284,-0.006047312
1477,0.55922174,0.17528856,0.13921133,0.097583175,0.42001042,0.07770538
1478,0.07049619,0.010306139,0.05660675,0.037069663,0.013889436,-0.026763525
1479,0.13151945,0.030411685,0.061755933,0.04519378,0.06976352,-0.014782095
1480,0.37654206,0.16463898,0.18682127,0.141386,0.1897208,0.023252979
1481,0.59515166,0.17511255,0.24706629,0.16513869,0.34808537,0.009973854
1482,0.37851253,0.121819034,0.14917514,0.10762943,0.2293374,0.014189601
1483,0.7728234,0.17008917,0.23213995,0.14770891,0.54068345,0.022380263
1484,0.17841433,0.08655093,0.082749784,0.06540958,0.095664546,0.02114135
1485,0.8099696,0.1661081,0.27725896,0.18000178,0.5327107,-0.013893679
1486,0.5156438,0.17785832,0.31053644,0.18269399,0.20510733,-0.004835665
1487,0.6273764,0.11766012,0.19785206,0.13637216,0.4295243,-0.018712044
1488,0.5504005,0.15536378,0.22581962,0.15322784,0.32458088,0.0021359473
1489,0.49621898,0.090951785,0.15367499,0.09511475,0.342544,-0.004162967
1490,0.5512399,0.18595913,0.19301803,0.13586022,0.3582219,0.05009891
1491,0.5330829,0.19348915,0.14385691,0.10989513,0.389226,0.08359402
1492,0.2864375,0.07733054,0.10660424,0.06043672,0.17983326,0.016893819
1493,0.33901477,0.09764262,0.10649377,0.068673015,0.232521,0.028969608
1494,0.4678917,0.17482474,0.210535,0.1537937,0.2573567,0.021031052
1495,0.7572593,0.17873023,0.22577977,0.16393684,0.53147954,0.014793396
1496,0.032578994,0.19358471,0.08569064,0.06443877,-0.053111646,0.12914595
1497,0.52234817,0.21685879,0.3330692,0.22455761,0.18927896,-0.007698819
1498,0.46454212,0.14833951,0.17887147,0.11987482,0.28567064,0.02846469
1499,0.66120434,0.22695379,0.25565115,0.1836342,0.4055532,0.043319583
1500,0.33199373,0.13171946,0.17034802,0.12273933,0.16164571,0.008980125
1501,0.2847717,0.104809485,0.14569679,0.101658985,0.13907492,0.0031505004
1502,0.33802694,0.0932958,0.12759177,0.08291028,0.21043517,0.010385521
1503,0.3587132,0.07800734,0.1657156,0.114077725,0.1929976,-0.036070384
1504,0.6720243,0.12001934,0.15145847,0.10837368,0.52056587,0.01164566
1505,0.60141885,0.13230547,0.21686037,0.15371874,0.3845585,-0.021413267
1506,0.40308306,0.10808768,0.12651661,0.08559607,0.27656645,0.022491612
1507,0.54537296,0.18185712,0.25395498,0.18158734,0.291418,0.00026978552
1508,0.2700232,0.0754357,0.08031424,0.055661935,0.18970895,0.019773763
1509,0.25284407,0.04486896,0.07786583,0.057729203,0.17497823,-0.012860242
1510,0.44369292,0.11923461,0.18611893,0.13819507,0.257574,-0.018960461
1511,0.34975165,0.14608161,0.15339468,0.11840769,0.19635697,0.027673922
1512,0.57255864,0.1506301,0.1744741,0.1348811,0.39808452,0.015749007
1513,0.7258302,0.22869304,0.30678838,0.2271599,0.4190418,0.0015331358
1514,0.23226158,0.074519,0.088829644,0.060856424,0.14343193,0.013662577
1515,0.4561236,0.17151526,0.18757622,0.1367997,0.26854736,0.034715563
1516,0.82243836,0.21034668,0.24079254,0.15726638,0.58164585,0.053080305
1517,0.45128667,0.16108808,0.23746677,0.17376693,0.2138199,-0.012678847
1518,0.6275586,0.19191992,0.21242419,0.16092232,0.4151344,0.030997604
1519,0.5090512,0.11664617,0.16727339,0.114331566,0.3417778,0.0023146048
1520,0.42774108,0.16079664,0.20739119,0.1549178,0.2203499,0.005878836
1521,0.44455907,0.17983195,0.21594477,0.15440464,0.2286143,0.025427312
1522,0.50923675,0.1217028,0.21670774,0.15048867,0.29252902,-0.028785877
1523,0.37063402,0.179862,0.2092689,0.15045223,0.16136512,0.029409766
1524,0.52740425,0.099016145,0.12641117,0.09056473,0.40099308,0.008451417
1525,0.66533303,0.21778932,0.21783261,0.15792787,0.4475004,0.05986145
1526,0.19485351,0.059986036,0.079545595,0.056989778,0.11530792,0.0029962584
1527,0.44189474,0.09697893,0.124486506,0.08772027,0.31740823,0.009258665
1528,0.22511664,0.15856251,0.1283361,0.090415895,0.09678054,0.068146616
1529,0.5689249,0.13565636,0.18910825,0.11287184,0.37981665,0.022784516
1530,0.7410891,0.3197173,0.3765409,0.2994761,0.3645482,0.0202412
1531,0.74364895,0.105495006,0.17161189,0.13492928,0.57203704,-0.029434279
1532,0.56320673,0.079703666,0.15589668,0.10761069,0.40731007,-0.027907021
1533,0.085670054,0.002763209,0.033357702,0.022259839,0.05231235,-0.01949663
1534,0.70294863,0.18377142,0.24638732,0.17411385,0.45656133,0.009657562
1535,0.23130064,0.07578962,0.06737557,0.049953904,0.16392507,0.025835719
1536,0.5485277,0.09145501,0.121122144,0.09073367,0.42740557,0.00072134286
1537,0.19998118,0.10353226,0.11232822,0.07139759,0.08765297,0.032134674
1538,0.65982324,0.1859109,0.27022725,0.19605061,0.389596,-0.010139719
1539,0.44528228,0.102183186,0.14477262,0.10589252,0.30050966,-0.0037093312
1540,0.36391082,0.10264246,0.19114366,0.12366378,0.17276716,-0.021021321
1541,0.65451247,0.18864274,0.2757874,0.1825444,0.37872505,0.006098345
1542,0.49769887,0.15387851,0.20221385,0.14204876,0.29548502,0.011829749
1543,0.5296806,0.15043527,0.22582427,0.15954399,0.30385634,-0.009108722
1544,0.43839478,0.23476607,0.24893916,0.18652877,0.18945563,0.048237294
1545,0.24732938,0.1381073,0.15886815,0.11253677,0.088461235,0.025570527
1546,0.6540981,0.16146812,0.18218341,0.12415886,0.47191468,0.03730926
1547,0.5795734,0.15324828,0.20753977,0.14139947,0.37203363,0.011848807
1548,0.5244589,0.10876868,0.17228732,0.12628539,0.35217157,-0.01751671
1549,0.33549482,0.13589354,0.17572084,0.124108,0.15977398,0.011785537
1550,0.35116872,0.122844696,0.20685923,0.12671074,0.14430949,-0.0038660467
1551,0.5180642,0.097847186,0.15682267,0.105795905,0.36124152,-0.007948719
1552,0.5239032,0.21536806,0.25478035,0.18043119,0.26912284,0.034936875
1553,0.5841357,0.14558707,0.26834232,0.17210649,0.3157934,-0.026519418
1554,0.41044223,0.17779997,0.16082957,0.12927857,0.24961266,0.0485214
1555,0.31853098,0.15072855,0.16554496,0.12381182,0.15298602,0.026916735
1556,0.6801034,0.13771564,0.19737871,0.14781654,0.48272473,-0.010100901
1557,0.43842041,0.1016344,0.15473308,0.11642267,0.28368735,-0.01478827
1558,0.48817462,0.08486567,0.11231353,0.07792486,0.37586108,0.0069408044
1559,0.42511126,0.14402543,0.16012272,0.11337433,0.26498854,0.0306511
1560,0.46972355,0.081452,0.13663797,0.0923156,0.3330856,-0.010863602
1561,0.5870222,0.17767894,0.29545373,0.20487252,0.29156846,-0.027193576
1562,0.10232613,0.046381336,0.058278807,0.052364033,0.044047326,-0.005982697
1563,0.006498462,-0.030313648,0.032581855,0.01938721,-0.026083393,-0.049700856
1564,0.11121753,0.04748152,0.059155874,0.04429118,0.052061655,0.0031903386
1565,0.50126326,0.22827789,0.25986496,0.19224997,0.2413983,0.036027923
1566,0.50739336,0.12778917,0.20661835,0.13708146,0.300775,-0.00929229
1567,0.16569693,0.118756525,0.094397664,0.0538821,0.07129927,0.064874426
1568,0.6008245,0.11988679,0.17309931,0.1237434,0.42772517,-0.0038566068
1569,0.8437663,0.17596388,0.29984728,0.19785634,0.54391897,-0.021892458
1570,0.40944454,0.11401819,0.20024934,0.12198625,0.2091952,-0.007968061
1571,0.679706,0.19296111,0.21322043,0.15719679,0.46648556,0.03576432
1572,0.57926303,0.1435047,0.1659787,0.123596,0.41328433,0.019908696
1573,0.25045,0.07641327,0.08319622,0.058173202,0.16725376,0.018240064
1574,0.35277876,0.068912596,0.17020166,0.112096906,0.1825771,-0.04318431
1575,0.5693253,0.2193923,0.35047108,0.22367379,0.21885425,-0.004281491
1576,0.55011743,0.18406385,0.22449687,0.16723332,0.32562056,0.016830534
1577,0.13582036,0.020858325,0.07272959,0.056075633,0.06309077,-0.035217308
1578,0.10487823,0.058690824,0.0472769,0.03693429,0.057601333,0.021756534
1579,0.20161825,0.08301439,0.069175795,0.04586912,0.13244246,0.037145272
1580,0.3185498,0.124212965,0.0932342,0.060057677,0.22531562,0.06415529
1581,0.37022358,0.1772009,0.1741835,0.11549076,0.19604008,0.06171014
1582,0.53886044,0.13828483,0.14881304,0.113437235,0.3900474,0.024847597
1583,0.5597056,0.17763431,0.2268351,0.16291873,0.3328705,0.014715582
1584,0.6351753,0.14343326,0.2034769,0.15250495,0.43169838,-0.009071693
1585,0.8005439,0.28159,0.3600691,0.26715142,0.4404748,0.014438599
1586,0.8037418,0.19541273,0.31057134,0.21972199,0.49317047,-0.024309263
1587,0.21047217,0.07480322,0.08627786,0.058903188,0.12419431,0.01590003
1588,0.37958026,0.13302012,0.1469945,0.104763985,0.23258576,0.028256133
1589,0.4600525,0.18522772,0.18265826,0.120995805,0.27739424,0.06423192
1590,0.59415555,0.2831565,0.1459836,0.10839604,0.44817194,0.17476048
1591,0.45824772,0.07471468,0.10706742,0.07329185,0.35118032,0.0014228299
1592,0.0735854,0.04569118,0.060566872,0.047471322,0.013018526,-0.0017801411
1593,0.41954145,0.11962203,0.17787859,0.120638154,0.24166286,-0.0010161251
1594,0.58734155,0.17183638,0.25895128,0.191217,0.32839027,-0.019380629
1595,0.1720733,0.096070364,0.115812,0.074890114,0.0562613,0.02118025
1596,0.093458526,0.062077284,0.08702771,0.06159108,0.006430812,0.00048620254
1597,0.85972464,0.24061845,0.26472145,0.19227283,0.5950032,0.048345625
1598,0.12907802,0.06199551,0.112559795,0.079431064,0.01651822,-0.017435554
1599,0.6497221,0.2481612,0.30331558,0.22399609,0.34640652,0.024165109
1600,0.22198533,0.084232636,0.14753745,0.10828112,0.07444787,-0.024048485
1601,0.4791582,0.14152169,0.18951456,0.118980624,0.28964365,0.022541068
1602,0.62257403,0.17288372,0.26286477,0.19434752,0.35970926,-0.021463796
1603,0.42458397,0.08298983,0.121457376,0.07649593,0.3031266,0.0064938962
1604,0.42947474,0.09286541,0.1199794,0.08389002,0.30949533,0.008975387
1605,0.629365,0.25641418,0.34725076,0.25159043,0.28211427,0.0048237443
1606,0.44707823,0.1796771,0.1735036,0.1287562,0.27357465,0.050920904
1607,0.6630152,0.12475732,0.19243157,0.13705914,0.47058362,-0.012301818
1608,0.42801544,0.21266396,0.24079683,0.1870323,0.1872186,0.025631666
1609,0.83989173,0.25107527,0.33461723,0.25024268,0.50527453,0.0008325875
1610,0.6476172,0.18200473,0.21514635,0.14130779,0.43247086,0.04069695
1611,0.51737124,0.11490792,0.149131,0.096767455,0.36824024,0.018140465
1612,0.7005239,0.1574101,0.25867385,0.18145308,0.44185007,-0.024042979
1613,0.36093232,0.16947159,0.15491882,0.11121261,0.2060135,0.05825898
1614,0.27265596,0.0383973,0.13056499,0.09149788,0.14209098,-0.053100582
1615,0.31692553,0.07286894,0.10456626,0.07410127,0.21235926,-0.001232326
1616,0.5479279,0.099188104,0.1590207,0.09649996,0.3889072,0.0026881471
1617,0.5302549,0.23844981,0.30446118,0.23539796,0.22579372,0.0030518472
1618,0.46759135,0.08067857,0.14437456,0.098150745,0.3232168,-0.017472178
1619,0.7090327,0.15617277,0.28761923,0.20000012,0.42141348,-0.043827355
1620,0.23850664,0.12140896,0.114046715,0.07534994,0.12445993,0.04605902
1621,0.7148901,0.15070678,0.22683752,0.16684635,0.4880526,-0.016139567
1622,0.6700764,0.2737518,0.33461,0.23595211,0.33546638,0.037799686
1623,0.42156312,0.114864044,0.156059,0.11188956,0.26550412,0.0029744804
1624,0.52174497,0.10347546,0.14918193,0.1078587,0.37256303,-0.0043832436
1625,0.5553434,0.17431296,0.19031914,0.13957228,0.36502427,0.034740686
1626,0.43154225,0.10489313,0.15554005,0.104592785,0.2760022,0.0003003478
1627,0.41457313,0.12703906,0.14302334,0.084754154,0.2715498,0.042284906
1628,0.34719995,0.074054904,0.11521028,0.07662,0.23198967,-0.0025650933
1629,0.57321495,0.2016618,0.2853201,0.19660929,0.28789485,0.005052507
1630,0.48748586,0.21650162,0.24239819,0.1862118,0.24508767,0.030289829
1631,0.91502976,0.38667172,0.48839575,0.3462656,0.426634,0.040406108
1632,0.6260415,0.21310788,0.24366459,0.1840473,0.38237688,0.029060587
1633,0.48558986,0.13139306,0.18274698,0.12266667,0.3028429,0.008726388
1634,0.1602056,0.06683686,0.07139027,0.04850325,0.08881533,0.018333606
1635,0.3059599,0.118607,0.1691116,0.11465782,0.13684832,0.0039491802
1636,0.86573535,0.17323646,0.21261351,0.15755877,0.6531218,0.01567769
1637,0.5650652,0.16496019,0.20297852,0.13940485,0.36208668,0.025555342
1638,0.34255233,0.12002697,0.1308333,0.082181476,0.21171904,0.037845492
1639,0.6010208,0.11217915,0.15478623,0.107496716,0.44623458,0.0046824366
1640,0.30892685,0.09659382,0.10892314,0.0772915,0.20000371,0.019302316
1641,0.18918763,0.11808821,0.09528919,0.06821497,0.09389844,0.04987324
1642,0.51379615,0.15171048,0.19629264,0.11464687,0.3175035,0.037063614
1643,0.38664696,0.119928,0.13926198,0.09755198,0.24738498,0.022376023
1644,0.6173811,0.1635416,0.23924232,0.16680637,0.37813878,-0.00326477
1645,0.41696754,0.064821705,0.111940905,0.07288709,0.30502665,-0.008065388
1646,0.27193403,0.012425325,0.07208046,0.05098926,0.19985357,-0.038563933
1647,0.33071023,0.08050355,0.14154193,0.10261041,0.1891683,-0.022106856
1648,0.67920506,0.19446576,0.23621538,0.16521809,0.44298968,0.029247671
1649,0.44976658,0.10193745,0.17994627,0.1166924,0.2698203,-0.014754951
1650,0.5740969,0.14065458,0.15662517,0.10928508,0.41747177,0.0313695
1651,0.45292434,0.10402667,0.16170542,0.1072158,0.29121894,-0.0031891316
1652,0.6529899,0.13718039,0.19502003,0.15067557,0.4579699,-0.013495177
1653,0.6265845,0.16001755,0.22099407,0.16453299,0.40559042,-0.0045154393
1654,0.4757421,0.1780962,0.20146437,0.13313046,0.27427775,0.044965744
1655,0.57021916,0.15954246,0.1787838,0.13239579,0.39143535,0.027146667
1656,0.2022755,0.11613166,0.07818031,0.053457774,0.12409519,0.06267389
1657,0.2341369,0.097305104,0.093207404,0.06860668,0.14092949,0.028698422
1658,0.103217304,-0.004085235,0.0577976,0.044372845,0.045419704,-0.04845808
1659,0.46933928,0.07284228,0.14865154,0.098952465,0.32068774,-0.026110187
1660,0.3243401,0.13842468,0.13344654,0.09165198,0.19089356,0.046772696
1661,0.60586,0.16250814,0.2718543,0.1927968,0.33400568,-0.030288652
1662,0.2050344,0.14101334,0.124517575,0.09140672,0.08051683,0.04960662
1663,0.61296517,0.23169185,0.22093272,0.15854354,0.39203244,0.07314831
1664,0.5086126,0.1299697,0.16825582,0.12554076,0.34035677,0.004428938
1665,0.625976,0.16706043,0.25030324,0.16370413,0.3756728,0.0033563077
1666,0.52605057,0.20138924,0.26103848,0.18308868,0.2650121,0.018300563
1667,0.7604903,0.18515956,0.30634564,0.20379385,0.45414466,-0.01863429
1668,0.4277978,0.092231356,0.17233631,0.12262066,0.25546148,-0.030389301
1669,0.18141122,0.064123,0.09626579,0.07536335,0.08514543,-0.011240356
1670,0.50263876,0.32491523,0.41168863,0.3129416,0.09095013,0.011973619
1671,0.6041551,0.12710953,0.20673235,0.143943,0.3974228,-0.01683347
1672,0.4746527,0.097985625,0.1487556,0.10374993,0.3258971,-0.0057643056
1673,0.46496734,0.16293707,0.23492089,0.15905435,0.23004645,0.003882721
1674,0.664873,0.14428903,0.19433944,0.1310825,0.47053355,0.013206527
1675,0.5433243,0.11589105,0.13682723,0.10825364,0.40649706,0.007637404
1676,0.61418307,0.15115073,0.24561958,0.14814417,0.36856347,0.0030065626
1677,0.10852063,0.01532893,0.06781996,0.044330806,0.040700667,-0.029001877
1678,0.3082974,0.09631804,0.17334071,0.12111322,0.13495669,-0.024795182
1679,0.7362837,0.16656725,0.23541741,0.16759768,0.5008663,-0.0010304302
1680,0.7391531,0.1525704,0.2020597,0.12314924,0.5370934,0.029421158
1681,0.06491689,0.022388365,0.046683736,0.03440671,0.01823315,-0.012018345
1682,0.9075243,0.24677241,0.33173305,0.23865858,0.57579124,0.008113831
1683,0.28389362,0.09802091,0.13284151,0.087816656,0.1510521,0.010204256
1684,0.69809693,0.10271691,0.17975952,0.122994885,0.5183374,-0.020277977
1685,0.30383494,0.090302005,0.16597691,0.11545702,0.13785803,-0.025155015
1686,0.19057368,0.19511916,0.123326086,0.08141665,0.06724759,0.113702506
1687,0.7015382,0.33668974,0.21959141,0.16220717,0.4819468,0.17448257
1688,0.42512667,0.097926416,0.1523026,0.10653967,0.27282408,-0.008613251
1689,0.633264,0.24251345,0.26000947,0.1912468,0.37325454,0.051266655
1690,0.5490326,0.2148154,0.26425117,0.19338293,0.28478146,0.02143246
1691,0.41937283,0.14494278,0.20263219,0.14245684,0.21674064,0.002485931
1692,0.621212,0.18053272,0.2561769,0.17747302,0.36503512,0.0030597001
1693,0.5373707,0.16384172,0.19800346,0.14004353,0.3393672,0.023798198
1694,0.6789696,0.18171397,0.27692795,0.17940566,0.40204167,0.002308309
1695,0.4526454,0.18432157,0.16766295,0.11323184,0.28498244,0.07108973
1696,0.24561249,0.12033468,0.09827916,0.07206881,0.14733332,0.048265867
1697,0.6340176,0.20200466,0.25738817,0.18540415,0.3766294,0.016600505
1698,0.5088294,0.14117268,0.14406759,0.11177155,0.36476183,0.029401131
1699,0.66493756,0.23618147,0.34301823,0.24641368,0.32191932,-0.01023221
1700,0.5598716,0.15995209,0.20880112,0.14390202,0.3510705,0.01605007
1701,0.46281245,0.16407524,0.21111968,0.14413866,0.25169277,0.019936576
1702,0.1758045,0.029538212,0.09219493,0.06277906,0.083609566,-0.033240847
1703,0.53252894,0.16884166,0.25767794,0.19397017,0.274851,-0.025128514
1704,0.45017174,0.13253912,0.13394228,0.10086618,0.31622946,0.03167294
1705,0.45835543,0.11530156,0.13540858,0.092810705,0.32294685,0.022490852
1706,0.58726573,0.12753905,0.13866785,0.09821153,0.44859788,0.029327527
1707,-0.0061827363,0.18458341,0.036792807,0.023621753,-0.042975545,0.16096166
1708,0.74878275,0.20995688,0.28877297,0.20838812,0.46000978,0.0015687644
1709,0.60111237,0.14922428,0.26866883,0.1634117,0.33244354,-0.014187425
1710,0.31008542,0.064004004,0.06716938,0.054819215,0.24291603,0.009184789
1711,0.5853022,0.16364186,0.23381281,0.15475982,0.35148937,0.008882031
1712,0.31677094,0.098485656,0.13004397,0.0986771,0.18672697,-0.00019144267
1713,0.5369056,0.09590958,0.11930182,0.08358508,0.41760376,0.012324497
1714,0.56777406,0.29775977,0.3054279,0.22700939,0.26234615,0.070750386
1715,0.43890113,0.1690574,0.22280481,0.15819052,0.21609631,0.01086688
1716,0.30917186,0.106871076,0.11909685,0.09038449,0.19007501,0.016486585
1717,0.5360411,0.08676137,0.18789995,0.12558521,0.34814113,-0.038823843
1718,0.36425498,0.082425,0.10859877,0.07283938,0.2556562,0.009585619
1719,0.106356174,0.007925964,0.10362206,0.07847499,0.0027341172,-0.070549026
1720,0.39839697,0.027665272,0.07614498,0.05935561,0.32225198,-0.031690337
1721,0.32640392,0.20001772,0.18089123,0.14182097,0.14551269,0.058196753
1722,0.4900745,0.18823937,0.22301134,0.17770907,0.26706314,0.010530293
1723,0.57290906,0.14488544,0.20112106,0.14644666,0.371788,-0.0015612245
1724,0.13480005,0.2031317,0.09891589,0.07419269,0.035884157,0.12893902
1725,0.74509984,0.25688934,0.35875702,0.27828312,0.38634282,-0.021393776
1726,0.58334315,0.17390801,0.26447216,0.18556067,0.318871,-0.011652663
1727,0.39295012,0.10745776,0.12234895,0.07815847,0.27060115,0.029299289
1728,0.51119226,0.11819206,0.18082157,0.12850745,0.3303707,-0.010315388
1729,0.9284319,0.23395053,0.2996356,0.23295848,0.62879634,0.0009920448
1730,0.4289696,0.068288475,0.13194199,0.08642658,0.2970276,-0.018138103
1731,0.3553628,0.09280628,0.12879798,0.089540325,0.22656482,0.0032659546
1732,0.82058877,0.20525596,0.2541929,0.18369083,0.5663959,0.021565124
1733,0.52826494,0.14114054,0.19577178,0.14229977,0.33249316,-0.0011592358
1734,0.6071462,0.1667116,0.2184799,0.16226009,0.3886663,0.0044515133
1735,0.59273267,0.16899283,0.26058048,0.18024364,0.3321522,-0.011250809
1736,0.5015253,0.09292002,0.13379757,0.087037966,0.3677277,0.0058820546
1737,0.7429156,0.14942269,0.17864068,0.13168466,0.5642749,0.01773803
1738,0.4951567,0.14638433,0.190196,0.13743094,0.30496073,0.0089533925
1739,0.30712092,0.16350785,0.21430488,0.14243901,0.09281604,0.021068841
1740,0.7072768,0.24004214,0.29908794,0.2222754,0.40818888,0.017766729
1741,0.5424576,0.15486102,0.17000805,0.11922304,0.37244952,0.035637975
1742,0.48402977,0.10013468,0.16036694,0.10535796,0.32366282,-0.0052232817
1743,0.44238576,0.17844214,0.19560762,0.14879574,0.24677815,0.029646397
1744,0.7324527,0.22328447,0.31417683,0.23665395,0.41827586,-0.013369486
1745,0.34565666,0.13285546,0.12877873,0.090028,0.21687794,0.042827457
1746,0.27896473,0.10844802,0.13952932,0.09395074,0.13943541,0.01449728
1747,0.331287,0.19998479,0.12747383,0.086300746,0.20381317,0.11368404
1748,0.4298735,0.16231641,0.20172589,0.14335917,0.22814761,0.018957242
1749,0.57297593,0.15851267,0.2591919,0.17204362,0.31378403,-0.013530955
1750,0.27334177,0.0858453,0.10666256,0.08369825,0.16667922,0.0021470487
1751,0.7830749,0.19162929,0.20357335,0.14342256,0.57950157,0.04820673
1752,0.4628102,0.20118327,0.24139147,0.16954048,0.22141872,0.031642795
1753,0.16277465,0.25609893,0.12467849,0.067204475,0.03809616,0.18889445
1754,0.714419,0.24183933,0.28029412,0.1853859,0.4341249,0.056453437
1755,0.44669467,0.09210652,0.11981092,0.08443504,0.32688376,0.007671483
1756,0.62825227,0.17753571,0.19901535,0.14758539,0.42923692,0.02995032
1757,0.6236715,0.18648717,0.2738746,0.19929664,0.34979686,-0.01280947
1758,0.2740859,0.07604603,0.14857788,0.096703604,0.12550803,-0.020657577
1759,0.547992,0.15789278,0.2151138,0.15387681,0.33287817,0.0040159672
1760,0.103324205,0.14842871,0.090120174,0.060442764,0.013204031,0.08798595
1761,0.36646947,0.14217524,0.16212375,0.11620329,0.20434572,0.02597195
1762,0.5075799,0.15713634,0.18666795,0.13106774,0.32091197,0.026068598
1763,0.4553478,0.14025906,0.24487725,0.1506044,0.21047056,-0.01034534
1764,0.702738,0.123878695,0.18675894,0.14474723,0.51597905,-0.020868532
1765,0.53481543,0.1479433,0.15027136,0.111126915,0.38454407,0.03681639
1766,0.8521513,0.16877481,0.25300857,0.16601458,0.5991427,0.0027602315
1767,0.3951455,0.12901588,0.20118074,0.13805589,0.19396476,-0.009040013
1768,0.698476,0.22540385,0.274949,0.20626788,0.423527,0.019135967
1769,0.38628864,0.13833407,0.15366428,0.116497815,0.23262437,0.021836251
1770,0.5550757,0.1803631,0.21735847,0.167492,0.33771724,0.0128711015
1771,0.70887834,0.2160228,0.30992508,0.22634351,0.39895326,-0.010320708
1772,0.36785185,0.11721438,0.14382836,0.107300185,0.22402349,0.009914197
1773,0.17082083,0.011774891,0.049544226,0.030039633,0.1212766,-0.01826474
1774,0.4970342,0.16258316,0.22417593,0.15950069,0.27285826,0.003082469
1775,0.52215135,0.19062835,0.20210345,0.14253022,0.32004791,0.048098132
1776,0.3970789,0.12478065,0.16584782,0.11634052,0.23123108,0.008440129
1777,0.37602758,0.108881235,0.1619872,0.112345934,0.21404038,-0.0034646988
1778,0.62807685,0.17605898,0.23230636,0.17012744,0.3957705,0.0059315413
1779,0.37245232,0.12909341,0.1666617,0.09923263,0.20579062,0.02986078
1780,0.3797824,0.091726735,0.14648637,0.10452418,0.23329604,-0.012797445
1781,0.019425483,-0.03132909,0.030294487,0.022858033,-0.010869004,-0.054187126
1782,0.65926486,0.23260711,0.2822455,0.1868947,0.37701938,0.04571241
1783,0.5080925,0.1486503,0.19119194,0.14609584,0.31690058,0.0025544614
1784,0.5758678,0.13557422,0.20173378,0.13470848,0.374134,0.00086574256
1785,0.3027759,0.11764665,0.14592853,0.0952342,0.15684736,0.02241245
1786,0.4022699,0.12907793,0.16024813,0.107411906,0.24202177,0.02166602
1787,0.5018213,0.12380979,0.1791667,0.124990866,0.32265458,-0.0011810735
1788,0.21899123,0.16728511,0.08723406,0.048168212,0.13175717,0.1191169
1789,0.5768156,0.09274477,0.1372175,0.10204685,0.43959808,-0.00930208
1790,0.31025738,0.081713974,0.147414,0.109397806,0.16284338,-0.027683832
1791,0.06877534,0.0484583,0.038583953,0.034740772,0.030191388,0.013717528
1792,0.57499146,0.26053956,0.24898395,0.20018546,0.32600752,0.0603541
1793,0.46856725,0.15332405,0.18470795,0.12171717,0.2838593,0.031606883
1794,0.50452834,0.20215343,0.254044,0.20302126,0.25048435,-0.0008678287
1795,0.20283721,0.033020057,0.10726279,0.06292323,0.09557442,-0.029903173
1796,0.48257014,0.118526764,0.1647097,0.11297606,0.31786042,0.005550705
1797,0.43682137,0.095901206,0.10470563,0.07794328,0.33211574,0.017957926
1798,0.57172316,0.23169047,0.25187993,0.19907697,0.31984323,0.0326135
1799,0.0029274453,0.039352506,0.040625736,0.033189155,-0.03769829,0.0061633512
1800,0.62226903,0.1823099,0.15723822,0.11766581,0.46503082,0.06464408
1801,0.3870287,0.11153299,0.17452121,0.124462165,0.21250749,-0.012929171
1802,0.46895173,0.09928708,0.1552113,0.11077163,0.31374043,-0.011484556
1803,0.75968266,0.16717532,0.23860805,0.15502277,0.5210746,0.012152553
1804,0.50014085,0.093935534,0.1451209,0.11057235,0.35501993,-0.016636819
1805,0.6546708,0.17661913,0.21743996,0.14329317,0.43723083,0.033325955
1806,0.6078926,0.20409761,0.24095261,0.16917996,0.36693996,0.034917653
1807,0.46375328,0.14632396,0.17934276,0.13386905,0.28441054,0.012454912
1808,0.14640483,0.09487341,0.062125206,0.043404214,0.08427963,0.0514692
1809,0.42224273,0.087818906,0.17401943,0.10839808,0.2482233,-0.020579174
1810,0.645514,0.13366081,0.19838265,0.14434275,0.44713137,-0.010681942
1811,0.22715506,0.12171048,0.10449095,0.069670774,0.12266411,0.052039705
1812,0.2361624,0.18612708,0.17248091,0.12430992,0.06368148,0.06181716
1813,0.41907057,0.16719617,0.23757589,0.16512492,0.18149468,0.0020712465
1814,0.33584312,0.097922675,0.120498575,0.083139144,0.21534455,0.014783531
1815,0.84038246,0.27465865,0.3793252,0.27599066,0.46105725,-0.0013320148
1816,0.4815915,0.11346273,0.22824065,0.14681648,0.25335085,-0.033353746
1817,0.62688476,0.1206294,0.18771347,0.12981541,0.43917128,-0.0091860145
1818,0.38330832,0.10111561,0.11330142,0.08983677,0.2700069,0.011278838
1819,0.45316464,0.09846279,0.113330975,0.08110092,0.33983368,0.017361872
1820,0.17247391,0.08053785,0.07870369,0.05984234,0.09377022,0.020695508
1821,0.0348356,0.16072439,0.045460988,0.03361101,-0.0106253885,0.12711337
1822,0.484751,0.111690305,0.16641882,0.11577697,0.31833217,-0.004086666
1823,0.1908434,0.07804438,0.09267322,0.07234279,0.09817018,0.0057015866
1824,0.36629403,0.08837949,0.13786681,0.09263627,0.22842722,-0.004256785
1825,0.6067239,0.15715605,0.20863292,0.147912,0.398091,0.009244055
1826,0.29974493,0.10458788,0.16074857,0.10536555,0.13899636,-0.00077766925
1827,0.5948136,0.1224544,0.15577683,0.103843704,0.43903676,0.018610694
1828,0.42315254,0.15740028,0.2071561,0.15139417,0.21599643,0.0060061067
1829,0.096666366,0.09668195,0.10439744,0.08373819,-0.0077310726,0.01294376
1830,0.37836015,0.11367117,0.16198373,0.11119865,0.21637642,0.0024725199
1831,0.29433516,0.13327087,0.14429367,0.10010598,0.15004149,0.033164896
1832,0.3902737,0.14906786,0.17743388,0.124285504,0.21283981,0.02478236
1833,0.37349147,0.13022995,0.173728,0.12785971,0.19976346,0.0023702383
1834,0.2816071,0.117875844,0.16109702,0.12423875,0.12051007,-0.0063629076
1835,0.5212027,0.13621193,0.26459065,0.18150069,0.25661203,-0.045288756
1836,0.37585467,0.09386191,0.09036585,0.064195566,0.2854888,0.029666342
1837,0.32184812,0.10490302,0.14210741,0.0939697,0.17974071,0.010933317
1838,0.47132128,0.06765566,0.120852455,0.08760595,0.3504688,-0.019950293
1839,0.25108695,0.028813042,0.13565946,0.08356827,0.115427494,-0.054755226
1840,0.39237437,0.21551731,0.12629656,0.08783896,0.26607782,0.12767835
1841,-0.012029848,-0.0031426696,0.045209985,0.035010286,-0.057239834,-0.038152955
1842,0.16903418,0.120660774,0.043846868,0.02926673,0.12518731,0.091394044
1843,0.43927333,0.11632068,0.16037843,0.116774224,0.2788949,-0.00045354664
1844,0.33215705,0.14125043,0.121071376,0.08391059,0.21108568,0.05733984
1845,0.44180626,0.12762347,0.19287229,0.1358684,0.24893397,-0.008244932
1846,0.54547226,0.14012335,0.19140415,0.14259866,0.3540681,-0.0024753064
1847,0.36492458,0.049507137,0.13392064,0.07032089,0.23100394,-0.020813752
1848,0.021340098,-0.018599948,0.039959732,0.026741007,-0.018619634,-0.045340955
1849,0.3645053,0.13549058,0.137269,0.09543665,0.22723629,0.040053934
1850,0.52635455,0.13539512,0.2011005,0.14836988,0.32525405,-0.012974754
1851,0.67288196,0.13101032,0.18699768,0.1263304,0.48588428,0.0046799183
1852,0.124180615,0.043485563,0.082118824,0.06271181,0.04206179,-0.01922625
1853,0.35754886,0.121835135,0.13280444,0.09456558,0.22474442,0.027269557
1854,0.55282927,0.18364014,0.20340371,0.15254445,0.34942555,0.031095684
1855,0.5380377,0.15273938,0.21306486,0.15088814,0.32497287,0.0018512309
1856,0.1642634,0.016598994,0.0787438,0.05264158,0.0855196,-0.036042586
1857,0.44618908,0.19685248,0.20960172,0.16966721,0.23658736,0.027185261
1858,0.5005167,0.20326592,0.22985676,0.16550848,0.27065995,0.03775744
1859,0.59720355,0.12525746,0.2031652,0.1351637,0.39403835,-0.009906232
1860,0.3037794,0.11082222,0.13822123,0.09623819,0.16555816,0.014584035
1861,0.21564507,0.09247542,0.13301528,0.10194427,0.0826298,-0.009468846
1862,0.47913963,0.22854218,0.18997504,0.14062497,0.2891646,0.08791721
1863,0.38475865,0.06646447,0.09536852,0.072088316,0.28939015,-0.0056238472
1864,0.70586836,0.1624451,0.17079778,0.11523738,0.5350706,0.04720772
1865,0.40261263,0.16028678,0.13612989,0.091785185,0.26648274,0.0685016
1866,0.8373164,0.23323819,0.33474803,0.24235371,0.50256836,-0.009115517
1867,0.29512548,0.09885461,0.15701337,0.10347088,0.13811211,-0.004616268
1868,0.70358247,0.18827511,0.29723307,0.20211475,0.4063494,-0.013839632
1869,0.45894906,0.099445604,0.12483166,0.08417921,0.3341174,0.015266396
1870,0.4525623,0.13745898,0.1894329,0.14508422,0.2631294,-0.007625237
1871,0.5129931,0.15299216,0.23443513,0.16419506,0.27855796,-0.011202902
1872,0.6332182,0.09820067,0.15660952,0.10791703,0.4766087,-0.009716362
1873,0.3743966,0.11763012,0.15051979,0.11623093,0.2238768,0.0013991892
1874,0.21347226,0.052208725,0.07245693,0.050422393,0.14101532,0.0017863326
1875,0.5501026,0.15986294,0.17825964,0.12613234,0.37184295,0.033730596
1876,0.670568,0.28268525,0.37890399,0.28156492,0.291664,0.0011203289
1877,0.39279708,0.06268426,0.1383135,0.0929233,0.25448358,-0.030239038
1878,0.37841815,0.10729308,0.17963055,0.12425743,0.1987876,-0.016964354
1879,0.36317906,0.123200975,0.107364334,0.07356499,0.25581473,0.049635984
1880,0.05997888,0.14002165,0.051870376,0.032248378,0.008108504,0.107773274
1881,0.5049792,0.093602024,0.15423378,0.105103016,0.3507454,-0.011500992
1882,0.15120088,0.0028767423,0.09894526,0.067100435,0.052255616,-0.06422369
1883,0.62931734,0.11220591,0.13886629,0.10611324,0.49045104,0.0060926676
1884,0.49982256,0.16208458,0.19580355,0.14622875,0.304019,0.015855834
1885,0.36921465,0.05802933,0.09830545,0.07356314,0.2709092,-0.015533812
1886,0.3135587,0.108890116,0.120495126,0.09600704,0.19306357,0.012883075
1887,0.25951034,0.092080764,0.10352542,0.07751642,0.15598491,0.014564343
1888,0.5823557,0.23728395,0.32943004,0.25308317,0.25292563,-0.015799224
1889,0.5235168,0.118355535,0.1735818,0.12942751,0.349935,-0.011071973
1890,0.3508298,0.11258406,0.121778265,0.07928461,0.22905155,0.033299454
1891,0.26542363,0.13131998,0.099432275,0.05547298,0.16599135,0.075847
1892,0.3886486,0.091204785,0.08598715,0.06433502,0.30266145,0.026869766
1893,0.6153736,0.16934466,0.21416378,0.15915893,0.40120983,0.010185733
1894,0.59187174,0.12358538,0.17675455,0.113594726,0.4151172,0.009990655
1895,0.5578644,0.17079681,0.20612964,0.14259459,0.3517348,0.02820222
1896,0.54175526,0.11663231,0.16948149,0.11761242,0.37227377,-0.000980109
1897,0.4111845,0.10933266,0.1857218,0.12621343,0.22546269,-0.016880773
1898,0.7170246,0.14357078,0.20821694,0.1317195,0.50880766,0.011851281
1899,0.13373867,0.06149795,0.0371438,0.03021184,0.09659487,0.03128611
1900,0.49530545,0.1671363,0.23600392,0.15666333,0.25930154,0.010472968
1901,0.3124635,0.15915026,0.17524768,0.13325432,0.13721581,0.025895938
1902,0.33236566,0.10851694,0.15704702,0.114442885,0.17531864,-0.005925946
1903,0.6449923,0.20953412,0.25533396,0.17711446,0.38965833,0.032419667
1904,0.17457803,0.12553318,0.09711988,0.06385491,0.07745814,0.061678268
1905,0.47243202,0.21264006,0.22541854,0.15645827,0.24701348,0.05618179
1906,0.47973013,0.19644743,0.23959343,0.17415333,0.2401367,0.022294104
1907,0.568182,0.14092553,0.22656646,0.16989067,0.34161553,-0.028965145
1908,0.46495977,0.22279285,0.20252383,0.14167544,0.26243594,0.08111741
1909,0.5446398,0.19102938,0.27374116,0.1966,0.27089867,-0.0055706203
1910,0.2965448,0.21346737,0.2051818,0.13176215,0.09136298,0.08170523
1911,0.56582963,0.18672068,0.227566,0.15913406,0.33826363,0.027586624
1912,0.108544,0.17165695,0.057881683,0.040160216,0.050662316,0.13149673
1913,0.5381199,0.13598001,0.17123672,0.11737235,0.3668832,0.018607661
1914,0.48369333,0.18556027,0.2365642,0.18420191,0.24712913,0.00135836
1915,0.64831924,0.118301645,0.16590273,0.10528201,0.4824165,0.013019636
1916,0.32968718,0.10526788,0.139343,0.101552084,0.19034418,0.0037157983
1917,0.31306556,0.14094551,0.15565616,0.10728095,0.1574094,0.03366456
1918,0.5228786,0.11951166,0.16273515,0.11845429,0.36014342,0.001057364
1919,0.36521402,0.08854157,0.154704,0.103519484,0.21051002,-0.014977917
1920,0.4153822,0.12777483,0.16843605,0.13171433,0.24694616,-0.0039394945
1921,0.6257369,0.2106894,0.28209397,0.17725557,0.34364292,0.033433825
1922,0.46101722,0.12339972,0.13602313,0.09727924,0.3249941,0.026120476
1923,0.6329645,0.1749196,0.2657196,0.18945283,0.3672449,-0.014533222
1924,0.68793774,0.17770658,0.18949477,0.14184776,0.49844295,0.035858825
1925,0.59982926,0.18979688,0.1670191,0.12560493,0.43281016,0.06419195
1926,0.68892163,0.19601455,0.2747237,0.19938374,0.41419792,-0.0033691823
1927,0.6506144,0.14043328,0.23860183,0.16782786,0.41201255,-0.027394578
1928,0.42678908,0.13333923,0.14000946,0.09730463,0.2867796,0.0360346
1929,0.5842313,0.22170128,0.26454878,0.17869228,0.31968254,0.043008998
1930,0.6509455,0.19363318,0.29638028,0.19870096,0.3545652,-0.0050677806
1931,0.37340072,0.1214704,0.14497267,0.1018912,0.22842805,0.019579202
1932,0.34468296,0.16333361,0.20000306,0.14191827,0.1446799,0.021415338
1933,0.6571243,0.122020416,0.17603137,0.12162034,0.48109293,0.00040007383
1934,0.47291696,0.12676544,0.16511387,0.12074318,0.3078031,0.006022267
1935,0.14066407,0.016198324,0.088025644,0.05854144,0.052638426,-0.042343117
1936,0.59840894,0.1695673,0.21888919,0.16435267,0.37951976,0.0052146316
1937,0.44053027,0.16959594,0.15530148,0.11366224,0.2852288,0.0559337
1938,0.23001474,0.08385281,0.14717884,0.1011122,0.0828359,-0.01725939
1939,0.08304174,-0.0042582946,0.053006213,0.032844357,0.03003553,-0.03710265
1940,0.16662383,0.045396294,0.06496691,0.038725585,0.10165692,0.0066707097
1941,0.35372102,0.12768233,0.14303347,0.10104047,0.21068755,0.02664186
1942,0.59663445,0.15754351,0.19057795,0.14399841,0.4060565,0.013545096
1943,0.5494452,0.13518797,0.19230935,0.13398133,0.35713586,0.0012066364
1944,0.36755028,0.17439522,0.20002015,0.1531771,0.16753013,0.021218121
1945,0.5918586,0.15462676,0.21998641,0.15482524,0.37187222,-0.00019848347
1946,0.5055757,0.11351807,0.17348419,0.1195307,0.3320915,-0.0060126334
1947,0.112470716,0.029243505,0.05807262,0.045726605,0.054398097,-0.0164831
1948,0.6275531,0.21424645,0.27744374,0.20534551,0.35010937,0.00890094
1949,0.6434466,0.30368155,0.35601303,0.269065,0.2874336,0.03461656
1950,0.14842361,0.06630315,0.099098556,0.07004663,0.049325056,-0.0037434846
1951,0.49767154,0.094937935,0.1410152,0.099841505,0.35665634,-0.00490357
1952,0.6139695,0.2043491,0.2323411,0.1764698,0.3816284,0.027879298
1953,0.5315416,0.16769338,0.2292871,0.16638267,0.3022545,0.0013107061
1954,0.67602384,0.18044508,0.23422512,0.17775564,0.44179872,0.002689436
1955,0.5296097,0.14127141,0.22314194,0.15536754,0.30646774,-0.014096126
1956,0.44586435,0.124998,0.1883638,0.1322676,0.25750053,-0.007269591
1957,0.5108641,0.18715207,0.2437969,0.15404794,0.2670672,0.033104137
1958,0.43369842,0.12074841,0.15507731,0.10619757,0.2786211,0.014550835
1959,0.21044149,0.1247489,0.067519784,0.050643545,0.1429217,0.07410535
1960,0.5363945,0.1788294,0.24436358,0.15214154,0.2920309,0.02668786
1961,0.40817833,0.1696806,0.19581342,0.1380711,0.21236491,0.03160949
1962,0.46010453,0.14684314,0.21700618,0.15043709,0.24309835,-0.0035939515
1963,0.41687056,0.10361842,0.14990994,0.09387143,0.26696062,0.009746991
1964,0.63416463,0.13363704,0.20731668,0.14218941,0.42684793,-0.008552372
1965,0.2038052,0.07458565,0.093122244,0.06625317,0.11068295,0.008332476
1966,0.5443371,0.14010185,0.2022045,0.15061952,0.3421326,-0.010517672
1967,0.5791542,0.29398528,0.34293938,0.26765454,0.23621482,0.02633074
1968,0.20776148,0.10049214,0.13248233,0.09982714,0.07527915,0.0006650016
1969,0.7341485,0.1792188,0.21295571,0.1547922,0.5211928,0.024426594
1970,0.49831787,0.11587208,0.16957685,0.12044658,0.328741,-0.0045745
1971,0.35141855,0.09837573,0.13620324,0.09441991,0.21521531,0.0039558187
1972,0.62396526,0.2624184,0.29093918,0.2134107,0.33302608,0.049007684
1973,0.3009514,0.09509596,0.114772394,0.08142831,0.186179,0.0136676505
1974,0.5358578,0.16350618,0.20187993,0.14282258,0.33397788,0.020683601
1975,0.26198247,0.08166371,0.11287837,0.08267953,0.1491041,-0.0010158196
1976,0.6428723,0.16701989,0.22450733,0.1697774,0.41836494,-0.0027575046
1977,0.75955784,0.15689608,0.20676124,0.14069381,0.5527966,0.016202271
1978,0.17691928,0.073552944,0.104966484,0.07481437,0.0719528,-0.001261428
1979,0.67710584,0.22719224,0.30458823,0.21665823,0.37251762,0.010534003
1980,0.37409088,0.1003636,0.14690833,0.113016285,0.22718255,-0.012652688
1981,0.5306039,0.16496041,0.22973499,0.16954818,0.3008689,-0.0045877695
1982,0.48553556,0.15679707,0.17080052,0.11459062,0.31473505,0.042206444
1983,0.80404663,0.18486287,0.2490135,0.16701716,0.55503315,0.017845705
1984,0.2771419,0.14360443,0.15399231,0.12193143,0.12314959,0.021672994
1985,0.53574926,0.09945509,0.13603613,0.087278605,0.39971313,0.012176484
1986,0.50599426,0.17775804,0.2120126,0.15045014,0.29398167,0.027307898
1987,0.4327763,0.115632996,0.16145188,0.112316206,0.27132443,0.0033167899
1988,0.72399515,0.22332948,0.28947687,0.20769899,0.43451828,0.015630499
1989,0.46161348,0.17376745,0.23162074,0.15940629,0.22999273,0.014361158
1990,0.5324153,0.1690061,0.20650515,0.13979349,0.32591012,0.029212609
1991,0.6266537,0.09227216,0.13897371,0.08523214,0.48767996,0.007040024
1992,0.39516285,0.17614754,0.15961616,0.11525454,0.2355467,0.06089299
1993,-0.018372774,0.12905344,0.025778597,0.011376027,-0.044151373,0.11767742
1994,0.5444496,0.14866643,0.21019332,0.15872404,0.3342563,-0.010057613
1995,0.06506621,0.12698857,0.0250332,0.020124348,0.040033013,0.10686423
1996,0.4445413,0.14869905,0.19921818,0.14638296,0.24532312,0.0023160875
1997,0.51698667,0.16798322,0.21578674,0.15270373,0.3011999,0.015279487
1998,0.5608579,0.16628605,0.22761004,0.1641527,0.33324784,0.0021333545
1999,0.29869762,0.097721666,0.13747916,0.09647517,0.16121846,0.001246497
2000,0.76870257,0.34453964,0.38989574,0.30485582,0.37880683,0.03968382
2001,0.7288572,0.17326432,0.19782412,0.1461679,0.5310331,0.02709642
2002,0.4927061,0.12554188,0.14679427,0.11185826,0.3459118,0.013683617
2003,0.16427687,0.06259125,0.0884981,0.06543813,0.07577877,-0.0028468817
2004,0.7245963,0.2254593,0.30402893,0.21625066,0.4205674,0.009208649
2005,0.09689741,0.04471376,0.064151034,0.04824268,0.032746375,-0.003528919
2006,0.40891677,0.20598489,0.16773626,0.12013121,0.24118051,0.08585368
2007,0.48442516,0.18104623,0.28216448,0.18694183,0.20226067,-0.0058955997
2008,0.60198367,0.26518536,0.27094597,0.218718,0.3310377,0.04646735
2009,0.21692677,0.12553407,0.11107284,0.087693915,0.10585393,0.037840158
2010,0.5763936,0.16344137,0.2397894,0.1614883,0.3366042,0.0019530803
2011,0.5375524,0.18048066,0.17219694,0.12088668,0.3653555,0.059593976
2012,0.392253,0.121011354,0.1502024,0.11074611,0.24205062,0.010265246
2013,0.27964455,0.10906168,0.14690866,0.09997326,0.1327359,0.009088419
2014,0.44482908,0.1525975,0.17907682,0.11470661,0.26575226,0.03789089
2015,0.21000645,0.063930675,0.10789198,0.070128776,0.10211447,-0.0061981007
2016,0.5546906,0.10663361,0.14875731,0.10143361,0.4059333,0.0051999986
2017,0.46437111,0.23643857,0.3245738,0.21728444,0.1397973,0.019154131
2018,0.35496712,0.10752777,0.16087025,0.10919078,0.19409686,-0.0016630068
2019,0.59146804,0.16842705,0.20635962,0.14482102,0.3851084,0.023606032
2020,0.33284357,0.094528414,0.18777104,0.14228062,0.14507253,-0.04775221
2021,0.09683216,0.04006357,0.08462453,0.055021413,0.012207635,-0.0149578415
2022,0.5633628,0.14761885,0.19257984,0.13495699,0.37078294,0.012661859
2023,0.23510154,0.021671599,0.045497794,0.029902468,0.18960375,-0.008230869
2024,0.37490314,0.060750917,0.106186114,0.075103596,0.26871702,-0.014352679
2025,0.58424443,0.15588504,0.21124056,0.15314995,0.37300387,0.0027350932
2026,0.25210857,0.11287267,0.12210895,0.08633131,0.12999962,0.02654136
2027,0.45169723,0.2069326,0.22395179,0.16899261,0.22774544,0.037939996
2028,0.49365127,0.22737494,0.26543477,0.19605848,0.2282165,0.03131646
2029,0.1664523,0.030037127,0.12661543,0.0834928,0.03983687,-0.053455673
2030,0.7622033,0.2313797,0.29815406,0.21517405,0.46404922,0.016205654
2031,0.37260005,0.19971718,0.1497114,0.103051916,0.22288865,0.09666526
2032,0.6232872,0.15738033,0.21609871,0.15577088,0.40718848,0.0016094446
2033,0.25984916,0.12702216,0.12565163,0.08767292,0.13419753,0.039349243
2034,0.4493265,0.083160706,0.12592283,0.08505676,0.32340366,-0.0018960536
2035,0.5108996,0.13662378,0.19688916,0.1338605,0.31401044,0.0027632862
2036,0.1503423,0.08467366,0.06080085,0.04781058,0.08954145,0.036863077
2037,0.31998548,0.117292814,0.10193442,0.07326149,0.21805106,0.044031322
2038,0.7080932,0.1991166,0.22899535,0.17563371,0.47909787,0.023482889
2039,0.5546511,0.12221498,0.15183468,0.1015478,0.4028164,0.02066718
2040,0.36863905,0.1853223,0.1937557,0.14271295,0.17488335,0.04260935
2041,0.10318417,0.09291629,0.062102817,0.03987872,0.041081354,0.05303757
2042,0.53793544,0.12794307,0.18322733,0.13237157,0.3547081,-0.004428506
2043,0.20438525,0.07637775,0.10891056,0.07718049,0.09547469,-0.00080274045
2044,0.28382972,0.022849547,0.099024124,0.06299057,0.1848056,-0.040141024
2045,0.45621172,0.15247296,0.19152582,0.12933424,0.2646859,0.023138717
2046,0.28027242,0.1375939,0.12539585,0.08822078,0.15487657,0.049373113
2047,0.5815794,0.11096035,0.15427774,0.119939126,0.42730165,-0.008978777
2048,0.76821893,0.18492308,0.29057664,0.20938246,0.4776423,-0.024459377
2049,0.6147934,0.16736567,0.25887346,0.15732503,0.35591996,0.010040641
2050,0.6928283,0.2020649,0.28141218,0.18968861,0.4114161,0.012376294
2051,0.66679955,0.16254933,0.18208852,0.1473644,0.48471102,0.015184939
2052,0.48035535,0.09288167,0.15724227,0.11048192,0.32311308,-0.017600246
2053,0.20659192,0.07538493,0.08071868,0.059022825,0.12587324,0.016362105
2054,0.29115453,0.116434366,0.12801473,0.09381229,0.1631398,0.022622079
2055,0.36129898,0.10620832,0.15071741,0.11122575,0.21058157,-0.0050174296
2056,0.49863124,0.15389648,0.17719951,0.12393727,0.32143173,0.02995921
2057,0.11977988,-0.017546795,0.06603258,0.03761926,0.053747296,-0.055166055
2058,0.4210061,0.1511155,0.23531839,0.1598789,0.18568772,-0.008763388
2059,0.36806536,0.07212398,0.10402088,0.07997601,0.26404446,-0.007852025
2060,0.5530217,0.1455247,0.17459825,0.13140425,0.37842348,0.014120445
2061,0.109836444,0.040268153,0.055228718,0.042308535,0.054607727,-0.0020403825
2062,0.083926424,-0.0061558513,0.05836483,0.041388236,0.025561593,-0.04754409
2063,0.4342246,0.17691113,0.2492218,0.1846472,0.1850028,-0.007736072
2064,0.3693788,0.122231275,0.12457661,0.09084866,0.24480219,0.031382613
2065,0.41995806,0.211645,0.25935712,0.1953359,0.16060093,0.016309112
2066,0.59569395,0.2307142,0.28281546,0.18795307,0.3128785,0.042761132
2067,0.24293506,0.12491164,0.12689881,0.10135009,0.11603625,0.023561552
2068,0.13615257,0.035608217,0.042747658,0.028213779,0.093404904,0.0073944386
2069,0.36293066,0.11493084,0.14262395,0.091814086,0.22030671,0.023116753
2070,0.40298572,0.14858899,0.1645622,0.12154265,0.23842353,0.027046338
2071,0.556192,0.1936104,0.24289122,0.16806304,0.31330076,0.025547355
2072,0.15402131,0.019461388,0.07882176,0.046713095,0.075199544,-0.027251707
2073,0.24384035,0.11415862,0.11436824,0.08291861,0.1294721,0.031240016
2074,0.35004473,0.07678763,0.08290686,0.06155319,0.26713789,0.015234437
2075,0.4725402,0.1503033,0.25014052,0.17566054,0.22239968,-0.025357231
2076,0.3450104,0.11371343,0.11168559,0.07880472,0.23332481,0.034908712
2077,0.45252898,0.16112144,0.14904135,0.11882601,0.30348763,0.042295434
2078,0.81579775,0.28040472,0.36917406,0.246853,0.44662368,0.033551723
2079,0.5720746,0.18144672,0.19382526,0.13635173,0.37824935,0.04509498
2080,0.65713406,0.17071313,0.20929348,0.14162266,0.44784057,0.029090464
2081,0.49592483,0.16007347,0.22059178,0.15203638,0.27533305,0.00803709
2082,0.0029646049,-0.03646587,0.03676001,0.025597507,-0.033795405,-0.062063374
2083,0.5298516,0.15686087,0.21227427,0.14720488,0.31757736,0.009655997
2084,0.3715299,0.1196526,0.16067676,0.12584846,0.21085314,-0.006195858
2085,0.5743072,0.086460486,0.112472914,0.07790365,0.46183428,0.008556835
2086,0.49777007,0.14139712,0.15173809,0.11002467,0.34603196,0.03137245
2087,0.5443175,0.16008262,0.2142796,0.16006652,0.3300379,1.6108155e-05
2088,0.6509217,0.1608569,0.22051561,0.1453675,0.4304061,0.015489399
2089,0.74018866,0.14445531,0.17969114,0.12258856,0.5604975,0.021866754
2090,0.48317227,0.16629627,0.19679978,0.14948739,0.28637248,0.016808882
2091,0.8093171,0.17447619,0.2391325,0.15458019,0.5701846,0.019896
2092,0.61547995,0.18129036,0.23461978,0.17025635,0.38086015,0.011034012
2093,0.090327576,-0.030255627,0.043139193,0.031164974,0.047188383,-0.0614206
2094,0.5872746,0.19430614,0.22509837,0.16033587,0.36217624,0.033970267
2095,0.53672975,0.15952675,0.23354158,0.16641787,0.30318817,-0.0068911165
2096,0.6568378,0.14450313,0.17159092,0.11859403,0.4852469,0.025909103
2097,0.7407452,0.17763077,0.2745532,0.17610633,0.46619198,0.0015244335
2098,0.09117508,0.1721625,0.057278495,0.045569148,0.033896584,0.12659335
2099,0.16844952,0.03228399,0.07801247,0.06416485,0.090437055,-0.031880856
2100,0.6689979,0.19526711,0.2991046,0.19446401,0.36989328,0.0008030981
2101,0.37094647,0.064784765,0.096311584,0.07360307,0.2746349,-0.008818306
2102,0.1195024,0.114263624,0.08055486,0.04919677,0.038947545,0.06506686
2103,0.501154,0.12735166,0.1825331,0.13732938,0.31862092,-0.009977728
2104,0.15727535,0.07332437,0.08968974,0.06363898,0.06758561,0.00968539
2105,0.64616823,0.15919071,0.20332715,0.14002344,0.44284108,0.019167274
2106,0.7529234,0.17945413,0.23787335,0.18129891,0.51505005,-0.0018447787
2107,0.30034858,0.080253534,0.106402814,0.07921062,0.19394577,0.0010429174
2108,0.45579302,0.18025605,0.22157887,0.1463112,0.23421416,0.03394486
2109,0.509126,0.11265639,0.1568113,0.10214715,0.3523147,0.010509245
2110,0.609121,0.13505234,0.16738248,0.110938825,0.44173855,0.024113514
2111,0.34013507,0.111228175,0.15650699,0.11756519,0.18362808,-0.006337017
2112,0.56615025,0.15994321,0.19578448,0.14815535,0.37036577,0.011787862
2113,0.7040031,0.20878689,0.2912417,0.21939912,0.4127614,-0.0106122345
2114,0.7784657,0.26352996,0.4697556,0.30382213,0.3087101,-0.040292174
2115,0.77616835,0.21727556,0.23610571,0.16764228,0.54006267,0.04963328
2116,0.41402113,0.08404761,0.1223367,0.08881906,0.29168445,-0.0047714487
2117,0.35529244,0.13767806,0.15289827,0.11554028,0.20239417,0.022137776
2118,0.6619624,0.18389565,0.24446957,0.16608718,0.4174928,0.017808467
2119,0.6286897,0.18671168,0.27853525,0.18152256,0.35015446,0.005189121
2120,0.69599634,0.22031163,0.29127106,0.20760302,0.40472528,0.012708604
2121,0.22250754,0.16170909,0.15163693,0.12543435,0.07087061,0.03627473
2122,0.23186223,0.09431182,0.1535844,0.10669782,0.07827783,-0.012386002
2123,0.32848182,0.14329463,0.14202835,0.09811361,0.18645348,0.04518102
2124,0.19700073,0.059206847,0.09557972,0.067027494,0.101421006,-0.007820647
2125,0.23716699,0.07073785,0.07208066,0.054100335,0.16508633,0.016637519
2126,0.37914205,0.107071415,0.14501342,0.10732363,0.23412862,-0.00025221705
2127,0.39656633,0.131018,0.21540001,0.14762363,0.18116632,-0.01660563
2128,0.48596492,0.20157902,0.24181886,0.18787669,0.24414606,0.013702333
2129,0.582313,0.15478784,0.20416708,0.12804215,0.37814593,0.026745692
2130,0.380789,0.058017615,0.10521605,0.07096923,0.27557296,-0.012951616
2131,0.4623053,0.17394099,0.23577294,0.17059104,0.22653237,0.003349945
2132,0.39453813,0.1593284,0.21312769,0.15582737,0.18141045,0.0035010278
2133,0.45191783,0.12878865,0.16131563,0.11259191,0.2906022,0.016196743
2134,0.27437893,0.11716711,0.1388166,0.108305395,0.13556233,0.008861713
2135,0.16300988,0.10756191,0.13123603,0.10345304,0.03177385,0.0041088685
2136,0.5272447,0.1902775,0.22478065,0.15877444,0.30246404,0.031503066
2137,0.11377638,0.053005368,0.04460784,0.037762187,0.06916854,0.01524318
2138,0.5119857,0.27447155,0.26524973,0.20002851,0.24673599,0.07444304
2139,0.5388881,0.1607896,0.25069714,0.18095943,0.28819096,-0.02016984
2140,0.3670438,0.087156124,0.14434008,0.09808586,0.22270371,-0.0109297335
2141,0.70403767,0.26096508,0.34017715,0.23265581,0.36386052,0.02830927
2142,0.27174124,0.33171418,0.11705421,0.062509544,0.15468703,0.26920465
2143,0.43540233,0.17307483,0.23447835,0.18762021,0.20092398,-0.014545381
2144,0.6845343,0.24917871,0.3796983,0.21336944,0.304836,0.035809264
2145,0.7097359,0.22025675,0.25278482,0.18797937,0.45695105,0.032277375
2146,0.7456518,0.2158464,0.23816004,0.16693836,0.5074917,0.04890804
2147,0.1770022,0.05197307,0.14675884,0.103767775,0.030243367,-0.051794704
2148,0.18873367,0.08827628,0.1649158,0.11368191,0.023817867,-0.02540563
2149,0.547896,0.23444657,0.30755952,0.21876815,0.24033651,0.01567842
2150,0.30222714,0.09557142,0.14323866,0.083746776,0.15898848,0.011824645
2151,0.33161426,0.18435305,0.21959515,0.1562714,0.11201911,0.028081656
2152,0.06262372,0.18438758,0.07317625,0.05412556,-0.010552533,0.13026202
2153,0.2545559,0.105125524,0.1493217,0.1107556,0.105234206,-0.005630076
2154,0.48243424,0.15274335,0.21564695,0.15631089,0.2667873,-0.0035675317
2155,0.10087519,0.032304913,0.08629914,0.053498916,0.014576055,-0.021194004
2156,0.45775172,0.19664083,0.22485372,0.16567871,0.232898,0.030962124
2157,0.109347306,0.0028803402,0.036314555,0.030194992,0.07303275,-0.027314652
2158,0.46339276,0.13035251,0.1732101,0.115291394,0.29018265,0.015061118
2159,0.3236058,0.13798712,0.16551535,0.115180865,0.15809046,0.022806257
2160,0.3333187,0.06911299,0.10959133,0.080651104,0.22372738,-0.011538118
2161,0.10656856,0.0673113,0.053930245,0.041499943,0.052638315,0.02581136
2162,0.3804643,0.115532,0.10769109,0.077125415,0.2727732,0.038406588
2163,0.45186824,0.18653542,0.22977933,0.17534699,0.2220889,0.011188433
2164,0.13682926,0.09317046,0.056859773,0.040916793,0.07996948,0.052253664
2165,0.74393123,0.23085284,0.29623696,0.21050403,0.44769427,0.020348817
2166,0.38188773,0.14512275,0.16753598,0.12015035,0.21435176,0.024972402
2167,0.52990717,0.10834739,0.1567271,0.10312984,0.37318006,0.005217552
2168,0.45665878,0.15036844,0.18877144,0.13364336,0.26788735,0.016725078
2169,0.6961832,0.25581074,0.33666348,0.24066174,0.35951972,0.015148997
2170,0.36198595,0.12228123,0.16560759,0.12122264,0.19637837,0.0010585934
2171,0.23585704,0.06397571,0.0711809,0.05105217,0.16467613,0.012923535
2172,0.21621682,0.1270348,0.14228855,0.10735209,0.07392827,0.019682705
2173,0.47555345,0.072520874,0.17097655,0.112418674,0.3045769,-0.0398978
2174,0.6371396,0.16283761,0.23006561,0.15204537,0.407074,0.0107922405
2175,0.55998397,0.1823462,0.24127075,0.17624345,0.31871322,0.0061027408
2176,0.8754396,0.181032,0.24752805,0.16149558,0.62791157,0.01953642
2177,0.6078463,0.13507602,0.1804502,0.1352025,0.42739612,-0.00012648106
2178,0.7789291,0.20161895,0.241185,0.162867,0.5377441,0.03875196
2179,0.49700168,0.1340228,0.23159099,0.16102275,0.2654107,-0.02699995
2180,0.53841364,0.107690275,0.15529235,0.098984934,0.3831213,0.00870534
2181,0.33583146,0.073811494,0.14267348,0.104978345,0.19315799,-0.031166852
2182,0.3973695,0.12630343,0.14027664,0.09656444,0.25709286,0.029738992
2183,0.4194896,0.11180142,0.14716238,0.10252507,0.2723272,0.009276353
2184,0.55881864,0.13448857,0.1712405,0.12468739,0.38757813,0.009801179
2185,0.4988589,0.23402137,0.25949585,0.20040211,0.23936304,0.033619255
2186,0.62402856,0.22759227,0.2847642,0.20619881,0.33926436,0.021393463
2187,0.7429333,0.2313264,0.2706899,0.19573954,0.47224337,0.035586864
2188,0.58829194,0.21622929,0.28093046,0.19739583,0.30736148,0.018833458
2189,0.50630856,0.12525181,0.19075191,0.13921237,0.31555665,-0.013960555
2190,0.39889374,0.16131757,0.14473045,0.096769474,0.2541633,0.0645481
2191,0.45738152,0.083774514,0.14095779,0.0974183,0.3164237,-0.013643786
2192,0.33319998,0.093217224,0.13226375,0.08694778,0.20093623,0.0062694475
2193,0.56149054,0.12007733,0.1407365,0.09139697,0.42075402,0.028680354
2194,0.36281076,0.08134812,0.109631106,0.075238094,0.25317967,0.0061100274
2195,0.16887286,0.025846075,0.043544948,0.036924522,0.12532791,-0.011078447
2196,0.45313537,0.10835835,0.12598579,0.08556274,0.32714957,0.02279561
2197,0.64933395,0.1775498,0.23371974,0.1718978,0.41561422,0.0056519955
2198,0.35351148,0.08500206,0.093879506,0.07905607,0.259632,0.005945988
2199,0.55789036,0.18461786,0.17573217,0.12545484,0.3821582,0.05916302
2200,0.3346037,0.0960844,0.10269723,0.07732836,0.23190647,0.01875604
2201,0.40855062,0.09600477,0.17547551,0.11612131,0.23307511,-0.020116538
2202,0.68765086,0.20455818,0.25163504,0.17895824,0.4360158,0.025599942
2203,0.18842638,0.10811346,0.076197624,0.058861434,0.11222875,0.049252026
2204,0.64017415,0.18305331,0.203946,0.13523842,0.43622816,0.04781489
2205,0.26996455,0.07635235,0.1120517,0.08478028,0.15791285,-0.008427933
2206,0.3234723,0.107876524,0.20024511,0.14010985,0.12322718,-0.032233328
2207,0.570222,0.16869695,0.21280167,0.14293408,0.35742036,0.02576287
2208,0.8616769,0.23587616,0.3199957,0.2257917,0.5416812,0.010084465
2209,0.42119613,0.07775832,0.121283785,0.0860013,0.29991233,-0.00824298
2210,0.6317323,0.2120217,0.2517148,0.18363191,0.3800175,0.028389782
2211,0.12856771,0.22468646,0.087639436,0.054394912,0.040928274,0.17029154
2212,0.53409755,0.10069558,0.13978407,0.096875764,0.39431348,0.0038198158
2213,0.47021228,0.11403371,0.1826593,0.1291128,0.28755298,-0.0150790885
2214,0.3179082,0.12421006,0.15719755,0.11476159,0.16071065,0.009448469
2215,0.6954016,0.20318317,0.27206582,0.17840663,0.4233358,0.024776548
2216,0.44906968,0.1310904,0.22509849,0.15484464,0.22397119,-0.02375424
2217,0.40747473,0.16318285,0.20345211,0.13598005,0.20402262,0.0272028
2218,0.646204,0.16748612,0.25874692,0.1719576,0.38745707,-0.004471481
2219,0.43044794,0.089204274,0.12680534,0.08589549,0.3036426,0.0033087805
2220,0.14742292,0.04915402,0.082577005,0.053859524,0.06484592,-0.0047055036
2221,0.8626404,0.3081048,0.35141715,0.25937754,0.5112232,0.048727274
2222,0.5330672,0.26717275,0.30844948,0.23947808,0.22461775,0.027694672
2223,0.17837232,0.119894676,0.09136666,0.07005208,0.08700566,0.049842596
2224,0.6032292,0.15274808,0.16788852,0.12601553,0.4353407,0.02673255
2225,0.48260772,0.18319383,0.21245463,0.15766118,0.2701531,0.025532648
2226,0.5488064,0.12862302,0.19664705,0.13025285,0.35215938,-0.0016298294
2227,0.62195015,0.1688409,0.20218968,0.15353201,0.41976047,0.015308887
2228,0.4185244,0.122595675,0.14893904,0.10876236,0.26958537,0.013833314
2229,0.61267066,0.12356348,0.21069756,0.1372371,0.4019731,-0.013673618
2230,0.6975795,0.2022529,0.325473,0.2297997,0.3721065,-0.027546808
2231,0.4072142,0.1615475,0.1835452,0.12972578,0.22366899,0.031821713
2232,0.4772694,0.20712204,0.21316922,0.15279551,0.2641002,0.054326534
2233,0.34701544,0.14843062,0.18650913,0.14442348,0.16050631,0.004007131
2234,0.3574541,0.13485534,0.1211483,0.087404326,0.23630579,0.04745102
2235,0.40940252,0.091268815,0.11286123,0.077883795,0.29654127,0.01338502
2236,0.4875982,0.12460247,0.09445415,0.065548666,0.39314407,0.0590538
2237,0.24104917,0.06842057,0.09648974,0.06312929,0.14455943,0.0052912757
2238,0.26875564,0.14144777,0.18134357,0.14154318,0.087412074,-9.5412135e-05
2239,0.46302965,0.1206935,0.15564072,0.12069999,0.30738893,-6.4894557e-06
2240,0.32384095,0.17449439,0.16627836,0.12947991,0.15756258,0.04501447
2241,0.4791607,0.21067034,0.19238688,0.14429548,0.2867738,0.06637485
2242,0.73566824,0.25391153,0.33530667,0.24208596,0.40036157,0.0118255615
2243,0.5186955,0.14988984,0.2072334,0.14083259,0.31146207,0.009057254
2244,0.5079041,0.13682322,0.2034365,0.13196787,0.30446762,0.0048553497
2245,0.5285814,0.11000431,0.1731812,0.11726946,0.35540017,-0.007265143
2246,0.15264982,0.17516202,0.065077715,0.04576208,0.087572105,0.12939994
2247,0.56082433,0.13046807,0.19649966,0.1350502,0.3643247,-0.004582137
2248,0.47802293,0.084532306,0.13752039,0.093924336,0.34050256,-0.009392031
2249,0.083768636,0.06953052,0.050875247,0.03870428,0.03289339,0.030826237
2250,0.33038503,0.15922375,0.13183908,0.0948727,0.19854595,0.06435105
2251,0.2325084,0.111645125,0.18149033,0.12941836,0.051018074,-0.017773233
2252,0.72214633,0.26821172,0.39527002,0.2697876,0.3268763,-0.0015758872
2253,0.17887272,0.07607128,0.07586887,0.05636423,0.10300385,0.019707046
2254,0.47935092,0.055201028,0.100955285,0.06759293,0.37839565,-0.012391899
2255,0.41430393,0.08148597,0.09406321,0.064178176,0.32024074,0.017307796
2256,0.60623807,0.17380491,0.22553572,0.15535897,0.38070235,0.018445939
2257,0.24577455,0.0035007533,0.042478748,0.032394838,0.2032958,-0.028894084
2258,0.010960693,0.13876572,0.07114524,0.05097147,-0.060184546,0.08779425
2259,0.6996443,0.11585195,0.18190213,0.11627921,0.5177422,-0.00042725354
2260,0.70051354,0.296747,0.31312862,0.23175271,0.38738492,0.06499429
2261,0.5623418,0.20941071,0.31006688,0.22364175,0.25227493,-0.014231041
2262,0.48113796,0.20763841,0.26850253,0.1966303,0.21263543,0.011008114
2263,0.36581993,0.116723016,0.15604904,0.09652866,0.20977089,0.02019436
2264,0.30518973,0.17089,0.13779944,0.0999895,0.16739029,0.0709005
2265,0.4813066,0.15822247,0.22425643,0.16760634,0.2570502,-0.009383872
2266,0.19142197,0.0872857,0.09642841,0.06931407,0.09499356,0.017971627
2267,0.40956634,0.16261952,0.23265512,0.15205109,0.17691122,0.010568425
2268,0.5331499,0.19805925,0.25519043,0.18419151,0.27795947,0.013867736
2269,0.36974576,0.1995371,0.18231177,0.12808743,0.18743399,0.07144967
2270,0.44541225,0.16148238,0.1369653,0.10268055,0.30844694,0.05880183
2271,0.5971135,0.19752866,0.2675323,0.18839261,0.3295812,0.009136051
2272,0.79401827,0.26465377,0.37312317,0.26566672,0.4208951,-0.0010129511
2273,0.37866527,0.08458622,0.11259773,0.07439004,0.26606753,0.010196179
2274,0.6165674,0.1876319,0.17272995,0.13055402,0.4438374,0.057077885
2275,0.63028413,0.17243756,0.23455694,0.17592315,0.3957272,-0.0034855902
2276,0.64984006,0.16836475,0.255771,0.15381423,0.39406905,0.014550522
2277,0.4058877,0.09891832,0.12796833,0.08701117,0.27791935,0.011907145
2278,0.72738934,0.17137773,0.26840085,0.16399434,0.4589885,0.0073833913
2279,0.5414546,0.11140365,0.1652747,0.11319865,0.37617993,-0.0017950013
2280,0.66558063,0.24094748,0.27518407,0.19516335,0.39039657,0.04578413
2281,0.49609804,0.110607386,0.13168883,0.0972347,0.3644092,0.013372682
2282,0.58500934,0.13828473,0.21728201,0.1567426,0.36772734,-0.018457875
2283,0.67329985,0.19106832,0.27701384,0.19396742,0.396286,-0.0028990954
2284,0.6156791,0.14711802,0.2498219,0.17635234,0.36585718,-0.02923432
2285,0.45304555,0.114153236,0.16763714,0.11252123,0.2854084,0.001632005
2286,0.66227,0.1606489,0.28662425,0.18434578,0.37564576,-0.023696885
2287,0.22594912,0.10258866,0.11798968,0.081073925,0.10795944,0.021514736
2288,0.44517776,0.15428019,0.19527195,0.15134639,0.24990581,0.0029338002
2289,0.37648985,0.13023648,0.16825552,0.11155804,0.20823433,0.018678434
2290,0.105270706,0.010255875,0.0465341,0.028916404,0.058736607,-0.018660529
2291,0.31415305,0.12974574,0.16230458,0.11829282,0.15184847,0.011452913
2292,0.46900645,0.18378802,0.19136852,0.14365903,0.27763793,0.04012899
2293,0.63539714,0.16855522,0.20332274,0.14508605,0.4320744,0.023469165
2294,0.7352421,0.30961183,0.28898174,0.21919906,0.4462604,0.090412766
2295,0.6034883,0.1439796,0.16321948,0.11813408,0.44026884,0.025845513
2296,0.33409014,0.09936458,0.15978983,0.10381993,0.17430031,-0.0044553503
2297,0.45848447,0.19096456,0.16352223,0.122233234,0.29496223,0.06873133
2298,0.6476849,0.2125803,0.28985304,0.19822502,0.35783184,0.014355272
2299,0.6187203,0.14160746,0.20296004,0.14866267,0.41576025,-0.007055208
2300,0.07690556,0.1389357,0.037541963,0.021322647,0.0393636,0.117613055
2301,0.43572894,0.10644588,0.2035931,0.13511328,0.23213583,-0.028667405
2302,0.085618086,0.0082613155,0.056880035,0.0409195,0.028738052,-0.032658186
2303,0.47504434,0.11864264,0.14369866,0.09380818,0.33134568,0.024834462
2304,0.5739417,0.12348064,0.18587059,0.14077505,0.38807112,-0.017294414
2305,0.526385,0.09875339,0.17605452,0.11119656,0.35033047,-0.01244317
2306,0.65196645,0.1715801,0.26408356,0.17882212,0.3878829,-0.007242009
2307,0.5404512,0.13070664,0.1609001,0.11783608,0.3795511,0.012870558
2308,0.1736338,0.053584013,0.064509645,0.05019595,0.109124154,0.0033880621
2309,0.6225544,0.26956207,0.28273824,0.18803975,0.33981618,0.081522316
2310,0.5100004,0.15921588,0.21203987,0.15625504,0.29796052,0.0029608458
2311,0.27215713,0.20835383,0.16750216,0.12530121,0.10465497,0.08305262
2312,0.23625883,0.12996532,0.12179774,0.09225506,0.114461094,0.037710257
2313,0.04712805,0.14846984,0.039328434,0.030423725,0.007799618,0.11804611
2314,0.6083926,0.18633544,0.1972273,0.14615497,0.4111653,0.040180475
2315,0.43427703,0.12797257,0.17910077,0.13163076,0.25517625,-0.0036581904
2316,0.46876127,0.08352448,0.12252723,0.08733303,0.34623402,-0.0038085505
2317,0.65506685,0.24727267,0.2327385,0.17355762,0.42232835,0.073715046
2318,1.0026264,0.20243762,0.2981771,0.20683324,0.7044493,-0.004395619
2319,0.5827028,0.12252687,0.18648683,0.14095445,0.39621598,-0.01842758
2320,0.218515,0.13210225,0.17065029,0.124629416,0.047864705,0.0074728355
2321,0.32633552,0.10023815,0.11895724,0.08142034,0.20737828,0.018817812
2322,0.51318675,0.10954628,0.13693577,0.10114835,0.37625098,0.008397929
2323,0.54230165,0.23590831,0.23604111,0.1890308,0.30626053,0.04687752
2324,0.049837966,0.14409494,0.041747827,0.027019497,0.008090138,0.11707544
2325,0.3284415,0.06782732,0.090696804,0.063120306,0.23774469,0.004707016
2326,0.8526993,0.23467055,0.33123702,0.2217319,0.52146226,0.012938648
2327,0.52641827,0.13747682,0.21064551,0.15521774,0.31577277,-0.01774092
2328,0.6338317,0.1415725,0.18142287,0.13843176,0.4524088,0.0031407475
2329,0.415357,0.090601414,0.15468693,0.1059165,0.26067007,-0.015315086
2330,0.37627423,0.12723473,0.24446288,0.151564,0.13181135,-0.024329275
2331,0.0062471568,0.17357026,0.07265986,0.045057755,-0.0664127,0.1285125
2332,0.27329528,0.12368615,0.1559774,0.10441337,0.117317885,0.019272782
2333,0.08396887,0.041545853,0.057670325,0.03900089,0.026298545,0.0025449619
2334,0.42186517,0.06623195,0.10806686,0.074588776,0.3137983,-0.0083568245
2335,0.5389886,0.12599386,0.15005873,0.115245864,0.38892984,0.010747999
2336,0.34552714,0.063353986,0.1388335,0.093259364,0.20669365,-0.029905379
2337,0.4003299,0.2653619,0.192427,0.1361817,0.2079029,0.12918021
2338,0.35043702,0.084631,0.10632968,0.07364866,0.24410734,0.010982342
2339,0.81629455,0.2230638,0.28441924,0.21243393,0.5318753,0.010629863
2340,0.55490506,0.16955815,0.23904772,0.17703319,0.31585735,-0.0074750334
2341,0.38095576,0.093354605,0.1304158,0.09125327,0.25053996,0.002101332
2342,0.5822665,0.17717163,0.20508745,0.13943753,0.37717906,0.037734106
2343,0.2675319,0.13721654,0.13765994,0.09541581,0.12987196,0.04180073
2344,0.54195756,0.31262517,0.31902832,0.22263229,0.22292924,0.08999288
2345,0.1902752,0.046911992,0.07124382,0.053140838,0.119031385,-0.0062288456
2346,0.4689206,0.1542464,0.1723734,0.12660404,0.29654717,0.02764237
2347,0.3995071,0.15433794,0.19783553,0.14572744,0.20167157,0.008610502
2348,0.41333228,0.20746711,0.2525773,0.19201356,0.16075498,0.015453547
2349,0.1315864,0.006210068,0.031203011,0.019555757,0.10038339,-0.013345689
2350,0.40633342,0.14602411,0.19801638,0.12892155,0.20831704,0.017102554
2351,0.47609866,0.15584046,0.18916366,0.15142033,0.286935,0.0044201314
2352,0.44722784,0.18209241,0.22780363,0.17006195,0.2194242,0.012030467
2353,0.16869251,0.020167967,0.09362961,0.060451068,0.0750629,-0.0402831
2354,0.2989827,0.17812605,0.16529661,0.12240291,0.1336861,0.055723146
2355,0.22765255,0.11294832,0.15214613,0.09959785,0.07550642,0.013350472
2356,0.6307034,0.17159612,0.22102459,0.14690313,0.40967882,0.024692997
2357,0.37266403,0.13674353,0.17507026,0.11762978,0.19759378,0.01911375
2358,0.6574258,0.20532933,0.25442132,0.18562439,0.4030045,0.019704938
2359,0.44462478,0.1378115,0.19521816,0.13671313,0.24940662,0.0010983646
2360,0.38157025,0.10615347,0.1445411,0.11083623,0.23702915,-0.004682757
2361,0.28638694,0.10273053,0.12627576,0.09807537,0.16011117,0.00465516
2362,0.70467377,0.15175022,0.23579845,0.16654423,0.46887532,-0.014794007
2363,0.22619078,0.0778969,0.08058466,0.061275057,0.14560612,0.016621843
2364,1.0667803,0.25435516,0.33206132,0.22233061,0.73471904,0.032024547
2365,0.8239185,0.17724358,0.20709793,0.1461459,0.6168206,0.03109768
2366,0.4333456,0.1308781,0.15355664,0.1129418,0.27978894,0.017936304
2367,0.47662264,0.1311261,0.17266564,0.11461524,0.303957,0.016510867
2368,0.076595604,0.0401374,0.025953308,0.018111,0.050642297,0.0220264
2369,0.5191482,0.16060127,0.22298329,0.17618486,0.29616487,-0.01558359
2370,0.41937584,0.14002225,0.15004945,0.113034464,0.2693264,0.026987784
2371,0.6160175,0.25220984,0.27591768,0.20748778,0.34009984,0.044722065
2372,0.39176413,0.12970898,0.14692168,0.111117736,0.24484245,0.01859124
2373,0.3860551,0.09799714,0.13549659,0.097453974,0.25055853,0.0005431622
2374,0.5874373,0.20574649,0.23843865,0.16824105,0.3489986,0.037505433
2375,0.44953865,0.09693137,0.20863323,0.13759406,0.24090542,-0.04066269
2376,0.22708552,0.19499077,0.14783902,0.10528084,0.07924649,0.08970993
2377,0.5292918,0.14290695,0.21006927,0.1505677,0.31922254,-0.0076607466
2378,0.5162538,0.19521055,0.23981686,0.18103068,0.27643698,0.0141798705
2379,0.26576602,0.12759046,0.13368957,0.09587261,0.13207646,0.03171785
2380,0.31022504,0.13680016,0.13215466,0.10300188,0.17807038,0.033798277
2381,0.6085336,0.17705743,0.21704395,0.15988675,0.39148968,0.017170683
2382,0.2905054,0.07844988,0.05216845,0.03890267,0.23833695,0.039547212
2383,0.5238852,0.19734418,0.23058328,0.18207279,0.2933019,0.015271395
2384,0.3398154,0.085443065,0.10146,0.07547193,0.2383554,0.009971134
2385,0.549832,0.16769148,0.21017604,0.13549149,0.33965594,0.032199994
2386,0.5792737,0.14003098,0.20493266,0.1462861,0.37434104,-0.00625512
2387,0.24698545,0.03855832,0.105825424,0.059473664,0.14116003,-0.020915344
2388,0.5957123,0.10981742,0.19696498,0.14397928,0.39874732,-0.03416186
2389,0.6378717,0.18052325,0.2757128,0.19064526,0.3621589,-0.010122016
2390,0.37375477,0.124550074,0.13969195,0.11012874,0.23406282,0.014421336
2391,0.6135726,0.15215951,0.255676,0.17310342,0.3578966,-0.02094391
2392,0.43024394,0.124302045,0.18056668,0.12541664,0.24967726,-0.001114592
2393,0.83393425,0.1499694,0.24340408,0.14732113,0.59053016,0.0026482642
2394,0.64440507,0.22849025,0.29633528,0.2252355,0.3480698,0.0032547414
2395,0.4657239,0.14531942,0.21480298,0.15197141,0.25092092,-0.0066519976
2396,0.8274643,0.15933205,0.20611039,0.14918718,0.62135386,0.010144874
2397,0.40629214,0.15535761,0.22028692,0.16439898,0.18600522,-0.009041369
2398,0.21519597,0.045958042,0.11374023,0.07456926,0.10145574,-0.02861122
2399,0.7363098,0.23231229,0.26521102,0.19305728,0.4710988,0.039255008
2400,0.5350997,0.18653736,0.20605811,0.15494415,0.32904157,0.031593204
2401,0.5187436,0.11740712,0.16025314,0.11790214,0.35849044,-0.0004950166
2402,0.5053584,0.15023868,0.16940211,0.117810845,0.33595628,0.032427832
2403,0.54263246,0.19002113,0.21580514,0.15806042,0.32682732,0.03196071
2404,0.49401084,0.1539685,0.1992481,0.15331921,0.29476273,0.0006492883
2405,0.10364415,0.025678787,0.034522306,0.03026607,0.06912184,-0.0045872834
2406,0.30542198,0.11546425,0.13310169,0.09208221,0.17232029,0.023382038
2407,0.4166207,0.11367464,0.16730937,0.09948412,0.24931133,0.014190517
2408,0.11095308,0.033574153,0.0211027,0.017708829,0.08985038,0.015865324
2409,0.3769947,0.15923122,0.19508746,0.1383228,0.18190724,0.020908415
2410,0.62930244,0.22302057,0.28451335,0.17848113,0.3447891,0.044539437
2411,0.69875777,0.20111227,0.24548209,0.17466924,0.45327568,0.026443034
2412,0.60366833,0.15325016,0.21195158,0.14768548,0.39171675,0.0055646747
2413,0.23037098,0.145521,0.18755731,0.14870782,0.042813674,-0.003186822
2414,0.39154664,0.18724045,0.24091204,0.17887148,0.1506346,0.008368969
2415,0.45897505,0.13293432,0.21099243,0.1460269,0.24798262,-0.013092577
2416,-0.02496786,0.1039178,0.025982207,0.016970681,-0.050950065,0.08694712
2417,0.46386456,0.15305804,0.160754,0.105379045,0.30311057,0.047678992
2418,0.4335188,0.1314287,0.1495203,0.10844259,0.2839985,0.022986114
2419,0.3253077,0.093594596,0.14134249,0.10037132,0.1839652,-0.0067767277
2420,0.123436436,0.14175683,0.06362289,0.04951582,0.059813544,0.09224101
2421,0.3313317,0.1042497,0.092228115,0.07160517,0.23910359,0.032644533
2422,0.19855504,0.07118975,0.09240997,0.056062363,0.10614507,0.015127391
2423,0.7784764,0.15074706,0.21924357,0.13857417,0.55923283,0.012172893
2424,0.49079287,0.14138001,0.16341136,0.11356054,0.3273815,0.02781947
2425,0.8394232,0.17609899,0.19512334,0.14323714,0.64429986,0.032861844
2426,0.3773454,0.12652515,0.13258643,0.09314613,0.24475898,0.03337902
2427,0.7068627,0.19858688,0.2900674,0.19467492,0.41679528,0.003911957
2428,0.33967617,0.06583191,0.13019755,0.08437393,0.20947862,-0.018542022
2429,0.384861,0.18165125,0.21167207,0.16032067,0.17318892,0.02133058
2430,0.19349283,0.22190662,0.115730606,0.0803096,0.077762224,0.14159702
2431,0.6257279,0.21336323,0.24808447,0.17977074,0.3776434,0.033592492
2432,0.44939408,0.10254904,0.15602367,0.11313333,0.29337043,-0.010584295
2433,0.3686946,0.05551823,0.1004961,0.06055389,0.2681985,-0.005035661
2434,0.26656926,0.13236412,0.11876555,0.08285843,0.14780371,0.049505696
2435,0.5349598,0.12876,0.19013874,0.13336433,0.34482104,-0.0046043396
2436,0.2490089,0.09904019,0.08950911,0.06526629,0.1594998,0.0337739
2437,0.4702681,0.17407106,0.19034722,0.12981117,0.27992088,0.04425989
2438,0.29451135,0.11298617,0.10227449,0.07560398,0.19223686,0.037382193
2439,0.5521751,0.22961101,0.23716263,0.17941839,0.31501245,0.050192624
2440,0.6124657,0.21605471,0.29215482,0.19226463,0.32031086,0.023790076
2441,0.29517278,0.1392383,0.21641631,0.15091303,0.07875647,-0.011674732
2442,0.3685292,0.0958404,0.13485575,0.09439012,0.23367345,0.0014502853
2443,0.23549469,0.10725084,0.11408311,0.08522694,0.12141158,0.022023901
2444,0.4158408,0.14699376,0.11223586,0.08217382,0.30360496,0.06481994
2445,0.51554036,0.15567744,0.20927913,0.14739215,0.30626124,0.008285284
2446,0.67995024,0.266781,0.32138187,0.2461596,0.35856837,0.020621404
2447,0.22299421,0.030648967,0.05937773,0.041334283,0.16361648,-0.010685315
2448,0.6225341,0.16767775,0.21145296,0.14098929,0.41108114,0.026688457
2449,0.32779336,0.0815808,0.08091204,0.05463793,0.24688132,0.026942872
2450,0.61519116,0.21512061,0.29795986,0.20109479,0.3172313,0.014025822
2451,0.4925989,0.1503917,0.20251608,0.13734534,0.2900828,0.013046354
2452,0.7202,0.1883995,0.26832163,0.19038516,0.45187837,-0.0019856691
2453,0.46140477,0.12944621,0.17074409,0.121398605,0.29066068,0.008047603
2454,0.6105399,0.17303796,0.24211368,0.17796884,0.36842623,-0.0049308836
2455,0.2809662,0.049423303,0.111935236,0.07530929,0.16903096,-0.025885988
2456,0.61360013,0.2068069,0.29044694,0.1939856,0.3231532,0.012821302
2457,0.37320295,0.07682851,0.11366981,0.08580493,0.25953314,-0.008976422
2458,-0.0177559,0.16134185,0.040921383,0.023134388,-0.058677282,0.13820747
2459,0.58751774,0.2058323,0.21466342,0.15974757,0.37285432,0.04608473
2460,0.6024917,0.22236608,0.2664668,0.19167697,0.33602488,0.030689105
2461,0.18203524,0.06324258,0.0981622,0.07485508,0.08387304,-0.011612505
2462,0.2085114,0.20238014,0.12268774,0.07656577,0.085823655,0.12581436
2463,0.4623186,0.0940301,0.16042188,0.10390045,0.30189672,-0.00987035
2464,0.39627823,0.18495685,0.21265082,0.13866082,0.18362741,0.04629603
2465,0.7751306,0.2787983,0.2908441,0.2044271,0.48428652,0.07437122
2466,0.5344292,0.1773197,0.20737943,0.1591442,0.32704976,0.018175513
2467,0.35065228,0.08443308,0.12570156,0.0849082,0.22495072,-0.00047512352
2468,0.5910927,0.16375121,0.20916888,0.1585819,0.38192382,0.005169317
2469,0.35161144,0.06285544,0.10278766,0.067319825,0.24882378,-0.004464388
2470,0.37438056,0.12873873,0.14954945,0.11498642,0.2248311,0.0137523115
2471,0.24491866,0.09565128,0.052185435,0.033304162,0.19273323,0.062347114
2472,0.5731514,0.1350285,0.20724054,0.1574143,0.3659109,-0.022385806
2473,0.34474283,0.1551966,0.18199185,0.12852047,0.16275099,0.026676133
2474,0.40267682,0.13238695,0.1224673,0.08650512,0.2802095,0.04588183
2475,0.43581662,0.117804445,0.17348146,0.112336576,0.26233515,0.0054678693
2476,0.55760056,0.20717047,0.23231237,0.16703661,0.32528818,0.040133864
2477,0.2785399,0.11727891,0.16374213,0.10447534,0.11479777,0.012803569
2478,0.68878853,0.11292312,0.15102728,0.099388145,0.5377613,0.013534978
2479,0.32790056,0.07385607,0.12835553,0.0899401,0.19954503,-0.01608403
2480,0.4811751,0.20621899,0.26384085,0.18544242,0.21733424,0.02077657
2481,0.374294,0.14093222,0.17820644,0.097705625,0.19608757,0.043226592
2482,0.4720292,0.10423021,0.17643666,0.109739974,0.29559255,-0.005509764
2483,0.37306127,0.11639403,0.1686465,0.10667615,0.20441477,0.009717882
2484,0.48664427,0.11412299,0.20177452,0.13696538,0.28486973,-0.022842392
2485,0.4287539,0.10473834,0.14203142,0.10966213,0.28672248,-0.0049237907
2486,0.5134982,0.09674564,0.16425148,0.113689385,0.3492467,-0.016943745
2487,0.6118264,0.22409768,0.25544888,0.1815488,0.35637754,0.04254888
2488,0.34171605,0.15524517,0.2117022,0.14364147,0.13001385,0.011603698
2489,0.39444593,0.124548934,0.1677829,0.11490096,0.22666302,0.009647973
2490,0.4700436,0.11644049,0.13740054,0.09957913,0.33264306,0.016861357
2491,0.38038176,0.1906992,0.23599796,0.18076107,0.1443838,0.009938136
2492,0.35011348,0.13954143,0.17786203,0.13342015,0.17225145,0.006121278
2493,0.7268605,0.23700686,0.28620166,0.20285249,0.44065887,0.03415437
2494,0.54402655,0.114852436,0.20667973,0.1322679,0.33734682,-0.017415471
2495,0.63202393,0.131506,0.23516515,0.1580372,0.39685878,-0.026531205
2496,0.38044357,0.17629229,0.20470047,0.14466947,0.1757431,0.031622812
2497,0.44701746,0.15925653,0.21756978,0.1489849,0.22944768,0.010271639
2498,0.44704303,0.1272291,0.16519186,0.11587445,0.28185117,0.011354648
2499,0.4007085,0.08457554,0.055186253,0.046317033,0.34552225,0.038258508
2500,0.19765352,0.08018421,0.123290464,0.08692139,0.07436305,-0.00673718
2501,0.34760374,0.08412947,0.11883296,0.081595376,0.22877078,0.0025340915
2502,0.52805763,0.20555966,0.23766544,0.17546372,0.2903922,0.030095935
2503,0.37030536,0.16569963,0.13653713,0.09537594,0.23376822,0.07032369
2504,0.28621048,0.13442641,0.15744641,0.10661097,0.12876406,0.027815446
2505,0.44075015,0.09716918,0.10745539,0.07742298,0.33329475,0.019746207
2506,0.12681143,0.08754398,0.12796757,0.07426502,-0.0011561364,0.013278961
2507,0.59434706,0.13076068,0.20163181,0.13990332,0.39271525,-0.009142637
2508,0.65229475,0.108299315,0.16813879,0.10961779,0.48415595,-0.0013184771
2509,0.5036263,0.17581892,0.21248595,0.15130611,0.29114032,0.024512812
2510,0.3792186,0.15725817,0.20329902,0.123893596,0.17591959,0.03336457
2511,0.46839675,0.14492962,0.20170942,0.13184653,0.26668733,0.013083085
2512,0.39964396,0.11470094,0.17168905,0.11199732,0.22795491,0.002703622
2513,0.5039196,0.15236463,0.22314727,0.15108852,0.28077233,0.0012761056
2514,0.63707864,0.16711445,0.2527138,0.17631614,0.38436484,-0.009201691
2515,0.47232506,0.14774999,0.18286352,0.12836054,0.28946155,0.01938945
2516,0.42950803,0.17781766,0.20287783,0.1384447,0.2266302,0.03937295
2517,0.11017056,0.12750597,0.071819395,0.055228196,0.038351163,0.07227778
2518,0.2232316,0.19235276,0.09275587,0.07720599,0.13047573,0.11514676
2519,0.50440955,0.21619144,0.25015524,0.17373875,0.2542543,0.042452693
2520,0.68140537,0.15199481,0.20661104,0.14195475,0.47479433,0.01004006
2521,0.7041407,0.25709766,0.32210508,0.23666033,0.38203564,0.02043733
2522,0.60636085,0.12090496,0.17416641,0.12461907,0.43219444,-0.003714107
2523,0.4539895,0.13963185,0.19632733,0.121147595,0.25766218,0.018484257
2524,0.33982277,0.09360466,0.13906863,0.088736095,0.20075414,0.004868567
2525,0.25356033,0.06393083,0.09359577,0.06205045,0.15996456,0.0018803813
2526,0.7684026,0.1960442,0.27659208,0.18438962,0.4918105,0.011654586
2527,0.35165605,0.06669778,0.10931553,0.06857285,0.24234052,-0.0018750727
2528,0.38806942,0.104660004,0.14219137,0.087874815,0.24587806,0.01678519
2529,0.5244644,0.18890887,0.22671878,0.17050616,0.29774565,0.01840271
2530,0.16028112,0.02914077,0.07474691,0.05807481,0.085534215,-0.02893404
2531,0.44301644,0.25486177,0.19271415,0.13928148,0.25030228,0.11558029
2532,0.56014156,0.14249536,0.1648371,0.12516409,0.39530444,0.017331272
2533,0.42734343,0.12548918,0.14156847,0.10309937,0.28577495,0.022389807
2534,0.41291526,0.1363722,0.1386892,0.10166699,0.27422607,0.034705207
2535,0.37428898,0.086786896,0.12544578,0.0891095,0.2488432,-0.0023226067
2536,0.4303964,0.09919161,0.18588145,0.13264143,0.24451496,-0.03344982
2537,0.72409415,0.15161425,0.23675244,0.16573557,0.4873417,-0.014121324
2538,0.18944545,0.023724496,0.08790578,0.066504516,0.10153967,-0.04278002
2539,0.21703516,0.053540703,0.045639087,0.034893148,0.17139608,0.018647555
2540,0.48155224,0.11066385,0.13581467,0.09317144,0.34573758,0.017492414
2541,0.122113764,0.023750247,0.09189703,0.058528177,0.030216731,-0.034777932
2542,0.49748465,0.10830839,0.10378186,0.08041778,0.3937028,0.027890608
2543,0.12884018,0.057949815,0.05296589,0.03594323,0.075874284,0.022006586
2544,0.8496303,0.20366758,0.2834109,0.20931153,0.5662194,-0.005643949
2545,0.48201293,0.13659891,0.15443225,0.11241988,0.3275807,0.024179034
2546,0.774032,0.25071856,0.3185399,0.2406557,0.4554921,0.010062858
2547,0.480085,0.09818095,0.16044836,0.10072215,0.31963664,-0.0025411993
2548,0.7160789,0.19129816,0.24428955,0.16775899,0.47178933,0.02353917
2549,0.52118,0.05420253,0.10842451,0.077704266,0.41275546,-0.023501735
2550,0.52728784,0.11974118,0.14620456,0.09697078,0.38108328,0.022770397
2551,0.42054394,0.14773925,0.17110969,0.13130379,0.24943425,0.01643546
2552,0.45320705,0.1287753,0.1571208,0.11544967,0.29608625,0.013325632
2553,0.33967575,0.069405474,0.14429352,0.09045544,0.19538224,-0.021049969
2554,0.8146266,0.16524422,0.26443383,0.17747097,0.5501927,-0.0122267455
2555,0.41088757,0.097671226,0.17559795,0.118376896,0.23528962,-0.02070567
2556,0.41162708,0.15377729,0.14123562,0.09878973,0.27039146,0.054987557
2557,0.5641661,0.20621257,0.2414324,0.17487976,0.32273373,0.031332806
2558,0.5772281,0.1261327,0.16279145,0.09438438,0.4144367,0.031748317
2559,0.266531,0.11860817,0.15189704,0.12050971,0.11463395,-0.0019015372
