feature_idx,seq_effect_obs,struct_effect_obs,seq_effect_shuffle,struct_effect_shuffle,seq_delta,struct_delta
0,1.1453549,0.6143046,0.749097,0.49732742,0.39625788,0.116977185
1,1.0366187,0.65257484,0.82519835,0.6111339,0.21142036,0.041440964
2,0.32588398,0.43810698,0.17482641,0.119478144,0.15105757,0.31862885
3,0.77553385,0.42199072,0.5904404,0.3968405,0.18509346,0.02515021
4,0.3415386,0.19066055,0.24299034,0.18477657,0.09854826,0.005883977
5,0.044188052,0.1177443,0.062478226,0.03986071,-0.018290173,0.07788359
6,-0.013109739,0.12377441,0.0053957254,0.00068373943,-0.018505465,0.12309067
7,0.047618985,0.03235548,0.031330694,0.024441969,0.016288292,0.007913511
8,0.091354094,0.09402002,0.07980237,0.055095725,0.011551723,0.03892429
9,-0.0031550701,0.14875858,0.008947579,0.0056524044,-0.01210265,0.14310618
10,0.060969196,0.1316592,0.047582846,0.033991136,0.01338635,0.09766806
11,0.054910563,0.024352828,0.028046042,0.020286916,0.026864521,0.004065912
12,0.059358906,0.04191731,0.041955046,0.03079341,0.01740386,0.011123899
13,0.18726969,0.17491072,0.13556539,0.0942015,0.051704302,0.08070923
14,0.38628626,0.24781197,0.34730163,0.25769463,0.038984627,-0.009882659
15,0.09978497,0.09521574,0.08495819,0.06420977,0.014826782,0.031005971
16,0.8960285,0.48854274,0.55213106,0.39125687,0.34389746,0.09728587
17,0.094702415,0.08852573,0.08311914,0.059471946,0.011583276,0.029053781
18,0.6226643,0.36970344,0.45534092,0.34556252,0.16732335,0.024140924
19,1.2287266,0.79855907,1.0578525,0.774161,0.17087412,0.024398088
20,0.04843838,-0.016842704,0.047695674,0.02797262,0.0007427074,-0.044815324
21,0.024072716,0.02589007,0.004674535,0.0078045665,0.01939818,0.018085502
22,-0.017175565,0.13065562,0.019711733,0.009564874,-0.036887296,0.12109074
23,0.16096026,0.121908076,0.13667706,0.10838871,0.0242832,0.013519369
24,0.0463977,0.04385184,0.034348413,0.030737227,0.012049288,0.013114614
25,1.968517,0.9936107,1.5085318,0.9799817,0.45998514,0.01362896
26,0.5018112,0.23659647,0.33840737,0.22480841,0.16340384,0.011788055
27,0.08887476,0.06407047,0.07838242,0.06259976,0.01049234,0.0014707074
28,0.023162695,-0.0079706805,0.0337825,0.024118671,-0.010619806,-0.032089353
29,1.1661516,0.48703763,0.82003164,0.6152791,0.34612,-0.12824145
30,0.0080514755,0.0013059755,0.027242487,0.025590036,-0.019191012,-0.024284061
31,0.023124436,0.022183275,0.009340564,0.00945611,0.013783872,0.012727165
32,1.0100197,0.5882421,0.81164855,0.5636808,0.19837111,0.024561286
33,0.03384974,0.025973886,0.029779654,0.02057197,0.0040700845,0.005401917
34,0.71190053,0.48734498,0.5026568,0.36583865,0.20924371,0.12150633
35,0.5848746,0.30158904,0.40413752,0.29666138,0.18073705,0.004927665
36,0.46733016,0.25436416,0.31919116,0.22803757,0.148139,0.026326597
37,0.63573986,0.319691,0.4414575,0.284834,0.19428235,0.034857005
38,0.25865367,0.28469765,0.21094711,0.15296972,0.04770656,0.13172793
39,0.14403306,0.05377165,0.12806444,0.0863266,0.01596862,-0.03255495
40,1.219863,0.70008826,0.9593752,0.6261466,0.26048785,0.07394165
41,0.01561839,0.025635606,0.024528544,0.01938295,-0.008910154,0.0062526558
42,0.01843552,-0.0075400593,0.021280766,0.016722642,-0.0028452463,-0.0242627
43,0.87016803,0.5337268,0.7035917,0.51560706,0.16657633,0.018119752
44,0.91180205,0.46646607,0.6566285,0.5112849,0.25517356,-0.04481882
45,0.09960881,0.07543235,0.08324419,0.06500546,0.01636462,0.010426894
46,0.057684667,-0.007860955,0.0504499,0.032957345,0.007234767,-0.0408183
47,0.6655158,0.44537738,0.613885,0.41698498,0.051630795,0.028392404
48,0.92942715,0.6135133,0.7771708,0.5814265,0.15225637,0.03208679
49,0.6195986,0.436692,0.5086485,0.36079568,0.11095011,0.07589632
50,0.027305866,-0.026455376,0.029624272,0.017906962,-0.0023184065,-0.044362336
51,0.020197181,0.018314546,0.010205567,0.0055842893,0.009991614,0.012730257
52,1.248163,0.71099216,0.8640381,0.60815316,0.38412488,0.10283899
53,0.79524845,0.4098684,0.5730809,0.4096262,0.22216755,0.00024220347
54,-0.0018904902,-0.016908469,0.016840018,0.01680347,-0.018730508,-0.03371194
55,0.8896318,0.47940278,0.6613518,0.44741425,0.22828001,0.03198853
56,0.42375225,0.20008226,0.27556288,0.1942161,0.14818937,0.005866155
57,0.00065464753,-0.063767344,0.021298911,0.011041774,-0.020644264,-0.07480912
58,-0.022753684,0.12493419,0.017897297,0.0077005923,-0.04065098,0.1172336
59,1.0107034,0.7004153,0.88206404,0.6128847,0.1286394,0.08753061
60,0.79306406,0.51129913,0.64104164,0.47870058,0.15202242,0.032598555
61,0.053976946,-0.013173651,0.041508704,0.025429666,0.012468241,-0.038603317
62,0.03763497,0.00530559,0.029227447,0.021749148,0.008407522,-0.016443558
63,0.23220238,0.15267345,0.2092396,0.14515083,0.022962779,0.0075226277
64,0.096125185,0.0028072642,0.081476904,0.043191552,0.014648281,-0.04038429
65,0.14166881,0.116007775,0.11057867,0.06797839,0.03109014,0.048029386
66,0.07864192,0.058213986,0.054026067,0.04255714,0.024615854,0.015656848
67,0.099549614,0.070057295,0.07246501,0.052071966,0.027084604,0.017985329
68,0.68862224,0.3301207,0.37497136,0.2719687,0.31365088,0.05815202
69,1.106263,0.56609714,0.8169581,0.54950404,0.2893049,0.016593099
70,0.059569467,0.004682682,0.05359847,0.03818326,0.005970996,-0.03350058
71,0.33919197,0.21289603,0.24640456,0.17889872,0.092787415,0.033997312
72,0.0089578265,-0.050709203,0.021885408,0.0112622855,-0.012927582,-0.06197149
73,0.09189727,0.05679594,0.06768778,0.049356587,0.024209492,0.0074393526
74,0.048510447,0.1566407,0.04664611,0.030579925,0.0018643364,0.12606077
75,0.62650174,0.33226603,0.44329253,0.30336326,0.18320921,0.02890277
76,0.082249105,0.09152269,0.08278306,0.054763027,-0.0005339533,0.036759667
77,0.52473575,0.2537829,0.36477464,0.25748095,0.1599611,-0.003698051
78,1.0236744,0.4272184,0.5225565,0.30923396,0.5011179,0.117984444
79,0.029150005,0.1255534,0.026180219,0.011942086,0.0029697865,0.11361131
80,0.9634839,0.68361086,0.79061174,0.572655,0.17287219,0.110955834
81,0.01757646,-0.021605523,0.028176006,0.021955546,-0.010599546,-0.04356107
82,1.1622174,0.21978828,0.4155709,0.27073437,0.74664646,-0.050946087
83,0.7772822,0.45922107,0.5298754,0.42713946,0.24740678,0.032081604
84,0.9112613,0.58642185,0.8564779,0.5849538,0.054783404,0.0014680624
85,0.028479662,-0.010210932,0.03729427,0.019580629,-0.008814607,-0.02979156
86,0.03879097,0.107147515,0.043113805,0.03438834,-0.0043228343,0.072759174
87,0.8017337,0.42415234,0.57207304,0.4137183,0.22966063,0.0104340315
88,0.43632594,0.38076457,0.40473667,0.31323218,0.03158927,0.06753239
89,0.81024086,0.5057162,0.6790551,0.4996473,0.13118577,0.006068915
90,0.8449896,0.44954026,0.6099984,0.42584324,0.2349912,0.023697019
91,0.6408094,0.23871155,0.38087043,0.2581206,0.259939,-0.019409046
92,0.08243305,0.04197451,0.056611955,0.042677265,0.025821097,-0.00070275366
93,0.0781368,0.044364654,0.067527235,0.037691597,0.010609567,0.0066730566
94,0.6819696,0.3696542,0.37116042,0.2804637,0.31080917,0.08919051
95,0.5389349,0.2358912,0.3302895,0.23036166,0.20864537,0.005529538
96,0.05949741,0.06139712,0.061769765,0.05030809,-0.0022723563,0.011089031
97,0.018858977,-0.019130034,0.0294234,0.018068379,-0.010564424,-0.037198413
98,0.8977419,0.50024617,0.68569976,0.5094985,0.21204215,-0.00925231
99,0.6714685,0.35317308,0.5101341,0.34732223,0.1613344,0.0058508515
100,-0.049609505,0.11225761,-0.0029697875,-0.0043558623,-0.046639718,0.11661347
101,0.07132937,0.16002133,0.06045439,0.048723467,0.010874979,0.11129787
102,0.0036311583,-0.0058780457,0.0054835873,0.007729317,-0.001852429,-0.013607362
103,0.2631875,0.14233635,0.19910833,0.116756395,0.064079165,0.02557996
104,0.01475286,0.09549187,0.012247478,0.013281899,0.0025053825,0.082209975
105,0.9342722,0.5990755,0.7637156,0.56823564,0.1705566,0.03083986
106,0.85145587,0.37371075,0.3865429,0.31387764,0.46491298,0.05983311
107,0.039353292,-0.012510481,0.024625156,0.009267021,0.014728136,-0.021777503
108,-0.012640296,0.19869046,0.02237242,0.011094978,-0.035012715,0.18759549
109,0.057616618,0.037625153,0.033142887,0.02322737,0.02447373,0.014397783
110,0.54495794,0.23096403,0.25221783,0.18867035,0.2927401,0.042293683
111,0.8316034,0.45541063,0.51303977,0.38131714,0.31856364,0.07409349
112,0.4233491,0.2911468,0.3918406,0.2582463,0.031508505,0.032900512
113,0.21146318,0.11704182,0.1709054,0.12476287,0.040557787,-0.0077210516
114,0.1104765,0.01041115,0.070867844,0.043801624,0.039608657,-0.033390474
115,-0.004723751,0.20425943,0.016213369,0.01258823,-0.020937119,0.1916712
116,0.02011063,0.04873039,0.020972341,0.015010664,-0.0008617118,0.033719726
117,0.6850204,0.36692983,0.47005576,0.346249,0.21496463,0.020680815
118,0.12537523,0.103775136,0.10685027,0.08228724,0.01852496,0.0214879
119,1.0785398,0.6673038,0.89480907,0.63859034,0.18373078,0.028713465
120,0.6312739,0.30728358,0.4826377,0.32380438,0.14863622,-0.016520798
121,0.04971943,0.04282506,0.049700923,0.03386887,1.8507242e-05,0.00895619
122,0.040036917,0.11453069,0.047204033,0.033243354,-0.007167116,0.08128734
123,0.8894602,0.52778727,0.69538635,0.4518624,0.19407386,0.07592487
124,0.02560082,0.0011753377,0.018365452,0.00762708,0.0072353687,-0.0064517427
125,0.86437017,0.50570136,0.65504545,0.48116475,0.20932472,0.02453661
126,0.7059198,0.39128107,0.50406164,0.3675186,0.20185816,0.023762465
127,0.72505325,0.29221815,0.3475351,0.27077374,0.37751815,0.02144441
128,0.018939797,0.055233024,0.014407533,0.018381944,0.0045322636,0.03685108
129,0.0045388252,-0.0101986695,0.01128669,0.0111054005,-0.0067478647,-0.021304071
130,1.3868638,0.69520646,1.056107,0.8035591,0.33075678,-0.10835266
131,1.0677799,0.60406023,0.75943995,0.53647864,0.30833995,0.067581594
132,0.23034498,0.26884896,0.2438151,0.17212972,-0.013470113,0.096719235
133,0.6806978,0.47982827,0.5328391,0.38659194,0.14785868,0.09323633
134,0.023384698,0.033448115,0.015093153,0.01609068,0.008291544,0.017357435
135,1.0819722,0.76763976,0.8829851,0.7109067,0.19898713,0.05673307
136,0.047262352,0.06429091,0.04262616,0.031769566,0.004636191,0.032521345
137,-0.023298925,0.12754533,0.021029588,0.011385819,-0.04432851,0.116159506
138,0.9137599,0.46023133,0.4949104,0.34796125,0.4188495,0.11227009
139,-0.0068461117,-0.063816845,0.015516931,0.012171979,-0.022363042,-0.07598882
140,1.4482489,0.9574323,1.0831429,0.8513895,0.365106,0.1060428
141,0.47733647,0.18171006,0.26003414,0.17231545,0.21730232,0.009394616
142,0.04860947,0.10569162,0.05033027,0.03281965,-0.001720801,0.07287197
143,0.054940555,0.15280129,0.052812945,0.04167095,0.0021276101,0.11113034
144,1.5527973,1.0413722,1.4131076,1.0378702,0.13968968,0.0035020113
145,0.16308619,0.12837942,0.14222963,0.08301357,0.02085656,0.045365848
146,1.2968249,0.32263067,0.576917,0.44060716,0.71990794,-0.11797649
147,0.72699153,0.25575048,0.2958469,0.23316953,0.43114462,0.022580951
148,0.047853164,0.13122964,0.03336009,0.021745866,0.014493074,0.10948377
149,1.0942599,0.34886864,0.5388788,0.31515914,0.55538106,0.033709496
150,1.4083897,0.66392225,1.0515282,0.7232313,0.35686147,-0.059309065
151,0.34343633,0.18730374,0.22031617,0.163295,0.12312016,0.024008736
152,0.058886364,0.042405047,0.03107272,0.014874938,0.027813643,0.027530108
153,0.11646305,0.075118974,0.07886546,0.058413934,0.03759759,0.01670504
154,0.08580553,0.014982158,0.06278555,0.036771435,0.023019977,-0.021789277
155,0.09380175,0.059863444,0.066965416,0.049560104,0.026836336,0.010303341
156,0.19925278,0.06673459,0.13023253,0.08353648,0.06902026,-0.016801894
157,0.4690792,0.28197017,0.3582262,0.26862305,0.11085299,0.013347119
158,0.011870973,0.010494555,0.024352644,0.022063233,-0.012481671,-0.011568678
159,0.46402448,0.16545211,0.26904035,0.1871346,0.19498414,-0.021682486
160,0.10124205,0.2202182,0.092681095,0.06512593,0.0085609555,0.15509227
161,0.07549326,0.017273005,0.06857687,0.0392898,0.006916389,-0.022016793
162,0.12562348,0.053446647,0.083920814,0.05902814,0.041702665,-0.0055814944
163,0.0379528,0.046389215,0.024754018,0.019853208,0.013198782,0.026536006
164,0.106097676,0.10842149,0.095795006,0.066273294,0.01030267,0.042148195
165,0.7485652,0.49691495,0.5448603,0.41419667,0.2037049,0.08271828
166,0.067620754,0.15089618,0.054683387,0.036331467,0.012937367,0.11456471
167,0.13113804,0.21045734,0.14894356,0.11676146,-0.017805517,0.09369588
168,0.63210404,0.3607967,0.47672844,0.3542261,0.1553756,0.0065705776
169,0.7397623,0.44710025,0.5625812,0.41407442,0.17718112,0.03302583
170,0.09686733,0.06102813,0.085907295,0.062670305,0.010960035,-0.001642175
171,0.074053265,0.07438459,0.055099614,0.042724658,0.018953651,0.031659935
172,0.10860987,0.09946606,0.09741746,0.07817952,0.011192411,0.02128654
173,0.5138687,0.3600948,0.462632,0.33441365,0.05123669,0.025681138
174,-0.041348428,0.12747163,0.003399254,-0.001186886,-0.04474768,0.12865852
175,0.7946293,0.32680264,0.5161066,0.3218475,0.27852267,0.0049551427
176,0.10645001,0.07159789,0.082813755,0.05595218,0.023636252,0.015645709
177,-0.02852159,-0.060466647,-0.003247828,-0.0044836635,-0.025273763,-0.055982985
178,0.95747143,0.5975772,0.8216013,0.57654417,0.13587016,0.021033049
179,0.065428175,0.048388805,0.061093815,0.048178367,0.0043343604,0.00021043792
180,0.9721,0.5415821,0.8822069,0.61560166,0.0898931,-0.07401955
181,1.2856326,0.78597313,1.0818348,0.7099435,0.20379782,0.07602966
182,0.6767706,0.40842077,0.5724873,0.40496606,0.10428333,0.003454715
183,0.36983395,0.30712146,0.2914706,0.19012988,0.07836336,0.11699158
184,0.07362588,0.04222538,0.046094973,0.0352645,0.027530905,0.00696088
185,0.212522,0.11097522,0.09423904,0.069260836,0.11828296,0.041714385
186,-0.010875126,0.13722338,0.032519642,0.017760418,-0.043394767,0.11946296
187,0.06724638,0.045600567,0.04464935,0.03178271,0.022597026,0.013817858
188,0.72643423,0.31045997,0.36554414,0.24384531,0.3608901,0.06661466
189,-0.027428975,0.11389191,0.008140391,0.003583882,-0.035569366,0.11030802
190,0.03641871,0.0534641,0.03907169,0.03295306,-0.0026529804,0.020511039
191,1.0331988,0.65359086,0.9041632,0.63707995,0.12903565,0.016510904
192,0.7279923,0.48843953,0.6045788,0.4412737,0.1234135,0.04716584
193,0.65754765,0.31602317,0.32786557,0.24655636,0.32968208,0.069466814
194,0.034951393,-0.008153084,0.023506429,0.01885352,0.0114449635,-0.027006604
195,0.07833896,0.05420208,0.051231444,0.039739694,0.027107514,0.014462385
196,-0.021953508,0.11756795,0.01327692,0.004367874,-0.035230428,0.113200076
197,0.011418157,0.02778745,0.02638346,0.025508463,-0.014965302,0.0022789873
198,0.016015498,-0.05023651,0.01966599,0.009457237,-0.003650492,-0.059693746
199,0.33787102,0.17541096,0.21577735,0.15513141,0.12209366,0.020279542
200,1.710382,0.6716493,0.91677964,0.6199976,0.79360235,0.051651657
201,0.8353821,0.5188882,0.6359964,0.47193065,0.1993857,0.046957523
202,0.051892333,0.034399398,0.029575592,0.020806843,0.02231674,0.013592554
203,0.7116232,0.3642567,0.4802916,0.334444,0.23133159,0.029812723
204,0.5773541,0.27825657,0.3472858,0.25299683,0.23006827,0.025259733
205,1.1601007,0.51915205,0.80178297,0.54383105,0.35831773,-0.024679005
206,0.042322032,0.038574047,0.04021757,0.032057367,0.0021044612,0.00651668
207,0.09434406,0.053826917,0.07368609,0.055317402,0.020657964,-0.0014904849
208,-0.0039044234,0.2512783,0.030231828,0.023383388,-0.03413625,0.22789492
209,0.0961622,0.06476722,0.06533395,0.054810785,0.030828252,0.009956434
210,0.09827292,0.028695408,0.06682537,0.043435175,0.031447552,-0.014739767
211,0.16650538,0.12663606,0.113254845,0.073780194,0.053250536,0.052855864
212,0.019499669,0.06673259,0.014601682,0.014418693,0.0048979865,0.0523139
213,0.19854896,0.1533974,0.1523743,0.108145975,0.04617466,0.04525142
214,0.75610834,0.40629166,0.46004343,0.35666582,0.2960649,0.049625844
215,-0.0059097633,0.006412163,0.012475516,0.01662475,-0.01838528,-0.010212587
216,0.51848584,0.30177575,0.38046795,0.27208248,0.1380179,0.029693276
217,-0.042853463,0.13473214,0.013841743,0.0055453936,-0.056695208,0.12918675
218,0.19272529,0.11775099,0.14133933,0.099358834,0.051385954,0.018392153
219,0.7267661,0.52330774,0.5686475,0.395554,0.1581186,0.12775373
220,0.09185912,0.034034237,0.06005739,0.041405648,0.031801727,-0.0073714107
221,0.66608095,0.18106464,0.27423167,0.1629894,0.39184928,0.018075243
222,0.8022192,0.22769754,0.49283066,0.22086649,0.30938855,0.00683105
223,0.47762063,0.3276752,0.40227136,0.29417732,0.07534927,0.03349787
224,0.24579002,0.14925458,0.21689913,0.15072986,0.028890893,-0.0014752895
225,0.08746802,0.10062379,0.075257614,0.053848527,0.012210406,0.04677526
226,0.040027756,0.0505592,0.036512617,0.023232318,0.0035151392,0.027326882
227,0.0070943288,0.13728221,0.038449287,0.028376793,-0.03135496,0.10890541
228,-0.0019099126,0.16410926,0.034488864,0.020106614,-0.036398776,0.14400265
229,0.04838915,0.040483307,0.021644427,0.016982041,0.026744725,0.023501266
230,0.088587776,0.042679287,0.06615071,0.049769375,0.022437066,-0.007090088
231,0.2802027,0.19676939,0.24779046,0.18559846,0.03241223,0.011170924
232,0.061932348,0.0751806,0.035075594,0.028747302,0.026856754,0.046433296
233,1.3740343,0.51576227,0.6337615,0.4337244,0.74027276,0.082037866
234,1.0109875,0.62226,0.7310805,0.53514,0.27990705,0.08712
235,0.1630658,0.09354425,0.148675,0.11142747,0.014390811,-0.017883219
236,0.10592715,0.04094734,0.121948384,0.06890576,-0.016021237,-0.027958423
237,0.006925363,0.0011274624,0.017664049,0.013047727,-0.010738686,-0.011920264
238,0.3434021,0.21653439,0.26238823,0.17632584,0.08101386,0.04020855
239,1.1378357,0.55572355,0.80151397,0.5762451,0.33632177,-0.020521581
240,-0.014446052,0.14087087,0.028930765,0.01906265,-0.04337682,0.121808216
241,-0.011010878,0.19245669,0.034624554,0.029530924,-0.045635432,0.16292576
242,0.050930057,0.029996611,0.02118394,0.021100994,0.029746117,0.008895617
243,0.44219267,0.204776,0.21336207,0.15217824,0.2288306,0.05259776
244,1.5296307,0.8979771,1.1627579,0.81147707,0.3668728,0.08650005
245,0.096488535,0.024245502,0.07968794,0.058419995,0.016800597,-0.034174494
246,0.014433436,-0.006846149,0.008447454,0.0010500767,0.005985982,-0.007896226
247,0.23270196,0.14061205,0.1708568,0.12816277,0.061845154,0.012449279
248,0.023162562,0.044029683,0.013319418,0.0119595025,0.009843145,0.032070182
249,1.2327586,0.7761607,0.9415473,0.68440753,0.29121137,0.091753185
250,0.039142244,0.056117397,0.029955735,0.02510466,0.009186508,0.031012736
251,1.3844984,0.95665425,1.2196836,0.88771373,0.16481471,0.06894052
252,0.73977846,0.52349454,0.6675236,0.4715466,0.07225484,0.05194795
253,0.6864785,0.34841147,0.3763462,0.25326177,0.3101323,0.095149696
254,0.646452,0.501381,0.5557834,0.4282464,0.09066862,0.07313457
255,0.7252619,0.41701898,0.59635895,0.42305833,0.12890297,-0.006039351
256,1.0392551,0.4862311,0.6800556,0.4358901,0.35919952,0.05034098
257,1.355701,0.7918567,1.1040952,0.7734074,0.25160575,0.018449306
258,0.029740315,-0.015958233,0.02021942,0.014892375,0.009520896,-0.030850608
259,-0.0028185204,0.028332127,0.025970627,0.023492575,-0.028789148,0.0048395526
260,1.7976029,0.66463476,0.9603157,0.6114065,0.8372872,0.05322826
261,0.20132187,0.16347545,0.17997274,0.13740046,0.021349132,0.02607499
262,0.6003758,0.2539954,0.3874587,0.2823084,0.21291706,-0.02831301
263,0.7607077,0.49155822,0.59308827,0.43606538,0.1676194,0.05549285
264,0.20685111,0.08496187,0.19284219,0.117241845,0.014008924,-0.032279976
265,0.8164827,0.4004812,0.57610846,0.37252387,0.24037427,0.02795732
266,1.1634717,0.73341167,0.9967915,0.7177388,0.16668022,0.015672863
267,0.76313657,0.4614759,0.5660675,0.3834507,0.19706905,0.07802522
268,0.4809358,0.24343793,0.3437106,0.23708358,0.13722521,0.006354347
269,0.12734845,0.007983943,0.12872261,0.07167451,-0.0013741553,-0.063690566
270,0.12629414,0.08705342,0.10510038,0.08266907,0.021193758,0.0043843463
271,-0.013864687,-0.031125605,0.007967121,0.0058289254,-0.021831807,-0.03695453
272,0.2897378,0.18731122,0.23126476,0.17323443,0.058473036,0.014076784
273,-0.0041283434,0.24422717,0.054840427,0.029516567,-0.05896877,0.21471061
274,1.0564584,0.70846874,0.9361497,0.6085766,0.12030864,0.09989214
275,0.22475804,0.24105173,0.17993674,0.12195392,0.044821307,0.119097814
276,0.07444285,0.018174684,0.07625635,0.053287648,-0.0018135011,-0.035112962
277,0.8938508,0.5694902,0.75335276,0.50252664,0.14049804,0.06696355
278,0.73594236,0.35593086,0.5845324,0.42885035,0.15140998,-0.07291949
279,0.9809901,0.55082244,0.73218673,0.53301007,0.24880338,0.017812371
280,0.045284033,0.03141776,0.062673815,0.045881696,-0.017389782,-0.014463935
281,0.22070637,0.1286911,0.18234177,0.13139535,0.038364604,-0.0027042478
282,0.12653026,0.04170707,0.098321915,0.067812756,0.028208345,-0.026105687
283,0.04252414,0.0023385691,0.053165197,0.040362842,-0.010641057,-0.038024273
284,1.3333989,0.8241947,0.9776996,0.7025515,0.35569936,0.121643245
285,0.046170086,-0.018166015,0.0444872,0.02818169,0.001682885,-0.046347708
286,0.77758974,0.4351637,0.49974713,0.3446526,0.2778426,0.09051111
287,1.6454116,0.8419057,0.8928192,0.6132061,0.7525924,0.22869962
288,0.5170673,0.26510575,0.3573123,0.24590103,0.15975502,0.01920472
289,1.449345,0.9263677,1.14735,0.80230343,0.30199504,0.12406427
290,0.5518982,0.3328365,0.44645983,0.32420748,0.10543835,0.008629024
291,0.8564265,0.42768624,0.64052504,0.46559873,0.21590143,-0.037912488
292,1.3338459,0.7156313,1.0546526,0.68288624,0.27919328,0.032745063
293,0.013497846,-0.063142866,0.019258551,0.010498248,-0.005760705,-0.073641114
294,0.06889459,0.06155496,0.056450654,0.04650266,0.012443934,0.0150523
295,0.02731878,0.006257429,0.017072612,0.01759791,0.010246167,-0.011340481
296,0.08139216,0.024967711,0.067831025,0.05050379,0.013561137,-0.025536079
297,0.09468894,0.03921106,0.06927939,0.045044087,0.02540955,-0.005833026
298,0.14764844,0.033867434,0.15518597,0.087380804,-0.007537529,-0.05351337
299,0.0793825,0.1715498,0.071597144,0.046108834,0.0077853575,0.12544096
300,0.0012590006,-0.017352846,0.025714496,0.015343457,-0.024455495,-0.032696303
301,0.8970356,0.5349185,0.5986,0.4835797,0.29843563,0.05133879
302,0.3798837,0.26948562,0.3604011,0.2632333,0.019482613,0.0062523186
303,0.6602237,0.42201984,0.58366054,0.4022568,0.07656318,0.019763052
304,1.399995,0.8544143,1.049876,0.7389191,0.350119,0.115495205
305,0.024783587,0.03393713,0.023560869,0.017376976,0.0012227185,0.016560154
306,0.6383185,0.18419336,0.25389785,0.18128094,0.38442063,0.002912417
307,0.17756228,0.2277573,0.15249756,0.095358916,0.025064722,0.1323984
308,0.086356066,0.07543497,0.07086837,0.060408093,0.015487693,0.015026875
309,1.2522783,0.7173066,1.105844,0.75173956,0.1464343,-0.034432948
310,-0.041253857,0.1125833,0.003610064,-0.0017310202,-0.04486392,0.114314325
311,0.13232878,0.13493377,0.115016535,0.088027984,0.017312244,0.046905786
312,-0.03667788,0.10882682,0.0022039444,-0.0016388875,-0.038881823,0.11046571
313,0.113944136,0.08068196,0.095539324,0.069197565,0.018404812,0.011484392
314,0.11487362,0.08651748,0.09867273,0.074547485,0.016200885,0.0119699985
315,0.060783505,0.16567653,0.051995553,0.04159092,0.008787952,0.12408561
316,0.03332104,0.039224356,0.030226033,0.024346195,0.0030950084,0.014878161
317,-0.03833117,0.12520482,0.0006193413,0.0037945122,-0.03895051,0.1214103
318,0.11304445,0.002002103,0.10110904,0.047972262,0.011935405,-0.04597016
319,0.07153107,0.059165686,0.051609952,0.031144064,0.01992112,0.028021622
320,0.12778401,0.067059785,0.09648617,0.071641825,0.03129784,-0.00458204
321,0.16812612,0.13503702,0.1353129,0.08154756,0.03281322,0.05348946
322,0.11318024,0.059231307,0.067511715,0.048265535,0.045668527,0.010965772
323,0.15464874,0.11534418,0.14024618,0.09725906,0.014402553,0.018085122
324,0.86140466,0.41107446,0.58811945,0.3665468,0.2732852,0.04452765
325,0.61789864,0.36141753,0.39828646,0.29826516,0.21961218,0.06315237
326,0.80694944,0.53111696,0.54360706,0.40363273,0.26334238,0.12748423
327,0.16957907,0.07797158,0.15627041,0.11204102,0.013308659,-0.03406944
328,0.87057805,0.5179943,0.6908666,0.49962053,0.17971146,0.018373758
329,0.14475442,0.10081758,0.10874269,0.0723755,0.036011733,0.028442085
330,0.09307544,0.02117506,0.08164835,0.0578836,0.01142709,-0.03670854
331,-0.03722551,0.16483168,0.0223368,0.012401538,-0.05956231,0.15243015
332,0.11860111,0.028142504,0.06985368,0.042654216,0.048747435,-0.014511712
333,0.20890523,0.115394145,0.17132929,0.10292139,0.037575945,0.012472756
334,0.09631793,0.06814206,0.072101355,0.051157396,0.024216577,0.01698466
335,0.2756822,0.13866772,0.21969609,0.16894908,0.05598612,-0.030281365
336,0.093140796,0.08828222,0.057980567,0.04077373,0.03516023,0.04750849
337,0.010213172,0.02049111,0.01286429,0.005472503,-0.0026511177,0.015018607
338,0.1864679,0.1169155,0.1657264,0.124369025,0.020741507,-0.0074535236
339,0.2150425,0.29729888,0.15187952,0.119729795,0.06316298,0.17756909
340,0.2932473,0.19204952,0.25692827,0.16399264,0.036319047,0.028056875
341,1.2149146,0.6005972,0.746798,0.579821,0.46811658,0.020776212
342,0.024249665,0.060403604,0.019733781,0.013104707,0.0045158844,0.047298897
343,1.1641897,0.6255428,0.7884687,0.5680275,0.37572098,0.057515323
344,0.7896756,0.45345634,0.6836394,0.4381044,0.106036186,0.015351951
345,0.6697008,0.31783327,0.42146343,0.2900098,0.24823737,0.027823478
346,0.02207518,0.12726665,0.01799268,0.013159215,0.004082499,0.11410743
347,0.90848464,0.47032782,0.6463764,0.43429804,0.26210827,0.036029786
348,0.09769171,0.04793707,0.07393207,0.051294386,0.02375964,-0.0033573173
349,0.32043076,0.22624503,0.27569452,0.20787115,0.044736236,0.018373877
350,0.046265353,0.05493432,0.040047474,0.026881149,0.0062178783,0.02805317
351,1.0251155,0.52122504,0.60597867,0.46668133,0.41913682,0.054543704
352,0.052971162,0.010708214,0.049782477,0.038845547,0.0031886846,-0.028137334
353,0.8689819,0.46774516,0.55675334,0.353872,0.31222856,0.113873154
354,0.4340365,0.29273093,0.35144648,0.24329385,0.082590014,0.049437076
355,0.041928187,0.059315972,0.04308273,0.03890664,-0.001154542,0.02040933
356,0.061963852,0.050055362,0.039330166,0.031245193,0.022633687,0.01881017
357,0.019386433,0.11806925,0.021800011,0.0154185025,-0.0024135783,0.10265075
358,0.0260293,0.057194393,0.022523027,0.011882968,0.003506273,0.045311425
359,0.1346747,0.094418526,0.124398604,0.08666657,0.010276094,0.0077519566
360,0.9454632,0.63739115,0.7295891,0.51231134,0.21587408,0.12507981
361,0.05770476,0.13460062,0.040735476,0.031237166,0.016969286,0.103363454
362,0.023535477,0.050904375,0.02830866,0.019384962,-0.004773183,0.031519413
363,1.0604715,0.60377705,0.73307866,0.55321395,0.32739288,0.050563097
364,1.1180351,0.32861376,0.4683269,0.29870036,0.64970815,0.029913396
365,0.01093837,-0.05720479,0.019362383,0.008699829,-0.008424013,-0.06590462
366,1.0663811,0.40530103,0.5584899,0.42391133,0.5078912,-0.018610299
367,0.3733774,0.17361154,0.24844196,0.18585996,0.12493545,-0.012248427
368,1.1117904,0.50885445,0.5969815,0.41136137,0.5148089,0.09749308
369,0.08966176,0.014036962,0.085502766,0.06625468,0.004158996,-0.052217722
370,0.18266046,0.14777398,0.16276303,0.121417984,0.019897431,0.026355997
371,0.44234312,0.27465114,0.34039736,0.24894623,0.10194576,0.025704905
372,0.2613042,0.18687512,0.20474668,0.14974885,0.05655752,0.037126273
373,0.030829858,0.019357547,0.010062261,0.010440995,0.020767597,0.008916552
374,0.6466646,0.31581834,0.403397,0.2926584,0.24326763,0.023159951
375,0.02839184,-0.0018578114,0.030813217,0.022395162,-0.0024213772,-0.024252973
376,0.68229324,0.46061596,0.50080335,0.33559602,0.18148988,0.12501994
377,0.083305694,0.06819242,0.07257648,0.05099559,0.010729216,0.017196834
378,1.2368972,0.89194524,0.9088179,0.6490614,0.32807934,0.24288386
379,0.9797567,0.58128124,0.84289646,0.58453935,0.13686025,-0.003258109
380,0.083770275,0.06874637,0.06896424,0.056610398,0.014806032,0.012135975
381,0.81929135,0.42445052,0.5498942,0.40821797,0.26939714,0.01623255
382,0.075135306,0.06201786,0.04620845,0.03459804,0.028926857,0.02741982
383,0.70374894,0.45774132,0.5461152,0.4017346,0.15763372,0.05600673
384,-0.018315684,0.120200425,0.015096625,0.004959532,-0.033412308,0.115240894
385,0.63150156,0.21423924,0.21005559,0.18046302,0.42144597,0.033776224
386,0.018159071,0.1406428,0.014185585,0.013227565,0.003973486,0.12741524
387,0.0390322,0.2258831,0.060708832,0.03044866,-0.021676634,0.19543444
388,0.0012610657,-0.06040538,0.014760519,0.006976058,-0.013499454,-0.06738144
389,0.6076013,0.34256423,0.485773,0.3397357,0.12182829,0.0028285384
390,0.9831258,0.5424547,0.8406103,0.58439803,0.14251548,-0.04194331
391,0.09666323,0.22928888,0.12391372,0.08556737,-0.027250491,0.1437215
392,0.14015423,0.1878619,0.13907252,0.09136434,0.0010817051,0.096497566
393,0.015094154,0.03308586,0.013292044,0.014254922,0.0018021092,0.018830938
394,0.13982274,0.11685696,0.119497314,0.08238545,0.020325422,0.03447151
395,0.0038069864,0.034105923,0.01214921,0.01359762,-0.008342223,0.020508304
396,1.1708263,0.7299753,0.99802,0.70281506,0.17280632,0.027160227
397,0.04273806,-0.019958135,0.038089134,0.027451357,0.0046489276,-0.04740949
398,0.09086139,0.0386396,0.07762218,0.053022254,0.013239205,-0.014382653
399,0.75751585,0.4997952,0.6587611,0.48621574,0.09875476,0.013579458
400,0.04425908,-0.025364848,0.031419523,0.024276402,0.012839556,-0.04964125
401,0.112853914,0.07266825,0.11123284,0.07282736,0.001621075,-0.0001591146
402,1.103386,0.47674924,0.6040472,0.45514065,0.49933887,0.021608591
403,0.1815093,0.22854598,0.18408579,0.14155157,-0.0025764853,0.08699441
404,0.08969463,0.06136554,0.056085803,0.03971474,0.033608824,0.021650802
405,1.9901172,1.4100636,1.7734625,1.3436875,0.21665466,0.06637609
406,0.050479002,0.06602905,0.037247114,0.02956302,0.013231888,0.03646603
407,0.007831974,0.1438104,0.009310826,0.0075106076,-0.0014788518,0.1362998
408,0.6820159,0.50064343,0.6118296,0.46075,0.07018632,0.03989342
409,1.5013112,0.3664721,0.62472534,0.42009228,0.87658584,-0.05362019
410,0.6361079,0.29247817,0.3940544,0.2693297,0.24205351,0.023148477
411,0.06908289,0.04277405,0.04606681,0.031151552,0.023016084,0.0116225
412,0.012106898,0.12629275,0.04447179,0.033517975,-0.03236489,0.09277478
413,1.0400821,0.5693102,0.7537564,0.54294014,0.2863257,0.026370049
414,0.7239468,0.41218168,0.53531975,0.39367592,0.18862706,0.018505752
415,0.049333017,0.009619752,0.029201161,0.017047074,0.020131856,-0.0074273217
416,0.046721153,0.043206654,0.044348765,0.03044768,0.0023723878,0.012758974
417,1.0288692,0.6630588,0.80059355,0.594481,0.2282756,0.068577826
418,0.9414213,0.42177463,0.6798361,0.42084312,0.26158518,0.0009315014
419,1.2473462,0.6695926,0.86034745,0.6770233,0.3869987,-0.0074306726
420,0.05601856,-0.024541983,0.045666244,0.027832562,0.010352317,-0.052374545
421,0.004964657,0.13194494,0.03635663,0.024334287,-0.031391975,0.10761065
422,1.0692958,0.6402363,0.7617291,0.54576325,0.30756664,0.094473064
423,0.792952,0.52907157,0.6383329,0.50784254,0.1546191,0.021229029
424,0.7024207,0.48016408,0.6032558,0.44801322,0.0991649,0.032150865
425,0.040784173,0.053996,0.01938889,0.0176428,0.021395283,0.0363532
426,1.1654763,0.7383531,0.9017417,0.6296507,0.26373464,0.10870236
427,0.041418362,0.05289826,0.033561416,0.026039118,0.007856946,0.026859144
428,0.12864466,0.12352924,0.105842784,0.075245455,0.022801876,0.048283786
429,0.08438612,0.052704647,0.066900924,0.047954522,0.017485194,0.004750125
430,0.7010544,0.38093036,0.50014603,0.3440968,0.20090836,0.036833555
431,-0.0043654526,0.05859679,-0.0021872055,0.0013873582,-0.002178247,0.057209432
432,1.2094661,0.6709758,0.9587445,0.6446969,0.25072157,0.026278913
433,0.009585425,0.0052089836,0.024900787,0.021568278,-0.015315361,-0.016359294
434,0.038186457,0.044702996,0.014636388,0.0142649505,0.023550069,0.030438045
435,0.68487257,0.32123542,0.4646086,0.3432181,0.22026396,-0.02198267
436,0.8602005,0.45287752,0.63144886,0.43210062,0.22875166,0.020776898
437,0.5358129,0.30106348,0.25500885,0.18869558,0.28080407,0.1123679
438,0.10363979,0.10589911,0.08840679,0.0670922,0.015233003,0.038806908
439,0.13701737,0.07322077,0.12485001,0.08844992,0.012167357,-0.015229151
440,0.07022182,0.05315444,0.058019243,0.036616247,0.012202576,0.016538192
441,1.0143186,0.4478718,0.6660788,0.4537804,0.34823978,-0.0059086084
442,-0.0094735315,0.17069437,0.0105474545,0.0136783,-0.020020986,0.15701607
443,0.53465354,0.2507245,0.39575413,0.25114852,0.13889942,-0.00042402744
444,0.024699684,0.05763311,0.024452178,0.018120116,0.00024750642,0.039512992
445,0.06641054,0.052671313,0.035655938,0.02850389,0.030754603,0.024167424
446,0.08659516,0.05688205,0.068216965,0.049413282,0.018378198,0.0074687675
447,0.781145,0.5054517,0.6223831,0.4415598,0.15876186,0.06389189
448,0.5676029,0.25702134,0.31173396,0.20697406,0.2558689,0.05004728
449,0.041737698,0.15739235,0.03725216,0.028035378,0.0044855364,0.12935698
450,0.6535745,0.3401816,0.3589172,0.26352292,0.29465732,0.076658666
451,0.16620508,0.07324726,0.1390585,0.10041684,0.027146578,-0.027169578
452,0.032085232,-0.005956741,0.012815675,0.013376301,0.019269558,-0.019333042
453,0.06642776,0.08327871,0.044831306,0.034062274,0.021596454,0.049216434
454,0.061732747,0.04699595,0.03793292,0.02498952,0.023799825,0.02200643
455,0.8120664,0.50771636,0.7356337,0.49386334,0.076432705,0.0138530135
456,0.01227389,0.021985669,0.021627735,0.024675023,-0.009353845,-0.0026893541
457,0.056442928,0.017357217,0.04334588,0.034843095,0.013097048,-0.017485877
458,1.4405578,0.7860741,0.9691855,0.6806191,0.47137237,0.10545498
459,0.035188567,0.026331332,0.022078525,0.019174326,0.013110042,0.0071570054
460,0.007939767,0.12860319,0.017501887,0.012757634,-0.00956212,0.11584555
461,-0.002647514,0.013668865,0.005063432,0.013882552,-0.007710946,-0.00021368731
462,0.67691594,0.34137255,0.52794015,0.36199862,0.14897579,-0.020626068
463,1.090391,0.58976716,0.85400885,0.54580957,0.23638219,0.04395759
464,0.75181806,0.4590121,0.6486141,0.44924325,0.10320395,0.009768844
465,0.62441003,0.37476572,0.47801942,0.33807397,0.14639062,0.036691755
466,0.11694982,0.08161919,0.10092594,0.07001748,0.016023882,0.011601709
467,1.2793102,0.67659855,1.0068052,0.74164426,0.27250504,-0.065045714
468,0.2410127,0.13010262,0.15664445,0.10974981,0.08436826,0.02035281
469,0.1573298,0.089588664,0.1336534,0.08933375,0.023676395,0.00025491416
470,0.39581448,0.17907798,0.2602556,0.17605813,0.13555887,0.0030198544
471,0.05913205,0.020630721,0.045294736,0.036225595,0.013837315,-0.015594874
472,0.047427956,0.017435838,0.04691253,0.034063317,0.00051542744,-0.01662748
473,0.43457094,0.363631,0.3853662,0.2914452,0.049204737,0.072185814
474,0.69150174,0.45064983,0.59202504,0.41606125,0.099476695,0.034588575
475,0.015759658,-0.030489266,0.028282892,0.015349083,-0.012523234,-0.04583835
476,0.024566751,0.074126914,0.042433083,0.02503115,-0.017866332,0.049095765
477,0.48546147,0.25906998,0.318287,0.22892733,0.16717449,0.03014265
478,0.025994683,0.13749187,0.021845747,0.017600652,0.004148936,0.11989121
479,0.18035549,0.16437355,0.16486748,0.12513642,0.015488014,0.039237127
480,1.0616672,0.5413637,0.7170042,0.47198972,0.34466302,0.069373995
481,-0.03468343,0.13688317,0.02081382,0.010638301,-0.05549725,0.12624487
482,1.0637031,0.5712835,0.72604215,0.5114931,0.3376609,0.059790432
483,0.019561546,-0.021044236,0.016687546,0.006403266,0.002874,-0.027447501
484,1.2307701,0.5363576,0.8194335,0.5809522,0.4113366,-0.044594646
485,0.05746803,0.07780533,0.055579115,0.042890716,0.0018889159,0.034914616
486,1.0270195,0.57683897,0.84164304,0.5196815,0.18537647,0.057157457
487,0.9373828,0.42258218,0.62030923,0.4359173,0.31707358,-0.013335109
488,1.0715989,0.6288508,0.8220463,0.60759324,0.24955261,0.02125758
489,0.64688706,0.42584926,0.5040203,0.3651958,0.14286679,0.060653448
490,1.1264946,0.7469685,0.83264285,0.66357267,0.2938518,0.08339584
491,-0.02110503,0.12519859,0.01654927,0.007902113,-0.037654303,0.11729647
492,0.5678111,0.2754527,0.3771347,0.27242327,0.19067636,0.0030294359
493,0.8221266,0.43686575,0.43271255,0.29665178,0.38941407,0.14021397
494,0.025889251,0.045780476,0.022818971,0.022759393,0.00307028,0.023021083
495,0.1595281,0.10840294,0.13182849,0.09435776,0.02769962,0.014045179
496,0.06271281,0.04569211,0.045967747,0.029316222,0.016745064,0.016375886
497,0.051371843,-0.020132765,0.059203327,0.03181507,-0.007831484,-0.051947836
498,0.012464687,0.108491525,0.016081488,0.0129766315,-0.0036168005,0.09551489
499,1.1905656,0.74353606,1.0439901,0.6944545,0.14657545,0.049081564
500,-0.002106261,0.144317,0.035573855,0.019446874,-0.037680116,0.12487013
501,0.38954037,0.27069393,0.36380118,0.2630771,0.025739193,0.007616818
502,1.0221181,0.71923697,0.82260704,0.5855266,0.19951105,0.13371038
503,0.13054518,0.12513933,0.11471011,0.08719101,0.015835077,0.037948318
504,0.048411142,0.046962872,0.02521338,0.026527515,0.023197763,0.020435357
505,1.1922466,0.47750518,0.68239135,0.38949478,0.5098552,0.0880104
506,0.20837562,0.13567805,0.16635793,0.13447855,0.042017683,0.0011994988
507,0.24009582,0.1560493,0.19072731,0.124927044,0.049368516,0.031122252
508,0.81825787,0.29941407,0.3955783,0.2925219,0.42267957,0.0068921745
509,0.026580662,0.019817313,0.015005857,0.00902098,0.011574805,0.010796333
510,0.7713733,0.41433427,0.56752205,0.41871786,0.20385122,-0.004383594
511,0.22204627,0.112712406,0.18941657,0.124112606,0.0326297,-0.0114002
512,0.96062636,0.590346,0.7035779,0.5258835,0.2570485,0.06446248
513,0.5160802,0.3388482,0.40454584,0.30083832,0.11153436,0.038009882
514,0.09951428,0.058889527,0.063041106,0.048713617,0.036473177,0.01017591
515,-0.017155878,0.20152982,0.00983852,0.00692764,-0.026994398,0.19460218
516,0.6464305,0.31320724,0.40794525,0.30019534,0.23848525,0.013011903
517,0.00040281506,0.1415404,0.038690887,0.01933689,-0.03828807,0.1222035
518,0.050208196,0.022097966,0.027589822,0.02189453,0.022618374,0.00020343624
519,0.56751955,0.2079418,0.33901703,0.24314728,0.22850251,-0.035205483
520,0.66913885,0.67299867,0.6329263,0.42169636,0.036212564,0.2513023
521,0.11085509,0.02260162,0.09514426,0.06141184,0.01571083,-0.03881022
522,0.03167193,-0.036408633,0.02411746,0.012973254,0.0075544696,-0.049381886
523,0.07285159,0.055459872,0.04996872,0.038262255,0.022882871,0.017197616
524,0.01402636,0.041297246,0.005603125,0.0055342307,0.008423235,0.035763014
525,0.099631734,0.07574073,0.085597835,0.050689947,0.014033899,0.025050785
526,0.56992817,0.24045965,0.31242314,0.2305533,0.25750503,0.009906352
527,0.020892147,0.009045942,0.03200174,0.021751823,-0.011109594,-0.012705881
528,0.33266962,0.2397311,0.30327216,0.21753147,0.029397458,0.02219963
529,0.0034296454,0.016524112,0.006692157,0.0030603788,-0.0032625117,0.013463733
530,0.65487564,0.39462018,0.48392898,0.35616094,0.17094666,0.03845924
531,0.6993422,0.4439689,0.5641701,0.4102064,0.13517207,0.033762485
532,2.412829,1.4204854,1.33106,1.245346,1.0817689,0.17513943
533,0.120475054,0.023485763,0.07557043,0.05249281,0.044904627,-0.029007046
534,0.19095291,0.29756337,0.21007104,0.14498065,-0.01911813,0.15258272
535,0.8850042,0.43070135,0.64739984,0.4827416,0.23760438,-0.05204025
536,-0.012356197,-0.06988256,0.009501695,0.0030251637,-0.021857891,-0.07290772
537,-0.05199178,0.14668731,0.008414753,0.0017311135,-0.060406532,0.1449562
538,0.11041296,0.07180299,0.09139662,0.06782878,0.01901634,0.0039742067
539,0.6445386,0.4240163,0.5610466,0.4059969,0.08349198,0.018019408
540,0.5190372,0.29431167,0.40967673,0.29116756,0.10936046,0.0031441152
541,0.63721603,0.4483276,0.5044941,0.35935488,0.13272196,0.08897272
542,0.046263877,0.016518679,0.023644304,0.023239175,0.022619573,-0.0067204963
543,0.056756742,0.051650822,0.041728914,0.03352647,0.0150278285,0.018124353
544,0.028728632,0.12811862,0.05894796,0.04172338,-0.03021933,0.086395234
545,0.060216054,0.14472774,0.046494,0.03280077,0.013722055,0.111926965
546,0.017468888,0.034914702,0.022531757,0.01990404,-0.005062869,0.015010662
547,1.4003322,0.94880956,0.9974394,0.78614694,0.40289283,0.16266263
548,0.040720385,0.024389988,0.041258022,0.035551686,-0.0005376376,-0.011161698
549,0.020633746,0.03622875,0.02100037,0.019632468,-0.00036662444,0.016596282
550,0.68037593,0.38688645,0.40170407,0.3005919,0.27867186,0.08629456
551,0.15681462,0.062246084,0.12412182,0.08132945,0.032692797,-0.019083366
552,0.939243,0.33044055,0.4160472,0.3089084,0.52319586,0.021532148
553,0.1566678,0.07187912,0.13746372,0.08705874,0.01920408,-0.015179619
554,0.025515025,0.020929908,0.014516801,0.01289388,0.010998225,0.008036029
555,1.4073812,0.86896205,1.0534222,0.6850951,0.35395896,0.18386698
556,0.018878156,-0.018785896,0.023512648,0.012515587,-0.004634492,-0.031301484
557,0.06502155,0.07146847,0.05994319,0.04148991,0.0050783604,0.029978562
558,0.5853691,0.37541455,0.46597415,0.36004585,0.11939496,0.0153687
559,0.051079843,0.14156091,0.053910963,0.036820233,-0.00283112,0.10474068
560,0.10822086,0.0018876725,0.094299935,0.048227314,0.013920926,-0.046339642
561,1.4028059,0.9028864,1.1634877,0.83816797,0.23931825,0.064718425
562,0.092783146,0.012208606,0.083365574,0.058610797,0.009417571,-0.04640219
563,0.033431813,0.04710875,0.027197724,0.022346731,0.006234089,0.02476202
564,0.7607162,0.45021203,0.60349184,0.44427842,0.15722436,0.0059336126
565,0.08552662,0.03512007,0.06644461,0.036371473,0.01908201,-0.0012514032
566,0.024435956,-0.034991246,0.033885203,0.018763285,-0.009449247,-0.05375453
567,-0.0012701208,0.117140636,0.020192146,0.014428677,-0.021462267,0.10271196
568,0.0606933,0.03509745,0.03757081,0.026866574,0.02312249,0.008230876
569,0.8523366,0.52155614,0.70670867,0.47171754,0.14562792,0.049838603
570,0.028246155,-0.044308055,0.03209609,0.018109914,-0.0038499366,-0.06241797
571,1.0633767,0.85108054,1.0356214,0.8323455,0.02775526,0.018735051
572,0.037523985,0.09337505,0.03389845,0.031973086,0.0036255345,0.061401963
573,0.11495913,0.024189817,0.09875898,0.067748,0.016200148,-0.043558188
574,1.0012045,0.591493,0.77159506,0.5845283,0.22960943,0.0069646835
575,0.067079775,-0.00920653,0.069046095,0.045007724,-0.00196632,-0.054214254
576,0.22435622,0.15354742,0.19073409,0.14189728,0.03362213,0.011650145
577,0.12420342,0.08612272,0.11023028,0.06775363,0.013973139,0.018369094
578,0.1341716,0.11937751,0.12411469,0.091734,0.010056913,0.02764351
579,0.03823732,0.12881187,0.038203724,0.026168227,3.3594668e-05,0.10264364
580,-0.010582789,0.09506014,0.0071722926,0.006863226,-0.017755082,0.08819691
581,0.1561774,0.21824177,0.13632797,0.087700084,0.019849434,0.13054168
582,0.010570824,-0.05401052,0.03194665,0.017924558,-0.021375827,-0.07193508
583,0.99226975,0.60443115,0.73037416,0.46937442,0.2618956,0.13505673
584,0.57062286,0.36470106,0.43111444,0.31848732,0.13950843,0.046213746
585,0.03964059,0.037667707,0.037080828,0.02374945,0.0025597624,0.013918256
586,-0.034553997,0.13432443,0.012263728,0.0050462675,-0.046817727,0.12927817
587,0.13929802,0.07048452,0.10518421,0.070912436,0.03411381,-0.00042791665
588,0.055043302,0.059040368,0.04906682,0.038339537,0.005976483,0.020700831
589,0.8700057,0.56936663,0.6245506,0.44808036,0.24545515,0.12128627
590,0.05781812,0.054229215,0.035669763,0.025483053,0.022148356,0.028746162
591,-0.041459236,0.11298105,0.0031690444,-0.0006646618,-0.04462828,0.11364571
592,0.75887406,0.38985345,0.48374158,0.34489885,0.27513248,0.044954598
593,1.4456378,0.91985965,1.2046316,0.86022425,0.24100626,0.0596354
594,-0.02570886,0.09832367,0.009663515,0.002275602,-0.035372376,0.09604807
595,1.7376175,0.8498861,1.4122727,0.8818291,0.3253448,-0.031942964
596,1.3538027,1.0118613,1.1234429,0.90207213,0.2303598,0.10978919
597,0.027202487,0.009914284,0.029785704,0.021045674,-0.0025832169,-0.01113139
598,0.05138392,0.03378816,0.035153657,0.024212286,0.016230263,0.009575874
599,0.05018855,0.07522383,0.035302304,0.027427679,0.014886245,0.047796153
600,0.6870587,0.22295289,0.244591,0.17970227,0.4424677,0.04325062
601,0.86576205,0.56262916,0.70221305,0.5031355,0.163549,0.05949366
602,0.05415034,0.06470378,0.04033058,0.030049663,0.013819758,0.034654114
603,0.1988291,0.112543575,0.18191549,0.13590924,0.016913608,-0.023365669
604,0.12251774,0.060541026,0.086148694,0.061626177,0.036369048,-0.001085151
605,0.02470568,-0.011895316,0.03413576,0.028074855,-0.009430079,-0.03997017
606,1.0257577,0.54235494,0.6961278,0.4749991,0.3296299,0.06735584
607,0.17110077,0.14623253,0.16076061,0.11760692,0.010340154,0.028625607
608,0.056428686,0.22861758,0.04940279,0.03461706,0.0070258975,0.19400051
609,0.021262666,0.09393573,0.042301618,0.0321068,-0.021038951,0.06182893
610,0.08930687,0.06436167,0.07385839,0.0507404,0.015448481,0.013621271
611,0.11023321,0.10145161,0.09470808,0.0719645,0.015525132,0.02948711
612,0.0426603,0.13403174,0.035331,0.02873983,0.0073293,0.10529191
613,1.1712626,0.5835057,0.7686245,0.5473949,0.40263814,0.03611082
614,0.06375758,0.16582169,0.055279773,0.03948986,0.008477811,0.12633182
615,1.2516196,0.7441236,1.1467345,0.72792786,0.1048851,0.016195714
616,0.052490424,0.014835094,0.055561043,0.04218618,-0.003070619,-0.027351085
617,0.04544988,-0.0026076562,0.031429227,0.017663255,0.014020652,-0.020270912
618,1.4615738,0.23720685,0.35386986,0.3935623,1.1077039,-0.15635544
619,0.11260906,0.02458204,0.111781284,0.07577386,0.0008277744,-0.051191818
620,0.6797799,0.2715121,0.34360355,0.2612254,0.33617634,0.010286689
621,0.8492075,0.3707147,0.5803529,0.39025408,0.26885462,-0.019539386
622,0.69116634,0.23336753,0.4086143,0.2995712,0.28255203,-0.066203654
623,1.3739558,0.9270362,1.0005494,0.74121577,0.3734064,0.18582046
624,0.8760789,0.4386836,0.5743989,0.41313332,0.30168003,0.025550276
625,-0.0298412,0.115154944,0.0071642697,0.001769896,-0.03700547,0.11338505
626,0.22708423,0.16913125,0.1984767,0.15109783,0.028607532,0.018033415
627,0.056505434,0.037679322,0.043594692,0.03360157,0.012910742,0.004077751
628,0.057805017,0.03275503,0.037625007,0.02230766,0.02018001,0.010447368
629,0.591997,0.30178645,0.37983698,0.2746998,0.21216005,0.027086645
630,1.1031624,0.69252455,0.8986327,0.5953101,0.2045297,0.09721446
631,0.6406025,0.38957578,0.5423634,0.3713107,0.098239124,0.018265069
632,0.053685777,0.0699764,0.047556236,0.034123927,0.0061295405,0.03585247
633,0.07148755,0.04779253,0.05151291,0.035561346,0.019974645,0.012231186
634,0.8679342,0.5686365,0.7419952,0.5443556,0.12593901,0.024280906
635,1.342949,0.8719523,0.9682113,0.6873253,0.37473774,0.184627
636,0.5386194,0.31945875,0.41340104,0.2766033,0.12521836,0.04285544
637,1.182584,0.42895886,0.6053392,0.45291957,0.5772448,-0.02396071
638,0.06355189,0.032310646,0.0503154,0.033603437,0.013236489,-0.0012927912
639,0.17540567,0.12922503,0.15461306,0.11072936,0.020792603,0.018495671
640,1.1119308,0.7317775,0.89676106,0.66042733,0.21516979,0.07135016
641,1.038089,0.57524174,0.865122,0.583717,0.17296702,-0.008475244
642,0.07707104,0.079913214,0.07028748,0.048216958,0.00678356,0.031696256
643,0.085273795,0.04526038,0.0764521,0.05633061,0.008821696,-0.011070229
644,1.5789927,1.1261247,1.4108124,1.1310868,0.16818035,-0.0049620867
645,0.7310154,0.4333297,0.53168774,0.37338185,0.19932765,0.05994785
646,1.0709699,0.6587666,0.8836502,0.61428964,0.18731976,0.044476986
647,1.033033,0.4769507,0.67441094,0.45648566,0.35862207,0.020465046
648,0.030030936,0.041414086,0.025008505,0.022083456,0.005022431,0.01933063
649,0.07420356,-0.011679173,0.05827739,0.03464548,0.015926167,-0.04632465
650,0.046997197,-0.019182732,0.032655496,0.018755937,0.014341701,-0.03793867
651,1.224807,0.201287,0.3626634,0.25449324,0.86214364,-0.053206235
652,0.034256157,0.14625096,0.039781667,0.027179774,-0.0055255108,0.119071186
653,0.07133389,-0.004274223,0.048747145,0.03045863,0.022586748,-0.034732852
654,1.0711291,0.6164063,0.7653619,0.52072334,0.30576718,0.09568298
655,-0.0070665767,0.018816594,0.016456978,0.0145509,-0.023523554,0.004265694
656,-0.017618494,0.12694742,0.020144548,0.011551092,-0.037763044,0.11539633
657,1.2106414,0.7091411,0.8555195,0.6137127,0.3551219,0.09542835
658,0.60532224,0.27943006,0.32482404,0.25603828,0.2804982,0.023391783
659,0.004931201,-0.009592744,0.011000936,0.011724812,-0.0060697347,-0.021317557
660,-0.01531673,0.107397154,0.014397921,0.0077046426,-0.029714651,0.09969251
661,0.4686894,0.28205955,0.33173436,0.22948463,0.13695505,0.052574918
662,0.09135226,0.07982602,0.08319066,0.062267773,0.008161604,0.017558247
663,0.66352296,0.34293747,0.4635808,0.33068216,0.19994217,0.012255311
664,0.26470643,0.2138718,0.24122122,0.16654077,0.023485214,0.047331035
665,0.035087142,0.01060312,0.030236369,0.026644424,0.004850773,-0.016041305
666,0.18954276,0.1185513,0.15497598,0.11684282,0.034566775,0.0017084777
667,0.90747976,0.5020648,0.78782296,0.54779446,0.1196568,-0.045729637
668,0.027482929,0.0068873083,0.022579689,0.015982281,0.00490324,-0.009094973
669,0.114800595,0.044337332,0.07964287,0.05078255,0.035157725,-0.006445218
670,1.2809335,0.712187,0.93487674,0.6667687,0.34605676,0.045418262
671,0.011526133,0.05771516,0.012053927,0.009809882,-0.0005277945,0.047905277
672,0.13027103,0.12900826,0.10507095,0.074455716,0.025200084,0.054552548
673,0.65912366,0.32113847,0.47999963,0.32249704,0.17912403,-0.0013585687
674,0.1344176,0.027703106,0.10310532,0.07418056,0.031312272,-0.046477452
675,0.40742198,0.43575528,0.39707014,0.3111357,0.010351837,0.12461957
676,0.9121842,0.5204611,0.6613104,0.46902838,0.2508738,0.0514327
677,0.1363967,0.05174861,0.12420895,0.08840605,0.012187757,-0.036657438
678,-0.0010054929,-0.03861566,0.01623278,0.010382647,-0.017238272,-0.048998304
679,-0.0054826904,0.24505635,0.038472276,0.030078169,-0.04395497,0.21497817
680,0.59784395,0.3662261,0.45967355,0.33639908,0.13817039,0.029827029
681,-0.020863058,0.10818733,0.009127388,0.0039865845,-0.029990446,0.10420075
682,1.0907451,0.5865519,0.8619108,0.60226387,0.22883427,-0.015711963
683,0.16451122,0.10884248,0.1360432,0.099929,0.028468013,0.00891348
684,0.09502965,0.0649495,0.09002674,0.06186662,0.0050029084,0.003082879
685,0.86225295,0.558297,0.6848469,0.4988386,0.17740607,0.059458375
686,1.534794,0.8015206,1.3303175,0.7802497,0.20447648,0.021270871
687,0.66626287,0.40067592,0.5305241,0.3924037,0.13573879,0.008272231
688,0.6185648,0.28178108,0.33148766,0.24880433,0.28707713,0.032976747
689,1.3294735,0.33802584,0.78845906,0.46839505,0.54101443,-0.13036922
690,0.02526748,0.05681335,0.008068243,0.012075498,0.017199237,0.044737853
691,0.12795775,0.093951784,0.09718315,0.059629958,0.030774593,0.034321826
692,0.04795976,0.16387683,0.044186052,0.029853612,0.003773708,0.13402322
693,-0.009461497,0.20427012,0.051742516,0.0379301,-0.061204012,0.16634002
694,0.79419523,0.6032078,0.7345545,0.5363692,0.059640706,0.06683862
695,0.030284291,0.109822035,0.023696221,0.021783914,0.0065880697,0.08803812
696,1.5934049,1.031617,1.3345613,1.0268471,0.25884354,0.0047699213
697,0.6389021,0.18907832,0.33732086,0.23681061,0.30158126,-0.047732294
698,1.2781492,0.72890764,0.81086797,0.5448946,0.46728128,0.18401307
699,0.31784025,0.24977922,0.27886,0.22538836,0.038980246,0.024390861
700,0.10292354,0.101203635,0.11557082,0.07940583,-0.012647279,0.021797806
701,0.036834158,-0.00929083,0.04316195,0.023072029,-0.006327793,-0.03236286
702,0.044393446,0.1373623,0.04736773,0.033003733,-0.002974283,0.10435857
703,0.14536421,0.14113139,0.14309426,0.09660975,0.0022699535,0.044521637
704,0.03245516,0.030871594,0.01004195,0.011009393,0.022413211,0.019862201
705,0.50789535,0.24287236,0.32496384,0.23160402,0.18293151,0.011268333
706,1.0379506,0.62677777,0.8067258,0.63014436,0.23122483,-0.0033665895
707,0.007408823,0.054488093,0.018047737,0.009796059,-0.010638914,0.044692032
708,0.28920308,0.13842918,0.253089,0.16932756,0.036114067,-0.030898377
709,-0.025081506,0.13688937,0.019294705,0.010161927,-0.04437621,0.12672745
710,0.76100737,0.51719856,0.6282586,0.44357124,0.13274878,0.07362732
711,0.10331077,0.0832673,0.09325509,0.07130362,0.010055684,0.01196368
712,0.7545885,0.4157782,0.55128026,0.345563,0.20330822,0.070215195
713,-0.0068491097,-0.06083741,0.008044167,0.005265904,-0.014893277,-0.06610332
714,0.2508021,0.24554984,0.232995,0.17507845,0.017807096,0.07047139
715,0.9386975,0.5607929,0.62887406,0.45422325,0.30982345,0.10656968
716,0.11013598,0.10849555,0.08075749,0.05055203,0.029378489,0.05794352
717,-0.026493069,0.11972432,0.013538805,0.0075051463,-0.040031873,0.11221917
718,0.18326327,0.21957806,0.19870888,0.13672991,-0.015445605,0.08284815
719,0.47572455,0.3341266,0.45033088,0.34135807,0.025393665,-0.007231474
720,0.77654785,0.3323172,0.42328358,0.31996998,0.35326427,0.012347221
721,0.055821586,0.015545772,0.04347173,0.02743042,0.012349855,-0.011884648
722,0.71785086,0.41714904,0.53076345,0.4033309,0.18708742,0.013818145
723,0.09051731,0.043088373,0.050480496,0.032370247,0.040036816,0.010718126
724,0.9903045,0.585993,0.7600586,0.51982224,0.23024595,0.06617075
725,0.14509661,0.07521234,0.11336019,0.062356643,0.031736426,0.012855694
726,0.04744509,0.10179566,0.040418584,0.033521265,0.0070265047,0.06827439
727,0.01312623,0.04676668,0.020651577,0.009525676,-0.007525347,0.037241004
728,-0.029553058,0.11971005,0.011658462,0.0036600798,-0.04121152,0.11604997
729,0.25248656,0.17083485,0.19254625,0.12670027,0.05994031,0.044134587
730,0.03933401,0.043411102,0.032272715,0.022779528,0.007061295,0.020631574
731,0.7806989,0.3664336,0.50442505,0.36118007,0.27627385,0.0052535236
732,0.16864008,0.079489686,0.13521776,0.08824758,0.03342232,-0.008757897
733,0.038587056,0.004681148,0.033709604,0.029449914,0.004877452,-0.024768766
734,0.47765228,0.28281203,0.404951,0.2939844,0.072701275,-0.011172384
735,0.031611435,-0.042860646,0.032018594,0.0111964345,-0.00040715933,-0.05405708
736,0.11321322,0.058195405,0.08672343,0.06686878,0.026489787,-0.008673377
737,0.049127076,-0.029719835,0.058794983,0.021329455,-0.009667907,-0.051049292
738,1.0185745,0.5430728,0.8018473,0.60248095,0.2167272,-0.05940813
739,0.02318818,0.15335812,0.060460575,0.0329682,-0.037272394,0.120389916
740,0.094945215,0.10892942,0.077731155,0.051878713,0.01721406,0.057050705
741,0.089566596,0.043700512,0.092109874,0.06932274,-0.002543278,-0.02562223
742,2.2906563,0.966247,1.4222498,1.0619247,0.86840653,-0.095677674
743,0.018606186,0.06814908,0.011914877,0.008706602,0.0066913087,0.05944248
744,0.69415677,0.43423936,0.57283,0.3943127,0.121326745,0.03992665
745,0.8147804,0.47658187,0.59548414,0.4252298,0.21929628,0.051352084
746,0.06543259,0.06990414,0.040635385,0.03593245,0.024797209,0.03397169
747,0.9237831,0.55747706,0.8497125,0.6166164,0.07407063,-0.05913937
748,0.82470065,0.35836664,0.51463664,0.35676414,0.31006402,0.0016025007
749,-0.0072353445,0.1415869,0.04162454,0.020993609,-0.048859883,0.120593295
750,0.90452355,0.5655798,0.7313353,0.49563622,0.17318827,0.06994355
751,0.042958107,0.05951701,0.033258945,0.028047284,0.009699162,0.031469725
752,0.19658853,0.11830775,0.17595206,0.12606467,0.02063647,-0.007756926
753,0.7082896,0.30907252,0.4522713,0.27814215,0.2560183,0.03093037
754,0.10166416,0.054264463,0.09482269,0.068066426,0.0068414733,-0.013801962
755,0.034364607,-0.0138098,0.029913027,0.023977784,0.0044515803,-0.037787586
756,0.87782824,0.30649742,0.4817625,0.33787146,0.39606574,-0.031374037
757,1.2575732,0.45683497,0.7464133,0.5275756,0.51115996,-0.07074064
758,0.25166303,0.13580826,0.20721665,0.14375655,0.04444638,-0.007948294
759,0.10483299,0.063335024,0.08255353,0.056987792,0.022279464,0.0063472316
760,0.07049904,0.040408418,0.056433357,0.036942907,0.014065683,0.003465511
761,0.03472294,0.1232046,0.024267849,0.02169841,0.010455091,0.10150619
762,0.98604536,0.5814969,0.72772324,0.5439308,0.25832212,0.037566066
763,0.17376353,0.07616138,0.11803428,0.07778582,0.055729248,-0.0016244426
764,0.82013685,0.49623606,0.5138178,0.36110073,0.30631906,0.13513532
765,0.5535238,0.31664157,0.33702463,0.25003067,0.21649915,0.0666109
766,0.1490023,0.035422567,0.13690886,0.083063506,0.01209344,-0.04764094
767,0.21394406,0.22315417,0.20103148,0.1545586,0.012912586,0.06859557
768,0.766014,0.36100826,0.47825703,0.3102648,0.28775695,0.05074346
769,0.033467807,0.057641216,0.017129513,0.018291991,0.016338294,0.039349224
770,1.202446,0.60201627,0.931911,0.5605472,0.270535,0.041469097
771,0.055354103,0.033097923,0.03217983,0.021968186,0.023174275,0.011129737
772,1.0846931,0.5843167,0.7174498,0.5508144,0.3672433,0.03350228
773,0.045989797,-0.0036025725,0.022580862,0.015059298,0.023408934,-0.01866187
774,0.8668616,0.38704342,0.6180651,0.41221285,0.24879646,-0.025169432
775,1.0151598,0.4514352,0.5630876,0.34644103,0.45207226,0.10499418
776,1.0585399,0.6280836,0.6660978,0.53649485,0.39244205,0.091588736
777,0.9715749,0.6947889,0.8021101,0.6257838,0.16946483,0.06900507
778,0.0546116,-0.016724216,0.05459249,0.03425642,1.911074e-05,-0.050980635
779,0.15548286,0.10112868,0.14464249,0.084305145,0.010840371,0.016823538
780,-0.050883256,0.14639796,0.009137227,0.004546651,-0.060020484,0.1418513
781,0.062957905,0.16723749,0.08829995,0.055114556,-0.025342047,0.11212294
782,0.10366626,0.092012815,0.08909515,0.068758205,0.014571108,0.02325461
783,0.8866146,0.5345314,0.6396176,0.46520138,0.246997,0.06933004
784,0.17519079,0.07715587,0.14408818,0.106663704,0.031102613,-0.02950783
785,0.035181656,-0.025176767,0.02880452,0.022378512,0.0063771363,-0.04755528
786,0.029920526,-0.021870622,0.020434929,0.016573286,0.009485597,-0.038443908
787,0.029104209,0.05417334,0.019354705,0.013433313,0.009749504,0.040740028
788,0.029202243,0.055677354,0.030992001,0.023482475,-0.001789758,0.03219488
789,0.049962655,0.059919007,0.040461082,0.028791666,0.009501573,0.031127341
790,0.49073523,0.31541917,0.40231872,0.30100018,0.08841652,0.014418989
791,2.3899856,1.0056664,1.829196,1.1860611,0.5607896,-0.18039477
792,0.07410045,0.19015136,0.10335195,0.075703405,-0.029251501,0.11444796
793,0.052952085,0.04059191,0.027143326,0.021191033,0.025808759,0.019400878
794,0.7318057,0.35440335,0.55239064,0.3252985,0.17941505,0.029104859
795,0.30139947,0.1850537,0.26340252,0.18803051,0.037996948,-0.002976805
796,0.8185554,0.4254667,0.59154415,0.40927234,0.22701126,0.016194344
797,0.030274155,0.04444768,0.023394767,0.014284236,0.0068793874,0.030163443
798,-0.010676906,-0.01933228,0.01902738,0.014276695,-0.029704288,-0.033608977
799,0.8494754,0.45749998,0.5561763,0.4070568,0.29329908,0.050443172
800,0.03443088,0.03730953,0.021692608,0.019804986,0.012738273,0.017504545
801,0.7893084,0.4988772,0.6178807,0.4481743,0.17142773,0.0507029
802,0.08284499,0.07647413,0.07875238,0.057642363,0.004092604,0.018831767
803,0.04764111,-0.004648513,0.049600087,0.030008147,-0.0019589774,-0.03465666
804,0.13577089,0.14446455,0.099990465,0.067506194,0.035780422,0.07695836
805,0.01231978,0.21927437,0.05704391,0.033436872,-0.04472413,0.1858375
806,0.5011567,0.2843895,0.39938575,0.2939847,0.10177094,-0.009595215
807,0.037822597,-0.04939016,0.033108994,0.0169616,0.0047136024,-0.06635176
808,0.9271633,0.5204233,0.71792346,0.48824674,0.20923984,0.032176554
809,0.12475304,0.05410319,0.113117814,0.0722002,0.011635229,-0.018097013
810,0.90258956,0.53010505,0.657692,0.47629532,0.24489754,0.053809732
811,1.5094352,0.74406093,0.9524094,0.70470697,0.5570258,0.039353967
812,0.08908827,0.057053607,0.08280284,0.06328692,0.006285429,-0.006233316
813,0.8607467,0.31304753,0.42944202,0.27357063,0.43130466,0.0394769
814,0.82973945,0.54931295,0.64634734,0.45745772,0.18339211,0.09185523
815,0.19064346,0.106028415,0.14331937,0.09663033,0.04732409,0.009398088
816,0.096027195,0.09235839,0.09171532,0.0682248,0.0043118745,0.024133585
817,0.17982092,0.10176306,0.121965006,0.077318214,0.05785592,0.024444848
818,1.2553018,0.62330925,0.57083565,0.45986992,0.6844662,0.16343933
819,0.06950501,0.07024978,0.056681424,0.043291,0.012823589,0.026958782
820,1.2144481,0.71572447,1.0062916,0.7247261,0.20815647,-0.009001613
821,1.2743118,0.6772976,0.9176375,0.6578689,0.35667425,0.01942867
822,0.017434599,0.20843965,0.05584181,0.04734935,-0.038407214,0.1610903
823,0.36209717,0.19286282,0.20300591,0.14820208,0.15909126,0.044660747
824,0.08338293,0.054720614,0.05060439,0.036056112,0.032778535,0.018664502
825,-0.008617659,0.03761797,0.0061419453,0.0038686967,-0.014759604,0.033749275
826,0.0892893,0.022494445,0.072914876,0.046572708,0.016374424,-0.024078263
827,0.029275483,0.005862529,0.028393338,0.021690741,0.000882145,-0.015828213
828,0.12412084,0.1788864,0.13011289,0.09582076,-0.0059920475,0.08306564
829,0.013393312,0.0019513895,0.020098655,0.01934287,-0.006705343,-0.01739148
830,0.07646194,0.0530664,0.075940005,0.038415857,0.0005219355,0.014650542
831,0.39399296,0.20937204,0.22098064,0.16196987,0.17301232,0.047402173
832,0.0744707,0.07228292,0.06227415,0.056346826,0.012196548,0.015936092
833,0.04262024,0.13717198,0.039242785,0.025303552,0.0033774562,0.11186843
834,0.06782965,0.007310511,0.06231144,0.03996866,0.005518213,-0.03265815
835,0.58477306,0.38802484,0.46633324,0.33194762,0.11843982,0.056077212
836,0.16989006,0.168299,0.1340125,0.08639522,0.035877556,0.081903785
837,1.0485017,0.70192456,0.83336,0.6072738,0.21514171,0.094650745
838,0.0511292,-0.011587316,0.041587375,0.03158859,0.009541824,-0.043175906
839,0.014209214,0.08537439,0.027307183,0.019291382,-0.013097969,0.066083014
840,0.20180038,0.15474923,0.16116406,0.12120978,0.040636316,0.03353945
841,0.9910565,0.5968786,0.8827818,0.62813956,0.1082747,-0.031260967
842,0.78897417,0.3648437,0.47151536,0.320928,0.3174588,0.04391569
843,0.6182383,0.37347335,0.47168523,0.33307567,0.14655304,0.040397674
844,0.15600716,0.04472608,0.14786093,0.08557836,0.008146226,-0.04085228
845,0.016901247,0.058596477,0.031119281,0.023805337,-0.014218034,0.03479114
846,0.02799454,-0.0023664515,0.022190055,0.016209053,0.0058044847,-0.018575504
847,0.024888838,0.11869695,0.04757765,0.031856917,-0.022688812,0.08684003
848,-0.04168459,0.13103385,0.0069426633,0.0025452464,-0.048627254,0.1284886
849,0.03810776,-0.025100151,0.02767446,0.020447139,0.0104332995,-0.04554729
850,0.57764494,0.34028357,0.42264652,0.30493775,0.15499842,0.035345823
851,0.101255685,0.001208913,0.10142709,0.06364056,-0.00017140806,-0.062431645
852,0.12777407,0.065943345,0.10534412,0.06206993,0.022429958,0.0038734153
853,0.769459,0.42035034,0.5030731,0.3556738,0.2663859,0.06467655
854,0.18952107,0.07400418,0.15883406,0.09968035,0.03068702,-0.025676169
855,0.10407505,0.14882758,0.088612296,0.066267595,0.015462756,0.08255999
856,0.15883227,0.06654725,0.13603933,0.094860405,0.022792935,-0.028313152
857,0.9091448,0.5492382,0.3891307,0.39076728,0.5200141,0.15847093
858,0.039406426,-0.019051038,0.035017468,0.023886135,0.004388958,-0.042937174
859,0.045330495,0.064022884,0.03605319,0.027384425,0.0092773065,0.03663846
860,0.00897589,0.13028845,0.03729276,0.028666219,-0.02831687,0.10162223
861,0.35111177,0.16539624,0.21365944,0.15360574,0.13745233,0.011790499
862,0.13677895,0.06582551,0.12195591,0.08067906,0.014823042,-0.014853552
863,0.019565227,0.106809735,0.030474192,0.021227855,-0.010908965,0.085581884
864,0.13554166,0.035589553,0.13088784,0.091400005,0.0046538264,-0.05581045
865,1.0766788,0.27025706,0.29269215,0.14158908,0.78398657,0.12866798
866,0.094114475,0.020214314,0.07693811,0.053872455,0.017176367,-0.03365814
867,0.07340847,0.0056275115,0.06933399,0.04580862,0.0040744767,-0.040181108
868,0.9891836,0.6323406,0.7619554,0.5603358,0.22722822,0.072004795
869,0.03733348,0.009601377,0.03633952,0.026705736,0.0009939596,-0.01710436
870,1.0344863,0.58519673,0.7005092,0.5393294,0.3339771,0.045867324
871,0.49595496,0.29200163,0.40913525,0.29571968,0.08681971,-0.0037180483
872,1.2777222,0.81504965,0.97853756,0.73141944,0.29918468,0.083630204
873,0.9945233,0.62871826,0.7651974,0.57771456,0.22932589,0.051003695
874,0.021565458,0.025705185,0.011901635,0.012510608,0.009663823,0.013194577
875,0.09769043,0.09142999,0.07671066,0.047353618,0.020979777,0.044076376
876,0.05809995,0.13688678,0.07182054,0.046886854,-0.013720591,0.08999992
877,0.733857,0.4020174,0.4973858,0.36202258,0.23647118,0.039994836
878,0.8697404,0.5686176,0.6523508,0.48574764,0.21738964,0.08286995
879,0.04410989,0.050969094,0.028885186,0.02543499,0.015224703,0.025534105
880,0.06867853,-0.0026610526,0.068101704,0.042228207,0.00057682395,-0.04488926
881,0.026230497,0.030917441,0.01395862,0.016030591,0.012271877,0.0148868505
882,0.13995104,0.092327006,0.11345539,0.084621646,0.026495643,0.0077053607
883,0.017706374,0.109001875,0.023027597,0.026583984,-0.0053212233,0.08241789
884,1.3831334,0.7080824,0.9376238,0.6776539,0.4455096,0.03042847
885,0.7722444,0.48689082,0.6706515,0.49604845,0.1015929,-0.009157628
886,0.03198527,0.0057007386,0.033851344,0.024564484,-0.0018660724,-0.018863745
887,0.16181456,0.12657852,0.14538316,0.103642896,0.016431391,0.022935629
888,1.3063389,0.6837805,0.86037797,0.61999005,0.44596094,0.06379044
889,0.029868878,0.010490633,0.036824867,0.026579034,-0.0069559887,-0.0160884
890,-0.013326766,-0.04620581,0.013824843,0.0011099512,-0.027151609,-0.04731576
891,0.055232573,0.06845983,0.047801867,0.03667844,0.007430706,0.03178139
892,0.10165406,0.054794956,0.09085674,0.05693402,0.010797322,-0.0021390654
893,0.30604562,0.21612482,0.27726373,0.21184468,0.02878189,0.004280135
894,0.83675987,0.48399878,0.6816921,0.49528068,0.15506774,-0.011281908
895,-0.016257817,0.18830368,0.025902245,0.0115723405,-0.042160064,0.17673133
896,1.1363529,0.53165853,0.7978301,0.5374891,0.3385228,-0.005830586
897,1.0644469,0.6227329,0.83245456,0.62124354,0.23199236,0.0014893413
898,0.15581912,0.11578934,0.13110161,0.09180538,0.02471751,0.023983955
899,0.040596638,0.060615223,0.053056896,0.05061704,-0.012460258,0.009998184
900,1.0243593,0.71993136,0.8156009,0.6310641,0.20875847,0.08886725
901,0.1423423,0.09043013,0.10458334,0.07449989,0.03775896,0.015930243
902,0.13236079,0.07910396,0.09579913,0.06804584,0.036561653,0.011058122
903,0.03807379,0.054275177,0.023060113,0.016697545,0.015013676,0.037577633
904,1.3703033,0.7531573,1.0275081,0.75376403,0.34279513,-0.0006067157
905,0.5716426,0.16392186,0.26589477,0.1843367,0.3057478,-0.020414844
906,0.7648254,0.3982238,0.5268146,0.36725563,0.23801082,0.03096816
907,0.08958798,0.06122574,0.0712951,0.044780236,0.018292882,0.016445503
908,0.055799898,0.0166354,0.05829979,0.040656287,-0.0024998933,-0.024020888
909,0.028341196,0.018887186,0.015565345,0.016437005,0.012775851,0.0024501812
910,0.64263225,0.47285596,0.49881595,0.33976543,0.14381629,0.13309053
911,0.21206824,0.12394021,0.17391898,0.13345082,0.038149267,-0.009510614
912,0.79270166,0.21817972,0.38964048,0.25905302,0.40306118,-0.040873304
913,0.9465615,0.23740682,0.4537281,0.264223,0.4928334,-0.02681619
914,0.7639939,0.42617416,0.6459044,0.44171366,0.1180895,-0.015539497
915,0.06638501,-0.0024040986,0.059628874,0.03970056,0.0067561343,-0.042104658
916,0.6818356,0.36879286,0.54548323,0.3998635,0.13635236,-0.03107065
917,0.895982,0.50730705,0.6395693,0.44448596,0.25641274,0.06282109
918,0.035255764,0.0532262,0.026515925,0.02725168,0.008739838,0.02597452
919,1.110952,0.6540632,0.7373217,0.5457168,0.37363034,0.1083464
920,0.00855508,-0.012159702,0.00374078,0.001362104,0.0048142998,-0.013521806
921,0.039612804,0.2811155,0.12082009,0.08956778,-0.08120729,0.19154772
922,0.099079356,0.04060924,0.06627462,0.04095034,0.032804735,-0.00034109876
923,0.64309824,0.382692,0.49375373,0.3569162,0.1493445,0.02577582
924,0.14921857,0.08125425,0.11758242,0.08936749,0.031636156,-0.008113235
925,0.034778632,0.07433172,0.033811443,0.022491772,0.00096718967,0.05183995
926,0.039102547,0.009443924,0.0551836,0.039205227,-0.016081054,-0.029761303
927,0.3151045,0.17989282,0.2521371,0.16864939,0.06296742,0.011243433
928,0.4651696,0.19679822,0.240068,0.19006735,0.2251016,0.0067308694
929,0.07576191,0.07160529,0.061988633,0.049543314,0.013773274,0.022061974
930,0.018741483,0.02636165,0.02177765,0.014505871,-0.0030361675,0.011855779
931,0.05020047,-0.019511545,0.050720602,0.033405945,-0.0005201325,-0.052917488
932,0.080054566,0.070209116,0.060900617,0.042425197,0.019153949,0.02778392
933,0.050808683,0.090754844,0.04203922,0.028423488,0.008769464,0.062331356
934,0.046570566,0.042108435,0.037558362,0.032348953,0.009012204,0.009759482
935,0.024490176,0.043008924,0.024659995,0.018657668,-0.00016981922,0.024351256
936,0.05706315,-0.012475548,0.045818955,0.034082815,0.011244196,-0.046558365
937,0.035465177,0.014345296,0.02611049,0.013096726,0.009354686,0.0012485702
938,0.04828124,0.09786557,0.056590993,0.03526566,-0.008309752,0.062599905
939,0.67353123,0.43765002,0.53520405,0.38869414,0.13832718,0.048955888
940,0.14127019,0.1259507,0.11974062,0.09169043,0.02152957,0.034260266
941,1.1975032,0.8249229,1.0583813,0.8010415,0.13912189,0.023881435
942,-0.006500184,0.18823272,0.038151823,0.023450477,-0.044652008,0.16478224
943,0.16341007,0.11873968,0.14431313,0.109618485,0.01909694,0.0091211945
944,0.028187653,0.044535715,0.02902947,0.020419218,-0.0008418169,0.024116497
945,0.001274751,0.16815093,0.011980561,0.01025431,-0.01070581,0.15789662
946,0.085254,0.017654212,0.04604977,0.023738205,0.03920423,-0.0060839932
947,0.07026951,0.06313681,0.060215246,0.04664841,0.010054264,0.0164884
948,0.79965395,0.4997216,0.68022096,0.5087081,0.119432986,-0.008986533
949,0.06248314,0.025267927,0.051403444,0.034425728,0.011079695,-0.009157801
950,2.5331454,1.6670842,1.9315659,1.5442889,0.60157955,0.12279534
951,0.7006824,0.4697441,0.5499155,0.39369336,0.15076691,0.07605073
952,0.6517019,0.40085983,0.5949985,0.44165063,0.05670345,-0.040790796
953,0.18059786,0.19917251,0.16960943,0.12243533,0.010988429,0.07673718
954,0.015399528,-0.02758022,0.01001144,0.0048994347,0.0053880876,-0.032479655
955,0.12597017,0.10632904,0.08420327,0.05784884,0.041766897,0.048480198
956,0.031793974,0.06584414,0.02999176,0.024856739,0.0018022135,0.040987402
957,1.2987314,0.8245346,0.9677102,0.6989723,0.33102125,0.12556231
958,0.05248335,0.03209519,0.03745922,0.027630145,0.015024129,0.0044650454
959,0.9425118,0.38141307,0.6439231,0.41089207,0.2985887,-0.029478997
960,0.03572071,0.08898836,0.04250431,0.024618804,-0.006783601,0.06436955
961,0.16203287,0.21889345,0.16082524,0.11061718,0.0012076348,0.10827627
962,1.1126213,0.57659215,0.7552231,0.5522256,0.3573982,0.024366558
963,0.19605094,0.11458992,0.15443008,0.10692884,0.041620865,0.007661082
964,0.061265286,0.03311046,0.053753905,0.045715485,0.007511381,-0.012605026
965,0.37361327,0.2099687,0.31874734,0.20448394,0.054865927,0.00548476
966,1.2730004,0.5336837,0.42972034,0.25841504,0.84328,0.27526867
967,1.2209605,0.7126981,1.0513586,0.7553337,0.16960192,-0.04263562
968,0.051120404,0.030693159,0.03407185,0.026073638,0.017048553,0.00461952
969,-0.0067657763,0.019047234,0.017501626,0.015797015,-0.024267402,0.003250219
970,0.37758756,0.26820028,0.31704205,0.22799079,0.060545504,0.040209487
971,0.9260958,0.52761644,0.66301644,0.48003197,0.26307935,0.047584474
972,1.142538,0.41532594,0.6154717,0.3835793,0.52706623,0.031746626
973,0.039124854,0.025559183,0.017624404,0.014858453,0.02150045,0.010700731
974,0.38483566,0.21304424,0.32473028,0.2019904,0.060105383,0.011053845
975,0.110615596,0.07815504,0.08689332,0.0641956,0.023722276,0.013959438
976,0.03988633,0.015369605,0.026451152,0.015413878,0.0134351775,-4.427228e-05
977,0.12315609,0.090691775,0.106279925,0.07710372,0.016876169,0.013588056
978,1.4472535,0.88130313,0.8660487,0.61937183,0.5812048,0.2619313
979,0.6903496,0.40298352,0.50291765,0.36868393,0.18743193,0.034299582
980,0.90252763,0.54534554,0.6467191,0.48241553,0.25580853,0.06293002
981,0.19531703,0.09085538,0.18447112,0.12769288,0.0108459145,-0.036837496
982,0.73032165,0.36954924,0.50201166,0.35221523,0.22830999,0.017334014
983,0.83218604,0.4261893,0.5865896,0.41687647,0.24559647,0.009312838
984,0.84951925,0.47641677,0.7262695,0.49400783,0.12324977,-0.01759106
985,-0.021071892,0.16985852,0.026523784,0.010328224,-0.047595676,0.1595303
986,1.2788709,0.770232,0.98395836,0.7342044,0.29491258,0.03602761
987,0.0718751,0.037383206,0.040684957,0.029534077,0.031190146,0.007849129
988,0.045957133,0.049752448,0.025627682,0.022149323,0.020329451,0.027603125
989,0.12916802,0.10520662,0.11689349,0.08523841,0.012274526,0.019968212
990,0.076819316,-0.018281901,0.06757097,0.03634558,0.009248346,-0.054627478
991,0.11125215,0.0778875,0.095026724,0.06941447,0.016225427,0.008473031
992,0.066781625,0.05286764,0.05178855,0.042285495,0.014993075,0.010582145
993,-0.048622612,0.12820202,0.0064219856,0.002339411,-0.0550446,0.12586261
994,0.015488665,0.04517399,0.015058421,0.012902437,0.00043024402,0.032271557
995,0.9004109,0.261065,0.38046962,0.29054725,0.5199413,-0.029482245
996,0.027266491,0.03703837,0.02217331,0.021511331,0.0050931815,0.01552704
997,0.18865488,0.1623015,0.15219231,0.11520197,0.036462575,0.047099523
998,0.11125107,0.1351461,0.09506814,0.06827062,0.01618293,0.06687547
999,0.010973503,0.0262285,0.022540258,0.02349618,-0.011566755,0.0027323198
1000,0.62291145,0.30738366,0.3847731,0.263375,0.23813835,0.044008642
1001,0.0056445366,0.14507827,0.019635465,0.009562658,-0.013990928,0.13551562
1002,0.06345243,0.06479233,0.04861503,0.037845425,0.014837399,0.026946902
1003,1.395056,0.90515524,1.1370497,0.83081114,0.25800633,0.0743441
1004,0.04264172,0.09484948,0.022892019,0.019260183,0.019749703,0.0755893
1005,0.22301747,0.16026865,0.19139242,0.13655147,0.031625047,0.02371718
1006,0.028899545,0.075580426,0.02335936,0.020333704,0.0055401847,0.055246722
1007,0.57149553,0.36707178,0.41667786,0.3190853,0.15481767,0.047986478
1008,-0.0009619723,0.13541405,0.012670514,0.011597586,-0.013632487,0.12381646
1009,0.59627026,0.34469622,0.47835597,0.33572027,0.11791429,0.008975953
1010,0.027260395,0.07013145,0.03266845,0.028644096,-0.005408054,0.041487355
1011,0.062294785,0.052233458,0.056749165,0.0372684,0.00554562,0.014965057
1012,0.0495538,0.03128377,0.05187127,0.0346817,-0.0023174696,-0.0033979304
1013,1.0831319,0.6706331,0.8556037,0.63199794,0.22752821,0.038635135
1014,-0.001265384,-0.038570825,0.014891891,0.010346137,-0.016157275,-0.048916962
1015,0.10294814,0.018365227,0.058647584,0.03447254,0.044300552,-0.016107313
1016,0.12995355,0.07093354,0.09819629,0.07064681,0.031757258,0.0002867356
1017,0.013324483,0.042451918,0.009331512,0.007682178,0.003992971,0.03476974
1018,-0.032146018,0.09594088,0.0043558823,-0.0005199773,-0.0365019,0.09646086
1019,1.2371961,0.6927727,1.0542357,0.682022,0.18296039,0.010750711
1020,0.011528337,0.17877266,0.029782414,0.021207076,-0.018254077,0.15756558
1021,0.7123431,0.30359548,0.47961292,0.34531942,0.23273018,-0.041723937
1022,-0.024682045,-0.03836546,0.010178344,0.004913577,-0.034860387,-0.043279037
1023,0.5438053,0.32000452,0.43743825,0.30906624,0.10636705,0.010938287
1024,0.8514445,0.5096105,0.7248717,0.51755375,0.12657279,-0.007943273
1025,0.11202585,0.069770016,0.08944342,0.05809144,0.022582427,0.0116785765
1026,1.2391454,0.65990055,0.9074389,0.6494238,0.33170652,0.010476768
1027,1.0338284,0.5974002,0.75786066,0.53489196,0.27596772,0.062508225
1028,0.91106826,0.5000956,0.6777174,0.4967281,0.23335087,0.0033675134
1029,0.005278775,-0.036148172,0.019605566,0.010980813,-0.01432679,-0.047128983
1030,-0.03899458,0.109698236,0.0045858617,0.004050666,-0.043580443,0.10564757
1031,0.81174046,0.46878296,0.585263,0.4278275,0.22647744,0.040955454
1032,0.41543204,0.25118947,0.34303504,0.24352889,0.07239699,0.0076605827
1033,0.12690406,0.08704289,0.1027626,0.07592079,0.024141453,0.0111221
1034,1.080992,0.5404039,0.7154287,0.50461483,0.36556327,0.035789073
1035,0.5328714,0.1777706,0.2643272,0.20448902,0.26854423,-0.026718423
1036,0.07068357,0.048533067,0.04666411,0.034294832,0.024019457,0.014238235
1037,0.059712246,0.01500473,0.031199843,0.018728536,0.028512403,-0.0037238058
1038,0.7255622,0.39058456,0.55101264,0.42691684,0.17454958,-0.03633228
1039,-0.016857406,0.0016440548,0.0007589628,0.0028911,-0.017616369,-0.0012470452
1040,-0.033615094,0.16941833,0.026746746,0.019294847,-0.06036184,0.15012349
1041,0.045661557,0.056398273,0.028673157,0.019144827,0.0169884,0.037253447
1042,1.4749393,0.8572339,1.0799596,0.7542876,0.39497972,0.10294628
1043,1.1780186,0.86263686,0.9283662,0.70190203,0.24965239,0.16073483
1044,0.029313207,-0.012117304,0.040735133,0.029119145,-0.011421926,-0.04123645
1045,0.08476131,0.09794998,0.07518573,0.05198283,0.009575576,0.04596715
1046,1.0158874,0.678488,0.8013741,0.5926013,0.2145133,0.08588672
1047,0.99356186,0.54069513,0.5913356,0.44781065,0.40222627,0.09288448
1048,0.1629853,0.25142267,0.17124625,0.122369364,-0.00826095,0.12905331
1049,0.0139471805,0.11575711,0.014072582,0.010814432,-0.00012540165,0.10494268
1050,0.13786472,0.10348483,0.11869426,0.086861536,0.019170463,0.016623296
1051,-0.000112876936,0.1195682,0.009408171,0.0111533655,-0.0095210485,0.108414836
1052,0.009535301,0.06405622,0.02924431,0.023251867,-0.01970901,0.04080435
1053,0.17422016,0.105149254,0.15224417,0.10275169,0.021975994,0.002397567
1054,0.54146385,0.25561407,0.33065423,0.24755244,0.21080962,0.0080616325
1055,0.16860604,0.108875036,0.1397357,0.1026818,0.028870344,0.0061932355
1056,1.1479306,0.68318874,0.84653205,0.5950554,0.30139858,0.088133335
1057,0.2781421,0.13238138,0.19618577,0.13422747,0.08195633,-0.00184609
1058,0.6237525,0.37013698,0.45632434,0.31406683,0.16742814,0.05607015
1059,0.0810564,0.047752716,0.05232622,0.041518733,0.02873018,0.0062339827
1060,0.58294594,0.3868205,0.48061767,0.3251421,0.10232827,0.06167841
1061,0.025132013,0.056261227,0.014504293,0.014227194,0.0106277205,0.042034034
1062,1.5929564,0.50453043,0.6240835,0.3624815,0.9688729,0.14204893
1063,0.918433,0.57289636,0.76308215,0.5623298,0.15535086,0.010566533
1064,0.037044246,0.16385259,0.030847479,0.027726954,0.006196767,0.13612564
1065,-0.010777339,0.16014385,0.038604658,0.028033445,-0.049381997,0.1321104
1066,0.18736787,0.22076581,0.13914545,0.09942833,0.048222423,0.12133748
1067,0.79608417,0.47267017,0.6032049,0.4333102,0.19287926,0.039359957
1068,-0.010867379,0.14443111,0.043678164,0.030419802,-0.054545544,0.11401131
1069,0.5303371,0.28598723,0.4259562,0.32428834,0.104380906,-0.03830111
1070,0.03170367,-0.024529424,0.020229813,0.0064965165,0.011473857,-0.03102594
1071,1.4186736,0.9371734,1.1710149,0.87918377,0.24765873,0.057989657
1072,0.11390357,0.106398106,0.097205155,0.06433424,0.016698413,0.042063862
1073,0.096463315,0.12065948,0.07926748,0.061416775,0.017195836,0.059242703
1074,0.045927905,0.06739048,0.040920224,0.03830295,0.0050076805,0.029087529
1075,1.5902764,1.0061324,1.2257833,0.88329923,0.364493,0.12283313
1076,0.21244787,0.1285014,0.17245626,0.122052394,0.039991602,0.0064490065
1077,0.058006942,0.07291427,0.046086553,0.036565196,0.011920389,0.036349077
1078,0.048700623,0.024934303,0.034891162,0.022285108,0.013809461,0.0026491955
1079,0.020690879,0.09526909,0.02282149,0.0215168,-0.0021306109,0.07375229
1080,0.025887743,0.02352406,0.0231262,0.011581546,0.0027615428,0.011942515
1081,0.112774156,0.041325897,0.098203145,0.07589558,0.014571011,-0.03456968
1082,0.70488155,0.3311959,0.41240042,0.28182092,0.29248112,0.049374968
1083,0.06756718,0.059012048,0.056945525,0.0476112,0.010621652,0.011400849
1084,-0.011954315,0.12572075,0.024674054,0.010851908,-0.03662837,0.11486885
1085,0.04672479,0.04368838,0.030666579,0.02463141,0.01605821,0.019056968
1086,1.1402481,0.44779104,0.5090562,0.33091062,0.63119185,0.11688042
1087,0.93900913,0.66820663,0.705872,0.5021751,0.23313713,0.16603154
1088,0.03541173,0.15768458,0.02802727,0.02346003,0.0073844604,0.13422455
1089,-0.018143447,0.11186263,0.016950294,0.007601647,-0.03509374,0.10426098
1090,0.21151102,0.13157803,0.1657811,0.10746944,0.04572992,0.024108589
1091,0.4334534,0.3415212,0.396267,0.27536646,0.037186414,0.06615475
1092,1.0571401,0.37284216,0.46423632,0.36514863,0.5929038,0.007693529
1093,0.12629236,0.10243337,0.098285265,0.06668581,0.028007098,0.035747558
1094,0.7444722,0.40224397,0.5344264,0.36929214,0.21004581,0.03295183
1095,0.13074736,0.06288959,0.09763709,0.058001764,0.033110276,0.0048878267
1096,0.7549199,0.43296263,0.62234735,0.40453655,0.13257253,0.028426081
1097,0.031923663,0.051785354,0.02302624,0.015674163,0.008897424,0.03611119
1098,0.67852783,0.45122203,0.5259734,0.36821002,0.15255445,0.083012015
1099,0.24272089,0.13116147,0.2034365,0.1390517,0.039284393,-0.007890239
1100,0.0339334,0.053528633,0.035431597,0.023518912,-0.0014981963,0.03000972
1101,0.015574143,-0.035482205,0.018226717,0.0148614915,-0.0026525734,-0.050343696
1102,0.045516886,-0.0150453355,0.051568914,0.034787927,-0.0060520284,-0.04983326
1103,0.10795687,0.12796634,0.09832463,0.061962564,0.009632245,0.066003785
1104,0.8448283,0.61963755,0.77380216,0.569513,0.07102615,0.050124526
1105,0.1353753,0.060596436,0.10378046,0.06646999,0.031594843,-0.0058735535
1106,0.69285333,0.4296717,0.5226957,0.40363422,0.17015761,0.026037484
1107,0.067968875,0.09573896,0.06766568,0.036438417,0.00030319393,0.059300546
1108,0.9343743,0.46612468,0.65907633,0.45099467,0.27529794,0.015130013
1109,0.93542683,0.62800777,0.78716713,0.53484935,0.1482597,0.093158424
1110,0.09437291,0.05399582,0.06993367,0.0464864,0.024439245,0.0075094216
1111,0.055689517,-0.012191856,0.06864684,0.038425826,-0.012957323,-0.05061768
1112,1.059026,0.55401486,0.8122221,0.5394284,0.24680388,0.014586449
1113,1.4852647,0.99588823,1.1261568,0.85482615,0.35910785,0.14106208
1114,0.049915846,-0.024794556,0.047069725,0.03247307,0.0028461218,-0.057267625
1115,1.0789363,0.67787164,0.94130456,0.67628014,0.13763177,0.0015915036
1116,0.66965926,0.40183043,0.5571773,0.4054513,0.11248195,-0.003620863
1117,0.5041697,0.22382912,0.32450733,0.22455621,0.17966238,-0.00072708726
1118,0.049814314,0.045142993,0.039086,0.029822564,0.0107283145,0.01532043
1119,0.017694924,0.01869981,0.032593023,0.02461966,-0.014898099,-0.0059198495
1120,0.0553072,0.05387657,0.0491992,0.035236545,0.006107997,0.018640026
1121,0.04545865,0.050842855,0.047134243,0.04407388,-0.0016755946,0.0067689754
1122,0.92525995,0.53656054,0.66584074,0.47719032,0.2594192,0.05937022
1123,0.10983776,0.154504,0.09244998,0.06826874,0.017387785,0.08623526
1124,0.010633154,0.017476056,0.0010180639,0.0072620013,0.00961509,0.010214055
1125,0.051196825,0.103522435,0.0481788,0.026230168,0.0030180253,0.07729226
1126,1.1227345,0.91785544,0.7413626,0.4327701,0.38137197,0.48508534
1127,1.4367498,0.6757799,0.9085965,0.6655157,0.5281533,0.010264158
1128,0.9957095,0.64766973,0.83330786,0.6339134,0.16240162,0.013756335
1129,0.92341495,0.34725443,0.5016166,0.31815782,0.42179835,0.029096603
1130,1.0059462,0.5168158,0.60547096,0.44712,0.4004752,0.06969577
1131,0.9965597,0.52694476,0.604169,0.45639715,0.39239067,0.07054761
1132,0.9990551,0.65591484,0.874385,0.62682575,0.12467009,0.029089093
1133,0.20592026,0.123172946,0.17369789,0.12226717,0.032222375,0.00090577453
1134,1.1874858,0.30776733,0.6065249,0.44219303,0.5809609,-0.1344257
1135,0.019709345,0.032504108,0.015382873,0.010859001,0.004326472,0.021645106
1136,0.64991754,0.3483785,0.46387464,0.33906955,0.1860429,0.009308964
1137,-0.017558334,0.1307945,0.023795862,0.012503889,-0.041354194,0.1182906
1138,0.68119097,0.42051655,0.555323,0.37132663,0.12586796,0.049189925
1139,0.11801804,0.045162227,0.10613682,0.052978665,0.011881217,-0.007816438
1140,1.6246266,0.8230413,1.3821119,0.9110409,0.24251473,-0.08799958
1141,0.1100077,0.02877356,0.11222859,0.07952996,-0.002220884,-0.050756402
1142,0.029532611,0.02135854,0.0248332,0.01926007,0.004699411,0.002098471
1143,0.053435445,0.045929346,0.035381723,0.028204182,0.018053722,0.017725164
1144,0.050703336,0.049733434,0.05055835,0.031282924,0.00014498457,0.01845051
1145,0.47466525,0.33664018,0.40409747,0.28634852,0.07056779,0.050291657
1146,1.2325816,0.68070847,0.55106497,0.32409596,0.68151665,0.3566125
1147,1.9249238,1.2445778,1.5304692,1.1627144,0.3944546,0.0818634
1148,0.25773844,0.17403618,0.2205662,0.14627281,0.037172243,0.027763367
1149,0.13424349,0.08068575,0.13594696,0.09983197,-0.001703471,-0.019146219
1150,0.07609607,0.17836834,0.07281484,0.05641049,0.0032812357,0.12195785
1151,0.917943,0.55001277,0.7673917,0.5507129,0.15055132,-0.00070011616
1152,-0.015514553,0.12693666,0.021978896,0.016324881,-0.03749345,0.11061178
1153,0.08079829,0.07908235,0.06307548,0.050013445,0.017722808,0.029068902
1154,1.1751312,0.5190341,0.8230737,0.5200166,0.35205752,-0.000982523
1155,0.042732317,0.017146606,0.044073246,0.029690076,-0.0013409294,-0.01254347
1156,0.6130842,0.31900042,0.44850898,0.3272553,0.16457522,-0.008254886
1157,1.212157,0.51560557,0.83759516,0.52888376,0.37456185,-0.013278186
1158,0.0460824,0.05839215,0.034810986,0.026731823,0.011271413,0.031660326
1159,-0.002324772,0.016720008,0.014267458,0.017010123,-0.01659223,-0.00029011443
1160,0.028856533,-0.0052266535,0.041985292,0.024417803,-0.013128759,-0.029644456
1161,0.11675898,0.08829343,0.075715974,0.04818791,0.041043006,0.04010552
1162,0.124357186,0.09161172,0.11967893,0.09523344,0.004678257,-0.0036217198
1163,0.077348985,0.018841708,0.059489228,0.042187683,0.017859757,-0.023345975
1164,0.03122165,0.061331242,0.030932209,0.022478724,0.00028944202,0.03885252
1165,0.11036392,0.027538808,0.09878033,0.07508017,0.0115835965,-0.047541365
1166,-0.008862161,-0.0017690683,0.007983934,0.007934491,-0.016846094,-0.00970356
1167,0.56558156,0.26079115,0.32031578,0.22469687,0.24526578,0.036094278
1168,1.554236,0.5982144,0.7435968,0.5478558,0.81063926,0.050358593
1169,0.096174076,0.034020152,0.063651584,0.036368113,0.032522492,-0.002347961
1170,0.012875239,0.007802347,0.017613042,0.0101381745,-0.004737803,-0.0023358273
1171,0.9753393,0.432758,0.6385993,0.41421112,0.33674002,0.01854688
1172,0.04349109,-0.025041515,0.046097934,0.029273491,-0.0026068427,-0.05431501
1173,0.10043084,0.015469135,0.07486601,0.04454132,0.025564827,-0.029072188
1174,0.78640753,0.03753507,0.21651566,0.123788275,0.56989187,-0.0862532
1175,0.109531485,0.06378361,0.09165766,0.06018575,0.017873824,0.0035978593
1176,0.03556921,0.023574559,0.018853363,0.009226071,0.016715847,0.014348488
1177,1.1080662,0.557397,0.58212996,0.43924093,0.52593625,0.118156075
1178,0.89933735,0.48106688,0.6309493,0.43752012,0.26838803,0.043546766
1179,0.7800276,0.32133132,0.47372693,0.34882426,0.3063007,-0.02749294
1180,0.23370534,0.15004659,0.18719958,0.12499466,0.046505764,0.025051929
1181,0.642626,0.31792504,0.38493168,0.28214493,0.2576943,0.035780102
1182,0.15070982,0.11745819,0.11238797,0.079839095,0.038321853,0.03761909
1183,-0.008489241,0.15106581,0.025785113,0.012107255,-0.034274355,0.13895856
1184,0.8195858,0.46098474,0.6124422,0.45235243,0.2071436,0.008632302
1185,0.9925328,0.69075394,0.7495987,0.5645568,0.24293411,0.12619716
1186,0.9318745,0.627195,0.7181899,0.52130663,0.21368462,0.10588837
1187,0.10971384,0.21709496,0.109893546,0.08270176,-0.000179708,0.1343932
1188,-0.018297222,0.19720724,0.04597462,0.027758766,-0.06427184,0.16944848
1189,1.0616469,0.58426285,0.8411725,0.5810925,0.22047442,0.003170371
1190,-0.024191832,0.11572352,0.017503936,0.010380927,-0.041695766,0.1053426
1191,0.016967772,0.030932182,0.024708599,0.012398484,-0.0077408273,0.0185337
1192,0.068234965,0.052481115,0.06825317,0.045519054,-1.8201768e-05,0.006962061
1193,-0.007348888,0.13639937,0.027718484,0.013114274,-0.035067372,0.1232851
1194,0.9270568,0.59234816,0.81253326,0.5909685,0.11452353,0.0013796687
1195,1.7740192,1.2554624,1.4915726,1.0273219,0.28244662,0.22814047
1196,1.6261389,0.3566433,0.71873665,0.48543635,0.9074023,-0.12879306
1197,0.118430115,0.08269468,0.10598288,0.080480054,0.012447238,0.0022146255
1198,0.049620118,0.15454745,0.045793954,0.036921285,0.0038261637,0.11762617
1199,1.1069032,0.58725864,0.7293078,0.55986726,0.37759542,0.027391374
1200,0.71400696,0.41244966,0.45441228,0.29476538,0.25959468,0.117684275
1201,0.097241595,0.044891097,0.07189526,0.054034103,0.025346339,-0.009143006
1202,0.11859772,0.09481875,0.10827933,0.08344474,0.010318391,0.011374012
1203,1.0350358,0.30488676,0.33083153,0.24154422,0.7042043,0.06334254
1204,0.51036805,0.3213102,0.332655,0.24058394,0.17771304,0.08072625
1205,0.9908399,0.6113736,0.83504784,0.6678515,0.15579206,-0.056477904
1206,0.030276883,0.06591627,0.022510994,0.021409916,0.007765889,0.044506356
1207,0.75910276,0.47304806,0.5626344,0.38996154,0.19646835,0.08308652
1208,0.06605988,0.08639972,0.069468364,0.047302533,-0.0034084842,0.039097186
1209,0.00047528444,0.2048942,0.056964405,0.03300645,-0.05648912,0.17188776
1210,0.03860786,-0.02783368,0.03741003,0.023548435,0.0011978336,-0.051382117
1211,0.094233744,0.09935994,0.07364015,0.05779474,0.020593591,0.0415652
1212,0.15047431,0.034539014,0.13546821,0.0798091,0.015006095,-0.045270085
1213,-0.0010340344,-0.016347466,0.0076060146,0.0062019755,-0.008640049,-0.022549441
1214,0.050942615,0.041816127,0.029859174,0.022481631,0.02108344,0.019334495
1215,0.71818674,0.41684797,0.45361614,0.334966,0.2645706,0.08188197
1216,-0.0122342445,0.14537148,0.010582203,0.0028053294,-0.022816448,0.14256616
1217,0.24607386,0.13917011,0.20250623,0.14786735,0.043567628,-0.008697242
1218,0.002417473,0.114372596,0.020925445,0.019266302,-0.018507972,0.095106296
1219,0.92549026,0.5098916,0.76423347,0.5490227,0.16125679,-0.039131045
1220,0.030202368,-0.01690147,0.029669087,0.024435667,0.0005332809,-0.04133714
1221,0.29367295,0.16468681,0.20121364,0.14710078,0.092459306,0.017586038
1222,0.13767532,0.06397901,0.1127704,0.080692574,0.024904914,-0.016713567
1223,0.0026090532,-0.060081333,0.027081411,0.018944692,-0.024472358,-0.07902603
1224,1.1382409,0.51229584,0.62185585,0.36427575,0.5163851,0.14802009
1225,0.92602897,0.43418115,0.61222345,0.44141692,0.31380552,-0.0072357655
1226,0.0799304,0.08024696,0.07206397,0.05452187,0.007866435,0.025725093
1227,0.09919773,0.09225183,0.07597341,0.05491667,0.023224324,0.03733516
1228,0.10234162,0.07670838,0.07562044,0.061588038,0.02672118,0.015120339
1229,0.8108958,0.60140383,0.70241314,0.52375454,0.10848266,0.077649295
1230,1.1083847,0.81308347,0.890138,0.7162539,0.21824676,0.09682959
1231,1.8775187,1.120663,1.3455861,0.9715559,0.5319326,0.14910716
1232,-0.011288409,0.10943133,0.018942807,0.008393818,-0.030231215,0.10103751
1233,0.092746794,0.08540967,0.0896367,0.053476296,0.0031100959,0.031933375
1234,-0.0032341594,0.13966402,0.035522558,0.016629953,-0.038756717,0.123034075
1235,0.63574386,0.25715852,0.38912627,0.28234512,0.24661759,-0.025186598
1236,0.018166905,0.2620593,0.051703066,0.02546749,-0.03353616,0.23659182
1237,0.05973085,0.09615607,0.04792268,0.036281385,0.011808172,0.059874684
1238,0.011263966,-0.0014479358,0.013580486,0.010497955,-0.0023165205,-0.01194589
1239,0.05463979,0.031697303,0.04536565,0.030954499,0.00927414,0.00074280426
1240,0.12317928,0.09683202,0.10800062,0.08128907,0.015178658,0.015542954
1241,-0.027487814,0.11973859,0.0138797145,0.0067724534,-0.04136753,0.11296614
1242,1.1803147,0.48930603,0.37634572,0.35838658,0.8039689,0.13091946
1243,0.030974453,0.053419836,0.03140648,0.023903329,-0.0004320275,0.029516507
1244,0.14530022,0.0716472,0.11205927,0.07334502,0.03324095,-0.0016978234
1245,0.066517614,0.015180415,0.07539539,0.050577976,-0.008877777,-0.03539756
1246,0.06533683,0.03017996,0.054970354,0.040421717,0.010366477,-0.010241756
1247,0.043269906,0.058457453,0.027063156,0.023242375,0.01620675,0.03521508
1248,0.15021572,0.06668822,0.13015102,0.07798703,0.020064697,-0.011298813
1249,0.016750582,0.04369081,0.02162909,0.017239517,-0.004878508,0.026451295
1250,0.027807998,0.03855677,0.013989541,0.0103850495,0.013818457,0.02817172
1251,0.7599005,0.36771116,0.46749648,0.32857418,0.29240403,0.039136976
1252,0.028248714,0.03740296,0.028454717,0.01632003,-0.00020600297,0.021082932
1253,1.3839471,0.883851,1.2126615,0.81895924,0.17128563,0.064891756
1254,0.1265908,0.023586223,0.10555582,0.07140258,0.021034986,-0.04781636
1255,-0.027271973,0.1094054,0.009416416,0.0019718907,-0.036688387,0.107433505
1256,0.019018674,-0.027475612,0.019274723,0.016140874,-0.00025604852,-0.04361649
1257,0.044818114,0.07064399,0.04929158,0.038273975,-0.0044734664,0.032370016
1258,0.119196445,0.08025614,0.08305047,0.06161086,0.036145978,0.018645283
1259,0.0506892,0.101596035,0.04102552,0.036485963,0.009663682,0.06511007
1260,0.72204256,0.47073707,0.57832766,0.4325881,0.1437149,0.03814897
1261,0.12638009,0.08452962,0.100695156,0.079089805,0.02568493,0.005439818
1262,0.58125263,0.23745944,0.27776825,0.18916094,0.30348438,0.048298493
1263,0.03724639,0.020514645,0.038059212,0.035271376,-0.0008128211,-0.014756732
1264,0.06323542,0.07282982,0.048426714,0.031212261,0.014808703,0.041617557
1265,0.061375502,0.019481247,0.03638787,0.027036969,0.024987634,-0.0075557213
1266,1.445011,0.7872146,1.2125132,0.88252765,0.23249781,-0.09531307
1267,1.8955853,1.1263388,1.4137653,1.039782,0.48182,0.08655679
1268,0.79847497,0.42428157,0.40467757,0.27012962,0.3937974,0.15415195
1269,0.11694346,0.093509175,0.10439738,0.08378905,0.012546085,0.009720124
1270,0.05643477,0.021944283,0.07382546,0.048405778,-0.017390694,-0.026461495
1271,0.5296115,0.33256063,0.35749233,0.28622398,0.1721192,0.04633665
1272,0.035756387,-0.006200607,0.04209995,0.02648755,-0.006343562,-0.032688156
1273,2.4311755,0.9311549,1.4888487,1.0284998,0.9423268,-0.097344935
1274,0.18326358,0.1805575,0.15702169,0.115559675,0.026241899,0.06499783
1275,0.8275864,0.35197765,0.4395764,0.3148469,0.38801003,0.037130743
1276,1.2955791,0.67338204,0.92126876,0.6033986,0.3743103,0.06998342
1277,0.026427263,0.06234221,0.031424947,0.02484287,-0.0049976837,0.037499342
1278,0.14704888,0.04612201,0.14758377,0.09811633,-0.0005348921,-0.05199432
1279,0.094618686,0.1459172,0.06465106,0.04535959,0.029967628,0.10055762
1280,0.0072799413,0.18603747,0.030827383,0.022275824,-0.02354744,0.16376165
1281,0.05809778,0.0880311,0.047637243,0.024459202,0.010460537,0.0635719
1282,0.007700796,0.14630698,0.050747287,0.028639238,-0.04304649,0.117667735
1283,-0.032243304,0.115253165,0.007733977,0.0018972919,-0.039977282,0.113355875
1284,0.96149564,0.5611887,0.7366575,0.5332124,0.22483814,0.027976274
1285,0.18623231,0.16539744,0.18917218,0.12185018,-0.002939865,0.043547258
1286,1.3615134,0.87471294,1.076867,0.79136735,0.2846464,0.08334559
1287,0.20146056,0.14696105,0.15372317,0.11121935,0.04773739,0.0357417
1288,0.04445376,0.06080843,0.02960158,0.02129988,0.014852179,0.03950855
1289,1.6769732,0.7657963,1.2596688,0.88114804,0.4173044,-0.11535174
1290,1.0923424,0.6756323,0.85478103,0.6343704,0.23756135,0.04126191
1291,0.10581875,0.093827195,0.08456312,0.06452845,0.021255627,0.029298745
1292,-0.028159468,0.10269651,0.0065311836,0.0032650947,-0.034690652,0.09943141
1293,0.79741424,0.49765375,0.6256711,0.45841187,0.17174315,0.03924188
1294,0.867464,0.51990485,0.65389454,0.46473113,0.21356946,0.055173725
1295,0.8404804,0.5384569,0.7434694,0.5350531,0.09701097,0.0034038424
1296,0.0655535,-0.00072301505,0.06044832,0.03730303,0.0051051825,-0.038026046
1297,1.007665,0.5015622,0.7666328,0.5172357,0.24103224,-0.015673518
1298,0.02672989,0.023045894,0.02244981,0.014322693,0.004280079,0.0087232
1299,0.059730563,0.017948369,0.0645725,0.036774863,-0.004841935,-0.018826494
1300,1.6037925,0.7158723,1.0395005,0.7398879,0.5642921,-0.024015605
1301,0.25917712,0.23654437,0.22115068,0.1666427,0.038026437,0.069901675
1302,0.036214944,0.054587916,0.025485922,0.02327124,0.010729022,0.031316675
1303,0.1688344,0.09805941,0.117286265,0.07966672,0.05154814,0.01839269
1304,0.053585127,-0.0007357852,0.034594584,0.015606472,0.018990543,-0.016342258
1305,0.2969094,0.21664031,0.25467,0.17390713,0.042239398,0.042733178
1306,1.9195725,0.94776344,1.486481,0.96982175,0.43309152,-0.022058308
1307,0.07842186,0.16262306,0.1048675,0.084217355,-0.026445642,0.07840571
1308,1.132355,0.6315279,0.8035906,0.56405807,0.32876438,0.067469835
1309,0.043479476,0.02487927,0.038827237,0.026225496,0.0046522394,-0.0013462268
1310,0.09903934,0.015480037,0.07624861,0.042853,0.02279073,-0.027372964
1311,0.6846532,0.4101124,0.49921829,0.36318645,0.18543494,0.046925962
1312,0.013438026,0.20200714,0.021136487,0.017443324,-0.0076984605,0.18456382
1313,0.05282569,0.04196163,0.045990556,0.03182454,0.006835133,0.010137089
1314,1.6086509,0.9188934,1.1922536,0.8594367,0.41639733,0.059456706
1315,0.07439689,-0.067796074,0.062350284,0.035101425,0.012046609,-0.102897495
1316,0.09313608,0.061243437,0.09412017,0.05462556,-0.0009840876,0.0066178776
1317,0.06055771,0.028353406,0.036110956,0.026823774,0.024446752,0.0015296321
1318,0.062195834,0.11607674,0.075045325,0.05240603,-0.012849491,0.06367071
1319,0.60624355,0.31736907,0.46489888,0.3332988,0.14134467,-0.015929729
1320,0.1951786,0.115933776,0.120624915,0.0837558,0.07455368,0.032177977
1321,0.4513017,0.33706215,0.37935397,0.27794224,0.07194772,0.05911991
1322,0.066930234,0.21455243,0.06264223,0.04901536,0.004288003,0.16553707
1323,0.09075648,0.0873376,0.07835894,0.06010128,0.012397543,0.027236316
1324,0.86595714,0.5566477,0.6794442,0.51100004,0.18651295,0.04564768
1325,-0.023181144,0.1216428,0.016396392,0.0069700046,-0.039577536,0.114672795
1326,0.10981869,0.064633146,0.08964728,0.06534162,0.020171411,-0.0007084757
1327,0.7630764,0.44093242,0.55351245,0.40960282,0.20956397,0.031329602
1328,0.23868625,0.12795675,0.222024,0.14423709,0.016662255,-0.016280338
1329,0.03687907,0.1303898,0.031312097,0.015264429,0.0055669732,0.115125366
1330,0.41171598,0.2723837,0.3187304,0.23553638,0.09298557,0.03684731
1331,1.2833617,0.55284226,0.6805543,0.5366611,0.6028074,0.016181171
1332,0.036803752,0.11276896,0.058686245,0.02844981,-0.021882493,0.08431915
1333,0.17243162,0.12027151,0.16079533,0.10975999,0.011636287,0.010511525
1334,0.074911825,0.038128953,0.060532928,0.044249576,0.014378898,-0.006120622
1335,0.2649498,0.16936986,0.21894506,0.150602,0.046004742,0.018767864
1336,1.4109724,0.64046043,0.8924926,0.6250504,0.51847976,0.015410006
1337,0.03067213,0.08827466,0.034446787,0.02230164,-0.0037746578,0.06597301
1338,0.035925623,0.0194814,0.035052825,0.02675511,0.00087279826,-0.0072737094
1339,0.30899042,0.253448,0.26160198,0.19616607,0.047388434,0.05728194
1340,0.0039546215,-0.0068726935,0.010650421,0.0030856826,-0.006695799,-0.009958376
1341,1.4468248,0.7880422,1.0780952,0.71741194,0.3687296,0.07063025
1342,0.030673796,0.052956447,0.020189961,0.020134505,0.010483835,0.032821942
1343,0.11850606,0.0136832865,0.1010494,0.062222164,0.017456658,-0.04853888
1344,0.73455375,0.43559796,0.58709604,0.396543,0.14745772,0.03905496
1345,0.51373744,0.34254333,0.43507877,0.33861563,0.07865867,0.0039277077
1346,0.042258084,0.037610196,0.02936927,0.02867726,0.012888813,0.008932935
1347,0.5373154,0.28400448,0.39098,0.277527,0.14633542,0.006477475
1348,0.18008028,0.12833208,0.16143182,0.11118458,0.01864846,0.017147496
1349,0.021424629,-0.00997246,0.0147985015,0.014477667,0.0066261273,-0.024450127
1350,0.041065935,0.11682407,0.041664563,0.02578468,-0.0005986281,0.09103939
1351,0.9370602,0.4544143,0.6872963,0.45564747,0.2497639,-0.0012331605
1352,0.13307157,0.1188066,0.11412636,0.0897247,0.01894521,0.029081903
1353,0.7677193,0.4984934,0.7128701,0.49059588,0.054849207,0.007897526
1354,0.16292156,0.060760304,0.12050438,0.08720589,0.042417184,-0.026445583
1355,0.013837227,0.013107614,-0.0010150078,0.002190097,0.014852234,0.010917516
1356,0.9379709,0.5224162,0.7584707,0.5222669,0.17950016,0.00014925003
1357,0.2993865,0.22064409,0.26566467,0.20956144,0.033721834,0.011082649
1358,0.97384274,0.49594674,0.7904068,0.51822096,0.18343592,-0.022274226
1359,0.01754577,0.029613342,0.012517382,0.012254243,0.0050283885,0.0173591
1360,0.09303883,0.0007020532,0.07727708,0.04181437,0.015761748,-0.041112315
1361,0.8167784,0.47607046,0.68845284,0.4778512,0.12832558,-0.0017807484
1362,-0.009851381,0.08866986,0.02858634,0.024057586,-0.03843772,0.06461227
1363,0.401851,0.27312574,0.30383155,0.20980676,0.09801945,0.06331898
1364,0.17833152,0.08638774,0.14399287,0.09967855,0.034338653,-0.013290815
1365,0.090043046,0.04702679,0.038837034,0.02966001,0.05120601,0.01736678
1366,0.20281728,0.13009094,0.16279931,0.11339326,0.040017962,0.016697675
1367,0.19381452,0.047827847,0.17300424,0.108656086,0.020810276,-0.06082824
1368,0.15083951,0.11837439,0.11534618,0.09863652,0.03549333,0.01973787
1369,0.9331695,0.40320408,0.6492101,0.43982807,0.2839594,-0.036623985
1370,0.096826635,0.037324466,0.076187775,0.04121564,0.02063886,-0.0038911738
1371,0.020461747,0.0051347017,0.022458594,0.01180139,-0.0019968469,-0.0066666882
1372,0.041428775,0.055272482,0.04954756,0.02668576,-0.008118786,0.028586723
1373,0.7587254,0.5454092,0.63527465,0.46866783,0.123450756,0.07674137
1374,0.20748049,0.11806395,0.15452963,0.11600115,0.05295086,0.0020627975
1375,0.996959,0.54936594,0.55921066,0.3724907,0.4377483,0.17687523
1376,0.7735652,0.59225595,0.65800935,0.49181914,0.11555582,0.10043681
1377,1.0728267,0.7692838,0.8449551,0.62590665,0.22787166,0.14337713
1378,0.116205506,-0.00019973457,0.0939318,0.060943447,0.022273704,-0.061143182
1379,0.118775725,0.06646693,0.078699544,0.05922135,0.04007618,0.007245578
1380,0.14758782,0.10022025,0.12821388,0.0939913,0.019373938,0.006228946
1381,0.06501655,0.071179785,0.046937622,0.03616629,0.01807893,0.035013493
1382,0.89039695,0.62471014,0.78017586,0.55037016,0.11022109,0.074339986
1383,0.96537626,0.50880975,0.7314464,0.5006313,0.23392987,0.0081784725
1384,0.2314727,0.112456664,0.20885806,0.13146761,0.022614643,-0.019010946
1385,0.08636889,0.07564709,0.07039306,0.045684643,0.015975825,0.02996245
1386,0.078045905,0.052941278,0.053111255,0.03926503,0.02493465,0.0136762485
1387,0.44212523,0.4063998,0.37460864,0.26310268,0.067516595,0.1432971
1388,-0.03830352,0.10520484,0.0012486589,-0.0017436756,-0.03955218,0.10694852
1389,0.793854,0.4766485,0.59631276,0.4411497,0.19754124,0.035498798
1390,0.0802685,0.078706756,0.06753155,0.056257915,0.012736954,0.022448841
1391,0.009285657,-0.052785013,0.014281763,0.009474702,-0.004996106,-0.062259715
1392,0.019154435,0.035733797,0.019224316,0.020547215,-6.988086e-05,0.015186582
1393,1.3397045,0.6583436,0.8718529,0.60376704,0.46785164,0.054576576
1394,0.06213106,-0.01630204,0.058737505,0.025803626,0.0033935532,-0.042105667
1395,0.12826383,0.117830284,0.1062756,0.08823578,0.021988228,0.029594503
1396,-0.030921983,0.11819278,0.009356756,0.0041307807,-0.04027874,0.114062
1397,-0.010357626,0.082918346,0.015891366,0.012640449,-0.026248991,0.0702779
1398,0.09856957,0.053500015,0.071401715,0.051632404,0.027167857,0.001867611
1399,1.3852516,0.84667844,1.0890191,0.7441591,0.29623258,0.10251933
1400,0.005649736,-0.022961304,0.021690398,0.014983699,-0.016040662,-0.037945002
1401,0.08526618,0.090582974,0.07585423,0.05706959,0.009411953,0.033513386
1402,-0.0040366235,0.008879594,0.025818426,0.014513749,-0.02985505,-0.005634155
1403,0.0896714,0.08856205,0.09028209,0.069566905,-0.00061068684,0.018995143
1404,0.06586214,0.066955,0.053077776,0.041108534,0.012784366,0.025846466
1405,0.0357178,0.03903741,0.025398558,0.024111984,0.010319242,0.014925426
1406,0.010271022,0.042390093,0.018033464,0.013640342,-0.0077624414,0.02874975
1407,0.06962435,0.059188478,0.047842138,0.0378788,0.021782212,0.021309678
1408,1.2265953,0.39287767,0.68901294,0.52824587,0.53758234,-0.1353682
1409,0.8336927,0.3877934,0.5025608,0.36656487,0.33113194,0.021228522
1410,0.15043233,0.14186053,0.15133455,0.09331478,-0.0009022206,0.048545748
1411,0.19702144,0.13083003,0.14908803,0.10866201,0.047933415,0.022168025
1412,1.3322939,0.57317424,0.8263704,0.60369885,0.50592345,-0.030524611
1413,0.019851038,0.051555194,0.012273441,0.009860432,0.007577597,0.04169476
1414,0.014894703,-0.049590684,0.022512842,0.008079533,-0.0076181386,-0.057670217
1415,0.062535524,0.037614968,0.038858768,0.024596086,0.023676757,0.013018882
1416,0.14193948,0.08184033,0.11768748,0.09044668,0.024251997,-0.008606352
1417,1.5791183,0.7296716,0.88367766,0.5941675,0.6954406,0.13550413
1418,0.82682365,0.61126024,0.6936698,0.44767588,0.13315386,0.16358435
1419,0.03205501,-0.0067871385,0.015887862,0.0076247016,0.016167147,-0.014411841
1420,0.92751896,0.25688398,0.37076598,0.27748126,0.556753,-0.02059728
1421,0.75077385,0.43679634,0.5673234,0.4300776,0.18345046,0.006718725
1422,0.0531121,0.03135197,0.058699347,0.036832456,-0.0055872463,-0.005480487
1423,0.16147724,0.10598017,0.14027923,0.10787644,0.021198004,-0.0018962696
1424,-0.01646466,0.01524622,0.008114846,0.008658623,-0.024579506,0.0065875966
1425,0.19592035,0.13936453,0.16469404,0.11702286,0.031226307,0.022341669
1426,1.0580691,0.5546069,0.7700071,0.54626924,0.28806204,0.0083376765
1427,0.9631102,0.643824,0.7893838,0.56729233,0.17372638,0.07653165
1428,0.08717161,0.027937572,0.09609111,0.06997059,-0.0089195,-0.04203302
1429,-0.0016543204,0.03024506,0.023146382,0.014650302,-0.024800703,0.015594758
1430,0.07364507,0.053853024,0.06016008,0.047678627,0.013484988,0.0061743967
1431,0.012674639,-0.020087259,0.022893425,0.019437507,-0.010218786,-0.039524764
1432,0.08009738,0.06502519,0.05551213,0.036444373,0.024585247,0.028580815
1433,0.6878562,0.38451615,0.5339956,0.3880449,0.15386057,-0.003528744
1434,0.021229448,-0.0013396655,0.018834472,0.011890251,0.002394976,-0.013229917
1435,0.07366712,0.04514424,0.045595657,0.03283061,0.02807146,0.01231363
1436,0.83998305,0.6024202,0.6541547,0.4505177,0.18582833,0.1519025
1437,0.004179931,-0.076600306,0.016841264,0.0105426125,-0.012661334,-0.087142915
1438,0.73805803,0.37292036,0.58348423,0.42313513,0.1545738,-0.050214767
1439,0.086187236,0.06468337,0.07809173,0.052785,0.008095503,0.011898369
1440,0.05474438,0.026961507,0.034901045,0.026085457,0.019843336,0.00087605044
1441,0.55137104,0.2806986,0.42938262,0.28316206,0.121988416,-0.00246346
1442,0.7928179,0.356559,0.4731527,0.25282452,0.3196652,0.10373449
1443,0.8750706,0.5112322,0.6494595,0.46646738,0.22561109,0.044764817
1444,-0.002815973,0.10890003,0.020267453,0.0063125705,-0.023083426,0.10258746
1445,0.11812664,0.16997072,0.08748393,0.063839346,0.03064271,0.106131375
1446,0.11271852,0.01732828,0.08379708,0.061782002,0.02892144,-0.044453725
1447,0.19189729,0.12366739,0.15531465,0.11574676,0.036582634,0.00792063
1448,0.9910648,0.6482232,0.85911477,0.6233075,0.13195002,0.024915695
1449,0.8697663,0.6195249,0.7821797,0.5303575,0.08758658,0.089167416
1450,0.10027103,0.06248144,0.10691042,0.08029474,-0.006639391,-0.017813303
1451,0.8129205,0.4782897,0.68113804,0.44938773,0.13178247,0.028901964
1452,0.55159277,0.26221037,0.3340912,0.26434603,0.21750158,-0.0021356642
1453,0.24314024,0.21445425,0.1991027,0.14155576,0.044037536,0.07289849
1454,0.0009204472,-0.06019422,0.011141492,0.0067507266,-0.0102210445,-0.06694495
1455,0.0528935,-0.0217732,0.04773402,0.022830896,0.0051594824,-0.044604097
1456,0.09462918,0.06908293,0.07058319,0.05622828,0.024045996,0.012854651
1457,0.54910094,0.37506473,0.41744813,0.3049062,0.1316528,0.07015854
1458,0.058897957,0.13038099,0.05941224,0.03951562,-0.0005142838,0.09086537
1459,0.05800637,0.062480424,0.058743585,0.047565404,-0.0007372163,0.014915019
1460,0.7447316,0.37488908,0.5605979,0.39149514,0.18413371,-0.016606063
1461,0.008348368,0.09066313,0.025639769,0.0147203505,-0.0172914,0.07594278
1462,1.0376291,0.64508647,0.7277931,0.5185836,0.30983603,0.12650287
1463,0.02670257,0.027232785,0.008112053,0.009894298,0.018590517,0.017338486
1464,0.056080375,0.011557502,0.04365317,0.026965898,0.012427203,-0.015408396
1465,0.039037813,0.015588894,0.03829317,0.031580098,0.0007446408,-0.015991203
1466,1.2802566,0.7205933,0.85684144,0.59935045,0.42341518,0.12124282
1467,0.299252,0.18395254,0.13565633,0.09354799,0.16359568,0.09040455
1468,0.046569463,0.17086604,0.055579625,0.04211062,-0.009010162,0.12875542
1469,0.00844926,0.12413097,0.033158608,0.01992088,-0.024709348,0.10421009
1470,0.7461951,0.24723448,0.26578325,0.18151776,0.48041183,0.06571671
1471,-0.019403104,0.09503505,0.011495823,0.003378719,-0.030898927,0.09165633
1472,-0.03650425,0.11206332,0.0062973564,0.0015613138,-0.042801607,0.110502005
1473,0.5148909,0.28359774,0.39713135,0.26915312,0.117759556,0.014444619
1474,0.70324105,0.37651765,0.5440972,0.37229365,0.15914387,0.0042240024
1475,0.06386626,-0.009813851,0.0635529,0.03928667,0.00031335652,-0.04910052
1476,0.03718517,0.02838492,0.028866112,0.021859564,0.0083190575,0.0065253563
1477,0.10996183,0.18497562,0.08270155,0.056286834,0.027260281,0.12868878
1478,0.007272813,-0.040660772,0.009070391,0.006066005,-0.0017975778,-0.04672678
1479,-0.0041777645,-0.0018646743,0.02029714,0.014728772,-0.024474904,-0.016593447
1480,0.061157603,0.053090386,0.057814203,0.03878941,0.0033433996,0.014300976
1481,0.5913053,0.2784766,0.3562991,0.26349673,0.23500621,0.014979869
1482,-0.0010414032,-0.0595974,0.008586003,0.00449582,-0.0096274065,-0.06409322
1483,1.3714088,0.63707995,0.9912993,0.65921295,0.38010955,-0.022132993
1484,0.02631838,0.038479574,0.026903678,0.020152869,-0.0005852971,0.018326705
1485,1.6179113,0.86232805,1.2559566,0.9047,0.3619547,-0.04237193
1486,1.2309728,0.34990236,0.727379,0.3668769,0.50359374,-0.016974539
1487,1.3703494,0.5834376,0.83076763,0.6081006,0.5395818,-0.024662971
1488,0.5624891,0.36965087,0.5016523,0.36534405,0.060836792,0.004306823
1489,0.10350522,0.023919396,0.068014584,0.03932045,0.035490632,-0.015401054
1490,0.5184453,0.3279377,0.4271532,0.30089194,0.09129211,0.027045757
1491,0.040180143,0.12808993,0.05788681,0.04795303,-0.017706666,0.08013691
1492,0.096705414,0.08963325,0.09094887,0.054537274,0.005756542,0.035095975
1493,0.034222435,0.03860056,0.017812924,0.01586571,0.01640951,0.02273485
1494,0.036663804,0.0061965724,0.023681821,0.01666241,0.012981983,-0.010465837
1495,1.1214688,0.5969881,0.90696764,0.6124612,0.21450114,-0.015473127
1496,-0.026168503,0.19202363,0.032401048,0.02293116,-0.05856955,0.16909248
1497,0.2740579,0.15568689,0.25663882,0.16606662,0.01741907,-0.010379732
1498,0.10244504,0.07242054,0.08725597,0.057986777,0.015189074,0.01443376
1499,0.93353206,0.58999455,0.71651614,0.51787746,0.21701592,0.07211709
1500,-0.01969261,-0.02164606,0.01004242,0.005173983,-0.029735029,-0.026820043
1501,0.3526919,0.27651507,0.3117747,0.21134706,0.040917188,0.06516801
1502,0.17523807,0.1268311,0.1345264,0.08821017,0.04071167,0.038620926
1503,0.094724506,0.059554163,0.08370592,0.061768282,0.011018589,-0.0022141188
1504,1.2721384,0.9273065,0.8658103,0.62392044,0.40632808,0.30338603
1505,0.19130813,0.07699566,0.18352664,0.12347013,0.0077814907,-0.046474464
1506,-0.037725165,0.11692182,0.005154343,0.00055245275,-0.042879507,0.11636937
1507,0.7945903,0.3993453,0.61473763,0.41964078,0.17985266,-0.020295471
1508,0.028165914,0.07828119,0.03474251,0.025260162,-0.0065765977,0.053021025
1509,0.009756815,-0.017800584,0.020083128,0.007915419,-0.010326313,-0.025716003
1510,0.23194212,0.17632431,0.20480613,0.1492035,0.027135983,0.027120814
1511,0.5997109,0.37440538,0.43720254,0.33169502,0.16250834,0.042710364
1512,0.6038859,0.38256928,0.45559534,0.34013668,0.14829054,0.042432606
1513,1.0831914,0.6444534,0.7451658,0.5668351,0.33802557,0.0776183
1514,0.07922963,0.054982893,0.06721031,0.03922878,0.012019321,0.015754115
1515,0.16950127,0.113194674,0.13494948,0.09487239,0.0345518,0.018322282
1516,1.5647851,1.0815754,1.2069216,0.8389452,0.35786355,0.24263018
1517,0.2106926,0.10391281,0.16895989,0.122663714,0.041732714,-0.018750906
1518,1.2131023,0.72493637,0.88470715,0.64633673,0.3283952,0.07859963
1519,0.54623306,0.35244122,0.47339353,0.35675207,0.07283953,-0.0043108463
1520,0.17551099,0.09672302,0.14896874,0.10437667,0.026542246,-0.0076536536
1521,0.781401,0.47802588,0.6087797,0.41204625,0.17262125,0.06597963
1522,0.1792809,0.09236801,0.15769252,0.09995112,0.021588385,-0.0075831115
1523,0.036779996,0.16369896,0.06268821,0.042829137,-0.025908213,0.120869815
1524,0.03963837,0.046788353,0.03260551,0.02582775,0.00703286,0.020960603
1525,0.88866407,0.45338526,0.63532054,0.45723706,0.25334352,-0.0038518012
1526,0.03701063,0.05807007,0.033365995,0.024605691,0.003644634,0.03346438
1527,0.115780614,0.055820726,0.06282998,0.046248935,0.052950636,0.009571791
1528,0.047477636,0.117608495,0.052204907,0.03982837,-0.0047272705,0.07778013
1529,0.040736705,0.042345177,0.024926525,0.023095379,0.01581018,0.019249799
1530,0.74114496,0.44578812,0.5620058,0.4144102,0.17913914,0.03137791
1531,0.73132926,0.4630503,0.64050484,0.49474373,0.090824425,-0.03169343
1532,0.19091496,0.10378154,0.17067666,0.117714465,0.020238295,-0.013932921
1533,-0.0169103,-0.0036655099,0.019316664,0.008999851,-0.036226965,-0.01266536
1534,0.7352638,0.48853996,0.6449145,0.46948004,0.09034932,0.019059926
1535,0.06571148,0.02335343,0.03440898,0.023865147,0.031302504,-0.00051171705
1536,0.03445767,-0.01841295,0.03643643,0.026716892,-0.0019787624,-0.045129843
1537,0.023583122,0.10732389,0.018517505,0.013577871,0.005065616,0.09374602
1538,1.1846608,0.7013238,0.6877657,0.40600434,0.49689507,0.29531947
1539,0.014714674,0.030030461,0.009493265,0.013250293,0.005221409,0.016780168
1540,0.010442199,-0.037190393,0.014704905,0.0072674514,-0.0042627063,-0.044457845
1541,0.8473053,0.51462847,0.7158479,0.49859506,0.13145739,0.016033411
1542,-0.00036460286,0.13094275,0.02841795,0.01617444,-0.028782554,0.11476831
1543,0.56727695,0.28330338,0.50336283,0.330548,0.06391412,-0.04724461
1544,0.6939435,0.4769122,0.5563134,0.3942271,0.1376301,0.08268511
1545,0.17389293,0.11726373,0.14473645,0.1059622,0.029156476,0.011301525
1546,1.627417,0.59115267,0.7755306,0.59077346,0.8518864,0.00037920475
1547,0.57131565,0.28820044,0.4194684,0.2889722,0.15184724,-0.00077176094
1548,0.023437396,0.019688489,0.019305581,0.014479352,0.0041318145,0.0052091368
1549,0.00798007,0.008741002,0.016277872,0.006837441,-0.008297802,0.0019035605
1550,0.14333467,0.01309611,0.1264017,0.07384134,0.01693298,-0.06074523
1551,0.90687764,0.3614014,0.53899837,0.32975167,0.36787927,0.03164974
1552,0.7687107,0.38802797,0.52988505,0.38773048,0.23882562,0.00029748678
1553,1.2740206,0.66932654,1.0624341,0.70621955,0.21158648,-0.03689301
1554,-0.020942532,0.101015665,0.009658052,0.0037691644,-0.030600583,0.0972465
1555,0.28336242,0.19701137,0.20708051,0.15952972,0.076281905,0.03748165
1556,0.12990876,0.08418971,0.10964493,0.083837785,0.020263828,0.00035192817
1557,0.1144696,0.057247702,0.09463088,0.065758884,0.01983872,-0.008511182
1558,0.694659,0.3292927,0.4963332,0.34564745,0.19832578,-0.01635474
1559,0.046629507,0.034606807,0.022074016,0.01823191,0.024555491,0.016374897
1560,0.9594318,0.3226991,0.47542208,0.30621147,0.48400974,0.016487628
1561,0.2183231,0.15288842,0.18356374,0.13292588,0.034759358,0.019962534
1562,0.004795859,0.02107576,0.009802806,0.016047232,-0.005006947,0.005028527
1563,0.010932834,-0.037354708,0.017874409,0.009558092,-0.0069415746,-0.0469128
1564,0.032389853,0.026053436,0.028053368,0.020736367,0.0043364856,0.0053170696
1565,0.3024078,0.23600814,0.25756726,0.1852512,0.044840544,0.05075693
1566,1.0986552,0.6158794,0.8407566,0.5686202,0.25789863,0.04725921
1567,0.045987725,0.042376794,0.034841653,0.016093701,0.011146072,0.026283093
1568,1.2157738,0.4554334,0.6648098,0.47008592,0.550964,-0.01465252
1569,0.92405134,0.49132428,0.6183177,0.44125777,0.30573362,0.0500665
1570,0.32728222,0.25371504,0.2656301,0.17635055,0.061652124,0.07736449
1571,0.95794266,0.51740384,0.63983977,0.45495176,0.3181029,0.062452078
1572,0.9451691,0.639021,0.69361556,0.4879345,0.25155354,0.15108648
1573,0.06051755,-0.016146462,0.03849449,0.023439199,0.02202306,-0.03958566
1574,0.35907915,0.22030033,0.3024266,0.21732607,0.056652546,0.0029742569
1575,0.65576756,0.42569664,0.5816524,0.38789687,0.07411516,0.037799776
1576,0.7636568,0.53979194,0.7084773,0.51779115,0.055179477,0.02200079
1577,0.014943409,0.029331777,0.025849586,0.026725035,-0.010906178,0.002606742
1578,0.022278162,0.07111294,0.022209866,0.020666033,6.829575e-05,0.050446905
1579,0.056711197,0.09967251,0.05598157,0.036139574,0.0007296279,0.06353293
1580,-0.04049403,0.111180976,0.00071032275,-0.0018175446,-0.041204352,0.11299852
1581,0.09362039,0.13416265,0.09638634,0.05687945,-0.0027659535,0.0772832
1582,0.28505972,0.19420502,0.2127444,0.16058603,0.07231532,0.033618987
1583,1.32281,0.7983159,1.1024933,0.76403475,0.22031677,0.034281135
1584,0.40826172,0.18478447,0.20797646,0.14810508,0.20028526,0.036679387
1585,1.3448936,0.72935987,0.87983644,0.59724575,0.46505713,0.13211411
1586,1.6564677,0.5108698,0.89980394,0.6914513,0.75666374,-0.18058151
1587,0.055489942,0.05399131,0.049916603,0.03971885,0.0055733398,0.014272459
1588,0.6395413,0.23622665,0.2623777,0.19457571,0.37716362,0.041650936
1589,-0.013269837,0.1139166,0.01375469,0.0048088026,-0.027024526,0.10910779
1590,-0.04060168,0.16749334,0.027774047,0.021321144,-0.06837572,0.1461722
1591,0.052123874,0.0010850833,0.051737994,0.030797426,0.00038588047,-0.029712342
1592,0.057126515,0.017716989,0.035368193,0.021672608,0.021758322,-0.0039556194
1593,0.7088287,0.2630122,0.39167958,0.28637105,0.3171491,-0.023358852
1594,1.0195559,0.57162774,0.8613825,0.62525314,0.15817344,-0.053625405
1595,0.006458212,0.118739285,0.036001932,0.02563333,-0.02954372,0.09310596
1596,0.020122478,0.027095648,0.03556121,0.029973667,-0.015438734,-0.0028780196
1597,2.0195894,0.636285,0.83485353,0.4604681,1.1847359,0.1758169
1598,-0.029842468,-0.035964753,0.017125126,0.009420583,-0.046967596,-0.04538534
1599,1.5485473,1.090957,1.4038527,1.1004331,0.14469457,-0.009476066
1600,0.014245963,0.032708853,0.01791272,0.015341821,-0.0036667567,0.017367031
1601,0.6648177,0.43784493,0.5833039,0.40497798,0.08151376,0.032866955
1602,0.08970837,0.07520192,0.06713803,0.055329233,0.022570342,0.019872688
1603,0.3978811,0.13062331,0.16772324,0.121101715,0.23015785,0.009521596
1604,0.593949,0.33887148,0.429566,0.32250732,0.16438302,0.016364157
1605,0.07039109,0.064575635,0.069494575,0.05794525,0.00089651346,0.0066303834
1606,0.50266176,0.36138874,0.43761367,0.33663088,0.0650481,0.024757862
1607,0.7796458,0.31168732,0.44918242,0.33201414,0.33046338,-0.020326823
1608,0.05723701,0.057130203,0.027108941,0.027524954,0.03012807,0.029605249
1609,1.3035221,0.86561376,1.08787,0.7978403,0.21565211,0.06777346
1610,1.4595889,0.79399914,1.094013,0.7598132,0.3655759,0.034185946
1611,1.4256722,0.76668423,1.0903434,0.78590095,0.33532882,-0.019216716
1612,1.748565,0.98401225,1.394819,1.033319,0.35374594,-0.04930675
1613,-0.001401977,0.17582531,0.042617377,0.023321202,-0.044019353,0.15250412
1614,0.20910625,0.094028965,0.19645017,0.13749725,0.012656078,-0.04346828
1615,0.08036826,0.043890804,0.062506445,0.047145344,0.017861813,-0.0032545403
1616,0.7612366,0.19995469,0.3086317,0.22515556,0.45260492,-0.025200874
1617,0.89778626,0.5614921,0.6979638,0.5099262,0.19982249,0.051565886
1618,0.63766587,0.29409182,0.40410805,0.29101557,0.23355782,0.0030762553
1619,0.9822728,0.540715,0.7742613,0.5524998,0.20801151,-0.011784792
1620,0.028637892,-0.003091716,0.029148096,0.014590854,-0.0005102046,-0.01768257
1621,0.9046473,0.47348294,0.58677226,0.43784338,0.31787503,0.035639554
1622,1.4235978,0.9597981,1.2014134,0.8437953,0.22218442,0.1160028
1623,1.2734216,0.32834136,0.39406857,0.39481357,0.87935305,-0.0664722
1624,1.0243142,0.51687706,0.7095997,0.5212361,0.3147145,-0.0043590665
1625,0.09786228,0.083555914,0.08160295,0.06390731,0.016259328,0.019648604
1626,0.13157605,0.051507253,0.117949225,0.07512782,0.013626821,-0.023620564
1627,-0.019500341,0.13567138,0.0018284472,0.0016282608,-0.021328788,0.13404311
1628,0.050181553,0.03159262,0.038363088,0.021612316,0.011818465,0.009980302
1629,1.1571338,0.6830765,0.93534565,0.61224806,0.22178817,0.07082844
1630,0.95929706,0.54644454,0.65830415,0.50882137,0.3009929,0.037623167
1631,1.3168077,0.38504443,0.7480838,0.46161824,0.568724,-0.07657382
1632,0.18362467,0.12679946,0.15159217,0.112241626,0.032032505,0.014557838
1633,0.89107007,0.4848095,0.6549894,0.46612543,0.23608065,0.01868406
1634,0.10230776,0.06015802,0.07238015,0.046670966,0.029927611,0.013487056
1635,0.029078467,0.08167531,0.036451794,0.026111815,-0.0073733274,0.0555635
1636,1.1410748,0.26286498,0.49012798,0.2965591,0.6509468,-0.03369412
1637,1.3489678,0.3711243,0.7884103,0.53211534,0.5605575,-0.16099104
1638,0.045179833,0.0320848,0.032724716,0.020555329,0.012455117,0.011529472
1639,0.12845096,0.09324959,0.11302446,0.08367424,0.015426502,0.009575352
1640,0.0625984,0.051054258,0.04484842,0.0380979,0.01774998,0.0129563585
1641,0.05880174,0.14812799,0.044799056,0.04027422,0.0140026845,0.10785377
1642,0.02330995,0.15545137,0.053457092,0.02696436,-0.030147143,0.128487
1643,0.06538161,0.026845884,0.03620749,0.023922388,0.02917412,0.002923496
1644,0.18426591,0.066852756,0.14621617,0.09834858,0.038049743,-0.031495824
1645,0.7142933,0.4020378,0.51200247,0.33935872,0.20229083,0.06267908
1646,0.00855403,-0.014505471,0.026036788,0.016908972,-0.017482758,-0.03141444
1647,0.08603994,0.04584621,0.068804935,0.04995044,0.017235003,-0.0041042306
1648,0.18593317,0.1554673,0.14847611,0.10540323,0.037457064,0.050064072
1649,0.09539005,0.052169576,0.06227515,0.034700416,0.033114903,0.01746916
1650,0.4721561,0.31644237,0.37306428,0.27026993,0.09909183,0.04617244
1651,0.06550793,0.034337,0.034959093,0.030430177,0.03054884,0.003906822
1652,0.8251385,0.42395908,0.5285786,0.37536213,0.29655993,0.04859695
1653,1.2252969,0.820873,1.0402529,0.7385705,0.18504393,0.08230251
1654,0.11257197,0.14498152,0.11320771,0.069288194,-0.00063574314,0.075693324
1655,0.73331267,0.2665543,0.35376778,0.2698191,0.37954488,-0.0032648146
1656,0.0740268,0.11630775,0.07342979,0.050495125,0.0005970076,0.065812625
1657,0.071614124,0.04855108,0.04882423,0.040889256,0.022789896,0.007661823
1658,0.06346138,0.0056703473,0.0542431,0.039457932,0.009218279,-0.033787586
1659,0.41107875,0.2625342,0.34389684,0.2328349,0.067181915,0.029699296
1660,0.34061173,0.2556147,0.2762701,0.18428738,0.064341635,0.071327314
1661,0.21773386,0.13593483,0.19490741,0.14370517,0.022826448,-0.0077703446
1662,0.0878976,0.12276936,0.08195388,0.06059109,0.0059437156,0.062178273
1663,0.009383673,0.13597856,0.03494499,0.024344113,-0.025561316,0.11163445
1664,1.171222,0.57184696,0.58569896,0.4329474,0.585523,0.13889956
1665,0.6646111,0.3484969,0.48344845,0.34768376,0.18116266,0.00081315637
1666,0.70632976,0.48269698,0.5942493,0.41333914,0.112080455,0.06935784
1667,0.9912283,0.498676,0.67747396,0.43888408,0.31375432,0.059791923
1668,1.4997485,0.79129636,1.1724315,0.83228576,0.327317,-0.0409894
1669,0.0045979787,-0.052423514,0.015768034,0.012159454,-0.011170056,-0.064582966
1670,0.015076025,0.019877285,0.0028645091,0.0066127023,0.0122115165,0.0132645825
1671,2.1289976,1.1804922,1.5171839,1.1598704,0.61181366,0.020621777
1672,0.8699316,0.12115551,0.21658167,0.164487,0.6533499,-0.043331496
1673,0.7209599,0.3928931,0.5448261,0.36175007,0.17613381,0.03114304
1674,1.0398737,0.3636223,0.56073666,0.37137222,0.47913706,-0.007749915
1675,0.643041,0.38964236,0.4397232,0.31338933,0.20331782,0.07625303
1676,0.025457406,0.029561529,0.014665638,0.0020395382,0.010791768,0.02752199
1677,0.018659018,0.00040453547,0.024105903,0.015093802,-0.005446885,-0.014689266
1678,-0.0075174146,-0.05870697,0.011246346,0.004686214,-0.01876376,-0.06339318
1679,1.2555107,0.6838078,0.6586896,0.48981953,0.59682107,0.19398826
1680,1.1826478,0.5960245,0.8311933,0.6742714,0.3514545,-0.07824689
1681,0.0071786176,0.033970844,0.015927842,0.021562943,-0.008749224,0.012407901
1682,0.92062044,0.474641,0.5023724,0.35189182,0.41824806,0.12274918
1683,0.064271905,0.000853601,0.051289074,0.026561832,0.01298283,-0.02570823
1684,0.13834667,0.05057158,0.12635028,0.088162355,0.011996388,-0.037590776
1685,0.15394935,0.1005565,0.13748354,0.0970896,0.016465813,0.0034668967
1686,0.008259425,0.14034149,0.036796123,0.01841566,-0.028536698,0.12192583
1687,0.08308257,0.20238955,0.080162756,0.0620551,0.0029198155,0.14033446
1688,-0.018674677,0.11325042,0.01608038,0.010187551,-0.03475506,0.10306287
1689,0.9775695,0.65557164,0.7925259,0.59827524,0.18504363,0.057296395
1690,0.22601871,0.23188448,0.1761039,0.13100176,0.049914807,0.100882724
1691,0.6093678,0.37264672,0.45117322,0.32731754,0.15819457,0.045329183
1692,0.10660213,0.059259187,0.07519998,0.05085838,0.031402156,0.008400809
1693,0.032411978,0.08982093,0.03973094,0.025995055,-0.0073189624,0.063825876
1694,0.76492953,0.4227197,0.61459357,0.42328,0.15033597,-0.00056031346
1695,0.49697354,0.22839725,0.26828247,0.18728396,0.22869107,0.041113287
1696,0.045194346,0.12979674,0.049725205,0.03653714,-0.0045308582,0.0932596
1697,0.69277585,0.30188563,0.34419492,0.24583355,0.34858093,0.05605209
1698,0.017095616,0.04309907,0.006904448,0.0065185353,0.010191169,0.036580537
1699,1.5249269,1.0019938,1.2809464,0.9245823,0.24398053,0.07741147
1700,0.7333268,0.48959824,0.55676794,0.3990057,0.17655885,0.09059253
1701,0.0794169,0.1093998,0.07843529,0.04530874,0.000981614,0.064091064
1702,0.109711096,0.03054795,0.09693849,0.06821458,0.012772605,-0.03766663
1703,0.1113631,0.057783064,0.108491205,0.07529082,0.0028718933,-0.017507758
1704,0.6177043,0.30881956,0.41506544,0.27920598,0.20263883,0.029613584
1705,0.028136598,0.029327735,0.015783286,0.010256754,0.012353312,0.019070981
1706,0.6119663,0.33313015,0.4127751,0.26361364,0.19919121,0.06951651
1707,0.004740956,0.21277921,0.01740495,0.014209201,-0.012663994,0.19857001
1708,1.1533276,0.7334183,0.93217945,0.69518983,0.22114813,0.038228452
1709,1.2632738,0.7417962,1.129447,0.74530363,0.13382685,-0.0035074353
1710,0.035575643,-0.009421433,0.037711017,0.03050594,-0.0021353737,-0.039927375
1711,1.4206663,0.6194322,0.966293,0.5882505,0.45437336,0.031181693
1712,0.16331358,0.11711027,0.14842592,0.108957455,0.014887661,0.008152813
1713,0.8964999,0.49615854,0.58413565,0.4119226,0.31236422,0.08423594
1714,0.120538786,0.20210628,0.13115343,0.087330274,-0.010614648,0.11477601
1715,0.712588,0.42175665,0.57030904,0.42103022,0.14227897,0.0007264316
1716,0.03401124,0.01600976,0.0281867,0.020542923,0.0058245417,-0.004533164
1717,0.92255133,0.41230315,0.6112481,0.42548957,0.31130326,-0.013186425
1718,0.10117364,0.042675514,0.06847145,0.04969953,0.032702193,-0.007024016
1719,0.030479342,-0.04797279,0.03292648,0.015735144,-0.0024471395,-0.06370793
1720,0.02565724,-0.022445777,0.02310189,0.020115836,0.0025553498,-0.042561613
1721,-0.00058597134,0.1494658,0.026192192,0.017751258,-0.026778163,0.13171454
1722,0.4311474,0.2516947,0.3460531,0.26215488,0.0850943,-0.010460168
1723,0.7372348,0.33648556,0.5338096,0.34302026,0.20342517,-0.0065346956
1724,-0.031767093,0.1357595,0.013138373,0.0055298656,-0.044905465,0.13022964
1725,1.0934812,0.7361292,0.9593586,0.7576731,0.13412261,-0.02154386
1726,0.065358765,0.001247049,0.04652555,0.027576968,0.018833216,-0.02632992
1727,0.03635098,0.019974582,0.031760868,0.019518659,0.0045901127,0.00045592338
1728,0.094441,0.060394857,0.069282755,0.051083058,0.025158241,0.009311799
1729,0.88728756,0.3577622,0.39920342,0.2867323,0.48808414,0.0710299
1730,0.55346453,0.3194142,0.36867768,0.2640246,0.18478686,0.055389613
1731,0.5157062,0.2985859,0.41919002,0.30439144,0.09651616,-0.005805552
1732,0.84512687,0.27716812,0.45262107,0.33242643,0.3925058,-0.055258304
1733,0.033293948,0.03141775,0.023845484,0.020073207,0.009448463,0.011344543
1734,0.078312285,0.041227575,0.05184889,0.036245592,0.026463397,0.0049819835
1735,1.5411472,0.8624887,0.91505826,0.633338,0.626089,0.22915071
1736,0.055604044,-0.011623768,0.066438906,0.042997863,-0.010834862,-0.05462163
1737,0.80281144,0.46098158,0.6059984,0.43302995,0.19681305,0.027951628
1738,1.1905597,0.60244673,0.8585318,0.5753811,0.33202797,0.027065635
1739,0.04506766,0.05004609,0.03335946,0.01288874,0.0117082,0.03715735
1740,0.040207513,0.079663895,0.03714184,0.031135857,0.0030656718,0.048528038
1741,0.5507798,0.45401174,0.48051935,0.34303993,0.070260465,0.11097181
1742,1.095629,0.5753384,0.89640534,0.6162461,0.19922364,-0.04090768
1743,0.84976846,0.59147215,0.7009876,0.5396493,0.14878088,0.05182284
1744,1.3374277,0.8503249,1.1198453,0.8425832,0.21758246,0.0077417493
1745,0.029223938,0.04157362,0.021668484,0.014882661,0.007555453,0.02669096
1746,0.06489974,0.038138203,0.038169287,0.027781243,0.026730455,0.010356961
1747,0.06633923,0.17144409,0.056741696,0.041145016,0.009597536,0.13029908
1748,0.13183196,0.07514801,0.11804606,0.08553281,0.013785899,-0.010384798
1749,1.2949888,0.7211418,0.9915288,0.71734077,0.30345994,0.0038010478
1750,0.20533116,0.1437843,0.17226404,0.12738582,0.033067122,0.016398475
1751,1.7426378,0.9663448,1.1360892,0.87593925,0.60654855,0.090405524
1752,0.11387757,0.07605283,0.08826764,0.060492504,0.025609933,0.015560325
1753,-0.021529974,0.20535678,0.04415054,0.020106878,-0.06568051,0.1852499
1754,0.6648797,0.3653651,0.533167,0.36849818,0.13171268,-0.0031330884
1755,0.06848389,0.041660774,0.040309258,0.030494904,0.028174631,0.01116587
1756,0.80256027,0.45287263,0.53482664,0.40784407,0.26773363,0.045028567
1757,0.17809309,0.11224571,0.12188403,0.09124972,0.056209058,0.02099599
1758,0.04343784,0.018458141,0.046410926,0.034348853,-0.0029730871,-0.015890712
1759,1.040577,0.33515677,0.4498968,0.27597094,0.59068024,0.059185833
1760,0.03273437,0.16692883,0.066914186,0.04604313,-0.034179814,0.1208857
1761,0.19180347,0.14448027,0.16462731,0.12004973,0.027176157,0.024430543
1762,1.0531297,0.59588456,0.74071753,0.5051275,0.31241214,0.09075707
1763,0.95041883,0.49365348,0.82119006,0.5075816,0.12922877,-0.013928115
1764,0.65207183,0.29125583,0.42490214,0.30613893,0.22716969,-0.014883101
1765,0.7352721,0.45709765,0.53002614,0.39683616,0.20524597,0.060261488
1766,1.4839461,0.8369324,1.1514161,0.77741355,0.33253002,0.059518874
1767,0.33769754,0.2378263,0.29497632,0.20332892,0.042721212,0.03449738
1768,1.0143138,0.69581044,0.9132229,0.6751235,0.10109091,0.020686924
1769,0.48569924,0.3149716,0.34331495,0.25326872,0.14238429,0.061702877
1770,0.013346943,0.03735586,0.0071502337,0.008795854,0.0061967093,0.028560005
1771,1.0542761,0.5525152,0.82691944,0.56929237,0.22735667,-0.016777158
1772,0.034879092,0.057894137,0.024065126,0.021222997,0.010813966,0.03667114
1773,0.04159967,-0.0041740877,0.03348875,0.01588064,0.008110918,-0.020054728
1774,0.04854546,0.1472146,0.040547274,0.03173286,0.007998187,0.11548175
1775,0.46363348,0.3376545,0.4194498,0.29112047,0.04418367,0.04653403
1776,0.023153003,-0.018043684,0.028448427,0.021522516,-0.005295424,-0.0395662
1777,0.028916692,0.12314564,0.025247514,0.018039184,0.003669178,0.10510646
1778,1.0294994,0.5911322,0.763538,0.5469302,0.2659614,0.04420203
1779,-0.0057768626,0.11877709,0.024826294,0.013650392,-0.030603155,0.105126694
1780,0.85662127,0.5809711,0.64600456,0.43506217,0.21061671,0.14590895
1781,0.039228506,-0.021304447,0.033642463,0.022603106,0.005586043,-0.043907553
1782,1.1135092,0.4827283,0.76586497,0.5097976,0.3476442,-0.02706927
1783,0.60174906,0.4071158,0.5243847,0.39451638,0.077364385,0.012599409
1784,0.67168766,0.37058753,0.5542507,0.3685389,0.117436945,0.0020486414
1785,0.13249394,0.08326211,0.09864201,0.062420685,0.033851936,0.020841423
1786,0.10113306,0.079286024,0.09208648,0.064931065,0.009046584,0.014354959
1787,0.08764556,0.04564599,0.07007649,0.049587518,0.017569073,-0.0039415285
1788,0.009323487,0.083128735,0.027949756,0.01345295,-0.018626269,0.06967579
1789,0.114585534,0.031365838,0.10370789,0.078469984,0.0108776465,-0.047104146
1790,0.039294865,0.04025258,0.045362256,0.03742255,-0.0060673915,0.0028300323
1791,0.04918612,0.05833107,0.045262586,0.04013443,0.0039235353,0.018196639
1792,0.096404456,0.07472914,0.07441415,0.06228655,0.021990307,0.012442589
1793,0.031469595,0.03729312,0.01759538,0.008519666,0.013874214,0.028773455
1794,0.14915422,0.11451595,0.15347973,0.13449183,-0.004325509,-0.019975878
1795,0.046797596,0.0134579865,0.064731516,0.031017717,-0.01793392,-0.01755973
1796,0.18572539,0.0546276,0.15036611,0.09192769,0.03535928,-0.03730009
1797,0.09586481,0.05728245,0.049221326,0.034651853,0.046643484,0.022630598
1798,0.32725284,0.20417032,0.29224616,0.22223167,0.035006672,-0.018061355
1799,0.021713367,0.029173076,0.012980906,0.013836123,0.00873246,0.015336953
1800,0.6798991,0.5671671,0.47823223,0.39712176,0.20166686,0.17004535
1801,0.036065895,0.100834824,0.059084963,0.03448463,-0.023019068,0.06635019
1802,0.63079286,0.43501523,0.5072085,0.3707624,0.12358433,0.06425282
1803,0.97646004,0.43233407,0.5778309,0.35121942,0.39862913,0.08111465
1804,0.2316968,0.11929404,0.16476008,0.12910725,0.06693672,-0.009813212
1805,0.664378,0.41911003,0.48998728,0.34072715,0.1743907,0.07838288
1806,0.055339877,0.08504176,0.063197,0.047428124,-0.007857125,0.037613638
1807,1.324024,0.67471236,0.7555742,0.5542645,0.56844974,0.120447874
1808,-0.028823644,0.11942884,0.012327159,0.005933866,-0.0411508,0.11349498
1809,0.74776757,0.34176314,0.5601189,0.34483856,0.18764865,-0.0030754209
1810,0.7626463,0.3832555,0.51575136,0.36695257,0.24689496,0.016302943
1811,-0.002915331,0.13817178,0.010858963,0.005486035,-0.013774294,0.13268574
1812,0.14529122,0.11668664,0.12654348,0.09439855,0.018747747,0.022288091
1813,0.90407085,0.49123597,0.6594393,0.46126276,0.24463153,0.029973209
1814,0.6584043,0.36998466,0.4328869,0.28966814,0.22551739,0.080316514
1815,0.18811177,0.14466922,0.14929643,0.115504704,0.038815334,0.029164515
1816,0.1419935,0.059872486,0.14731571,0.0870835,-0.005322218,-0.027211018
1817,1.0661317,0.54506737,0.68359095,0.46168786,0.38254076,0.08337951
1818,0.044379134,0.05242713,0.039575875,0.035115466,0.004803259,0.017311666
1819,0.043194573,0.13650501,0.032588452,0.027268276,0.010606121,0.10923673
1820,0.119632944,0.07578038,0.08883656,0.0637779,0.030796386,0.012002476
1821,0.0020385643,0.20660706,0.03483957,0.028107831,-0.032801006,0.17849922
1822,0.9251363,0.4525816,0.5914131,0.43479475,0.33372325,0.01778686
1823,0.015624968,0.06620978,0.013519849,0.0129114855,0.0021051196,0.053298295
1824,0.101079345,0.14551216,0.11121029,0.07217796,-0.010130942,0.0733342
1825,0.9329011,0.4470037,0.5358176,0.3894118,0.39708346,0.057591885
1826,0.06036453,0.009819274,0.073165916,0.046679668,-0.012801386,-0.036860395
1827,0.62884045,0.31909508,0.42492193,0.2948401,0.20391852,0.024254978
1828,0.37595025,0.2196525,0.32471526,0.2109584,0.05123499,0.008694097
1829,0.02448055,0.009794598,0.042346988,0.030985087,-0.017866438,-0.021190489
1830,0.07229524,0.04994436,0.047412656,0.031908855,0.024882585,0.018035505
1831,0.014821734,0.1376313,0.020932814,0.01093633,-0.00611108,0.12669496
1832,0.039905977,0.02661224,0.022997355,0.02067055,0.016908621,0.005941691
1833,1.1492913,0.6154782,0.8562667,0.6056857,0.2930246,0.009792507
1834,0.14603674,0.09548629,0.14260745,0.11183216,0.0034292936,-0.016345866
1835,0.26395357,0.10463336,0.23945883,0.15482154,0.024494737,-0.050188184
1836,0.75423634,0.44381922,0.59407157,0.41584715,0.16016477,0.027972072
1837,0.07607994,-0.003131691,0.061422,0.039852433,0.014657941,-0.042984124
1838,0.04673258,0.044371918,0.040170465,0.029300407,0.0065621138,0.015071511
1839,0.12124626,0.032661065,0.1320444,0.084357925,-0.010798141,-0.05169686
1840,-0.013889912,0.10759496,0.021024538,0.012389832,-0.03491445,0.09520513
1841,0.015959367,-0.0117491465,0.024601925,0.018724827,-0.008642558,-0.030473974
1842,0.065024994,0.13353285,0.053431332,0.040881783,0.011593662,0.09265107
1843,-0.014010055,-0.016522525,0.015663255,0.011345491,-0.02967331,-0.027868016
1844,0.11868845,0.12241916,0.09471585,0.063993625,0.0239726,0.05842554
1845,0.07315028,0.022076704,0.04705784,0.02735505,0.026092436,-0.005278347
1846,0.1151933,0.017902149,0.09117138,0.060079567,0.024021924,-0.042177416
1847,0.02568659,-0.029967928,0.033216797,0.015154014,-0.007530207,-0.04512194
1848,0.05063049,-0.018235216,0.0391985,0.028645998,0.011431992,-0.046881214
1849,0.11092578,0.093296036,0.10695169,0.0728253,0.0039740875,0.020470738
1850,0.1374576,0.072929025,0.10975897,0.0805407,0.027698621,-0.007611677
1851,1.0640948,0.29256663,0.5398725,0.34152842,0.52422225,-0.04896179
1852,0.040121414,0.014199267,0.037325077,0.028279155,0.002796337,-0.014079888
1853,0.0052411924,0.0925272,0.0058320556,0.0068146633,-0.0005908632,0.08571254
1854,1.1517571,0.7204332,0.8494277,0.65559846,0.30232942,0.064834714
1855,0.71589303,0.46762103,0.6374239,0.45845777,0.07846916,0.00916326
1856,0.029044004,-0.026539477,0.027174518,0.010307493,0.0018694866,-0.03684697
1857,0.09399281,0.07432136,0.09722085,0.0762083,-0.003228046,-0.0018869415
1858,0.1772678,0.13295072,0.13063756,0.098981485,0.04663025,0.03396924
1859,0.056367274,0.014287366,0.053421717,0.03899158,0.0029455572,-0.024704216
1860,0.01365729,0.040983163,0.017123004,0.010115843,-0.0034657149,0.03086732
1861,0.036610696,0.080908895,0.033898994,0.028890928,0.0027117021,0.052017964
1862,0.09575282,0.20307091,0.09799582,0.073723406,-0.0022429973,0.1293475
1863,0.055292528,0.046121825,0.044217978,0.036265086,0.01107455,0.009856738
1864,0.676519,0.46847743,0.5568354,0.41743174,0.11968356,0.051045686
1865,-0.04351545,0.12974404,0.009302085,0.0011935777,-0.05281754,0.12855045
1866,1.0681326,0.5813594,0.70064473,0.5112052,0.3674879,0.07015419
1867,0.20290981,0.10514496,0.16398236,0.107336834,0.03892745,-0.0021918714
1868,0.488281,0.29981497,0.4110113,0.29142657,0.0772697,0.0083884
1869,0.016170077,-0.040569622,0.016410973,0.010407681,-0.0002408959,-0.050977305
1870,0.26157585,0.18558854,0.22710547,0.18302849,0.03447038,0.0025600493
1871,0.56776285,0.3313949,0.3952658,0.30488303,0.17249706,0.026511878
1872,0.08182868,0.08688029,0.06387089,0.04071638,0.017957792,0.04616391
1873,0.24606355,0.1780118,0.21996406,0.17048755,0.026099488,0.007524252
1874,0.03445502,-0.015072094,0.02902095,0.0136228055,0.00543407,-0.0286949
1875,0.89062667,0.4858182,0.6712905,0.4719228,0.21933615,0.013895392
1876,1.3503029,0.759972,1.0820425,0.79107386,0.26826048,-0.031101882
1877,0.009963438,-0.017296778,0.020336023,0.015537119,-0.010372585,-0.032833897
1878,0.73088324,0.3653813,0.4822753,0.3584625,0.24860793,0.006918788
1879,0.027838005,0.05800532,0.014939238,0.017587546,0.012898766,0.040417776
1880,0.025689686,0.10481117,0.040336512,0.027702894,-0.014646826,0.07710828
1881,0.60469335,0.3623731,0.40410104,0.28437108,0.20059231,0.078002036
1882,0.028116453,-0.050088063,0.049331848,0.032148175,-0.021215394,-0.08223624
1883,1.0694762,0.29879734,0.44351745,0.21928518,0.6259588,0.079512164
1884,0.56616586,0.41603613,0.50810766,0.38081145,0.058058202,0.035224676
1885,0.537381,0.196873,0.29067162,0.20929363,0.24670938,-0.012420639
1886,0.032628566,0.017097292,0.03149329,0.03297202,0.0011352748,-0.015874727
1887,0.030605324,-0.028322248,0.014747672,0.011249886,0.015857652,-0.039572135
1888,0.76940465,0.39866605,0.49260622,0.37635988,0.27679843,0.022306174
1889,0.08843895,0.05900584,0.06409844,0.05646587,0.02434051,0.00253997
1890,0.008987004,0.043062042,0.009229607,0.008786714,-0.00024260301,0.03427533
1891,0.033835527,-0.012060091,0.010803434,0.0022076014,0.023032092,-0.014267692
1892,0.39881665,0.23090953,0.26401728,0.18689102,0.13479936,0.044018507
1893,0.12102376,0.09088696,0.09803049,0.07299415,0.022993267,0.017892808
1894,0.94738275,0.3776639,0.48378387,0.33803397,0.46359888,0.039629936
1895,0.68194675,0.26207066,0.38432407,0.2714255,0.29762268,-0.00935483
1896,0.71690905,0.3564042,0.41901675,0.2986581,0.2978923,0.057746083
1897,0.19848646,0.21870457,0.1925947,0.124830484,0.005891755,0.09387408
1898,0.88286036,0.16481219,0.410892,0.26695648,0.47196835,-0.102144286
1899,-0.0029460103,0.017118163,0.0043482585,0.0035708142,-0.007294269,0.01354735
1900,0.9525119,0.44536704,0.5044655,0.33444902,0.4480464,0.110918015
1901,0.7328436,0.40538236,0.48439646,0.36922613,0.24844712,0.036156237
1902,0.0594012,-0.011924266,0.055197217,0.040607654,0.0042039827,-0.05253192
1903,0.05016466,0.02069502,0.023273714,0.01423607,0.026890945,0.0064589493
1904,0.07394966,0.0848538,0.059821874,0.04917728,0.0141277835,0.035676517
1905,0.864173,0.54525864,0.7009326,0.50945604,0.16324037,0.035802603
1906,-0.03454848,0.117112264,0.006805437,0.0021746666,-0.04135392,0.114937596
1907,0.47666663,0.31276762,0.41431418,0.309538,0.06235245,0.003229618
1908,0.0050107734,0.20822367,0.020418208,0.013496188,-0.015407435,0.19472748
1909,0.14956376,0.100148,0.122203544,0.08783685,0.027360216,0.012311153
1910,-0.04004494,0.12394628,0.0055102506,0.00044242915,-0.045555193,0.12350385
1911,0.15196192,0.10689003,0.13952586,0.10075035,0.012436062,0.0061396807
1912,0.03560646,0.1452707,0.036074106,0.021325085,-0.00046764687,0.12394562
1913,0.11428822,0.039450113,0.078852214,0.045524754,0.035436004,-0.006074641
1914,0.048590872,0.040683754,0.04204064,0.036046445,0.006550234,0.0046373084
1915,0.18778998,0.059604842,0.15932581,0.09915835,0.028464168,-0.039553504
1916,0.095780686,0.0549989,0.07641031,0.045158606,0.019370377,0.009840295
1917,0.052930504,-0.024676178,0.039194804,0.025497854,0.0137357,-0.05017403
1918,0.6619869,0.44597435,0.529338,0.399427,0.13264889,0.046547353
1919,0.004969708,-0.0036254232,0.015077822,0.00819314,-0.010108113,-0.011818564
1920,0.6730523,0.41567317,0.5328526,0.40748963,0.14019972,0.008183539
1921,0.6463143,0.4040416,0.4589091,0.30951965,0.18740523,0.09452194
1922,0.10009891,0.065288454,0.061854016,0.05172468,0.038244892,0.0135637745
1923,0.10836894,0.06843707,0.093001105,0.06847699,0.015367836,-3.992021e-05
1924,1.0872858,0.5673748,0.70502406,0.48752436,0.3822617,0.079850465
1925,0.05774252,-0.0073019774,0.05455049,0.041930262,0.00319203,-0.04923224
1926,1.0803199,0.6051843,0.74858844,0.5377978,0.33173144,0.06738651
1927,0.04325695,0.018755335,0.038043268,0.020861143,0.0052136816,-0.002105808
1928,0.34573796,0.17586635,0.24420857,0.18021342,0.10152939,-0.004347071
1929,0.108046606,0.16590713,0.09000197,0.064013384,0.018044636,0.101893745
1930,0.5704365,0.30949783,0.45776027,0.32122535,0.1126762,-0.011727512
1931,0.7331373,0.42041594,0.51210284,0.37498122,0.22103447,0.045434713
1932,0.24094892,0.16270334,0.20890419,0.15170676,0.032044724,0.01099658
1933,0.75126743,0.34616113,0.4788424,0.3289566,0.27242503,0.017204523
1934,-0.029134361,0.10930285,0.0089550335,0.0019976932,-0.038089395,0.107305154
1935,0.08170297,-0.0016391003,0.074188665,0.04974575,0.0075143054,-0.05138485
1936,0.6050924,0.31752875,0.3303444,0.26250964,0.274748,0.05501911
1937,0.9291279,0.5463282,0.70598495,0.5341834,0.22314292,0.012144804
1938,0.033192467,0.0054576867,0.037673965,0.023291072,-0.004481498,-0.017833386
1939,0.0037181887,-0.055815157,0.010537906,0.004741089,-0.0068197167,-0.060556244
1940,0.01451414,0.042450555,0.014668822,0.016148413,-0.00015468244,0.026302142
1941,0.62387615,0.33789816,0.3750532,0.26990408,0.24882296,0.06799409
1942,0.17935836,0.2369011,0.14316568,0.11077102,0.036192685,0.12613007
1943,0.5982534,0.22990225,0.33586764,0.24806054,0.2623858,-0.018158287
1944,0.11845102,0.09166219,0.11550777,0.08405686,0.002943255,0.007605329
1945,0.61825293,0.36669078,0.46428928,0.32988897,0.15396366,0.036801815
1946,0.22321165,0.14327331,0.17712949,0.12664296,0.046082154,0.016630352
1947,0.064895466,0.037220035,0.047163762,0.033857696,0.017731704,0.003362339
1948,1.0943942,0.70205355,0.94166553,0.7120085,0.15272868,-0.009954929
1949,0.045480993,0.045877215,0.0520593,0.042464126,-0.0065783076,0.0034130886
1950,0.018660452,0.0464012,0.010762617,0.0055147614,0.007897835,0.04088644
1951,0.8403197,0.46401086,0.60927474,0.43952614,0.23104495,0.024484724
1952,1.0359606,0.7496316,0.926623,0.7353435,0.10933757,0.014288068
1953,0.33345678,0.33183035,0.28730366,0.22270186,0.04615313,0.10912849
1954,0.5401613,0.35082293,0.37212735,0.2927928,0.16803396,0.05803013
1955,0.10563926,0.08977787,0.09052149,0.07082448,0.0151177645,0.01895339
1956,1.1409339,0.67789984,0.86362857,0.62424964,0.2773053,0.0536502
1957,0.868773,0.377104,0.62737685,0.38338056,0.24139613,-0.006276548
1958,0.77242666,0.45053637,0.62620384,0.4311675,0.14622283,0.019368857
1959,-0.04320134,0.12581697,0.006750488,0.0025072661,-0.049951825,0.1233097
1960,0.12679864,0.114643686,0.11661564,0.06448688,0.0101830065,0.050156802
1961,0.16262434,0.21446148,0.1838687,0.118772194,-0.021244362,0.09568928
1962,0.9288893,0.5691186,0.7127048,0.49709955,0.2161845,0.07201907
1963,0.90746784,0.46762842,0.64271075,0.4009451,0.2647571,0.06668332
1964,0.93665355,0.47439027,0.64374,0.44997495,0.29291356,0.024415314
1965,0.05724541,0.059382662,0.04299109,0.03380958,0.01425432,0.025573082
1966,1.0265081,0.5536425,0.71247494,0.49804777,0.31403315,0.055594742
1967,0.1436316,0.122963674,0.15429989,0.1209265,-0.010668278,0.002037175
1968,0.04168796,0.06525086,0.036435794,0.031126106,0.0052521676,0.034124754
1969,0.84578884,0.6120415,0.64065385,0.46444345,0.20513499,0.14759803
1970,0.023897752,0.0009644467,0.04174041,0.03279736,-0.017842658,-0.03183291
1971,0.16850469,0.10691497,0.1294915,0.09074925,0.039013192,0.016165718
1972,1.3140278,0.6944605,0.94235593,0.65744203,0.37167186,0.037018478
1973,0.020262776,0.08901364,0.013107126,0.0081740385,0.0071556503,0.080839604
1974,0.14189139,0.0967167,0.099122375,0.080854975,0.042769015,0.015861727
1975,0.022677084,0.0030479645,0.031051386,0.024674272,-0.008374302,-0.021626309
1976,0.8339008,0.5186431,0.70037127,0.5282442,0.13352954,-0.009601116
1977,1.0892365,0.69170034,0.872921,0.59001875,0.21631551,0.10168159
1978,0.093452506,0.05942423,0.08102061,0.061073124,0.012431897,-0.0016488954
1979,0.792447,0.46093032,0.57876825,0.4141139,0.21367872,0.04681641
1980,0.06329303,0.06423231,0.05031546,0.03726586,0.012977574,0.026966453
1981,0.3830802,0.256026,0.34798437,0.25345302,0.03509584,0.0025729835
1982,1.154143,0.47759232,0.65519935,0.5111063,0.49894363,-0.033513993
1983,1.0562896,0.47386664,0.6490996,0.41782698,0.40718997,0.05603966
1984,0.114038065,0.059972502,0.09126239,0.060527306,0.022775672,-0.00055480376
1985,0.6134081,0.3851722,0.45849895,0.33013603,0.15490913,0.055036157
1986,0.088953294,0.16567196,0.08816716,0.054549158,0.0007861331,0.1111228
1987,0.2832575,0.17975165,0.24390283,0.17537841,0.039354682,0.0043732375
1988,1.045055,0.5393106,0.80734026,0.56382096,0.23771477,-0.024510384
1989,0.11394305,0.061867647,0.08841021,0.07028888,0.025532834,-0.008421235
1990,0.52111876,0.30536067,0.38386527,0.26546523,0.1372535,0.039895445
1991,0.51313186,0.20416945,0.30455613,0.2037042,0.20857573,0.00046525896
1992,0.7373252,0.31889147,0.40402418,0.28550574,0.333301,0.033385724
1993,-0.031434525,0.11993121,0.009345659,0.0028870588,-0.040780183,0.11704416
1994,0.27177858,0.1607253,0.16540554,0.12699251,0.10637304,0.033732787
1995,0.019525956,0.12150334,0.019501086,0.015942883,2.4870038e-05,0.10556045
1996,0.73485184,0.4761664,0.6118876,0.44526497,0.12296426,0.030901432
1997,0.16632466,0.08593611,0.12818965,0.082617484,0.038135007,0.0033186227
1998,0.09375067,0.080937795,0.081538334,0.06537137,0.012212336,0.015566424
1999,0.04047309,-0.026036792,0.032462332,0.020835858,0.008010756,-0.04687265
2000,1.3706006,0.8311405,1.089114,0.80325365,0.28148663,0.027886868
2001,1.0537952,0.6810016,0.8041519,0.62776244,0.24964333,0.053239167
2002,0.061084304,0.05301387,0.051464964,0.0399077,0.00961934,0.013106167
2003,0.07177001,0.045163035,0.048519082,0.036983486,0.02325093,0.008179549
2004,0.8106467,0.46365803,0.63630515,0.4364523,0.17434156,0.027205735
2005,0.086922236,0.05646829,0.076861575,0.05936349,0.010060661,-0.0028952025
2006,-0.011482928,0.008546958,0.01037358,0.009357136,-0.02185651,-0.000810178
2007,0.04299588,0.00015101738,0.040515866,0.028455848,0.0024800152,-0.02830483
2008,1.2958523,0.78756744,0.83068526,0.62020344,0.46516705,0.167364
2009,0.0029193303,0.013611436,0.013997684,0.014469164,-0.011078354,-0.00085772853
2010,0.18397114,0.116269596,0.18091197,0.11541452,0.0030591637,0.00085507333
2011,0.0042888927,0.12444087,0.014174608,0.011058106,-0.009885715,0.113382764
2012,0.24598505,0.18342763,0.22172964,0.16761689,0.02425541,0.015810743
2013,0.014177924,0.018479507,0.011041604,0.0026950925,0.00313632,0.015784414
2014,0.7219794,0.35366675,0.5048057,0.3411824,0.2171737,0.012484342
2015,0.065587685,-0.0013092669,0.053989887,0.030585881,0.011597797,-0.03189515
2016,0.09912187,0.042060815,0.06405659,0.0447792,0.03506528,-0.0027183853
2017,0.9953752,0.64351064,0.88530505,0.60527307,0.11007017,0.03823757
2018,0.14163621,0.042777058,0.13404188,0.09316536,0.007594332,-0.050388303
2019,0.80195373,0.53903806,0.66444266,0.4966835,0.13751107,0.042354554
2020,0.28098974,0.1708963,0.2549893,0.18954125,0.02600044,-0.018644944
2021,0.061846055,0.0016276337,0.053485673,0.032420073,0.008360382,-0.03079244
2022,0.044214394,-0.013910249,0.037696037,0.03031388,0.0065183565,-0.044224128
2023,-0.0077649774,0.03686257,0.0068091154,0.0051911967,-0.014574093,0.031671375
2024,0.03377207,0.036250904,0.027150637,0.025479328,0.0066214334,0.010771576
2025,0.9552707,0.5711861,0.6809761,0.51846886,0.2742946,0.05271727
2026,-0.025790446,0.11845577,0.017505208,0.011165319,-0.04329565,0.10729045
2027,0.32934904,0.22484274,0.30482766,0.22658451,0.02452138,-0.0017417669
2028,0.7800263,0.52622354,0.68120474,0.5045937,0.09882158,0.02162987
2029,0.12965229,0.03049595,0.12597945,0.08118381,0.0036728382,-0.050687864
2030,0.34408098,0.20032759,0.30347738,0.2192527,0.040603608,-0.018925115
2031,0.06869815,0.068639055,0.054296203,0.03695881,0.01440195,0.031680245
2032,0.19800928,0.088294044,0.1289881,0.09165255,0.06902118,-0.0033585057
2033,0.013254246,0.036516733,0.008908038,0.009793535,0.0043462077,0.026723199
2034,0.804132,0.41362792,0.5655912,0.37502766,0.23854077,0.038600266
2035,1.0560012,0.42697528,0.7352871,0.49315578,0.32071412,-0.0661805
2036,0.072004646,0.07717455,0.062074017,0.047744896,0.009930629,0.029429656
2037,0.17359935,0.18665653,0.13567774,0.10465813,0.037921607,0.08199841
2038,1.5493783,1.0200217,1.2958379,0.96898234,0.2535404,0.051039338
2039,0.74639314,0.38276708,0.55315465,0.41616797,0.1932385,-0.033400893
2040,0.20875037,0.15947673,0.15264766,0.11374153,0.056102708,0.045735195
2041,-0.01290063,0.13340838,0.024154149,0.015998015,-0.037054777,0.11741037
2042,0.07332851,0.048283577,0.0618379,0.04596619,0.0114906095,0.0023173876
2043,0.040741112,0.054053605,0.024350967,0.019173946,0.016390145,0.03487966
2044,0.012084842,-0.008802821,0.008309139,0.0067123375,0.0037757028,-0.015515158
2045,0.04334945,0.12512772,0.057625752,0.04098739,-0.014276303,0.08414033
2046,-0.00811271,0.18046479,0.020991448,0.020087073,-0.029104158,0.16037771
2047,0.67987806,0.31977114,0.36247292,0.27233663,0.31740513,0.04743451
2048,0.6046684,0.24255835,0.3254821,0.23249236,0.27918628,0.010065988
2049,1.4814762,0.8257889,1.166078,0.72109574,0.31539822,0.104693174
2050,1.2808955,0.64287645,0.9980915,0.5984596,0.28280395,0.044416845
2051,1.0644255,0.5312753,0.5735064,0.4544519,0.49091905,0.07682338
2052,0.06444937,-0.005447496,0.07849641,0.04992373,-0.014047042,-0.055371225
2053,0.04896343,0.04878563,0.036783792,0.024291094,0.012179639,0.024494536
2054,0.045150608,0.05911884,0.03231117,0.020110106,0.0128394365,0.039008737
2055,0.010732789,0.039259072,0.009628433,0.0049418183,0.0011043558,0.034317255
2056,0.50059694,0.34755173,0.35085696,0.23816195,0.14973998,0.10938978
2057,0.010104464,-0.0553571,0.014976725,0.0077623753,-0.0048722606,-0.06311947
2058,0.053034928,0.0607882,0.044937838,0.028198922,0.00809709,0.03258928
2059,0.14381316,0.09304461,0.121325254,0.08824496,0.022487909,0.004799649
2060,0.06654337,0.13674738,0.05244272,0.04367027,0.014100652,0.09307711
2061,0.11941304,0.07695699,0.09619057,0.07540797,0.023222469,0.0015490204
2062,0.08616559,0.007824698,0.073734276,0.051843118,0.012431316,-0.044018418
2063,0.45661774,0.29350638,0.3803771,0.28701267,0.07624063,0.0064937174
2064,0.077490725,0.04058916,0.05033896,0.04019848,0.027151763,0.00039068237
2065,0.151949,0.11990024,0.13237019,0.10388519,0.019578815,0.016015053
2066,0.3764572,0.2288029,0.34261817,0.22707415,0.033839047,0.0017287582
2067,0.1588003,0.12653647,0.13091478,0.09942653,0.027885526,0.027109943
2068,0.017974744,0.016306374,0.018147234,0.011408418,-0.00017249025,0.004897956
2069,0.0067068283,0.056129575,0.015766328,0.006472974,-0.0090595,0.0496566
2070,0.8161125,0.42494082,0.45492786,0.34407395,0.36118466,0.08086687
2071,0.57467425,0.3609901,0.44200355,0.30105215,0.1326707,0.059937954
2072,0.063466765,-0.0041858074,0.06021099,0.031196069,0.0032557733,-0.035381876
2073,0.010578477,0.069469124,0.0058998344,0.005196698,0.0046786424,0.064272426
2074,0.06908864,0.05668409,0.05428953,0.045090288,0.014799107,0.011593804
2075,0.36355227,0.17232046,0.30396408,0.20610932,0.059588194,-0.03378886
2076,-0.014224814,0.13575414,0.025268475,0.015269401,-0.03949329,0.12048474
2077,0.58121,0.26549402,0.29322636,0.21527013,0.28798366,0.050223887
2078,1.7247349,0.9666246,1.5556316,1.0517826,0.16910326,-0.08515799
2079,0.102209926,0.092445344,0.09885081,0.06123675,0.0033591166,0.031208593
2080,0.7980658,0.60642445,0.67233497,0.4954381,0.12573081,0.11098635
2081,1.2059096,0.8106484,1.005406,0.72511977,0.20050359,0.08552861
2082,0.004786449,-0.030667769,0.020207305,0.015952101,-0.015420856,-0.04661987
2083,0.11407364,0.18775545,0.10651275,0.084132165,0.007560894,0.103623286
2084,0.110565186,0.10308366,0.09392778,0.077630736,0.016637407,0.025452927
2085,0.81598896,0.66269547,0.48825955,0.4263845,0.3277294,0.23631096
2086,0.7699419,0.36959547,0.4502499,0.30682755,0.31969202,0.06276792
2087,0.8894025,0.4763717,0.627325,0.47140726,0.2620775,0.004964441
2088,1.2564703,0.689197,0.87068844,0.5893698,0.38578188,0.09982723
2089,1.0135096,0.53184295,0.7702412,0.516321,0.24326843,0.015521944
2090,0.49277505,0.2661304,0.37080783,0.27235574,0.121967226,-0.0062253475
2091,1.045313,0.49979216,0.74764687,0.4400773,0.29766613,0.059714854
2092,0.7957416,0.3906922,0.5578496,0.4169278,0.23789203,-0.02623561
2093,0.028956437,-0.04875261,0.026190389,0.017499646,0.0027660485,-0.066252254
2094,0.08746284,0.1113087,0.07619522,0.054189343,0.011267625,0.05711936
2095,0.14838599,0.07386604,0.12842745,0.085983135,0.01995854,-0.012117095
2096,0.016386552,0.013805736,0.010357662,0.00834289,0.0060288897,0.005462846
2097,1.067011,0.51310295,0.8274355,0.5131868,0.2395755,-8.3863735e-05
2098,0.055800933,0.1682106,0.055939533,0.038356625,-0.00013859943,0.12985396
2099,0.034886304,-0.033549402,0.022726672,0.015699197,0.0121596325,-0.0492486
2100,1.1333089,0.5821277,0.75311935,0.48051214,0.38018954,0.10161555
2101,0.09053125,0.054923225,0.06407611,0.050029982,0.026455142,0.0048932433
2102,0.02684577,0.061700214,0.03656856,0.017937845,-0.00972279,0.04376237
2103,0.14278191,0.083825536,0.114682734,0.08774498,0.02809918,-0.003919445
2104,0.114113934,0.07516642,0.0923751,0.05444219,0.021738835,0.02072423
2105,0.64376926,0.24965286,0.3498622,0.25110307,0.29390708,-0.0014502108
2106,1.0325491,0.8229331,0.8642713,0.6886234,0.16827786,0.13430965
2107,0.012298083,0.060081363,0.008112945,0.009654045,0.0041851383,0.050427318
2108,-0.004929875,0.14098404,0.034011405,0.015703993,-0.03894128,0.12528005
2109,0.055191312,0.06297911,0.042673934,0.027434211,0.012517378,0.0355449
2110,0.66945297,0.36628592,0.5006995,0.34755954,0.16875345,0.018726379
2111,-0.0006348226,-0.01831478,0.0132888155,0.012134846,-0.0139236385,-0.030449627
2112,0.7401997,0.34349227,0.46508366,0.2981289,0.27511603,0.045363367
2113,1.0973948,0.59246176,0.7143631,0.5130182,0.38303173,0.079443574
2114,0.9525718,0.4685833,0.82185537,0.52623063,0.13071644,-0.057647347
2115,1.0800525,0.5903537,0.72846717,0.49096236,0.35158533,0.09939137
2116,0.15706472,0.08291669,0.12961304,0.09673501,0.02745168,-0.013818316
2117,0.088477425,0.062246937,0.059393547,0.044436388,0.029083878,0.01781055
2118,0.034503646,0.04664727,0.030580541,0.024413284,0.003923105,0.022233985
2119,0.8588682,0.3749118,0.6299921,0.4155968,0.22887605,-0.040685028
2120,1.3150474,0.7481348,0.9014303,0.6872741,0.41361707,0.060860693
2121,0.0462677,0.07891444,0.03926339,0.037230037,0.0070043094,0.041684404
2122,0.036829498,-0.0007207173,0.027503317,0.018769413,0.00932618,-0.01949013
2123,0.17468609,0.114280954,0.14069153,0.092036955,0.033994555,0.022243999
2124,0.005903932,-0.039580997,0.0107130725,0.008804802,-0.0048091407,-0.0483858
2125,0.07021492,0.05502231,0.048851833,0.042501017,0.021363087,0.012521293
2126,0.021197947,0.03557887,0.024506014,0.018731775,-0.003308067,0.016847095
2127,0.058051426,0.12429427,0.042774834,0.030064529,0.015276592,0.09422974
2128,0.05740374,0.044024643,0.033992894,0.025942784,0.023410846,0.018081859
2129,0.7062092,0.27405486,0.40618563,0.26756296,0.30002356,0.0064918995
2130,0.11198974,0.0691284,0.061363507,0.047477014,0.05062623,0.021651387
2131,0.7757217,0.5263508,0.7112869,0.5260431,0.06443483,0.00030767918
2132,0.094139986,0.06419975,0.07851447,0.05922409,0.015625514,0.0049756616
2133,0.8912588,0.53824955,0.68636435,0.50001156,0.20489442,0.03823799
2134,0.0823165,0.036660668,0.07521885,0.057640683,0.007097654,-0.020980015
2135,-0.011976868,0.10682763,0.013414195,0.0052388757,-0.025391063,0.101588756
2136,0.9947312,0.5992965,0.87761325,0.6160207,0.11711794,-0.01672417
2137,0.065074146,0.054347165,0.047108524,0.03915469,0.017965622,0.015192475
2138,0.20088856,0.25424412,0.21566963,0.15503085,-0.014781073,0.09921327
2139,0.99782926,0.60322875,0.8696412,0.6321062,0.12818807,-0.028877437
2140,0.07444496,0.007288547,0.07487319,0.046940275,-0.00042822957,-0.03965173
2141,0.71549755,0.6391021,0.6666772,0.46785808,0.048820376,0.17124403
2142,0.023035973,0.26754498,0.0501558,0.026328888,-0.027119827,0.2412161
2143,0.015016816,-0.032029707,0.016387474,0.01709126,-0.0013706582,-0.049120966
2144,0.8612974,0.5966534,0.7792779,0.48809546,0.08201951,0.10855794
2145,1.0252076,0.60598105,0.77536523,0.5585721,0.2498424,0.04740894
2146,1.7645615,0.8604577,0.9434001,0.6984809,0.82116145,0.16197681
2147,0.0661927,-0.015111416,0.08549846,0.057811957,-0.019305758,-0.07292337
2148,0.16019495,0.06389308,0.14953746,0.097630255,0.010657489,-0.033737175
2149,1.1561686,0.7684371,1.0317754,0.7085365,0.124393225,0.05990058
2150,0.024778118,0.06388208,0.03914031,0.02038739,-0.014362192,0.043494694
2151,0.022270937,0.19313219,0.047959514,0.03858887,-0.025688577,0.15454333
2152,0.0007435862,0.21618538,0.03336945,0.02261917,-0.032625865,0.1935662
2153,0.06745002,0.011980637,0.05511368,0.040009495,0.012336336,-0.028028857
2154,0.5298074,0.30467695,0.41030273,0.29906505,0.11950466,0.0056118965
2155,0.010342441,-0.014987805,0.026812037,0.015425223,-0.016469598,-0.030413028
2156,0.711418,0.4230018,0.48378095,0.35278356,0.22763702,0.070218235
2157,0.027661908,-0.0018045116,0.019357512,0.017094884,0.008304397,-0.018899396
2158,0.059377912,0.056392327,0.039132155,0.027072284,0.020245757,0.029320043
2159,0.07565963,0.058012616,0.048253097,0.037272975,0.027406536,0.020739641
2160,0.5046721,0.27751926,0.3265559,0.2465049,0.1781162,0.031014353
2161,0.05504315,0.06018163,0.04490752,0.03186573,0.010135628,0.028315898
2162,0.5723165,0.35063484,0.4053793,0.29725686,0.16693723,0.053377986
2163,0.08763727,0.07489698,0.07853092,0.06628553,0.0091063455,0.008611448
2164,-0.011373464,0.06596849,0.012167649,0.008276217,-0.023541113,0.057692274
2165,0.93454725,0.4788978,0.6816967,0.4723602,0.25285053,0.0065376163
2166,0.07524551,0.14590824,0.062142998,0.04842844,0.013102509,0.0974798
2167,0.12009079,0.10596057,0.09617382,0.06900447,0.023916967,0.0369561
2168,0.27122757,0.17142074,0.22413544,0.1652498,0.047092125,0.0061709434
2169,0.96733,0.5929063,0.7278921,0.56663233,0.23943788,0.026273966
2170,0.108221784,0.039561357,0.08325486,0.05534613,0.024966925,-0.015784774
2171,0.027094653,0.03105897,0.024125975,0.020135816,0.0029686783,0.010923155
2172,0.06359061,0.16544919,0.057018746,0.044291593,0.006571863,0.121157594
2173,0.07427144,0.037852284,0.07381676,0.051771242,0.00045467913,-0.013918959
2174,1.3852851,0.8259731,1.1958503,0.82655394,0.18943489,-0.00058084726
2175,0.7231147,0.5120735,0.6116729,0.44084683,0.11144185,0.071226686
2176,0.9613632,0.5998059,0.6759141,0.48995367,0.2854491,0.109852225
2177,0.6969455,0.49947608,0.49836284,0.37250406,0.19858265,0.12697202
2178,1.1969361,0.6320682,0.70743847,0.5042402,0.48949766,0.127828
2179,1.168597,0.71778536,0.93657506,0.6524786,0.23202193,0.06530678
2180,0.29309058,0.205957,0.2511315,0.16230163,0.041959077,0.043655366
2181,0.024436187,-0.012458361,0.023220157,0.018988442,0.0012160297,-0.031446803
2182,0.11595246,0.083956786,0.08728999,0.0662835,0.028662473,0.017673284
2183,0.05322933,0.052497424,0.033185355,0.027605623,0.020043973,0.024891801
2184,0.25377184,0.15488346,0.19567698,0.13741438,0.05809486,0.017469078
2185,1.0441585,0.67064977,0.82094336,0.607142,0.2232151,0.063507795
2186,0.03242024,0.1489733,0.027713642,0.023959626,0.004706599,0.12501368
2187,1.1367867,0.6693163,0.84063864,0.5678279,0.29614806,0.10148841
2188,1.0390228,0.68753743,0.80805206,0.57427275,0.23097074,0.11326468
2189,1.1575673,0.55063623,0.6670019,0.48837942,0.49056536,0.062256813
2190,0.012729278,0.0741035,0.018975247,0.015589309,-0.006245969,0.05851419
2191,0.051788025,0.025631392,0.048338607,0.035045486,0.0034494177,-0.009414094
2192,0.032029975,-0.020337662,0.037176665,0.02346968,-0.0051466897,-0.043807343
2193,1.1390581,0.59586686,0.7277084,0.5506895,0.4113497,0.04517734
2194,0.10973495,0.09051515,0.087855875,0.058115065,0.021879077,0.032400087
2195,0.056931242,0.03290658,0.05618291,0.04637999,0.0007483326,-0.01347341
2196,-0.035696924,0.10165257,0.0038224333,-0.0017614774,-0.03951936,0.103414044
2197,1.0414562,0.628012,0.74174577,0.5592066,0.29971045,0.0688054
2198,0.03741266,0.04367052,0.033628684,0.028865417,0.0037839748,0.014805103
2199,0.0108131375,0.07352195,0.012392918,0.007467688,-0.0015797801,0.06605426
2200,0.039259553,0.099034645,0.045518268,0.03173573,-0.006258715,0.06729892
2201,0.6405515,0.32864746,0.49763736,0.34522763,0.14291415,-0.016580164
2202,0.81579393,0.40803188,0.53652686,0.36550876,0.27926707,0.042523116
2203,0.0340765,0.077317476,0.029376969,0.018106734,0.004699532,0.05921074
2204,0.81062347,0.444597,0.71132064,0.43763512,0.09930283,0.006961882
2205,0.07979362,0.0435308,0.06707562,0.05881696,0.0127179995,-0.015286159
2206,0.13062967,0.063265845,0.12561195,0.090171,0.0050177276,-0.026905157
2207,0.095495336,0.11260271,0.07090298,0.046543382,0.024592355,0.06605933
2208,1.0849108,0.5860214,0.8105577,0.52312815,0.27435303,0.06289327
2209,0.016420292,0.03867404,0.0069432585,0.00851523,0.009477033,0.03015881
2210,1.1908509,0.75072086,0.7617392,0.53112495,0.42911166,0.21959591
2211,-0.0085550295,0.22532895,0.0646155,0.032450844,-0.073170535,0.19287811
2212,0.37553182,0.20360066,0.31031552,0.2091237,0.0652163,-0.005523041
2213,0.08035499,0.04936166,0.053685546,0.03756752,0.026669443,0.011794142
2214,0.047620915,0.02219661,0.06303249,0.046267353,-0.015411578,-0.024070743
2215,0.8961473,0.4422827,0.5900287,0.3900647,0.3061186,0.05221802
2216,0.024854455,0.06185493,0.020413067,0.020485003,0.004441388,0.041369926
2217,0.18229383,0.1535229,0.16959813,0.11102066,0.0126957,0.042502232
2218,0.7900627,0.44250923,0.6566641,0.47856355,0.13339865,-0.036054313
2219,0.5029943,0.29956478,0.35872358,0.2701267,0.14427072,0.029438078
2220,0.061166186,0.039713357,0.04231434,0.028458064,0.018851846,0.011255292
2221,1.4850644,0.810413,0.98093414,0.7301296,0.50413024,0.0802834
2222,0.8122243,0.61013925,0.7716592,0.5921952,0.040565133,0.017944038
2223,-0.025505671,0.119557634,0.021745078,0.011567084,-0.047250748,0.10799055
2224,0.94743115,0.2781416,0.36100727,0.27716282,0.5864239,0.0009787679
2225,0.095408194,0.099282995,0.08670385,0.06320914,0.008704342,0.036073856
2226,0.4427531,0.29787588,0.39960435,0.28773913,0.043148756,0.010136753
2227,1.0553771,0.5762819,0.6814035,0.486821,0.3739736,0.08946091
2228,0.13000374,0.097331926,0.11504568,0.077265516,0.014958054,0.02006641
2229,0.071282215,-0.013686564,0.06543654,0.042040236,0.0058456734,-0.0557268
2230,1.251026,0.6484885,1.0684576,0.75051624,0.18256843,-0.102027714
2231,0.07583728,0.18228914,0.068295345,0.042651825,0.007541932,0.13963732
2232,0.13955447,0.116110094,0.11328934,0.08486396,0.02626513,0.031246133
2233,0.31289762,0.28126195,0.27700078,0.21529539,0.035896838,0.06596656
2234,0.028822616,0.14170322,0.03328512,0.023083061,-0.004462503,0.11862016
2235,0.16154347,0.07260659,0.08730666,0.06172195,0.07423681,0.010884643
2236,-0.029599829,0.11494576,0.008791225,0.0028249435,-0.038391054,0.11212082
2237,0.01650933,-0.014283589,0.02008425,0.0020191134,-0.0035749208,-0.016302703
2238,0.024867099,0.027890794,0.01824219,0.018499022,0.006624909,0.009391772
2239,1.0620848,0.5359521,0.69464266,0.50641084,0.36744213,0.029541254
2240,0.064302035,0.051005345,0.041384254,0.032922603,0.022917781,0.018082742
2241,0.026853547,0.095606945,0.04182452,0.029467773,-0.014970973,0.06613918
2242,0.92328554,0.56828755,0.7981412,0.58619773,0.12514436,-0.017910182
2243,1.1910256,0.6604649,0.88682747,0.61560273,0.30419815,0.04486215
2244,0.18705963,0.06128937,0.1572614,0.10238059,0.029798225,-0.04109122
2245,-0.025684733,-0.041245494,0.00015777536,0.0019060051,-0.025842508,-0.043151498
2246,-0.015075572,0.20689975,0.015088787,0.014202824,-0.03016436,0.19269693
2247,0.79256004,0.41396758,0.6500947,0.45092553,0.14246535,-0.03695795
2248,0.0032723593,-0.058559556,0.0070779943,0.003005039,-0.003805635,-0.061564595
2249,0.036414575,0.058743313,0.024916654,0.022249866,0.01149792,0.036493447
2250,0.06617304,0.17808636,0.09320451,0.06427318,-0.027031474,0.11381318
2251,0.10274365,0.06118602,0.08897275,0.05091398,0.013770901,0.010272041
2252,0.9263918,0.4760184,0.7221809,0.5102767,0.20421088,-0.034258276
2253,0.03995006,0.025667792,0.016458873,0.0127324555,0.023491189,0.012935337
2254,0.5276988,0.22759046,0.29669577,0.20471394,0.23100305,0.022876516
2255,-0.0049842857,0.07762138,0.011186804,0.005206324,-0.01617109,0.072415054
2256,0.9813928,0.509899,0.68653214,0.5002021,0.29486066,0.009696901
2257,0.03344725,0.005529126,0.03005847,0.021272551,0.003388781,-0.015743425
2258,-0.022064283,0.15143423,0.017005038,0.013047296,-0.03906932,0.13838693
2259,0.54113334,0.33941182,0.3660062,0.2617788,0.17512715,0.07763302
2260,-0.04451218,0.12842692,0.004708585,-0.00055879494,-0.049220763,0.12898572
2261,0.7845701,0.47144365,0.6530776,0.47499594,0.1314925,-0.0035522878
2262,0.1649187,0.11493851,0.13401164,0.09477212,0.030907065,0.02016639
2263,0.037419964,0.049001843,0.036817215,0.023785038,0.00060274825,0.025216805
2264,-0.027771872,0.12545419,0.013502893,0.005152573,-0.041274764,0.12030161
2265,0.10000512,0.07876866,0.1087962,0.09247254,-0.008791082,-0.013703875
2266,0.025501812,0.07158467,0.018066963,0.018371588,0.0074348487,0.053213082
2267,0.10585154,0.0061616227,0.085248135,0.044060457,0.020603403,-0.037898835
2268,0.05382508,0.05251785,0.04759886,0.039814,0.0062262192,0.012703851
2269,0.21312523,0.17000231,0.18242712,0.13009575,0.030698106,0.03990656
2270,0.18247943,0.17977189,0.1569015,0.11899118,0.025577933,0.060780704
2271,0.4280405,0.2860355,0.37163055,0.27365178,0.056409955,0.012383729
2272,1.0493032,0.57249206,0.80563945,0.5283075,0.24366373,0.044184566
2273,0.044375278,0.1298912,0.037614327,0.029926727,0.006760951,0.09996448
2274,1.3446516,0.91653997,0.998789,0.7544181,0.34586257,0.16212189
2275,0.96317,0.4662709,0.52701473,0.38423604,0.43615526,0.082034856
2276,0.5965544,0.2596779,0.4662072,0.29472008,0.13034719,-0.035042197
2277,0.006640382,-0.0192781,0.01717679,0.010878959,-0.010536408,-0.03015706
2278,2.3193233,1.1153394,1.5912263,0.9086235,0.72809696,0.20671588
2279,1.0167222,0.54406977,0.59755194,0.4428904,0.41917026,0.10117936
2280,1.1008825,0.6989827,0.8968917,0.6231639,0.20399082,0.07581884
2281,0.19850336,0.12872908,0.15559235,0.117252424,0.042911008,0.011476651
2282,-0.00031141908,-0.018967975,3.2439733e-05,0.001893097,-0.00034385882,-0.020861072
2283,1.0183018,0.43600047,0.6249155,0.44962192,0.39338636,-0.0136214495
2284,1.0801699,0.71916914,0.9321505,0.68543214,0.14801943,0.033737004
2285,0.7353965,0.36125,0.5803058,0.37049204,0.15509069,-0.009242028
2286,0.9297654,0.5837916,0.83716995,0.5305817,0.09259546,0.0532099
2287,0.032164462,0.051136542,0.019963017,0.012790203,0.012201445,0.03834634
2288,0.77202743,0.47100902,0.5954787,0.43974906,0.17654872,0.031259954
2289,0.031160591,0.020433605,0.009552311,0.01118551,0.02160828,0.009248095
2290,0.06109484,0.0123001905,0.052139483,0.03100431,0.008955356,-0.01870412
2291,0.014969081,0.22472842,0.034728,0.028424704,-0.019758921,0.19630371
2292,0.10541226,0.0433084,0.07851426,0.05793097,0.026897997,-0.014622569
2293,0.61997163,0.3380118,0.43111116,0.2944707,0.18886048,0.043541104
2294,0.8590162,0.55927837,0.7005373,0.5424973,0.15847886,0.016781092
2295,0.60467243,0.31761992,0.30589727,0.23204574,0.29877517,0.08557418
2296,0.1086006,0.07882855,0.09077543,0.0645947,0.017825171,0.01423385
2297,0.052875414,0.056230932,0.034179978,0.02967914,0.018695436,0.026551792
2298,0.7728895,0.5205416,0.6804869,0.49042955,0.09240258,0.030112058
2299,0.8360079,0.39156875,0.6307087,0.4615295,0.2052992,-0.06996074
2300,0.056218464,0.16034992,0.049201787,0.02717716,0.0070166774,0.13317277
2301,0.031640977,-0.025248352,0.037192475,0.020857003,-0.0055514984,-0.046105355
2302,-0.02877163,-0.00856205,-0.003941061,-0.00091810187,-0.024830569,-0.007643948
2303,0.016039597,0.017689016,0.018670363,0.0071039917,-0.0026307665,0.010585024
2304,0.85249585,0.55142015,0.7718624,0.58940166,0.08063346,-0.03798151
2305,0.9372967,0.34628215,0.65027654,0.381846,0.28702015,-0.035563856
2306,1.5275404,0.83414435,1.2844678,0.82560146,0.24307263,0.008542895
2307,0.80543715,0.42602244,0.45798713,0.369306,0.34745002,0.056716442
2308,0.0119434595,0.01003007,0.016221348,0.013339614,-0.0042778887,-0.0033095432
2309,0.9688414,0.57438326,0.6496326,0.48632342,0.3192088,0.08805984
2310,0.07548279,0.064617686,0.059874844,0.047361635,0.015607949,0.017256051
2311,0.08301696,0.05895682,0.058045994,0.044019975,0.024970967,0.014936846
2312,-0.028811596,0.11136737,0.009425567,0.003770186,-0.038237162,0.10759718
2313,0.035023317,0.09388729,0.018761082,0.015100931,0.016262235,0.07878636
2314,0.95127153,0.67590564,0.83626366,0.58342975,0.11500788,0.09247589
2315,0.14973374,0.10295689,0.10237415,0.0796666,0.047359586,0.023290291
2316,0.045498967,0.059729997,0.033807542,0.027131459,0.011691425,0.03259854
2317,0.75299215,0.5266721,0.59384954,0.45934063,0.15914261,0.06733149
2318,1.6722218,0.6223402,1.0622032,0.5686067,0.6100186,0.053733528
2319,0.1472382,0.10380657,0.13409844,0.107226565,0.0131397545,-0.0034199953
2320,0.10096166,0.06015375,0.08364846,0.06196607,0.017313205,-0.0018123202
2321,0.028019415,0.005700866,0.021719659,0.01784625,0.0062997565,-0.012145385
2322,0.6566521,0.3836547,0.47003525,0.35327715,0.18661684,0.030377567
2323,0.62423056,0.4884058,0.521838,0.40235835,0.102392554,0.08604744
2324,-0.03301749,0.13613734,0.014511814,0.0054874653,-0.047529303,0.13064986
2325,0.057754565,0.010211536,0.06850521,0.045169722,-0.010750648,-0.034958187
2326,1.2415568,0.6320599,0.98564893,0.58523,0.25590783,0.04682988
2327,0.9869049,0.48331434,0.6328065,0.4310847,0.35409844,0.052229643
2328,0.9080837,0.37961826,0.56486166,0.37157422,0.34322202,0.008044034
2329,0.010817771,-0.056547284,0.013516041,0.0065898323,-0.0026982706,-0.063137114
2330,0.7179835,0.37911382,0.6268936,0.41488892,0.091089904,-0.035775095
2331,-0.0043552876,0.18785064,0.04108985,0.031059409,-0.04544514,0.15679123
2332,0.111439794,0.048364986,0.079422556,0.04065795,0.03201724,0.007707037
2333,0.06403173,0.043358333,0.05175965,0.037961103,0.012272079,0.0053972304
2334,0.01089377,-0.0043022363,0.024249176,0.013856316,-0.013355406,-0.018158551
2335,0.04328136,0.14474306,0.04069803,0.029283673,0.0025833324,0.11545938
2336,0.024294615,0.051615607,0.017083231,0.015148523,0.0072113834,0.036467083
2337,0.10773838,0.18815246,0.10168664,0.069714375,0.0060517415,0.11843809
2338,0.13096727,0.07324339,0.07157266,0.056170624,0.059394613,0.017072763
2339,1.2597759,0.6721194,0.8041126,0.58416855,0.45566326,0.087950826
2340,0.12777482,0.117056675,0.108220026,0.086634554,0.019554794,0.030422121
2341,0.17728163,0.116413474,0.18016908,0.12092022,-0.0028874427,-0.0045067444
2342,0.35100695,0.20621443,0.26834422,0.15377244,0.08266273,0.052441984
2343,0.031455107,0.099766314,0.035729796,0.029514411,-0.0042746887,0.070251904
2344,0.046070978,0.25619283,0.058985613,0.04609421,-0.012914635,0.21009862
2345,0.06584725,0.038771115,0.044457134,0.03597838,0.021390114,0.0027927347
2346,0.04318636,0.09431195,0.038258277,0.03179811,0.004928082,0.06251384
2347,0.8219148,0.46264452,0.57949704,0.42130297,0.24241775,0.041341543
2348,0.07330278,0.06489662,0.060309064,0.04851108,0.012993719,0.01638554
2349,0.008329318,0.0058336263,0.028700206,0.017595967,-0.02037089,-0.0117623415
2350,0.90647835,0.5193304,0.75056237,0.5161725,0.15591598,0.003157854
2351,0.65363455,0.29362684,0.39219117,0.2987445,0.26144338,-0.005117655
2352,0.24481677,0.1664048,0.22030556,0.15871224,0.024511203,0.0076925606
2353,0.021308158,-0.02028042,0.029248768,0.02055565,-0.007940611,-0.040836073
2354,0.11434923,0.14564893,0.096770845,0.070009016,0.017578386,0.07563991
2355,0.017410798,-0.0365364,0.021817382,0.009888629,-0.0044065844,-0.04642503
2356,0.91837513,0.4724201,0.7207637,0.47417846,0.19761145,-0.0017583668
2357,0.16080451,0.030768149,0.11276112,0.06531479,0.048043393,-0.034546643
2358,0.9394046,0.6634109,0.81424266,0.61554307,0.12516195,0.047867835
2359,1.342015,0.5754379,0.88923824,0.54189163,0.4527768,0.03354627
2360,0.3518332,0.18770546,0.28457403,0.20275164,0.06725916,-0.015046179
2361,0.006242443,0.0932199,0.036020853,0.021418588,-0.02977841,0.07180131
2362,0.9524748,0.41274557,0.5354302,0.40909633,0.41704458,0.0036492348
2363,0.10514862,0.08679453,0.09175733,0.07570594,0.013391294,0.011088595
2364,0.8618803,0.5119742,0.6376448,0.47906628,0.22423548,0.032907933
2365,0.6923625,0.26792252,0.28859314,0.20962164,0.40376934,0.058300883
2366,0.048406135,0.02299272,0.044366166,0.038443353,0.0040399693,-0.015450632
2367,0.7236456,0.39688754,0.4858877,0.34314758,0.23775792,0.053739965
2368,0.061209586,0.046280477,0.037416354,0.024256641,0.023793232,0.022023836
2369,0.780141,0.44872323,0.5876392,0.4350399,0.19250178,0.013683319
2370,0.79426736,0.5404797,0.6491843,0.46313375,0.14508307,0.07734597
2371,1.0928588,0.7857731,0.95324105,0.72175014,0.13961774,0.06402296
2372,0.16862908,0.1168366,0.14935467,0.11849485,0.019274414,-0.0016582534
2373,0.02204451,-0.058649532,0.03960146,0.024515554,-0.01755695,-0.08316509
2374,0.89482564,0.56379795,0.7745101,0.5710008,0.12031555,-0.0072028637
2375,0.0777049,-0.007956185,0.06845621,0.044093095,0.009248689,-0.05204928
2376,0.0047093392,0.21338531,0.06659013,0.04164285,-0.06188079,0.17174247
2377,0.72476,0.39270422,0.41972,0.29608184,0.30504,0.09662238
2378,0.7432348,0.47294033,0.5761315,0.42621773,0.16710329,0.04672259
2379,0.104812786,0.09013578,0.08601826,0.06458881,0.01879453,0.025546975
2380,0.07589858,0.066028774,0.048351772,0.03636902,0.027546808,0.029659756
2381,0.8501728,0.3013188,0.4517754,0.28131312,0.39839742,0.020005673
2382,0.03024979,0.057522725,0.019802865,0.016626496,0.010446925,0.04089623
2383,0.08715831,0.07352409,0.0754454,0.058607478,0.011712909,0.01491661
2384,0.012657207,0.03915217,0.014569281,0.013980794,-0.0019120732,0.025171377
2385,0.08418874,0.06279947,0.060628437,0.040885188,0.0235603,0.021914281
2386,0.811743,0.42841122,0.6243402,0.4430626,0.18740284,-0.014651388
2387,0.046683364,0.023776527,0.04327341,0.019515345,0.003409952,0.0042611826
2388,0.95114625,0.50207967,0.7100612,0.46585387,0.24108505,0.036225796
2389,1.7968061,0.6013839,0.99762076,0.7756158,0.79918534,-0.17423189
2390,0.038437538,0.024174765,0.034281153,0.032148607,0.0041563846,-0.007973842
2391,0.27606374,0.11001287,0.25614285,0.1762726,0.019920886,-0.066259734
2392,0.054812483,-0.0005603193,0.04736244,0.02352858,0.007450044,-0.024088899
2393,0.59449124,0.28279328,0.36652395,0.2630427,0.22796729,0.019750595
2394,0.8577504,0.48104024,0.64453423,0.49197096,0.21321619,-0.010930717
2395,0.044267014,0.040613845,0.03659259,0.03053766,0.007674422,0.010076186
2396,0.9911215,0.77653044,0.6768837,0.5283651,0.31423777,0.24816537
2397,0.12524965,0.06142186,0.093352646,0.06465472,0.03189701,-0.0032328628
2398,0.098763265,0.019701986,0.07267355,0.052124165,0.026089713,-0.032422177
2399,1.1430635,0.64808625,0.78076226,0.58777934,0.3623013,0.060306907
2400,1.1891013,0.7535542,0.9231787,0.67586863,0.26592267,0.077685595
2401,0.06354756,0.031632874,0.046360947,0.032095008,0.017186612,-0.00046213344
2402,0.7716283,0.47148544,0.5895199,0.40648898,0.1821084,0.06499645
2403,0.7370382,0.39799064,0.5128749,0.38793784,0.2241633,0.0100528
2404,0.837663,0.5228142,0.7202393,0.5229902,0.11742371,-0.00017601252
2405,0.03053462,0.01851632,0.036569994,0.02877191,-0.0060353745,-0.01025559
2406,0.48854968,0.37359837,0.37420687,0.28233105,0.11434281,0.09126732
2407,0.42180565,0.18651842,0.23471108,0.15652934,0.18709457,0.029989079
2408,-0.0044418764,0.013770596,0.011296505,0.0077506774,-0.015738381,0.0060199187
2409,0.049730636,0.14439012,0.060053598,0.04195399,-0.010322962,0.10243613
2410,0.80332226,0.5102388,0.64528656,0.40608945,0.1580357,0.10414937
2411,1.3634351,0.8330276,1.0295346,0.747275,0.33390057,0.08575261
2412,1.0271714,0.5680096,0.80572474,0.56655794,0.22144663,0.0014516711
2413,0.13758488,0.05701688,0.11559452,0.08838914,0.021990359,-0.031372264
2414,0.0801522,0.23984809,0.08461122,0.061038624,-0.0044590235,0.17880946
2415,0.030435486,0.0274832,0.019122437,0.0169008,0.011313049,0.0105824005
2416,-0.014725802,0.13433269,0.019708773,0.013632596,-0.034434576,0.12070009
2417,0.6551388,0.3638602,0.48257723,0.30477867,0.17256156,0.059081525
2418,0.9444332,0.19502862,0.35725513,0.26484737,0.5871781,-0.06981875
2419,0.026110575,-0.019209374,0.015812017,0.00852608,0.010298558,-0.027735453
2420,-0.027358776,0.121119484,0.014279962,0.007739526,-0.04163874,0.113379955
2421,0.04190328,0.08922572,0.033128016,0.024079671,0.008775264,0.065146044
2422,0.001457777,-0.04439493,0.019268556,-0.00017817979,-0.017810779,-0.04421675
2423,1.0873507,0.70573777,0.69634694,0.43168792,0.3910038,0.27404985
2424,0.45271742,0.27130336,0.30188948,0.21159005,0.15082794,0.059713304
2425,1.3858614,0.57381284,0.71170133,0.5204781,0.67416006,0.053334713
2426,0.008986788,-0.008441311,0.0048108473,0.007282302,0.0041759405,-0.015723612
2427,1.3769404,0.5882384,0.82188237,0.56460243,0.555058,0.023635983
2428,0.01598339,-0.030180719,0.031796694,0.0178647,-0.015813304,-0.04804542
2429,0.03743547,0.11009651,0.0487147,0.030501505,-0.011279233,0.079595
2430,-0.004950009,0.121244274,0.031685643,0.017674005,-0.036635652,0.10357027
2431,0.22210054,0.16708094,0.20209786,0.13112812,0.020002678,0.03595282
2432,0.065690644,0.04084922,0.052020192,0.040327273,0.013670452,0.0005219467
2433,0.05938452,-0.0072587,0.04415545,0.026394907,0.015229072,-0.03365361
2434,0.62150633,0.5058971,0.5496434,0.38259977,0.071862936,0.12329733
2435,0.30532315,0.17815225,0.24943812,0.17731908,0.05588503,0.0008331686
2436,0.015456529,0.116084866,0.042190433,0.032348253,-0.026733903,0.08373661
2437,1.106461,0.6088334,0.80595875,0.5797469,0.3005023,0.02908647
2438,0.058756225,0.08355345,0.054778975,0.041059922,0.0039772503,0.042493526
2439,0.92226493,0.50591826,0.6845292,0.5013126,0.23773575,0.004605651
2440,1.4724367,0.7780548,1.1739677,0.7609052,0.29846895,0.017149568
2441,0.015423855,0.040492583,0.03653261,0.031010598,-0.021108756,0.009481985
2442,0.07599698,0.05171706,0.057171248,0.038468312,0.018825732,0.013248749
2443,0.17639728,0.14595689,0.15765549,0.1235147,0.018741786,0.022442192
2444,0.032477062,0.039962072,0.027450789,0.02153574,0.0050262734,0.018426333
2445,0.13262464,0.096239276,0.11612757,0.078672916,0.016497068,0.01756636
2446,0.71672297,0.46499467,0.5961181,0.4583388,0.12060487,0.006655872
2447,0.01175377,-0.01609624,0.0112233525,0.0061855447,0.0005304171,-0.022281785
2448,0.6549765,0.39457932,0.5258758,0.37877962,0.12910068,0.015799701
2449,0.010414403,0.09429173,0.035326708,0.02031302,-0.024912305,0.07397871
2450,0.383213,0.27495134,0.36514345,0.26057276,0.018069565,0.0143785775
2451,0.094845645,0.055241704,0.06637226,0.045325376,0.028473385,0.009916328
2452,1.1213642,0.6359015,0.9104789,0.64423597,0.21088535,-0.008334458
2453,0.11130106,0.13877116,0.11485349,0.07829603,-0.0035524294,0.060475133
2454,0.3187632,0.18169503,0.22663894,0.1696705,0.09212425,0.012024522
2455,0.09252804,0.026165435,0.0804663,0.048252154,0.0120617375,-0.022086719
2456,0.9168884,0.5566831,0.7940169,0.51432973,0.12287152,0.04235339
2457,-0.009424959,-0.05855734,0.004167496,0.0043700137,-0.013592456,-0.06292735
2458,-0.0063154628,0.19386263,0.045244742,0.023747649,-0.051560204,0.17011498
2459,1.3213711,0.7115246,0.77817816,0.4787508,0.5431929,0.23277381
2460,0.1313177,0.07988299,0.086893536,0.062087905,0.04442417,0.017795082
2461,0.027308544,0.0017509286,0.025313523,0.022869634,0.0019950215,-0.021118704
2462,0.004151915,0.1435001,0.041028917,0.017673152,-0.036877003,0.12582695
2463,0.12609796,0.06178838,0.08415859,0.05733918,0.04193937,0.0044492
2464,0.90570474,0.5637181,0.7465197,0.5195572,0.15918505,0.044160903
2465,0.8528341,0.34372455,0.34719136,0.2656959,0.5056428,0.07802865
2466,0.8111786,0.48754966,0.6005426,0.44255987,0.21063602,0.044989794
2467,0.05817183,0.008114497,0.0360668,0.021994393,0.02210503,-0.013879896
2468,0.8221697,0.58934593,0.72393465,0.527239,0.09823507,0.062106907
2469,0.010466173,0.03991578,0.013620558,0.0090375915,-0.003154385,0.03087819
2470,0.05601344,0.04228134,0.0535172,0.04055849,0.0024962388,0.0017228499
2471,-0.010583451,0.05014963,0.0053988844,0.004417546,-0.015982335,0.045732085
2472,0.6876321,0.40537602,0.49236766,0.35146898,0.19526443,0.053907037
2473,0.032897674,0.028520335,0.024878582,0.015299708,0.008019092,0.013220627
2474,0.5293555,0.3012589,0.39093402,0.28458276,0.1384215,0.016676128
2475,0.50942194,0.2779996,0.35448486,0.25908658,0.15493709,0.01891303
2476,0.16227888,0.24754325,0.1499272,0.099005744,0.012351677,0.1485375
2477,-0.0215813,0.11943722,0.015111687,0.0059057055,-0.036692984,0.113531515
2478,0.10920459,0.041730136,0.083659574,0.0552167,0.025545016,-0.013486564
2479,0.12136197,0.12256582,0.12501755,0.079210505,-0.0036555827,0.043355316
2480,0.23210469,0.16794641,0.20764008,0.14577913,0.024464607,0.02216728
2481,0.42405608,0.23491526,0.30757084,0.20726135,0.11648524,0.027653903
2482,0.01582907,0.029718064,0.022526631,0.016676143,-0.0066975616,0.013041921
2483,0.122314,0.052647997,0.09090994,0.050598513,0.031404056,0.0020494834
2484,0.1084951,0.04209705,0.09042975,0.055798072,0.018065348,-0.013701022
2485,0.08564257,0.06498693,0.06324746,0.049315188,0.022395112,0.015671741
2486,0.008794085,-0.0038390136,0.0038985454,0.007179377,0.00489554,-0.011018391
2487,0.15719782,0.09086479,0.124948464,0.09337002,0.032249354,-0.002505228
2488,0.2001176,0.09277203,0.18078873,0.12373171,0.019328877,-0.03095968
2489,0.049717832,0.053287093,0.040966146,0.027736872,0.008751687,0.02555022
2490,0.3898812,0.23561342,0.30596745,0.22762427,0.08391374,0.007989153
2491,0.01662271,0.015743513,0.034870993,0.02819581,-0.018248284,-0.012452297
2492,0.13495855,0.0736644,0.08746098,0.067629896,0.04749757,0.006034501
2493,1.1214858,0.62344897,0.83747613,0.5899298,0.2840097,0.03351915
2494,0.96921736,0.46324414,0.6523663,0.44653463,0.31685108,0.016709507
2495,0.14897756,0.0052974937,0.118230835,0.069634765,0.030746728,-0.06433727
2496,0.15373676,0.10862469,0.12254695,0.08962203,0.031189807,0.019002661
2497,0.89709574,0.49931386,0.71169966,0.49371487,0.18539608,0.005598992
2498,0.5642325,0.33146688,0.40052137,0.2750611,0.16371116,0.056405783
2499,0.018514471,0.052602123,0.014082817,0.0145340515,0.004431654,0.03806807
2500,0.01132364,-0.03729381,0.015522093,0.0046473057,-0.0041984525,-0.041941117
2501,-0.011682617,0.01606378,0.012215708,0.014934656,-0.023898326,0.0011291234
2502,0.91872746,0.5770912,0.6750132,0.5095105,0.24371427,0.0675807
2503,0.018701026,0.111330785,0.033702917,0.019960972,-0.015001891,0.091369815
2504,0.021469751,0.1264662,0.043023042,0.029783323,-0.021553291,0.09668288
2505,0.8476992,0.4231432,0.62451327,0.43981344,0.22318596,-0.016670227
2506,0.028293636,0.035673518,0.021967484,0.008780466,0.006326152,0.026893051
2507,0.23915216,0.08963576,0.15551351,0.095463365,0.08363865,-0.0058276057
2508,0.08019729,0.014122463,0.051472258,0.027495647,0.028725032,-0.013373184
2509,0.112866834,0.07933702,0.08671936,0.06261231,0.026147477,0.016724713
2510,0.8075413,0.42021883,0.52084726,0.34430504,0.28669405,0.07591379
2511,0.6931722,0.36145833,0.44335288,0.34691405,0.24981934,0.014544278
2512,0.04834581,0.13053225,0.043201186,0.029804915,0.005144626,0.100727335
2513,0.1022827,0.0120753385,0.08554985,0.048146583,0.016732857,-0.036071245
2514,0.15659735,0.10227495,0.13172674,0.08682297,0.024870604,0.015451975
2515,0.658008,0.38029414,0.4806362,0.36502132,0.17737177,0.015272826
2516,0.29228958,0.21068259,0.24462166,0.16423042,0.04766792,0.046452165
2517,-0.015134954,0.09887225,0.017218709,0.0075208335,-0.032353662,0.09135142
2518,0.029216086,0.21215822,0.06181566,0.059456874,-0.032599576,0.15270135
2519,0.03461104,0.116127975,0.043112043,0.030895228,-0.008501004,0.08523275
2520,0.79577434,0.42026335,0.5121749,0.3173758,0.28359944,0.10288754
2521,1.0294043,0.6293099,0.79149544,0.58628714,0.23790884,0.04302275
2522,0.5867652,0.30029982,0.34461874,0.23870564,0.24214649,0.06159419
2523,0.17962007,0.15985233,0.16086718,0.09285215,0.018752888,0.06700017
2524,-0.0016415853,-0.035459332,0.0026838863,-0.0004246987,-0.004325472,-0.035034634
2525,0.0040666936,0.033599064,0.011129163,0.011801342,-0.0070624696,0.021797722
2526,1.1700106,0.6290907,0.88147366,0.6115142,0.2885369,0.017576516
2527,0.015941726,-0.00037091423,0.030838316,0.02005314,-0.01489659,-0.020424055
2528,0.08386879,0.02698755,0.057265036,0.03334629,0.02660375,-0.006358741
2529,0.7024591,0.4434674,0.5410892,0.40297216,0.16136992,0.040495247
2530,0.040256936,-0.020398255,0.034645252,0.018835839,0.005611684,-0.039234094
2531,0.13965496,0.23548575,0.13315925,0.09544717,0.006495714,0.14003858
2532,0.032093085,-0.021103088,0.027479436,0.024811981,0.004613649,-0.045915067
2533,0.053922333,0.13243702,0.03949099,0.026186284,0.0144313425,0.10625073
2534,0.10771322,0.1036461,0.110813975,0.06928915,-0.0031007528,0.03435695
2535,1.0785261,0.5557158,0.69139564,0.5004263,0.3871305,0.055289507
2536,-0.012763495,-0.043292567,0.010202104,0.009286983,-0.022965599,-0.052579552
2537,0.095015794,0.006857872,0.07825087,0.045231164,0.016764924,-0.03837329
2538,0.030784622,0.009800707,0.012183672,0.016117837,0.01860095,-0.0063171303
2539,0.05847648,0.039069,0.03831599,0.027574832,0.020160493,0.011494169
2540,0.2469904,0.16707097,0.17191848,0.12029531,0.075071916,0.04677566
2541,0.01915432,-0.051705506,0.031063568,0.017357683,-0.011909248,-0.06906319
2542,0.04184722,0.074627526,0.033083465,0.030135844,0.008763757,0.044491682
2543,0.035594236,0.041489866,0.022261458,0.014045904,0.013332779,0.02744396
2544,2.2653897,1.3679662,1.7352092,1.3934019,0.53018045,-0.025435686
2545,0.029441044,0.12526491,0.022410361,0.016950808,0.0070306826,0.108314104
2546,0.9819126,0.58092684,0.7596378,0.60400575,0.22227484,-0.023078918
2547,0.0300937,0.08160017,0.02880241,0.014994021,0.0012912899,0.06660615
2548,1.0143214,0.3185718,0.5163704,0.31419885,0.49795103,0.0043729544
2549,-0.0073686442,0.008092205,0.005573406,0.008702435,-0.01294205,-0.00061022956
2550,0.011369258,0.12576105,0.008869552,0.00708163,0.002499706,0.11867942
2551,1.010042,0.68073916,0.69445646,0.53762585,0.3155855,0.14311332
2552,0.14164841,0.07697333,0.0817113,0.058375467,0.059937112,0.01859786
2553,0.008776867,-0.039888736,0.01715845,0.009127649,-0.008381584,-0.049016386
2554,1.6339854,0.8948617,1.4465897,0.9707869,0.18739569,-0.07592523
2555,0.042605326,0.023798456,0.04342046,0.025985915,-0.0008151345,-0.0021874588
2556,0.2277912,0.19907628,0.17734058,0.12482786,0.050450623,0.07424842
2557,1.4206578,0.9393069,1.0966768,0.8811455,0.32398093,0.058161438
2558,0.67345905,0.22023338,0.38139638,0.24237028,0.29206267,-0.022136897
2559,0.012039405,0.0016528375,0.02992624,0.02200599,-0.017886836,-0.020353153
