feature_idx,seq_effect_obs,struct_effect_obs,seq_effect_shuffle,struct_effect_shuffle,seq_delta,struct_delta
0,0.5730954,0.108472556,0.1257277,0.091653116,0.44736767,0.01681944
1,0.57217777,0.050865266,0.088395454,0.06451029,0.48378232,-0.013645027
2,0.50311494,0.07840186,0.09656594,0.07075182,0.406549,0.00765004
3,0.52318555,0.12851748,0.13953482,0.10719799,0.38365072,0.021319486
4,0.34389374,0.05176696,0.11182329,0.08321323,0.23207045,-0.03144627
5,0.40698576,0.06529207,0.07841528,0.05236576,0.3285705,0.012926307
6,0.60030085,0.05487356,0.07398822,0.05102319,0.52631265,0.0038503706
7,0.42417657,0.057948597,0.0825862,0.061439008,0.34159037,-0.0034904107
8,0.5155135,0.06081297,0.10406188,0.07811576,0.4114516,-0.017302793
9,0.14801511,0.028858485,0.038421515,0.023933392,0.1095936,0.0049250927
10,0.5564086,0.09363151,0.10906373,0.07758783,0.44734484,0.016043685
11,0.47619227,0.097782455,0.10802636,0.08136088,0.3681659,0.016421579
12,0.8280793,0.03165551,0.07949543,0.054267306,0.74858385,-0.022611797
13,0.47102353,0.10236107,0.122237824,0.08661883,0.3487857,0.015742235
14,0.37270474,0.057192825,0.07761684,0.05944159,0.2950879,-0.002248764
15,0.62388647,0.12726867,0.14031173,0.10004223,0.48357475,0.02722644
16,0.6284984,0.15359572,0.21459411,0.16218181,0.41390425,-0.008586094
17,0.35038045,0.04636706,0.081593014,0.058413245,0.26878744,-0.012046184
18,0.47315127,0.0350727,0.08796359,0.05563491,0.3851877,-0.02056221
19,0.5313776,0.11004704,0.12920243,0.1038302,0.4021752,0.006216839
20,0.56378764,0.0396439,0.101405814,0.07512548,0.46238184,-0.03548158
21,0.50964284,0.098261714,0.106069066,0.081209145,0.40357378,0.017052568
22,0.4686853,0.069327675,0.106639415,0.07187273,0.36204588,-0.0025450587
23,0.5665112,0.06747682,0.09908632,0.05488733,0.4674249,0.012589488
24,0.4622937,0.04082175,0.07033311,0.05063781,0.39196062,-0.009816062
25,0.5175003,0.071156725,0.09961162,0.07009674,0.41788867,0.0010599867
26,0.39583695,0.052724488,0.11217013,0.07507275,0.28366682,-0.022348262
27,0.53228515,0.10587082,0.13956402,0.08875765,0.39272112,0.017113172
28,0.51814026,0.069843,0.055412088,0.03626196,0.46272817,0.03358104
29,0.5575806,0.13517512,0.13841252,0.09825444,0.41916806,0.03692068
30,0.39289367,0.04951797,0.084727526,0.05480255,0.30816615,-0.0052845776
31,0.25471008,0.032697994,0.06396609,0.04314261,0.19074398,-0.010444615
32,0.579776,0.08153019,0.13173361,0.09416542,0.4480424,-0.012635231
33,0.57549363,0.031078923,0.062169924,0.041874718,0.5133237,-0.010795794
34,0.41029546,0.038780976,0.06457521,0.046843234,0.34572023,-0.008062258
35,0.45450696,0.08522186,0.10010067,0.06974044,0.3544063,0.01548142
36,0.61435527,0.16277122,0.17471272,0.13249281,0.43964255,0.030278414
37,0.5646192,0.06310885,0.11050266,0.077519886,0.45411652,-0.01441104
38,0.5891506,0.043205943,0.06754363,0.04489388,0.521607,-0.0016879365
39,0.41674095,0.06198331,0.09803932,0.06769166,0.31870162,-0.0057083517
40,0.43086588,0.030015677,0.037766565,0.025139645,0.3930993,0.0048760325
41,0.5863393,0.06739898,0.10599395,0.07273025,0.48034534,-0.0053312704
42,0.20304595,0.050715923,0.07257672,0.053453427,0.13046923,-0.0027375035
43,0.519677,0.11261487,0.16334882,0.108369134,0.35632816,0.0042457357
44,0.41921183,0.05634437,0.10470917,0.06374247,0.31450266,-0.0073981024
45,0.656054,0.07056657,0.13488713,0.10351051,0.5211669,-0.032943934
46,0.6211751,0.063864164,0.0900386,0.0717717,0.5311365,-0.00790754
47,0.5777054,0.11035233,0.12011817,0.08456297,0.4575872,0.025789358
48,0.5910623,0.10914736,0.13193677,0.0929252,0.45912552,0.016222164
49,0.55250067,0.051067576,0.0937667,0.06504922,0.45873398,-0.013981648
50,0.5733177,0.016696878,0.04527609,0.028026916,0.5280416,-0.011330038
51,0.41865426,0.040976547,0.07652995,0.046453796,0.3421243,-0.0054772496
52,0.6623807,0.10348185,0.13570222,0.10528806,0.52667844,-0.001806207
53,0.5846247,0.10075665,0.112216465,0.08597714,0.47240824,0.014779516
54,0.63552874,0.1170564,0.15048376,0.103008136,0.485045,0.014048263
55,0.5749883,0.07606902,0.10365879,0.06756068,0.4713295,0.0085083395
56,0.5610246,0.0808843,0.11972976,0.09100747,0.44129485,-0.010123171
57,0.53433686,0.11496411,0.12886365,0.08881364,0.40547323,0.026150472
58,0.45148188,0.07506215,0.0902305,0.068671435,0.36125138,0.006390713
59,0.45416522,0.053773362,0.087317705,0.061249472,0.36684752,-0.00747611
60,0.628581,0.110232845,0.119776525,0.08203272,0.50880444,0.028200127
61,0.5341501,0.078519575,0.10077622,0.07080672,0.4333739,0.007712856
62,0.44746837,0.05708379,0.097800665,0.07058408,0.3496677,-0.013500292
63,0.51191854,0.0788676,0.114143945,0.07899389,0.3977746,-0.00012628734
64,0.38988367,0.061751768,0.08394961,0.055263266,0.30593407,0.006488502
65,0.5817978,0.09979617,0.1255951,0.09439685,0.4562027,0.0053993165
66,0.31481993,0.063695125,0.095038146,0.060709506,0.21978179,0.002985619
67,0.4109614,0.036809385,0.054776397,0.04286602,0.356185,-0.0060566366
68,0.35730064,0.08303936,0.101955034,0.075729996,0.2553456,0.0073093623
69,0.35975033,0.063435495,0.08630011,0.061325807,0.27345023,0.0021096878
70,0.44889098,0.08732449,0.10562444,0.07401883,0.34326655,0.013305664
71,0.56414604,0.090199694,0.1102083,0.08904585,0.45393774,0.0011538416
72,0.5466566,0.07327329,0.103188574,0.06927893,0.44346803,0.0039943606
73,0.653273,0.022519482,0.054170296,0.03507807,0.5991027,-0.012558589
74,0.37966993,0.05432186,0.086544506,0.06255995,0.29312542,-0.008238088
75,0.5409929,0.052266296,0.10207843,0.07068211,0.43891448,-0.018415812
76,0.47668108,0.10298888,0.10200333,0.08003397,0.37467775,0.022954904
77,0.24198286,0.06873461,0.07443774,0.044286203,0.16754512,0.024448406
78,0.45951045,0.050248463,0.10314898,0.07121954,0.35636145,-0.020971078
79,0.57208747,0.043663044,0.0884518,0.06054413,0.48363566,-0.016881086
80,0.38063362,0.0788602,0.07950358,0.057510782,0.30113006,0.021349419
81,0.56215936,0.111710735,0.16031757,0.09944109,0.4018418,0.012269646
82,0.42753723,0.07885592,0.09974469,0.07651594,0.32779253,0.002339974
83,0.5685229,0.04524343,0.08077631,0.06073432,0.48774657,-0.01549089
84,0.5522156,0.05544496,0.121557385,0.075757004,0.4306582,-0.020312045
85,0.3731152,0.03508543,0.054042354,0.038440958,0.31907284,-0.0033555292
86,0.54460436,0.13016094,0.1335574,0.09318805,0.41104698,0.036972895
87,0.45189402,0.05572395,0.085962154,0.05897744,0.36593187,-0.0032534897
88,0.751117,0.1303083,0.15995997,0.11708896,0.591157,0.013219342
89,0.5016901,0.07318081,0.102813356,0.07551203,0.39887673,-0.0023312196
90,0.6063784,0.094643615,0.11144915,0.07988303,0.49492922,0.014760584
91,0.3993361,0.05887099,0.08164964,0.053529922,0.31768647,0.005341068
92,0.38730434,0.07615766,0.084248334,0.06039613,0.303056,0.015761528
93,0.64388424,0.09483464,0.14181969,0.10515146,0.5020646,-0.010316819
94,0.5895377,0.05830919,0.07367253,0.051942676,0.51586515,0.0063665137
95,0.50601876,0.06756691,0.10054043,0.06849021,0.40547833,-0.0009232983
96,0.4741135,0.08880021,0.10928382,0.08082086,0.36482966,0.007979348
97,0.58250785,0.08646952,0.12785725,0.098771945,0.45465058,-0.012302421
98,0.38943487,0.062334515,0.08858098,0.061719924,0.3008539,0.00061459094
99,0.3685954,0.05246374,0.079610944,0.052789386,0.28898445,-0.00032564625
100,0.55631834,0.1308056,0.14278992,0.114604644,0.41352844,0.016200952
101,0.35518858,0.062841125,0.04987246,0.035778962,0.30531612,0.027062163
102,0.37956786,0.03885256,0.058719963,0.03917372,0.3208479,-0.00032115728
103,0.26616165,0.055800408,0.06294315,0.048564352,0.20321849,0.007236056
104,0.50607806,0.08636462,0.10121426,0.070404485,0.4048638,0.015960135
105,0.37144372,0.074160345,0.088242844,0.06298814,0.28320086,0.011172205
106,0.6012455,0.054890737,0.09905192,0.06759142,0.50219357,-0.012700684
107,0.6747536,0.0781573,0.13208026,0.084453136,0.54267335,-0.0062958375
108,0.39610195,0.036726944,0.0625605,0.047010355,0.33354145,-0.010283411
109,0.37350166,0.050057575,0.067000784,0.04614974,0.30650088,0.0039078332
110,0.49215236,0.07547685,0.124249764,0.08971372,0.3679026,-0.014236875
111,0.3785628,0.08146612,0.062692575,0.04771664,0.31587023,0.033749484
112,0.4127107,0.048444573,0.09357235,0.06537541,0.31913835,-0.016930837
113,0.4037607,0.07544837,0.10078707,0.07156947,0.30297363,0.003878899
114,0.34900597,0.03461139,0.06858084,0.04503742,0.28042513,-0.01042603
115,0.35328376,0.066750474,0.0811069,0.06146561,0.27217686,0.0052848645
116,0.47970617,0.06897551,0.0925778,0.070450045,0.38712835,-0.001474537
117,0.31967357,0.05581875,0.079352826,0.05187515,0.24032074,0.0039435998
118,0.5409955,0.16920154,0.19428642,0.14964828,0.34670907,0.019553259
119,0.48514906,0.09133595,0.10203256,0.07797496,0.38311648,0.013360992
120,0.5334348,0.095264316,0.12208856,0.08920262,0.41134626,0.0060616955
121,0.47632468,0.02643032,0.03994905,0.027991438,0.43637562,-0.0015611183
122,0.5382936,0.032163355,0.06487188,0.04652182,0.47342172,-0.014358465
123,0.3957481,0.041285362,0.04771009,0.035334196,0.34803802,0.005951166
124,0.5625364,0.07072281,0.0792263,0.057859324,0.4833101,0.012863487
125,0.52109116,0.042346865,0.08501363,0.060707532,0.43607754,-0.018360667
126,0.42979664,0.052568838,0.06367486,0.045942947,0.36612177,0.0066258907
127,0.5079989,0.083759524,0.11504915,0.08948838,0.39294973,-0.0057288557
128,0.36829823,0.081366986,0.105261095,0.07802508,0.26303715,0.0033419058
129,0.27686137,0.084813766,0.071134806,0.04998605,0.20572656,0.034827717
130,0.56029916,0.055171166,0.08360542,0.06002246,0.47669375,-0.004851293
131,0.5127095,0.07384164,0.09117395,0.068769425,0.42153555,0.0050722137
132,0.57113737,0.07645736,0.08494194,0.0649749,0.48619545,0.011482462
133,0.5177606,0.021200214,0.079509646,0.04277551,0.43825093,-0.021575298
134,0.5134158,0.041617624,0.07288965,0.055291545,0.44052616,-0.01367392
135,0.46054512,0.08776066,0.09337421,0.065735586,0.36717093,0.022025071
136,0.6440609,0.04756946,0.07021225,0.0518526,0.57384866,-0.0042831376
137,0.4009248,0.03731301,0.06558509,0.048824742,0.33533973,-0.011511732
138,0.47059232,0.074203596,0.11430375,0.08423976,0.35628855,-0.010036163
139,0.43942142,0.07189939,0.10255377,0.069795504,0.33686763,0.0021038875
140,0.54928654,0.16036096,0.12375613,0.092166625,0.4255304,0.06819434
141,0.45355713,0.07283326,0.112426236,0.07985801,0.3411309,-0.00702475
142,0.43228883,0.06589121,0.08519687,0.057536196,0.34709197,0.008355018
143,0.48797062,0.07407844,0.102671474,0.07020747,0.38529915,0.0038709715
144,0.4523328,0.07353999,0.114836566,0.083198406,0.33749622,-0.009658419
145,0.5600115,0.09653323,0.15725543,0.11212598,0.4027561,-0.015592746
146,0.45070758,0.07557995,0.092538975,0.07235645,0.3581686,0.0032235011
147,0.3715483,0.05108874,0.07510235,0.052235242,0.29644594,-0.0011465028
148,0.7122818,0.14606476,0.1662179,0.12671115,0.5460639,0.019353613
149,0.43804595,0.08820093,0.08182975,0.058381423,0.3562162,0.029819503
150,0.52268535,0.102982886,0.12062065,0.08435906,0.40206468,0.018623829
151,0.5589412,0.061819587,0.13579111,0.089227,0.42315006,-0.027407411
152,0.5329911,0.04204231,0.072497755,0.05150337,0.46049336,-0.00946106
153,0.50060356,0.07619451,0.120966166,0.08866981,0.3796374,-0.012475297
154,0.3796697,0.06329719,0.07993046,0.05419729,0.29973924,0.009099901
155,0.5071021,0.09132456,0.13538022,0.09880421,0.37172186,-0.0074796528
156,0.4580524,0.066731006,0.07890321,0.057088252,0.3791492,0.009642754
157,0.48474303,0.06774252,0.10683154,0.07844431,0.37791148,-0.01070179
158,0.5262134,0.058200795,0.094044015,0.069925755,0.43216938,-0.01172496
159,0.68206656,0.111416645,0.14282522,0.10978358,0.5392413,0.001633063
160,0.3681488,0.10853486,0.12570703,0.088000335,0.24244177,0.020534523
161,0.49238852,0.04886476,0.07584542,0.052529886,0.4165431,-0.0036651269
162,0.6003563,0.0902704,0.14081839,0.10300666,0.4595379,-0.012736261
163,0.5409596,0.07979332,0.1016059,0.07235638,0.4393537,0.0074369386
164,0.5283654,0.049209572,0.07174899,0.052174818,0.4566164,-0.0029652454
165,0.37133205,0.0428754,0.07112496,0.045261703,0.30020708,-0.0023863018
166,0.5749012,0.089737535,0.13278273,0.09634141,0.4421185,-0.0066038743
167,0.6400374,0.085906886,0.12454697,0.07991129,0.5154905,0.005995594
168,0.55271345,0.067841135,0.08988463,0.061925326,0.46282881,0.0059158094
169,0.5071162,0.076499015,0.09517196,0.06797325,0.41194424,0.008525766
170,0.43693134,0.093198024,0.111997835,0.08084205,0.3249335,0.012355976
171,0.48122585,0.122219406,0.114563465,0.0835295,0.36666238,0.038689904
172,0.5115337,0.049240127,0.088792704,0.05913195,0.42274097,-0.009891823
173,0.5802898,0.056686275,0.09803872,0.07038416,0.48225105,-0.013697885
174,0.59363925,0.07198197,0.10897441,0.07875603,0.48466486,-0.0067740604
175,0.4177368,0.07407878,0.06295796,0.04453956,0.35477883,0.029539224
176,0.3327022,0.06480844,0.076571114,0.051239047,0.25613108,0.013569396
177,0.55139935,0.07772496,0.11433669,0.08709624,0.43706265,-0.009371273
178,0.5360549,0.13082843,0.16235179,0.122137025,0.37370312,0.0086914
179,0.5379528,0.033937514,0.04579852,0.030886844,0.49215427,0.00305067
180,0.48349518,0.08065171,0.11049266,0.082568415,0.37300253,-0.0019167066
181,0.49840066,0.10870048,0.120217904,0.084917136,0.37818277,0.023783341
182,0.32055548,0.041903444,0.067687295,0.043816794,0.25286818,-0.0019133501
183,0.38308874,0.07256649,0.093627274,0.073323414,0.28946146,-0.00075692683
184,0.40414372,0.06363175,0.09210012,0.065096706,0.3120436,-0.0014649555
185,0.4923188,0.053457655,0.087785594,0.06097252,0.4045332,-0.007514864
186,0.592682,0.1203866,0.1345935,0.098766625,0.45808852,0.021619976
187,0.49643216,0.07866095,0.13664298,0.09225044,0.3597892,-0.0135894865
188,0.59081465,0.051259473,0.085780755,0.06297398,0.5050339,-0.011714511
189,0.4662355,0.012570863,0.04165839,0.025004005,0.4245771,-0.012433142
190,0.69523877,0.06901892,0.10473966,0.071565524,0.5904991,-0.002546601
191,0.4531084,0.07611509,0.08824205,0.057051115,0.36486635,0.019063972
192,0.45190307,0.075217806,0.04764238,0.03542429,0.4042607,0.039793517
193,0.498923,0.11745637,0.12332525,0.09109937,0.37559775,0.026357003
194,0.71695924,0.029726123,0.06393648,0.0425778,0.65302277,-0.012851676
195,0.40588614,0.06714936,0.08151814,0.061541796,0.324368,0.0056075677
196,0.40557587,0.07685458,0.088391244,0.059014127,0.31718463,0.017840452
197,0.51641726,0.067595586,0.11584371,0.08092001,0.40057355,-0.013324425
198,0.67378974,0.09762383,0.13139613,0.089920424,0.5423936,0.0077034086
199,0.36440435,0.03719157,0.07368482,0.052645884,0.29071954,-0.015454315
200,0.6141947,0.06740844,0.121341944,0.087243535,0.49285275,-0.019835092
201,0.54148746,0.079690605,0.096396476,0.07032424,0.44509098,0.009366363
202,0.46501428,0.081506744,0.107686326,0.08151683,0.35732794,-1.0088086e-05
203,0.63118976,0.086983584,0.1303774,0.089369975,0.50081235,-0.0023863912
204,0.5664307,0.04823989,0.071490556,0.05499869,0.49494013,-0.006758798
205,0.46725866,0.08362819,0.122202404,0.08578338,0.34505627,-0.0021551847
206,0.5141533,0.06362938,0.08469963,0.056125253,0.42945367,0.007504128
207,0.47446835,0.050050452,0.10465502,0.06971282,0.36981332,-0.019662365
208,0.38147938,0.046612643,0.08626107,0.05054204,0.29521832,-0.003929399
209,0.48309827,0.055637684,0.09471983,0.06863019,0.38837844,-0.012992505
210,0.404285,0.03504198,0.050696656,0.03758664,0.35358834,-0.0025446601
211,0.4941535,0.08582058,0.11243463,0.084171265,0.38171887,0.0016493127
212,0.39346007,0.04404481,0.061301712,0.04604415,0.33215836,-0.0019993372
213,0.65671474,0.18163751,0.20137691,0.16664095,0.45533782,0.014996558
214,0.66521484,0.08248144,0.10091052,0.0672091,0.5643043,0.015272334
215,0.452591,0.069766805,0.10900025,0.07396757,0.34359074,-0.004200764
216,0.5310838,0.04958581,0.086166725,0.062376827,0.44491708,-0.012791015
217,0.4791476,0.073020756,0.0893148,0.06799037,0.3898328,0.005030386
218,0.42511156,0.036811586,0.08125095,0.054216895,0.34386063,-0.017405309
219,0.39383835,0.099179246,0.12644204,0.096616365,0.2673963,0.0025628805
220,0.36695227,0.06575875,0.093970545,0.062455222,0.27298173,0.0033035278
221,0.54469556,0.09285184,0.120163806,0.0865234,0.42453176,0.006328441
222,0.36803547,0.048231024,0.06653628,0.04767016,0.3014992,0.0005608648
223,0.25981387,0.037287094,0.07742888,0.05442697,0.182385,-0.017139878
224,0.43148485,0.090797864,0.09865174,0.0746346,0.3328331,0.016163267
225,0.46084592,0.055126004,0.0875549,0.06317863,0.37329102,-0.008052625
226,0.3481831,0.09968788,0.09209607,0.06679331,0.25608703,0.032894574
227,0.3957158,0.034968343,0.06605863,0.0401998,0.32965717,-0.0052314587
228,0.6482957,0.15174773,0.14381252,0.10833339,0.50448316,0.043414347
229,0.45161027,0.06504898,0.08270026,0.06308152,0.36891,0.00196746
230,0.5130419,0.07151665,0.10531673,0.07056879,0.4077252,0.0009478554
231,0.34152237,0.043031543,0.06537185,0.043630376,0.27615052,-0.00059883296
232,0.5072999,0.06668853,0.11135271,0.064254284,0.3959472,0.0024342462
233,0.43340564,0.06376253,0.07917891,0.05779568,0.35422674,0.0059668496
234,0.3806841,0.05706648,0.08377893,0.059144516,0.29690516,-0.002078034
235,0.57057035,0.07573727,0.0700328,0.05157046,0.5005376,0.024166808
236,0.4046145,0.05879656,0.08607339,0.057433944,0.3185411,0.0013626143
237,0.36989287,0.05800611,0.06906273,0.049405728,0.30083013,0.008600384
238,0.27850246,0.037415855,0.059991106,0.046895176,0.21851136,-0.009479322
239,0.6817782,0.11710653,0.14624174,0.1101403,0.53553647,0.006966226
240,0.6335251,0.075125426,0.10486626,0.0733172,0.5286588,0.0018082261
241,0.42891628,0.06140347,0.08771996,0.06523521,0.3411963,-0.0038317442
242,0.46749094,0.07154126,0.08072072,0.05989703,0.38677022,0.011644226
243,0.4824761,0.09374082,0.116429545,0.08584788,0.36604655,0.007892944
244,0.56642085,0.14423706,0.13739352,0.09660897,0.42902732,0.04762809
245,0.5250137,0.058772307,0.08300147,0.05785355,0.44201222,0.00091875717
246,0.40425152,0.07534592,0.08582366,0.06364474,0.31842786,0.0117011815
247,0.6496736,0.08524828,0.12597293,0.09334378,0.52370065,-0.008095503
248,0.31610838,0.028192827,0.03383762,0.026286867,0.28227076,0.001905961
249,0.44446418,0.048734948,0.08352886,0.058134362,0.36093533,-0.009399414
250,0.5192341,0.078996316,0.098789126,0.07127066,0.420445,0.007725656
251,0.35579622,0.041830096,0.07836557,0.05859613,0.27743065,-0.016766034
252,0.3923674,0.065262854,0.09640044,0.06419254,0.29596695,0.0010703132
253,0.5091174,0.06357318,0.08766957,0.066527836,0.42144784,-0.0029546544
254,0.47151107,0.049737524,0.0969734,0.06426737,0.37453768,-0.014529843
255,0.493398,0.06604068,0.101756595,0.07689918,0.3916414,-0.0108584985
256,0.3821501,0.015578894,0.052109476,0.035459705,0.33004063,-0.01988081
257,0.51317173,0.10750028,0.129667,0.09881605,0.38350475,0.008684225
258,0.5420156,0.06779607,0.101301394,0.07517988,0.4407142,-0.007383816
259,0.56368226,0.08169728,0.1231767,0.08846033,0.44050556,-0.006763056
260,0.36737558,0.053913545,0.07581576,0.053143382,0.29155982,0.0007701628
261,0.44737467,0.08570381,0.124653235,0.083654806,0.32272142,0.0020490065
262,0.52521396,0.08390109,0.10374046,0.076091126,0.4214735,0.007809967
263,0.4569595,0.052340385,0.07483202,0.054126903,0.38212746,-0.0017865188
264,0.6909383,0.059059564,0.109209366,0.07668992,0.58172894,-0.017630357
265,0.57675904,0.11517086,0.10291584,0.0722382,0.47384322,0.04293266
266,0.56258935,0.08245183,0.111117736,0.0735878,0.45147163,0.00886403
267,0.5331866,0.051075585,0.09628188,0.06561844,0.43690473,-0.014542855
268,0.48253798,0.06961862,0.08481342,0.06157495,0.39772457,0.008043669
269,0.5366781,0.10519568,0.1366566,0.1074679,0.4000215,-0.0022722185
270,0.4808438,0.09021167,0.11348861,0.085593164,0.3673552,0.004618503
271,0.5243575,0.0950156,0.10486137,0.08012533,0.41949612,0.014890268
272,0.4915232,0.0885576,0.13869053,0.09303962,0.35283267,-0.004482016
273,0.3774592,0.04628432,0.08138521,0.059565965,0.29607397,-0.013281643
274,0.5957238,0.1215056,0.14807701,0.10576891,0.4476468,0.015736692
275,0.57033646,0.08687418,0.1323412,0.08962267,0.43799525,-0.0027484894
276,0.41333264,0.056328874,0.09005943,0.062309466,0.3232732,-0.005980592
277,0.33026156,0.052079715,0.069605306,0.052577976,0.26065624,-0.0004982613
278,0.43020114,0.052427784,0.054738916,0.035412837,0.37546223,0.017014947
279,0.50682354,0.053938292,0.098674156,0.060134336,0.4081494,-0.0061960444
280,0.45258698,0.045267716,0.0689672,0.051242545,0.3836198,-0.005974829
281,0.519238,0.08456377,0.09360794,0.07013515,0.42563006,0.014428623
282,0.4632209,0.06444059,0.08157193,0.057145663,0.38164896,0.0072949305
283,0.4376937,0.053604614,0.08352899,0.055430867,0.3541647,-0.0018262528
284,0.31398734,0.058751475,0.061620742,0.042873193,0.2523666,0.015878282
285,0.49234167,0.0794211,0.11157987,0.08313674,0.3807618,-0.0037156343
286,0.42659798,0.067150325,0.08431415,0.05770559,0.34228384,0.009444736
287,0.6317401,0.12020947,0.1377202,0.09011759,0.4940199,0.030091882
288,0.641877,0.058956377,0.09102516,0.06941561,0.5508518,-0.010459229
289,0.61386704,0.05400651,0.09076853,0.064126834,0.5230985,-0.010120325
290,0.6137515,0.04724467,0.099101044,0.06490533,0.5146504,-0.017660659
291,0.6843991,0.0647825,0.12136112,0.08111674,0.563038,-0.016334243
292,0.45674196,0.08573875,0.08827762,0.058903262,0.36846435,0.026835486
293,0.3834504,0.06193735,0.08964734,0.06268958,0.29380304,-0.00075222924
294,0.4676778,0.020604825,0.06962503,0.049206525,0.39805278,-0.0286017
295,0.56077486,0.08092765,0.09724031,0.07153425,0.46353456,0.009393394
296,0.46925786,0.01945288,0.050641365,0.031053975,0.4186165,-0.011601096
297,0.3184597,0.026372366,0.09644133,0.0562142,0.22201836,-0.029841833
298,0.4749209,0.099654116,0.120873325,0.08732274,0.35404757,0.012331374
299,0.2953078,0.04855852,0.04721284,0.033079337,0.24809495,0.015479181
300,0.36965975,0.05177234,0.08874033,0.06191107,0.28091943,-0.010138728
301,0.56392694,0.09324119,0.12590142,0.08976748,0.43802553,0.003473714
302,0.5024746,0.08456621,0.09719375,0.06763403,0.40528086,0.016932182
303,0.46178725,0.07813867,0.13590088,0.08951563,0.32588637,-0.011376955
304,0.5846163,0.08563025,0.14064384,0.09653232,0.44397247,-0.0109020695
305,0.51103204,0.08862972,0.10774163,0.06972898,0.40329042,0.018900745
306,0.6502602,0.09017692,0.14210366,0.10592165,0.50815654,-0.01574473
307,0.5207664,0.053969394,0.08439888,0.057676658,0.4363675,-0.0037072636
308,0.56233525,0.07662653,0.09327081,0.06395365,0.46906444,0.012672879
309,0.39722523,0.05127441,0.087405294,0.056435652,0.30981994,-0.0051612407
310,0.38351923,0.038401358,0.066050775,0.042769097,0.31746846,-0.004367739
311,0.5898334,0.06343002,0.09309194,0.06501963,0.49674144,-0.0015896112
312,0.4255573,0.033541594,0.041478053,0.031592473,0.38407922,0.0019491203
313,0.34845826,0.076342724,0.08922642,0.06460228,0.25923184,0.011740446
314,0.64059913,0.090242565,0.10699544,0.07955316,0.53360367,0.010689408
315,0.4473782,0.09810135,0.09818301,0.07432041,0.34919518,0.023780935
316,0.50172925,0.07402996,0.1029352,0.07467136,0.39879405,-0.00064139813
317,0.4432591,0.06771258,0.08269048,0.06433034,0.3605686,0.0033822432
318,0.41508022,0.0480331,0.08231201,0.059907056,0.3327682,-0.011873957
319,0.35909283,0.14002575,0.13075255,0.084294386,0.22834028,0.055731364
320,0.5720264,0.08478117,0.08163097,0.06290138,0.4903954,0.021879792
321,0.37558353,0.044071443,0.08895603,0.0650935,0.2866275,-0.021022059
322,0.30854586,0.06318239,0.09587536,0.07508287,0.2126705,-0.011900477
323,0.5046213,0.076982215,0.10654229,0.07520251,0.39807904,0.0017797053
324,0.5155105,0.05739499,0.09728872,0.058648333,0.41822177,-0.0012533441
325,0.4170739,0.047735646,0.089525215,0.058072925,0.32754868,-0.010337278
326,0.38291815,0.04570865,0.06353127,0.043364182,0.31938687,0.0023444667
327,0.6221575,0.10437373,0.11882727,0.08836228,0.50333023,0.016011454
328,0.34835657,0.043443557,0.08182227,0.056155305,0.2665343,-0.0127117485
329,0.5622909,0.078953855,0.10092822,0.074719176,0.4613627,0.004234679
330,0.36779988,0.08080633,0.07878805,0.059775654,0.28901184,0.021030676
331,0.5389076,0.089361764,0.12546507,0.091752425,0.41344252,-0.0023906603
332,0.3920216,0.08416955,0.06735199,0.05078265,0.3246696,0.0333869
333,0.46991733,0.095468,0.12728678,0.08590908,0.34263057,0.009558916
334,0.5354744,0.07397772,0.084769584,0.05754583,0.45070484,0.016431894
335,0.5118396,0.014830489,0.03739084,0.022240147,0.4744488,-0.0074096583
336,0.50480664,0.09647619,0.10334294,0.073126666,0.4014637,0.023349524
337,0.47286022,0.046156712,0.07803121,0.050286695,0.394829,-0.0041299835
338,0.41132027,0.052792568,0.051492423,0.038801204,0.35982785,0.013991363
339,0.7221294,0.034798764,0.07597273,0.049160067,0.64615667,-0.014361303
340,0.45579463,0.08543863,0.085346624,0.058721665,0.370448,0.026716966
341,0.5324574,0.10809187,0.11281139,0.08322824,0.41964602,0.02486363
342,0.4457242,0.081106834,0.086348765,0.06865349,0.35937542,0.012453347
343,0.36918616,0.027191065,0.049496006,0.030943878,0.31969017,-0.0037528127
344,0.3866892,0.094936386,0.11209048,0.08685898,0.27459872,0.008077405
345,0.40424475,0.05941911,0.09808597,0.062366504,0.30615878,-0.0029473938
346,0.34290135,0.040672727,0.08073661,0.056571875,0.26216474,-0.015899148
347,0.43538257,0.030114144,0.06739123,0.04881981,0.36799133,-0.018705666
348,0.5266579,0.04360174,0.05464218,0.036208704,0.4720157,0.007393036
349,0.42242905,0.01861122,0.022850635,0.015922807,0.39957842,0.0026884135
350,0.49454525,0.044745266,0.084898755,0.0653024,0.4096465,-0.020557135
351,0.65509456,0.07661439,0.123763345,0.09053083,0.53133124,-0.01391644
352,0.61874026,0.10082069,0.13413565,0.10131416,0.4846046,-0.00049346685
353,0.488548,0.07872815,0.08658776,0.06722782,0.40196025,0.011500329
354,0.5608433,0.05984028,0.10572543,0.0727104,0.45511785,-0.012870122
355,0.53966016,0.017567754,0.061002374,0.035489462,0.47865778,-0.017921709
356,0.4644034,0.02020865,0.0678352,0.043354124,0.39656818,-0.023145474
357,0.31053635,0.053274278,0.05075294,0.035990003,0.25978342,0.017284274
358,0.4372216,0.06910239,0.08806671,0.06018887,0.3491549,0.008913521
359,0.46560976,0.050901655,0.08895841,0.06441659,0.37665135,-0.013514932
360,0.4052831,0.049441323,0.06959916,0.047186766,0.33568394,0.0022545569
361,0.4558417,0.040676955,0.13193378,0.08594908,0.3239079,-0.045272123
362,0.48950014,0.062349938,0.0988995,0.07166769,0.39060062,-0.009317756
363,0.40954083,0.06407978,0.094899304,0.05776431,0.31464154,0.006315466
364,0.51398796,0.04803251,0.075742155,0.056815814,0.4382458,-0.008783303
365,0.57235646,0.076175265,0.10822524,0.075872146,0.46413124,0.00030311942
366,0.5593678,0.0849686,0.1117834,0.08532721,0.4475844,-0.00035861135
367,0.3700284,0.042413127,0.06755957,0.04989677,0.30246884,-0.0074836425
368,0.47745454,0.023777,0.054723363,0.0382348,0.4227312,-0.0144577995
369,0.515199,0.11752406,0.13259524,0.09129416,0.38260376,0.026229896
370,0.6598105,0.06817341,0.091275625,0.064116664,0.56853485,0.0040567443
371,0.5674204,0.1125326,0.1256714,0.097113974,0.44174904,0.015418626
372,0.3998744,0.07269837,0.09217954,0.06898866,0.30769485,0.0037097111
373,0.5085516,0.059081983,0.11554095,0.07768875,0.39301065,-0.01860677
374,0.7032354,0.07745338,0.109013274,0.076337,0.5942221,0.0011163801
375,0.5270082,0.06628659,0.12013678,0.08177865,0.40687138,-0.015492059
376,0.5376358,0.08994482,0.10085703,0.069547445,0.43677878,0.020397373
377,0.3865303,0.0704317,0.10052292,0.07021043,0.2860074,0.0002212748
378,0.5332731,0.0874408,0.10935841,0.07763808,0.4239147,0.009802721
379,0.4708969,0.06766142,0.114995785,0.07823234,0.35590112,-0.010570921
380,0.59715563,0.029183442,0.071107164,0.036923062,0.5260485,-0.0077396203
381,0.5709094,0.13030197,0.16469665,0.12186449,0.40621275,0.008437477
382,0.29157442,0.045606144,0.06649567,0.04780325,0.22507875,-0.0021971054
383,0.6151572,0.03532805,0.079278715,0.059627123,0.5358785,-0.024299074
384,0.4240552,0.07997618,0.12004283,0.09734778,0.30401236,-0.017371602
385,0.3673875,0.03714066,0.06741239,0.050428353,0.2999751,-0.013287693
386,0.25352043,0.027901242,0.02308955,0.015048829,0.23043087,0.012852413
387,0.48241833,0.08601082,0.14125757,0.09518743,0.34116077,-0.009176612
388,0.47904158,0.06434235,0.07486015,0.0562227,0.40418142,0.00811965
389,0.45504016,0.07154626,0.11304982,0.08480621,0.34199035,-0.013259955
390,0.58511645,0.048097998,0.05521213,0.032539725,0.5299043,0.015558273
391,0.6253359,0.11383343,0.13491571,0.101421766,0.49042016,0.012411661
392,0.6032051,0.09272923,0.12421309,0.08794604,0.478992,0.004783191
393,0.47721505,0.037374146,0.07849128,0.049473863,0.39872378,-0.012099717
394,0.51734024,0.04055042,0.07108201,0.051895257,0.44625825,-0.011344839
395,0.54883194,0.095591746,0.10613659,0.08234811,0.44269535,0.013243638
396,0.4202399,0.07639493,0.110244066,0.06955036,0.30999583,0.0068445727
397,0.4939003,0.06985391,0.096127875,0.071734644,0.39777243,-0.0018807352
398,0.36098436,0.04014731,0.0846279,0.06144426,0.27635646,-0.021296952
399,0.46030957,0.047262195,0.062294256,0.047548536,0.39801532,-0.0002863407
400,0.5643759,0.06814239,0.0880175,0.06503451,0.47635838,0.003107883
401,0.39622676,0.0411997,0.06734507,0.042897776,0.32888168,-0.0016980767
402,0.57302225,0.059643272,0.11580599,0.08522413,0.45721626,-0.025580857
403,0.47811604,0.092136666,0.09862624,0.076755054,0.37948978,0.015381612
404,0.59355146,0.10034171,0.10934023,0.06570904,0.48421124,0.034632668
405,0.7140907,0.0607902,0.12570529,0.093397915,0.5883854,-0.032607716
406,0.56349087,0.08994228,0.10925973,0.07297212,0.45423114,0.016970158
407,0.6178656,0.075569056,0.13129897,0.0970041,0.48656666,-0.021435045
408,0.49596882,0.076059066,0.09698835,0.06529807,0.39898047,0.010760993
409,0.433103,0.039664876,0.060140435,0.04322244,0.37296256,-0.0035575628
410,0.4494956,0.07682699,0.112910874,0.07635858,0.33658475,0.00046841055
411,0.53077006,0.06860361,0.07790614,0.055421185,0.45286393,0.013182428
412,0.6561091,0.13671398,0.16312574,0.12110961,0.49298334,0.015604369
413,0.45295137,0.05508441,0.05935567,0.041351475,0.3935957,0.013732936
414,0.5393549,0.055252716,0.100701764,0.06873695,0.43865317,-0.013484232
415,0.4179638,0.09680954,0.11277189,0.09066807,0.3051919,0.0061414763
416,0.43816823,0.08051817,0.08210718,0.06119021,0.35606104,0.01932796
417,0.49622375,0.115047924,0.118825234,0.089867026,0.37739852,0.025180899
418,0.5610772,0.07759505,0.09866025,0.069146186,0.46241692,0.008448862
419,0.48082462,0.057150103,0.0737937,0.055604324,0.4070309,0.0015457794
420,0.5595066,0.08827828,0.09460372,0.06718519,0.46490288,0.021093085
421,0.28414005,0.0870008,0.11462412,0.08127947,0.16951594,0.0057213306
422,0.3389545,0.11296949,0.08237771,0.0568328,0.2565768,0.056136686
423,0.5544571,0.080940045,0.120305605,0.08766126,0.43415153,-0.0067212135
424,0.59020936,0.08182277,0.1144713,0.087690055,0.47573805,-0.0058672875
425,0.5066141,0.08762828,0.12584664,0.09443794,0.38076746,-0.0068096593
426,0.65356463,0.059362758,0.10382599,0.06945527,0.54973865,-0.0100925155
427,0.5157354,0.08656336,0.10408851,0.075446896,0.41164687,0.011116467
428,0.5381529,0.06386846,0.11743412,0.07344481,0.42071876,-0.00957635
429,0.47340658,0.0903364,0.11170819,0.07912634,0.3616984,0.011210054
430,0.3613436,0.10627978,0.105845496,0.07867671,0.2554981,0.027603075
431,0.6481968,0.04760514,0.10003413,0.063269064,0.5481627,-0.015663926
432,0.4849149,0.10347413,0.13704357,0.10175855,0.34787133,0.0017155856
433,0.41325536,0.10485154,0.12849541,0.08976368,0.28475994,0.015087858
434,0.44193923,0.09245492,0.1158089,0.079310454,0.32613033,0.013144463
435,0.51393324,0.03632657,0.0812537,0.05436844,0.43267953,-0.018041871
436,0.6884659,0.103854455,0.14349554,0.10522945,0.54497033,-0.0013749972
437,0.5106686,0.05744734,0.118604116,0.08379043,0.39206445,-0.026343089
438,0.55249834,0.069014065,0.11790586,0.07089374,0.4345925,-0.0018796772
439,0.5655676,0.07545857,0.12352583,0.08510076,0.44204178,-0.009642191
440,0.296676,0.03185018,0.05961406,0.03906462,0.23706195,-0.007214438
441,0.73372495,0.06515739,0.10361342,0.073747076,0.6301115,-0.008589685
442,0.50180316,0.09205773,0.11218057,0.08678134,0.3896226,0.0052763894
443,0.6321469,0.13587463,0.16540065,0.12624514,0.46674624,0.009629488
444,0.27580196,0.0721956,0.07884082,0.051528987,0.19696113,0.02066661
445,0.51568633,0.08998193,0.09884353,0.07451317,0.41684282,0.015468761
446,0.558434,0.07789717,0.124375194,0.07904074,0.43405882,-0.0011435747
447,0.5604737,0.07493679,0.121966265,0.08170805,0.4385074,-0.006771259
448,0.25616577,0.060808346,0.06369866,0.04215162,0.19246712,0.018656727
449,0.4625156,0.044495348,0.09657117,0.06336373,0.36594442,-0.018868383
450,0.51666147,0.049983196,0.07375893,0.050422937,0.44290254,-0.00043974072
451,0.4440135,0.07446902,0.10622978,0.07747901,0.33778372,-0.0030099899
452,0.5460296,0.1037722,0.13273135,0.10094442,0.41329828,0.0028277785
453,0.41344646,0.03448729,0.08778702,0.062256254,0.32565945,-0.027768966
454,0.57272404,0.05346163,0.10031625,0.068004176,0.4724078,-0.014542546
455,0.5268688,0.058617648,0.08282228,0.059564143,0.44404656,-0.0009464957
456,0.3809419,0.058461647,0.07425161,0.052636217,0.30669028,0.00582543
457,0.6515207,0.13197157,0.17375924,0.11810218,0.4777615,0.01386939
458,0.38543782,0.06823505,0.06377107,0.045565438,0.32166675,0.02266961
459,0.26159146,0.03554873,0.030271223,0.023253895,0.23132025,0.012294836
460,0.628194,0.04471226,0.11473246,0.07384928,0.51346153,-0.029137023
461,0.50932205,0.06644119,0.10763665,0.0748894,0.4016854,-0.008448206
462,0.526215,0.043274872,0.07702749,0.056830578,0.44918752,-0.013555706
463,0.6949522,0.083138295,0.11030589,0.08301567,0.5846463,0.00012262166
464,0.61972386,0.06633835,0.08960281,0.063895404,0.530121,0.0024429485
465,0.4071606,0.039155718,0.059533175,0.04442945,0.34762743,-0.0052737333
466,0.32925138,0.07319354,0.062260013,0.04558391,0.26699138,0.027609631
467,0.5188408,0.11121813,0.15684116,0.11832018,0.36199963,-0.00710205
468,0.6662318,0.051600654,0.11835044,0.07192168,0.54788136,-0.020321023
469,0.53284186,0.074186936,0.096257575,0.066020496,0.4365843,0.00816644
470,0.42880738,0.07167612,0.10022429,0.06492041,0.3285831,0.0067557096
471,0.58622503,0.12393128,0.1514961,0.09564495,0.43472892,0.02828633
472,0.6190894,0.0929648,0.15370423,0.10612371,0.4653852,-0.01315891
473,0.29225016,0.122792974,0.08954859,0.06039999,0.20270157,0.062392984
474,0.54150647,0.070030965,0.09028697,0.06621333,0.4512195,0.0038176328
475,0.6180386,0.088244125,0.13386534,0.09326312,0.48417324,-0.005018994
476,0.48655915,0.06786848,0.09852311,0.07314751,0.38803604,-0.0052790344
477,0.41079643,0.075205766,0.075688094,0.05616198,0.33510834,0.019043785
478,0.58437556,0.104870446,0.13596936,0.096966416,0.44840622,0.00790403
479,0.4431405,0.037706953,0.07153407,0.0443626,0.37160644,-0.0066556484
480,0.4564151,0.055622105,0.11806106,0.06630957,0.33835402,-0.010687467
481,0.57080495,0.09397986,0.12973335,0.085833505,0.4410716,0.008146353
482,0.45715073,0.03382231,0.062019836,0.043271184,0.3951309,-0.009448875
483,0.48593855,0.06546708,0.091297634,0.06583453,0.39464092,-0.00036744773
484,0.47353312,0.19860573,0.17795797,0.13640279,0.29557514,0.062202945
485,0.64114064,0.09103856,0.12642293,0.087981656,0.5147177,0.0030569062
486,0.54606175,0.058575325,0.0888964,0.06272538,0.45716536,-0.0041500553
487,0.5491303,0.06934363,0.110037565,0.0792964,0.43909276,-0.009952776
488,0.59440345,0.07627848,0.10550298,0.07392811,0.48890048,0.0023503676
489,0.40333495,0.1002861,0.10133009,0.07103493,0.30200487,0.029251166
490,0.4747575,0.06820689,0.088797815,0.06566143,0.38595968,0.002545461
491,0.4607667,0.08128654,0.10730347,0.07118417,0.35346323,0.010102369
492,0.54372215,0.09300938,0.11955865,0.089003466,0.42416352,0.0040059164
493,0.47988203,0.060915165,0.08659541,0.062039703,0.39328662,-0.0011245385
494,0.46912685,0.051742595,0.085149735,0.06424758,0.38397712,-0.012504984
495,0.6397329,0.14189972,0.15608288,0.116230324,0.48365003,0.025669396
496,0.45079556,0.051166043,0.07094579,0.05129309,0.37984976,-0.0001270473
497,0.7760945,0.08113264,0.11470625,0.07917976,0.6613883,0.0019528866
498,0.3547805,0.082955755,0.09650339,0.06654872,0.25827712,0.016407035
499,0.58656085,0.14573091,0.14970066,0.113012165,0.4368602,0.032718748
500,0.42439312,0.067736745,0.08244675,0.06022861,0.34194636,0.0075081363
501,0.4393742,0.040292323,0.08158728,0.05217275,0.35778692,-0.011880428
502,0.42496824,0.060127914,0.0854574,0.061581623,0.33951086,-0.0014537089
503,0.6290058,0.055812288,0.08566012,0.063372426,0.5433457,-0.0075601377
504,0.59395534,0.05411564,0.07639367,0.05167713,0.5175617,0.0024385117
505,0.6489381,0.108763315,0.12995026,0.09690311,0.5189879,0.011860207
506,0.44512096,0.0876813,0.12332476,0.090724535,0.3217962,-0.0030432343
507,0.53154796,0.084665656,0.08673733,0.05759845,0.44481063,0.027067207
508,0.46425933,0.059328962,0.07749316,0.04980997,0.38676617,0.009518992
509,0.5825276,0.0932054,0.12407035,0.09384949,0.45845723,-0.0006440878
510,0.49675333,0.07295878,0.0898627,0.06262621,0.40689063,0.0103325695
511,0.40346527,0.064509474,0.06693732,0.0445941,0.33652794,0.019915372
512,0.48715988,0.07122059,0.101421185,0.06992273,0.3857387,0.0012978613
513,0.5834915,0.074387215,0.12224817,0.08469656,0.46124333,-0.010309346
514,0.51185375,0.11076802,0.13919815,0.10214721,0.3726556,0.0086208135
515,0.589888,0.06844304,0.104182236,0.07503365,0.48570573,-0.006590612
516,0.47078124,0.06091254,0.097438104,0.06642506,0.37334314,-0.0055125244
517,0.44875333,0.04167862,0.064320184,0.049025524,0.38443315,-0.007346906
518,0.43925488,0.049706995,0.07961299,0.053781196,0.35964188,-0.004074201
519,0.35815594,0.024012934,0.045481395,0.03283403,0.31267455,-0.008821096
520,0.44152474,0.065181,0.06155929,0.047135998,0.37996545,0.018045004
521,0.4569994,0.06548048,0.09739189,0.066143624,0.35960752,-0.0006631464
522,0.5087182,0.07011395,0.12227997,0.08770578,0.38643822,-0.017591834
523,0.5702634,0.082683384,0.09988964,0.07315727,0.47037375,0.009526111
524,0.5597498,0.063910715,0.10071417,0.06928876,0.4590356,-0.005378045
525,0.5007115,0.097357474,0.09983682,0.068240955,0.40087467,0.029116519
526,0.5001052,0.056837365,0.09592476,0.069512494,0.40418044,-0.012675129
527,0.4851065,0.10027823,0.12128005,0.090762995,0.36382645,0.009515233
528,0.76534575,0.089941025,0.11818587,0.07896528,0.6471599,0.010975748
529,0.48493716,0.043525185,0.0752765,0.054876927,0.40966067,-0.011351742
530,0.42066962,0.07006929,0.06902539,0.05069491,0.35164422,0.019374382
531,0.4456153,0.049267087,0.07752986,0.05732512,0.36808544,-0.008058034
532,0.34804034,0.03300403,0.043470364,0.029420411,0.30457,0.0035836194
533,0.5496829,0.052734867,0.102017544,0.07043128,0.44766536,-0.01769641
534,0.46524987,0.10666081,0.10844299,0.082085304,0.35680687,0.02457551
535,0.64771974,0.087115765,0.1314632,0.08730783,0.5162566,-0.00019206852
536,0.56359154,0.056431986,0.090410344,0.06375061,0.4731812,-0.0073186234
537,0.6153091,0.12685952,0.1412057,0.10069461,0.47410342,0.026164904
538,0.7469935,0.07251168,0.16180514,0.10325271,0.5851883,-0.030741028
539,0.5699996,0.07020453,0.1293183,0.08693473,0.44068128,-0.016730197
540,0.4381088,0.040772114,0.069873266,0.04841014,0.36823553,-0.007638026
541,0.50982815,0.123494,0.13677794,0.10533594,0.3730502,0.018158056
542,0.5194199,0.0536296,0.10641358,0.08124354,0.41300634,-0.027613938
543,0.5348727,0.07679736,0.11541983,0.06842667,0.41945288,0.00837069
544,0.56680626,0.08778546,0.10198313,0.0716617,0.46482313,0.016123757
545,0.45294186,0.0830857,0.08573123,0.06230913,0.36721063,0.02077657
546,0.66875535,0.0917484,0.1427106,0.09822668,0.5260447,-0.00647828
547,0.5629809,0.08666306,0.103307664,0.07421619,0.45967323,0.012446873
548,0.3735997,0.096981615,0.13008733,0.08439128,0.24351238,0.012590334
549,0.6524452,0.07701344,0.12497671,0.08591734,0.5274685,-0.008903898
550,0.5894803,0.10186055,0.12073223,0.08858282,0.46874803,0.013277732
551,0.55590796,0.07542982,0.12926354,0.091228575,0.42664444,-0.015798755
552,0.38672397,0.07971721,0.06484516,0.04700889,0.3218788,0.03270832
553,0.35886216,0.025932474,0.058180552,0.035253454,0.30068162,-0.00932098
554,0.5814137,0.07452818,0.15017058,0.10226569,0.43124312,-0.027737513
555,0.5394924,0.08517995,0.13482423,0.09070491,0.4046682,-0.005524963
556,0.55409235,0.05339561,0.11548781,0.07193809,0.43860453,-0.01854248
557,0.42792317,0.04804948,0.0638468,0.039364234,0.36407638,0.008685246
558,0.56831163,0.08636211,0.095452026,0.07466531,0.47285962,0.011696801
559,0.44876096,0.059483293,0.08095902,0.056053925,0.36780193,0.0034293681
560,0.59948736,0.1207429,0.1184316,0.084649146,0.48105577,0.036093757
561,0.5743739,0.002747632,0.033184245,0.02359998,0.5411897,-0.020852348
562,0.51641834,0.08103794,0.11158357,0.07490152,0.40483478,0.0061364174
563,0.54258573,0.062206976,0.09177127,0.058379136,0.45081446,0.00382784
564,0.69855255,0.10036932,0.1467307,0.09844926,0.5518218,0.0019200593
565,0.57425547,0.12116089,0.15516025,0.118277766,0.41909522,0.0028831214
566,0.44889173,0.09190373,0.1321349,0.09400714,0.31675684,-0.0021034107
567,0.51792824,0.10151852,0.12061425,0.08400904,0.39731398,0.017509483
568,0.52751815,0.07270737,0.108524635,0.073457025,0.41899353,-0.00074965507
569,0.5597387,0.06168244,0.10103574,0.07346414,0.45870295,-0.0117817
570,0.29698193,0.054022193,0.057766322,0.040948514,0.23921561,0.013073679
571,0.5049615,0.036429916,0.094087556,0.07118874,0.41087395,-0.034758825
572,0.58836013,0.072729416,0.14480282,0.08953343,0.44355732,-0.016804017
573,0.64553684,0.13763633,0.16475935,0.12157952,0.4807775,0.016056813
574,0.5493658,0.09398563,0.10989182,0.07881225,0.439474,0.015173383
575,0.54653513,0.064094655,0.1341152,0.08488818,0.41241992,-0.020793527
576,0.21009532,0.0292172,0.04497707,0.030551143,0.16511825,-0.0013339426
577,0.58598125,0.08927305,0.12150838,0.08758156,0.46447286,0.0016914904
578,0.5853144,0.080421634,0.10954153,0.07652018,0.47577286,0.0039014518
579,0.62235355,0.063292444,0.0894363,0.06251719,0.53291726,0.00077525526
580,0.661531,0.056133963,0.101330824,0.07237774,0.56020015,-0.016243778
581,0.3925929,0.089925215,0.09610758,0.071222894,0.29648533,0.01870232
582,0.46941355,0.115006536,0.11376375,0.0853633,0.3556498,0.029643238
583,0.5296678,0.016002916,0.03298291,0.021226825,0.49668488,-0.0052239094
584,0.38398907,0.09165115,0.094420224,0.07094867,0.28956884,0.020702481
585,0.42364988,0.101979986,0.087900914,0.06488667,0.33574897,0.03709332
586,0.5008949,0.06354098,0.086903006,0.0643187,0.4139919,-0.0007777214
587,0.4976681,0.07398265,0.07364671,0.05663989,0.42402136,0.017342757
588,0.4518605,0.101567164,0.086542994,0.06618024,0.3653175,0.035386927
589,0.4425538,0.08447238,0.111427896,0.07983897,0.3311259,0.0046334118
590,0.5131975,0.004297044,0.034379844,0.023286164,0.47881764,-0.01898912
591,0.58591783,0.040865123,0.08436275,0.05987106,0.5015551,-0.019005936
592,0.57384807,0.04459482,0.098648116,0.06966045,0.47519994,-0.025065627
593,0.44615808,0.060310517,0.09361679,0.06360917,0.3525413,-0.0032986514
594,0.47639436,0.07578743,0.112515315,0.07886509,0.36387902,-0.003077656
595,0.5458398,0.09969796,0.15077136,0.10310889,0.3950684,-0.003410928
596,0.54881537,0.0711127,0.086049385,0.06267931,0.462766,0.008433387
597,0.720676,0.13744946,0.1837161,0.13388231,0.5369599,0.0035671443
598,0.24803957,0.047098402,0.05515646,0.04478939,0.19288312,0.0023090132
599,0.3418378,0.037168894,0.044132236,0.026236191,0.29770556,0.010932703
600,0.41637385,-0.00211808,0.029081216,0.016091995,0.38729262,-0.018210076
601,0.5026182,0.15619163,0.19924836,0.14438199,0.30336982,0.011809647
602,0.25207892,0.030581715,0.04440747,0.025199166,0.20767145,0.005382549
603,0.29069564,0.035413843,0.06306259,0.038021363,0.22763304,-0.0026075207
604,0.45039913,0.07428452,0.092737496,0.07322578,0.35766163,0.001058735
605,0.50103563,0.09326759,0.15167579,0.0950587,0.34935984,-0.0017911121
606,0.4758176,0.10065427,0.103897,0.071610935,0.3719206,0.029043332
607,0.4633149,0.048059978,0.09416318,0.058760513,0.3691517,-0.010700535
608,0.7071237,0.10824777,0.16173565,0.12545286,0.54538804,-0.01720509
609,0.4189818,0.07648198,0.07748816,0.058830734,0.34149364,0.017651249
610,0.50655127,0.06424208,0.08290368,0.056554914,0.42364758,0.0076871663
611,0.6325331,0.103034765,0.11949405,0.08969379,0.513039,0.013340972
612,0.70649874,0.11710115,0.1555476,0.11272504,0.5509511,0.004376106
613,0.46576178,0.092652455,0.14196044,0.10263565,0.32380134,-0.009983197
614,0.6977545,0.06686698,0.1241115,0.080321334,0.57364297,-0.013454355
615,0.46872768,0.06848008,0.108314544,0.078435615,0.36041313,-0.009955533
616,0.50990075,0.10177996,0.127094,0.08721383,0.38280675,0.014566131
617,0.67795587,0.12963933,0.14633773,0.11465322,0.5316181,0.014986105
618,0.65253586,0.1000786,0.14303797,0.10360434,0.5094979,-0.0035257414
619,0.48284158,0.055051014,0.10291242,0.07127712,0.37992916,-0.016226105
620,0.518766,0.08043059,0.09248295,0.06802556,0.42628303,0.01240503
621,0.5643218,0.10617926,0.081098646,0.059912853,0.48322317,0.046266407
622,0.47724336,0.07149304,0.12938519,0.08590732,0.3478582,-0.014414281
623,0.6686505,0.07738075,0.11410117,0.07552238,0.55454934,0.0018583685
624,0.40674326,0.070656344,0.08776322,0.06457421,0.31898004,0.0060821325
625,0.41877928,0.08541722,0.11609735,0.087114036,0.30268192,-0.0016968176
626,0.3323616,0.049005847,0.08428496,0.051842246,0.24807665,-0.0028363988
627,0.4440289,0.080093145,0.09445043,0.06807655,0.3495785,0.012016594
628,0.57755536,0.08046359,0.12908536,0.096650146,0.44847,-0.016186558
629,0.33622622,0.11477675,0.10123553,0.076708615,0.23499069,0.038068138
630,0.5323823,0.07603161,0.11025814,0.074385546,0.42212418,0.0016460642
631,0.40881076,0.043885123,0.078308076,0.049986552,0.3305027,-0.0061014295
632,0.4911574,0.0727829,0.095210165,0.07199087,0.39594725,0.0007920265
633,0.55531305,0.07564683,0.09152927,0.06254026,0.46378377,0.01310657
634,0.4230555,0.053865913,0.09463352,0.07010073,0.32842198,-0.016234819
635,0.44272777,0.031396795,0.07633178,0.056340475,0.366396,-0.02494368
636,0.5195946,0.11328921,0.13906917,0.10367451,0.38052544,0.009614699
637,0.5018492,0.062029928,0.072072625,0.051968932,0.42977655,0.010060996
638,0.45349842,0.08460742,0.10420537,0.06939335,0.34929305,0.015214071
639,0.5769778,0.01236994,0.042666055,0.03000286,0.5343117,-0.01763292
640,0.46891528,0.07298065,0.08068663,0.061386228,0.38822865,0.011594422
641,0.49806714,0.05784871,0.0952435,0.069181554,0.40282363,-0.011332843
642,0.5684804,0.10818541,0.14187397,0.10701492,0.42660642,0.0011704937
643,0.5420691,0.05690898,0.08838603,0.060911845,0.45368305,-0.0040028654
644,0.35733163,0.055024702,0.095731474,0.0666922,0.26160017,-0.011667501
645,0.5171299,0.0650036,0.08544614,0.061178766,0.43168375,0.0038248375
646,0.59328806,0.0556621,0.097893,0.06740011,0.49539506,-0.0117380135
647,0.35419488,0.07311614,0.103935234,0.07906887,0.25025964,-0.005952731
648,0.34366062,0.033813912,0.060627,0.04386447,0.2830336,-0.010050558
649,0.42618752,0.08201193,0.12517641,0.09878574,0.3010111,-0.016773812
650,0.54184943,0.06856473,0.094152994,0.064949565,0.44769645,0.0036151633
651,0.5410754,0.06872898,0.10546766,0.07378854,0.43560773,-0.005059555
652,0.15218762,0.026995514,0.036283933,0.027699899,0.11590368,-0.00070438534
653,0.6603493,0.0827738,0.14336713,0.0949063,0.5169822,-0.012132503
654,0.5189764,0.0797649,0.123737924,0.0979191,0.39523846,-0.018154196
655,0.5979421,0.12261914,0.14599214,0.111118585,0.45194995,0.011500552
656,0.5164743,0.06383877,0.07606873,0.04958117,0.44040558,0.014257602
657,0.59769803,0.06617515,0.099782676,0.07748254,0.49791536,-0.011307389
658,0.61182266,0.09233237,0.10296433,0.0725729,0.5088583,0.019759469
659,0.5104535,0.060029633,0.113719046,0.075935684,0.39673448,-0.01590605
660,0.45006844,0.04898338,0.085756496,0.053847972,0.36431193,-0.004864592
661,0.5388178,0.032169957,0.09262798,0.057425447,0.44618985,-0.02525549
662,0.3193425,0.058085743,0.064986356,0.04047702,0.25435615,0.017608725
663,0.48756006,0.048740417,0.08043463,0.06063725,0.40712544,-0.011896834
664,0.31624776,0.07118371,0.06025265,0.03915629,0.2559951,0.03202742
665,0.5153838,0.07539679,0.11193586,0.075626045,0.40344793,-0.00022925436
666,0.46717232,0.15988372,0.1188035,0.09256753,0.34836882,0.06731619
667,0.54599565,0.041240096,0.061452974,0.038236126,0.48454267,0.0030039698
668,0.5897717,0.06540749,0.090897426,0.059275053,0.49887425,0.006132439
669,0.52034,0.077554286,0.09106935,0.06323238,0.42927068,0.014321908
670,0.43297365,0.08214232,0.08635065,0.06462854,0.346623,0.017513782
671,0.4957564,0.049761295,0.090157434,0.06826696,0.40559894,-0.018505663
672,0.4558378,0.073115274,0.12035149,0.08402672,0.3354863,-0.010911442
673,0.6280782,0.12749259,0.14446504,0.106842935,0.4836132,0.020649657
674,0.29261166,0.064745784,0.07569037,0.053562183,0.2169213,0.011183601
675,0.42616758,0.052738506,0.07932447,0.053624354,0.34684312,-0.00088584796
676,0.44294456,0.05277287,0.08241132,0.05423318,0.36053324,-0.0014603101
677,0.32708853,0.054818552,0.086162545,0.06331051,0.240926,-0.008491959
678,0.5224758,0.061937075,0.112635285,0.07251318,0.4098405,-0.010576103
679,0.5208717,0.081998296,0.10709876,0.07358489,0.41377294,0.008413404
680,0.5055093,0.064181745,0.09303065,0.06901343,0.4124787,-0.0048316866
681,0.51335347,0.13174559,0.16100422,0.12205853,0.35234925,0.009687059
682,0.5206236,0.039286252,0.06492876,0.04496934,0.45569485,-0.005683087
683,0.56452537,0.044364687,0.091324635,0.060522296,0.47320074,-0.016157608
684,0.40819716,0.061309084,0.086911954,0.06405358,0.32128522,-0.0027444959
685,0.527699,0.057604987,0.08546594,0.06157917,0.44223306,-0.0039741844
686,0.7541259,0.07616304,0.11780286,0.07604657,0.63632303,0.000116467476
687,0.42846128,0.083462864,0.10304176,0.07250078,0.32541952,0.010962084
688,0.26926577,0.03488727,0.040408872,0.030662708,0.22885689,0.004224561
689,0.5982508,0.08459717,0.10052896,0.07308967,0.49772185,0.011507504
690,0.40858108,0.058843497,0.08494451,0.05976306,0.32363656,-0.00091956183
691,0.5651908,0.095810026,0.120544046,0.090262346,0.44464675,0.00554768
692,0.49255976,0.046486635,0.07429622,0.04577678,0.41826355,0.00070985407
693,0.5037431,0.06530265,0.09913905,0.06073328,0.40460408,0.0045693666
694,0.613094,0.10202605,0.12859972,0.099378064,0.48449427,0.0026479885
695,0.5720582,0.07525111,0.102066755,0.07139489,0.46999145,0.0038562194
696,0.39634737,0.0519265,0.08681205,0.065016575,0.30953532,-0.013090074
697,0.6159086,0.07443574,0.12198318,0.08263533,0.49392545,-0.008199587
698,0.66975063,0.12582685,0.1639217,0.12315042,0.5058289,0.0026764274
699,0.3238644,0.06040279,0.08343227,0.05834605,0.24043213,0.0020567365
700,0.3132935,0.04352205,0.04970394,0.03737852,0.26358956,0.006143529
701,0.42237443,0.059723943,0.08798613,0.06252198,0.33438832,-0.0027980357
702,0.2471349,0.045535367,0.050947577,0.035486933,0.19618732,0.010048434
703,0.52254194,0.060765464,0.08677854,0.05838448,0.43576342,0.002380982
704,0.3868879,0.025529211,0.074567564,0.05397374,0.31232035,-0.02844453
705,0.6523611,0.08368281,0.12799022,0.09335364,0.5243709,-0.009670824
706,0.56785303,0.05598986,0.07835141,0.060756568,0.48950163,-0.0047667064
707,0.46558812,0.062299754,0.07082394,0.055361122,0.39476418,0.0069386326
708,0.59860194,0.02775586,0.08386265,0.056872398,0.5147393,-0.029116537
709,0.5599027,0.06738974,0.08769825,0.06404931,0.47220448,0.0033404306
710,0.42777514,0.061606135,0.095392466,0.0716926,0.33238268,-0.010086466
711,0.39188915,0.03970725,0.06526673,0.042909667,0.32662243,-0.003202416
712,0.4445403,0.118612,0.14422463,0.110662326,0.30031568,0.007949673
713,0.63754606,0.048352163,0.09776021,0.062289357,0.53978586,-0.013937194
714,0.5049337,0.09043775,0.10334614,0.07142788,0.40158758,0.019009866
715,0.43026844,0.09830859,0.086631365,0.06694702,0.34363708,0.031361572
716,0.57659554,0.06533415,0.13308878,0.08489148,0.44350678,-0.019557334
717,0.470524,0.050706692,0.087449,0.05265719,0.383075,-0.0019504987
718,0.5757518,0.08221964,0.0976856,0.0678404,0.47806618,0.014379241
719,0.56655544,0.083014145,0.09623384,0.06587562,0.4703216,0.017138526
720,0.5527047,0.0765575,0.11449978,0.081371546,0.4382049,-0.0048140436
721,0.4249686,0.050105836,0.08566598,0.05629216,0.33930263,-0.006186325
722,0.4350861,0.0673859,0.10538176,0.07063587,0.32970434,-0.003249973
723,0.56649053,0.085258536,0.14197429,0.09163489,0.42451626,-0.006376356
724,0.7108134,0.12441149,0.1601487,0.11322131,0.5506647,0.011190183
725,0.38734484,0.035529975,0.06167531,0.04216267,0.32566953,-0.006632697
726,0.47913405,0.05675066,0.11654249,0.08129937,0.36259156,-0.024548713
727,0.64065975,0.11004523,0.13740645,0.09301275,0.5032533,0.017032482
728,0.49007148,0.08985288,0.108628914,0.07624402,0.38144255,0.013608858
729,0.3525932,0.062018618,0.08642898,0.06673787,0.26616424,-0.00471925
730,0.5191734,0.05116496,0.08425645,0.06036122,0.43491694,-0.009196263
731,0.30722722,0.032418672,0.055230822,0.039360177,0.2519964,-0.006941505
732,0.49946627,0.074950345,0.07806143,0.05493309,0.42140484,0.020017255
733,0.5351478,0.061664958,0.1224959,0.08751253,0.4126519,-0.025847573
734,0.63749737,0.14630088,0.13491611,0.1025001,0.50258124,0.04380078
735,0.6778851,0.103903905,0.14731672,0.103273794,0.53056836,0.0006301105
736,0.29699707,0.0919621,0.08578981,0.064987086,0.21120727,0.026975013
737,0.5297053,0.098488234,0.12122179,0.09130491,0.4084835,0.007183321
738,0.55393493,0.04890539,0.07615186,0.056619946,0.47778308,-0.0077145547
739,0.4802457,0.08718405,0.09819636,0.076821096,0.38204935,0.010362953
740,0.57906854,0.10199428,0.12905188,0.0989529,0.45001668,0.0030413866
741,0.5472032,0.057525843,0.09236867,0.06805156,0.45483452,-0.010525718
742,0.49186018,0.07807734,0.11336322,0.080289625,0.37849694,-0.002212286
743,0.615759,0.09682324,0.13579698,0.09337213,0.47996205,0.003451109
744,0.49432415,0.07588173,0.101457596,0.075028546,0.39286655,0.0008531809
745,0.49682686,0.077606544,0.07965482,0.058633152,0.41717204,0.018973392
746,0.46498498,0.05501769,0.083180316,0.061727434,0.38180467,-0.0067097433
747,0.309615,0.021699382,0.04776812,0.030425351,0.26184687,-0.008725969
748,0.60211015,0.06291177,0.100211985,0.069062226,0.50189817,-0.0061504543
749,0.38216856,0.037235804,0.063307635,0.045841623,0.31886092,-0.008605819
750,0.42591324,0.038988188,0.080280036,0.058291696,0.3456332,-0.019303508
751,0.5592775,0.07007535,0.107818596,0.07998328,0.45145887,-0.009907931
752,0.44853038,0.052800607,0.09962067,0.06362177,0.3489097,-0.01082116
753,0.3307584,0.050755918,0.05670661,0.033872124,0.2740518,0.016883794
754,0.45069993,0.0494281,0.07455536,0.053161763,0.37614456,-0.003733661
755,0.5705283,0.047597025,0.08899773,0.05877793,0.4815306,-0.011180904
756,0.44955924,0.048973434,0.07394896,0.048051324,0.3756103,0.00092210993
757,0.45396453,0.09212269,0.08960578,0.06529289,0.36435875,0.026829801
758,0.5132934,0.074502215,0.109729834,0.08192845,0.40356356,-0.007426232
759,0.31584978,0.03950545,0.06648543,0.041640166,0.24936435,-0.002134718
760,0.4241965,0.08989841,0.08815449,0.06668199,0.33604202,0.023216419
761,0.37015456,0.07344377,0.11162411,0.084841244,0.25853044,-0.0113974735
762,0.51680565,0.08078984,0.10849046,0.07862678,0.40831518,0.00216306
763,0.6020508,0.08633281,0.11334873,0.07900363,0.48870206,0.007329181
764,0.5846386,0.054205444,0.08893987,0.06695711,0.49569872,-0.012751665
765,0.7412452,0.119388215,0.1443903,0.10129037,0.5968549,0.018097848
766,0.4023547,0.087562,0.09253291,0.06654674,0.30982178,0.021015264
767,0.43923533,0.10371168,0.109215,0.0760381,0.33002034,0.02767358
768,0.63623244,0.11373749,0.152675,0.11707443,0.48355743,-0.0033369437
769,0.48349985,0.019188294,0.06265664,0.043912422,0.4208432,-0.024724128
770,0.59269536,0.099392645,0.111558974,0.08068816,0.48113638,0.018704481
771,0.59878755,0.12536225,0.11839315,0.08302044,0.4803944,0.042341806
772,0.5664324,0.12980375,0.12956658,0.09076211,0.43686584,0.03904164
773,0.6178087,0.07942364,0.116396286,0.08068313,0.5014124,-0.0012594834
774,0.51206976,0.083910465,0.11151051,0.07594685,0.40055925,0.007963613
775,0.49646652,0.10004287,0.12538858,0.09535879,0.37107795,0.004684083
776,0.67474836,0.07944718,0.09244959,0.066651754,0.58229876,0.012795426
777,0.551923,0.054001536,0.078931905,0.05745471,0.47299108,-0.0034531727
778,0.445002,0.06182017,0.098935336,0.06994048,0.34606665,-0.008120306
779,0.55190206,0.061249208,0.07918614,0.059119407,0.4727159,0.0021298006
780,0.36165658,0.046326824,0.07052925,0.046918157,0.29112732,-0.00059133396
781,0.41429955,0.086921014,0.09718896,0.071420945,0.3171106,0.015500069
782,0.4660403,0.089408614,0.1290527,0.09110108,0.3369876,-0.0016924664
783,0.5405773,0.06299257,0.08317221,0.06404744,0.4574051,-0.0010548681
784,0.42852336,0.05863925,0.062991835,0.050217662,0.36553153,0.008421589
785,0.45253104,0.09955161,0.109741114,0.08537595,0.34278992,0.014175661
786,0.5359769,0.07056568,0.07629696,0.053942814,0.45967993,0.016622864
787,0.42100534,0.053552356,0.06949194,0.05133953,0.3515134,0.0022128262
788,0.45677635,0.07642082,0.09754049,0.064794905,0.35923585,0.011625916
789,0.4867555,0.07683796,0.06467725,0.050793823,0.42207825,0.026044134
790,0.4426399,0.073580556,0.102174595,0.077852435,0.3404653,-0.00427188
791,0.45915723,0.109064616,0.123769104,0.09012637,0.33538812,0.018938243
792,0.49938723,0.1379464,0.08780667,0.068196245,0.41158056,0.06975015
793,0.30867302,0.102003224,0.10276656,0.0753293,0.20590647,0.026673928
794,0.5548571,0.08982455,0.14208058,0.095691726,0.4127765,-0.0058671758
795,0.48072508,0.0953833,0.093908995,0.06813297,0.38681608,0.027250335
796,0.46600726,0.0525074,0.07663832,0.05313476,0.38936895,-0.00062736124
797,0.5332555,0.033082232,0.10283902,0.075078644,0.4304165,-0.041996412
798,0.5481549,0.066490605,0.0827806,0.059282638,0.4653743,0.0072079673
799,0.39911467,0.064805746,0.08495304,0.06593209,0.31416163,-0.0011263415
800,0.5687266,0.101723835,0.1154483,0.08631751,0.4532783,0.015406325
801,0.6298766,0.09678545,0.08621036,0.06274587,0.54366624,0.03403958
802,0.5010184,0.09768858,0.11539546,0.08249261,0.38562295,0.015195966
803,0.37958485,0.041188113,0.050590668,0.036921956,0.32899418,0.0042661577
804,0.5624431,0.09503671,0.1047698,0.0752035,0.45767328,0.019833207
805,0.56990534,0.016526531,0.05028885,0.034439865,0.5196165,-0.017913334
806,0.30844763,0.06392677,0.07352088,0.054873277,0.23492676,0.009053495
807,0.573036,0.07608858,0.09791893,0.071260996,0.4751171,0.0048275813
808,0.4451239,0.07519525,0.09993389,0.07323534,0.34519002,0.0019599125
809,0.4599245,0.08297145,0.078908555,0.058662128,0.38101593,0.024309326
810,0.40124527,0.06934634,0.08633778,0.057578262,0.3149075,0.011768077
811,0.46996355,0.067374595,0.08240507,0.0522454,0.3875585,0.015129194
812,0.46734482,0.07617732,0.11031784,0.082519636,0.357027,-0.006342314
813,0.65644073,0.12592666,0.16601186,0.122797385,0.49042886,0.0031292737
814,0.40550366,0.09704159,0.102992386,0.069164015,0.30251127,0.027877577
815,0.27816162,0.03449991,0.07705954,0.054610454,0.20110208,-0.020110544
816,0.5657376,0.06168374,0.08753335,0.069997005,0.47820425,-0.008313265
817,0.48910525,0.06393654,0.09859558,0.070017345,0.39050967,-0.0060808063
818,0.421886,0.057917405,0.09129741,0.06315644,0.33058858,-0.005239036
819,0.44172376,0.052462768,0.055497736,0.03409668,0.38622603,0.018366087
820,0.50177544,0.045626942,0.07341488,0.04649285,0.42836058,-0.0008659065
821,0.64024436,0.09279793,0.13203368,0.09183595,0.50821066,0.00096197426
822,0.31642184,0.053800054,0.0512382,0.035838515,0.26518363,0.01796154
823,0.4474426,0.061829455,0.08917183,0.058599,0.35827076,0.0032304563
824,0.46951383,0.08010994,0.108012326,0.07190742,0.36150151,0.008202516
825,0.4090518,0.043512974,0.055856977,0.04068453,0.35319483,0.0028284453
826,0.47222883,0.0684871,0.08963016,0.06567817,0.38259867,0.0028089285
827,0.4479525,0.080204256,0.1170516,0.084767036,0.3309009,-0.0045627803
828,0.48927778,0.112969495,0.12552546,0.08619441,0.3637523,0.026775084
829,0.41247767,0.064753465,0.07074387,0.054114033,0.3417338,0.010639433
830,0.54297024,0.054800197,0.09148206,0.059821986,0.4514882,-0.005021788
831,0.5781691,0.06036852,0.09365018,0.065643325,0.48451895,-0.005274806
832,0.5119401,0.0528061,0.117853776,0.08032844,0.39408636,-0.02752234
833,0.6111686,0.055986803,0.10408618,0.07179863,0.50708246,-0.015811827
834,0.33888724,0.05560968,0.07407825,0.052530836,0.264809,0.0030788444
835,0.5469016,0.15119156,0.1613002,0.1302703,0.3856014,0.02092126
836,0.3891948,0.033951312,0.078367144,0.056495585,0.31082764,-0.022544272
837,0.5640008,0.097249754,0.14076743,0.10314179,0.42323336,-0.0058920383
838,0.49345198,0.073536456,0.09831038,0.0696086,0.3951416,0.0039278567
839,0.5326296,0.096857294,0.13038999,0.08995661,0.40223962,0.006900683
840,0.515418,0.07389945,0.091581896,0.07153313,0.4238361,0.0023663193
841,0.40459934,0.08291108,0.08609035,0.060618006,0.31850898,0.022293076
842,0.5251881,0.107226096,0.14452514,0.104671136,0.38066295,0.0025549605
843,0.52253664,0.066547774,0.107900254,0.06981869,0.41463637,-0.0032709166
844,0.5574546,0.06901139,0.10330805,0.07396458,0.45414653,-0.0049531907
845,0.46274173,0.09320295,0.10499278,0.080380365,0.35774896,0.012822583
846,0.49976236,0.04678605,0.09947817,0.07270107,0.40028417,-0.025915015
847,0.48343515,0.07535539,0.09631297,0.06915819,0.38712218,0.006197199
848,0.39926907,0.095861055,0.08699617,0.060479864,0.3122729,0.03538119
849,0.50524974,0.17733485,0.14817126,0.11821468,0.3570785,0.059120163
850,0.57663286,0.083437294,0.0826025,0.059375953,0.49403036,0.02406134
851,0.472913,0.095021166,0.113202944,0.07843175,0.35971004,0.016589418
852,0.3307238,0.05410925,0.10345877,0.07449249,0.22726503,-0.020383243
853,0.59965,0.13407485,0.13561459,0.08972676,0.46403545,0.04434809
854,0.5250012,0.099582985,0.14287029,0.09565506,0.38213092,0.0039279237
855,0.6684497,0.0963317,0.12178519,0.08129284,0.5466645,0.015038863
856,0.54014534,0.0945776,0.121861786,0.08107365,0.41828355,0.013503954
857,0.63546354,0.12602471,0.17272961,0.12790294,0.46273392,-0.0018782318
858,0.664742,0.0824903,0.15126859,0.09497222,0.5134734,-0.01248192
859,0.4983749,0.045405116,0.0771532,0.04859453,0.4212217,-0.0031894147
860,0.47811818,0.1046858,0.08520059,0.060379952,0.39291757,0.044305846
861,0.5328925,0.07717982,0.09749744,0.06657185,0.4353951,0.010607973
862,0.3591419,0.0492225,0.06211288,0.04520696,0.29702902,0.004015539
863,0.50187963,0.07767319,0.09441634,0.07061453,0.40746328,0.0070586577
864,0.5334073,0.100065015,0.118425466,0.08026333,0.4149818,0.019801684
865,0.5792906,0.13346891,0.1424025,0.10064797,0.43688813,0.03282094
866,0.4755153,0.053589355,0.11848784,0.08505633,0.35702747,-0.031466972
867,0.56831235,0.07746285,0.13368745,0.09336503,0.4346249,-0.015902176
868,0.38149124,0.045873083,0.07963002,0.05094971,0.30186123,-0.005076628
869,0.6711233,0.10349286,0.1365434,0.09648143,0.53457993,0.007011436
870,0.5187125,0.03500107,0.04968844,0.03540416,0.4690241,-0.0004030913
871,0.60101014,0.049791586,0.09100561,0.056090105,0.5100045,-0.0062985197
872,0.48088357,0.05824141,0.110455,0.07270102,0.37042856,-0.014459614
873,0.40767655,0.052989624,0.093041874,0.068923585,0.31463468,-0.01593396
874,0.4343989,0.102723435,0.10826022,0.07950446,0.32613868,0.023218974
875,0.40245888,0.091807164,0.10472551,0.07904207,0.29773337,0.012765095
876,0.5631564,0.10850603,0.1509758,0.10171741,0.41218063,0.006788619
877,0.45965356,0.09072453,0.115928374,0.07511316,0.34372517,0.015611365
878,0.54816496,0.07310881,0.08310482,0.058360185,0.46506014,0.014748622
879,0.5049768,0.0796712,0.09727712,0.06880138,0.4076997,0.010869816
880,0.37849054,0.06504772,0.06680871,0.05221428,0.31168184,0.012833439
881,0.4296758,0.05800881,0.06693603,0.051327843,0.36273974,0.0066809654
882,0.5221125,0.07225942,0.09586075,0.062398423,0.42625174,0.009860996
883,0.43829623,0.06265022,0.11985275,0.07760279,0.31844348,-0.01495257
884,0.4820284,0.04824272,0.074989766,0.053299867,0.40703863,-0.005057145
885,0.5121633,0.05708502,0.07026105,0.05203102,0.44190222,0.005053997
886,0.35100207,0.0784054,0.091679595,0.06670143,0.25932246,0.0117039755
887,0.45773852,0.039638266,0.07343354,0.051148385,0.38430497,-0.011510119
888,0.36622396,0.04190058,0.08531873,0.054546922,0.28090525,-0.012646344
889,0.612765,0.08623592,0.12156432,0.08058793,0.4912007,0.005647987
890,0.6421006,0.10474186,0.120432846,0.08956372,0.5216677,0.0151781365
891,0.55138636,0.019609487,0.040500477,0.029526355,0.5108859,-0.009916868
892,0.48917845,0.06067348,0.086010754,0.06156053,0.4031677,-0.0008870512
893,0.45559075,0.08948014,0.115716495,0.08176961,0.33987427,0.0077105314
894,0.583296,0.06312439,0.10167533,0.07521605,0.48162067,-0.012091659
895,0.56363684,0.063484915,0.08457639,0.05878746,0.47906044,0.004697453
896,0.7014178,0.11668945,0.12822083,0.09330838,0.573197,0.02338107
897,0.43696955,0.048471525,0.077690594,0.052907694,0.35927895,-0.004436169
898,0.48975405,0.09879784,0.11004577,0.08220586,0.3797083,0.016591981
899,0.43441468,0.10784376,0.09158048,0.068486094,0.3428342,0.039357662
900,0.5382644,0.10100176,0.11359975,0.082298115,0.42466465,0.018703647
901,0.36189193,0.0864147,0.084689595,0.059898015,0.27720234,0.026516687
902,0.6015301,0.11959449,0.14836302,0.098227814,0.45316705,0.021366678
903,0.47984082,0.0907592,0.12077972,0.09301945,0.3590611,-0.0022602454
904,0.42025274,0.035118088,0.06674175,0.04546641,0.35351098,-0.010348324
905,0.5631393,0.08350625,0.13684693,0.09548722,0.4262924,-0.011980973
906,0.44359154,0.070303135,0.12243965,0.07994244,0.32115188,-0.009639308
907,0.48235488,0.034170568,0.06259663,0.041959547,0.41975826,-0.0077889785
908,0.62170523,0.09912823,0.14339353,0.10448143,0.47831172,-0.0053531975
909,0.5061199,0.06078564,0.10700726,0.07876422,0.39911264,-0.017978583
910,0.50786424,0.071370505,0.08949627,0.06640081,0.41836798,0.0049696937
911,0.55870926,0.061043773,0.103026256,0.07513925,0.455683,-0.014095474
912,0.4883772,0.043462355,0.08423842,0.056594744,0.4041388,-0.01313239
913,0.5037192,0.03985234,0.065283515,0.04564898,0.4384357,-0.005796641
914,0.6536365,0.050440703,0.0832382,0.060163736,0.57039833,-0.009723034
915,0.57092834,0.10194003,0.10714201,0.07887756,0.46378633,0.023062468
916,0.51403517,0.066280864,0.11416164,0.07479903,0.39987352,-0.008518167
917,0.3870002,0.058952212,0.07407788,0.049137305,0.31292233,0.009814907
918,0.52104795,0.067505665,0.101121314,0.068563506,0.41992664,-0.0010578409
919,0.44189978,0.07698985,0.083894186,0.049249887,0.35800558,0.027739964
920,0.43422768,0.042586427,0.07364774,0.05665314,0.36057994,-0.014066711
921,0.45752928,0.068975285,0.07555983,0.05096163,0.38196945,0.018013656
922,0.3908066,0.048485503,0.06922035,0.04476431,0.32158625,0.0037211925
923,0.5845131,0.10494726,0.15580499,0.112289906,0.42870814,-0.007342644
924,0.42260474,0.04480568,0.076329865,0.05569192,0.34627488,-0.010886241
925,0.66036606,0.027814258,0.060837306,0.038477287,0.59952873,-0.010663029
926,0.5502911,0.0462488,0.09115474,0.06776196,0.45913637,-0.021513157
927,0.55252486,0.080750555,0.11852436,0.08696274,0.4340005,-0.0062121823
928,0.48953077,0.07009459,0.08436725,0.061101016,0.40516353,0.008993577
929,0.5552939,0.056863576,0.07233727,0.054580998,0.48295665,0.0022825785
930,0.4650486,0.10555999,0.13310067,0.10688038,0.33194792,-0.0013203919
931,0.5236465,0.10349527,0.11110324,0.067854665,0.41254324,0.035640605
932,0.50630736,0.083292894,0.106092736,0.08305375,0.4002146,0.00023914129
933,0.41550454,0.07016617,0.08464785,0.06337009,0.33085668,0.006796077
934,0.52902925,0.08143252,0.08848037,0.058792442,0.4405489,0.02264008
935,0.5100602,0.0705044,0.10616558,0.07574031,0.4038946,-0.0052359104
936,0.40500474,0.04958111,0.06703244,0.04258874,0.33797228,0.00699237
937,0.56158733,0.071146004,0.10886066,0.06942566,0.45272666,0.0017203465
938,0.57767344,0.0776276,0.09781045,0.071119875,0.479863,0.0065077245
939,0.6926798,0.11665315,0.14644207,0.11111125,0.54623777,0.0055418983
940,0.5209145,0.08292776,0.099592164,0.07023505,0.42132235,0.012692712
941,0.39089596,0.06406049,0.09599186,0.06400215,0.2949041,5.8338046e-05
942,0.2762518,0.058623854,0.066818014,0.051510755,0.20943378,0.007113099
943,0.6045392,0.06820537,0.109646246,0.08126837,0.49489295,-0.013062999
944,0.4740802,0.069742955,0.09296425,0.068540834,0.38111597,0.0012021214
945,0.49335566,0.06909299,0.10299468,0.07151411,0.39036098,-0.0024211183
946,0.5040845,0.054629073,0.071907945,0.05286051,0.4321766,0.001768563
947,0.5454687,0.07458836,0.109747246,0.07057788,0.43572146,0.004010476
948,0.46919847,0.066234134,0.076713406,0.0534117,0.39248505,0.012822434
949,0.478713,0.09607614,0.09721357,0.0680766,0.38149944,0.027999535
950,0.44257984,0.050935555,0.098683424,0.0683692,0.34389642,-0.017433647
951,0.5006782,0.077984266,0.11875884,0.07884637,0.38191932,-0.0008621067
952,0.39590093,0.046098407,0.0874752,0.06199823,0.30842572,-0.015899822
953,0.6240084,0.09783942,0.14485016,0.0968723,0.47915825,0.0009671226
954,0.57262665,0.084013015,0.116868496,0.074358486,0.45575815,0.009654529
955,0.42470646,0.06923088,0.084112294,0.06476222,0.34059417,0.004468657
956,0.6155314,0.09737255,0.11109113,0.07794872,0.50444025,0.019423828
957,0.40233168,0.04870578,0.09272446,0.061037656,0.3096072,-0.012331877
958,0.57554495,0.113192715,0.110470645,0.07531338,0.4650743,0.037879333
959,0.60785675,0.012493556,0.04045153,0.029816238,0.5674052,-0.017322682
960,0.5817458,0.083951525,0.13083735,0.08240002,0.45090845,0.0015515089
961,0.3022906,0.04165712,0.0611378,0.043683738,0.2411528,-0.0020266175
962,0.53094983,0.075409025,0.087148495,0.063019544,0.44380134,0.012389481
963,0.56680816,0.06774156,0.08580058,0.061917804,0.48100758,0.005823754
964,0.39663294,0.053688776,0.082623675,0.063098885,0.31400925,-0.009410109
965,0.4491473,0.093003765,0.1161418,0.083961666,0.33300552,0.009042099
966,0.45829523,0.09904184,0.11680975,0.0854535,0.34148547,0.013588339
967,0.4927502,0.066273876,0.098918274,0.07598441,0.3938319,-0.009710535
968,0.2922126,0.05687712,0.06714148,0.048068274,0.22507113,0.0088088475
969,0.5261031,0.12859912,0.099437945,0.07431359,0.42666513,0.054285534
970,0.5275027,0.05116017,0.081948906,0.056459866,0.4455538,-0.005299695
971,0.39803663,0.049911447,0.0755614,0.054639786,0.32247522,-0.0047283396
972,0.40667254,0.06389945,0.07686022,0.05417391,0.32981232,0.009725541
973,0.61200035,0.039168075,0.07983053,0.049736872,0.5321698,-0.010568798
974,0.57841176,0.13174343,0.11340911,0.08926825,0.46500266,0.04247518
975,0.49871767,0.045425303,0.08070892,0.05722921,0.41800874,-0.011803906
976,0.491911,0.08205122,0.12513448,0.09715012,0.36677653,-0.0150989
977,0.415874,0.07431618,0.08006233,0.0620421,0.33581167,0.012274083
978,0.49479896,0.075786464,0.076989055,0.0575904,0.4178099,0.018196065
979,0.31873134,0.047133178,0.07718363,0.054416146,0.2415477,-0.0072829686
980,0.424611,0.062397093,0.09871731,0.065185905,0.3258937,-0.002788812
981,0.49256194,0.080497436,0.11776036,0.08512695,0.37480158,-0.004629515
982,0.61462253,0.10903331,0.08986688,0.05745159,0.52475566,0.051581718
983,0.4477777,0.09181804,0.13725433,0.09154235,0.31052336,0.00027569383
984,0.5814297,0.059239663,0.09503429,0.074709065,0.48639542,-0.015469402
985,0.6419008,0.08798566,0.11433628,0.086870305,0.5275645,0.0011153519
986,0.65917593,0.12940696,0.16313784,0.13027982,0.49603808,-0.0008728653
987,0.67804044,0.054632716,0.10148681,0.059385244,0.57655364,-0.004752528
988,0.52752703,0.052661803,0.08934845,0.065488875,0.4381786,-0.012827072
989,0.5270456,0.11274019,0.1382691,0.09862592,0.3887765,0.014114268
990,0.50264555,0.049910378,0.09879569,0.06689761,0.40384987,-0.01698723
991,0.5483733,0.08371571,0.10347431,0.07694855,0.44489896,0.0067671537
992,0.6009937,0.11414908,0.156884,0.11947379,0.44410968,-0.005324714
993,0.47910246,0.10693638,0.13701417,0.093406826,0.34208828,0.013529554
994,0.5291123,0.08050693,0.083742425,0.06366668,0.44536984,0.01684025
995,0.46785495,0.065016896,0.084093936,0.06011414,0.38376102,0.004902754
996,0.40585724,0.07812989,0.09082326,0.066276625,0.31503397,0.011853263
997,0.36593464,0.057668436,0.07692243,0.056861334,0.2890122,0.00080710277
998,0.48321632,0.07986319,0.08815184,0.060286555,0.39506447,0.019576635
999,0.39323273,0.070017196,0.08066533,0.05923089,0.3125674,0.010786306
1000,0.526126,0.08473571,0.105803385,0.07112399,0.42032266,0.013611719
1001,0.54745144,0.09303282,0.12734495,0.09213881,0.42010647,0.00089401007
1002,0.46927977,0.027749754,0.081593946,0.057820503,0.38768584,-0.030070748
1003,0.51374114,0.04607113,0.08092421,0.055732507,0.43281692,-0.0096613765
1004,0.5121282,0.053098775,0.06904632,0.047428936,0.44308186,0.0056698397
1005,0.5924386,0.057209842,0.13654023,0.08646367,0.45589834,-0.029253826
1006,0.5764645,0.09093354,0.11657522,0.07484945,0.45988926,0.01608409
1007,0.7584896,0.14688034,0.16958249,0.1290755,0.5889071,0.017804846
1008,0.56628644,0.04919846,0.061392784,0.04481219,0.50489366,0.0043862686
1009,0.6310462,0.13616225,0.17420395,0.13048069,0.45684224,0.0056815594
1010,0.48240647,0.052128904,0.094005324,0.066140644,0.38840115,-0.014011741
1011,0.55700195,0.05654894,0.086365834,0.060464922,0.47063613,-0.003915984
1012,0.34594098,0.0602923,0.07646986,0.05302858,0.2694711,0.00726372
1013,0.47653896,0.057519294,0.08620119,0.061725546,0.39033777,-0.0042062514
1014,0.5939241,0.15211369,0.14609091,0.113510996,0.44783318,0.038602695
1015,0.44721267,0.049317386,0.089036904,0.06244433,0.35817575,-0.013126943
1016,0.46793973,0.057733335,0.08081412,0.057157703,0.3871256,0.00057563186
1017,0.40908325,0.054613385,0.06236224,0.043825433,0.346721,0.010787953
1018,0.3741464,0.07835818,0.06677889,0.047536004,0.3073675,0.030822176
1019,0.61147106,0.08261455,0.12354745,0.08377913,0.48792362,-0.0011645779
1020,0.54675514,0.06860178,0.13618284,0.09658436,0.4105723,-0.027982578
1021,0.4496238,0.054959018,0.094835445,0.06867281,0.35478836,-0.013713796
1022,0.36292458,0.032687694,0.047850374,0.035940148,0.3150742,-0.003252454
1023,0.56542885,0.053532925,0.093355685,0.06744919,0.47207317,-0.013916265
1024,0.55806714,0.038095087,0.10323951,0.06365959,0.45482764,-0.025564507
1025,0.57475245,0.14849366,0.15565547,0.10220341,0.41909698,0.046290256
1026,0.2924293,0.035260025,0.056986693,0.041650362,0.23544261,-0.006390337
1027,0.43752813,0.047602385,0.09432002,0.06542343,0.3432081,-0.017821044
1028,0.47678182,0.060746495,0.10332622,0.06894807,0.37345558,-0.008201573
1029,0.45332083,0.05236003,0.080678865,0.062554725,0.37264198,-0.010194693
1030,0.41011304,0.044601753,0.07550901,0.05386456,0.33460402,-0.009262808
1031,0.6444519,0.03236161,0.09141788,0.060765352,0.55303407,-0.02840374
1032,0.62385327,0.11697291,0.1438159,0.11404711,0.48003736,0.0029257983
1033,0.71148604,0.079227276,0.14196222,0.0982323,0.5695238,-0.019005023
1034,0.46274292,0.06887639,0.09937625,0.06678725,0.36336666,0.0020891428
1035,0.41553572,0.06048818,0.083426364,0.058915354,0.33210936,0.001572825
1036,0.555861,0.063502036,0.12293028,0.07658193,0.4329307,-0.013079897
1037,0.40361723,0.031626604,0.06468184,0.044058,0.33893538,-0.012431394
1038,0.5704842,0.09701772,0.120637886,0.084594585,0.44984633,0.012423135
1039,0.42959398,0.12937152,0.0839234,0.04967885,0.34567058,0.07969268
1040,0.56824404,0.09200707,0.11352267,0.08802294,0.45472136,0.003984131
1041,0.3482087,0.056737978,0.09510619,0.07056751,0.2531025,-0.013829533
1042,0.5691307,0.10996998,0.15148138,0.1026456,0.41764933,0.0073243827
1043,0.5839811,0.05998272,0.104182504,0.075202055,0.4797986,-0.0152193345
1044,0.54587466,0.025201108,0.080771,0.048384257,0.46510366,-0.023183148
1045,0.6237251,0.11334946,0.12830283,0.09637525,0.4954223,0.01697421
1046,0.40590113,0.07291391,0.08666079,0.06331227,0.31924033,0.009601638
1047,0.5363976,0.08269057,0.12644742,0.087076575,0.40995014,-0.004386008
1048,0.4282443,0.08117626,0.10877362,0.078123316,0.31947067,0.0030529425
1049,0.4428708,0.0800334,0.10208643,0.07519116,0.34078437,0.0048422366
1050,0.64290124,0.073242046,0.11334001,0.07432346,0.5295612,-0.0010814145
1051,0.53093,0.08601212,0.12456205,0.0877344,0.40636793,-0.0017222837
1052,0.38187975,0.06343893,0.07844236,0.05175158,0.30343738,0.0116873495
1053,0.6086047,0.09478605,0.13393588,0.09726037,0.47466886,-0.002474323
1054,0.3728112,0.047843765,0.06626382,0.047115747,0.30654737,0.0007280186
1055,0.34508437,0.06421616,0.08160292,0.05752255,0.26348144,0.006693609
1056,0.2922837,0.023260381,0.036192536,0.024074964,0.25609118,-0.00081458315
1057,0.52353305,0.06785884,0.089348376,0.0647381,0.43418467,0.0031207353
1058,0.65074116,0.10502816,0.12376975,0.090638116,0.5269714,0.014390044
1059,0.45926544,0.035481106,0.06993691,0.04760413,0.38932854,-0.012123022
1060,0.6693885,0.083040826,0.112509936,0.07845085,0.55687857,0.004589975
1061,0.54290926,0.112742305,0.15272304,0.10610587,0.39018622,0.0066364333
1062,0.3445145,0.050384082,0.06320181,0.0423748,0.28131267,0.008009281
1063,0.55559564,0.057893224,0.09581242,0.06658273,0.45978323,-0.008689508
1064,0.5629795,0.06658875,0.119351394,0.08459534,0.44362813,-0.018006586
1065,0.49611166,0.07107602,0.1005517,0.06637314,0.39555997,0.004702881
1066,0.51514405,0.05266276,0.07669733,0.05876164,0.43844673,-0.0060988814
1067,0.4959097,0.057973552,0.08890809,0.060604315,0.4070016,-0.0026307628
1068,0.32308477,0.056101236,0.069323294,0.045712095,0.25376147,0.010389142
1069,0.4914014,0.05412987,0.07679879,0.055768102,0.4146026,-0.0016382337
1070,0.58645463,0.06386656,0.107576974,0.070585184,0.47887766,-0.0067186207
1071,0.4526811,0.037049796,0.056526814,0.041697897,0.39615428,-0.0046481006
1072,0.59467417,0.07166662,0.11377221,0.08172808,0.48090196,-0.010061458
1073,0.33068797,0.124226496,0.1253854,0.077257074,0.20530257,0.04696942
1074,0.47068536,0.10248947,0.11157818,0.08172331,0.3591072,0.020766161
1075,0.59111464,0.034477346,0.060454715,0.040674683,0.5306599,-0.006197337
1076,0.65730625,0.08527511,0.11433365,0.070744604,0.5429726,0.01453051
1077,0.37289166,0.07998193,0.06531467,0.048945032,0.30757698,0.031036898
1078,0.46240345,0.07640776,0.10145868,0.07104706,0.36094475,0.0053607
1079,0.53772795,0.11914412,0.12537356,0.097458936,0.4123544,0.021685183
1080,0.6013563,0.07751015,0.09433614,0.06979251,0.5070202,0.007717639
1081,0.44617787,0.0708224,0.08452868,0.05906921,0.3616492,0.011753194
1082,0.54963297,0.06829565,0.0969129,0.07014095,0.45272008,-0.0018453002
1083,0.539676,0.07935158,0.08897046,0.061758958,0.45070556,0.017592624
1084,0.5928522,0.048744094,0.102536716,0.070725605,0.49031547,-0.021981511
1085,0.4424061,0.05123447,0.08977937,0.061494686,0.3526267,-0.010260217
1086,0.4555008,0.058020364,0.085913494,0.063674524,0.3695873,-0.00565416
1087,0.5544381,0.06289872,0.10136202,0.067610085,0.4530761,-0.004711367
1088,0.349693,0.05335154,0.08073466,0.05901884,0.26895833,-0.005667299
1089,0.41726604,0.079440825,0.077855825,0.058180057,0.33941022,0.021260768
1090,0.60800374,0.10904518,0.15347134,0.102680065,0.45453238,0.006365113
1091,0.39875764,0.036067005,0.102387935,0.06356051,0.2963697,-0.027493503
1092,0.66942847,0.09305929,0.11972743,0.09056181,0.54970104,0.0024974793
1093,0.6051382,0.08187527,0.10403937,0.06492361,0.5010988,0.016951665
1094,0.5274322,0.020352788,0.044283547,0.027157905,0.48314866,-0.0068051163
1095,0.5250626,0.12016528,0.102168284,0.06945036,0.42289433,0.050714917
1096,0.4187009,0.08970552,0.10343125,0.072805844,0.31526965,0.016899675
1097,0.5033497,0.073112614,0.110004276,0.07848305,0.39334545,-0.005370438
1098,0.50428826,0.058254562,0.08552799,0.06423167,0.41876027,-0.005977109
1099,0.38890427,0.079403765,0.095707804,0.06685404,0.29319647,0.012549728
1100,0.39352068,0.03701244,0.07857771,0.054157447,0.31494296,-0.017145008
1101,0.44761515,0.05165491,0.08869999,0.062311336,0.35891515,-0.010656428
1102,0.62084913,0.12534887,0.15541653,0.10503114,0.46543258,0.020317726
1103,0.43818298,0.07850289,0.10324428,0.07952109,0.3349387,-0.0010181963
1104,0.6122037,0.11513129,0.118981846,0.08925178,0.49322188,0.02587951
1105,0.3889543,0.052779038,0.08681059,0.059782848,0.30214372,-0.0070038103
1106,0.5604053,0.07331011,0.14431842,0.08667486,0.4160869,-0.013364755
1107,0.31244403,0.059507955,0.085179836,0.06364794,0.2272642,-0.004139986
1108,0.61650044,0.10975292,0.15217987,0.10784466,0.46432057,0.001908265
1109,0.4788401,0.08692174,0.091612205,0.07009192,0.3872279,0.016829818
1110,0.4379328,0.0698751,0.07470098,0.054430604,0.3632318,0.015444495
1111,0.5081275,0.077918,0.111406736,0.078309506,0.39672077,-0.00039150566
1112,0.5834522,0.0446402,0.09397156,0.06896007,0.48948067,-0.024319872
1113,0.26884958,0.034919366,0.06491098,0.043651056,0.2039386,-0.008731689
1114,0.3476197,0.06065583,0.08959219,0.061376434,0.25802752,-0.00072060525
1115,0.48056683,0.09828481,0.09842322,0.07188889,0.38214362,0.026395924
1116,0.39096174,0.06114561,0.090924844,0.06114696,0.3000369,-1.3485551e-06
1117,0.55584913,0.06212641,0.0875172,0.06275862,0.46833193,-0.00063220784
1118,0.47098926,0.055408757,0.08076582,0.058725856,0.39022344,-0.003317099
1119,0.33079737,0.050238576,0.08942895,0.070153974,0.24136843,-0.019915398
1120,0.20292152,0.03567674,0.048790302,0.033090305,0.15413122,0.0025864355
1121,0.40992665,0.06369089,0.09283335,0.06413825,0.3170933,-0.0004473552
1122,0.57840616,0.0930847,0.10519327,0.07081903,0.4732129,0.022265673
1123,0.6485157,0.065251544,0.14139026,0.1031692,0.50712544,-0.03791766
1124,0.40792772,0.08418552,0.10137088,0.06849278,0.30655685,0.01569274
1125,0.43779907,0.021213967,0.06596375,0.045449093,0.37183532,-0.024235126
1126,0.38496643,0.05562908,0.06120859,0.045906562,0.32375783,0.009722516
1127,0.5521056,0.06446451,0.10582283,0.071638614,0.44628277,-0.0071741045
1128,0.15424491,0.018212073,0.032801677,0.023284012,0.12144324,-0.00507194
1129,0.56626046,0.07177109,0.10778314,0.076659806,0.45847732,-0.0048887134
1130,0.46855345,0.09835535,0.10307934,0.07077477,0.3654741,0.027580582
1131,0.597739,0.076571204,0.114834785,0.08400732,0.4829042,-0.007436119
1132,0.56669825,0.09375479,0.13458373,0.10646762,0.43211454,-0.012712829
1133,0.5459404,0.09734727,0.1262404,0.08389643,0.4197,0.013450839
1134,0.5738753,0.11408883,0.1371179,0.09703751,0.4367574,0.017051324
1135,0.59237844,0.08602874,0.092396915,0.065598376,0.49998152,0.020430364
1136,0.50518024,0.06747633,0.080833174,0.056055274,0.42434707,0.011421058
1137,0.3939512,0.03406283,0.08716503,0.058932614,0.30678618,-0.024869785
1138,0.4081234,0.101469785,0.10429124,0.08114349,0.30383217,0.020326294
1139,0.41122726,0.043580994,0.072347686,0.04819652,0.3388796,-0.0046155266
1140,0.5450511,0.06581912,0.101346165,0.07164566,0.44370493,-0.0058265403
1141,0.5669554,0.076786645,0.10585772,0.07414181,0.46109766,0.002644837
1142,0.57083786,0.039091904,0.0692961,0.05237572,0.50154173,-0.013283815
1143,0.5358138,0.109618515,0.1556349,0.111276016,0.38017893,-0.0016575009
1144,0.4386237,0.06297047,0.090493605,0.05663119,0.3481301,0.006339278
1145,0.29943025,0.06630068,0.085192755,0.063159,0.2142375,0.0031416863
1146,0.4157023,0.082591,0.09127658,0.06167991,0.32442573,0.020911086
1147,0.3943119,0.07321756,0.06161375,0.04728235,0.33269817,0.025935214
1148,0.3662922,0.07540555,0.089394405,0.062574856,0.2768978,0.012830697
1149,0.69375485,0.011279347,0.036357354,0.023285517,0.6573975,-0.01200617
1150,0.55357236,0.08176484,0.11775753,0.08949345,0.43581483,-0.007728614
1151,0.47102815,0.069697075,0.09643487,0.06716779,0.3745933,0.0025292858
1152,0.4857796,0.062512994,0.084152356,0.0612074,0.40162724,0.001305595
1153,0.4670392,0.07982948,0.08952421,0.06750583,0.377515,0.012323648
1154,0.5963788,0.089620955,0.07429126,0.05166141,0.5220876,0.037959546
1155,0.5328267,0.10168276,0.11303889,0.077859566,0.41978782,0.023823194
1156,0.45141938,0.088205196,0.12127175,0.090819836,0.33014762,-0.0026146397
1157,0.5062625,0.0574205,0.083930075,0.05931711,0.4223324,-0.0018966086
1158,0.3186935,0.037747815,0.06463159,0.044052895,0.2540619,-0.00630508
1159,0.63556015,0.09832907,0.13246585,0.09846748,0.5030943,-0.00013840944
1160,0.48705748,0.09017309,0.105163574,0.08710568,0.3818939,0.0030674115
1161,0.57103723,0.07922609,0.11628311,0.08581207,0.4547541,-0.006585978
1162,0.36229014,0.06010322,0.09336843,0.06395846,0.2689217,-0.0038552396
1163,0.5479445,0.065138526,0.081160635,0.057822105,0.46678385,0.0073164217
1164,0.3481767,0.047313876,0.06106211,0.043986797,0.2871146,0.0033270791
1165,0.30118302,0.07058206,0.08923148,0.06386759,0.21195152,0.0067144707
1166,0.5674262,0.104929775,0.13178247,0.087176554,0.43564373,0.017753221
1167,0.37301388,0.032559507,0.06407159,0.043343388,0.3089423,-0.010783881
1168,0.42104992,0.08173736,0.09042224,0.068741195,0.33062768,0.012996167
1169,0.5009578,0.08524989,0.1229891,0.08750901,0.37796867,-0.0022591203
1170,0.6792358,0.084959164,0.12825967,0.09711914,0.55097616,-0.012159973
1171,0.7222046,0.120023824,0.16543908,0.11351871,0.55676556,0.006505117
1172,0.5356139,0.078425966,0.11082241,0.079037964,0.42479149,-0.00061199814
1173,0.5536813,0.09795691,0.15144166,0.1082589,0.40223965,-0.010301992
1174,0.66885376,0.064265154,0.12184208,0.085247256,0.5470117,-0.020982102
1175,0.43668607,0.056479782,0.090913065,0.057136703,0.345773,-0.0006569214
1176,0.5075587,0.12741666,0.15398926,0.11412046,0.35356945,0.013296194
1177,0.5116003,-0.0041495855,0.023875307,0.01617572,0.48772502,-0.020325307
1178,0.5196706,0.036949158,0.06353522,0.04148342,0.4561354,-0.004534263
1179,0.51700795,0.09988183,0.12156844,0.088017605,0.3954395,0.011864223
1180,0.517879,0.07381261,0.090199664,0.06657358,0.42767936,0.007239029
1181,0.36650726,0.030549757,0.032248925,0.028401127,0.33425835,0.00214863
1182,0.64243877,0.13077563,0.14443165,0.10664162,0.49800712,0.02413401
1183,0.43767396,0.06659604,0.07405163,0.052039277,0.3636223,0.014556762
1184,0.5759587,0.06967936,0.10707412,0.07336796,0.46888462,-0.0036886036
1185,0.49039334,0.019506115,0.03878113,0.027624179,0.4516122,-0.008118063
1186,0.40329015,0.061111916,0.083906956,0.061438505,0.3193832,-0.00032658875
1187,0.5442202,0.08290271,0.071851395,0.054369275,0.4723688,0.028533433
1188,0.55621666,0.08065063,0.10694119,0.08209198,0.44927546,-0.0014413521
1189,0.46446797,0.07400577,0.111476995,0.082967386,0.35299098,-0.008961618
1190,0.1978968,0.019997919,0.032605354,0.023295011,0.16529144,-0.0032970924
1191,0.4449679,0.09805098,0.11657657,0.08555356,0.3283913,0.012497425
1192,0.46963778,0.08374484,0.07554177,0.050544366,0.39409602,0.033200473
1193,0.5067289,0.045589812,0.09046476,0.06387898,0.41626412,-0.018289171
1194,0.32444435,0.036461756,0.047218505,0.0334583,0.27722585,0.0030034557
1195,0.47364986,0.10887095,0.09273539,0.06336015,0.38091448,0.045510806
1196,0.45987338,0.081673704,0.11042196,0.08619562,0.34945142,-0.004521914
1197,0.50327605,0.053308185,0.08614382,0.056228053,0.41713223,-0.0029198676
1198,0.5538872,0.10814821,0.12829909,0.09106734,0.4255881,0.017080873
1199,0.5871368,0.10414568,0.1420857,0.105745055,0.4450511,-0.0015993714
1200,0.47245926,0.032865264,0.0609956,0.042835336,0.41146365,-0.009970073
1201,0.30384517,0.04857145,0.067232214,0.04819582,0.23661295,0.00037562847
1202,0.28322425,0.046876945,0.048117097,0.031004293,0.23510715,0.015872652
1203,0.53990895,0.07764401,0.1270204,0.08670345,0.41288853,-0.009059437
1204,0.50013894,0.03309744,0.0734293,0.047070976,0.42670965,-0.013973538
1205,0.52031595,0.038155522,0.0862483,0.0585165,0.43406764,-0.020360976
1206,0.6397439,0.04373308,0.075331405,0.053760957,0.56441253,-0.010027878
1207,0.5088608,0.051824376,0.09277448,0.06670722,0.41608635,-0.014882848
1208,0.428532,0.046123073,0.089371614,0.054299906,0.33916038,-0.008176833
1209,0.43264174,0.048888925,0.08154468,0.054982737,0.35109705,-0.0060938112
1210,0.48167878,0.08136506,0.07788685,0.057906404,0.40379193,0.023458652
1211,0.6366664,0.06728952,0.11656396,0.087603286,0.52010244,-0.02031377
1212,0.533592,0.05917753,0.100980476,0.070314236,0.43261153,-0.011136707
1213,0.5115241,0.11180248,0.1271561,0.09480113,0.384368,0.017001353
1214,0.25837156,0.04454281,0.057834845,0.04012147,0.20053671,0.004421342
1215,0.39218524,0.060440637,0.08645648,0.06247911,0.30572876,-0.0020384714
1216,0.33859348,0.039692268,0.04129587,0.028072955,0.2972976,0.011619313
1217,0.6800108,0.1181152,0.15925907,0.117875606,0.5207517,0.00023959577
1218,0.5793765,0.090897895,0.10050814,0.07234121,0.47886837,0.018556684
1219,0.5204212,0.046709165,0.056578673,0.03817948,0.46384254,0.008529685
1220,0.46263963,0.08513104,0.09755114,0.07305722,0.3650885,0.012073822
1221,0.4947077,0.04944502,0.096069634,0.07362862,0.39863807,-0.024183601
1222,0.4265408,0.07289057,0.11115087,0.08375546,0.31538993,-0.010864891
1223,0.47834527,0.07516497,0.096830636,0.0668392,0.38151464,0.008325763
1224,0.54023945,0.06333027,0.08181987,0.060562335,0.4584196,0.0027679354
1225,0.1956613,0.03292108,0.055215687,0.037192114,0.14044562,-0.004271034
1226,0.3776576,0.071794175,0.10314938,0.06905249,0.2745082,0.002741687
1227,0.53233814,0.079627,0.09757001,0.06994255,0.43476814,0.009684451
1228,0.5866787,0.084505245,0.10517182,0.06934717,0.48150685,0.015158072
1229,0.312289,0.0117823845,0.019486966,0.01735776,0.29280204,-0.0055753747
1230,0.6590607,0.110625915,0.15906656,0.12135611,0.49999416,-0.010730192
1231,0.5141621,0.09117046,0.11515836,0.09027448,0.39900377,0.000895977
1232,0.51370513,0.058596097,0.09037734,0.06727031,0.4233278,-0.008674212
1233,0.5547337,0.14394742,0.16735853,0.13142833,0.38737518,0.012519091
1234,0.31527302,0.06802016,0.07597827,0.053689703,0.23929474,0.014330454
1235,0.37076917,0.064583264,0.07752847,0.05236571,0.2932407,0.012217555
1236,0.45149246,0.08277896,0.09747884,0.06335527,0.35401362,0.019423693
1237,0.34173617,0.03828599,0.051135197,0.03986977,0.29060096,-0.0015837811
1238,0.6241086,0.087060325,0.1265512,0.0936244,0.4975574,-0.0065640733
1239,0.6040436,0.11422808,0.16400087,0.09108459,0.44004273,0.023143485
1240,0.4435518,0.06384537,0.09331631,0.06573283,0.3502355,-0.0018874556
1241,0.4869895,0.11616659,0.1227354,0.08601386,0.3642541,0.03015273
1242,0.39016548,0.046947043,0.12101104,0.07279615,0.26915443,-0.025849108
1243,0.66267556,0.07082579,0.102938116,0.06738961,0.55973744,0.0034361854
1244,0.5455529,0.09565384,0.08953027,0.06054418,0.45602265,0.035109658
1245,0.61204386,0.06415098,0.11785623,0.07994232,0.49418762,-0.015791342
1246,0.56397027,0.12454678,0.16244543,0.11569875,0.40152484,0.008848034
1247,0.57857496,0.06416038,0.10312884,0.067722514,0.4754461,-0.0035621375
1248,0.48276076,0.047954682,0.08610038,0.059246488,0.3966604,-0.011291806
1249,0.54899096,0.10328701,0.10389093,0.08325382,0.44510004,0.020033188
1250,0.5129087,0.14265598,0.13417518,0.101323806,0.37873352,0.041332178
1251,0.79068357,0.10300784,0.147707,0.09885177,0.6429766,0.004156068
1252,0.3830281,0.05611795,0.071730316,0.049298678,0.31129777,0.0068192706
1253,0.70120966,0.1660565,0.19777776,0.14851423,0.5034319,0.017542273
1254,0.5229109,0.05967015,0.07056317,0.047603298,0.45234773,0.012066852
1255,0.5472007,0.0407451,0.08807938,0.06440082,0.4591213,-0.023655724
1256,0.5466235,0.04384272,0.09376758,0.07075305,0.45285594,-0.026910331
1257,0.4374416,0.052436035,0.08704032,0.061766297,0.35040128,-0.0093302615
1258,0.6273742,0.052496064,0.09805686,0.06542952,0.5293173,-0.012933459
1259,0.5781421,0.16625679,0.19332305,0.14045385,0.38481906,0.02580294
1260,0.36098915,0.090680145,0.08462232,0.058187876,0.27636683,0.03249227
1261,0.38567707,0.058418635,0.09060346,0.053189363,0.2950736,0.005229272
1262,0.50539213,0.052229665,0.09553815,0.060736608,0.409854,-0.008506943
1263,0.49367768,0.03625229,0.06547591,0.049468078,0.42820176,-0.013215788
1264,0.41020435,0.060818266,0.09570368,0.07441263,0.3145007,-0.013594363
1265,0.3235004,0.056562297,0.06328657,0.050888788,0.26021382,0.005673509
1266,0.5109515,0.061971955,0.07150085,0.0522543,0.43945068,0.009717654
1267,0.5222777,0.07353055,0.08684032,0.056720994,0.43543738,0.016809553
1268,0.55255264,0.08065188,0.095703304,0.06865106,0.45684934,0.0120008215
1269,0.2764105,0.050002165,0.061786495,0.044285964,0.21462399,0.005716201
1270,0.5814926,0.061146073,0.10407321,0.0708144,0.47741938,-0.009668328
1271,0.5826716,0.10267183,0.16960755,0.12443583,0.41306403,-0.021763995
1272,0.32459462,0.046849146,0.07161327,0.049632978,0.25298136,-0.0027838312
1273,0.46283615,0.119765066,0.10643782,0.08405343,0.35639834,0.03571164
1274,0.61457056,0.0463892,0.065606385,0.038806137,0.54896414,0.007583063
1275,0.41785243,0.081094,0.106004216,0.07615581,0.31184822,0.004938185
1276,0.5537697,0.09553306,0.10214299,0.07586912,0.45162672,0.019663937
1277,0.35455126,0.04157288,0.06280937,0.042342853,0.29174188,-0.0007699728
1278,0.34782013,0.109508924,0.10429287,0.07417327,0.24352726,0.035335653
1279,0.5676065,0.054611698,0.07244676,0.04704889,0.49515975,0.0075628087
1280,0.4610543,0.08691808,0.10840683,0.07199034,0.35264748,0.014927737
1281,0.51680285,0.062036168,0.07440423,0.053309236,0.4423986,0.008726932
1282,0.47273842,0.054340355,0.08657412,0.060856342,0.3861643,-0.006515987
1283,0.6157162,0.08570507,0.13322641,0.095992744,0.48248982,-0.010287672
1284,0.6048967,0.09385321,0.14686418,0.09659447,0.45803255,-0.0027412549
1285,0.35518962,0.064443156,0.07244577,0.05534014,0.28274384,0.009103015
1286,0.64410686,0.068332024,0.12663697,0.088338606,0.5174699,-0.020006582
1287,0.19334358,0.038273532,0.051980037,0.037818197,0.14136355,0.00045533478
1288,0.35034782,0.054126345,0.10478921,0.062353164,0.2455586,-0.008226819
1289,0.654826,0.09387592,0.12335975,0.08913804,0.53146625,0.004737884
1290,0.4896938,0.0722461,0.08789552,0.058379218,0.40179828,0.013866879
1291,0.35356456,0.09498691,0.08887949,0.06781938,0.26468506,0.027167529
1292,0.38735616,0.025349054,0.08397739,0.054201256,0.30337876,-0.028852202
1293,0.44074214,0.04910823,0.09367901,0.067577556,0.34706312,-0.018469326
1294,0.5355622,0.07801963,0.07681732,0.06224256,0.45874488,0.015777066
1295,0.4802775,0.10397221,0.13223505,0.09881838,0.34804246,0.005153835
1296,0.35384062,0.067423314,0.09393012,0.06839583,0.2599105,-0.00097251683
1297,0.18437436,0.028373614,0.045601945,0.032674506,0.13877241,-0.0043008924
1298,0.53122175,0.07863697,0.10217107,0.06946366,0.42905068,0.009173304
1299,0.5561372,0.029137986,0.050118696,0.033104155,0.5060185,-0.0039661694
1300,0.5905114,0.078825995,0.110254295,0.08046787,0.4802571,-0.001641877
1301,0.31941253,0.026053624,0.050675727,0.03581958,0.2687368,-0.009765955
1302,0.40772265,0.06623487,0.076059595,0.055895362,0.33166307,0.01033951
1303,0.4534397,0.047339063,0.08893087,0.063461035,0.36450884,-0.016121972
1304,0.25581452,0.11090939,0.071771175,0.050534368,0.18404335,0.06037502
1305,0.27521443,0.020188272,0.07767167,0.04546407,0.19754276,-0.025275797
1306,0.43639398,0.06840306,0.092989035,0.063946836,0.34340495,0.004456222
1307,0.43676972,0.07708585,0.11699906,0.089559525,0.31977066,-0.012473673
1308,0.5772242,0.10909763,0.13438648,0.09925763,0.44283772,0.009839997
1309,0.63387626,0.11682383,0.16094059,0.116788104,0.47293568,3.5725534e-05
1310,0.45745692,0.06900772,0.099283025,0.067133695,0.3581739,0.0018740222
1311,0.45245996,0.044003394,0.052129254,0.038260296,0.40033072,0.0057430975
1312,0.53455555,0.083453946,0.08465962,0.060583267,0.44989592,0.022870678
1313,0.5042198,0.081200205,0.10197302,0.06953078,0.40224674,0.011669427
1314,0.5382893,0.07203893,0.12174881,0.083696865,0.4165405,-0.011657931
1315,0.7143681,0.12077822,0.13682857,0.09391642,0.57753956,0.026861794
1316,0.5604339,0.08057982,0.10478632,0.070504986,0.4556476,0.010074832
1317,0.62249964,0.101533756,0.10899322,0.079585746,0.5135064,0.02194801
1318,0.3811168,0.068209104,0.11362262,0.07953573,0.2674942,-0.011326626
1319,0.4978399,0.054750446,0.09074311,0.06629167,0.4070968,-0.011541221
1320,0.5723477,0.09877341,0.119221576,0.08563051,0.45312613,0.013142906
1321,0.6034024,0.06746517,0.12312229,0.07540106,0.4802801,-0.007935889
1322,0.6074992,0.14802049,0.089801684,0.058598727,0.5176975,0.089421764
1323,0.43501788,0.07207594,0.100003436,0.068508714,0.33501446,0.0035672262
1324,0.42472932,0.0610087,0.068415806,0.05246842,0.35631353,0.00854028
1325,0.52769494,0.101923294,0.1007275,0.08166372,0.42696744,0.020259574
1326,0.5732644,0.090039164,0.09915065,0.07315135,0.47411376,0.016887814
1327,0.47679913,0.078582205,0.11045613,0.08219974,0.366343,-0.0036175326
1328,0.45658606,0.06702793,0.07372849,0.052405015,0.38285756,0.014622912
1329,0.6091722,0.107773304,0.12336554,0.093204185,0.4858067,0.014569119
1330,0.55370146,0.2020068,0.25018215,0.1848284,0.3035193,0.017178401
1331,0.41681248,0.052456576,0.083521366,0.061298095,0.3332911,-0.008841518
1332,0.3820192,0.06335208,0.076993205,0.054372255,0.305026,0.008979823
1333,0.57964665,0.0806088,0.106455095,0.07248744,0.47319156,0.008121356
1334,0.60138565,0.08760616,0.12716289,0.09656856,0.47422278,-0.0089624
1335,0.51354516,0.092045814,0.09033063,0.06140758,0.42321452,0.030638233
1336,0.4918704,0.10298039,0.12333036,0.09487051,0.36854005,0.0081098825
1337,0.37676862,0.05683709,0.085690096,0.056447756,0.2910785,0.0003893338
1338,0.43886575,0.0992276,0.1283126,0.09370756,0.31055313,0.0055200383
1339,0.47761568,0.09366501,0.08498344,0.058850095,0.39263225,0.034814917
1340,0.5421175,0.07500429,0.09639044,0.07142223,0.44572705,0.0035820603
1341,0.5260222,0.06803562,0.09806242,0.06591614,0.42795977,0.002119474
1342,0.60076857,0.13122948,0.11173363,0.075767085,0.48903495,0.05546239
1343,0.45529094,0.07879921,0.07662629,0.056507982,0.37866464,0.022291228
1344,0.4600453,0.06347616,0.08823571,0.06408828,0.3718096,-0.00061211735
1345,0.48297992,0.06282938,0.13429417,0.09013712,0.34868574,-0.027307734
1346,0.55542237,0.059262887,0.09742332,0.06958884,0.45799905,-0.010325953
1347,0.5256136,0.10861885,0.1359731,0.106858686,0.3896405,0.0017601624
1348,0.56955683,0.09433897,0.13098705,0.09150066,0.43856978,0.0028383061
1349,0.18413898,0.047855604,0.045852777,0.03499149,0.1382862,0.012864113
1350,0.5961976,0.08116239,0.11290071,0.0806624,0.4832969,0.00049999356
1351,0.5790283,0.12956598,0.20165546,0.13940087,0.37737286,-0.009834886
1352,0.37151584,0.07062071,0.08644139,0.05081616,0.28507444,0.019804548
1353,0.3501135,0.027226735,0.06605285,0.04737447,0.28406066,-0.020147733
1354,0.36808974,0.03200191,0.07267077,0.048119508,0.29541898,-0.016117599
1355,0.58508134,0.07394126,0.10354961,0.07987288,0.48153174,-0.005931616
1356,0.53901374,0.060070574,0.08735998,0.0617747,0.45165378,-0.0017041266
1357,0.48250923,0.034869835,0.08258724,0.056582276,0.39992198,-0.021712441
1358,0.5707601,0.14276133,0.102144115,0.07713821,0.46861595,0.06562313
1359,0.41699442,0.079651386,0.12296775,0.08697894,0.29402667,-0.0073275566
1360,0.49992353,0.060952343,0.084447,0.0580611,0.41547653,0.0028912425
1361,0.555588,0.06347443,0.096875384,0.06481619,0.45871264,-0.0013417602
1362,0.5335247,0.069386266,0.08772146,0.06545839,0.44580323,0.003927879
1363,0.6239088,0.02896997,0.06945907,0.03667159,0.55444974,-0.0077016205
1364,0.44353,0.034817338,0.070978075,0.043800663,0.37255192,-0.008983325
1365,0.42504165,0.092562094,0.11350551,0.091536544,0.31153613,0.0010255501
1366,0.48737338,0.05791071,0.09362707,0.06646125,0.39374632,-0.00855054
1367,0.43907335,0.05735605,0.07310487,0.053888544,0.36596847,0.003467504
1368,0.5932968,0.09432799,0.10987132,0.07280347,0.4834255,0.021524526
1369,0.3994325,0.023840223,0.10691826,0.07364594,0.29251426,-0.04980572
1370,0.44724697,0.058398325,0.06892602,0.050374445,0.37832093,0.00802388
1371,0.4469389,0.074993156,0.11077572,0.0783993,0.3361632,-0.0034061447
1372,0.5787871,0.061102632,0.095636986,0.06680598,0.4831501,-0.0057033487
1373,0.29794055,0.030381892,0.04150771,0.030153845,0.25643283,0.00022804737
1374,0.3995315,0.054550335,0.08182073,0.05443801,0.3177108,0.00011232495
1375,0.5200315,0.061654195,0.12410889,0.083557874,0.39592263,-0.021903679
1376,0.43135428,0.05184264,0.08599769,0.058864065,0.34535658,-0.0070214234
1377,0.6751889,0.10648979,0.11015421,0.08368397,0.5650347,0.022805825
1378,0.68892497,0.14279273,0.15901649,0.10499567,0.5299085,0.037797064
1379,0.4330549,0.05889261,0.078063294,0.05683986,0.3549916,0.0020527504
1380,0.43916133,0.029599095,0.09129163,0.06750677,0.3478697,-0.037907675
1381,0.5517709,0.07102427,0.07762801,0.056667283,0.4741429,0.014356986
1382,0.5269877,0.062269192,0.06331499,0.043942183,0.4636727,0.018327009
1383,0.41578203,0.052087154,0.09697316,0.062183872,0.31880888,-0.010096718
1384,0.3740045,0.058158617,0.08636871,0.06431056,0.2876358,-0.0061519407
1385,0.44691145,0.096356496,0.0825371,0.06044297,0.36437434,0.035913527
1386,0.7034022,0.05248946,0.11240618,0.0741987,0.590996,-0.021709241
1387,0.42472616,0.09361867,0.11837609,0.09256112,0.30635005,0.0010575503
1388,0.44561124,0.054381315,0.105550416,0.06091029,0.34006083,-0.0065289736
1389,0.5891431,0.05955558,0.105844356,0.07757002,0.48329875,-0.018014442
1390,0.56657296,0.10559368,0.14455333,0.10579434,0.42201963,-0.00020065904
1391,0.23120102,0.035175376,0.04885658,0.034702946,0.18234444,0.00047243014
1392,0.512818,0.06291284,0.08376847,0.053608455,0.4290495,0.009304382
1393,0.4818196,0.048037127,0.074444674,0.05136539,0.40737492,-0.0033282638
1394,0.42950293,0.06419064,0.075675346,0.051468495,0.3538276,0.012722146
1395,0.6449845,0.060734864,0.084100924,0.05974425,0.5608836,0.0009906143
1396,0.20291357,0.032433562,0.040622283,0.025822943,0.16229129,0.006610619
1397,0.5470787,0.0471358,0.088576354,0.06909957,0.45850238,-0.021963768
1398,0.5954714,0.066862755,0.11395026,0.08169343,0.48152113,-0.014830679
1399,0.42397454,0.0393107,0.07619462,0.054459978,0.34777993,-0.015149277
1400,0.32861745,0.053616647,0.06303547,0.04290603,0.26558197,0.010710616
1401,0.4932084,0.103060015,0.1280327,0.09640286,0.36517572,0.0066571534
1402,0.43413302,0.014957089,0.04518613,0.027706444,0.3889469,-0.012749355
1403,0.50187576,0.071424834,0.096044846,0.06515512,0.40583092,0.0062697157
1404,0.46617338,0.091903806,0.09520171,0.06754144,0.37097168,0.024362363
1405,0.43277657,0.058078438,0.07515114,0.052253876,0.35762542,0.005824562
1406,0.45186314,0.06277273,0.10150771,0.07047205,0.35035545,-0.007699318
1407,0.5182329,0.10132769,0.12497729,0.08490566,0.3932556,0.016422026
1408,0.2868766,0.016303591,0.08105672,0.04539379,0.20581988,-0.0290902
1409,0.50838196,0.07780607,0.09953024,0.070395045,0.4088517,0.0074110255
1410,0.30242428,0.032943435,0.05909084,0.038594805,0.24333344,-0.0056513697
1411,0.42854846,0.06194076,0.09231346,0.06674817,0.336235,-0.0048074126
1412,0.72031873,0.014408422,0.043316007,0.024322873,0.6770027,-0.009914451
1413,0.61592364,0.08657749,0.13104056,0.08586565,0.48488307,0.0007118434
1414,0.53748,0.08626917,0.10564229,0.07859358,0.4318377,0.007675588
1415,0.40357473,0.080985375,0.0991497,0.07403137,0.30442503,0.006954007
1416,0.4289097,0.07773701,0.0846418,0.062871836,0.3442679,0.014865175
1417,0.5949039,0.06451887,0.08519688,0.05772816,0.509707,0.0067907088
1418,0.44870204,0.056824856,0.06920216,0.051080693,0.37949988,0.005744163
1419,0.516417,0.061082862,0.098284416,0.071492486,0.4181326,-0.010409623
1420,0.5717974,0.045799844,0.09026506,0.061391417,0.4815323,-0.015591573
1421,0.34126464,0.083932795,0.07949564,0.05919521,0.261769,0.024737585
1422,0.40701893,0.06423939,0.086574584,0.05020605,0.32044435,0.01403334
1423,0.44967613,0.034120735,0.08187729,0.057671666,0.36779884,-0.023550931
1424,0.5016729,0.09741462,0.12988794,0.097639486,0.37178499,-0.00022486597
1425,0.3934617,0.07205244,0.094648555,0.06681015,0.29881316,0.005242288
1426,0.51450676,0.022741513,0.05195599,0.034362346,0.46255076,-0.011620833
1427,0.5800992,0.14274846,0.16847134,0.11467611,0.4116279,0.02807235
1428,0.5545931,0.063960865,0.1093191,0.07075176,0.445274,-0.0067908913
1429,0.5122302,0.042029865,0.09851552,0.05658289,0.4137147,-0.014553025
1430,0.69415563,0.1775096,0.22210006,0.16332594,0.47205555,0.01418367
1431,0.5970928,0.07431101,0.08413741,0.058936767,0.5129554,0.015374243
1432,0.5140065,0.08472638,0.10909861,0.08077336,0.40490788,0.0039530173
1433,0.46807903,0.06895136,0.10491469,0.0788183,0.36316434,-0.009866938
1434,0.67513186,0.119092815,0.13758457,0.09372701,0.5375473,0.025365807
1435,0.2711792,0.050785806,0.046076097,0.0325147,0.22510311,0.018271107
1436,0.49736837,0.045512933,0.05722824,0.04625675,0.44014013,-0.00074381754
1437,0.52675295,0.0635099,0.10421525,0.06685555,0.42253768,-0.0033456534
1438,0.47624582,0.04129973,0.06978653,0.053565655,0.40645927,-0.012265924
1439,0.5174288,0.110766694,0.113850325,0.08645411,0.4035785,0.024312586
1440,0.6286397,0.1530698,0.19429065,0.15442954,0.43434906,-0.0013597459
1441,0.5065272,0.079444245,0.09255654,0.07236631,0.41397065,0.0070779324
1442,0.5478475,0.0877645,0.13243929,0.10676256,0.41540822,-0.018998057
1443,0.55632126,0.054248754,0.09434505,0.0652979,0.46197623,-0.011049148
1444,0.3843162,0.07868036,0.10662756,0.076715425,0.27768865,0.0019649342
1445,0.46523833,0.074401215,0.07606436,0.05720769,0.38917398,0.017193526
1446,0.6561292,0.05056585,0.091406845,0.063177384,0.56472236,-0.012611534
1447,0.5219089,0.10081121,0.121796995,0.07888335,0.40011188,0.021927863
1448,0.5306017,0.08292182,0.09231347,0.06818275,0.4382882,0.014739066
1449,0.594614,0.094642185,0.12616506,0.08762822,0.46844897,0.0070139617
1450,0.21739987,0.02849701,0.04799899,0.034998275,0.16940087,-0.006501265
1451,0.5588159,0.089473695,0.13442029,0.10546265,0.42439562,-0.015988953
1452,0.4892693,0.119730085,0.11126563,0.082939655,0.37800366,0.03679043
1453,0.53521925,0.039443713,0.082399465,0.060653944,0.4528198,-0.02121023
1454,0.46178016,0.08093268,0.09894964,0.067786835,0.36283052,0.013145842
1455,0.42751828,0.08680376,0.08628502,0.060948998,0.34123325,0.025854759
1456,0.4475976,0.06891424,0.09237065,0.066271976,0.35522693,0.0026422665
1457,0.41107154,0.08873452,0.07916123,0.061300334,0.3319103,0.027434189
1458,0.3564821,0.049307145,0.050009903,0.03639557,0.30647218,0.012911577
1459,0.48376718,0.07520968,0.11838629,0.08179984,0.36538088,-0.006590165
1460,0.6021333,0.09873507,0.1280555,0.0923065,0.47407776,0.0064285696
1461,0.65286326,0.09479678,0.1164063,0.08132635,0.53645694,0.013470426
1462,0.55931115,0.05954935,0.07282552,0.048690967,0.48648563,0.010858383
1463,0.4196838,0.046904188,0.079316586,0.05608092,0.34036723,-0.009176731
1464,0.29681084,0.009378812,0.02513917,0.017301762,0.27167165,-0.00792295
1465,0.5800916,0.08679253,0.11519976,0.09087092,0.46489185,-0.004078388
1466,0.53531694,0.06676218,0.10759261,0.080681585,0.42772433,-0.013919406
1467,0.4598815,0.11280419,0.12199133,0.09420994,0.33789018,0.01859425
1468,0.47462222,0.08116634,0.08345659,0.055388402,0.3911656,0.02577794
1469,0.4328076,0.096975625,0.08642223,0.07034574,0.34638536,0.026629888
1470,0.48572242,0.064108565,0.09181615,0.06835237,0.39390627,-0.004243806
1471,0.56691206,0.065454155,0.1248604,0.091492146,0.44205165,-0.026037991
1472,0.5470099,0.0891267,0.12830457,0.09634434,0.4187053,-0.007217638
1473,0.58112365,0.062214315,0.10593114,0.07652176,0.47519252,-0.014307447
1474,0.5413969,0.08021249,0.11173789,0.08389214,0.429659,-0.003679648
1475,0.43442926,0.04385413,0.068550594,0.04814,0.36587867,-0.004285872
1476,0.62765193,0.08006951,0.13091722,0.09799875,0.4967347,-0.017929241
1477,0.43021962,0.07114424,0.08118936,0.0542936,0.34903026,0.01685064
1478,0.483406,0.09673241,0.10836039,0.07941255,0.37504563,0.017319858
1479,0.36825737,0.053809363,0.08657197,0.058890276,0.2816854,-0.0050809123
1480,0.5105862,0.08787323,0.10832143,0.080804445,0.40226477,0.007068783
1481,0.54645497,0.063153945,0.12603986,0.08231218,0.4204151,-0.019158237
1482,0.3604238,0.055811323,0.054413214,0.038150027,0.3060106,0.017661296
1483,0.4576959,0.13541609,0.17168617,0.10673056,0.28600973,0.028685533
1484,0.62757754,0.060603157,0.12040074,0.080286875,0.5071768,-0.019683719
1485,0.6168915,0.09638812,0.109859854,0.08102024,0.5070317,0.015367873
1486,0.28804132,0.026057102,0.05104973,0.03632646,0.23699158,-0.010269359
1487,0.46374574,0.06850894,0.094464615,0.068403296,0.3692811,0.00010564178
1488,0.5770466,0.09181628,0.08419729,0.051873684,0.4928493,0.039942592
1489,0.73354924,0.1285964,0.15823427,0.1216419,0.575315,0.0069544986
1490,0.41754165,0.07066893,0.10520174,0.0780248,0.3123399,-0.007355869
1491,0.54186654,0.04655193,0.08570769,0.053830218,0.45615885,-0.007278286
1492,0.4582324,0.0658807,0.08123589,0.05275585,0.37699652,0.01312485
1493,0.25931835,0.046646938,0.05898582,0.04006263,0.20033254,0.006584309
1494,0.41372803,0.0948186,0.10805658,0.08711341,0.30567145,0.0077051893
1495,0.4215121,0.11095026,0.1264376,0.09504649,0.2950745,0.01590377
1496,0.48877874,0.09948966,0.11250196,0.08598623,0.3762768,0.013503432
1497,0.37598294,0.03477225,0.059416804,0.041568574,0.31656614,-0.0067963228
1498,0.42361632,0.09208131,0.09957955,0.07346401,0.32403678,0.018617295
1499,0.68630326,0.13789111,0.18192783,0.13369772,0.50437546,0.0041933954
1500,0.43475196,0.06287996,0.07587648,0.05355085,0.35887548,0.009329107
1501,0.31973997,0.033596504,0.055573665,0.03331779,0.2641663,0.00027871504
1502,0.56695586,0.035820976,0.07042487,0.052098226,0.496531,-0.01627725
1503,0.5691245,0.085429855,0.13404995,0.0965519,0.43507457,-0.011122048
1504,0.66292274,0.09642717,0.13847621,0.09155436,0.52444655,0.004872814
1505,0.6009349,0.104450695,0.16455215,0.103865355,0.43638277,0.00058533996
1506,0.42127275,0.052595947,0.07800174,0.05668127,0.34327102,-0.0040853247
1507,0.26125976,0.0300819,0.046298753,0.033714868,0.214961,-0.0036329683
1508,0.4335882,0.09794111,0.100760125,0.07073072,0.33282807,0.027210385
1509,0.60613686,0.111328885,0.14326572,0.10751312,0.46287113,0.0038157627
1510,0.52014947,0.05208616,0.06601275,0.0459352,0.45413673,0.006150961
1511,0.46289393,0.050252978,0.0821526,0.05994345,0.38074133,-0.009690471
1512,0.53304905,0.041029565,0.071972035,0.04652344,0.461077,-0.0054938756
1513,0.4759567,0.075242646,0.0883876,0.06254269,0.3875691,0.012699954
1514,0.49027693,0.080892496,0.115676664,0.08986157,0.37460026,-0.008969076
1515,0.56541055,0.100085996,0.13750549,0.10430531,0.42790508,-0.004219316
1516,0.4240535,0.058011066,0.09534944,0.057643518,0.32870406,0.00036754832
1517,0.69112,0.10798952,0.14301845,0.099495076,0.54810154,0.008494444
1518,0.38819754,0.051370006,0.07242295,0.05256218,0.3157746,-0.0011921749
1519,0.55182546,0.056952618,0.081131965,0.057797328,0.4706935,-0.0008447096
1520,0.723492,0.14811645,0.13461609,0.09975971,0.58887595,0.04835674
1521,0.28741106,0.06302535,0.078927584,0.060050897,0.20848349,0.0029744506
1522,0.5359355,0.07431701,0.08839489,0.06242995,0.44754064,0.011887059
1523,0.2111426,0.014600908,0.044527628,0.031796597,0.16661498,-0.017195689
1524,0.59662837,0.18363552,0.19033527,0.13931488,0.4062931,0.044320643
1525,0.38468215,0.07212613,0.10810172,0.07834452,0.27658042,-0.0062183887
1526,0.4871144,0.09889529,0.13136399,0.08689859,0.3557504,0.011996701
1527,0.56530994,0.070022956,0.09447305,0.06587641,0.47083688,0.004146546
1528,0.50488704,0.09103816,0.11623336,0.08770179,0.3886537,0.00333637
1529,0.50562763,0.120799884,0.11657571,0.09064188,0.3890519,0.030158006
1530,0.65925694,0.0707188,0.11318841,0.076963164,0.54606855,-0.0062443614
1531,0.3303208,0.07380597,0.09067548,0.059185192,0.23964533,0.014620781
1532,0.63762283,0.09051429,0.116902135,0.08366058,0.5207207,0.006853707
1533,0.49681872,0.044552207,0.08112629,0.05079666,0.41569245,-0.0062444545
1534,0.5202597,0.080278784,0.11962489,0.07851249,0.4006348,0.0017662942
1535,0.36389235,0.039339058,0.09905404,0.06247281,0.2648383,-0.023133751
1536,0.42861167,0.0686167,0.076315224,0.054389972,0.35229644,0.014226731
1537,0.5824195,0.14390077,0.1461654,0.11379857,0.4362541,0.030102193
1538,0.34958646,0.024125228,0.07000692,0.050153438,0.27957952,-0.02602821
1539,0.6462144,0.11660691,0.1378519,0.09529288,0.50836253,0.021314032
1540,0.34933314,0.108894035,0.10741877,0.07618186,0.24191436,0.032712176
1541,0.46430635,0.07835106,0.08763143,0.06543039,0.37667492,0.01292067
1542,0.5486684,0.08987814,0.099893324,0.07524964,0.44877505,0.0146285
1543,0.47428504,0.054796718,0.0914101,0.061445367,0.38287494,-0.0066486485
1544,0.47896087,0.15892085,0.19927384,0.14252034,0.27968705,0.016400516
1545,0.65808344,0.08388019,0.119571164,0.08839198,0.5385123,-0.0045117885
1546,0.55027175,0.06344062,0.10689347,0.06714135,0.44337827,-0.0037007257
1547,0.45106328,0.04621573,0.07510505,0.049513508,0.37595823,-0.003297776
1548,0.32551956,0.055495903,0.093269184,0.059530433,0.23225038,-0.0040345304
1549,0.47925037,0.024499798,0.072731555,0.05011482,0.40651882,-0.025615023
1550,0.6070031,0.036242742,0.061511517,0.044699434,0.5454916,-0.008456692
1551,0.44121385,0.06600603,0.08706648,0.06615848,0.35414737,-0.00015245378
1552,0.5315201,0.08784591,0.10070718,0.07511746,0.43081295,0.012728445
1553,0.37997273,0.10268212,0.10710959,0.07731956,0.27286315,0.025362559
1554,0.31844097,0.049702093,0.06860259,0.053553034,0.24983838,-0.0038509406
1555,0.50956637,0.06405791,0.094447844,0.06851831,0.41511852,-0.004460402
1556,0.40410188,0.047308754,0.10180183,0.062737234,0.30230004,-0.01542848
1557,0.33091763,0.04654376,0.07235497,0.056187466,0.25856265,-0.009643707
1558,0.50257427,0.063566245,0.109241016,0.07339817,0.39333326,-0.009831928
1559,0.45273784,0.045175478,0.064890094,0.050493885,0.38784775,-0.005318407
1560,0.3814425,0.03422904,0.08520599,0.06024781,0.29623652,-0.026018769
1561,0.49652213,0.06190074,0.0828807,0.06355981,0.41364142,-0.0016590692
1562,0.5052925,0.061452918,0.087148435,0.066264085,0.41814405,-0.0048111677
1563,0.34472185,0.05429412,0.066703,0.050378334,0.27801886,0.0039157867
1564,0.39827338,0.07837089,0.07599576,0.05127762,0.3222776,0.027093273
1565,0.51112175,0.088774465,0.14167795,0.09346055,0.3694438,-0.0046860874
1566,0.57551664,0.055759322,0.10172223,0.06532869,0.4737944,-0.0095693655
1567,0.67874163,0.018724708,0.049363542,0.036782544,0.6293781,-0.018057836
1568,0.5471682,0.059381183,0.08629428,0.063586295,0.4608739,-0.0042051114
1569,0.3790809,0.051196422,0.08976033,0.057677884,0.28932056,-0.006481461
1570,0.39727575,0.041215517,0.06393638,0.04540272,0.33333936,-0.004187204
1571,0.4340422,0.06908899,0.09681269,0.069161355,0.3372295,-7.236749e-05
1572,0.3339936,0.06477651,0.0839116,0.05455192,0.25008202,0.010224588
1573,0.49853447,0.010911559,0.041938327,0.025034301,0.45659614,-0.014122742
1574,0.5503115,0.04822388,0.07258446,0.05072333,0.47772706,-0.00249945
1575,0.53224,0.07593262,0.10577521,0.069857985,0.42646477,0.006074637
1576,0.45342582,0.043892138,0.063665695,0.045817517,0.38976014,-0.001925379
1577,0.34312022,0.04326039,0.076227166,0.049116634,0.26689306,-0.005856242
1578,0.62074125,0.06776395,0.08081761,0.058969315,0.53992367,0.008794632
1579,0.48913047,0.08490828,0.069024384,0.050890315,0.42010608,0.03401796
1580,0.47811574,0.10649357,0.10429254,0.07983607,0.3738232,0.0266575
1581,0.433534,0.031601552,0.050788507,0.03658487,0.3827455,-0.004983317
1582,0.4970726,0.05726563,0.10192858,0.07119905,0.39514405,-0.01393342
1583,0.45900023,0.058788,0.10506119,0.06878295,0.35393906,-0.009994946
1584,0.40982103,0.08105499,0.077523366,0.055222698,0.33229768,0.025832295
1585,0.5242183,0.088467814,0.11662093,0.08635038,0.4075974,0.0021174327
1586,0.41718847,0.043611046,0.06444509,0.043390416,0.3527434,0.00022063032
1587,0.67839855,0.17262654,0.15037909,0.119194806,0.5280194,0.053431734
1588,0.47589976,0.083064824,0.12156435,0.08324835,0.3543354,-0.0001835227
1589,0.65218717,0.08942233,0.12192586,0.08403661,0.5302613,0.0053857192
1590,0.46803358,0.091035314,0.10096343,0.073040396,0.36707014,0.017994918
1591,0.5311759,0.091299035,0.09360916,0.071057975,0.43756676,0.02024106
1592,0.37725106,0.057412457,0.0772371,0.05692008,0.30001396,0.00049237534
1593,0.58409864,0.070721515,0.10757943,0.07727442,0.4765192,-0.006552905
1594,0.54861015,0.09325787,0.07085331,0.049664106,0.47775686,0.04359376
1595,0.58045936,0.09852405,0.11185417,0.07884421,0.4686052,0.019679837
1596,0.5727125,0.036868844,0.08305332,0.053584334,0.48965916,-0.01671549
1597,0.39681864,0.042361524,0.07428891,0.04539946,0.32252973,-0.003037937
1598,0.6277908,0.07037503,0.12320635,0.094014585,0.50458443,-0.023639552
1599,0.5150182,0.05879973,0.08778568,0.06721681,0.42723253,-0.008417085
1600,0.39059198,0.11113634,0.10752879,0.0771837,0.28306317,0.03395264
1601,0.5035886,0.08536605,0.09502773,0.0701402,0.40856087,0.01522585
1602,0.58569425,0.11325044,0.15008219,0.11158244,0.43561208,0.0016679987
1603,0.68191874,0.11640197,0.13258833,0.10324764,0.5493304,0.013154328
1604,0.44757658,0.08135394,0.08945574,0.059321523,0.35812086,0.022032417
1605,0.56028455,0.11212622,0.112464964,0.08405993,0.4478196,0.028066285
1606,0.5447107,0.12523423,0.1480086,0.111441195,0.3967021,0.013793036
1607,0.55993956,0.08043323,0.12130781,0.080006726,0.43863174,0.00042650104
1608,0.4579249,0.06590502,0.10137888,0.059264097,0.356546,0.0066409223
1609,0.5132962,0.07170945,0.1267018,0.08570132,0.38659438,-0.01399187
1610,0.5716249,0.10692141,0.08635874,0.06267438,0.48526615,0.04424703
1611,0.43569145,0.073821925,0.11307199,0.078999475,0.32261944,-0.00517755
1612,0.52700627,0.0415493,0.10403341,0.057173878,0.42297286,-0.015624579
1613,0.35242322,0.09186495,0.095227554,0.06997582,0.25719565,0.021889128
1614,0.5617592,0.05966027,0.09832751,0.06535982,0.46343166,-0.0056995526
1615,0.5776021,0.058454573,0.09347288,0.066174455,0.4841292,-0.007719882
1616,0.7029145,0.05980118,0.0962445,0.07636642,0.60666996,-0.016565237
1617,0.73608685,0.068047255,0.12901053,0.09016766,0.6070763,-0.022120401
1618,0.4784448,0.05224731,0.08643662,0.059615016,0.3920082,-0.007367708
1619,0.5302808,0.082969226,0.11542919,0.083297834,0.41485164,-0.00032860786
1620,0.501061,0.08820568,0.1078874,0.07382517,0.39317364,0.014380507
1621,0.53134596,0.12988636,0.12682451,0.09588638,0.40452147,0.03399998
1622,0.50861734,0.040307943,0.10845214,0.072693706,0.4001652,-0.032385763
1623,0.47407687,0.038063746,0.07433763,0.056496467,0.39973924,-0.018432721
1624,0.48311403,0.070885435,0.10439253,0.078657076,0.3787215,-0.007771641
1625,0.5072851,0.0620774,0.13562164,0.08780785,0.37166348,-0.02573045
1626,0.50805527,0.05690946,0.08305275,0.05396625,0.42500252,0.0029432103
1627,0.6133316,0.11976805,0.1418707,0.10404518,0.4714609,0.01572287
1628,0.47798815,0.07414472,0.09859993,0.06784524,0.3793882,0.006299481
1629,0.46351093,0.07837233,0.10180352,0.07573989,0.36170742,0.0026324391
1630,0.43035954,0.060945444,0.08279432,0.060127348,0.34756523,0.0008180961
1631,0.46933484,0.045423973,0.06580841,0.047979504,0.40352643,-0.0025555305
1632,0.40799767,0.07893422,0.09715394,0.0650856,0.31084374,0.013848625
1633,0.43408176,0.053920943,0.0763268,0.059189223,0.35775495,-0.0052682795
1634,0.45419085,0.09676991,0.10088453,0.07452495,0.35330632,0.02224496
1635,0.6069476,0.08751805,0.11989953,0.08799887,0.48704806,-0.00048081577
1636,0.596643,0.08919643,0.15046439,0.096789576,0.4461786,-0.0075931475
1637,0.54299647,0.06571093,0.10645357,0.0798173,0.4365429,-0.0141063705
1638,0.5388929,0.09629368,0.11180974,0.07899228,0.4270832,0.017301403
1639,0.5041382,0.08066055,0.11340905,0.08404787,0.39072913,-0.003387317
1640,0.37476,0.10562449,0.10796131,0.079061925,0.26679868,0.026562564
1641,0.5253016,0.10141267,0.10695838,0.0750814,0.4183432,0.026331268
1642,0.37521997,0.0655427,0.0859108,0.06256353,0.28930917,0.0029791668
1643,0.6628264,0.08058955,0.10654251,0.07404703,0.5562839,0.0065425187
1644,0.604231,0.09563229,0.13073608,0.09395725,0.47349492,0.0016750395
1645,0.5432301,0.07329584,0.10369647,0.07252838,0.43953365,0.00076746196
1646,0.6369235,0.074733384,0.111509055,0.07551228,0.52541447,-0.0007788986
1647,0.42808497,0.051125903,0.058777533,0.045361333,0.36930743,0.00576457
1648,0.5014008,0.026263762,0.06979793,0.051321987,0.4316029,-0.025058225
1649,0.58239806,0.159836,0.16743502,0.1115785,0.41496304,0.048257492
1650,0.35931104,0.08515356,0.072382756,0.054309357,0.2869283,0.0308442
1651,0.49338534,0.07081403,0.07639548,0.05259454,0.41698986,0.01821949
1652,0.72757304,0.10569409,0.13747036,0.09870534,0.5901027,0.0069887564
1653,0.4804122,0.08759235,0.119879924,0.08451011,0.36053225,0.0030822381
1654,0.56187344,0.08146162,0.112336874,0.073867865,0.44953656,0.0075937584
1655,0.67728007,0.12647933,0.15794615,0.11759336,0.5193339,0.008885965
1656,0.46946156,0.050906606,0.071667835,0.053839177,0.3977937,-0.0029325709
1657,0.40040383,0.07171611,0.095305026,0.07169409,0.3050988,2.2016466e-05
1658,0.4108314,0.043228123,0.08150835,0.052608818,0.32932305,-0.0093806945
1659,0.43851537,0.056947142,0.090539426,0.0649769,0.34797594,-0.008029759
1660,0.46585494,0.07089383,0.1018771,0.079982646,0.36397785,-0.009088814
1661,0.5645122,0.10411398,0.11777993,0.08395531,0.44673225,0.02015867
1662,0.5178422,0.060163535,0.080481805,0.059990272,0.43736038,0.00017326325
1663,0.5433828,0.10490183,0.13189293,0.08271067,0.4114899,0.02219116
1664,0.66250575,0.12936677,0.14165588,0.09182508,0.5208499,0.037541687
1665,0.60800683,0.09148033,0.12852214,0.084643945,0.47948468,0.0068363845
1666,0.47995862,0.10404656,0.10560836,0.07776457,0.37435025,0.02628199
1667,0.6350184,0.061985526,0.10029701,0.0686325,0.5347214,-0.006646972
1668,0.5693866,0.03403973,0.09331289,0.06919957,0.4760737,-0.03515984
1669,0.500419,0.058785316,0.08207431,0.0596807,0.4183447,-0.0008953847
1670,0.44468945,0.06143663,0.09180725,0.06140258,0.3528822,3.4049153e-05
1671,0.54528826,0.09849076,0.13587359,0.089194275,0.40941468,0.009296484
1672,0.55936635,0.086632624,0.09738087,0.07085219,0.46198547,0.015780434
1673,0.27419445,0.08150695,0.0684504,0.050101567,0.20574406,0.031405386
1674,0.5558836,0.082405254,0.09592319,0.07166971,0.4599604,0.010735542
1675,0.53502274,0.062759444,0.10117516,0.07871872,0.43384758,-0.015959278
1676,0.6619392,0.11129784,0.12872896,0.09470957,0.5332103,0.01658827
1677,0.42981526,0.066196635,0.10208222,0.0701644,0.32773304,-0.003967762
1678,0.29708955,0.061932582,0.08965509,0.06542303,0.20743446,-0.0034904443
1679,0.49821052,0.06712315,0.09119752,0.059550613,0.407013,0.007572539
1680,0.5509052,0.08446068,0.09875853,0.07278959,0.4521467,0.011671096
1681,0.3103225,0.06405044,0.07506598,0.05558752,0.23525652,0.0084629245
1682,0.46745202,0.08951579,0.0962275,0.064361215,0.37122452,0.025154576
1683,0.5020322,0.06903035,0.09032426,0.061078023,0.41170797,0.007952329
1684,0.47219574,0.070148274,0.06446441,0.044676445,0.40773132,0.025471829
1685,0.3563959,0.05633673,0.11005062,0.07931032,0.24634528,-0.02297359
1686,0.36808366,0.06472956,0.057700332,0.03747432,0.31038332,0.027255237
1687,0.5263331,0.077296555,0.08082838,0.056830324,0.44550472,0.02046623
1688,0.44022742,0.064814396,0.091348484,0.067313105,0.34887892,-0.0024987087
1689,0.5003083,0.08493831,0.08737015,0.06248646,0.41293812,0.022451852
1690,0.38450968,0.050826788,0.10517571,0.07124844,0.27933398,-0.020421654
1691,0.67705244,0.16565003,0.13696039,0.10294561,0.54009205,0.062704414
1692,0.49238914,0.09611777,0.122955225,0.08404429,0.3694339,0.01207348
1693,0.57881945,0.057953138,0.096741095,0.066847585,0.48207837,-0.008894447
1694,0.44302502,0.07811085,0.073915794,0.05690775,0.3691092,0.0212031
1695,0.32302278,0.049768437,0.07398837,0.054632675,0.2490344,-0.004864238
1696,0.46122766,0.047080476,0.07240455,0.052702583,0.3888231,-0.0056221075
1697,0.66665477,0.111844845,0.11170094,0.080620125,0.5549538,0.03122472
1698,0.52561957,0.08479251,0.09297157,0.070066914,0.432648,0.014725596
1699,0.40370557,0.03549015,0.06704403,0.04503478,0.33666155,-0.00954463
1700,0.5120936,0.037566487,0.08072806,0.055661205,0.43136555,-0.018094718
1701,0.53748804,0.064238735,0.09359183,0.06612921,0.4438962,-0.0018904731
1702,0.5530007,0.049724452,0.07402128,0.053383335,0.4789794,-0.0036588833
1703,0.47927424,0.061130967,0.0914808,0.06309121,0.38779345,-0.001960244
1704,0.47430828,0.0454114,0.080579616,0.054701377,0.39372867,-0.009289976
1705,0.6116593,0.03793558,0.09161949,0.065723754,0.5200398,-0.027788173
1706,0.5926755,0.08192214,0.13232106,0.08883814,0.46035445,-0.006915994
1707,0.5966169,0.19110952,0.22578365,0.18267402,0.37083328,0.008435503
1708,0.38162497,0.075212285,0.090631835,0.06583033,0.29099312,0.009381957
1709,0.5486944,0.09595711,0.09128267,0.06665623,0.4574117,0.029300876
1710,0.43762085,0.05321821,0.08131017,0.058044292,0.35631067,-0.004826084
1711,0.46342304,0.09837116,0.10556888,0.07697646,0.35785416,0.0213947
1712,0.37230763,0.047854297,0.07612679,0.052986626,0.29618084,-0.0051323287
1713,0.7043383,0.11693569,0.14949247,0.10327407,0.5548458,0.013661623
1714,0.66356885,0.10481423,0.15130264,0.10534044,0.5122662,-0.00052621216
1715,0.38189965,0.062358852,0.07132658,0.05297453,0.31057307,0.009384323
1716,0.54369086,0.05660959,0.085295856,0.06348963,0.458395,-0.006880041
1717,0.59432644,0.08954804,0.12603527,0.0940686,0.46829116,-0.0045205653
1718,0.53052443,0.0640843,0.121431425,0.08567486,0.40909302,-0.02159056
1719,0.47279269,0.088793725,0.11074673,0.08101892,0.36204594,0.0077748075
1720,0.5453312,0.04629955,0.07432804,0.04860457,0.47100314,-0.0023050196
1721,0.4288915,0.040108606,0.062074117,0.044275656,0.36681738,-0.00416705
1722,0.53715056,0.058395352,0.10684222,0.07318858,0.43030834,-0.014793228
1723,0.35106692,0.04959993,0.090603046,0.057091285,0.26046386,-0.007491354
1724,0.5162293,0.08957584,0.115308926,0.08454162,0.40092033,0.005034223
1725,0.7213078,0.113340884,0.14978209,0.103383005,0.5715257,0.00995788
1726,0.4758958,0.078970134,0.1037181,0.07520317,0.3721777,0.0037669614
1727,0.4233833,0.04268631,0.07059814,0.04959651,0.35278517,-0.006910201
1728,0.34342065,0.053127985,0.049369525,0.031893235,0.29405114,0.02123475
1729,0.51299924,0.09315387,0.1160342,0.082290925,0.39696503,0.0108629465
1730,0.501408,0.056288432,0.082032815,0.060696106,0.41937518,-0.004407674
1731,0.54649025,0.069508016,0.10282393,0.072118975,0.44366634,-0.002610959
1732,0.58243775,0.03832963,0.09009202,0.06347423,0.49234575,-0.0251446
1733,0.40009448,0.082278945,0.068538524,0.04841128,0.33155596,0.033867665
1734,0.5467027,0.07094018,0.11570011,0.07884597,0.43100256,-0.007905789
1735,0.27449617,0.043153618,0.044905316,0.033695802,0.22959085,0.009457815
1736,0.4580132,0.07182702,0.08679479,0.057212353,0.3712184,0.014614664
1737,0.49224174,0.07286158,0.114773914,0.073222905,0.3774678,-0.00036132336
1738,0.4643444,0.043203067,0.053727947,0.035340443,0.41061646,0.007862624
1739,0.4875599,0.06836803,0.11654475,0.08431563,0.37101516,-0.015947595
1740,0.5365054,0.03653336,0.05035553,0.035584625,0.48614988,0.0009487346
1741,0.6504879,0.07559423,0.12104883,0.076805554,0.5294391,-0.0012113228
1742,0.5327542,0.03352849,0.07761661,0.05127362,0.45513758,-0.01774513
1743,0.54916364,0.056781825,0.07084645,0.054268476,0.4783172,0.002513349
1744,0.5592858,0.09218563,0.14209376,0.10580389,0.41719204,-0.013618261
1745,0.44997713,0.034782,0.08830674,0.06143918,0.36167037,-0.026657179
1746,0.24498023,0.02699372,0.053388983,0.040847592,0.19159125,-0.013853872
1747,0.4420393,0.06718299,0.059019435,0.043559093,0.38301986,0.023623895
1748,0.5831352,0.0872792,0.13337258,0.08817224,0.4497626,-0.0008930415
1749,0.37582788,0.044797294,0.06587086,0.045338415,0.30995703,-0.00054112077
1750,0.47899973,0.11626699,0.11255791,0.08187749,0.36644182,0.034389496
1751,0.52769464,0.061175782,0.10986448,0.08483951,0.41783017,-0.023663726
1752,0.49614233,0.06264968,0.1095201,0.07691442,0.38662222,-0.01426474
1753,0.5066642,0.0491842,0.0735721,0.052702516,0.43309212,-0.003518317
1754,0.4638876,0.10282407,0.12142208,0.08787446,0.34246552,0.014949612
1755,0.5707817,0.083278686,0.122482195,0.08808562,0.44829953,-0.004806936
1756,0.4970855,0.061056703,0.073273756,0.05030998,0.42381176,0.010746725
1757,0.6523943,0.06338941,0.10258682,0.061787743,0.5498075,0.0016016699
1758,0.4010221,0.05351751,0.083832934,0.07036222,0.31718916,-0.016844708
1759,0.32521665,0.04384973,0.07450027,0.05025474,0.2507164,-0.006405011
1760,0.71488124,0.11505958,0.10678483,0.07960957,0.6080964,0.035450004
1761,0.48861277,0.08109036,0.09728089,0.0755208,0.39133188,0.0055695623
1762,0.7458765,0.15928942,0.16307585,0.121905334,0.5828006,0.037384085
1763,0.29921606,0.02976572,0.05140415,0.03622257,0.24781191,-0.00645685
1764,0.36367536,0.064689726,0.08608488,0.055004515,0.27759048,0.009685211
1765,0.6238305,0.07898979,0.11215551,0.076461814,0.511675,0.0025279745
1766,0.35218492,0.04954657,0.08217017,0.050564133,0.27001476,-0.001017563
1767,0.6765594,0.039573047,0.088797025,0.06018257,0.58776236,-0.020609524
1768,0.544152,0.08577358,0.13072857,0.0989543,0.41342345,-0.013180718
1769,0.48385066,0.07805424,0.09144408,0.06716754,0.39240658,0.010886699
1770,0.35073045,0.03889335,0.08022452,0.048843108,0.27050593,-0.009949759
1771,0.43842658,0.09364976,0.12821847,0.09312712,0.3102081,0.0005226433
1772,0.3768953,0.08203375,0.101504155,0.0648909,0.27539116,0.017142855
1773,0.60863113,0.044994693,0.0941834,0.06534505,0.51444775,-0.020350356
1774,0.28496194,0.04097289,0.062086076,0.04183258,0.22287586,-0.0008596927
1775,0.6236907,0.094256625,0.10772863,0.08308308,0.5159621,0.011173546
1776,0.35827532,0.049983155,0.046821885,0.035100058,0.31145343,0.014883097
1777,0.54796946,0.11675829,0.11952762,0.08818528,0.42844182,0.028573006
1778,0.55194694,0.071402624,0.09819014,0.065325,0.4537568,0.006077625
1779,0.5389553,0.062049415,0.121870965,0.074877426,0.4170843,-0.012828011
1780,0.49966726,0.06511896,0.0939841,0.068391606,0.40568316,-0.0032726452
1781,0.5839509,0.09430636,0.13420014,0.09373349,0.44975072,0.0005728677
1782,0.40419617,0.05504189,0.06904032,0.049904946,0.33515584,0.0051369444
1783,0.39542362,0.05640932,0.08000408,0.057933997,0.31541955,-0.0015246756
1784,0.75578547,0.17378305,0.21436596,0.17466325,0.5414195,-0.0008801967
1785,0.47110474,0.05711911,0.0961627,0.07283637,0.37494203,-0.01571726
1786,0.64224946,0.09154086,0.12472323,0.0942081,0.5175262,-0.0026672408
1787,0.38357323,0.048922766,0.08019159,0.049657345,0.30338165,-0.0007345788
1788,0.6130804,0.08762598,0.10530582,0.077721596,0.5077746,0.009904385
1789,0.51854074,0.09955,0.09105135,0.06496537,0.4274894,0.034584634
1790,0.51166266,0.071339704,0.10378759,0.07650853,0.40787506,-0.0051688254
1791,0.5156656,0.078859255,0.12434187,0.09326397,0.39132372,-0.014404714
1792,0.50625306,0.07301649,0.12867336,0.088327445,0.3775797,-0.015310958
1793,0.530464,0.05087232,0.055225402,0.043076683,0.4752386,0.0077956356
1794,0.53787565,0.052483853,0.09935652,0.07457969,0.43851912,-0.02209584
1795,0.5252726,0.111976966,0.12985927,0.09569966,0.39541334,0.016277306
1796,0.3712434,0.041735817,0.058095712,0.037424285,0.31314766,0.004311532
1797,0.62839127,0.122145146,0.09456652,0.070209354,0.53382474,0.051935792
1798,0.39977032,0.07472376,0.089151345,0.06348592,0.31061897,0.011237837
1799,0.4346964,0.041241948,0.07169865,0.050625138,0.36299777,-0.00938319
1800,0.4609789,0.051165707,0.08103028,0.059836317,0.37994862,-0.008670609
1801,0.50319576,0.094123006,0.08986005,0.066827044,0.4133357,0.027295962
1802,0.49244064,0.069986455,0.11291954,0.08410498,0.3795211,-0.014118522
1803,0.6798859,0.11542976,0.15898906,0.11780157,0.52089685,-0.0023718104
1804,0.48913854,0.09118226,0.12137488,0.09061568,0.36776367,0.0005665794
1805,0.39251286,0.065330796,0.07489776,0.05167195,0.3176151,0.013658848
1806,0.4224707,0.1009778,0.09751363,0.07250771,0.32495707,0.028470092
1807,0.5427696,0.091126435,0.19030204,0.12752293,0.35246757,-0.036396496
1808,0.5560173,0.06858609,0.09774382,0.06580428,0.45827347,0.0027818084
1809,0.7087691,0.13075551,0.16123232,0.11438398,0.54753673,0.016371533
1810,0.61497474,0.058676805,0.123009205,0.08251888,0.49196553,-0.023842078
1811,0.29444897,0.058317203,0.087951176,0.06814353,0.20649779,-0.009826329
1812,0.5179874,0.04604533,0.08877578,0.060679883,0.4292116,-0.014634553
1813,0.60823905,0.10718991,0.11756479,0.087264426,0.49067426,0.019925483
1814,0.69829583,0.11483847,0.16739824,0.11593508,0.5308976,-0.0010966063
1815,0.5446599,0.080429085,0.111004554,0.07617818,0.43365535,0.0042509064
1816,0.47163147,0.15349987,0.16920199,0.12485579,0.3024295,0.028644085
1817,0.4282356,0.05360945,0.08068123,0.054093767,0.34755436,-0.00048431754
1818,0.4405556,0.059704844,0.0827198,0.05919225,0.3578358,0.0005125925
1819,0.61651915,0.11391254,0.12930657,0.08972874,0.4872126,0.024183795
1820,0.7820328,0.103574246,0.18075909,0.1275437,0.6012737,-0.023969457
1821,0.48292932,0.09948363,0.101294965,0.07795096,0.38163435,0.02153267
1822,0.5211333,0.12205867,0.14029603,0.08882478,0.38083726,0.03323389
1823,0.3033227,0.01691587,0.043223087,0.025379408,0.26009962,-0.008463537
1824,0.5213765,0.09260996,0.11772922,0.08466998,0.40364727,0.007939979
1825,0.63454264,0.08475121,0.15248899,0.10754117,0.48205364,-0.022789963
1826,0.6025376,0.09568982,0.12720862,0.08761491,0.47532895,0.008074909
1827,0.44967917,0.042624485,0.0990496,0.06961305,0.35062957,-0.026988562
1828,0.61198443,0.07934417,0.110100135,0.080505654,0.5018843,-0.0011614859
1829,0.49027058,0.10477714,0.12398778,0.08859955,0.36628282,0.016177595
1830,0.42405164,0.0032968062,0.035083935,0.02049503,0.3889677,-0.017198224
1831,0.6061877,0.05268553,0.07697538,0.052261196,0.5292123,0.00042433292
1832,0.5119494,0.055295035,0.09860543,0.061897263,0.413344,-0.0066022277
1833,0.4873469,0.11944809,0.14239575,0.112676494,0.34495115,0.0067715943
1834,0.53762937,0.036047157,0.08248717,0.060159065,0.4551422,-0.024111908
1835,0.39077845,0.04361938,0.07770798,0.060135905,0.31307048,-0.016516525
1836,0.5887159,0.113698944,0.136152,0.10069654,0.4525639,0.013002403
1837,0.43348354,0.043494105,0.11348326,0.081810676,0.3200003,-0.03831657
1838,0.4553535,0.05507973,0.099662565,0.077102385,0.35569093,-0.022022657
1839,0.43702835,0.06342518,0.072570466,0.05133663,0.36445788,0.012088552
1840,0.48970455,0.03351924,0.07317332,0.051889468,0.41653123,-0.01837023
1841,0.6605928,0.08533024,0.12729341,0.09093162,0.5332994,-0.0056013763
1842,0.42203417,0.052532922,0.09149968,0.06575177,0.3305345,-0.013218846
1843,0.551796,0.057841808,0.10564968,0.07661217,0.44614634,-0.01877036
1844,0.48887986,0.029377406,0.062268466,0.042779226,0.4266114,-0.013401819
1845,0.49331868,0.08686683,0.099479154,0.06712678,0.39383954,0.019740053
1846,0.61059654,0.07392823,0.09466535,0.07298118,0.5159312,0.00094705075
1847,0.5694033,0.08715517,0.1375609,0.09849685,0.4318424,-0.011341676
1848,0.5444464,0.11710093,0.14082515,0.10054189,0.40362126,0.016559042
1849,0.5212484,0.082154185,0.1054257,0.07776124,0.41582268,0.0043929443
1850,0.42636156,0.08713565,0.092007734,0.066303164,0.33435383,0.020832486
1851,0.2838009,0.055776715,0.06696251,0.04900185,0.21683839,0.006774865
1852,0.6202525,0.0904207,0.1568876,0.107026,0.4633649,-0.016605303
1853,0.55818933,0.06411794,0.080076925,0.0499894,0.4781124,0.01412854
1854,0.38813442,0.08388571,0.09931361,0.07049374,0.2888208,0.013391964
1855,0.41409653,0.033257373,0.066898495,0.045526877,0.34719804,-0.012269504
1856,0.6030255,0.052028354,0.08163987,0.059893265,0.5213856,-0.007864911
1857,0.5975123,0.09954187,0.15068866,0.10757522,0.44682366,-0.00803335
1858,0.47904983,0.06323149,0.07469194,0.05283443,0.4043579,0.010397062
1859,0.38275465,0.061154664,0.12643087,0.0865409,0.25632378,-0.025386237
1860,0.3989616,0.049985588,0.081004076,0.058829036,0.31795752,-0.008843448
1861,0.6513655,0.06747245,0.12053986,0.082714856,0.5308257,-0.015242405
1862,0.5129587,0.08303444,0.09579632,0.06901857,0.4171624,0.014015868
1863,0.4312729,0.104804024,0.14656232,0.100654356,0.2847106,0.004149668
1864,0.33220214,0.056667417,0.094705075,0.059801437,0.23749706,-0.0031340197
1865,0.3787678,0.052404467,0.07451717,0.051801823,0.30425063,0.00060264394
1866,0.5334166,0.047064826,0.10127405,0.06526677,0.4321426,-0.018201947
1867,0.57171893,0.14069176,0.14598326,0.09951989,0.42573565,0.041171864
1868,0.6121119,0.08280698,0.116266206,0.08084798,0.49584574,0.0019590035
1869,0.44892195,0.059628535,0.08907646,0.064668424,0.3598455,-0.0050398894
1870,0.42890728,0.053211935,0.07371895,0.05085402,0.3551883,0.002357915
1871,0.59936905,0.07868143,0.11941251,0.08557398,0.47995654,-0.006892547
1872,0.5989226,0.060964916,0.08513591,0.06340783,0.5137867,-0.002442915
1873,0.48471946,0.019294908,0.03268124,0.028345117,0.45203823,-0.009050209
1874,0.5747062,0.10976774,0.13076314,0.093837574,0.44394305,0.015930168
1875,0.366654,0.11113622,0.09112543,0.067340285,0.27552858,0.043795936
1876,0.54922295,0.08031378,0.116908185,0.07760619,0.43231475,0.0027075857
1877,0.4674677,0.11017852,0.105557404,0.07865125,0.36191028,0.031527273
1878,0.59240717,0.08168531,0.12320481,0.07605906,0.46920234,0.005626254
1879,0.6916139,0.08866083,0.12904885,0.097405866,0.5625651,-0.008745037
1880,0.74530697,0.039334126,0.08945307,0.052076805,0.65585387,-0.01274268
1881,0.47768527,0.0696456,0.09417271,0.061360076,0.38351256,0.008285522
1882,0.5704057,0.08597543,0.12764882,0.08771746,0.4427569,-0.0017420277
1883,0.52688783,0.1082562,0.12115328,0.09300978,0.40573454,0.015246421
1884,0.39335933,0.08836412,0.07955679,0.05801015,0.31380254,0.030353967
1885,0.56247914,0.11435083,0.12608558,0.08378808,0.43639356,0.030562751
1886,0.4632541,0.08372137,0.092458084,0.06520276,0.37079602,0.018518612
1887,0.5490038,0.063341044,0.11007385,0.07657871,0.43892992,-0.013237663
1888,0.3797114,0.025296535,0.06846234,0.03883845,0.31124905,-0.0135419145
1889,0.4345281,0.05566672,0.09471776,0.06470809,0.33981034,-0.009041373
1890,0.53745824,0.11263017,0.10997649,0.08325247,0.42748174,0.029377706
1891,0.43963376,0.08508714,0.119285166,0.086939074,0.3203486,-0.0018519312
1892,0.50108147,0.07526028,0.11236791,0.07280973,0.38871354,0.002450548
1893,0.4352823,0.08711003,0.08365738,0.05795503,0.3516249,0.029154997
1894,0.4114228,0.05208501,0.08998125,0.061721954,0.32144153,-0.009636946
1895,0.3938325,0.051196195,0.077183835,0.056111768,0.31664866,-0.0049155727
1896,0.47047824,0.04344764,0.092512004,0.06171073,0.37796623,-0.01826309
1897,0.5110025,0.09280535,0.1396095,0.0922595,0.37139297,0.0005458519
1898,0.54766726,0.07359428,0.10977649,0.07747358,0.43789077,-0.0038793012
1899,0.445972,0.04836983,0.07475568,0.05511807,0.3712163,-0.0067482404
1900,0.44184282,0.06170301,0.11329788,0.079756126,0.32854494,-0.018053114
1901,0.4881949,0.021456664,0.039344218,0.021406494,0.4488507,5.0170347e-05
1902,0.4435648,0.10043555,0.09334281,0.07229337,0.350222,0.028142177
1903,0.36338532,0.016704246,0.045719348,0.031855095,0.31766596,-0.015150849
1904,0.54235935,0.09800045,0.11663733,0.086806916,0.42572203,0.011193536
1905,0.5267569,0.05540276,0.08787707,0.05775462,0.43887982,-0.0023518614
1906,0.54327965,0.046977695,0.07474659,0.054690223,0.46853307,-0.007712528
1907,0.49666977,0.047449686,0.10483765,0.06590294,0.3918321,-0.018453255
1908,0.4987159,0.08832694,0.10181996,0.079819605,0.39689595,0.008507334
1909,0.4152706,0.04373977,0.08209337,0.05786007,0.3331772,-0.014120299
1910,0.5266571,0.08779819,0.12879013,0.09605708,0.39786696,-0.008258887
1911,0.5647581,0.112915725,0.14142044,0.10297659,0.4233377,0.009939134
1912,0.5140886,0.13857453,0.07710217,0.060038596,0.4369864,0.07853593
1913,0.53506005,0.10182438,0.09433734,0.06932751,0.4407227,0.03249687
1914,0.48148513,0.050976396,0.078017585,0.05639165,0.40346754,-0.0054152533
1915,0.6163287,0.10818733,0.12537223,0.090695456,0.4909565,0.017491877
1916,0.4136971,0.092039146,0.09760701,0.0715264,0.31609008,0.020512745
1917,0.44554296,0.060243573,0.09868364,0.07252695,0.34685934,-0.012283374
1918,0.5299739,0.08393145,0.101543695,0.077232815,0.42843023,0.006698638
1919,0.49581525,0.09587237,0.12535666,0.09871203,0.3704586,-0.0028396547
1920,0.47351757,0.08681821,0.12339933,0.086834475,0.35011822,-1.6264617e-05
1921,0.5423414,0.033062752,0.07805978,0.055447392,0.46428162,-0.02238464
1922,0.35924274,0.09997677,0.10000706,0.075769804,0.25923568,0.024206966
1923,0.479182,0.095886484,0.09701776,0.071420364,0.38216424,0.02446612
1924,0.3887868,0.053074904,0.090264685,0.0656533,0.2985221,-0.012578398
1925,0.604772,0.11566821,0.13274021,0.098029606,0.47203177,0.017638601
1926,0.5330038,0.10461316,0.14051476,0.09091749,0.39248905,0.013695672
1927,0.4459638,0.06419267,0.12719315,0.082901135,0.31877065,-0.018708467
1928,0.36431926,0.07173241,0.085291594,0.06308872,0.27902767,0.008643687
1929,0.5185021,0.07370844,0.105551235,0.080547884,0.41295087,-0.0068394467
1930,0.53558,0.0670233,0.06920162,0.053288285,0.46637836,0.013735015
1931,0.4723401,0.096003436,0.12196802,0.086372316,0.35037208,0.00963112
1932,0.43262193,0.05243409,0.079200186,0.05583909,0.35342175,-0.003405001
1933,0.5421264,0.06485067,0.102158725,0.07521895,0.4399677,-0.01036828
1934,0.43180993,0.07553605,0.08277192,0.063544355,0.349038,0.011991695
1935,0.4469373,0.08346652,0.12484936,0.09061146,0.32208794,-0.0071449354
1936,0.4295961,0.0794352,0.09135417,0.066683374,0.33824193,0.012751825
1937,0.4894693,0.071633846,0.09965821,0.072823696,0.38981107,-0.0011898503
1938,0.42078444,0.06724885,0.095480174,0.070403464,0.32530427,-0.003154613
1939,0.41562983,0.06655784,0.1002806,0.07267133,0.31534922,-0.006113492
1940,0.45407477,0.06123153,0.07600634,0.05904451,0.37806845,0.002187021
1941,0.5027086,0.04148036,0.08146525,0.06121891,0.42124337,-0.019738551
1942,0.5331877,0.11426684,0.15316366,0.11728655,0.38002402,-0.0030197054
1943,0.4319931,0.025939837,0.0683145,0.03901601,0.3636786,-0.013076171
1944,0.62869126,0.09741423,0.12062768,0.08300498,0.50806355,0.0144092515
1945,0.4987329,0.08314659,0.105983965,0.07307288,0.39274892,0.0100737065
1946,0.60194397,0.0731276,0.082441576,0.05872383,0.5195024,0.014403768
1947,0.5524334,0.08883584,0.09360221,0.05748698,0.45883116,0.03134886
1948,0.48649558,0.09863897,0.09295034,0.068972856,0.39354524,0.02966611
1949,0.56166077,0.079078466,0.089909755,0.057477664,0.471751,0.021600801
1950,0.56569594,0.052270066,0.08600433,0.060172133,0.47969162,-0.007902067
1951,0.35921523,0.04326622,0.073918775,0.05289677,0.28529644,-0.009630553
1952,0.6121633,0.07695229,0.102305345,0.06574791,0.50985795,0.011204384
1953,0.5073515,0.027145367,0.07919394,0.049648255,0.42815757,-0.022502888
1954,0.474095,0.057684753,0.09674805,0.07197395,0.37734693,-0.014289197
1955,0.4640767,0.09616587,0.09125689,0.06538286,0.3728198,0.030783013
1956,0.57571244,0.0685094,0.08903308,0.060633678,0.48667938,0.007875722
1957,0.44084236,0.02667434,0.039126743,0.027966753,0.4017156,-0.0012924131
1958,0.42267302,0.106113724,0.11037707,0.08847558,0.31229594,0.017638147
1959,0.58026725,0.113120146,0.14285961,0.10780126,0.43740764,0.0053188875
1960,0.5078825,0.05653766,0.093149856,0.06477436,0.41473264,-0.008236695
1961,0.47861084,0.06854006,0.10356048,0.06716923,0.37505037,0.0013708323
1962,0.64672124,0.110093996,0.1319489,0.093669355,0.51477236,0.016424641
1963,0.6289504,0.08642059,0.10232656,0.07427906,0.52662385,0.012141526
1964,0.59126,0.10317568,0.13757317,0.10341177,0.45368683,-0.000236094
1965,0.40076,0.05097417,0.077081405,0.05538411,0.32367858,-0.004409939
1966,0.39579308,0.0475985,0.07335929,0.051622547,0.3224338,-0.0040240474
1967,0.5471683,0.07747882,0.12701036,0.094730996,0.42015797,-0.017252177
1968,0.62170464,0.052232347,0.12255129,0.08020889,0.49915335,-0.027976543
1969,0.41363686,0.065887265,0.07396047,0.057422455,0.33967638,0.0084648095
1970,0.48616424,0.083416045,0.12773761,0.08794978,0.35842663,-0.004533738
1971,0.6091841,0.067270964,0.11129242,0.0749968,0.49789166,-0.007725835
1972,0.56197834,0.122418925,0.13334715,0.094248764,0.4286312,0.028170161
1973,0.41918704,0.025059033,0.045593992,0.03436093,0.37359303,-0.009301897
1974,0.47656682,0.086293854,0.07655352,0.05756701,0.4000133,0.028726842
1975,0.46949124,0.13529702,0.13450521,0.09964141,0.33498603,0.035655603
1976,0.4596696,0.08715522,0.11362608,0.078242496,0.34604353,0.008912727
1977,0.5959034,0.093203805,0.11947339,0.08970809,0.47643,0.0034957156
1978,0.5939511,0.070436865,0.12343757,0.08409105,0.47051352,-0.013654187
1979,0.5700134,0.088526085,0.12727062,0.09123802,0.44274276,-0.0027119368
1980,0.55550134,0.07006498,0.10771509,0.07447894,0.44778624,-0.0044139624
1981,0.4435417,0.070542,0.08855109,0.06473371,0.3549906,0.005808294
1982,0.6346418,0.081091136,0.11534382,0.08297901,0.519298,-0.0018878728
1983,0.5640846,0.05150988,0.11183467,0.07207593,0.4522499,-0.020566054
1984,0.20644018,0.04215831,0.051687833,0.035494167,0.15475234,0.006664142
1985,0.46001142,0.07246528,0.10545796,0.080399774,0.35455346,-0.007934496
1986,0.56899124,0.079406284,0.102424644,0.06946554,0.4665666,0.009940743
1987,0.4696785,0.07651748,0.11778364,0.075653404,0.35189486,0.00086407363
1988,0.4659105,0.057536542,0.099798806,0.069309436,0.3661117,-0.011772893
1989,0.40915382,0.04798518,0.0690635,0.051678695,0.34009033,-0.0036935136
1990,0.53670263,0.07314532,0.10629689,0.07775729,0.43040574,-0.004611969
1991,0.44636855,0.059601896,0.072533704,0.05283625,0.37383485,0.006765645
1992,0.61256653,0.05031733,0.14026782,0.08107459,0.4722987,-0.03075726
1993,0.6128406,0.08472221,0.11778556,0.084252454,0.49505502,0.0004697591
1994,0.3354797,0.04992489,0.0753502,0.05294686,0.2601295,-0.0030219704
1995,0.5218333,0.09643939,0.13639581,0.09514591,0.3854375,0.0012934804
1996,0.48497322,0.09619998,0.13132703,0.092700936,0.3536462,0.003499046
1997,0.37798283,0.04127974,0.05851664,0.04127407,0.31946617,5.669892e-06
1998,0.6618646,0.09299733,0.12437766,0.08735531,0.5374869,0.005642019
1999,0.6233868,0.0654454,0.092711896,0.06977561,0.53067493,-0.0043302104
2000,0.49541563,0.0974787,0.09525815,0.06925557,0.40015748,0.028223135
2001,0.33774865,0.035248164,0.0412741,0.028811295,0.29647455,0.0064368695
2002,0.5877849,0.05820885,0.121950656,0.08598638,0.46583423,-0.027777534
2003,0.59156805,0.057384487,0.13645814,0.091625854,0.4551099,-0.034241367
2004,0.5078912,0.07633124,0.12455183,0.08504463,0.38333935,-0.008713387
2005,0.4607297,0.04097289,0.086139515,0.057563387,0.37459016,-0.016590498
2006,0.33799922,0.034136184,0.06011571,0.038959876,0.27788353,-0.004823692
2007,0.45452428,0.04441566,0.07174882,0.05200292,0.38277546,-0.0075872615
2008,0.47262642,0.07650462,0.10777217,0.08057134,0.36485425,-0.0040667206
2009,0.507507,0.15966257,0.1443045,0.094775826,0.3632025,0.06488675
2010,0.45600984,0.04008269,0.070518926,0.046957813,0.3854909,-0.006875124
2011,0.45590457,0.09598339,0.13805418,0.098830156,0.3178504,-0.0028467625
2012,0.3932192,0.07602105,0.091111384,0.069277264,0.3021078,0.0067437887
2013,0.50500774,0.047360495,0.09879554,0.060082264,0.4062122,-0.0127217695
2014,0.45208412,0.085430875,0.10837872,0.079290874,0.34370542,0.006140001
2015,0.57308817,0.10194358,0.13110468,0.093913995,0.4419835,0.008029588
2016,0.4686949,0.084820285,0.097528316,0.07388815,0.3711666,0.010932133
2017,0.52479905,0.046296567,0.094970085,0.068600774,0.42982897,-0.022304207
2018,0.54309535,0.064488776,0.10859221,0.07870153,0.43450314,-0.014212757
2019,0.5774739,0.06696501,0.08998721,0.06665084,0.48748666,0.00031416863
2020,0.5500399,0.0744216,0.1287745,0.08071185,0.4212654,-0.0062902495
2021,0.4777021,0.08423033,0.11750697,0.088750795,0.36019513,-0.004520461
2022,0.5841674,0.117208,0.11991948,0.085692175,0.46424794,0.03151582
2023,0.37078685,0.09148107,0.07419793,0.057306547,0.2965889,0.03417452
2024,0.44493803,0.054793216,0.067051634,0.048598632,0.3778864,0.006194584
2025,0.5528958,0.094199255,0.12663254,0.08808632,0.42626324,0.006112933
2026,0.41940123,0.071034335,0.08390316,0.057190176,0.33549806,0.0138441585
2027,0.47329786,0.07423653,0.07422951,0.05329235,0.39906836,0.020944178
2028,0.3262618,0.060070816,0.08522994,0.0681931,0.24103186,-0.008122284
2029,0.54453164,0.07777981,0.11533931,0.07938538,0.42919233,-0.0016055703
2030,0.45143604,0.05620123,0.08432173,0.058961917,0.3671143,-0.002760686
2031,0.63343143,0.19054289,0.16484304,0.11749737,0.4685884,0.07304552
2032,0.3897472,0.06826417,0.09775515,0.07579503,0.29199207,-0.0075308606
2033,0.4959857,0.07533397,0.101568356,0.07837006,0.39441735,-0.0030360892
2034,0.33823982,0.02086327,0.030880282,0.022062486,0.30735955,-0.0011992157
2035,0.676775,0.12606952,0.13137534,0.09297956,0.54539967,0.033089958
2036,0.56516546,0.09258662,0.10931273,0.07693329,0.45585275,0.015653335
2037,0.39753255,0.116807036,0.10919444,0.08874193,0.28833812,0.028065108
2038,0.44661924,0.068504594,0.10849969,0.07593856,0.33811957,-0.007433966
2039,0.5277803,0.08145293,0.09557369,0.07283932,0.4322066,0.008613609
2040,0.5240698,0.07004578,0.07333506,0.053365123,0.45073473,0.016680654
2041,0.5576579,0.06632487,0.10428576,0.067172095,0.45337212,-0.0008472279
2042,0.5282721,0.07236042,0.098720275,0.07295618,0.4295518,-0.0005957633
2043,0.48949113,0.05693098,0.0882662,0.060162056,0.40122494,-0.0032310747
2044,0.4372269,0.10512854,0.10280616,0.07418986,0.33442074,0.030938685
2045,0.44726846,0.081999436,0.09915754,0.07450021,0.3481109,0.0074992254
2046,0.5610379,0.14263566,0.14239448,0.10739368,0.41864341,0.035241976
2047,0.40509403,0.06888056,0.0946991,0.069706075,0.31039494,-0.0008255169
2048,0.52115977,0.03928828,0.07720199,0.05559221,0.44395778,-0.01630393
2049,0.59008205,0.06569517,0.09407613,0.06553702,0.49600592,0.00015814602
2050,0.47962764,0.08659427,0.101922445,0.06335498,0.3777052,0.023239292
2051,0.5006545,0.051820263,0.10113833,0.065986216,0.3995162,-0.014165953
2052,0.5389625,0.09769568,0.106723756,0.07996748,0.43223873,0.017728202
2053,0.5061099,0.087355286,0.094244026,0.06823414,0.41186586,0.019121148
2054,0.5032786,0.0709729,0.079125,0.058084264,0.42415363,0.012888633
2055,0.37596676,0.040745933,0.08201527,0.057299186,0.29395148,-0.016553253
2056,0.60277355,0.07110863,0.15834057,0.108503714,0.44443297,-0.037395082
2057,0.48672274,0.071819834,0.10906869,0.07311949,0.37765405,-0.0012996569
2058,0.45396748,0.10803409,0.14977919,0.1054097,0.3041883,0.0026243925
2059,0.36978698,0.05335334,0.08416234,0.053936366,0.28562462,-0.00058302656
2060,0.6499601,0.09637086,0.16386852,0.10502828,0.48609158,-0.008657418
2061,0.46750364,0.07322756,0.06004648,0.040755965,0.40745717,0.032471597
2062,0.5197234,0.059629288,0.08508325,0.057699192,0.43464017,0.0019300953
2063,0.66291976,0.09983801,0.14624067,0.105713665,0.5166791,-0.0058756545
2064,0.49505016,0.053183887,0.08102383,0.05605728,0.41402632,-0.0028733946
2065,0.45235333,0.060579866,0.1000414,0.07303028,0.35231194,-0.012450412
2066,0.4798798,0.064816356,0.096171595,0.07182608,0.3837082,-0.0070097223
2067,0.45414793,0.07613519,0.09695173,0.067045614,0.3571962,0.009089574
2068,0.44401386,0.06039403,0.08417652,0.062242486,0.35983735,-0.0018484555
2069,0.46211264,0.09185675,0.11852456,0.08495283,0.34358808,0.0069039166
2070,0.47481206,0.06340722,0.088214085,0.060511295,0.386598,0.0028959252
2071,0.58828616,0.087270446,0.12735485,0.085707836,0.4609313,0.0015626103
2072,0.46593922,0.046605695,0.07287249,0.05374299,0.39306673,-0.007137295
2073,0.50249106,0.10576583,0.1347012,0.09901146,0.36778986,0.0067543685
2074,0.4718652,0.0808092,0.057041746,0.040006567,0.41482347,0.04080263
2075,0.56459033,0.06618695,0.10426718,0.07345554,0.46032315,-0.0072685927
2076,0.43378428,0.05055053,0.08458921,0.06685276,0.34919506,-0.016302232
2077,0.46355024,0.038459465,0.07345447,0.049303766,0.39009577,-0.010844301
2078,0.56754136,0.08148322,0.104579344,0.07831302,0.46296203,0.0031701997
2079,0.6319625,0.08883451,0.10400268,0.07512414,0.5279598,0.013710372
2080,0.4424144,0.048723273,0.07558158,0.051534228,0.36683282,-0.002810955
2081,0.50438774,0.08808867,0.12065905,0.09041065,0.38372868,-0.002321981
2082,0.42145613,0.03665534,0.06316286,0.040021647,0.35829327,-0.0033663064
2083,0.437917,0.04356699,0.06481493,0.046514224,0.37310207,-0.0029472336
2084,0.44255915,0.044462163,0.06615324,0.04338843,0.3764059,0.001073733
2085,0.53387874,0.06988092,0.12108933,0.08774539,0.4127894,-0.017864473
2086,0.5285786,0.0901525,0.10483098,0.07283203,0.4237476,0.017320469
2087,0.4574643,0.038907137,0.096242726,0.055103365,0.36122158,-0.016196229
2088,0.5109961,0.07096442,0.083547,0.06269833,0.4274491,0.008266091
2089,0.5559347,0.07564353,0.119188555,0.08994055,0.43674618,-0.014297016
2090,0.6362946,0.071286336,0.09749238,0.06720104,0.5388022,0.004085295
2091,0.504027,0.11398232,0.11292362,0.079082616,0.3911034,0.034899704
2092,0.61123234,0.11507702,0.16989917,0.118686885,0.44133317,-0.003609866
2093,0.54229146,0.05135065,0.10757311,0.06631692,0.43471837,-0.014966268
2094,0.6305952,0.12517919,0.13752714,0.095027484,0.49306807,0.030151702
2095,0.4534426,0.05030906,0.07192751,0.05495335,0.3815151,-0.0046442933
2096,0.4365736,0.058698554,0.08969682,0.060656995,0.34687677,-0.001958441
2097,0.5558913,0.08092264,0.11273146,0.07991374,0.44315982,0.001008898
2098,0.62584037,0.08158706,0.12661186,0.090385936,0.4992285,-0.008798875
2099,0.34917468,0.0774308,0.097756684,0.079984434,0.251418,-0.0025536343
2100,0.49618414,0.11468764,0.13078457,0.09888019,0.36539957,0.01580745
2101,0.6207525,0.10362889,0.12912157,0.09267858,0.49163094,0.010950312
2102,0.43460783,0.08190724,0.1108016,0.07588813,0.32380623,0.0060191154
2103,0.36727533,0.049512766,0.06600993,0.05013766,0.3012654,-0.0006248951
2104,0.4614944,0.07129365,0.11536134,0.083792925,0.34613305,-0.012499273
2105,0.48796484,0.053621627,0.07256128,0.047830068,0.41540354,0.00579156
2106,0.34718427,0.039609585,0.06602734,0.04642858,0.28115693,-0.006818995
2107,0.44473794,0.058991566,0.067103416,0.046067353,0.37763453,0.012924213
2108,0.59001315,0.051139828,0.089404084,0.062041692,0.50060904,-0.010901865
2109,0.40921572,0.08019368,0.08904923,0.06116207,0.3201665,0.019031614
2110,0.56569785,0.068198234,0.108220555,0.0813251,0.4574773,-0.013126865
2111,0.5894756,0.09603235,0.116870716,0.08433966,0.47260487,0.011692688
2112,0.44093975,0.06189058,0.072261736,0.057330098,0.36867803,0.0045604818
2113,0.4722447,0.074909724,0.09848107,0.073025055,0.37376365,0.0018846691
2114,0.4425243,0.059782043,0.08556822,0.06367466,0.3569561,-0.0038926154
2115,0.32591227,0.084251404,0.093302734,0.06910947,0.23260954,0.015141934
2116,0.5701819,0.107565396,0.1316556,0.10055243,0.4385263,0.0070129633
2117,0.5886596,0.077928305,0.1296265,0.08771978,0.45903307,-0.0097914785
2118,0.6007972,0.09752172,0.13928056,0.0925241,0.46151662,0.004997626
2119,0.5050797,0.09354918,0.09291383,0.070577055,0.41216585,0.022972122
2120,0.47759223,0.088219255,0.08972348,0.065519735,0.38786876,0.02269952
2121,0.34612378,0.033372987,0.060063325,0.044734612,0.28606045,-0.011361625
2122,0.50475025,0.08724689,0.11119936,0.075790875,0.3935509,0.011456013
2123,0.5354477,0.086212076,0.09268222,0.06641297,0.4427655,0.019799106
2124,0.5700958,0.052613944,0.07306813,0.049793262,0.49702764,0.0028206818
2125,0.44516525,0.091876745,0.09770761,0.06416124,0.34745765,0.027715504
2126,0.5232944,0.066578075,0.08659478,0.058122776,0.4366996,0.008455299
2127,0.533282,0.10012183,0.11778116,0.08911685,0.41550082,0.011004984
2128,0.575552,0.09990966,0.10823304,0.07838644,0.46731895,0.021523222
2129,0.44706994,0.08198288,0.07686971,0.06251759,0.37020022,0.01946529
2130,0.45156848,0.035852462,0.0779452,0.051537313,0.37362328,-0.01568485
2131,0.57627594,0.07428267,0.0911838,0.062052723,0.48509216,0.0122299455
2132,0.4609378,0.04260988,0.08820586,0.057397295,0.37273192,-0.014787413
2133,0.51862544,0.07722821,0.12378386,0.08289914,0.39484158,-0.0056709275
2134,0.5451355,0.0691328,0.08517833,0.06078395,0.45995718,0.008348849
2135,0.37902194,0.03026658,0.0628784,0.041541148,0.31614354,-0.011274569
2136,0.58137417,0.10672622,0.12156235,0.086994044,0.4598118,0.019732177
2137,0.46420208,0.08028963,0.09789572,0.07244405,0.36630636,0.007845581
2138,0.4583661,0.12844297,0.15183137,0.11643106,0.3065347,0.012011915
2139,0.6081301,0.10966741,0.1279218,0.10067052,0.48020828,0.008996896
2140,0.5771258,0.049265794,0.08160641,0.055944476,0.49551937,-0.006678682
2141,0.4745015,0.10901592,0.12006497,0.09182426,0.35443652,0.017191656
2142,0.33231908,0.07219692,0.1114875,0.07780312,0.22083157,-0.005606197
2143,0.6218128,0.1025736,0.123976775,0.08033865,0.49783605,0.022234954
2144,0.60426694,0.09945195,0.12346432,0.09062518,0.48080263,0.00882677
2145,0.45269397,0.0701047,0.097708456,0.06994122,0.3549855,0.00016348064
2146,0.37828764,0.0757454,0.08570938,0.05882506,0.29257828,0.016920336
2147,0.5975076,0.1427091,0.17723826,0.120831326,0.42026934,0.02187778
2148,0.56486994,0.08893282,0.121698655,0.08489734,0.4431713,0.0040354803
2149,0.5746583,0.069169395,0.12453649,0.081964865,0.4501218,-0.012795471
2150,0.43758836,0.07054461,0.09520558,0.07518507,0.3423828,-0.00464046
2151,0.42043105,0.06113636,0.08124985,0.05946682,0.33918118,0.001669541
2152,0.514611,0.06735895,0.072023466,0.050360378,0.44258755,0.01699857
2153,0.46361935,0.08679707,0.11477479,0.08285934,0.34884456,0.003937736
2154,0.68960285,0.10337374,0.14344442,0.10006813,0.54615843,0.003305614
2155,0.49047455,0.05688309,0.08891607,0.06275704,0.4015585,-0.0058739483
2156,0.5246788,0.036041234,0.061235365,0.045350213,0.46344346,-0.009308979
2157,0.296768,0.058487747,0.07988233,0.058355156,0.21688569,0.00013259053
2158,0.4942517,0.08316724,0.11690389,0.0880691,0.3773478,-0.0049018636
2159,0.32739094,0.059957735,0.088897735,0.05789152,0.2384932,0.0020662136
2160,0.49073976,0.13786948,0.12000883,0.09287619,0.37073094,0.04499329
2161,0.60680485,0.075529695,0.09725194,0.07021827,0.5095529,0.005311422
2162,0.7177737,0.14329377,0.18095104,0.14401214,0.5368226,-0.0007183701
2163,0.5123138,0.067467876,0.1118939,0.07927134,0.4004199,-0.011803463
2164,0.42341805,0.09888286,0.072268635,0.050751563,0.3511494,0.0481313
2165,0.47936454,0.06433211,0.10686712,0.07869195,0.37249744,-0.014359839
2166,0.3566481,0.11276731,0.105263345,0.076744884,0.25138474,0.036022425
2167,0.5646067,0.052604683,0.1055948,0.07517381,0.4590119,-0.022569127
2168,0.41011366,0.048626672,0.061999906,0.049523562,0.34811375,-0.0008968897
2169,0.57442635,0.06626833,0.111406595,0.07590583,0.46301976,-0.009637497
2170,0.42409065,0.054979153,0.06938514,0.050800685,0.3547055,0.004178468
2171,0.4445791,0.047033753,0.09100927,0.06228553,0.35356984,-0.015251778
2172,0.33069766,0.0764301,0.061400514,0.042912245,0.26929715,0.033517852
2173,0.5423436,0.09301464,0.081593536,0.067259215,0.46075007,0.025755428
2174,0.43031195,0.094756536,0.09530592,0.060337696,0.33500603,0.03441884
2175,0.5940191,0.07450633,0.092924125,0.07006338,0.501095,0.004442945
2176,0.57235295,0.0719896,0.098408364,0.07609828,0.47394457,-0.004108675
2177,0.41759434,0.08798899,0.10058761,0.06977651,0.31700674,0.018212475
2178,0.45411366,0.10047437,0.13226561,0.09194721,0.32184803,0.00852716
2179,0.6146131,0.08005252,0.16495301,0.10437599,0.44966012,-0.02432347
2180,0.5586883,0.088967,0.09801,0.06429807,0.46067828,0.024668932
2181,0.37933865,0.06297951,0.11613522,0.071085535,0.26320344,-0.008106023
2182,0.42910582,0.056805093,0.095114365,0.07150995,0.33399147,-0.014704857
2183,0.5661242,0.08237427,0.117841855,0.084064916,0.44828236,-0.0016906485
2184,0.33388293,0.046191577,0.07266929,0.054922257,0.26121363,-0.00873068
2185,0.56961733,0.11894283,0.1436155,0.10421466,0.42600185,0.014728166
2186,0.35402328,0.055965558,0.0689045,0.04970831,0.2851188,0.006257247
2187,0.45595342,0.024588563,0.052078225,0.033007838,0.4038752,-0.008419275
2188,0.57007307,0.05563006,0.09616034,0.06843281,0.47391272,-0.012802746
2189,0.43778926,0.06598148,0.08531926,0.05840142,0.35247,0.007580057
2190,0.49061042,0.06260276,0.090565875,0.061489243,0.40004456,0.0011135153
2191,0.5227207,0.11342307,0.15171346,0.101181276,0.37100723,0.012241796
2192,0.45960996,0.08289573,0.0886524,0.059512354,0.37095755,0.023383379
2193,0.5263353,0.077828236,0.124308236,0.08563003,0.40202707,-0.0078017935
2194,0.4823605,0.09042077,0.12410721,0.08155957,0.3582533,0.008861199
2195,0.56390345,0.08833793,0.122160405,0.08712502,0.44174305,0.0012129098
2196,0.48360035,0.034313668,0.053636055,0.041358925,0.4299643,-0.007045258
2197,0.51838195,0.018665725,0.039020807,0.02836469,0.47936115,-0.009698965
2198,0.2996716,0.04399502,0.08374889,0.0579465,0.2159227,-0.01395148
2199,0.66300577,0.094883054,0.10809329,0.07946573,0.55491245,0.0154173225
2200,0.51092255,0.08499496,0.09083915,0.06294962,0.4200834,0.022045337
2201,0.6750085,0.097049825,0.15469532,0.106408425,0.52031314,-0.0093586
2202,0.4001585,0.056472365,0.0975138,0.06732901,0.3026447,-0.010856647
2203,0.50512296,0.109142214,0.13760208,0.08712964,0.36752087,0.022012576
2204,0.44206566,0.12406945,0.12591465,0.09015835,0.31615102,0.0339111
2205,0.5385012,0.040180776,0.10253776,0.07089618,0.43596345,-0.030715402
2206,0.5088798,0.066293776,0.10282688,0.07773866,0.4060529,-0.011444882
2207,0.26706958,0.052980214,0.06169484,0.041134283,0.20537473,0.011845931
2208,0.44015518,0.084727354,0.08925523,0.061838258,0.35089993,0.022889096
2209,0.5997898,0.09931541,0.08290677,0.05560192,0.516883,0.04371349
2210,0.5240083,0.053536266,0.09464307,0.06488595,0.42936522,-0.0113496855
2211,0.507416,0.011730503,0.04148109,0.025007954,0.46593493,-0.013277451
2212,0.4940977,0.07459292,0.11038455,0.073682405,0.38371316,0.0009105131
2213,0.4729061,0.08965423,0.09816673,0.06933444,0.37473938,0.02031979
2214,0.3496361,0.06973921,0.09995572,0.07418687,0.24968038,-0.0044476613
2215,0.5340298,0.11022392,0.1564888,0.11409647,0.37754098,-0.003872551
2216,0.51514506,0.074070275,0.12952808,0.08839344,0.385617,-0.0143231675
2217,0.3958938,0.066308916,0.08124119,0.06286789,0.31465262,0.0034410283
2218,0.43339467,0.02826454,0.06847229,0.047043923,0.36492237,-0.018779384
2219,0.6334214,0.08057894,0.1288714,0.09896112,0.50455004,-0.018382184
2220,0.22761932,0.0042898813,0.026675636,0.015638037,0.20094368,-0.011348155
2221,0.4978426,0.07013407,0.093004026,0.064978786,0.4048386,0.0051552877
2222,0.48998672,0.037853688,0.06674766,0.040859837,0.42323905,-0.003006149
2223,0.4379271,0.11348443,0.13171136,0.08287063,0.30621573,0.030613795
2224,0.39453202,0.062835164,0.07368141,0.048250895,0.3208506,0.014584269
2225,0.50319415,0.062296744,0.08460276,0.061876744,0.41859138,0.0004200004
2226,0.68120325,0.09875385,0.11705878,0.08162409,0.5641445,0.017129757
2227,0.46252012,0.03247627,0.0770682,0.05046407,0.3854519,-0.017987803
2228,0.5625272,0.10701929,0.11447842,0.07358096,0.44804877,0.033438332
2229,0.3945552,0.067646794,0.083551906,0.060415074,0.3110033,0.00723172
2230,0.49120852,0.12869039,0.13511662,0.10002855,0.35609192,0.02866184
2231,0.5704672,0.0904824,0.10463258,0.07727646,0.4658346,0.013205938
2232,0.20082723,0.072638385,0.074329816,0.057005886,0.12649742,0.015632499
2233,0.44098994,0.05652554,0.097195074,0.06804314,0.34379488,-0.011517603
2234,0.47041684,0.07134322,0.077107966,0.058808,0.39330888,0.012535222
2235,0.52451056,0.06835567,0.10908497,0.073160976,0.4154256,-0.004805304
2236,0.5692495,0.106223844,0.14874876,0.1087013,0.42050076,-0.0024774596
2237,0.3569539,0.012580499,0.07650087,0.047453824,0.28045303,-0.034873325
2238,0.49024165,0.033789687,0.061213344,0.042446684,0.4290283,-0.008656997
2239,0.38693827,0.0805257,0.08090792,0.058570623,0.30603036,0.021955073
2240,0.45722404,0.11118164,0.09782625,0.07621456,0.3593978,0.03496708
2241,0.48439085,0.116059385,0.14637697,0.11002729,0.3380139,0.0060320944
2242,0.4059998,0.046507612,0.081203185,0.056124844,0.32479662,-0.009617232
2243,0.74792725,0.08802018,0.10730731,0.07456602,0.64061993,0.013454162
2244,0.55208004,0.07446776,0.112725705,0.074382104,0.43935433,8.5659325e-05
2245,0.5285561,0.084479846,0.11559156,0.078778476,0.41296455,0.0057013705
2246,0.5287864,0.1454552,0.12873873,0.09655896,0.4000477,0.04889624
2247,0.55180115,0.07315732,0.1053535,0.07298849,0.44644764,0.00016883016
2248,0.24588002,0.019840777,0.032697435,0.021967478,0.21318258,-0.0021267012
2249,0.55681056,0.07739843,0.09995674,0.07391891,0.4568538,0.003479518
2250,0.5128877,0.060383104,0.093604624,0.06749588,0.4192831,-0.0071127787
2251,0.60016894,0.09398408,0.13538083,0.10136301,0.4647881,-0.0073789284
2252,0.3865806,0.025454791,0.06920467,0.04221882,0.3173759,-0.016764028
2253,0.3517645,0.07316767,0.110752955,0.07640961,0.24101155,-0.0032419413
2254,0.51375794,0.056142047,0.079348445,0.04895078,0.4344095,0.007191267
2255,0.40922973,0.08394094,0.08988063,0.056432042,0.3193491,0.027508896
2256,0.46728727,0.09136706,0.114162534,0.07027222,0.35312474,0.021094836
2257,0.45065498,0.060939007,0.080204375,0.056735624,0.37045062,0.004203383
2258,0.46847034,0.04868556,0.047442097,0.03342393,0.42102823,0.015261628
2259,0.47759295,0.078600414,0.10465026,0.07603662,0.3729427,0.002563797
2260,0.29668865,0.06842313,0.07084814,0.05455993,0.22584051,0.013863198
2261,0.4527521,0.10388941,0.14424516,0.11135843,0.30850697,-0.0074690133
2262,0.50840527,0.063421875,0.094128124,0.061701115,0.41427714,0.00172076
2263,0.31904963,0.06206628,0.06607438,0.04170322,0.25297526,0.020363059
2264,0.3868894,0.071570344,0.08209068,0.06570639,0.30479872,0.005863957
2265,0.42040446,0.045758046,0.09077062,0.06258438,0.32963383,-0.016826332
2266,0.4574065,0.09601345,0.11917295,0.090759695,0.33823353,0.0052537546
2267,0.4971528,0.07891845,0.103596315,0.07041058,0.39355648,0.00850787
2268,0.40885156,0.07620852,0.089040585,0.062248882,0.319811,0.013959635
2269,0.41033742,0.0671616,0.07831615,0.05047366,0.33202127,0.016687937
2270,0.48971242,0.04411911,0.06928027,0.049677715,0.42043215,-0.0055586062
2271,0.31722727,0.083504185,0.07096434,0.04829753,0.24626294,0.035206657
2272,0.5278898,0.05833966,0.099076845,0.065297954,0.42881295,-0.0069582947
2273,0.4418969,0.06306228,0.08769371,0.06713068,0.35420316,-0.004068397
2274,0.6868116,0.08498736,0.11022135,0.08271165,0.5765903,0.0022757053
2275,0.67658305,0.110883735,0.12377668,0.09416804,0.5528064,0.016715698
2276,0.54527843,0.049507674,0.0690709,0.04924383,0.47620752,0.00026384369
2277,0.26788828,0.059946008,0.073117584,0.057862516,0.1947707,0.0020834915
2278,0.38492966,0.05519643,0.07690616,0.053815063,0.3080235,0.0013813674
2279,0.5154269,0.0552183,0.09175652,0.06503493,0.42367035,-0.009816632
2280,0.5327119,0.05163897,0.089291744,0.068411306,0.44342017,-0.016772337
2281,0.4648447,0.11359559,0.11574709,0.095690705,0.3490976,0.017904885
2282,0.47554636,0.041574974,0.08124518,0.049908813,0.39430118,-0.0083338395
2283,0.3775555,0.08762169,0.07773838,0.058789384,0.29981712,0.028832305
2284,0.54731154,0.13590421,0.14100249,0.10675038,0.40630907,0.029153831
2285,0.41490096,0.10085631,0.09096107,0.067888185,0.3239399,0.032968126
2286,0.39465237,0.061718736,0.07218587,0.055365857,0.3224665,0.006352879
2287,0.3634911,0.03976341,0.053205144,0.040360365,0.31028596,-0.0005969554
2288,0.4406583,0.061295908,0.094664335,0.067204185,0.34599397,-0.005908277
2289,0.37019983,0.041097954,0.08612595,0.052410938,0.2840739,-0.011312984
2290,0.48894104,0.049031872,0.097770244,0.060003735,0.3911708,-0.010971863
2291,0.5758278,0.06525621,0.10253004,0.07541391,0.47329774,-0.010157704
2292,0.5369929,0.0773796,0.0812861,0.06031591,0.4557068,0.017063688
2293,0.7018065,0.09043157,0.1914502,0.1206089,0.5103563,-0.030177332
2294,0.5592617,0.06049395,0.08158944,0.05573111,0.47767225,0.0047628395
2295,0.3856029,0.06304721,0.090887934,0.061813563,0.29471496,0.0012336448
2296,0.5150456,0.11200209,0.115608424,0.08413908,0.39943716,0.02786301
2297,0.66685486,0.07662405,0.1099803,0.059961203,0.5568746,0.016662847
2298,0.49123663,0.05554631,0.0837364,0.05467843,0.40750024,0.0008678809
2299,0.5038926,0.059646115,0.073347,0.05176971,0.4305456,0.007876404
2300,0.4464458,0.073418684,0.08643768,0.058474,0.36000812,0.014944684
2301,0.47734064,0.10576589,0.112797335,0.0792696,0.36454332,0.026496284
2302,0.49064177,0.10111421,0.116022445,0.085842066,0.37461933,0.015272148
2303,0.33104146,0.06349857,0.086475104,0.05681302,0.24456635,0.0066855513
2304,0.47668257,0.06066268,0.10045982,0.06823576,0.37622276,-0.007573083
2305,0.56863326,0.10157024,0.118036576,0.09048663,0.4505967,0.01108361
2306,0.47030476,0.07711867,0.11438309,0.07800109,0.3559217,-0.00088241696
2307,0.49140528,0.09060762,0.13079181,0.09348052,0.36061347,-0.0028728992
2308,0.719821,0.044318505,0.07604152,0.053810522,0.64377946,-0.009492017
2309,0.48193574,0.094457135,0.097511336,0.07083449,0.3844244,0.023622647
2310,0.59029865,0.09431674,0.13568814,0.10459436,0.45461053,-0.010277614
2311,0.38607022,0.03375196,0.047512874,0.034934625,0.33855736,-0.0011826642
2312,0.6122356,0.10088674,0.1405367,0.09972967,0.4716989,0.0011570677
2313,0.5313476,0.071339376,0.08480832,0.064914286,0.44653925,0.00642509
2314,0.16544902,0.019346338,0.037123047,0.025305785,0.12832597,-0.0059594475
2315,0.31334817,0.0742462,0.05949893,0.043327194,0.25384924,0.030919004
2316,0.5400386,0.0519401,0.098196074,0.06669388,0.4418425,-0.014753781
2317,0.51328486,0.058604844,0.083100416,0.054404803,0.43018445,0.0042000413
2318,0.6281164,0.083288446,0.1284514,0.09219282,0.49966502,-0.008904375
2319,0.51258415,0.061781414,0.086031586,0.06406609,0.42655256,-0.0022846758
2320,0.36721173,0.04878874,0.06576746,0.04889847,0.30144426,-0.000109728426
2321,0.44407204,0.051694494,0.07728751,0.051789112,0.3667845,-9.461865e-05
2322,0.6458242,0.08086218,0.10999203,0.07568963,0.53583217,0.0051725507
2323,0.40899962,0.08728135,0.10152617,0.06924936,0.30747345,0.018031985
2324,0.48872808,0.0895917,0.12178622,0.09040908,0.36694187,-0.00081738085
2325,0.5304013,0.12611422,0.15045185,0.11038878,0.37994945,0.015725441
2326,0.5536706,0.085782185,0.079116866,0.051298574,0.4745537,0.03448361
2327,0.4625018,0.0749387,0.09039828,0.060770188,0.3721035,0.014168512
2328,0.4386848,0.089122444,0.11029159,0.08299673,0.3283932,0.006125711
2329,0.46416917,0.044176653,0.07719609,0.052558735,0.38697308,-0.008382082
2330,0.664476,0.12491051,0.16899939,0.11970969,0.4954766,0.005200818
2331,0.21101223,0.040358335,0.059752718,0.037949447,0.15125951,0.0024088882
2332,0.32769176,0.038970772,0.049514003,0.035322502,0.27817777,0.00364827
2333,0.42726114,0.056283344,0.082201004,0.05972092,0.34506014,-0.003437575
2334,0.6630207,0.09299344,0.1487526,0.099486135,0.51426804,-0.0064926967
2335,0.3044048,0.06366222,0.088465385,0.0648471,0.2159394,-0.0011848733
2336,0.6138193,0.12120392,0.17558071,0.13977814,0.4382386,-0.018574215
2337,0.54707247,0.060991317,0.100646265,0.06989211,0.4464262,-0.008900791
2338,0.5888478,0.032430816,0.09328514,0.06251001,0.49556267,-0.030079197
2339,0.46867904,0.10403651,0.116255045,0.08684486,0.352424,0.017191648
2340,0.5073367,0.07879723,0.104498684,0.07486627,0.402838,0.003930956
2341,0.715094,0.09464007,0.12414309,0.09337861,0.5909509,0.0012614578
2342,0.3695012,0.06508836,0.068865016,0.054420553,0.30063617,0.010667808
2343,0.4943885,0.08025901,0.116781875,0.074869625,0.37760663,0.005389385
2344,0.47140822,0.046748634,0.06265071,0.044119745,0.4087575,0.002628889
2345,0.4425587,0.0652987,0.06831524,0.0521572,0.37424347,0.013141498
2346,0.63753283,0.08936234,0.13055077,0.09550155,0.5069821,-0.0061392114
2347,0.4436342,0.1093738,0.12752122,0.09054607,0.316113,0.018827729
2348,0.4131512,0.06335525,0.08378934,0.059634674,0.32936186,0.0037205778
2349,0.6001735,0.06699861,0.086736955,0.06588653,0.5134365,0.0011120811
2350,0.46787983,0.09503238,0.110195674,0.072984815,0.35768417,0.022047564
2351,0.44754732,0.074539475,0.08707897,0.06857411,0.36046833,0.005965367
2352,0.31801444,0.069422185,0.094049595,0.0712288,0.22396484,-0.0018066168
2353,0.32102948,0.058202725,0.08145105,0.06162178,0.23957843,-0.0034190565
2354,0.55317503,0.13066322,0.18162794,0.12614381,0.3715471,0.004519403
2355,0.50687206,0.03587398,0.062797055,0.041407753,0.444075,-0.0055337735
2356,0.5641558,0.099177,0.13564721,0.102555074,0.4285086,-0.003378071
2357,0.5662546,0.09815878,0.13669571,0.09393475,0.4295589,0.0042240247
2358,0.3652247,0.07019355,0.07149122,0.056186695,0.29373348,0.014006857
2359,0.59479034,0.098931246,0.12498239,0.09580057,0.46980795,0.0031306744
2360,0.45005834,0.081667595,0.11079839,0.08091064,0.33925995,0.00075695664
2361,0.38378948,0.02593699,0.07808688,0.055080853,0.3057026,-0.029143864
2362,0.40990764,0.043613747,0.08040499,0.0571627,0.32950264,-0.013548952
2363,0.4010532,0.04013337,0.07260089,0.04638765,0.3284523,-0.006254282
2364,0.54812926,0.060315844,0.08440618,0.06363282,0.46372306,-0.0033169799
2365,0.29090664,0.03687137,0.06536455,0.046062432,0.2255421,-0.009191062
2366,0.38821414,0.0479176,0.091588624,0.0671321,0.29662552,-0.0192145
2367,0.3422598,0.05847202,0.06486517,0.047604445,0.27739462,0.010867573
2368,0.42775,0.04647628,0.063641444,0.048078194,0.36410856,-0.0016019158
2369,0.72895384,0.10928878,0.13247202,0.09920161,0.5964818,0.01008717
2370,0.43854558,0.059314337,0.12756833,0.08953378,0.31097725,-0.030219447
2371,0.5177661,0.08774876,0.11566347,0.082907826,0.40210265,0.004840933
2372,0.5569247,0.050685197,0.07023804,0.04567999,0.48668665,0.005005207
2373,0.42425284,0.09810331,0.12076153,0.087340556,0.3034913,0.010762751
2374,0.5627459,0.091438554,0.11249226,0.08042229,0.45025367,0.011016265
2375,0.30915114,0.07207086,0.08166118,0.056264944,0.22748996,0.015805915
2376,0.52465767,0.043027107,0.06552065,0.048833467,0.45913702,-0.0058063604
2377,0.6085051,0.11679004,0.10893506,0.078961685,0.49957,0.037828356
2378,0.5394095,0.018399369,0.041378424,0.0280153,0.49803108,-0.009615932
2379,0.54143095,0.07963217,0.10662657,0.071348846,0.43480438,0.008283325
2380,0.40719613,0.05172707,0.06282267,0.0446295,0.34437346,0.007097572
2381,0.4153966,0.03349505,0.06357089,0.04235568,0.3518257,-0.008860629
2382,0.49660367,0.13950253,0.111293055,0.07252755,0.38531062,0.066974975
2383,0.57402945,0.08745322,0.11206518,0.082830735,0.46196425,0.0046224818
2384,0.51129586,0.058174223,0.101245545,0.07268091,0.4100503,-0.01450669
2385,0.39835593,0.08150717,0.10644891,0.07977401,0.291907,0.0017331615
2386,0.37670648,0.08774237,0.09857119,0.06771742,0.2781353,0.020024955
2387,0.30957332,0.028144484,0.05063568,0.035966527,0.25893766,-0.007822042
2388,0.63033956,0.10767063,0.12151861,0.086946055,0.50882095,0.020724572
2389,0.49508572,0.07386848,0.09800258,0.06926537,0.39708313,0.0046031103
2390,0.7150113,0.11045769,0.15272638,0.11211963,0.56228495,-0.0016619414
2391,0.27975953,0.069749646,0.075831406,0.055411056,0.20392811,0.01433859
2392,0.40474248,0.07176645,0.10840022,0.07273918,0.29634225,-0.00097272545
2393,0.3857291,0.06624875,0.07917865,0.057498146,0.30655044,0.008750606
2394,0.44943625,0.09181909,0.111291066,0.07837061,0.3381452,0.013448484
2395,0.24364881,0.035820797,0.045741778,0.033552345,0.19790703,0.0022684522
2396,0.48087704,0.052090228,0.10271556,0.06677451,0.3781615,-0.014684282
2397,0.46143544,0.06921319,0.083727814,0.061242446,0.37770763,0.007970743
2398,0.44801885,0.07385129,0.11631394,0.08302851,0.3317049,-0.009177223
2399,0.46539858,0.05051598,0.07984101,0.055005707,0.38555756,-0.0044897273
2400,0.57400304,0.075478375,0.104471214,0.07223086,0.46953183,0.0032475144
2401,0.60757875,0.09826369,0.123345725,0.091081455,0.48423302,0.007182233
2402,0.5701815,0.09270249,0.11983588,0.07834124,0.4503456,0.014361255
2403,0.53734344,0.12599799,0.12892507,0.07798724,0.40841836,0.04801075
2404,0.45167843,0.08499563,0.098560505,0.07384633,0.3531179,0.011149295
2405,0.33772397,0.037190337,0.059958626,0.04174796,0.27776533,-0.0045576245
2406,0.27713868,0.058214787,0.073036194,0.050253276,0.20410249,0.007961512
2407,0.39946562,0.05889443,0.07917464,0.0587024,0.32029098,0.00019202754
2408,0.63473827,0.119573615,0.14860174,0.10874855,0.48613653,0.010825068
2409,0.36615324,0.06431827,0.06790886,0.05333899,0.2982444,0.01097928
2410,0.6758284,0.12178493,0.15399174,0.12119876,0.52183664,0.0005861744
2411,0.21481825,0.032385617,0.04584856,0.03173956,0.16896969,0.00064605847
2412,0.36439463,0.04062949,0.072012246,0.04881997,0.2923824,-0.008190479
2413,0.43931693,0.08115155,0.13343754,0.079320125,0.30587938,0.0018314272
2414,0.67873496,0.077651985,0.1253339,0.09510422,0.55340105,-0.017452233
2415,0.4810259,0.13221753,0.13261881,0.09734051,0.3484071,0.034877017
2416,0.5375796,0.075172596,0.13030925,0.096053496,0.40727034,-0.0208809
2417,0.4111588,0.097705685,0.095124714,0.07139076,0.31603408,0.026314922
2418,0.5519095,0.087682486,0.12583615,0.09983833,0.42607337,-0.012155846
2419,0.6473811,0.05376993,0.086482786,0.06360937,0.56089836,-0.009839438
2420,0.4846096,0.086249895,0.10830177,0.07436603,0.37630785,0.011883862
2421,0.30606085,0.0665301,0.079523414,0.056864563,0.22653744,0.009665538
2422,0.31667286,0.029350584,0.043913946,0.028283808,0.2727589,0.001066776
2423,0.5431008,0.02707846,0.061018,0.039019037,0.48208278,-0.011940576
2424,0.55965996,0.0818385,0.11488843,0.08444353,0.44477153,-0.0026050285
2425,0.44193193,0.06618095,0.094278686,0.06815368,0.34765324,-0.0019727275
2426,0.3270905,0.073044956,0.08144867,0.051995534,0.24564183,0.021049421
2427,0.6194695,0.10284428,0.15654743,0.100174576,0.4629221,0.002669707
2428,0.6006261,0.084494784,0.1420329,0.09831491,0.4585932,-0.013820127
2429,0.3582656,0.057879206,0.07227764,0.052845985,0.28598797,0.005033221
2430,0.5786827,0.0732567,0.1106795,0.07343094,0.4680032,-0.00017423928
2431,0.34208658,0.059179146,0.07709375,0.054147307,0.26499283,0.005031839
2432,0.41786873,0.03446859,0.05828086,0.037877683,0.35958788,-0.0034090914
2433,0.5551074,0.060955424,0.10484123,0.07129465,0.45026618,-0.010339227
2434,0.53722763,0.051466133,0.09477828,0.05970365,0.44244936,-0.008237518
2435,0.46057776,0.113495365,0.11757247,0.08816795,0.3430053,0.025327414
2436,0.5028279,0.018840019,0.035180118,0.024379017,0.46764776,-0.005538998
2437,0.5242835,0.067445666,0.14018948,0.09241757,0.38409406,-0.024971902
2438,0.493294,0.07093111,0.090561494,0.06322764,0.4027325,0.007703468
2439,0.6428935,0.064258434,0.12666288,0.090075515,0.5162306,-0.025817081
2440,0.3319705,0.07453009,0.08895485,0.069407105,0.24301566,0.005122982
2441,0.5876498,0.07667778,0.12522961,0.08663855,0.46242023,-0.009960771
2442,0.63976306,0.0466059,0.10524332,0.06634477,0.53451973,-0.019738868
2443,0.43590647,0.052087385,0.07273055,0.04944886,0.36317593,0.0026385263
2444,0.53335255,0.08157767,0.11037755,0.08914345,0.422975,-0.007565774
2445,0.6201914,0.084437706,0.10554466,0.07942197,0.51464677,0.0050157383
2446,0.5725624,0.051406033,0.07920978,0.05736022,0.49335262,-0.0059541874
2447,0.4342311,0.05595892,0.0936059,0.06275763,0.3406252,-0.0067987144
2448,0.52834463,0.07149275,0.097316764,0.062704615,0.43102786,0.008788131
2449,0.60297793,0.09108766,0.120203845,0.08625943,0.48277408,0.0048282295
2450,0.5171928,0.082775384,0.11785504,0.083491184,0.39933774,-0.00071579963
2451,0.5231315,0.054428343,0.08903369,0.058388673,0.4340978,-0.00396033
2452,0.47147945,0.11051805,0.127725,0.095806494,0.34375444,0.014711559
2453,0.5367046,0.08712183,0.12234957,0.094749406,0.41435504,-0.0076275766
2454,0.4521635,0.05201019,0.0887508,0.058225825,0.36341268,-0.0062156357
2455,0.36623237,0.032878127,0.05644465,0.034501065,0.30978772,-0.0016229376
2456,0.6257769,0.05799678,0.11542273,0.08418346,0.51035416,-0.026186682
2457,0.629749,0.09739484,0.13890776,0.0848273,0.49084124,0.0125675425
2458,0.48585612,0.083735615,0.09743405,0.070263825,0.38842207,0.01347179
2459,0.4815988,0.03701211,0.087422155,0.054037485,0.39417663,-0.017025374
2460,0.46315953,0.06822402,0.09110295,0.059749756,0.37205657,0.008474264
2461,0.45749548,0.093427636,0.09298352,0.06817124,0.36451197,0.025256395
2462,0.50874376,0.07158368,0.074473895,0.057433672,0.43426988,0.014150009
2463,0.4153552,0.032240763,0.07347173,0.04807161,0.34188348,-0.015830848
2464,0.46526402,0.05462982,0.0860667,0.06619088,0.37919733,-0.011561062
2465,0.54140264,0.09697155,0.12219299,0.07685335,0.41920966,0.0201182
2466,0.67173696,0.1715502,0.20222072,0.15261066,0.46951622,0.01893954
2467,0.6553144,0.12851138,0.16837615,0.12484241,0.48693824,0.0036689714
2468,0.61919934,0.02964501,0.09418669,0.06813737,0.5250126,-0.03849236
2469,0.51047665,0.08997041,0.12590642,0.078193456,0.38457024,0.011776954
2470,0.62952644,0.124905534,0.12162375,0.08041323,0.5079027,0.044492304
2471,0.47901213,0.06243119,0.111999005,0.0800229,0.36701313,-0.017591711
2472,0.6332977,0.10243302,0.111851364,0.08218867,0.52144635,0.020244345
2473,0.41211164,0.038729683,0.07055946,0.04932457,0.3415522,-0.010594886
2474,0.49385482,0.07839955,0.11010133,0.07862271,0.38375348,-0.00022316724
2475,0.47729394,0.07191,0.08710781,0.060063988,0.39018613,0.011846013
2476,0.39606696,0.0770316,0.08279109,0.062494315,0.31327587,0.014537282
2477,0.33393857,0.031995002,0.0661293,0.040209834,0.26780927,-0.008214831
2478,0.30832466,0.04657502,0.04432823,0.03336297,0.26399642,0.013212051
2479,0.48868805,0.038751557,0.06191534,0.04462649,0.4267727,-0.005874932
2480,0.46395853,0.033020694,0.06571418,0.049266104,0.39824435,-0.01624541
2481,0.53970224,0.11109589,0.15341488,0.11088061,0.38628736,0.00021527708
2482,0.59853464,0.09299857,0.11789979,0.07936905,0.48063487,0.013629518
2483,0.55115134,0.06269215,0.09974153,0.0687126,0.45140982,-0.006020449
2484,0.4426716,0.07804986,0.101600975,0.0772259,0.34107062,0.0008239597
2485,0.50521946,0.04743126,0.08442052,0.05405866,0.42079896,-0.0066273995
2486,0.6836214,0.07286184,0.10286143,0.072609685,0.58076,0.00025215745
2487,0.41505882,0.070832856,0.0855999,0.06443268,0.32945892,0.0064001754
2488,0.5622463,0.09246397,0.14326987,0.08941041,0.41897646,0.0030535609
2489,0.34310648,0.051794987,0.08235837,0.05813469,0.26074812,-0.0063397028
2490,0.42036116,0.07812955,0.068454616,0.04856975,0.35190654,0.029559802
2491,0.4676564,0.06227793,0.077509046,0.052028555,0.39014736,0.010249376
2492,0.4173716,0.06976394,0.11562061,0.07019267,0.301751,-0.00042872876
2493,0.39311025,0.022606133,0.05323098,0.03830596,0.33987927,-0.015699828
2494,0.54397714,0.13156635,0.18792038,0.12871882,0.35605675,0.0028475225
2495,0.500868,0.10806469,0.11675752,0.08460002,0.3841105,0.023464672
2496,0.5445608,0.07345168,0.09592953,0.0589014,0.44863126,0.014550284
2497,0.4784789,0.07940538,0.107546896,0.07470168,0.370932,0.0047037005
2498,0.5736082,0.11773631,0.091119416,0.068431415,0.4824888,0.049304895
2499,0.6770473,0.09156533,0.12864996,0.087397166,0.54839736,0.0041681677
2500,0.3359257,0.041759264,0.06535405,0.043943968,0.27057165,-0.002184704
2501,0.42477247,0.06948687,0.08567524,0.061363302,0.33909723,0.008123569
2502,0.61050737,0.13248469,0.15667245,0.11902047,0.45383492,0.01346422
2503,0.50795597,0.08385697,0.09959517,0.06382066,0.4083608,0.02003631
2504,0.36953485,0.038112108,0.060860798,0.044780336,0.30867404,-0.0066682287
2505,0.38328588,0.06633343,0.090768754,0.06466968,0.29251713,0.0016637444
2506,0.4643966,0.06551554,0.108263925,0.08246439,0.3561327,-0.016948849
2507,0.67879725,0.14799315,0.18861394,0.15205729,0.4901833,-0.0040641427
2508,0.46650723,0.08592241,0.094827846,0.069727615,0.37167937,0.016194798
2509,0.6301413,0.07146832,0.100498095,0.06587269,0.52964324,0.005595632
2510,0.41096207,0.0936817,0.10551439,0.08403045,0.3054477,0.009651251
2511,0.5573185,0.078108296,0.10843385,0.08193258,0.44888467,-0.0038242862
2512,0.60995543,0.08858312,0.12407323,0.09423451,0.4858822,-0.005651392
2513,0.49028078,0.082119755,0.11821447,0.077993825,0.37206632,0.0041259304
2514,0.54656696,0.09944291,0.09405342,0.07260255,0.45251355,0.026840359
2515,0.5519196,0.0768747,0.08205343,0.05775496,0.46986616,0.019119743
2516,0.4454505,0.0800094,0.08819075,0.06724667,0.35725975,0.012762733
2517,0.550533,0.06437932,0.077667184,0.056181297,0.47286582,0.008198023
2518,0.42460564,0.051393874,0.07715231,0.05430635,0.34745333,-0.0029124767
2519,0.5746243,0.06932947,0.10704596,0.06775708,0.46757835,0.0015723929
2520,0.4850483,0.07225354,0.12115772,0.080424,0.3638906,-0.008170463
2521,0.5210222,0.06067151,0.09152902,0.06665514,0.4294932,-0.0059836283
2522,0.5098007,0.043025427,0.08567499,0.060893267,0.42412567,-0.01786784
2523,0.47292507,0.07478998,0.08604006,0.060357723,0.38688502,0.014432255
2524,0.5963964,0.1249096,0.13892192,0.08031776,0.45747447,0.044591844
2525,0.6787766,0.10282305,0.11820063,0.08917477,0.56057596,0.013648279
2526,0.54698503,0.06594149,0.10425626,0.08082858,0.44272876,-0.014887087
2527,0.36610755,0.09998626,0.08296855,0.065193735,0.283139,0.034792528
2528,0.4797379,0.063252114,0.10554062,0.0710139,0.3741973,-0.007761784
2529,0.4283201,0.12113377,0.12474312,0.09209494,0.303577,0.029038824
2530,0.44700316,0.061623935,0.069069624,0.04910867,0.37793353,0.0125152655
2531,0.27724636,0.05281889,0.066816166,0.042529333,0.21043019,0.010289557
2532,0.4558635,0.067585655,0.099846646,0.06835535,0.35601687,-0.00076969713
2533,0.5815603,0.11530774,0.1085079,0.08031434,0.4730524,0.034993403
2534,0.4339127,0.08238748,0.1056243,0.07299138,0.32828838,0.009396099
2535,0.5107978,0.09134727,0.13579458,0.08716968,0.37500322,0.0041775927
2536,0.46967798,0.0562901,0.09393297,0.064020485,0.375745,-0.0077303834
2537,0.36459857,0.11494588,0.10603243,0.087877624,0.25856614,0.027068257
2538,0.54530364,0.07165601,0.10265242,0.07144731,0.4426512,0.00020869821
2539,0.6015011,0.07008575,0.09835399,0.06926031,0.5031471,0.0008254424
2540,0.5303266,0.045035165,0.080032036,0.058346048,0.45029455,-0.013310883
2541,0.25617504,0.031326048,0.046880994,0.035989393,0.20929405,-0.0046633445
2542,0.5254494,0.048690353,0.089696825,0.06065691,0.43575257,-0.011966556
2543,0.608799,0.09628607,0.10255146,0.08215982,0.5062475,0.014126256
2544,0.6635093,0.07511846,0.12165476,0.08889504,0.54185456,-0.013776578
2545,0.3595355,0.06690704,0.07554945,0.05312886,0.28398603,0.01377818
2546,0.47448307,0.07623111,0.085502654,0.058654632,0.38898042,0.017576475
2547,0.5452481,0.103239805,0.1197802,0.09397151,0.4254679,0.009268291
2548,0.5298703,0.09356357,0.08876059,0.056858927,0.4411097,0.036704645
2549,0.55384034,0.091398425,0.10420676,0.07689903,0.44963357,0.014499396
2550,0.5043227,0.048714727,0.07217357,0.05226183,0.43214914,-0.0035471022
2551,0.47026455,0.080119945,0.11630143,0.08460614,0.35396314,-0.0044861957
2552,0.5253853,0.053927995,0.092977464,0.059570294,0.43240786,-0.0056422986
2553,0.41499674,0.061695646,0.07640286,0.057182588,0.3385939,0.004513059
2554,0.6035579,0.05899473,0.0895199,0.06653612,0.51403797,-0.007541392
2555,0.37915447,0.071846776,0.091330834,0.06800916,0.28782365,0.0038376153
2556,0.37575823,0.07288007,0.08652434,0.068576425,0.2892339,0.0043036416
2557,0.48418266,0.038752943,0.07658498,0.048284855,0.40759766,-0.009531911
2558,0.53382045,0.081937306,0.11280803,0.0863828,0.42101243,-0.004445493
2559,0.60894597,0.11139383,0.14368519,0.108972006,0.46526077,0.0024218261
