feature_idx,seq_effect_obs,struct_effect_obs,seq_effect_shuffle,struct_effect_shuffle,seq_delta,struct_delta
0,0.36351055,0.2436486,0.13960826,0.09300106,0.22390229,0.15064755
1,1.2055005,0.33971536,0.4757392,0.33335632,0.72976124,0.0063590407
2,0.5814488,0.17220645,0.226369,0.16136421,0.3550798,0.010842234
3,0.88823175,0.30531895,0.47247693,0.31160405,0.41575482,-0.006285101
4,0.18279731,0.017281845,0.07753318,0.046683103,0.105264135,-0.029401258
5,0.862263,0.17927203,0.24639374,0.17084862,0.6158693,0.008423403
6,0.63327014,0.31228745,0.37171105,0.25487393,0.2615591,0.05741352
7,0.21104656,0.12787628,0.13057117,0.10026421,0.08047539,0.027612075
8,0.109113604,0.0796024,0.052372232,0.041639276,0.05674137,0.037963122
9,0.09380817,0.002242055,0.03639524,0.023704998,0.057412926,-0.021462943
10,1.2167947,0.26128423,0.31702137,0.21912049,0.89977336,0.042163745
11,0.6823147,0.15251067,0.20299818,0.15025316,0.47931653,0.002257511
12,0.19835109,0.06481958,0.042102188,0.032303832,0.1562489,0.03251575
13,0.90576446,0.23384407,0.36110064,0.23683713,0.5446638,-0.0029930621
14,0.5601291,0.08049936,0.11795974,0.088006765,0.44216937,-0.007507406
15,0.12614214,0.04754597,0.03212325,0.024980348,0.09401889,0.022565622
16,0.936408,0.270051,0.36751884,0.25762102,0.56888914,0.012429982
17,0.6349727,0.2702247,0.3172573,0.24574818,0.3177154,0.024476513
18,0.991977,0.52241564,0.5373813,0.43059936,0.45459569,0.09181628
19,0.5717201,0.2474765,0.31245363,0.22171625,0.2592665,0.025760248
20,0.024546364,-0.034265198,0.02583782,0.0136059895,-0.0012914557,-0.047871187
21,0.100589946,0.034243982,0.016988678,0.012933396,0.083601266,0.021310586
22,0.18113323,0.06839676,0.09268305,0.052039485,0.08845018,0.016357277
23,0.8293095,0.24825168,0.3494568,0.25504434,0.47985274,-0.0067926645
24,0.9465426,0.36802754,0.4957799,0.37838024,0.45076272,-0.010352701
25,0.6608414,0.23831394,0.36892796,0.25899455,0.29191345,-0.020680606
26,0.8041215,0.27741763,0.35630658,0.26366386,0.4478149,0.013753772
27,0.37502164,0.15284172,0.19154955,0.137622,0.18347208,0.015219718
28,0.36430252,0.15155198,0.19955593,0.14310172,0.16474658,0.008450255
29,1.1841556,0.3420896,0.389347,0.27537712,0.7948086,0.06671247
30,0.62815315,0.26189297,0.29567164,0.20613961,0.3324815,0.055753365
31,0.90007555,0.21280734,0.28430274,0.20367552,0.61577284,0.009131819
32,0.7419996,0.17812937,0.26354563,0.19062431,0.478454,-0.012494937
33,0.016396318,0.09193618,0.027753003,0.015460688,-0.011356685,0.07647549
34,0.21033302,0.04638536,0.14503618,0.08397171,0.06529684,-0.03758635
35,1.3868135,0.2756897,0.38667324,0.28704342,1.0001403,-0.011353731
36,0.14241411,-0.0021907652,0.10861488,0.06043776,0.03379923,-0.06262853
37,0.7689546,0.21195464,0.27992457,0.19878995,0.48903,0.013164684
38,0.5090199,0.22045852,0.17210805,0.12479967,0.33691186,0.09565885
39,0.005314828,-0.032670237,0.03313698,0.017272256,-0.027822152,-0.049942493
40,0.81381476,0.17440155,0.28069875,0.16965486,0.533116,0.0047466904
41,0.35656893,0.15361825,0.21189825,0.1568079,0.14467068,-0.0031896532
42,1.4715782,0.23191322,0.3414503,0.25211173,1.1301279,-0.02019851
43,0.80218107,0.26959386,0.32799438,0.25637078,0.4741867,0.013223082
44,0.23967884,0.090300456,0.08806205,0.060795307,0.1516168,0.029505149
45,1.0380335,0.2127035,0.3200447,0.22067577,0.7179888,-0.00797227
46,0.69780695,0.3217697,0.3546668,0.26563993,0.34314016,0.056129783
47,0.786248,0.12297933,0.17865336,0.11011653,0.60759467,0.012862802
48,1.0506207,0.12629902,0.23238692,0.15503861,0.8182337,-0.028739586
49,0.7278231,0.28298107,0.2874058,0.19956788,0.4404173,0.08341318
50,0.6049258,0.23989345,0.3251858,0.2266715,0.27974,0.013221949
51,1.1398423,0.31711742,0.35810697,0.26182234,0.7817353,0.05529508
52,0.7057205,0.15897916,0.27287441,0.18217902,0.43284607,-0.023199856
53,0.8835359,0.07714049,0.1643931,0.11697537,0.7191428,-0.03983488
54,1.3649317,0.2850672,0.4091458,0.3078431,0.9557859,-0.022775888
55,0.08088291,0.09875331,0.05185085,0.03566007,0.029032055,0.063093245
56,1.237113,0.27080962,0.45313248,0.29860544,0.7839805,-0.027795821
57,1.4452943,0.33419082,0.5441199,0.3751818,0.90117437,-0.04099098
58,1.0264131,0.30947268,0.40881556,0.29320088,0.6175975,0.0162718
59,0.8548193,0.29597497,0.3562809,0.2357967,0.4985384,0.060178265
60,0.06119182,0.039467867,0.021494074,0.020144982,0.039697744,0.019322885
61,0.20312537,0.09366296,0.13989027,0.08387528,0.063235104,0.009787679
62,-0.014316813,0.0064233467,0.01054786,0.0064664115,-0.024864674,-4.306482e-05
63,-0.07895472,0.045494843,0.03933795,0.03051781,-0.118292674,0.014977034
64,0.10475304,0.041645214,0.085337505,0.059523463,0.019415535,-0.01787825
65,0.14083783,0.06435784,0.05733357,0.040963184,0.08350426,0.023394655
66,0.9396624,0.1687503,0.18949793,0.13846104,0.75016445,0.030289263
67,0.043429606,0.04141922,0.030913398,0.028056849,0.012516208,0.01336237
68,0.22205009,0.053793855,0.07805862,0.053621087,0.14399147,0.00017276779
69,1.1188109,0.25589627,0.38141716,0.26059976,0.73739374,-0.004703492
70,0.6135976,0.08849971,0.16211975,0.105175406,0.45147783,-0.016675696
71,0.15424138,0.100688756,0.09173922,0.053793207,0.06250216,0.04689555
72,0.86773896,0.18398473,0.39159548,0.24169396,0.47614348,-0.057709232
73,1.1668041,0.21291047,0.3131666,0.20805487,0.85363746,0.004855603
74,0.1722905,0.08424519,0.09235451,0.05783129,0.07993599,0.026413899
75,1.1556259,0.1969376,0.28631422,0.19452299,0.8693117,0.002414614
76,0.4051169,0.060068,0.1639469,0.10087197,0.24116999,-0.040803973
77,0.104292944,0.050727762,0.01736765,0.011939563,0.0869253,0.0387882
78,1.1907219,0.17692989,0.34931344,0.23486155,0.84140843,-0.05793166
79,0.73559713,0.11383083,0.21016748,0.13236529,0.52542967,-0.01853446
80,0.15461877,0.07136043,0.048465744,0.023596916,0.106153026,0.047763515
81,0.57443035,0.16700773,0.22665888,0.17049669,0.34777147,-0.0034889579
82,0.28893778,0.061879385,0.1144873,0.073551185,0.17445049,-0.0116718
83,0.3125724,0.09151513,0.11550836,0.083539486,0.19706403,0.007975645
84,0.9516095,0.1434868,0.22384529,0.14211929,0.7277642,0.0013675094
85,-0.00012580851,-0.018829957,0.029898653,0.01860904,-0.030024461,-0.037438996
86,0.107488714,-0.016322838,0.06441306,0.037977684,0.04307565,-0.054300524
87,1.0209088,0.33929232,0.42759502,0.2672573,0.5933138,0.072035015
88,0.594416,0.24581352,0.28957316,0.22839719,0.30484286,0.017416328
89,0.21892199,0.086670324,0.10007193,0.078055695,0.11885006,0.0086146295
90,0.06476632,0.056592364,0.023616167,0.02135935,0.041150153,0.035233013
91,0.4649673,0.15178218,0.14001624,0.10557639,0.32495105,0.046205796
92,0.42571473,0.08321608,0.16900226,0.10314036,0.25671247,-0.019924283
93,0.12099811,0.011288067,0.040400792,0.030419245,0.08059731,-0.019131178
94,0.05684827,0.04830631,0.050751835,0.0429748,0.006096434,0.005331509
95,0.83565646,0.14047503,0.17402545,0.12746404,0.661631,0.013010994
96,-0.0070138206,0.04361512,0.014899126,0.015593038,-0.021912947,0.028022084
97,1.2213848,0.07531365,0.10932777,0.07580879,1.112057,-0.00049514323
98,0.35932687,0.14769031,0.19307026,0.13454542,0.1662566,0.013144895
99,0.11870651,-0.030354057,0.03608463,0.018732363,0.08262188,-0.04908642
100,0.5595797,0.23363246,0.22729608,0.17152274,0.3322836,0.062109724
101,0.6812382,0.22514202,0.29868433,0.2321575,0.38255385,-0.0070154816
102,0.96406287,0.21037069,0.38260642,0.22270644,0.5814564,-0.0123357475
103,1.2099136,0.14116107,0.2631052,0.16431698,0.9468084,-0.023155913
104,0.22648562,0.06733819,0.086913615,0.05579345,0.13957201,0.011544742
105,0.8718197,0.2425179,0.32924554,0.25307614,0.54257417,-0.010558233
106,0.77118045,0.14571878,0.21013199,0.14118646,0.56104845,0.0045323223
107,0.8546621,0.2535668,0.30515102,0.21678293,0.5495111,0.036783874
108,0.2089224,0.2534386,0.1465921,0.08980723,0.062330306,0.16363136
109,1.0102054,0.16631818,0.28573152,0.17762396,0.72447383,-0.011305779
110,1.011528,0.22238658,0.3736332,0.2315231,0.6378948,-0.009136513
111,0.10531515,0.019917939,0.03447223,0.021111298,0.07084292,-0.0011933595
112,0.9745807,0.33278906,0.4562574,0.30610937,0.5183233,0.026679695
113,0.6190433,0.2131102,0.3080939,0.21009144,0.3109494,0.0030187517
114,0.11988199,0.016668513,0.05566829,0.031740975,0.06421369,-0.015072461
115,0.8362358,0.24390323,0.35239577,0.2520629,0.48384005,-0.008159652
116,0.072177194,0.05156725,0.032370113,0.022793565,0.03980708,0.028773684
117,0.05520783,-0.03599441,0.018326957,0.009164125,0.036880873,-0.045158535
118,1.0440172,0.14749673,0.2589923,0.18511084,0.7850249,-0.037614107
119,0.20410012,0.10152273,0.16320306,0.11615786,0.040897056,-0.014635131
120,1.2865837,0.32489574,0.34843606,0.24078993,0.9381476,0.084105805
121,0.17561063,0.045225773,0.07755158,0.051874302,0.09805905,-0.0066485293
122,1.3468974,0.20987377,0.3576524,0.22514886,0.98924494,-0.015275091
123,0.2996881,0.0860855,0.09264044,0.07167378,0.20704767,0.014411718
124,0.19791271,0.096581995,0.13621223,0.09709209,0.06170048,-0.00051009655
125,0.2059406,0.15228157,0.124901906,0.08898874,0.0810387,0.063292824
126,0.22412997,0.11445078,0.09499663,0.067080386,0.12913334,0.047370397
127,1.1939435,0.3296648,0.49449643,0.31843317,0.69944704,0.011231631
128,0.7137223,0.22421731,0.28891647,0.20941603,0.42480582,0.014801279
129,0.24647275,0.079079114,0.091377996,0.07064868,0.15509474,0.008430436
130,0.4967515,0.11197043,0.21917875,0.14823505,0.27757275,-0.03626462
131,1.5309995,0.38165927,0.66467685,0.43344125,0.8663227,-0.051781982
132,0.9676827,0.21634762,0.25710496,0.1733606,0.7105777,0.04298702
133,0.59018666,0.31135616,0.34805772,0.22213016,0.24212894,0.08922599
134,0.95293,0.27519587,0.40068847,0.27375156,0.5522415,0.00144431
135,0.7645182,0.22255759,0.27614537,0.20096949,0.48837283,0.021588102
136,0.18928279,0.07265135,0.06605399,0.050246052,0.1232288,0.022405297
137,0.6684106,0.15821555,0.26423123,0.16030729,0.40417936,-0.0020917356
138,0.5532306,0.19864018,0.29885104,0.18809211,0.25437954,0.01054807
139,0.23961933,-0.0059718993,0.09598429,0.06444014,0.14363503,-0.07041204
140,0.98438954,0.19622236,0.23210089,0.1703314,0.75228864,0.025890961
141,0.55179715,0.07620693,0.116538964,0.079323284,0.43525818,-0.0031163543
142,0.88833654,0.12004517,0.22117649,0.15909693,0.66716003,-0.039051756
143,0.12394524,0.05270633,0.037532914,0.028327798,0.086412326,0.024378533
144,0.41813126,0.24103852,0.25759217,0.17748159,0.16053909,0.063556924
145,0.09679403,0.09596689,0.06607027,0.04265741,0.030723758,0.05330948
146,0.4343293,0.1050346,0.15223242,0.10866997,0.28209686,-0.0036353692
147,1.0687232,0.28443727,0.3478677,0.25417548,0.7208555,0.030261785
148,0.6123333,0.17791682,0.2404003,0.17439815,0.37193298,0.0035186708
149,1.2825534,0.19859575,0.32373753,0.22279015,0.95881593,-0.024194404
150,0.061415937,0.12408374,0.034349523,0.02065032,0.027066413,0.10343342
151,0.6772695,0.14408956,0.2687191,0.17387879,0.4085504,-0.029789224
152,0.2150217,0.04199252,0.037717648,0.026947169,0.17730406,0.01504535
153,0.7862526,0.13682587,0.21645498,0.1586573,0.56979764,-0.021831423
154,0.76284677,0.2846568,0.34249976,0.24853936,0.420347,0.036117435
155,-0.03441102,0.12305924,0.010633851,0.0031384116,-0.045044873,0.119920835
156,-0.03300147,-0.00615285,0.010046637,0.009341726,-0.043048106,-0.015494576
157,0.65626204,0.21599466,0.24775217,0.17728698,0.40850985,0.038707674
158,0.92653334,0.17476937,0.32529914,0.21906237,0.6012342,-0.044293
159,1.0633421,0.25232866,0.302877,0.21165514,0.7604651,0.040673524
160,1.3557376,0.323409,0.39178613,0.2906812,0.96395147,0.032727778
161,1.0558729,0.24650158,0.3637581,0.25072506,0.69211483,-0.004223481
162,0.9858737,0.2537098,0.35116085,0.2825258,0.6347128,-0.028816015
163,0.39664945,0.18574712,0.17811511,0.12659888,0.21853434,0.059148237
164,1.1350565,0.27128646,0.4323415,0.29495203,0.70271504,-0.023665577
165,1.0093898,0.25920254,0.34172258,0.2445716,0.66766715,0.014630944
166,1.0848742,0.4402798,0.5951464,0.4216852,0.48972774,0.018594623
167,0.11343012,0.052662488,0.061533146,0.044879336,0.051896974,0.007783152
168,0.23152506,0.03603191,0.080942415,0.059602953,0.15058264,-0.023571044
169,1.0236193,0.46111837,0.58317024,0.40595692,0.44044906,0.055161446
170,0.2677139,0.051355407,0.04049788,0.02309003,0.22721602,0.028265378
171,1.1392686,0.23459035,0.30632344,0.19926448,0.8329452,0.03532587
172,0.6910461,0.18912429,0.23266324,0.17659017,0.45838287,0.012534112
173,0.9678244,0.40368927,0.5054331,0.37625745,0.46239132,0.027431816
174,0.34876493,0.16664466,0.09678834,0.07081013,0.25197658,0.09583453
175,0.7375522,0.18648694,0.22553818,0.15719445,0.51201403,0.029292494
176,1.0085216,0.23047133,0.24185331,0.18525898,0.76666826,0.045212343
177,0.036351774,-0.035504878,0.012425444,0.008499129,0.023926329,-0.04400401
178,0.6275261,0.14558546,0.2286885,0.15981176,0.39883763,-0.0142263025
179,0.21975285,0.097294375,0.12716189,0.08989483,0.09259096,0.007399544
180,0.056061413,0.056658123,0.086455315,0.066302076,-0.030393902,-0.009643953
181,0.7861222,0.30754086,0.41584843,0.30424887,0.37027377,0.0032919943
182,0.099911906,0.03199624,0.021465821,0.013909284,0.07844608,0.018086955
183,1.0155784,0.2547451,0.30995536,0.20489906,0.70562303,0.04984604
184,0.784084,0.15169181,0.23409532,0.16221094,0.5499887,-0.010519132
185,0.5820859,0.10595788,0.16584963,0.116454355,0.41623628,-0.010496475
186,1.101196,0.30518582,0.47896045,0.30015114,0.6222356,0.005034685
187,0.5791623,0.11735137,0.17898834,0.1345902,0.40017396,-0.017238826
188,0.2342112,0.019195119,0.0846158,0.054993626,0.14959541,-0.035798505
189,1.0828687,0.21924342,0.28082162,0.18331304,0.8020471,0.03593038
190,0.048953615,0.113192,0.044116214,0.036172476,0.004837401,0.07701953
191,1.2615124,0.31688178,0.54504925,0.36447576,0.71646315,-0.04759398
192,-0.03821631,0.14907677,0.022643475,0.011144806,-0.060859784,0.13793197
193,0.91433907,0.31001842,0.44323796,0.30964813,0.4711011,0.00037029386
194,0.14643773,0.048676003,0.06794129,0.048659388,0.07849644,1.6614795e-05
195,1.1011304,0.3209316,0.45723593,0.3070759,0.64389443,0.0138557255
196,0.92112976,0.19603695,0.39853597,0.2602074,0.5225938,-0.064170465
197,1.0832857,0.30038127,0.38428983,0.29167548,0.6989958,0.008705795
198,0.44697386,0.052451987,0.11630849,0.080671005,0.33066538,-0.028219018
199,0.91941684,0.1885276,0.26534274,0.19129094,0.6540741,-0.0027633458
200,1.2750604,0.29049477,0.4028721,0.28523463,0.8721883,0.0052601397
201,1.1556219,0.24088472,0.35909942,0.25046346,0.7965225,-0.009578735
202,0.42809013,0.12587345,0.13486196,0.113623716,0.29322815,0.0122497305
203,0.30523244,0.14710608,0.1536831,0.11518138,0.15154934,0.031924702
204,1.1363004,0.2993889,0.36376247,0.2652552,0.77253795,0.034133673
205,1.2337669,0.38157725,0.6555916,0.4185175,0.5781753,-0.036940247
206,0.093901694,0.056563534,0.059773088,0.037236027,0.034128606,0.019327506
207,0.02958373,-0.011006271,0.01827016,0.011729811,0.011313571,-0.022736082
208,0.60716724,0.19032294,0.24637091,0.17541032,0.36079633,0.01491262
209,1.0306275,0.27662885,0.47541964,0.2987801,0.55520785,-0.022151262
210,1.2571248,0.205263,0.3151869,0.21191978,0.9419379,-0.006656781
211,0.09436263,0.039443377,0.044695873,0.024731167,0.04966676,0.014712211
212,0.05788306,-0.009256006,0.04598881,0.025938235,0.011894252,-0.03519424
213,0.5632929,0.2290858,0.2836545,0.20536116,0.2796384,0.023724645
214,1.5022103,0.37799072,0.52635646,0.3525313,0.9758538,0.025459409
215,0.97415304,0.25670773,0.41439536,0.24698286,0.5597577,0.00972487
216,1.0942038,0.1456296,0.25521976,0.17592834,0.8389841,-0.03029874
217,0.3685032,0.12371583,0.13870412,0.0781818,0.22979909,0.04553403
218,1.3625178,0.25453204,0.32279006,0.23436329,1.0397278,0.020168751
219,0.10295704,0.046366163,0.02161449,0.014283245,0.08134255,0.032082915
220,0.86816496,0.2961935,0.49911374,0.3125959,0.36905122,-0.016402394
221,0.91013,0.27329713,0.36918572,0.24211626,0.54094434,0.031180874
222,1.2577989,0.30649036,0.44190583,0.30974507,0.81589305,-0.0032547116
223,0.79796684,0.20222966,0.2829693,0.1982063,0.51499754,0.004023358
224,0.38306504,0.081755765,0.116755374,0.08274111,0.26630968,-0.0009853467
225,0.13239126,0.09875692,0.06224865,0.039445918,0.07014261,0.059311
226,0.26967633,0.10504638,0.070581384,0.055307444,0.19909495,0.049738932
227,0.51259166,0.18829264,0.2210773,0.1642103,0.29151437,0.024082333
228,0.060984522,0.17188321,0.067496836,0.04937604,-0.006512314,0.12250717
229,0.5387642,0.20265368,0.2594742,0.196336,0.27929,0.006317675
230,0.36138073,0.1254175,0.15957606,0.11176657,0.20180467,0.013650931
231,0.6850037,0.17019577,0.24786764,0.18670703,0.43713605,-0.016511261
232,0.30771306,0.22021975,0.08343766,0.06289905,0.22427541,0.1573207
233,0.79986054,0.17327423,0.26380885,0.18189396,0.5360517,-0.008619726
234,0.34400636,0.121383555,0.06405434,0.040381256,0.27995202,0.081002295
235,1.0044736,0.1976845,0.31884903,0.21209984,0.68562454,-0.014415339
236,0.2979327,0.0852363,0.108112074,0.06998885,0.18982065,0.015247457
237,0.08576533,0.07184788,0.11393764,0.08299096,-0.028172307,-0.011143081
238,0.9996312,0.26204985,0.31931537,0.21920227,0.68031585,0.04284759
239,1.2134274,0.3657877,0.5339731,0.39790112,0.6794543,-0.032113403
240,0.36295944,0.16628034,0.23134416,0.15354814,0.13161528,0.012732208
241,0.054934956,0.16714314,0.033570156,0.024253001,0.0213648,0.14289014
242,0.14850129,0.0858009,0.07482271,0.0580422,0.07367858,0.027758703
243,0.96370625,0.2370138,0.36087453,0.2598632,0.6028317,-0.022849396
244,0.70161164,0.23863196,0.325201,0.21822478,0.37641063,0.020407185
245,0.1839814,-0.010893455,0.05589664,0.034405198,0.12808476,-0.04529865
246,0.13744126,0.0111949695,0.046152256,0.02832022,0.091289006,-0.017125249
247,0.28695947,0.07855662,0.09968386,0.07403412,0.18727562,0.0045225024
248,0.9268733,0.14260484,0.23195548,0.16254757,0.69491786,-0.01994273
249,1.1702108,0.19779165,0.34057453,0.23683888,0.82963634,-0.039047226
250,1.1420096,0.13037595,0.19402014,0.14450078,0.94798946,-0.014124826
251,0.5761686,0.15542987,0.1830925,0.13385335,0.3930761,0.021576524
252,0.5112405,0.22684084,0.24820538,0.18769686,0.26303512,0.03914398
253,0.7057024,0.19351251,0.22652824,0.1562383,0.4791742,0.03727421
254,1.222341,0.17636022,0.30058572,0.19641761,0.9217552,-0.020057395
255,0.5357699,0.17882691,0.22618838,0.14783226,0.30958152,0.030994654
256,0.7824607,0.21346483,0.3044389,0.20894364,0.4780218,0.004521191
257,0.8930713,0.15112163,0.33937374,0.21734886,0.5536976,-0.06622723
258,0.763517,0.19783017,0.26282692,0.18775772,0.5006901,0.010072455
259,0.043660276,-0.0033152094,0.06079766,0.04023035,-0.017137386,-0.04354556
260,1.3256596,0.2703001,0.33493835,0.23259228,0.9907213,0.037707806
261,0.8039255,0.1956838,0.2180648,0.1708842,0.5858607,0.0247996
262,0.11286126,0.05321701,0.057026915,0.04338619,0.055834346,0.009830818
263,0.21365473,0.06718127,0.051065218,0.044438586,0.1625895,0.022742681
264,0.50136423,0.22737055,0.23462059,0.17094469,0.26674366,0.056425855
265,0.6511942,0.19447155,0.24258935,0.17669907,0.40860486,0.01777248
266,0.31845844,0.030549804,0.13103753,0.0794975,0.1874209,-0.0489477
267,0.20069343,0.10472861,0.123557866,0.07397484,0.07713556,0.030753769
268,1.1104268,0.20737375,0.26713789,0.19102357,0.8432889,0.01635018
269,0.3439993,0.07198168,0.1115174,0.06889472,0.2324819,0.0030869618
270,0.06265345,0.04237594,0.037562434,0.029778626,0.025091019,0.012597315
271,1.2562422,0.31844956,0.4731187,0.33901802,0.7831235,-0.02056846
272,0.06677987,0.04462747,0.044812236,0.035607502,0.02196763,0.009019967
273,0.6122505,0.18926659,0.25915632,0.17973198,0.3530942,0.009534612
274,1.5010434,0.27677327,0.4048387,0.2608765,1.0962048,0.015896767
275,0.56627864,0.13320091,0.17917545,0.12731646,0.3871032,0.0058844537
276,0.7626419,0.11522428,0.20034516,0.13991351,0.56229675,-0.024689235
277,1.0847577,0.18963605,0.31917724,0.20635742,0.7655804,-0.016721368
278,0.88716984,0.19507256,0.3693322,0.24736165,0.51783764,-0.052289084
279,0.55590546,0.07727576,0.11041078,0.08054126,0.44549468,-0.0032655
280,1.2411076,0.5083265,0.6538266,0.494583,0.587281,0.01374346
281,0.86861515,0.26564148,0.3930059,0.2724012,0.47560924,-0.006759733
282,0.17651762,0.09629488,0.13131274,0.09261663,0.045204878,0.0036782473
283,0.9610655,0.1968705,0.35644895,0.22477251,0.6046165,-0.027902007
284,0.42398518,0.13933855,0.21801849,0.14226632,0.2059667,-0.0029277653
285,1.1202674,0.14484894,0.22356081,0.16482323,0.8967066,-0.019974291
286,0.30645484,0.10589862,0.15666237,0.10789934,0.14979246,-0.0020007193
287,0.455485,0.15365346,0.18152814,0.1270782,0.27395684,0.026575252
288,0.2991682,0.09369212,0.16751383,0.11196478,0.13165437,-0.01827266
289,0.08154574,0.023530498,0.0615952,0.04126888,0.019950539,-0.017738383
290,0.65127075,0.26118964,0.24394765,0.1891778,0.4073231,0.07201184
291,1.1237994,0.32708386,0.4002221,0.2921349,0.7235774,0.034948945
292,0.15590492,0.09134352,0.13847633,0.09401223,0.017428592,-0.0026687086
293,0.9956644,0.2850289,0.29858696,0.22551715,0.69707745,0.05951175
294,0.042354513,0.10576329,0.037370615,0.024848443,0.0049838983,0.08091484
295,0.03760798,-0.0393188,0.031645246,0.014931269,0.005962733,-0.05425007
296,0.5216936,0.09237698,0.11992192,0.08579653,0.40177166,0.0065804496
297,0.11431848,0.0030614464,0.052706413,0.034064554,0.06161207,-0.031003106
298,0.21141152,0.040669464,0.09906433,0.059825107,0.11234719,-0.019155644
299,0.8465312,0.14521626,0.26448035,0.19988027,0.58205086,-0.054664016
300,0.9455667,0.14068292,0.22040306,0.16103737,0.72516364,-0.02035445
301,0.10318931,0.06715005,0.094018325,0.07286761,0.009170987,-0.0057175606
302,0.20151775,0.14472246,0.117949046,0.09349503,0.0835687,0.051227428
303,0.16478062,0.034438856,0.04444622,0.028339112,0.1203344,0.006099744
304,0.5001583,0.12426693,0.19450775,0.11935544,0.30565056,0.00491149
305,0.8334036,0.30088848,0.3834474,0.2681669,0.44995618,0.03272158
306,0.066834286,-0.005435998,0.039471783,0.027474945,0.027362503,-0.032910943
307,0.23790012,0.22857605,0.08902712,0.06670555,0.148873,0.16187051
308,0.86399376,0.30761027,0.34724388,0.263217,0.51674986,0.04439327
309,1.3672523,0.12846938,0.22650458,0.16454682,1.1407478,-0.03607744
310,1.3871615,0.3872155,0.4789485,0.32796296,0.908213,0.05925253
311,0.039253127,0.06484808,0.019942317,0.015116005,0.01931081,0.049732074
312,0.84590065,0.34422636,0.4623282,0.345017,0.38357246,-0.0007906258
313,0.8688392,0.27305597,0.43653375,0.30225852,0.43230546,-0.02920255
314,0.14608426,0.040214095,0.059840284,0.03684446,0.08624398,0.0033696368
315,0.9847557,0.3690408,0.43513817,0.31879827,0.5496175,0.050242513
316,0.76109284,0.1974853,0.29661313,0.19924973,0.4644797,-0.0017644316
317,0.64249134,0.27323925,0.31783438,0.20847277,0.32465696,0.06476648
318,0.05256613,-0.032496765,0.020975478,0.012085051,0.03159065,-0.044581816
319,0.30152324,0.11174207,0.14625308,0.09545334,0.15527016,0.016288735
320,0.59873825,0.18031618,0.20910311,0.1537716,0.38963515,0.026544586
321,1.4226828,0.17541316,0.28691977,0.20884427,1.1357629,-0.033431113
322,0.522949,0.19702184,0.2880858,0.19532722,0.23486319,0.0016946197
323,-0.013238991,0.02010958,0.006247938,0.0076967394,-0.019486928,0.012412841
324,0.25795993,0.06626944,0.082532704,0.06063482,0.17542723,0.005634621
325,0.25202936,0.052949734,0.06610696,0.046647053,0.1859224,0.006302681
326,0.56139535,0.2878773,0.23461118,0.18451774,0.32678416,0.10335955
327,0.23861086,0.057873793,0.060084835,0.041328087,0.17852603,0.016545705
328,0.9214489,0.29639226,0.40409496,0.29284838,0.5173539,0.0035438836
329,0.2158328,0.042502142,0.06484542,0.044537805,0.15098739,-0.0020356625
330,0.5070583,0.23648512,0.25781313,0.1920252,0.2492452,0.044459924
331,0.22756216,0.04178039,0.10786529,0.06181732,0.11969687,-0.020036928
332,0.10720765,-0.04293055,0.025034795,0.0133377025,0.082172856,-0.056268252
333,0.5411514,0.109207556,0.18102938,0.12646186,0.36012203,-0.017254308
334,0.8746216,0.28384116,0.33898255,0.23586306,0.53563905,0.047978103
335,0.33739856,0.209328,0.18475579,0.12385678,0.15264277,0.08547121
336,0.810634,0.25931877,0.3801444,0.2670247,0.43048963,-0.007705927
337,0.8781225,0.2512225,0.31551638,0.2218085,0.5626061,0.029413998
338,0.8549446,0.21578088,0.31198773,0.21887174,0.5429568,-0.0030908585
339,0.09135084,0.16531262,0.11856153,0.08628419,-0.02721069,0.07902843
340,0.058785487,0.017396482,0.02651041,0.015434295,0.032275077,0.0019621868
341,1.2238212,0.3211874,0.44775662,0.30507597,0.7760645,0.016111434
342,1.0348594,0.25032246,0.40044174,0.25389722,0.63441765,-0.0035747588
343,0.8174709,0.10446227,0.19101673,0.13565731,0.6264542,-0.031195037
344,0.23673826,0.051996708,0.08186578,0.057086166,0.15487248,-0.005089458
345,0.84718734,0.234795,0.30864063,0.21438804,0.5385467,0.020406961
346,0.7330607,0.21927801,0.29398188,0.20136043,0.43907884,0.017917573
347,0.35729492,0.18171684,0.226089,0.146236,0.13120592,0.035480842
348,1.2785568,0.22555335,0.3141135,0.23389423,0.9644433,-0.00834088
349,0.0639859,0.14734975,0.041105833,0.03544446,0.022880066,0.111905284
350,0.8680843,0.3991231,0.31270453,0.25442347,0.55537975,0.14469963
351,1.0761523,0.26860186,0.3735433,0.26258615,0.70260906,0.006015718
352,0.046854228,0.00826577,0.08604669,0.059616156,-0.03919246,-0.051350385
353,0.17733923,0.09222485,0.09937917,0.06673154,0.07796006,0.025493309
354,0.16954492,0.09865344,0.10942834,0.0808908,0.06011658,0.017762646
355,0.5773861,0.23337853,0.25726986,0.19210385,0.32011622,0.04127468
356,0.79843765,0.21183875,0.2539798,0.17453338,0.54445785,0.03730537
357,0.47785375,0.002894121,0.090003945,0.050656494,0.3878498,-0.04776237
358,0.6045495,0.16333576,0.22495562,0.15251434,0.3795939,0.010821417
359,0.26674956,0.19926052,0.13140774,0.09577142,0.13534182,0.1034891
360,0.4934852,0.2455349,0.2616965,0.16740416,0.23178872,0.07813074
361,0.2035912,0.07502158,0.080588825,0.055639382,0.12300237,0.019382197
362,0.9382637,0.26194942,0.33686152,0.25529402,0.60140216,0.006655395
363,0.6299721,0.15814729,0.19481201,0.14526258,0.4351601,0.012884706
364,1.1046569,0.26318082,0.39687043,0.28551343,0.7077865,-0.022332609
365,0.3783761,0.049505923,0.099239476,0.060441602,0.27913663,-0.010935679
366,0.03863811,0.017243646,0.025765736,0.017918013,0.012872376,-0.00067436695
367,0.89089227,0.21857814,0.33297625,0.23045279,0.55791605,-0.011874646
368,1.0733389,0.13706067,0.24532205,0.1576808,0.8280168,-0.020620123
369,0.7820316,0.18923382,0.2593335,0.1840586,0.5226981,0.005175218
370,0.38256654,0.098815024,0.13041484,0.09799786,0.2521517,0.0008171648
371,0.6737641,0.1651606,0.2691131,0.16402347,0.40465102,0.0011371225
372,0.1630982,0.14776613,0.0923684,0.05777476,0.0707298,0.08999137
373,0.7344122,0.21212564,0.2798235,0.20994668,0.45458868,0.002178967
374,0.6328905,0.38281393,0.457593,0.319368,0.17529753,0.063445926
375,0.6299876,0.13007726,0.20435566,0.15003113,0.42563194,-0.019953877
376,0.0945391,0.110906854,0.03776917,0.026545173,0.05676993,0.08436168
377,0.021826876,0.0034116432,0.023641385,0.0112674115,-0.0018145088,-0.007855768
378,0.25765318,0.057255853,0.082482666,0.055474475,0.17517051,0.0017813779
379,0.16368127,0.063255176,0.056306634,0.047088217,0.10737464,0.016166959
380,0.28658453,0.095293574,0.07369221,0.05351916,0.21289232,0.041774414
381,0.89075375,0.2133881,0.32768518,0.22046019,0.56306857,-0.007072091
382,0.6209619,0.14053293,0.1567654,0.111261845,0.4641965,0.029271081
383,1.1135426,0.17389469,0.2590089,0.18266118,0.8545337,-0.008766487
384,0.21544033,0.11572515,0.083843105,0.058880087,0.13159722,0.056845065
385,0.9764534,0.23587132,0.35286197,0.23892468,0.6235914,-0.0030533671
386,0.91711164,0.24867718,0.38290188,0.258745,0.5342097,-0.010067835
387,0.92438567,0.19344519,0.25558728,0.17251995,0.6687984,0.020925239
388,0.12723947,-0.018147428,0.029477298,0.014657884,0.09776217,-0.032805312
389,0.17001764,0.020237153,0.09653345,0.06939296,0.0734842,-0.0491558
390,0.13666824,0.13621353,0.05559388,0.04085039,0.08107436,0.09536314
391,1.1954688,0.26708597,0.4331173,0.2871643,0.7623515,-0.020078331
392,0.68711823,0.33466813,0.38146442,0.2819974,0.3056538,0.052670717
393,0.9035709,0.19952872,0.3077007,0.22754996,0.5958702,-0.028021231
394,0.39131522,0.1438735,0.16201195,0.12580672,0.22930327,0.018066779
395,0.12961483,0.053013008,0.050165102,0.036071166,0.07944973,0.016941842
396,0.6825177,0.14321484,0.20338584,0.14378035,0.47913188,-0.00056551397
397,0.720867,0.28836843,0.29228282,0.23020576,0.42858416,0.058162674
398,0.027713977,0.0668035,0.050653137,0.033532616,-0.02293916,0.033270884
399,1.2656884,0.24671291,0.42595834,0.2572479,0.8397301,-0.010534987
400,0.08192644,0.03641937,0.05389449,0.035455666,0.028031953,0.0009637028
401,1.2490053,0.3425623,0.5266239,0.34741506,0.7223814,-0.0048527718
402,1.2866434,0.4789433,0.6539638,0.48423752,0.6326796,-0.0052942336
403,0.6365424,0.29557797,0.31807104,0.2395217,0.31847134,0.056056276
404,0.47618482,0.12916139,0.17016323,0.1183216,0.30602157,0.01083979
405,0.45006126,0.17145802,0.3065021,0.19552712,0.14355916,-0.0240691
406,0.6360338,0.15388566,0.17519543,0.1203486,0.46083835,0.03353706
407,0.10309888,0.11251155,0.050364617,0.039115824,0.05273426,0.07339573
408,0.51226324,0.2073159,0.2242071,0.1660704,0.28805614,0.041245505
409,0.64038235,0.12253907,0.21473598,0.139524,0.42564636,-0.016984925
410,0.6275589,0.15855372,0.22457953,0.15941934,0.40297937,-0.00086562335
411,0.005787489,0.029549686,0.010344934,0.006446951,-0.0045574447,0.023102734
412,0.018864408,0.12920745,0.027253814,0.013194764,-0.008389406,0.116012685
413,0.08355463,0.046333715,0.052383658,0.033840694,0.031170975,0.012493022
414,0.736061,0.14647494,0.24710704,0.1621204,0.48895395,-0.01564546
415,0.12307827,0.0013037795,0.04731586,0.032480005,0.07576241,-0.031176226
416,1.4915051,0.4165851,0.6744751,0.4528385,0.8170301,-0.036253422
417,0.6977666,0.26475337,0.3840498,0.26243985,0.3137168,0.0023135245
418,1.0336719,0.23459545,0.31887037,0.22224367,0.7148015,0.012351781
419,0.2639065,0.12863673,0.10721889,0.07904745,0.15668762,0.049589284
420,0.7834089,0.21564955,0.27851188,0.20027213,0.504897,0.015377417
421,0.11849737,0.1474242,0.08056586,0.06393846,0.03793151,0.083485745
422,0.96857226,0.19881134,0.3023795,0.2008432,0.66619277,-0.0020318627
423,0.8732746,0.30402184,0.37129316,0.27555415,0.5019815,0.028467685
424,0.058848836,0.04535745,0.024300192,0.017239287,0.034548644,0.028118163
425,0.102929324,0.05607218,0.035400223,0.030096132,0.0675291,0.025976047
426,0.912843,0.32661787,0.37476236,0.2693983,0.53808063,0.057219565
427,0.64049274,0.19815794,0.31560126,0.20419225,0.32489148,-0.0060343146
428,1.0401206,0.31641844,0.36012307,0.26394343,0.67999756,0.052475005
429,0.09252739,0.036704265,0.030615384,0.020109285,0.061912008,0.01659498
430,1.9450302,1.0445869,1.294209,0.9220189,0.6508212,0.12256801
431,0.042874712,-0.010760893,0.044599123,0.027698332,-0.0017244108,-0.038459226
432,0.5811871,0.13912083,0.20192246,0.1398077,0.37926465,-0.000686869
433,0.2981437,0.080321774,0.07763128,0.06178125,0.22051243,0.018540524
434,0.7710115,0.19121465,0.26594138,0.1990174,0.5050701,-0.0078027546
435,0.7867685,0.19950728,0.26362917,0.19081526,0.52313936,0.008692026
436,0.51243246,0.19865495,0.27951753,0.20145689,0.23291492,-0.0028019398
437,0.6539795,0.3115911,0.36605507,0.2663031,0.2879244,0.045287997
438,0.05789586,0.15676661,0.093725346,0.06584259,-0.035829484,0.09092402
439,1.0396248,0.255775,0.26428688,0.18657506,0.77533793,0.06919995
440,0.23311247,0.083135225,0.084424935,0.05899333,0.14868754,0.024141897
441,-0.007568056,-0.01470297,0.022159098,0.011187307,-0.029727153,-0.025890276
442,1.1178628,0.29094613,0.3247448,0.22438774,0.793118,0.06655839
443,0.81306016,0.16161627,0.2925221,0.18374352,0.5205381,-0.022127256
444,0.03318015,0.02514565,0.010931753,0.007193541,0.022248399,0.017952109
445,0.04867173,0.03526967,0.03240344,0.02769301,0.01626829,0.0075766593
446,0.40816832,0.10634994,0.16256353,0.110434115,0.24560478,-0.0040841773
447,0.73241407,0.22016677,0.27800044,0.2113974,0.45441362,0.008769378
448,0.952575,0.22529078,0.23676367,0.17319709,0.7158114,0.052093685
449,0.77444524,0.19957389,0.2689099,0.1881703,0.50553536,0.01140359
450,0.9638879,0.22498448,0.36431113,0.2174885,0.5995767,0.0074959844
451,1.0137781,0.2779109,0.37100396,0.24323793,0.6427741,0.03467296
452,0.80128753,0.18745026,0.2731282,0.20223242,0.5281593,-0.0147821605
453,0.4552526,0.10784668,0.1467411,0.101695165,0.3085115,0.0061515123
454,1.0026593,0.18258384,0.26821724,0.18494774,0.7344421,-0.0023639053
455,1.2574733,0.18268251,0.26798865,0.17371234,0.98948467,0.008970171
456,1.3841869,0.26322767,0.49474153,0.3739319,0.8894453,-0.11070424
457,0.055537954,0.11419095,0.08466878,0.071968086,-0.029130824,0.042222865
458,1.7709483,0.39556617,0.69264925,0.42955372,1.078299,-0.033987552
459,0.6593696,0.1607011,0.21065094,0.14814448,0.44871867,0.0125566125
460,0.90144587,0.24707468,0.32412678,0.21465336,0.5773191,0.03242132
461,0.61714244,0.20642623,0.3871581,0.259556,0.22998434,-0.053129762
462,1.0151294,0.17968556,0.23096393,0.17172699,0.7841655,0.007958576
463,0.04503341,-0.021736259,0.05305141,0.021871373,-0.008017998,-0.04360763
464,1.4221718,0.42681107,0.49721897,0.3574091,0.92495286,0.06940198
465,0.678905,0.1587723,0.1969343,0.13469946,0.48197073,0.02407284
466,0.17378914,0.07127415,0.07017112,0.0518519,0.103618026,0.019422248
467,0.44319662,0.14158086,0.13012564,0.08067251,0.31307098,0.060908355
468,0.65053284,0.07834852,0.13707404,0.08450812,0.5134588,-0.0061596036
469,0.11860471,0.053385507,0.057462927,0.041725997,0.061141785,0.01165951
470,0.08871413,0.011997179,0.025260108,0.017364193,0.063454024,-0.0053670136
471,0.0964329,0.035773724,0.040822223,0.031624306,0.05561068,0.0041494183
472,0.831567,0.21010771,0.23945759,0.17238043,0.5921094,0.03772728
473,0.615829,0.18851444,0.20206551,0.154342,0.41376346,0.034172446
474,0.132756,0.040542863,0.039155263,0.0290449,0.093600735,0.011497963
475,0.08829673,0.08949517,0.075411335,0.057302166,0.012885392,0.032193
476,0.9749782,0.21306966,0.35681388,0.2637995,0.6181643,-0.050729826
477,0.020416126,-0.065163195,0.0071333023,0.0008117548,0.013282823,-0.06597495
478,0.81981194,0.30633256,0.41142222,0.26309413,0.40838972,0.04323843
479,0.9202144,0.23129962,0.24199478,0.1880117,0.6782196,0.043287918
480,0.7460447,0.23375152,0.31479383,0.22646017,0.43125087,0.007291347
481,0.11638174,0.002328531,0.08462381,0.052287564,0.03175793,-0.049959034
482,0.07990202,0.21255422,0.03719986,0.024667714,0.042702165,0.1878865
483,0.06223539,0.12928565,0.040792573,0.031323,0.021442816,0.09796265
484,0.5743305,0.122843355,0.1919077,0.134601,0.3824228,-0.011757642
485,1.2605734,0.23497315,0.26385832,0.1900086,0.99671507,0.044964552
486,0.783663,0.32603443,0.45581767,0.2853731,0.3278453,0.040661335
487,0.578747,0.21156968,0.29438007,0.20072252,0.2843669,0.010847166
488,0.4902824,0.044866655,0.14779405,0.09400437,0.34248835,-0.049137715
489,1.1264358,0.3982971,0.58718395,0.35335883,0.5392518,0.044938266
490,0.6415348,0.13726486,0.12871203,0.098850794,0.51282275,0.03841407
491,0.94901526,0.27874383,0.37602016,0.27585202,0.57299507,0.0028918087
492,0.83822626,0.2784965,0.4436884,0.30464637,0.39453787,-0.026149869
493,0.9120272,0.2605164,0.40061805,0.2747259,0.51140916,-0.014209509
494,0.74196273,0.30698642,0.4380282,0.31158638,0.30393454,-0.0045999587
495,0.9044493,0.30184585,0.3192724,0.23297541,0.5851769,0.06887044
496,0.18901722,0.052053716,0.053725895,0.044601317,0.13529132,0.0074523985
497,0.0964691,-0.020921074,0.060333066,0.035013348,0.03613603,-0.05593442
498,0.32506484,0.072769575,0.09750679,0.07050841,0.22755805,0.0022611618
499,0.84352386,0.24019219,0.3867449,0.2492407,0.45677897,-0.009048507
500,0.8705027,0.22057787,0.3170026,0.242473,0.5535001,-0.02189514
501,1.1823754,0.25423202,0.31553626,0.23451266,0.8668392,0.019719362
502,0.26395923,0.07879442,0.10467929,0.08334735,0.15927994,-0.0045529306
503,0.18013352,0.16861387,0.053421825,0.03762202,0.1267117,0.13099185
504,0.12579842,0.06053,0.056719337,0.042138956,0.069079086,0.018391043
505,0.68254167,0.2353079,0.36694542,0.22104727,0.31559625,0.014260635
506,1.2329298,0.35676575,0.40655985,0.31860065,0.82637,0.038165092
507,0.49564034,0.24463665,0.27528885,0.2045506,0.22035149,0.04008606
508,0.39824107,0.14423347,0.17196868,0.12363771,0.22627239,0.020595752
509,1.3465599,0.42993888,0.5957439,0.41192478,0.750816,0.018014103
510,0.82701147,0.16900826,0.26007855,0.19425026,0.5669329,-0.025242
511,0.8538638,0.15403923,0.28218758,0.17928946,0.5716762,-0.025250226
512,0.79982686,0.41830283,0.46669677,0.34088776,0.3331301,0.07741508
513,0.48933202,0.23905227,0.28760007,0.20426014,0.20173195,0.034792125
514,1.1384554,0.24512629,0.35556427,0.2578746,0.78289115,-0.012748316
515,0.8714649,0.19604403,0.23720764,0.17880568,0.63425726,0.017238349
516,0.09294442,0.005232699,0.06619638,0.044621415,0.026748039,-0.039388716
517,0.59675413,0.28165635,0.30440754,0.20620133,0.2923466,0.075455025
518,0.7529759,0.20436998,0.20545347,0.1450398,0.5475224,0.05933018
519,1.7087431,0.24990524,0.37802508,0.26185063,1.330718,-0.011945382
520,1.2046775,0.2659287,0.35758156,0.26085246,0.8470959,0.0050762296
521,-0.02564813,-0.00022933485,0.0034605428,0.0031635624,-0.029108673,-0.0033928973
522,0.14000544,0.12831698,0.09680466,0.06745978,0.043200776,0.060857207
523,0.2640158,0.073781036,0.06495756,0.05011045,0.19905823,0.023670588
524,0.60826576,0.19033296,0.23492137,0.16520123,0.3733444,0.025131732
525,0.9544578,0.20639624,0.34020734,0.2531624,0.6142505,-0.046766177
526,0.6570621,0.1981538,0.24292594,0.19031921,0.41413617,0.0078345835
527,0.855987,0.289135,0.38389245,0.2886841,0.47209457,0.00045090914
528,0.08348652,0.00032629672,0.015457945,0.013515626,0.06802858,-0.01318933
529,0.8577972,0.31539732,0.36568487,0.26324445,0.49211234,0.052152872
530,1.0671383,0.3786718,0.48793396,0.35027462,0.5792043,0.028397173
531,0.11137352,0.033724092,0.0396027,0.026609095,0.07177082,0.007114997
532,0.97246087,0.21061623,0.3520966,0.2367761,0.6203643,-0.026159868
533,1.0942407,0.45862594,0.6311442,0.4463797,0.46309644,0.012246251
534,0.20592102,0.21531586,0.17221057,0.09467258,0.03371045,0.12064328
535,1.1261568,0.17792366,0.253202,0.18055673,0.87295485,-0.002633065
536,0.17174956,0.08325717,0.07978836,0.052795175,0.091961205,0.030461993
537,0.04449431,0.14050259,0.054951873,0.032644097,-0.010457564,0.107858494
538,1.263173,0.3408201,0.56014806,0.38242337,0.7030249,-0.041603267
539,0.09671327,-0.008122607,0.025448026,0.01744796,0.07126524,-0.025570568
540,0.10387733,-0.009163552,0.025916185,0.01696552,0.07796115,-0.02612907
541,0.295912,0.084223956,0.09854904,0.060238577,0.19736296,0.023985378
542,0.03621264,-0.013778337,0.020543711,0.017082876,0.01566893,-0.030861214
543,0.14228919,0.063902035,0.0673856,0.050955277,0.07490359,0.012946758
544,0.11766617,-0.0034044385,0.098112255,0.059782133,0.019553915,-0.06318657
545,1.077769,0.25068346,0.37308913,0.24028519,0.7046799,0.010398269
546,0.25612137,0.17241548,0.17099491,0.10920508,0.08512646,0.0632104
547,0.4480102,0.14453186,0.1242448,0.10307633,0.3237654,0.04145553
548,0.2764603,0.011625142,0.09614462,0.04711686,0.18031567,-0.03549172
549,1.1643994,0.39078718,0.51334,0.37208492,0.6510594,0.018702269
550,1.2665681,0.34218505,0.50277567,0.3279805,0.7637924,0.014204562
551,0.16008238,0.027045496,0.092540525,0.061007954,0.06754186,-0.03396246
552,1.2368969,0.24105762,0.3011333,0.22091687,0.9357636,0.020140752
553,0.12860258,0.023780832,0.090709426,0.062206324,0.037893154,-0.03842549
554,0.058543112,0.028825298,0.021930091,0.018393105,0.03661302,0.010432193
555,1.2248454,0.5758961,0.7046985,0.48762596,0.5201469,0.08827013
556,0.24933453,0.061763983,0.123965085,0.08198673,0.12536944,-0.02022275
557,0.7698677,0.1717285,0.21717499,0.15777537,0.5526927,0.013953134
558,1.1162379,0.35118288,0.43616894,0.32668948,0.68006897,0.024493396
559,0.7366111,0.18927185,0.2166613,0.144263,0.5199498,0.045008853
560,0.76909626,0.16428503,0.23664244,0.18085104,0.53245384,-0.016566008
561,0.33618924,0.17580442,0.19259076,0.13243327,0.14359848,0.043371156
562,0.106053315,-0.015554146,0.065269016,0.03980588,0.0407843,-0.055360027
563,0.46496764,0.14995745,0.2527712,0.18741322,0.21219644,-0.037455767
564,0.69695663,0.21121752,0.27479485,0.20038435,0.4221618,0.010833174
565,0.5033991,0.10065541,0.14464027,0.09950428,0.3587588,0.0011511296
566,0.89026994,0.30832583,0.46619225,0.33770135,0.4240777,-0.029375523
567,0.19515568,0.010798272,0.048561398,0.03222977,0.14659429,-0.021431498
568,0.9345595,0.14806254,0.24600261,0.17411606,0.6885569,-0.026053518
569,0.25218266,0.13429828,0.12067523,0.095587626,0.13150743,0.038710654
570,0.79907525,0.20279637,0.28551883,0.1901869,0.5135564,0.012609467
571,0.5033182,0.09942526,0.14282237,0.09155019,0.3604958,0.007875077
572,0.15603466,0.05431977,0.046096865,0.029490495,0.1099378,0.024829274
573,0.45648783,0.084721446,0.17835574,0.11337144,0.27813208,-0.028649993
574,0.3520518,0.13042948,0.15811577,0.11552198,0.19393602,0.014907494
575,0.39837915,0.12239673,0.17465979,0.120436676,0.22371936,0.001960054
576,0.9711061,0.12314957,0.20518604,0.13821559,0.76592004,-0.01506602
577,0.24228795,0.10414584,0.08410473,0.063258685,0.15818322,0.040887155
578,0.67262435,0.2040266,0.24348226,0.17761494,0.4291421,0.026411653
579,1.0754865,0.32053655,0.5154842,0.3242458,0.5600023,-0.0037092566
580,0.2838269,0.11901406,0.0902705,0.063437,0.1935564,0.055577062
581,0.22380204,0.1463515,0.15073799,0.09882188,0.07306406,0.047529623
582,0.37444738,0.119724005,0.17355381,0.114959076,0.20089357,0.0047649294
583,0.7293052,0.19152932,0.25453603,0.1775937,0.47476918,0.013935626
584,0.74046046,0.22147155,0.26393735,0.20261711,0.4765231,0.01885444
585,-0.02671131,0.10413517,0.0070508597,0.0011061439,-0.03376217,0.10302903
586,1.0817181,0.4160086,0.5779379,0.37233284,0.5037802,0.04367575
587,0.89659405,0.21963297,0.31016883,0.22009346,0.5864252,-0.00046049058
588,0.91616225,0.24062134,0.2992757,0.21638693,0.61688656,0.024234414
589,0.15534288,0.028107038,0.056776375,0.03187341,0.0985665,-0.003766371
590,1.0212733,0.28471783,0.3756765,0.26557592,0.64559674,0.019141912
591,0.6437145,0.21837208,0.2289139,0.15771072,0.41480058,0.06066136
592,1.0426592,0.29444972,0.45793378,0.30336395,0.5847254,-0.008914232
593,0.65506953,0.24897924,0.3210662,0.22532573,0.33400333,0.023653507
594,0.28152514,0.056667056,0.14024349,0.08210008,0.14128165,-0.025433023
595,0.04704987,0.068654366,0.0598391,0.037446998,-0.012789231,0.031207368
596,0.81213474,0.28196707,0.25354517,0.18634659,0.5585896,0.09562048
597,0.05303847,0.0719435,0.058126073,0.034630105,-0.005087603,0.037313394
598,0.9509087,0.15344483,0.2142203,0.13812967,0.73668844,0.01531516
599,0.24736542,0.08056399,0.04683414,0.03756005,0.20053127,0.043003943
600,0.40692288,0.10793925,0.1382302,0.08358458,0.26869267,0.024354674
601,0.005964393,0.1268593,0.0066000195,0.006398415,-0.0006356267,0.12046089
602,0.47365242,0.15059128,0.2172742,0.14998877,0.25637823,0.00060251355
603,0.3216371,0.11158706,0.1455238,0.09552372,0.1761133,0.01606334
604,0.4157049,0.1231084,0.15476419,0.10820396,0.26094073,0.014904439
605,1.1768866,0.19884469,0.3465936,0.25491592,0.83029294,-0.056071237
606,1.1237955,0.14942777,0.24369608,0.16797638,0.8800994,-0.018548608
607,0.67800313,0.16090955,0.18476118,0.1303229,0.49324197,0.030586645
608,0.2205022,0.049128644,0.103250615,0.0623979,0.11725158,-0.013269257
609,0.69274265,0.27942395,0.38636008,0.30195835,0.30638257,-0.0225344
610,0.04851455,0.043728575,0.066639684,0.044425163,-0.018125135,-0.0006965883
611,0.97886866,0.15911065,0.22453234,0.16201429,0.75433636,-0.0029036403
612,0.4494029,0.09285017,0.11931216,0.08787299,0.33009073,0.0049771816
613,0.8492057,0.13768794,0.18349586,0.12432413,0.6657098,0.013363808
614,0.12358799,0.18071955,0.053500768,0.03801717,0.070087224,0.14270239
615,0.71454483,0.19696458,0.30850428,0.2157497,0.40604055,-0.018785119
616,0.8240849,0.28826672,0.3981521,0.29232508,0.42593277,-0.004058361
617,0.41855606,0.13636082,0.19693612,0.14624648,0.22161995,-0.009885654
618,1.0197605,0.16332504,0.29702827,0.16496424,0.7227322,-0.0016392022
619,0.41465962,0.18976569,0.18081924,0.11691518,0.23384038,0.07285051
620,0.75528574,0.17496754,0.30481732,0.1935299,0.45046842,-0.018562362
621,0.30307272,0.09476489,0.12061118,0.09175536,0.18246153,0.003009528
622,0.63559276,0.22082654,0.305791,0.20244807,0.32980177,0.018378466
623,0.9197518,0.25385645,0.3205615,0.21490389,0.59919035,0.03895256
624,0.062396184,0.028619923,0.021760423,0.014947635,0.04063576,0.013672288
625,0.5795551,0.13479441,0.20281969,0.15399155,0.3767354,-0.019197136
626,0.35055515,0.12845229,0.16831814,0.12356982,0.18223701,0.00488247
627,0.19849078,0.08947173,0.05778762,0.045864917,0.14070317,0.04360681
628,0.6993105,0.15653265,0.28029728,0.18627445,0.4190132,-0.029741809
629,0.9634797,0.121905275,0.17357683,0.121572874,0.78990287,0.0003324002
630,0.5939074,0.16230078,0.18549101,0.13411587,0.4084164,0.028184906
631,0.5201295,0.10120287,0.2172308,0.12587643,0.3028987,-0.024673559
632,0.23267154,0.063385114,0.06775561,0.04357829,0.16491593,0.019806825
633,0.09228712,0.024162807,0.050738234,0.03622625,0.04154889,-0.012063444
634,0.35119888,0.14852259,0.1969151,0.1497286,0.15428378,-0.0012060106
635,0.24045406,0.08701629,0.0653614,0.04727217,0.17509267,0.03974412
636,0.20894115,0.06934525,0.10392608,0.0696177,0.10501507,-0.00027245283
637,0.34684274,0.008316778,0.09836653,0.06473823,0.2484762,-0.05642145
638,0.57232344,0.11583142,0.20758325,0.13949035,0.3647402,-0.023658931
639,1.1090705,0.18215081,0.21368903,0.15863413,0.8953815,0.023516685
640,0.9822748,0.29956824,0.41709453,0.27124396,0.56518024,0.028324276
641,0.04842594,0.17382763,0.020285152,0.011992049,0.028140787,0.16183558
642,0.5448214,0.1842383,0.17657548,0.13891311,0.3682459,0.04532519
643,0.77551264,0.24080564,0.33111927,0.23204294,0.44439337,0.008762702
644,0.76408684,0.18281382,0.26635176,0.19930279,0.49773508,-0.01648897
645,0.26109278,0.06497152,0.041650347,0.035737135,0.21944243,0.029234387
646,0.51318353,0.14313196,0.14192918,0.09880921,0.37125435,0.044322744
647,0.23360577,0.15935044,0.112653926,0.07732057,0.120951846,0.08202987
648,0.09177045,0.042547364,0.03187207,0.024422217,0.059898376,0.018125147
649,0.13703103,0.005623655,0.06498023,0.04496242,0.0720508,-0.039338768
650,-0.005200316,-0.06095547,0.0112122055,0.0048317253,-0.016412523,-0.065787196
651,0.6278559,0.15472785,0.2704883,0.18118349,0.3573676,-0.02645564
652,1.1493136,0.47443548,0.55347484,0.42500043,0.5958387,0.04943505
653,0.13287188,0.059232954,0.06712995,0.051614355,0.065741934,0.0076185986
654,0.92749125,0.30619884,0.44351906,0.28737217,0.4839722,0.018826663
655,0.097050115,0.08797422,0.07885013,0.037860747,0.018199988,0.050113473
656,0.9969334,0.16316049,0.25710875,0.1790952,0.73982465,-0.015934706
657,0.124923974,0.02773383,0.041050963,0.025356129,0.08387301,0.002377702
658,0.59536445,0.12202402,0.1919063,0.13794413,0.40345815,-0.01592011
659,0.044571105,-0.020183988,0.0538902,0.035033222,-0.009319093,-0.05521721
660,1.2259785,0.21021242,0.35848194,0.24207611,0.86749655,-0.03186369
661,0.08213668,0.04510294,0.03405357,0.027592227,0.04808311,0.017510712
662,0.35057372,0.13538508,0.15568943,0.12082508,0.19488429,0.014559999
663,1.0096207,0.38568318,0.4908759,0.33547378,0.51874477,0.050209403
664,0.09079267,0.050918512,0.047158126,0.04074183,0.043634545,0.010176681
665,1.0606611,0.41248927,0.57950604,0.44823056,0.48115504,-0.0357413
666,0.08522519,0.04729105,0.06289606,0.04677633,0.02232913,0.00051472336
667,0.12341361,0.0374549,0.10392173,0.072866336,0.019491881,-0.035411436
668,1.147298,0.24514125,0.36061683,0.24881285,0.7866812,-0.0036716014
669,0.04543203,0.038543526,0.07579591,0.04303998,-0.03036388,-0.004496455
670,0.20078486,0.14276914,0.1226953,0.09596391,0.078089565,0.046805233
671,0.024170551,-0.0061700647,0.011285896,0.0076204715,0.012884655,-0.013790537
672,0.54547894,0.120894834,0.17129412,0.12535611,0.37418482,-0.0044612736
673,0.14132436,0.09426665,0.08022874,0.056269947,0.061095618,0.037996706
674,0.85972464,0.3993418,0.4002949,0.30663776,0.45942974,0.09270403
675,0.29021958,0.08709743,0.08111867,0.06575457,0.2091009,0.021342859
676,0.029716283,0.015716625,0.0072047915,0.004914397,0.022511492,0.010802228
677,0.068354204,0.14398034,0.04215099,0.031513255,0.026203215,0.11246708
678,0.21012624,0.090319395,0.09556532,0.07314604,0.11456092,0.017173357
679,0.040355552,0.14576162,0.023974497,0.018092649,0.016381055,0.12766898
680,1.2100297,0.43309492,0.5371142,0.40854222,0.6729155,0.024552703
681,0.23165353,0.076111026,0.07998382,0.059221014,0.15166971,0.016890012
682,0.5702271,0.15255289,0.27453217,0.17605598,0.29569492,-0.023503095
683,0.18600485,0.032647047,0.06843873,0.046937685,0.117566116,-0.014290638
684,1.4306926,0.35780773,0.58283293,0.38051444,0.8478596,-0.022706717
685,0.08936436,0.059838712,0.03991744,0.032262534,0.049446918,0.027576178
686,0.7552405,0.21868883,0.26029104,0.18859679,0.49494946,0.030092046
687,0.23950805,0.09656696,0.115654096,0.093714215,0.12385395,0.0028527454
688,0.76721936,0.19996113,0.26886836,0.20650753,0.498351,-0.006546408
689,0.7443627,0.1992144,0.21531257,0.15996987,0.5290501,0.039244533
690,0.5353724,0.20518394,0.156152,0.11182465,0.37922037,0.09335929
691,0.8012257,0.11213116,0.19694982,0.13489097,0.6042759,-0.02275981
692,0.09991269,0.11285864,0.0905261,0.06044979,0.009386592,0.052408848
693,1.0557233,0.44566783,0.5641957,0.38980144,0.49152762,0.05586639
694,0.679081,0.14562075,0.24716495,0.16251871,0.43191606,-0.016897961
695,0.7311781,0.22105393,0.34502125,0.24810827,0.38615686,-0.02705434
696,0.5537694,0.2835526,0.24722815,0.19104698,0.30654126,0.092505604
697,0.8565248,0.22796753,0.27610424,0.20475988,0.5804206,0.02320765
698,0.5093313,0.14287814,0.2184041,0.1454673,0.29092717,-0.0025891513
699,0.033965778,0.0072287917,0.026991779,0.019846598,0.0069739986,-0.012617806
700,0.24726367,0.06201228,0.18314941,0.11737578,0.06411426,-0.055363502
701,0.4848863,0.1613372,0.3368263,0.20734926,0.14806,-0.04601206
702,0.17719097,0.041297227,0.08295935,0.060401198,0.09423163,-0.01910397
703,0.7831241,0.18951152,0.2788591,0.19364342,0.50426495,-0.0041318983
704,1.0082016,0.3326135,0.48061547,0.29069594,0.5275861,0.041917562
705,1.0841163,0.3331384,0.49845958,0.32787824,0.58565676,0.0052601695
706,0.10784116,-0.0029591008,0.024186142,0.022775486,0.083655015,-0.025734587
707,0.014847179,0.12965983,0.010366939,0.008330886,0.00448024,0.12132894
708,0.46999198,0.18176982,0.23758775,0.15714902,0.23240423,0.024620801
709,0.98397815,0.24226429,0.31509703,0.22923721,0.6688811,0.013027072
710,0.40684706,0.09635188,0.13704154,0.091624394,0.26980552,0.004727483
711,0.9868397,0.29191297,0.31984448,0.2303906,0.6669952,0.06152238
712,0.7877681,0.10244518,0.15133153,0.095861234,0.6364366,0.006583944
713,1.0724164,0.3171094,0.4064402,0.29315153,0.6659762,0.023957878
714,0.17288016,-0.032859094,0.056098934,0.025868507,0.11678122,-0.0587276
715,0.61251014,0.17451899,0.21806675,0.16929646,0.3944434,0.005222529
716,0.60371286,0.19711292,0.21383975,0.14814961,0.3898731,0.04896331
717,0.310614,0.13329236,0.17332827,0.12447565,0.13728572,0.008816712
718,0.45822808,0.07322133,0.07347109,0.057990603,0.38475698,0.01523073
719,0.850032,0.2718061,0.33540246,0.2508174,0.5146295,0.020988703
720,1.2031039,0.3084425,0.47969195,0.32286865,0.7234119,-0.014426142
721,0.48977578,0.12783672,0.17206211,0.11877623,0.31771368,0.009060487
722,0.84308237,0.34778714,0.42909122,0.30048168,0.41399115,0.047305465
723,0.06985382,0.06781354,0.035994396,0.0272503,0.033859424,0.04056324
724,0.182099,0.05043776,0.05864469,0.04177172,0.12345431,0.0086660385
725,-0.06040055,0.0516885,0.052719545,0.042402145,-0.113120094,0.009286355
726,0.9828671,0.41218808,0.5416943,0.38311633,0.44117284,0.029071748
727,0.5723819,0.052484162,0.07851193,0.04660674,0.49387,0.0058774203
728,1.3024381,0.52184284,0.71856034,0.45284867,0.5838778,0.068994164
729,0.14599289,0.04811144,0.058281638,0.0466717,0.08771125,0.001439739
730,0.48804176,0.16002527,0.1701524,0.112704,0.31788936,0.047321267
731,0.82051045,0.31292027,0.41769084,0.30647358,0.4028196,0.0064466894
732,0.8189055,0.05620597,0.096153736,0.06626212,0.72275174,-0.010056149
733,1.2986665,0.37377006,0.5041058,0.3659667,0.7945607,0.0078033507
734,0.8941099,0.27029988,0.4183147,0.26067314,0.4757952,0.009626746
735,0.21455356,0.008860025,0.044069257,0.02977582,0.1704843,-0.020915795
736,0.11031493,0.032827463,0.05270852,0.036447115,0.057606407,-0.0036196522
737,0.52798235,0.076564215,0.14831495,0.09827906,0.3796674,-0.021714844
738,0.23520659,0.15775451,0.22608589,0.17211455,0.009120703,-0.01436004
739,0.31575477,0.11287994,0.16940041,0.103442736,0.14635436,0.009437203
740,0.2511541,0.111789845,0.15470394,0.1040022,0.09645015,0.007787645
741,0.89397633,0.3172182,0.31840456,0.23369089,0.5755718,0.08352733
742,0.6118504,0.21267821,0.24731888,0.17320068,0.36453152,0.039477527
743,0.19757673,0.26965007,0.108775586,0.08070367,0.088801146,0.1889464
744,0.77583086,0.15606417,0.26555133,0.19090267,0.51027954,-0.034838498
745,1.2852081,0.3430431,0.3975543,0.3096712,0.8876538,0.033371896
746,1.0522156,0.43470582,0.6617009,0.47646505,0.39051467,-0.041759223
747,0.5413133,0.16041681,0.21523689,0.15930253,0.3260764,0.001114279
748,0.106709324,0.0842806,0.06960417,0.049230248,0.03710515,0.035050355
749,0.45063233,0.16662142,0.22871292,0.13594073,0.22191942,0.030680686
750,0.5016346,0.100692816,0.19373804,0.13088045,0.30789655,-0.03018763
751,0.93769306,0.24321198,0.30466846,0.22279973,0.6330246,0.020412251
752,0.005805359,-0.016804932,0.01443438,0.012272496,-0.008629021,-0.029077427
753,0.97811323,0.26054582,0.35904685,0.2596126,0.61906636,0.0009332299
754,0.20269145,0.10612798,0.048452094,0.03786149,0.15423936,0.06826649
755,1.079308,0.410218,0.56501,0.39557567,0.514298,0.014642328
756,0.7230531,0.18304667,0.28812924,0.19133143,0.43492386,-0.0082847625
757,0.7679587,0.19978276,0.34570873,0.21081038,0.42224997,-0.011027619
758,0.51721805,0.09272577,0.20130564,0.10832276,0.31591243,-0.015596993
759,0.06489701,0.100076154,0.060981277,0.04839059,0.003915731,0.051685564
760,0.18698134,0.0718959,0.106381424,0.06794689,0.08059991,0.003949009
761,0.4263552,0.18079942,0.23587638,0.17772111,0.19047883,0.0030783117
762,0.20527606,-0.008413665,0.08740492,0.052761745,0.117871135,-0.06117541
763,0.6427862,0.22908418,0.28021204,0.19435775,0.36257416,0.034726426
764,1.2079467,0.24218315,0.35282734,0.23865522,0.85511935,0.0035279244
765,0.22450058,0.032850664,0.07099515,0.04716161,0.15350543,-0.014310945
766,0.7441459,0.24282666,0.3067402,0.20682152,0.43740568,0.03600514
767,0.2146043,0.105082355,0.14979944,0.10627494,0.06480487,-0.0011925846
768,1.102125,0.3581514,0.39834952,0.3140654,0.7037755,0.04408601
769,0.47693843,0.19362578,0.083337635,0.062492285,0.3936008,0.1311335
770,0.9404917,0.26704913,0.33600044,0.24217445,0.60449123,0.024874687
771,0.06737826,0.018226447,0.04394051,0.02998591,0.02343775,-0.011759464
772,0.9173766,0.38318187,0.4834813,0.3360917,0.4338953,0.047090173
773,0.089970306,0.09215089,0.058760878,0.053257097,0.031209428,0.038893793
774,0.66085696,0.33483607,0.35361367,0.2636162,0.3072433,0.07121986
775,0.0476096,0.09686892,0.03669998,0.030833747,0.010909621,0.06603517
776,0.5232257,0.09502918,0.154641,0.097459294,0.36858472,-0.0024301112
777,0.29622895,0.19171149,0.1596249,0.1183171,0.13660404,0.07339439
778,0.30105606,0.07151978,0.08202509,0.053796273,0.21903098,0.017723504
779,0.626498,0.17957374,0.27616224,0.1696511,0.35033575,0.009922639
780,0.020378072,0.16055015,0.061079502,0.03722909,-0.04070143,0.12332106
781,1.176108,0.32462895,0.3902046,0.29375684,0.7859034,0.030872107
782,0.17671208,0.07671503,0.09911097,0.072985604,0.07760111,0.0037294254
783,0.3878694,0.22287712,0.19699228,0.12974726,0.19087711,0.09312986
784,0.6215565,0.18398574,0.3076518,0.18456273,0.31390473,-0.00057698786
785,0.09539161,0.0257027,0.03749831,0.026430137,0.0578933,-0.00072743744
786,0.1038853,0.052626282,0.031371728,0.02759941,0.07251357,0.025026873
787,0.6924565,0.35393116,0.47771618,0.36617556,0.2147403,-0.012244403
788,0.009025403,0.08123489,0.03166567,0.023163326,-0.02264027,0.05807156
789,1.1290349,0.2119424,0.23694828,0.16568436,0.8920866,0.046258047
790,0.044147678,0.048995018,0.017408585,0.016617328,0.026739093,0.03237769
791,0.7881636,0.15313154,0.1999304,0.14012763,0.58823323,0.013003916
792,0.07276775,0.05744079,0.036808997,0.029577715,0.035958752,0.027863076
793,0.80520487,0.1846686,0.31672513,0.19315647,0.48847973,-0.008487865
794,1.3251721,0.21194771,0.34203956,0.22436239,0.9831325,-0.012414679
795,1.1209314,0.22875223,0.33960065,0.21212383,0.7813307,0.0166284
796,0.8297956,0.16789614,0.25250623,0.16580063,0.57728934,0.0020955056
797,0.733848,0.2812916,0.32786542,0.23891954,0.40598255,0.042372063
798,0.7041346,0.19349937,0.32624316,0.22455259,0.37789142,-0.031053215
799,0.8570299,0.26273546,0.40570205,0.29732427,0.45132786,-0.034588814
800,0.7024955,0.20270194,0.29258907,0.19780512,0.40990645,0.0048968196
801,0.75691015,0.21072617,0.27562293,0.19135101,0.4812872,0.01937516
802,1.3627818,0.4209777,0.54070395,0.41128182,0.8220778,0.009695888
803,0.19779323,0.022629555,0.12608556,0.08190526,0.071707666,-0.059275705
804,0.051460177,0.10673639,0.06216678,0.044895805,-0.0107066035,0.061840586
805,-0.0072765825,0.10902291,0.005032687,-0.00058496365,-0.01230927,0.10960787
806,0.15575412,0.1753385,0.08636656,0.060479593,0.06938756,0.11485891
807,0.082104534,0.07261677,0.0837507,0.05301234,-0.0016461685,0.01960443
808,0.057085853,0.0077975057,0.04494624,0.025228392,0.012139615,-0.017430887
809,1.055963,0.32413656,0.4770584,0.32424033,0.5789046,-0.00010377169
810,0.9339956,0.31962687,0.47066787,0.33062232,0.46332774,-0.010995448
811,1.1817282,0.13203166,0.21163546,0.14758123,0.9700928,-0.01554957
812,0.1615154,0.034268457,0.03754863,0.027534783,0.12396677,0.0067336746
813,0.023925286,0.007325811,0.01755204,0.010764948,0.0063732453,-0.0034391372
814,0.13667983,0.027243854,0.059897855,0.040167734,0.07678197,-0.01292388
815,1.2798432,0.27737704,0.36656424,0.28379142,0.91327894,-0.0064143836
816,0.7996817,0.2296565,0.30393767,0.19298157,0.49574405,0.03667493
817,0.04518325,0.050587,0.02054528,0.016835667,0.02463797,0.03375133
818,0.21600024,0.06614007,0.15907581,0.10449892,0.056924433,-0.038358852
819,0.948557,0.31074592,0.37627468,0.24274103,0.5722823,0.06800489
820,0.36288533,0.15986595,0.19859964,0.13123922,0.16428569,0.028626725
821,0.7581878,0.25118575,0.34253326,0.2233581,0.4156545,0.02782765
822,0.9356553,0.16707906,0.26904085,0.2044243,0.6666144,-0.037345245
823,0.29283306,0.090299614,0.08462459,0.060548916,0.20820847,0.029750697
824,0.009034991,0.13209397,0.04254839,0.02347529,-0.033513397,0.10861868
825,0.30301735,0.14144026,0.17719133,0.12831445,0.12582602,0.013125807
826,0.1267693,0.008448425,0.05712518,0.036094636,0.06964412,-0.02764621
827,0.7411775,0.14525658,0.22468667,0.14830083,0.5164908,-0.0030442476
828,1.1179068,0.2982524,0.39592022,0.28588003,0.7219866,0.012372375
829,0.0063006263,-0.02112751,0.024330243,0.014022525,-0.018029617,-0.035150036
830,0.0022654228,-0.011184565,0.03275032,0.01947978,-0.030484896,-0.030664343
831,1.0746788,0.37262076,0.48219043,0.36863938,0.59248835,0.0039813817
832,1.24121,0.2015376,0.31383687,0.2245399,0.9273731,-0.023002312
833,0.054104034,0.14450966,0.033642802,0.028248223,0.020461231,0.11626144
834,0.98415685,0.22189164,0.2931562,0.20809884,0.69100064,0.013792798
835,0.44529924,0.06722949,0.08489848,0.066961765,0.36040077,0.0002677217
836,1.1512661,0.15379077,0.19889192,0.14497824,0.95237416,0.008812532
837,0.5553594,0.15579386,0.17704624,0.13829455,0.37831318,0.017499313
838,0.71321523,0.19023553,0.28874522,0.1909264,0.42447,-0.00069087744
839,0.7191328,0.20007992,0.280109,0.1964857,0.4390238,0.0035942197
840,1.0858119,0.18126372,0.18344231,0.12601052,0.90236956,0.055253193
841,0.68790734,0.23424141,0.3112133,0.23237602,0.37669402,0.001865387
842,0.0338397,0.0587078,0.06840054,0.05124061,-0.03456084,0.007467188
843,0.9460767,0.26248488,0.3803704,0.25601357,0.56570625,0.006471306
844,1.150821,0.51056725,0.71565354,0.49446613,0.43516743,0.016101122
845,-0.0031616744,-0.0072907163,0.016849874,0.011239009,-0.020011548,-0.018529724
846,0.18016678,0.05519612,0.07971462,0.054766487,0.10045216,0.000429634
847,0.15383436,0.0643824,0.04634178,0.03446369,0.10749258,0.029918708
848,-0.008309223,0.14307931,0.027056798,0.014044409,-0.03536602,0.1290349
849,0.047699645,-0.014993869,0.046998523,0.031933863,0.000701122,-0.04692773
850,0.09745329,0.14349204,0.02977819,0.021592952,0.0676751,0.12189909
851,0.02319982,-0.03661408,0.026573122,0.015427875,-0.0033733007,-0.052041955
852,0.84008193,0.22207431,0.4420623,0.27974755,0.39801964,-0.05767323
853,0.9626068,0.18796504,0.2780992,0.18248074,0.6845076,0.005484298
854,1.1592896,0.4000744,0.5927928,0.38634232,0.5664968,0.013732076
855,0.78691906,0.21107511,0.2915186,0.20900671,0.49540046,0.0020684004
856,0.034627125,0.046912093,0.03027509,0.02484136,0.004352035,0.022070732
857,0.29384658,0.07554711,0.16219991,0.09333225,0.13164666,-0.017785147
858,0.28010333,0.07249959,0.107426666,0.070903495,0.17267665,0.0015960932
859,0.33120283,0.14371538,0.16999461,0.12575644,0.16120823,0.01795894
860,0.93282866,0.11769226,0.22156304,0.16004612,0.7112656,-0.042353854
861,-0.0148514155,0.112070546,0.0072341845,0.000521054,-0.0220856,0.11154949
862,0.27574304,0.036050115,0.08613685,0.064319186,0.18960619,-0.028269071
863,0.8871757,0.30605492,0.34206554,0.2386653,0.5451101,0.06738962
864,0.1326227,0.07620923,0.047483064,0.030177034,0.08513964,0.046032198
865,0.11167327,-0.025977425,0.049285583,0.027085021,0.06238769,-0.053062446
866,0.37856966,0.11909609,0.16481848,0.10331961,0.21375118,0.015776485
867,0.4827474,0.15571007,0.19795226,0.1511274,0.28479517,0.0045826733
868,0.015385934,0.22297992,0.047412857,0.024299767,-0.032026924,0.19868015
869,0.9594658,0.17754063,0.2577507,0.18354088,0.7017151,-0.0060002506
870,0.7199659,0.14380966,0.22586752,0.15482093,0.49409837,-0.011011273
871,0.097665645,0.027516032,0.034544513,0.018534165,0.06312113,0.008981867
872,0.4972231,0.11306965,0.11857547,0.09332044,0.37864763,0.019749217
873,0.1913743,0.026652362,0.090433456,0.06714672,0.100940846,-0.040494356
874,0.01894011,0.045973122,0.0447113,0.033185497,-0.02577119,0.012787625
875,0.23806891,0.12555206,0.104240865,0.07401529,0.13382804,0.05153677
876,0.8513731,0.35681885,0.44147423,0.32639194,0.40989885,0.03042692
877,0.7096876,0.20417187,0.28105977,0.19659004,0.42862782,0.00758183
878,1.2612792,0.34195915,0.5400623,0.3287498,0.7212169,0.013209343
879,0.18750031,0.082822815,0.062449917,0.050411213,0.1250504,0.0324116
880,0.7880826,0.18218319,0.24111736,0.17515361,0.54696524,0.007029578
881,0.11412876,0.0537003,0.051382795,0.041944437,0.062745966,0.011755865
882,0.46725678,0.1256201,0.21585757,0.14128971,0.25139922,-0.015669614
883,0.3156705,0.09588297,0.09781367,0.071090296,0.21785682,0.024792671
884,1.377218,0.34698904,0.49802068,0.34765354,0.87919736,-0.0006645024
885,0.77804315,0.07755574,0.16432583,0.11404934,0.6137173,-0.0364936
886,1.1354002,0.3930902,0.38840222,0.30197385,0.74699795,0.09111634
887,0.09623608,0.021692863,0.05632559,0.04234248,0.03991049,-0.020649618
888,0.23427683,0.06783303,0.07085242,0.047632612,0.1634244,0.020200416
889,1.7690125,0.43325272,0.67580205,0.4956752,1.0932105,-0.062422484
890,0.25214761,0.12150507,0.17919512,0.13754807,0.072952494,-0.016043007
891,0.8272938,0.18729508,0.24622878,0.18269537,0.58106506,0.0045997053
892,0.54868263,0.10895333,0.16682474,0.12235069,0.38185787,-0.013397366
893,0.073767036,0.024684666,0.03254516,0.025852935,0.041221876,-0.0011682697
894,0.11494722,-0.022065174,0.05799919,0.030619232,0.056948032,-0.052684404
895,0.23070768,0.12809016,0.059864692,0.043027196,0.17084298,0.085062966
896,1.5948122,0.22651868,0.36769783,0.21931769,1.2271143,0.007200986
897,0.5290991,0.20785344,0.25857118,0.17947172,0.27052793,0.02838172
898,0.17332457,0.11921984,0.0847612,0.06957176,0.08856337,0.049648076
899,0.10609925,0.041951012,0.046610013,0.032349214,0.059489235,0.009601798
900,0.388775,0.18411967,0.21276128,0.16074699,0.17601371,0.02337268
901,0.5769139,0.2531653,0.3178179,0.22699568,0.259096,0.026169628
902,0.8567212,0.23619615,0.32138237,0.20270659,0.5353389,0.033489555
903,0.68413574,0.16126285,0.25193095,0.1703274,0.43220478,-0.00906454
904,1.0400616,0.38861486,0.5577427,0.40132156,0.48231888,-0.012706697
905,0.76995826,0.25136033,0.28107762,0.19376746,0.48888063,0.05759287
906,0.09900023,0.063905925,0.0693976,0.04339174,0.029602632,0.020514183
907,-0.012013589,-0.021373343,0.010621211,0.007075025,-0.0226348,-0.028448367
908,0.031022405,0.012336644,0.041455314,0.026221529,-0.010432908,-0.013884884
909,0.0451527,0.031820517,0.017767154,0.018236171,0.027385548,0.013584346
910,1.1307545,0.31453997,0.3476286,0.26910663,0.7831259,0.045433342
911,0.15012169,0.04238007,0.078450695,0.055211592,0.071670994,-0.012831524
912,0.078874916,-0.031594682,0.030160999,0.018606434,0.048713915,-0.050201118
913,0.7946567,0.14489976,0.18030123,0.12621744,0.61435544,0.018682316
914,0.02054067,0.005693102,0.036896776,0.026141899,-0.016356107,-0.020448796
915,1.0602245,0.24148437,0.30073026,0.19496836,0.7594943,0.046516016
916,0.44872454,0.07634862,0.11368335,0.07062426,0.3350412,0.0057243556
917,0.76707774,0.14357996,0.21805693,0.1625787,0.5490208,-0.018998742
918,0.16691497,0.107761614,0.041943997,0.03204042,0.12497097,0.07572119
919,1.0212796,0.242764,0.37100244,0.25136983,0.65027714,-0.008605838
920,0.16459207,0.105657995,0.09143895,0.059191205,0.07315312,0.04646679
921,0.07808083,0.16683552,0.09803652,0.069307566,-0.019955687,0.09752795
922,1.012441,0.41095525,0.4632858,0.3111065,0.54915524,0.09984875
923,0.6978314,0.2110099,0.29889125,0.2171502,0.39894015,-0.0061402917
924,0.58353686,0.1436288,0.26132023,0.16492933,0.32221663,-0.021300524
925,0.11788232,-0.009234577,0.0540022,0.036115002,0.063880116,-0.04534958
926,0.13910066,0.051155843,0.094249755,0.05880929,0.0448509,-0.0076534487
927,0.9748407,0.33429453,0.40820092,0.28738257,0.5666398,0.046911955
928,1.9142245,0.23437911,0.48674887,0.36529648,1.4274757,-0.13091737
929,0.036711797,-0.003930915,0.04214907,0.027790004,-0.0054372735,-0.03172092
930,0.13072367,0.08738931,0.023852663,0.014192466,0.10687101,0.07319684
931,0.05193781,0.0019734108,0.06222086,0.04572858,-0.010283049,-0.04375517
932,0.10437425,0.08538705,0.075903855,0.056948736,0.028470397,0.028438315
933,0.6488073,0.23252282,0.28522378,0.21516268,0.3635835,0.017360136
934,0.40068102,0.18860708,0.13285576,0.0891945,0.26782525,0.09941258
935,0.22707807,0.04661005,0.0868211,0.065951824,0.14025697,-0.019341774
936,0.67387676,0.22591428,0.24912378,0.17080335,0.42475298,0.05511093
937,0.75557137,0.1560027,0.19895726,0.14406818,0.5566141,0.011934519
938,0.8344136,0.29355878,0.3731071,0.28274676,0.46130648,0.010812014
939,0.13861638,0.121599115,0.078017265,0.05730464,0.06059912,0.06429447
940,0.7660531,0.26533768,0.3320232,0.23527668,0.43402988,0.030060992
941,0.14442366,0.083296046,0.063280694,0.053016115,0.08114297,0.03027993
942,0.8902941,0.122850284,0.20873837,0.14184037,0.6815557,-0.018990085
943,0.12235486,0.13347557,0.086744554,0.047456812,0.035610303,0.086018756
944,0.7816785,0.3238738,0.37113506,0.2780899,0.41054344,0.045783877
945,0.37371734,0.225275,0.25014076,0.1855987,0.12357658,0.039676294
946,0.83671135,0.19096199,0.31578892,0.22362943,0.5209224,-0.032667443
947,0.5940655,0.15854977,0.22891302,0.1519501,0.36515248,0.0065996647
948,0.52565897,0.23303978,0.15289558,0.12580256,0.3727634,0.10723722
949,0.57513434,0.2141422,0.30833748,0.21845546,0.26679686,-0.0043132603
950,1.2051337,0.19232444,0.22892156,0.16260326,0.97621214,0.029721186
951,-0.03123745,0.1236433,0.014408979,0.0065679033,-0.04564643,0.1170754
952,0.53463066,0.06014533,0.10827575,0.08059942,0.42635491,-0.02045409
953,0.4914464,0.15235099,0.17147616,0.11796107,0.31997025,0.03438992
954,0.8216975,0.24712485,0.27649918,0.19832414,0.5451983,0.048800707
955,0.73913836,0.28938493,0.3378619,0.25191107,0.40127647,0.037473857
956,0.12747902,0.10080425,0.058010064,0.043567277,0.06946895,0.05723697
957,0.69949734,0.19969176,0.26370898,0.19277023,0.43578836,0.00692153
958,0.9279621,0.25980043,0.2685887,0.199181,0.6593734,0.06061943
959,0.5365767,0.103475876,0.12267863,0.08735333,0.41389805,0.01612255
960,-0.026749989,0.124497406,0.026261881,0.012651679,-0.053011872,0.111845724
961,0.010893911,-0.014227542,0.0055951094,0.0041716364,0.0052988017,-0.018399179
962,0.13436612,0.008472216,0.069000676,0.049094632,0.06536545,-0.040622417
963,1.3120219,0.36518887,0.514115,0.36755428,0.7979069,-0.0023654103
964,0.23937522,0.06563324,0.09065586,0.055305187,0.14871936,0.010328051
965,0.8647267,0.20222108,0.2751141,0.18700047,0.5896126,0.015220612
966,0.014672297,0.020956965,0.0129559245,0.011298631,0.0017163726,0.009658334
967,0.11120701,-0.02589161,0.048938476,0.026710887,0.062268533,-0.052602496
968,0.62698287,0.18264417,0.21422017,0.14500569,0.4127627,0.037638485
969,0.5249015,0.18621337,0.29230163,0.2164613,0.23259988,-0.030247927
970,1.0222359,0.2221727,0.29861283,0.21141979,0.72362304,0.010752916
971,1.070118,0.2796779,0.38132417,0.24529648,0.6887938,0.03438142
972,0.8072151,0.26979244,0.3945465,0.27176893,0.4126686,-0.00197649
973,0.13893534,0.084060945,0.10534869,0.07537648,0.03358665,0.008684464
974,1.2210504,0.30998218,0.42148152,0.31534266,0.7995689,-0.005360484
975,1.2015734,0.2446233,0.34618083,0.22335333,0.8553926,0.021269977
976,0.14176649,0.028568937,0.029505773,0.02026458,0.112260714,0.008304356
977,0.6059605,0.25999194,0.24849696,0.18056697,0.35746354,0.07942498
978,0.8728104,0.27473515,0.31980354,0.21882309,0.5530069,0.055912063
979,0.9821551,0.31295726,0.4037816,0.28858772,0.5783735,0.024369538
980,0.8599268,0.16651286,0.23767953,0.16589837,0.6222473,0.0006144941
981,0.059782278,0.119970955,0.02917894,0.020479219,0.030603338,0.09949174
982,0.81541675,0.122041985,0.21593982,0.14170599,0.59947693,-0.019664004
983,0.088334136,0.026170632,0.030929819,0.019721461,0.057404317,0.0064491704
984,0.35349524,0.101479046,0.1414729,0.085508786,0.21202233,0.01597026
985,0.13705552,0.16530403,0.070999116,0.03971038,0.0660564,0.12559366
986,1.2008064,0.25513357,0.32460156,0.22035512,0.87620485,0.034778446
987,0.05774305,-0.014410862,0.052503232,0.03459197,0.0052398182,-0.04900283
988,0.09109278,0.08108358,0.058962896,0.040456533,0.032129884,0.040627047
989,0.37168783,0.17236178,0.17000502,0.12374073,0.2016828,0.048621044
990,1.0431559,0.29682234,0.39498544,0.28539973,0.6481705,0.011422604
991,0.75815165,0.14706272,0.22320041,0.1685578,0.5349512,-0.021495074
992,0.71741444,0.1383521,0.19778873,0.14531709,0.5196257,-0.0069649965
993,0.032419045,0.12652768,0.02627044,0.014394951,0.0061486047,0.11213273
994,0.4393842,0.130682,0.15409242,0.10172854,0.2852918,0.028953463
995,0.15929227,0.045027696,0.06998804,0.047177024,0.08930422,-0.0021493286
996,0.8376635,0.20080948,0.24179338,0.17223114,0.5958701,0.028578341
997,0.12927218,0.033342768,0.043169905,0.028393121,0.08610228,0.004949646
998,0.65641713,0.19120027,0.2190188,0.1742632,0.4373983,0.016937077
999,0.6145398,0.14242153,0.27986243,0.16888368,0.33467737,-0.026462153
1000,0.23128416,0.113733836,0.101661615,0.08021758,0.12962255,0.033516258
1001,0.32178357,0.09947631,0.11709146,0.089982785,0.20469211,0.009493522
1002,0.2710709,0.061494514,0.09345815,0.063244775,0.17761275,-0.0017502606
1003,0.9295096,0.28195423,0.41315868,0.30043972,0.51635087,-0.018485487
1004,0.48512784,0.26335022,0.23911782,0.16919361,0.24601002,0.09415661
1005,0.7198696,0.21174392,0.19847468,0.15280706,0.52139497,0.058936864
1006,0.20933963,0.058479764,0.11650256,0.074147105,0.09283707,-0.015667342
1007,1.2451057,0.33207315,0.49402043,0.34843925,0.7510853,-0.016366094
1008,0.33073086,0.1040132,0.15819451,0.09095728,0.17253634,0.013055921
1009,0.7987537,0.27246115,0.3680138,0.26806495,0.43073988,0.0043962
1010,0.7928456,0.19366191,0.2675595,0.17297168,0.5252861,0.020690233
1011,0.49205437,0.21663408,0.30277666,0.22351767,0.18927771,-0.0068835914
1012,0.78770554,0.2747447,0.33009717,0.2454813,0.45760837,0.029263392
1013,1.4318789,0.32211268,0.46433884,0.34049276,0.9675401,-0.018380076
1014,1.2045057,0.56357306,0.70733184,0.47287917,0.49717385,0.09069389
1015,0.95107025,0.22273359,0.34037164,0.22836918,0.6106986,-0.0056355894
1016,1.3092666,0.29646942,0.3138165,0.22918236,0.9954501,0.06728706
1017,0.88471496,0.45761207,0.49179772,0.35908353,0.39291725,0.098528534
1018,0.8262384,0.21541277,0.33196777,0.23051815,0.49427062,-0.015105382
1019,0.05233803,0.019338077,0.03228964,0.02196255,0.020048391,-0.0026244726
1020,0.056505587,0.14942288,0.052285,0.030348623,0.0042205863,0.11907426
1021,0.038314283,-0.02616534,0.032028075,0.020083595,0.0062862076,-0.046248935
1022,0.024944106,0.09889622,0.034372244,0.02252272,-0.009428138,0.0763735
1023,0.38698956,0.08343155,0.14248672,0.09405092,0.24450284,-0.010619372
1024,0.21790604,0.07891027,0.052082587,0.03387381,0.16582346,0.045036457
1025,1.0153925,0.22880083,0.30449858,0.21830022,0.710894,0.01050061
1026,0.66646,0.21538205,0.3521217,0.22904795,0.31433827,-0.0136659
1027,0.31357297,0.17138489,0.18725413,0.117471926,0.12631884,0.05391296
1028,0.80047774,0.12578821,0.17052813,0.12101612,0.6299496,0.0047720894
1029,0.2351476,0.061736386,0.026325762,0.025076,0.20882183,0.036660388
1030,-0.026021121,0.12500945,0.0188994,0.009668958,-0.04492052,0.115340486
1031,0.081390895,0.06374529,0.052289132,0.03529529,0.029101763,0.028450001
1032,0.05305507,-0.00077715045,0.03333746,0.024290103,0.019717611,-0.025067253
1033,1.1794869,0.21549518,0.3369868,0.23886804,0.8425001,-0.023372859
1034,0.71565765,0.14880471,0.24681355,0.17367145,0.46884412,-0.024866745
1035,0.89467543,0.18588412,0.24771036,0.17053121,0.6469651,0.015352905
1036,0.4898892,0.1379552,0.11937562,0.08821535,0.3705136,0.049739853
1037,0.15440267,0.06294769,0.059774328,0.045524873,0.09462835,0.017422818
1038,0.054250967,0.020684142,0.016021216,0.014920898,0.03822975,0.005763244
1039,0.2677086,0.1671533,0.18140696,0.1357865,0.08630164,0.031366795
1040,0.06305367,0.03252234,0.031030962,0.020558365,0.032022707,0.011963975
1041,0.908294,0.14099285,0.18700328,0.12696475,0.7212907,0.014028102
1042,0.97455263,0.3192961,0.41828838,0.32866722,0.5562643,-0.009371132
1043,0.5652164,0.21878512,0.22801407,0.1797664,0.33720237,0.03901872
1044,0.11596729,0.07848046,0.06854573,0.052277032,0.04742156,0.026203427
1045,0.40005237,0.15352648,0.22100519,0.14033091,0.17904718,0.013195574
1046,0.9550545,0.23730177,0.3427075,0.24640991,0.612347,-0.009108141
1047,0.6844264,0.22645383,0.297224,0.21209061,0.38720244,0.014363214
1048,0.9923568,0.23609675,0.27871048,0.21191502,0.7136463,0.024181738
1049,1.1667452,0.3769605,0.51575106,0.34455943,0.6509941,0.032401055
1050,0.04746233,0.07380765,0.022258611,0.015643254,0.025203718,0.058164395
1051,0.27581012,0.14959398,0.16937366,0.11790386,0.10643646,0.03169012
1052,1.2535427,0.24431483,0.41072556,0.2965102,0.84281707,-0.052195355
1053,0.4640749,0.1328718,0.14407629,0.10928843,0.31999862,0.023583375
1054,0.7133138,0.31324092,0.3908061,0.28019157,0.3225077,0.033049345
1055,0.7598543,0.2247221,0.25377405,0.19227333,0.50608027,0.03244877
1056,0.75331897,0.17857133,0.28822738,0.17318894,0.4650916,0.005382389
1057,0.4101536,0.11639915,0.18982518,0.12134066,0.22032842,-0.0049415156
1058,0.18969102,0.09407145,0.104235135,0.07099466,0.08545589,0.023076788
1059,0.08024902,0.05095016,0.08479318,0.060197726,-0.0045441613,-0.0092475675
1060,0.123957016,0.114558764,0.056481253,0.034976322,0.067475766,0.07958244
1061,0.73695886,0.471047,0.5548231,0.44082803,0.18213576,0.030218989
1062,0.68365484,0.26974612,0.30749577,0.22795647,0.37615907,0.04178965
1063,1.6306351,0.24616402,0.3813577,0.2743497,1.2492775,-0.028185666
1064,0.061586045,0.010198448,0.03663664,0.0237825,0.024949405,-0.013584051
1065,0.19378635,0.05805625,0.057990532,0.039927453,0.13579582,0.018128797
1066,0.2890395,0.13567753,0.16242461,0.11304386,0.12661488,0.022633672
1067,0.5892932,0.061372418,0.1277601,0.080170006,0.46153307,-0.018797588
1068,0.2630341,0.21332003,0.05784632,0.040227767,0.20518778,0.17309226
1069,0.8987777,0.2964811,0.35771605,0.26454565,0.54106164,0.031935453
1070,0.15238161,0.016359018,0.10402322,0.0638789,0.048358396,-0.047519885
1071,0.34200105,0.038795725,0.10130392,0.054550633,0.24069713,-0.015754908
1072,0.15080377,0.09166032,0.09622774,0.07164607,0.054576032,0.020014249
1073,0.041202724,0.042981017,0.03525493,0.023599409,0.0059477948,0.019381609
1074,0.31678772,0.018239215,0.105564505,0.07432103,0.21122321,-0.056081817
1075,0.8784092,0.20057501,0.3604661,0.23396622,0.51794314,-0.033391207
1076,0.8465324,0.2236507,0.30197114,0.21755293,0.54456127,0.006097764
1077,0.2461454,0.16145091,0.09894227,0.07652616,0.14720312,0.08492475
1078,0.0029571918,0.039492562,0.016899884,0.0124185225,-0.013942692,0.027074039
1079,1.085217,0.29889032,0.40212563,0.2861994,0.6830914,0.012690932
1080,0.739453,0.24961488,0.39686352,0.26619938,0.3425895,-0.0165845
1081,0.31504193,0.18607321,0.16513073,0.10995988,0.1499112,0.076113336
1082,1.1741407,0.31553042,0.39435825,0.26708812,0.7797824,0.048442304
1083,0.5017678,0.20415288,0.33892384,0.22884205,0.16284397,-0.024689168
1084,0.35331228,0.050848734,0.12316504,0.079391174,0.23014724,-0.02854244
1085,1.3066678,0.3893061,0.40542358,0.31505346,0.9012442,0.074252635
1086,0.6763989,0.19318408,0.28060263,0.19725895,0.39579624,-0.0040748715
1087,0.20208152,0.04934256,0.085315704,0.058386236,0.11676581,-0.009043675
1088,0.98348224,0.36911744,0.4602627,0.30420983,0.5232196,0.06490761
1089,0.9851549,0.25039217,0.3496158,0.26429015,0.6355391,-0.013897985
1090,1.3655382,0.22860561,0.38780108,0.2803084,0.9777372,-0.051702783
1091,0.44676942,0.27609935,0.19794667,0.13190168,0.24882275,0.14419767
1092,1.0099045,0.23498058,0.3776762,0.25518835,0.6322283,-0.020207763
1093,0.69616693,0.16863225,0.22001249,0.15738693,0.47615445,0.011245325
1094,0.6937715,0.17277436,0.31199694,0.1921713,0.38177454,-0.019396946
1095,0.8862439,0.15773226,0.2474058,0.17046514,0.63883805,-0.012732878
1096,1.2437788,0.18631944,0.32576898,0.19980003,0.9180099,-0.013480589
1097,0.06689305,0.045682847,0.06635309,0.049900595,0.0005399585,-0.0042177476
1098,0.1648104,0.0505854,0.0790445,0.043510757,0.085765906,0.007074643
1099,0.55828047,0.17279042,0.2539243,0.18727773,0.30435616,-0.014487311
1100,0.17288652,0.09038459,0.08079589,0.05745259,0.09209063,0.032932
1101,0.28239033,0.050757155,0.06284079,0.04935215,0.21954954,0.0014050044
1102,0.91104656,0.29171827,0.42163116,0.2872528,0.4894154,0.004465461
1103,0.8744445,0.17619441,0.2621683,0.18048166,0.6122762,-0.004287243
1104,0.055591013,0.014128641,0.03865052,0.028612476,0.016940493,-0.014483835
1105,0.78763306,0.23479171,0.31238577,0.2042679,0.4752473,0.030523807
1106,0.23412697,0.11219783,0.09532543,0.070131466,0.13880154,0.042066365
1107,0.7087359,0.18644977,0.21987562,0.15622894,0.48886025,0.030220821
1108,0.802148,0.227891,0.3927759,0.26025906,0.4093721,-0.032368064
1109,0.6562044,0.15808354,0.27345496,0.18456712,0.38274944,-0.02648358
1110,0.6734482,0.18811391,0.25575417,0.194774,0.41769403,-0.006660089
1111,0.1755558,0.013924753,0.071395256,0.050133377,0.10416054,-0.036208622
1112,0.09019245,0.11178248,0.076018766,0.05031036,0.0141736865,0.061472118
1113,0.76787406,0.3489035,0.4342833,0.31128827,0.33359078,0.03761524
1114,1.0214044,0.21443215,0.3096259,0.22055402,0.7117785,-0.006121874
1115,0.80068564,0.19774036,0.26445514,0.1940582,0.5362305,0.0036821663
1116,0.8065447,0.17153507,0.2597074,0.18011303,0.54683733,-0.008577958
1117,1.1025424,0.23273501,0.35375473,0.22128972,0.74878764,0.011445284
1118,0.7379596,0.2587168,0.34933406,0.2407737,0.38862556,0.0179431
1119,0.16810478,0.0012478635,0.082353935,0.053094354,0.08575085,-0.05184649
1120,0.1757612,0.046272755,0.08138567,0.05100303,0.09437552,-0.0047302768
1121,0.085116014,0.07581895,0.06549096,0.05378699,0.019625053,0.02203196
1122,0.8007125,0.24861261,0.36686382,0.25339794,0.4338487,-0.004785329
1123,0.089919016,0.10646046,0.032152303,0.024582412,0.057766713,0.08187805
1124,0.54000604,0.24617879,0.30140117,0.22233425,0.23860487,0.02384454
1125,0.3954001,0.079917096,0.14012462,0.08812475,0.2552755,-0.008207656
1126,0.11649293,-0.0040882155,0.06381974,0.043859124,0.052673183,-0.04794734
1127,0.568836,0.26103327,0.31328326,0.23598059,0.2555527,0.025052682
1128,0.11456168,0.086828455,0.10382214,0.06835029,0.010739535,0.018478163
1129,1.025605,0.3071919,0.37514564,0.26944387,0.6504593,0.03774804
1130,0.48031744,0.23543407,0.19779207,0.13773875,0.28252536,0.09769532
1131,0.39459208,0.06730183,0.17109232,0.10553418,0.22349976,-0.03823235
1132,1.4270291,0.63134956,0.7539695,0.60278124,0.67305964,0.028568327
1133,0.3143211,0.21768366,0.26559162,0.20121287,0.04872948,0.01647079
1134,1.2777691,0.3047596,0.3941336,0.2792798,0.8836355,0.025479794
1135,1.2637972,0.4159003,0.6223992,0.44607365,0.64139795,-0.030173361
1136,0.037946224,0.020689225,0.016458858,0.00792764,0.021487366,0.0127615845
1137,0.36825395,0.16380891,0.15303898,0.12594277,0.21521497,0.037866145
1138,1.1174421,0.46709535,0.6186659,0.43256882,0.49877626,0.034526527
1139,1.0035632,0.21141636,0.25252917,0.17040409,0.751034,0.041012272
1140,0.33835474,0.11821331,0.1848133,0.13094765,0.15354143,-0.012734339
1141,1.24164,0.30789152,0.50759554,0.31366563,0.73404443,-0.0057741106
1142,0.73590744,0.2339309,0.32190907,0.24205269,0.41399837,-0.0081217885
1143,0.21305244,0.09244831,0.09987873,0.07721414,0.11317371,0.015234172
1144,0.7378876,0.2257745,0.33170876,0.23120344,0.40617886,-0.00542894
1145,0.9840744,0.41363758,0.51053274,0.36604455,0.47354168,0.047593027
1146,0.7544914,0.13702238,0.20102017,0.14346316,0.5534712,-0.0064407885
1147,1.1704974,0.30738044,0.38174766,0.2835548,0.78874975,0.023825645
1148,0.2429475,0.118999764,0.14895363,0.10774539,0.09399387,0.011254378
1149,0.29297847,0.08073776,0.06939669,0.052003946,0.22358178,0.028733816
1150,0.67739546,0.18990216,0.26506436,0.18619572,0.4123311,0.0037064403
1151,0.039808106,-0.03236144,0.029090729,0.012280545,0.010717377,-0.044641986
1152,0.6877018,0.18266693,0.30790332,0.20849256,0.3797985,-0.025825635
1153,0.8736175,0.16471365,0.2963716,0.20808198,0.57724583,-0.043368325
1154,0.9721204,0.20631817,0.32141173,0.22433452,0.6507087,-0.018016353
1155,0.17198375,0.07002327,0.12629245,0.087144196,0.045691296,-0.017120928
1156,0.09099196,0.050910264,0.058987144,0.041936856,0.032004815,0.0089734085
1157,0.93370515,0.23345211,0.28753412,0.19839759,0.64617103,0.03505452
1158,1.1895971,0.22564714,0.3693247,0.27566573,0.82027245,-0.050018594
1159,0.5969646,0.17022659,0.2437563,0.17948073,0.3532083,-0.009254143
1160,0.075537965,-0.01733443,0.025459897,0.016304204,0.050078068,-0.033638634
1161,1.0230776,0.23689865,0.32709315,0.24928892,0.6959845,-0.012390271
1162,0.30815107,0.16644344,0.16605723,0.1165207,0.14209384,0.049922734
1163,0.0010686419,0.05273282,0.02100385,0.019092102,-0.019935207,0.03364072
1164,1.0093238,0.28663534,0.38891852,0.2949713,0.6204053,-0.008335948
1165,0.09394903,0.01781582,0.062736146,0.04566751,0.031212881,-0.02785169
1166,0.6857974,0.31819206,0.40457395,0.30267772,0.28122345,0.015514344
1167,0.3535248,0.11678107,0.1587699,0.11929324,0.1947549,-0.0025121719
1168,0.17319492,0.1956704,0.11755292,0.08401547,0.055641994,0.11165492
1169,1.2861023,0.2897812,0.39012074,0.28515995,0.89598155,0.0046212673
1170,0.30891278,0.097732544,0.13164368,0.08656945,0.1772691,0.011163093
1171,1.0164075,0.31807223,0.44691744,0.31281903,0.5694901,0.0052531958
1172,0.8545626,0.19216149,0.3232318,0.22956295,0.5313308,-0.037401468
1173,0.97839636,0.29490983,0.49569508,0.3393955,0.48270127,-0.04448566
1174,0.19300652,0.13333403,0.1053448,0.06735229,0.08766171,0.06598174
1175,0.1434171,0.04036736,0.054046318,0.040201936,0.08937079,0.00016542524
1176,1.1884389,0.37076223,0.47368622,0.37014502,0.7147527,0.0006172061
1177,0.80015546,0.2183837,0.26159585,0.18101132,0.5385596,0.03737238
1178,0.39206487,0.191891,0.23013723,0.15428115,0.16192764,0.037609845
1179,0.92854893,0.2461948,0.31893945,0.2285272,0.6096095,0.017667592
1180,0.17172402,0.05975973,0.11402245,0.07824867,0.057701573,-0.018488944
1181,0.7896874,0.1284292,0.20302914,0.1456172,0.58665824,-0.017187998
1182,-0.0015073624,0.05168007,0.01252881,0.012217021,-0.014036172,0.03946305
1183,1.0450649,0.26778582,0.35626194,0.24442457,0.68880296,0.02336125
1184,0.41306865,0.120607845,0.20122848,0.13957544,0.21184017,-0.018967591
1185,0.7364578,0.15647168,0.22702676,0.15756173,0.50943106,-0.0010900497
1186,0.48696867,0.14449486,0.14864582,0.11242447,0.33832285,0.03207039
1187,0.96516407,0.17528485,0.25165778,0.19791351,0.7135063,-0.022628665
1188,0.64761806,0.27481633,0.3095871,0.21455766,0.33803096,0.06025867
1189,0.57614666,0.2295925,0.32475066,0.2317486,0.251396,-0.0021560937
1190,0.1273834,0.043154906,0.06472278,0.046923116,0.06266062,-0.0037682094
1191,0.29166844,0.00017090839,0.058242436,0.03479593,0.233426,-0.03462502
1192,1.0072252,0.13993278,0.24143286,0.16557552,0.7657923,-0.025642738
1193,1.007943,0.14379895,0.24465445,0.17686127,0.7632886,-0.033062324
1194,0.49485436,0.045981996,0.046226468,0.036831878,0.4486279,0.009150118
1195,0.15248017,-0.011453083,0.085235566,0.046235155,0.067244604,-0.057688236
1196,1.2133862,0.41713268,0.5697995,0.42027813,0.6435867,-0.0031454563
1197,0.34995165,0.12953301,0.13870095,0.11067302,0.21125071,0.01885999
1198,0.12005443,0.081832275,0.05805714,0.04899912,0.06199729,0.032833155
1199,0.4200403,0.12443826,0.15680662,0.10757791,0.2632337,0.016860351
1200,1.1224189,0.18676004,0.3328578,0.23124968,0.7895611,-0.044489637
1201,1.1734511,0.3139013,0.49589473,0.3298917,0.67755634,-0.015990406
1202,0.854143,0.332423,0.30460164,0.23244566,0.54954135,0.099977344
1203,0.9402847,0.23332654,0.12205341,0.079450786,0.81823134,0.15387575
1204,1.0534979,0.24705485,0.32873088,0.24906804,0.724767,-0.0020131916
1205,0.2378765,0.08055161,0.11501811,0.0702484,0.1228584,0.010303207
1206,-0.010495753,0.012752595,0.0155212665,0.011353093,-0.02601702,0.0013995022
1207,1.2346475,0.18224323,0.29186618,0.20103914,0.9427813,-0.018795907
1208,0.5750953,0.19555882,0.29283834,0.19498715,0.28225696,0.00057166815
1209,1.1566621,0.3384465,0.43578595,0.29836884,0.72087616,0.040077657
1210,0.21639295,0.050107025,0.102701455,0.07164673,0.113691494,-0.021539703
1211,-0.06928376,0.11893044,0.014086365,0.006849683,-0.08337013,0.11208075
1212,0.12961963,0.013650988,0.058088418,0.047268573,0.07153121,-0.033617586
1213,0.18889524,0.16202238,0.09114612,0.06033606,0.09774912,0.10168632
1214,0.49795178,0.11321479,0.13878976,0.101524174,0.35916203,0.011690617
1215,0.3644448,0.21218687,0.24996234,0.1763144,0.11448245,0.035872474
1216,0.40917045,0.13509585,0.25381982,0.1557806,0.15535063,-0.020684749
1217,0.13685486,0.07366189,0.064385705,0.046381693,0.07246915,0.0272802
1218,0.41461977,0.119783044,0.12597276,0.09238293,0.288647,0.027400114
1219,0.5841034,0.1650418,0.22772741,0.15138972,0.356376,0.013652086
1220,0.3466381,0.1543193,0.20842287,0.1500167,0.13821524,0.004302606
1221,1.1906693,0.35010272,0.48627093,0.3176086,0.7043984,0.032494128
1222,0.20169295,0.089453645,0.036039006,0.03247533,0.16565394,0.056978315
1223,0.65844643,0.18494067,0.30027074,0.22389376,0.3581757,-0.038953096
1224,0.6410731,0.15396164,0.19603178,0.13947982,0.44504133,0.014481828
1225,0.5791883,0.18776588,0.21759564,0.15774016,0.36159265,0.03002572
1226,1.1999444,0.36080632,0.39804626,0.29308453,0.8018981,0.067721784
1227,0.6533041,0.24460578,0.29356065,0.20148377,0.35974345,0.04312201
1228,1.264762,0.32568234,0.44295928,0.2994208,0.82180274,0.026261538
1229,1.6679654,0.21589322,0.4362807,0.25840327,1.2316847,-0.042510048
1230,0.112446986,0.009028117,0.06432065,0.0459067,0.048126332,-0.036878582
1231,1.2974163,0.26108855,0.45839632,0.3253326,0.83902,-0.06424406
1232,0.98222566,0.31714746,0.38175333,0.28582266,0.60047233,0.031324804
1233,-0.0052017733,0.11125268,0.028010018,0.01761681,-0.03321179,0.09363587
1234,0.047286715,0.11221982,0.018703995,0.011792848,0.02858272,0.10042697
1235,0.54456294,0.2460738,0.23985176,0.18038945,0.30471116,0.06568435
1236,0.66823465,0.23823151,0.29576305,0.2120187,0.3724716,0.026212811
1237,0.20274286,0.02743951,0.069163,0.04922376,0.13357985,-0.021784248
1238,0.06045088,-0.017544137,0.042132255,0.026387325,0.018318627,-0.043931462
1239,0.19964536,0.07558112,0.09947984,0.07478669,0.100165516,0.0007944256
1240,0.3361125,0.19374672,0.21245539,0.1512934,0.12365711,0.04245332
1241,-0.0384797,0.118065655,0.015629118,0.005994973,-0.05410882,0.11207068
1242,0.056932304,0.030585855,0.023440039,0.017414631,0.033492267,0.013171224
1243,0.68407845,0.23361692,0.2720549,0.1902164,0.41202354,0.04340051
1244,0.17806858,0.055312335,0.06412118,0.045176104,0.1139474,0.010136232
1245,0.64479995,0.3862141,0.44430512,0.3388485,0.20049483,0.047365606
1246,0.7898296,0.2186041,0.29482412,0.21166542,0.4950055,0.006938681
1247,0.15948215,0.073580354,0.04050519,0.029326584,0.118976966,0.04425377
1248,-0.018060064,0.16284429,0.046203185,0.025153004,-0.06426325,0.13769129
1249,0.4735596,0.15392087,0.16041774,0.12425013,0.31314185,0.029670745
1250,0.2019322,0.08250672,0.05940402,0.044403125,0.14252819,0.0381036
1251,0.967145,0.20772202,0.28582904,0.18974292,0.681316,0.0179791
1252,0.041239165,0.008212544,0.038437158,0.031899314,0.002802007,-0.02368677
1253,0.06353145,0.039895717,0.046215087,0.033328693,0.017316364,0.0065670237
1254,-0.0457674,0.014128963,0.015056979,0.011167143,-0.06082438,0.002961821
1255,0.3246415,0.13753186,0.17325789,0.12606077,0.15138361,0.011471093
1256,1.7167729,0.6157763,0.8056076,0.58594507,0.9111653,0.02983123
1257,0.35790944,0.115697,0.1417361,0.11063185,0.21617334,0.005065143
1258,0.121370636,0.039090626,0.04771262,0.034771368,0.07365802,0.004319258
1259,0.293719,0.06432653,0.09938273,0.07084788,0.19433627,-0.006521344
1260,0.8576231,0.16149372,0.2880795,0.2114721,0.5695436,-0.049978375
1261,0.015427968,0.019017108,0.03893564,0.029171558,-0.02350767,-0.01015445
1262,1.0576406,0.26922482,0.42080194,0.28977877,0.6368386,-0.020553946
1263,0.5981715,0.112388656,0.19235563,0.136873,0.40581584,-0.024484351
1264,1.1343468,0.34979472,0.45726138,0.31763577,0.67708546,0.03215894
1265,0.76001483,0.20607984,0.28438738,0.2023584,0.47562745,0.0037214458
1266,1.2401229,0.21547468,0.28910375,0.21046409,0.95101917,0.00501059
1267,1.1680615,0.5914012,0.73996145,0.5343115,0.42810005,0.057089746
1268,1.1480974,0.33390087,0.5632522,0.35683343,0.5848452,-0.02293256
1269,0.22012243,0.074772485,0.07581265,0.05764977,0.14430977,0.017122716
1270,0.044179957,0.00072742946,0.018531537,0.015101216,0.02564842,-0.014373787
1271,1.071897,0.14971241,0.20932835,0.15670227,0.8625687,-0.0069898516
1272,0.8332665,0.23095609,0.38156936,0.26252592,0.45169714,-0.031569824
1273,0.14430448,-0.006056125,0.039830826,0.025253296,0.10447366,-0.031309422
1274,-0.0016390474,0.107893094,0.032483067,0.018072657,-0.034122113,0.08982044
1275,0.11950709,0.051443063,0.028276237,0.022726502,0.091230854,0.02871656
1276,0.7484255,0.27939153,0.38776967,0.27999556,0.3606558,-0.00060403347
1277,1.0305995,0.2394693,0.37335065,0.23332582,0.65724885,0.0061434805
1278,0.1288389,0.08102473,0.11334593,0.094217435,0.015492968,-0.013192706
1279,1.2283647,0.14205658,0.26384568,0.18508999,0.964519,-0.043033406
1280,1.1640437,0.45199475,0.5921254,0.40424454,0.57191825,0.047750205
1281,0.55464494,0.22971976,0.3515561,0.21949823,0.20308885,0.010221526
1282,0.13570593,0.1843452,0.110409945,0.07288214,0.025295988,0.11146306
1283,-0.04062346,0.10842029,0.0069836746,0.0012850198,-0.047607135,0.10713527
1284,0.33705214,0.10740534,0.15647724,0.120602876,0.1805749,-0.013197534
1285,1.0869305,0.31940106,0.39469963,0.25973234,0.6922309,0.05966872
1286,0.9937602,0.37908968,0.39334384,0.2953579,0.6004164,0.08373177
1287,1.4210418,0.30134204,0.4442097,0.29907855,0.97683215,0.0022634864
1288,0.1125647,0.17617236,0.093702905,0.06463889,0.018861793,0.11153347
1289,0.57087547,0.22072053,0.29186857,0.2092428,0.2790069,0.011477724
1290,0.9092863,0.29545656,0.3646995,0.26201817,0.5445868,0.033438385
1291,0.08157019,0.058938697,0.03983569,0.032955404,0.0417345,0.025983293
1292,-0.06592461,0.14497234,0.05699794,0.039607007,-0.12292255,0.105365336
1293,0.6470587,0.23856859,0.34986055,0.24972218,0.29719818,-0.011153594
1294,0.3499856,0.034020863,0.049784172,0.037687365,0.30020142,-0.0036665015
1295,0.16444446,0.054368395,0.066706896,0.04873581,0.097737566,0.005632587
1296,0.4303781,0.1377998,0.21729523,0.15264519,0.21308288,-0.014845386
1297,0.17762077,0.12854195,0.10241038,0.076357275,0.075210385,0.05218467
1298,0.0074892463,0.12814388,0.03460123,0.023038805,-0.027111985,0.10510507
1299,0.83087736,0.121254556,0.1965281,0.13623704,0.6343492,-0.014982484
1300,1.3603897,0.20598139,0.3661295,0.26789588,0.9942602,-0.06191449
1301,0.10990717,0.14916828,0.053716816,0.03487224,0.056190357,0.11429604
1302,0.28523618,0.04607979,0.06721542,0.04885452,0.21802077,-0.0027747303
1303,0.19002278,0.08848867,0.07828939,0.055706624,0.11173339,0.032782044
1304,0.38502803,0.13577394,0.19916268,0.1422599,0.18586536,-0.006485954
1305,1.0551445,0.2185949,0.36905864,0.2569189,0.68608594,-0.038324013
1306,0.40749586,0.29593593,0.27053288,0.19079798,0.13696298,0.105137944
1307,1.1902668,0.39655453,0.4232201,0.34228402,0.76704675,0.054270506
1308,0.5615182,0.14479008,0.15973961,0.12159226,0.40177858,0.023197822
1309,0.77845323,0.21348886,0.29878357,0.21326216,0.47966966,0.00022670627
1310,0.8923148,0.31989965,0.47504926,0.3461567,0.41726553,-0.026257038
1311,0.040036894,0.023947753,0.035662476,0.023401624,0.0043744184,0.0005461294
1312,0.03640844,0.14685586,0.05606108,0.04066326,-0.019652642,0.1061926
1313,0.5300827,0.10186405,0.14771283,0.10845378,0.38236988,-0.006589733
1314,0.2697717,0.12480131,0.17436655,0.11934482,0.09540515,0.005456485
1315,0.17085828,0.10503692,0.15474807,0.099214815,0.016110212,0.005822107
1316,0.79370224,0.23184732,0.34254116,0.22780403,0.4511611,0.004043281
1317,0.7544541,0.14241491,0.1875686,0.13648339,0.5668855,0.0059315264
1318,1.4738106,0.3943193,0.4955739,0.34141034,0.9782367,0.052908957
1319,0.019091574,0.05969598,0.031511318,0.027158253,-0.012419743,0.03253773
1320,0.17997746,0.16309322,0.100159384,0.066412725,0.07981808,0.0966805
1321,1.1624128,0.08635539,0.20859785,0.1414417,0.9538149,-0.055086315
1322,0.37209782,0.15662271,0.17173807,0.12066399,0.20035975,0.035958715
1323,1.040401,0.1585955,0.28641692,0.19365166,0.7539841,-0.03505616
1324,0.87931985,0.22188966,0.29770976,0.22420235,0.5816101,-0.00231269
1325,0.70042574,0.21476193,0.2791146,0.19890288,0.42131114,0.015859053
1326,0.55050963,0.11104878,0.14070165,0.086514175,0.40980798,0.024534605
1327,0.46251112,0.13571998,0.17113987,0.12410842,0.29137126,0.011611566
1328,0.81558853,0.17025849,0.2660749,0.18802059,0.54951364,-0.017762095
1329,0.05697702,0.14139771,0.043585677,0.027634824,0.013391342,0.11376289
1330,0.74897635,0.15084647,0.19596983,0.14536464,0.55300653,0.0054818243
1331,1.1118491,0.24615031,0.31762528,0.23482527,0.7942238,0.011325046
1332,0.22453848,0.05377737,0.06993921,0.05200603,0.15459926,0.001771342
1333,0.9563432,0.18888411,0.26582345,0.19447093,0.6905197,-0.005586818
1334,0.15970027,0.04795669,0.10037404,0.06924761,0.05932623,-0.02129092
1335,1.2022543,0.38134474,0.4743377,0.34746727,0.7279166,0.033877462
1336,0.85509866,0.24698222,0.30849418,0.23628119,0.5466045,0.0107010305
1337,0.9270704,0.07025936,0.1696789,0.105027236,0.75739145,-0.034767874
1338,0.55220205,0.36422655,0.39336473,0.30371135,0.15883732,0.060515195
1339,0.8627546,0.24136586,0.33244067,0.23649052,0.5303139,0.004875347
1340,0.07463333,0.009668894,0.029582174,0.017646957,0.045051157,-0.007978063
1341,1.6184665,0.41523215,0.58143944,0.40953034,1.0370271,0.00570181
1342,0.12264034,0.026049467,0.071670204,0.05115644,0.050970137,-0.025106972
1343,1.0661081,0.3052705,0.3751639,0.2850838,0.6909442,0.020186692
1344,0.16601087,0.037383597,0.08326552,0.04375357,0.08274535,-0.0063699745
1345,0.12229698,0.008471925,0.062300976,0.034498546,0.059996005,-0.026026621
1346,1.007763,0.36707845,0.46573916,0.3453486,0.5420239,0.021729857
1347,0.7623518,0.29242104,0.44178826,0.31708145,0.32056355,-0.024660408
1348,0.61226225,0.1854842,0.18081622,0.12145701,0.43144602,0.06402719
1349,0.14570698,0.050580874,0.11134891,0.07634788,0.03435807,-0.025767006
1350,0.80811006,0.40078008,0.48137927,0.34018844,0.3267308,0.060591638
1351,1.2663279,0.3566606,0.5339018,0.3493334,0.73242605,0.007327199
1352,0.03148117,0.03512582,0.024550274,0.016999844,0.006930895,0.018125977
1353,0.7013131,0.28779387,0.38895547,0.24874376,0.3123576,0.039050117
1354,0.30429533,0.028005816,0.09777297,0.060552143,0.20652236,-0.032546327
1355,0.6365279,0.24468026,0.38536912,0.26957405,0.25115877,-0.02489379
1356,0.31066152,0.040818952,0.033024114,0.02695969,0.27763742,0.013859263
1357,0.3206347,0.1142191,0.10000422,0.07655428,0.22063047,0.037664816
1358,0.47245514,0.085810654,0.12017549,0.08605726,0.35227966,-0.00024660677
1359,0.5291658,0.15342934,0.22598122,0.16592292,0.30318457,-0.012493581
1360,0.19640082,0.038984578,0.09267287,0.07047731,0.10372795,-0.03149273
1361,0.07727557,-0.02448245,0.0342989,0.01950129,0.042976666,-0.04398374
1362,0.58538914,0.20517528,0.2952591,0.22377574,0.29013005,-0.018600464
1363,0.6889568,0.19388813,0.26723707,0.18597883,0.42171973,0.007909298
1364,0.90352696,0.19979933,0.4083916,0.21835013,0.49513537,-0.018550798
1365,0.053634945,0.023092804,0.048046965,0.031435583,0.00558798,-0.008342778
1366,0.6390363,0.20680556,0.3326477,0.22581387,0.3063886,-0.019008309
1367,0.71473134,0.15476078,0.22050694,0.14584441,0.4942244,0.008916363
1368,0.6569646,0.09959508,0.12946367,0.099196985,0.5275009,0.00039809197
1369,1.5315539,0.40624684,0.5985544,0.44106102,0.9329995,-0.03481418
1370,0.14316878,0.09106319,0.08749103,0.055369496,0.05567775,0.03569369
1371,0.6131808,0.22047454,0.29118416,0.19637872,0.32199666,0.024095818
1372,0.75945187,0.15188533,0.22494595,0.16378655,0.5345059,-0.011901215
1373,1.1642497,0.28708658,0.39779702,0.29846033,0.76645267,-0.011373758
1374,0.20720424,0.04051954,0.09387125,0.06055587,0.11333299,-0.020036332
1375,0.12069007,0.11631592,0.04194651,0.027399564,0.07874356,0.08891636
1376,0.1593129,0.17140792,0.12313849,0.08048748,0.036174417,0.09092044
1377,0.5306646,0.28784055,0.25080553,0.17451404,0.2798591,0.113326505
1378,0.5591539,0.2492536,0.2757131,0.22311795,0.28344083,0.026135653
1379,0.7805978,0.25796434,0.389532,0.26692817,0.3910658,-0.008963823
1380,0.7022143,0.20694676,0.26478714,0.19965921,0.43742716,0.007287547
1381,0.3894167,0.049496237,0.14647435,0.08110272,0.24294235,-0.031606484
1382,1.4754173,0.4992471,0.67377466,0.482638,0.8016426,0.016609102
1383,0.06719593,0.0837201,0.10310619,0.07701939,-0.035910264,0.0067007095
1384,0.7774554,0.18377301,0.26646864,0.19233227,0.51098675,-0.008559257
1385,0.20149347,0.04825925,0.18616842,0.11937676,0.0153250545,-0.07111751
1386,0.139436,0.046065055,0.07278494,0.046404127,0.06665107,-0.0003390722
1387,0.79737705,0.16076618,0.2686203,0.17426613,0.52875674,-0.013499945
1388,1.0816725,0.11878885,0.17163576,0.12363991,0.9100368,-0.004851058
1389,0.01999645,-0.020814255,0.037996273,0.02462113,-0.017999824,-0.045435384
1390,0.10779434,0.07079873,0.0981473,0.07078746,0.009647034,1.1272728e-05
1391,0.27564153,0.1816069,0.17331702,0.13371871,0.102324516,0.04788819
1392,0.13113247,0.021533877,0.039211318,0.033609286,0.09192115,-0.012075409
1393,0.63657033,0.28690493,0.37996283,0.26246285,0.2566075,0.024442077
1394,0.043964885,0.122540325,0.074294835,0.0447161,-0.03032995,0.07782422
1395,0.9575939,0.22298346,0.32395774,0.24867971,0.6336362,-0.025696248
1396,0.026950093,0.20905097,0.052525006,0.026426597,-0.025574913,0.18262437
1397,0.8070396,0.27808964,0.37353978,0.27187186,0.43349984,0.0062177777
1398,0.5163547,0.18654965,0.2783235,0.20206785,0.23803118,-0.015518203
1399,0.87901795,0.30847335,0.3883784,0.27544716,0.49063954,0.03302619
1400,0.16624628,0.07303357,0.0752109,0.060579024,0.09103538,0.012454547
1401,0.30974343,0.10453326,0.09820193,0.0794252,0.2115415,0.025108062
1402,0.43643332,0.085845016,0.18769674,0.11717974,0.24873658,-0.03133472
1403,1.1217973,0.26308802,0.35993728,0.2798468,0.76186,-0.01675877
1404,0.96911454,0.24517266,0.37670574,0.24334422,0.5924088,0.001828447
1405,0.04290026,0.032030843,0.06919386,0.050733417,-0.026293602,-0.018702574
1406,0.039211195,0.05739604,0.047091857,0.03583422,-0.007880662,0.02156182
1407,0.8954694,0.13772753,0.24966344,0.17445812,0.64580595,-0.036730587
1408,1.2312515,0.33795348,0.4489343,0.30954754,0.78231716,0.028405935
1409,0.932226,0.40321198,0.57743245,0.39534473,0.35479355,0.007867247
1410,0.41011894,0.1391281,0.17454843,0.12430242,0.2355705,0.014825687
1411,0.9025058,0.2052414,0.3398869,0.2295059,0.5626189,-0.0242645
1412,0.7866256,0.15286799,0.27565163,0.17827539,0.510974,-0.025407404
1413,0.75208,0.136846,0.19053495,0.12996492,0.5615451,0.006881088
1414,0.7271207,0.18762249,0.29278898,0.19976416,0.43433172,-0.012141675
1415,0.9641559,0.17600961,0.25928697,0.17869256,0.7048689,-0.002682954
1416,0.20493521,0.08534711,0.10856407,0.082691945,0.09637114,0.0026551634
1417,1.5033233,0.8178616,1.1000402,0.7709137,0.40328312,0.046947896
1418,0.34747657,0.1985469,0.097631596,0.06940098,0.24984497,0.12914592
1419,0.9828685,0.3089579,0.31565064,0.23577712,0.66721785,0.07318078
1420,1.0682648,0.23785034,0.3789011,0.2641069,0.6893637,-0.026256561
1421,1.0848701,0.28015393,0.40148515,0.2907857,0.68338495,-0.01063177
1422,0.38858178,0.13541771,0.1793484,0.13244523,0.20923339,0.0029724836
1423,0.06829229,-0.01120729,0.048701104,0.031145958,0.019591186,-0.04235325
1424,0.13548067,0.013020785,0.05858572,0.040305544,0.076894954,-0.02728476
1425,0.72714895,0.121246375,0.1941844,0.14057502,0.5329646,-0.019328646
1426,0.8483179,0.24563153,0.32770774,0.21585983,0.5206102,0.0297717
1427,1.1103032,0.21274143,0.30385888,0.20032324,0.8064443,0.012418196
1428,0.61899334,0.22206344,0.29287612,0.19896166,0.32611722,0.023101777
1429,0.009663036,-0.0016915073,0.023270639,0.017965838,-0.013607603,-0.019657345
1430,1.2685924,0.12485303,0.17643045,0.11739006,1.0921619,0.007462971
1431,0.1636752,0.119794615,0.12621179,0.0979119,0.03746341,0.021882713
1432,1.1412619,0.27830872,0.31097996,0.22826949,0.830282,0.05003923
1433,1.0740174,0.24546777,0.31552935,0.22739263,0.75848806,0.018075138
1434,0.3889633,0.07615977,0.114083216,0.084639214,0.2748801,-0.008479446
1435,1.1572486,0.40739703,0.47451222,0.3433661,0.6827364,0.064030945
1436,0.5155446,0.11164507,0.13163434,0.092631,0.38391024,0.019014075
1437,0.4735923,0.053942103,0.12182977,0.07294475,0.35176253,-0.01900265
1438,0.73336965,0.27920306,0.39481378,0.28472883,0.33855587,-0.005525768
1439,0.781233,0.2506146,0.32355258,0.21621576,0.45768043,0.034398854
1440,1.4500966,0.0737675,0.18208158,0.13195786,1.268015,-0.05819036
1441,0.17806867,0.08273918,0.0922639,0.06641052,0.08580477,0.016328663
1442,0.25544527,0.06269621,0.07226652,0.047761973,0.18317875,0.014934238
1443,1.0347021,0.25886622,0.28615063,0.20011961,0.7485514,0.058746606
1444,0.0010298504,0.008508003,0.012433141,0.0039698975,-0.011403291,0.004538106
1445,1.3546765,0.22392584,0.3852209,0.26633483,0.9694556,-0.042408988
1446,0.8118645,0.29004055,0.41230938,0.25655708,0.39955512,0.033483475
1447,0.103716545,0.0506503,0.07011907,0.049866274,0.033597477,0.0007840246
1448,0.030069426,0.036121625,0.04173873,0.02331033,-0.011669304,0.012811296
1449,1.1234348,0.22100934,0.32083324,0.21359986,0.8026016,0.007409483
1450,0.20385939,0.09062345,0.12227252,0.0885865,0.08158687,0.0020369515
1451,0.8259229,0.18081243,0.2753105,0.19071639,0.55061245,-0.0099039525
1452,0.81533253,0.21852787,0.3129764,0.22871557,0.5023562,-0.0101877
1453,0.38307413,0.13045657,0.13971664,0.10143315,0.2433575,0.029023416
1454,1.2083212,0.288373,0.40484706,0.28819597,0.8034742,0.0001770258
1455,0.031182218,0.035813008,0.034302153,0.0156618,-0.0031199344,0.020151207
1456,1.0565603,0.31856492,0.42924005,0.31719494,0.62732023,0.001369983
1457,0.047555663,0.1577286,0.049362373,0.038185038,-0.0018067099,0.11954356
1458,0.89672107,0.235248,0.33938354,0.2274914,0.5573375,0.0077566057
1459,0.32508594,0.11492725,0.18609864,0.13422504,0.1389873,-0.019297794
1460,0.91231257,0.25543103,0.376273,0.27070653,0.5360396,-0.015275508
1461,0.28278866,0.055195495,0.09035655,0.05312032,0.1924321,0.0020751767
1462,0.49158743,0.15925512,0.17010687,0.1251007,0.32148057,0.034154415
1463,0.1435326,0.13864595,0.039964907,0.027636236,0.1035677,0.11100971
1464,1.2070823,0.28220916,0.36107454,0.25376782,0.8460077,0.02844134
1465,0.94102544,0.23027544,0.2781027,0.20839465,0.66292274,0.02188079
1466,0.37178403,0.14466776,0.12406107,0.090197474,0.24772295,0.054470286
1467,0.3643956,0.13779524,0.1214796,0.08681042,0.24291599,0.050984822
1468,1.0539858,0.18656924,0.28652614,0.1971774,0.7674597,-0.010608152
1469,0.18646894,0.18902905,0.05470036,0.046086855,0.13176858,0.14294219
1470,0.18522593,0.039036103,0.054923806,0.041555118,0.13030213,-0.0025190152
1471,0.35824627,0.0009206965,0.076694824,0.04243927,0.28155145,-0.041518573
1472,0.3221877,0.14533085,0.1859312,0.11969672,0.13625649,0.025634125
1473,1.3585507,0.20084217,0.33912954,0.22269323,1.0194211,-0.021851063
1474,0.7503468,0.094383456,0.15377207,0.1131486,0.5965747,-0.018765144
1475,0.03991786,-0.035451945,0.02226315,0.013692474,0.01765471,-0.049144417
1476,0.3679507,0.1000015,0.13678555,0.09434076,0.23116516,0.0056607425
1477,-0.038105812,0.13541132,0.012149931,0.0049853353,-0.050255742,0.13042599
1478,0.0010535707,-0.054886058,0.015588459,0.007116814,-0.014534888,-0.06200287
1479,0.13725859,0.03678939,0.053169705,0.034986608,0.084088884,0.0018027835
1480,1.1588238,0.21004042,0.316725,0.19287232,0.84209883,0.017168105
1481,0.5734319,0.039106507,0.048634686,0.037025858,0.5247972,0.0020806491
1482,0.17500533,0.04785384,0.11979838,0.07403133,0.055206954,-0.026177492
1483,0.6658526,0.297001,0.31777886,0.22981726,0.34807375,0.06718375
1484,0.5363703,0.18707809,0.21015601,0.15309738,0.32621425,0.033980712
1485,0.11358323,0.041761734,0.07626088,0.04578325,0.03732235,-0.004021518
1486,0.16743937,0.12525053,0.13919403,0.102728814,0.028245345,0.02252172
1487,1.0813278,0.3712419,0.48367497,0.32846573,0.5976528,0.042776167
1488,0.027169231,-0.0122337155,0.049057614,0.03470028,-0.021888383,-0.046933994
1489,1.0197498,0.23185799,0.40826073,0.26841724,0.61148906,-0.036559254
1490,0.1309501,0.043780614,0.044869266,0.031067608,0.08608083,0.012713006
1491,0.44212854,0.27674973,0.17933458,0.13099557,0.26279396,0.14575416
1492,0.62204313,0.19543463,0.32518005,0.21333668,0.29686308,-0.017902046
1493,1.1105536,0.20169163,0.23445567,0.17579617,0.8760979,0.025895461
1494,0.29011503,0.16949931,0.17279099,0.118098505,0.11732404,0.051400803
1495,-0.0026490514,-0.01303144,0.02614179,0.01446048,-0.028790843,-0.02749192
1496,0.14400056,0.03695647,0.08849925,0.05607155,0.055501312,-0.01911508
1497,0.5004249,0.12632102,0.22625738,0.15129533,0.27416754,-0.024974316
1498,0.32225063,0.10501188,0.13307306,0.096152395,0.18917757,0.008859485
1499,1.2320164,0.31168813,0.44135106,0.28913203,0.7906654,0.022556096
1500,0.8560622,0.20988555,0.2686261,0.19801475,0.5874361,0.011870801
1501,0.06672451,0.13949654,0.024959043,0.019493263,0.041765466,0.12000327
1502,0.68345106,0.10926831,0.22437578,0.1509426,0.45907527,-0.041674286
1503,1.0582222,0.25682896,0.40769836,0.28450388,0.6505238,-0.027674913
1504,0.7871299,0.21538895,0.2646086,0.16817622,0.52252126,0.047212735
1505,0.9107848,0.15312305,0.32408655,0.19517994,0.58669823,-0.04205689
1506,1.4150883,0.6094756,0.79832643,0.5591922,0.61676186,0.050283432
1507,1.0439312,0.12156259,0.22325535,0.14681624,0.8206759,-0.025253646
1508,0.1517913,0.13764678,0.11290785,0.09236313,0.038883455,0.045283653
1509,0.14148805,0.10877055,0.09825556,0.07887727,0.043232486,0.02989328
1510,0.9245695,0.18191056,0.23802653,0.15949656,0.686543,0.022413999
1511,1.4898849,0.4992269,0.58421105,0.3783763,0.9056738,0.12085059
1512,0.7956573,0.25109026,0.29603302,0.21106309,0.49962425,0.04002717
1513,0.73534656,0.17556155,0.26834646,0.1982315,0.4670001,-0.022669956
1514,0.69359183,0.22914186,0.38086239,0.24141602,0.31272945,-0.012274161
1515,0.20486826,0.11194436,0.11478246,0.07150842,0.0900858,0.04043594
1516,0.2444075,0.096002236,0.11766121,0.08043934,0.1267463,0.015562899
1517,0.7643736,0.24483953,0.28779086,0.20108694,0.47658274,0.043752596
1518,0.8459217,0.15963648,0.25368202,0.17109495,0.5922397,-0.011458471
1519,0.3853513,0.03546275,0.13796312,0.08738824,0.24738818,-0.05192549
1520,0.19934529,0.03267868,0.078659326,0.04711084,0.120685965,-0.014432162
1521,0.89501166,0.2715238,0.37462822,0.2507975,0.5203835,0.020726293
1522,0.6100375,0.06610819,0.14368019,0.08977786,0.46635732,-0.023669668
1523,0.073502116,0.08790973,0.035317685,0.028568024,0.03818443,0.059341706
1524,0.228081,0.047771443,0.080513455,0.05400373,0.14756754,-0.0062322877
1525,0.96682155,0.1433208,0.22466646,0.15064643,0.7421551,-0.0073256344
1526,0.16360122,0.017581059,0.049220074,0.036641464,0.11438115,-0.019060405
1527,1.1323905,0.23289101,0.33208326,0.22977121,0.8003073,0.0031197965
1528,0.09587666,0.05145036,0.047638506,0.033912215,0.04823815,0.017538145
1529,0.87566453,0.25069934,0.42922583,0.27663508,0.4464387,-0.02593574
1530,0.70161754,0.30181798,0.352767,0.28125927,0.34885055,0.020558715
1531,0.98358417,0.22354573,0.35360527,0.23932983,0.6299789,-0.0157841
1532,0.88950306,0.1626062,0.20374122,0.13583836,0.6857618,0.026767835
1533,0.21217021,0.024741706,0.055510774,0.042087004,0.15665944,-0.017345298
1534,1.1466794,0.28046983,0.42108864,0.30512127,0.72559077,-0.024651438
1535,0.15703677,0.046679713,0.05391048,0.04071145,0.10312629,0.0059682615
1536,0.9081456,0.26680744,0.39865762,0.24957754,0.509488,0.0172299
1537,0.030517135,0.056071725,0.036556922,0.027245156,-0.006039787,0.028826568
1538,0.15076657,0.076753326,0.080418825,0.058532216,0.07034774,0.01822111
1539,0.8121993,0.24071302,0.32360867,0.23493439,0.48859063,0.0057786256
1540,0.019041182,-0.01815927,0.04107361,0.024039084,-0.022032427,-0.042198353
1541,0.6956625,0.1309748,0.23988712,0.16065906,0.45577538,-0.02968426
1542,0.38311657,0.013494991,0.088860005,0.051089272,0.29425657,-0.03759428
1543,0.1723958,0.05662941,0.045846615,0.032001153,0.12654918,0.024628256
1544,0.34963173,0.113896444,0.13695711,0.1128129,0.21267462,0.0010835454
1545,0.24799511,0.07135142,0.08143852,0.05800138,0.1665566,0.013350036
1546,0.3205293,0.10609175,0.13418844,0.09690389,0.18634087,0.009187862
1547,0.67320704,0.18362609,0.20291494,0.14506473,0.4702921,0.03856136
1548,0.6571464,0.2573308,0.27070954,0.2048036,0.38643685,0.052527204
1549,1.3442354,0.32690632,0.4981846,0.342215,0.84605086,-0.015308678
1550,1.301659,0.28661352,0.41959453,0.3081153,0.88206446,-0.02150178
1551,0.8127709,0.38254407,0.43711242,0.3382529,0.37565848,0.04429117
1552,0.9267293,0.21565285,0.28790873,0.21950951,0.6388206,-0.003856659
1553,0.8280585,0.20795219,0.37890962,0.24105269,0.44914886,-0.0331005
1554,0.9648558,0.22304457,0.3183604,0.23925371,0.6464954,-0.01620914
1555,0.13942762,0.110865735,0.101762466,0.075599104,0.03766515,0.03526663
1556,0.1542437,0.053144414,0.067632355,0.046046514,0.08661134,0.0070979
1557,0.62599,0.21867335,0.3346389,0.23609857,0.29135108,-0.017425224
1558,0.7569189,0.22199334,0.3811348,0.26306552,0.3757841,-0.041072175
1559,0.18366711,0.03607486,0.04006392,0.03125629,0.14360319,0.00481857
1560,1.1337345,0.28064367,0.46121436,0.28617296,0.6725201,-0.0055292845
1561,0.37867993,0.07565466,0.1420643,0.08826617,0.23661563,-0.012611508
1562,-0.03933574,0.0041585746,0.0041917027,0.004950286,-0.043527443,-0.00079171127
1563,0.1076844,-0.0061464035,0.05213438,0.030688021,0.055550024,-0.036834426
1564,0.027165953,-0.007676277,0.055999562,0.03951674,-0.02883361,-0.047193017
1565,0.4685568,0.15420026,0.20354283,0.13976075,0.26501396,0.014439508
1566,0.04747564,-0.07185799,0.012620824,0.005339289,0.034854814,-0.077197276
1567,0.032373272,0.094672084,0.017605016,0.014978528,0.014768256,0.079693556
1568,0.111384615,0.015037327,0.07472901,0.055346414,0.036655605,-0.040309086
1569,0.97135115,0.34739503,0.42939895,0.32736924,0.5419522,0.02002579
1570,1.6478926,0.30865383,0.4941929,0.31878862,1.1536996,-0.010134786
1571,0.82224673,0.32738584,0.37530595,0.27537295,0.44694078,0.05201289
1572,0.74916154,0.16231327,0.2787776,0.17407677,0.47038394,-0.011763498
1573,0.121505596,-0.037877563,0.02737113,0.014824063,0.094134465,-0.052701626
1574,0.6822118,0.20784798,0.2670969,0.18147255,0.4151149,0.026375428
1575,0.45098227,0.17911817,0.25346836,0.18366975,0.19751391,-0.0045515746
1576,1.049721,0.2652365,0.31442326,0.2322915,0.73529774,0.032944992
1577,0.14766525,0.0026501077,0.024146786,0.01834356,0.12351846,-0.015693452
1578,0.041812632,0.03890857,0.036841024,0.027453959,0.0049716085,0.011454612
1579,0.39493084,0.1368561,0.22529903,0.14988548,0.16963181,-0.013029382
1580,0.42555732,0.15141454,0.16309781,0.09909534,0.26245952,0.052319206
1581,0.6983539,0.25429025,0.23499058,0.1677052,0.4633633,0.08658506
1582,0.77828467,0.2748976,0.32654,0.24217975,0.45174468,0.032717854
1583,0.82052284,0.2350891,0.27591705,0.1926908,0.5446058,0.04239829
1584,0.9944306,0.21652907,0.26780862,0.18077086,0.726622,0.035758212
1585,0.09815971,0.15654725,0.092043675,0.06421553,0.0061160326,0.092331715
1586,0.52784973,0.10122393,0.16830398,0.12351202,0.35954577,-0.022288091
1587,0.1796024,0.088307396,0.109656364,0.08136573,0.069946036,0.0069416687
1588,0.77854526,0.24410085,0.326314,0.21439739,0.45223126,0.029703468
1589,0.40422085,0.11522751,0.17992313,0.11585654,0.22429772,-0.00062903017
1590,0.38476396,0.16541907,0.14665489,0.107725814,0.23810907,0.057693258
1591,1.3978661,0.24973948,0.43572426,0.30231673,0.9621419,-0.052577242
1592,0.66828954,0.2296051,0.33916762,0.23066162,0.32912192,-0.0010565221
1593,0.61299545,0.20218728,0.20458052,0.14717372,0.40841493,0.055013567
1594,1.3806357,0.36315206,0.48873523,0.3622645,0.89190054,0.00088754296
1595,1.0356339,0.25372252,0.2959583,0.22581314,0.73967564,0.027909383
1596,-0.00398976,0.025547849,0.04054751,0.03359005,-0.04453727,-0.0080422
1597,1.2040038,0.36681473,0.4099381,0.2992362,0.7940657,0.067578524
1598,-0.026641464,-0.06046606,0.008878221,0.0008127598,-0.035519686,-0.06127882
1599,0.275258,0.0730522,0.104618,0.077801526,0.17064,-0.004749328
1600,0.9889562,0.28007486,0.38178268,0.26571646,0.60717356,0.014358401
1601,0.97817457,0.2628286,0.32396576,0.23519531,0.6542088,0.02763328
1602,0.038765006,0.060965456,0.0691878,0.054520063,-0.030422792,0.006445393
1603,0.20229118,0.040646303,0.06893555,0.04372215,0.13335562,-0.0030758455
1604,0.21531618,0.050641235,0.11985754,0.068348825,0.095458634,-0.01770759
1605,0.122183,0.08046425,0.066327594,0.049844816,0.05585541,0.030619435
1606,0.8949974,0.28591037,0.26470414,0.19644064,0.63029325,0.08946973
1607,0.6590506,0.25668126,0.31744695,0.22490792,0.34160364,0.031773344
1608,0.6692679,0.1378474,0.20934078,0.14481148,0.4599271,-0.0069640875
1609,1.1415544,0.3461489,0.45833373,0.34309635,0.6832206,0.0030525625
1610,0.8780722,0.25639448,0.3193032,0.22950831,0.558769,0.026886165
1611,0.83814925,0.18734722,0.3253747,0.1991353,0.5127746,-0.011788085
1612,0.8014935,0.24884038,0.39583752,0.27059582,0.405656,-0.021755442
1613,0.21045288,0.07559194,0.14099967,0.08789855,0.06945321,-0.012306616
1614,0.30851293,0.06782237,0.09524174,0.06361094,0.21327119,0.004211426
1615,0.8751386,0.3053147,0.38861492,0.29042456,0.48652366,0.014890134
1616,0.19750364,-0.004900819,0.076461464,0.047247693,0.12104218,-0.052148513
1617,0.12420488,0.048389245,0.04000618,0.03048315,0.0841987,0.017906094
1618,1.036485,0.22476442,0.3045318,0.21859434,0.73195314,0.006170079
1619,0.3177302,0.099446006,0.1416646,0.10925606,0.1760656,-0.009810053
1620,1.0321918,0.3762647,0.38932335,0.2738659,0.6428684,0.10239878
1621,0.9646397,0.34011945,0.5274892,0.34143898,0.43715054,-0.0013195276
1622,0.5375022,0.14716978,0.23685178,0.14985555,0.30065045,-0.0026857704
1623,1.2913096,0.2811531,0.3397601,0.21486624,0.95154953,0.06628688
1624,0.42420077,0.19882233,0.20843545,0.15281507,0.21576533,0.04600726
1625,0.9527591,0.24737646,0.37230864,0.24532089,0.5804504,0.0020555705
1626,1.0561064,0.25532514,0.4081062,0.25351343,0.64800024,0.001811713
1627,0.36168405,0.14982764,0.15584904,0.103705786,0.20583501,0.046121858
1628,0.15177633,0.10310707,0.11180996,0.08625411,0.039966367,0.01685296
1629,1.2967232,0.34144127,0.44115794,0.30211943,0.8555653,0.03932184
1630,0.20877843,0.0665402,0.12769306,0.08554246,0.08108537,-0.019002266
1631,0.2205812,0.11359108,0.15098429,0.10540188,0.06959692,0.008189201
1632,0.046099607,0.036725,0.037884127,0.02670155,0.00821548,0.010023449
1633,0.06510973,0.006187833,0.070709154,0.047380414,-0.0055994242,-0.04119258
1634,0.54327166,0.119397126,0.25581226,0.15091473,0.2874594,-0.031517603
1635,0.1896593,-0.021855853,0.040489983,0.029513897,0.14916931,-0.05136975
1636,0.09334762,0.068638146,0.034238577,0.025324376,0.05910904,0.04331377
1637,1.1810963,0.19340563,0.22451757,0.15895717,0.95657873,0.03444846
1638,0.06845041,0.045252264,0.04392642,0.03339175,0.024523992,0.011860512
1639,0.53929293,0.1468935,0.22032695,0.15866087,0.31896597,-0.0117673725
1640,0.86140436,0.23683386,0.2829817,0.19895178,0.57842267,0.037882075
1641,0.10499804,0.05597434,0.06288158,0.047461748,0.042116456,0.00851259
1642,0.056514353,0.047092143,0.020100422,0.015530621,0.03641393,0.031561524
1643,0.6181567,0.2508666,0.23689787,0.17890303,0.3812588,0.07196356
1644,0.8197012,0.28365082,0.408988,0.2894171,0.4107132,-0.0057662725
1645,0.7614096,0.22346331,0.32958382,0.23188831,0.43182576,-0.008424997
1646,0.14412236,-0.017539725,0.054940253,0.035793863,0.08918211,-0.053333588
1647,0.9857786,0.13301976,0.21697012,0.1520086,0.7688085,-0.018988833
1648,0.72024316,0.23260166,0.26575023,0.18288872,0.45449293,0.04971294
1649,0.03849417,-0.032378543,0.030846156,0.013493639,0.0076480135,-0.04587218
1650,0.6646369,0.28256825,0.31341848,0.20481223,0.35121843,0.07775602
1651,0.04879817,0.02352107,0.02612082,0.017948914,0.02267735,0.005572155
1652,0.7103713,0.23212795,0.35098553,0.23474903,0.3593858,-0.0026210845
1653,0.74264824,0.20021938,0.2457358,0.19113876,0.49691245,0.009080619
1654,0.5406727,0.1426421,0.2263126,0.15990426,0.31436014,-0.01726216
1655,0.1808214,0.019912632,0.07873291,0.0590298,0.102088496,-0.039117165
1656,0.80145216,0.25187966,0.2985248,0.19451524,0.50292736,0.05736442
1657,0.6168556,0.117281206,0.16316003,0.12169041,0.4536956,-0.0044092014
1658,0.06871338,-0.013698113,0.07414275,0.042135507,-0.0054293647,-0.05583362
1659,0.4625499,0.116152406,0.16428797,0.10765842,0.29826194,0.008493982
1660,0.9064742,0.19285521,0.25836894,0.18882076,0.64810526,0.0040344447
1661,0.2931461,0.13921693,0.19592927,0.14352456,0.09721683,-0.0043076277
1662,0.80887055,0.22463512,0.29683748,0.21366884,0.5120331,0.010966286
1663,0.7525638,0.29152682,0.3041567,0.22973196,0.44840708,0.061794862
1664,1.2053475,0.26359448,0.37521023,0.27406353,0.8301373,-0.010469049
1665,0.5550334,0.16030511,0.21889973,0.15257336,0.33613366,0.0077317506
1666,1.2038342,0.26833194,0.4001173,0.26149243,0.8037169,0.006839514
1667,0.9416609,0.24963154,0.40950367,0.27822122,0.5321572,-0.02858968
1668,0.8878263,0.30389184,0.42342728,0.30430913,0.46439904,-0.00041729212
1669,0.362196,0.14954689,0.12177872,0.100291796,0.24041727,0.049255095
1670,0.5653904,0.06245642,0.09574765,0.07267013,0.46964276,-0.01021371
1671,1.0891911,0.27096966,0.28325438,0.18609373,0.8059367,0.08487593
1672,0.86168325,0.16527672,0.2202994,0.16594869,0.6413839,-0.00067196786
1673,0.26184016,0.06315379,0.07493786,0.05385409,0.18690231,0.009299699
1674,0.6437906,0.14287347,0.11647338,0.08224875,0.5273172,0.06062472
1675,0.2431302,0.18143879,0.04469762,0.031623412,0.1984326,0.14981538
1676,0.78933895,0.20330656,0.27421576,0.19218819,0.5151232,0.011118367
1677,0.24748944,0.16736619,0.09993009,0.06712219,0.14755934,0.100244
1678,0.3285788,0.12411198,0.21551652,0.14682736,0.11306228,-0.022715375
1679,0.16049238,0.08767628,0.03452632,0.021744328,0.12596606,0.06593195
1680,0.9421296,0.15146431,0.22637941,0.15234575,0.7157502,-0.0008814335
1681,0.52455837,0.16722392,0.251596,0.18221217,0.27296236,-0.0149882585
1682,0.63743603,0.21292399,0.23774892,0.17159742,0.3996871,0.041326568
1683,0.079364434,0.04630227,0.059674855,0.036580186,0.019689579,0.009722084
1684,1.2859302,0.20560038,0.30331963,0.21269593,0.9826105,-0.0070955455
1685,-0.032147836,0.017145623,0.01943777,0.013278007,-0.051585607,0.003867616
1686,0.67932147,0.25127172,0.28041115,0.20601878,0.3989103,0.04525295
1687,0.6056883,0.12702857,0.14728524,0.09928979,0.45840305,0.02773878
1688,0.71771437,0.14169443,0.17940834,0.12526578,0.538306,0.01642865
1689,0.5279968,0.15156692,0.2077202,0.15301648,0.32027656,-0.0014495552
1690,0.6983285,0.1769773,0.21761265,0.1625849,0.48071584,0.014392406
1691,1.2489398,0.4564289,0.5475514,0.38672382,0.70138836,0.06970507
1692,0.8798385,0.26794615,0.3517425,0.22362874,0.528096,0.04431741
1693,-0.050200745,0.12484327,0.0076443898,-0.000698283,-0.057845134,0.12554155
1694,0.31552362,0.116525255,0.11434357,0.09292561,0.20118006,0.023599647
1695,0.5980758,0.17990886,0.15577348,0.08450497,0.44230235,0.09540389
1696,0.927002,0.25427005,0.31456202,0.22601768,0.61244,0.028252363
1697,0.64649487,0.22268772,0.31918365,0.23437805,0.32731122,-0.0116903335
1698,0.21857874,0.074672535,0.058325678,0.035930876,0.16025306,0.03874166
1699,0.2241458,0.086575605,0.120180264,0.083262876,0.103965536,0.0033127293
1700,1.2544439,0.16307232,0.24969167,0.1858189,1.0047522,-0.022746578
1701,0.41417608,0.092946626,0.13287586,0.0858923,0.28130022,0.007054329
1702,0.19471927,0.05151323,0.07329922,0.05081224,0.12142005,0.0007009879
1703,-0.07616523,-0.0047686766,0.033394977,0.022798672,-0.10956021,-0.02756735
1704,-0.017565079,-0.038639568,0.01562884,0.007543945,-0.03319392,-0.04618351
1705,0.3281082,0.105550446,0.15768008,0.09558318,0.17042811,0.0099672675
1706,0.19691601,0.004633837,0.06315784,0.04243609,0.13375817,-0.037802253
1707,0.35972387,0.114646345,0.14689447,0.09896933,0.2128294,0.015677013
1708,0.97036827,0.23471572,0.3787795,0.26599056,0.59158874,-0.03127484
1709,0.24423985,0.10358403,0.14847097,0.11555281,0.095768884,-0.011968784
1710,0.14270774,0.13394646,0.10254345,0.06991825,0.040164284,0.06402821
1711,0.79484975,0.16309157,0.28128597,0.17608553,0.51356375,-0.012993962
1712,0.38416788,0.11505937,0.14534438,0.1113622,0.2388235,0.0036971718
1713,-0.014380176,0.10522509,0.018112885,0.0074216696,-0.032493062,0.09780342
1714,0.20629093,0.07405465,0.10080337,0.07713883,0.10548756,-0.0030841827
1715,0.09437871,0.062155906,0.059997443,0.04571654,0.034381267,0.016439367
1716,0.13555877,0.063731305,0.064688556,0.04443693,0.07087021,0.019294374
1717,0.794404,0.17864035,0.2797221,0.17147169,0.5146819,0.0071686655
1718,0.2633529,0.045375776,0.095121406,0.057236183,0.16823149,-0.011860408
1719,0.05822041,-0.019306833,0.029648952,0.017311059,0.028571457,-0.03661789
1720,0.90245885,0.30445063,0.39670727,0.27983022,0.5057516,0.024620414
1721,0.19563651,0.024817051,0.059745833,0.0472577,0.13589068,-0.022440648
1722,0.846307,0.16234294,0.20581152,0.14788796,0.6404955,0.014454976
1723,0.68376595,0.12715495,0.181231,0.12793086,0.5025349,-0.00077591836
1724,-0.008653699,0.16777569,0.06522531,0.04039723,-0.07387901,0.12737846
1725,0.79281443,0.2546879,0.3395468,0.24202508,0.45326763,0.012662828
1726,0.63155717,0.13077454,0.24139316,0.16537502,0.39016402,-0.03460048
1727,0.7002057,0.17090243,0.28607628,0.17638531,0.4141294,-0.0054828823
1728,0.910448,0.09762632,0.18511482,0.14168915,0.7253332,-0.04406283
1729,1.1535368,0.18716381,0.25704008,0.18125412,0.8964967,0.005909696
1730,0.8315923,0.236321,0.31439403,0.23055129,0.5171983,0.0057697147
1731,0.4324047,0.048971444,0.1383472,0.08941391,0.2940575,-0.040442467
1732,1.311077,0.19574307,0.3883593,0.26965332,0.9227177,-0.07391025
1733,0.17097814,0.06282085,0.058452975,0.0428057,0.112525165,0.02001515
1734,0.23000075,0.010761941,0.09268241,0.060984623,0.13731834,-0.05022268
1735,0.91106975,0.23387706,0.3224342,0.20131846,0.58863556,0.032558605
1736,0.83449745,0.11993955,0.22900671,0.14796029,0.60549074,-0.02802074
1737,0.7432914,0.25561154,0.32319692,0.22816034,0.42009446,0.027451202
1738,1.1175871,0.26655343,0.33388656,0.24394159,0.7837005,0.022611842
1739,0.10346972,0.019931871,0.038900618,0.02652578,0.0645691,-0.006593909
1740,0.25098178,0.09383213,0.10261461,0.080544904,0.14836717,0.013287224
1741,0.07621483,0.061849866,0.04254235,0.029416041,0.033672478,0.032433823
1742,1.072305,0.19925709,0.29795358,0.21127667,0.77435136,-0.012019575
1743,0.32682052,0.09809357,0.13515301,0.10955905,0.19166751,-0.011465482
1744,0.65634006,0.15155834,0.20410022,0.15855455,0.45223984,-0.0069962144
1745,0.3637996,0.016733265,0.07641005,0.054230012,0.28738955,-0.037496746
1746,0.98408735,0.47009984,0.6578841,0.4605733,0.32620323,0.009526551
1747,0.29802394,0.15289967,0.092649005,0.06298502,0.20537493,0.08991465
1748,0.18569906,0.09381337,0.116158955,0.08631177,0.069540106,0.0075015947
1749,0.5131545,0.11560874,0.17865111,0.12461506,0.3345034,-0.009006321
1750,0.049248453,0.014860107,0.05117832,0.036032047,-0.001929868,-0.02117194
1751,0.8447446,0.1769007,0.21960728,0.1617555,0.6251373,0.0151451975
1752,0.7937033,0.21129872,0.27602988,0.20313673,0.51767343,0.008161992
1753,1.0450727,0.14631169,0.14718714,0.105151765,0.89788556,0.04115992
1754,1.0108408,0.24396151,0.4609049,0.279369,0.5499359,-0.035407484
1755,0.34140587,0.121440716,0.12684172,0.09472313,0.21456414,0.026717588
1756,0.16543998,0.015921822,0.07602123,0.047129966,0.08941875,-0.031208145
1757,0.6520101,0.08345902,0.19296032,0.113877155,0.45904976,-0.030418135
1758,0.7664304,0.10501283,0.14227583,0.106007464,0.62415457,-0.0009946376
1759,0.13061772,0.021299139,0.086086705,0.058375984,0.044531018,-0.037076846
1760,1.2179046,0.23941787,0.32981503,0.20818241,0.88808954,0.031235456
1761,0.12934169,-0.0072782286,0.04484793,0.028667176,0.08449376,-0.035945404
1762,0.7890791,0.2610861,0.37586558,0.26518425,0.41321355,-0.004098147
1763,0.05726927,0.08160352,0.050630435,0.03486148,0.006638836,0.04674204
1764,0.82869446,0.22139218,0.34903252,0.25222576,0.47966194,-0.030833572
1765,1.0194589,0.32975128,0.4640615,0.3415963,0.5553974,-0.011845022
1766,0.6395065,0.20692027,0.267389,0.1989405,0.37211752,0.007979766
1767,0.84378666,0.22957133,0.35028952,0.25899997,0.49349713,-0.029428646
1768,1.286314,0.18794292,0.2495053,0.18313521,1.0368087,0.0048077106
1769,0.33785987,0.2069774,0.20174365,0.13248469,0.13611622,0.07449271
1770,0.17313404,0.090445206,0.11110477,0.0812147,0.062029272,0.009230502
1771,1.0784433,0.23392536,0.27435496,0.20697397,0.80408835,0.026951388
1772,0.15766385,0.14036535,0.0989857,0.059188604,0.05867815,0.08117674
1773,0.55545974,0.18235134,0.21627761,0.15713015,0.33918214,0.025221184
1774,0.095823534,0.01074491,0.060711294,0.04017752,0.03511224,-0.02943261
1775,0.46772283,0.15502313,0.22700807,0.15772967,0.24071476,-0.0027065426
1776,0.95582074,0.27301967,0.44579494,0.28178534,0.5100258,-0.008765668
1777,0.95378846,0.20049618,0.2800566,0.19577359,0.67373186,0.004722595
1778,0.6325458,0.19575696,0.27801898,0.21433508,0.35452685,-0.018578127
1779,0.9393502,0.33764628,0.47487304,0.32433185,0.46447715,0.013314426
1780,0.024602363,0.014223452,0.035569515,0.022788456,-0.010967152,-0.008565004
1781,0.12265149,0.032404333,0.05605802,0.03170272,0.06659347,0.0007016137
1782,0.22575006,0.036094125,0.03317142,0.028277002,0.19257864,0.007817123
1783,0.17811386,0.09983034,0.11966299,0.09660621,0.05845087,0.003224127
1784,1.1282119,0.15629908,0.31484538,0.18891877,0.8133665,-0.032619685
1785,0.057640307,0.11618706,0.038649946,0.023315405,0.01899036,0.09287165
1786,1.1596036,0.22650626,0.26481044,0.201858,0.89479315,0.024648264
1787,0.060484037,0.07528394,0.07147511,0.055294804,-0.010991074,0.019989133
1788,-0.007687302,0.09679377,0.021537924,0.014181701,-0.029225226,0.08261207
1789,1.1397512,0.30692983,0.4658078,0.28661215,0.6739434,0.020317674
1790,1.0464281,0.42183647,0.5023777,0.38463792,0.5440504,0.037198544
1791,0.22229141,0.06971426,0.058906507,0.049282227,0.1633849,0.020432036
1792,0.53846276,0.17690465,0.24695452,0.18733288,0.29150826,-0.010428235
1793,0.48671445,0.1369877,0.17511757,0.12498396,0.31159687,0.012003742
1794,0.47978878,0.15266258,0.102660276,0.07991405,0.3771285,0.07274853
1795,0.50128466,0.17328677,0.25218078,0.19130014,0.24910387,-0.018013373
1796,0.50711644,0.10287302,0.18194729,0.11366119,0.32516915,-0.0107881725
1797,1.0468221,0.43900463,0.5315095,0.42449188,0.51531255,0.0145127475
1798,0.05211856,0.12043065,0.03861844,0.029368544,0.013500117,0.091062106
1799,0.28991795,0.022840641,0.03790507,0.03053522,0.25201288,-0.007694578
1800,0.24344611,0.18102944,0.13908379,0.10232294,0.104362324,0.078706495
1801,0.3234675,0.13465194,0.17987508,0.13998643,0.14359242,-0.0053344816
1802,0.7474522,0.19658078,0.28714994,0.18752661,0.46030226,0.009054169
1803,1.1186467,0.27224326,0.40703815,0.283208,0.7116086,-0.010964751
1804,0.7066176,0.18638848,0.2664107,0.1798258,0.4402069,0.00656268
1805,0.13698967,0.017383719,0.10520819,0.06895371,0.03178148,-0.05156999
1806,1.0162334,0.23318748,0.23832636,0.15606289,0.7779071,0.077124596
1807,0.7291539,0.22599222,0.27022162,0.19885948,0.45893225,0.027132735
1808,0.5232198,0.16501151,0.2232649,0.15467995,0.29995492,0.010331556
1809,1.1643795,0.3330603,0.465844,0.33865088,0.69853544,-0.005590588
1810,0.9891692,0.17040266,0.2387433,0.17399095,0.7504259,-0.003588289
1811,0.98546255,0.23153134,0.38415694,0.24582087,0.6013056,-0.014289528
1812,0.17229396,0.17309894,0.108256176,0.07468778,0.064037785,0.09841116
1813,0.96638495,0.25902477,0.22513889,0.15427522,0.74124604,0.104749545
1814,1.2080877,0.28551376,0.47738597,0.31054884,0.7307017,-0.025035083
1815,0.95978975,0.28985068,0.4004032,0.27705973,0.55938655,0.012790948
1816,1.0237203,0.24382704,0.38381806,0.26300707,0.63990223,-0.01918003
1817,0.07588613,0.04795293,0.046385493,0.034528088,0.029500637,0.013424844
1818,0.61224586,0.22860405,0.30520967,0.23159559,0.3070362,-0.0029915422
1819,0.6278257,0.20387807,0.2488021,0.18441677,0.37902358,0.019461304
1820,0.79768074,0.13000026,0.16013266,0.1059346,0.6375481,0.024065666
1821,0.4800146,0.12604345,0.1669142,0.11358762,0.3131004,0.012455836
1822,0.94336003,0.15607476,0.14537065,0.10609603,0.79798937,0.049978733
1823,0.2774925,0.088721424,0.1059179,0.07449645,0.1715746,0.014224976
1824,0.44885677,0.09683097,0.15005028,0.109379314,0.2988065,-0.012548342
1825,1.0701234,0.23545036,0.32647088,0.22059447,0.7436526,0.0148558915
1826,0.25270483,0.10458954,0.15652929,0.08372422,0.09617554,0.020865314
1827,0.5948818,0.23610362,0.291822,0.18346825,0.3030598,0.05263537
1828,0.101634,0.105295576,0.13158217,0.09874563,-0.029948168,0.006549947
1829,0.22407809,0.08690024,0.108545154,0.08185536,0.115532935,0.005044885
1830,-0.0006485915,-0.030842382,0.024054565,0.012656093,-0.024703156,-0.043498475
1831,0.6129228,0.23730184,0.22006,0.16454947,0.3928628,0.07275237
1832,0.84438646,0.14544427,0.20948118,0.15849245,0.6349053,-0.013048172
1833,0.57875574,0.21023136,0.3179462,0.23577628,0.26080954,-0.025544912
1834,0.10909741,0.0028095103,0.059970293,0.045606744,0.04912712,-0.042797234
1835,0.16799794,0.075575195,0.08199543,0.06335092,0.086002514,0.012224272
1836,0.15285629,-0.021482881,0.06496781,0.036433615,0.08788848,-0.057916496
1837,0.9774706,0.3835053,0.4650616,0.3338974,0.512409,0.049607903
1838,0.7294197,0.16766268,0.25046465,0.18079293,0.47895506,-0.013130248
1839,0.08846784,-0.010344891,0.06883356,0.041910954,0.019634277,-0.052255847
1840,0.69935095,0.22791068,0.339318,0.2464778,0.36003295,-0.018567115
1841,0.54038244,0.09974118,0.16016155,0.10982074,0.3802209,-0.010079555
1842,0.7618191,0.24772155,0.2808596,0.20881146,0.48095953,0.03891009
1843,0.3109868,0.09919048,0.15097763,0.10368743,0.16000916,-0.004496947
1844,0.47777873,0.19305748,0.1982552,0.14314145,0.27952355,0.04991603
1845,0.4045866,0.11120622,0.17454432,0.12456846,0.2300423,-0.013362244
1846,0.25961104,0.052628905,0.05622166,0.043373443,0.20338938,0.009255461
1847,0.9197654,0.15909907,0.3072129,0.20788054,0.6125525,-0.04878147
1848,0.40495053,0.10293522,0.116876066,0.074382216,0.28807446,0.028553002
1849,-0.04597734,0.11481236,0.005568622,-0.00046016887,-0.051545963,0.11527253
1850,-0.0011137205,0.004660339,0.025335059,0.017074712,-0.026448779,-0.0124143725
1851,0.19698429,0.078240566,0.09236316,0.074188404,0.104621135,0.004052162
1852,0.2873897,0.09436868,0.11366419,0.08109648,0.17372552,0.0132722035
1853,0.08136638,0.0775543,0.054764282,0.04336584,0.0266021,0.03418846
1854,0.9350379,0.31455272,0.4579374,0.31023648,0.47710052,0.0043162405
1855,1.3157698,0.4148581,0.57108265,0.40995002,0.74468714,0.004908085
1856,0.022458091,-0.021956105,0.037932288,0.021679025,-0.0154741965,-0.04363513
1857,0.21910258,0.18887408,0.1117025,0.07200043,0.107400075,0.11687365
1858,0.5045427,0.118456274,0.186651,0.12742053,0.31789172,-0.008964255
1859,0.78759646,0.20271885,0.28044122,0.2049733,0.50715524,-0.0022544414
1860,0.63291204,0.1583452,0.24526942,0.14450195,0.38764262,0.013843238
1861,0.09342979,0.10204039,0.08025581,0.05591874,0.0131739825,0.04612165
1862,0.8716519,0.204118,0.24154209,0.1612591,0.6301098,0.0428589
1863,0.55282307,0.24260278,0.28346494,0.19267319,0.26935813,0.04992959
1864,0.1574044,0.112203196,0.10331471,0.07062427,0.05408968,0.041578926
1865,0.8306992,0.32261136,0.42898998,0.30451804,0.40170923,0.018093318
1866,0.5174863,0.19764182,0.29001844,0.20420033,0.22746783,-0.0065585077
1867,0.10240954,0.051247023,0.06881104,0.043580104,0.033598505,0.0076669194
1868,0.70539695,0.107445285,0.16558498,0.12882808,0.53981197,-0.021382794
1869,0.23522319,0.1151944,0.10767399,0.08992466,0.1275492,0.02526974
1870,0.5211728,0.13498855,0.25487715,0.17834657,0.26629567,-0.043358028
1871,1.1468631,0.23320822,0.41611254,0.2491692,0.73075056,-0.015960976
1872,0.9957805,0.30206075,0.40260032,0.2751507,0.5931802,0.026910067
1873,0.59111136,0.19969161,0.28068662,0.19929431,0.31042475,0.00039729476
1874,0.47614717,0.07583081,0.10550466,0.076605275,0.3706425,-0.0007744655
1875,0.6392239,0.18690401,0.17734094,0.13240694,0.46188295,0.054497078
1876,1.2729217,0.18148972,0.2982969,0.20647092,0.97462475,-0.0249812
1877,0.07878982,0.038037147,0.040651727,0.029063009,0.038138095,0.008974139
1878,0.16222747,0.014995815,0.06570627,0.0371605,0.0965212,-0.022164686
1879,0.23011741,0.11140193,0.13878252,0.107232936,0.091334894,0.0041689947
1880,0.04615557,0.072731584,0.04577802,0.030872561,0.000377547,0.041859023
1881,0.8060554,0.29844776,0.32599553,0.24910632,0.4800599,0.04934144
1882,0.34966126,0.09095631,0.101426914,0.0756672,0.24823435,0.0152891055
1883,0.24268289,0.097450614,0.10309618,0.075141914,0.13958672,0.0223087
1884,1.1065338,0.3107021,0.42709637,0.3041817,0.6794374,0.0065203905
1885,0.19545935,-0.023459412,0.06419564,0.039119225,0.1312637,-0.06257863
1886,0.21455318,0.07542665,0.08956995,0.07516724,0.12498323,0.00025941432
1887,0.17499824,0.09128829,0.0853508,0.06953162,0.08964744,0.021756671
1888,0.39271283,0.12142245,0.13512556,0.09830844,0.25758725,0.02311401
1889,0.1666444,0.043088153,0.036420196,0.024644997,0.1302242,0.018443156
1890,0.04742609,0.031195639,0.0113571165,0.0102235265,0.036068972,0.020972112
1891,0.48299283,0.17528857,0.22351499,0.15026295,0.25947785,0.025025621
1892,0.7877019,0.38680205,0.44362736,0.31432956,0.34407455,0.07247248
1893,0.90878296,0.2851639,0.37628832,0.28529295,0.53249466,-0.00012904406
1894,0.11688116,0.07183238,0.09050454,0.065963924,0.02637662,0.0058684573
1895,0.64886177,0.09838601,0.15638484,0.10401181,0.49247694,-0.0056257993
1896,0.28822246,0.09771257,0.11883038,0.08858165,0.16939208,0.0091309175
1897,0.74272615,0.1291868,0.19446634,0.13292012,0.5482598,-0.003733322
1898,1.5973381,0.43317366,0.64609647,0.4148692,0.9512416,0.018304467
1899,0.20836118,0.04973857,0.06665435,0.05147688,0.14170682,-0.0017383099
1900,0.81542057,0.124161296,0.19697072,0.14180073,0.61844987,-0.017639436
1901,0.5692353,0.18765374,0.15790337,0.12240781,0.41133195,0.06524593
1902,0.25844398,0.107645325,0.14262521,0.10519072,0.11581877,0.0024546087
1903,1.0856556,0.35998204,0.4421204,0.30354905,0.64353514,0.056432992
1904,0.33204752,0.12197368,0.15107442,0.09399844,0.1809731,0.027975239
1905,1.5469811,0.10956676,0.17616987,0.104215406,1.3708112,0.005351357
1906,0.038144846,0.027880093,0.011808383,0.0088137835,0.026336461,0.01906631
1907,0.5086076,0.11395815,0.17674953,0.12275234,0.3318581,-0.0087941885
1908,0.17840734,0.13190441,0.09747346,0.05322525,0.080933884,0.07867916
1909,0.025076283,-0.026964964,0.023985038,0.011377335,0.0010912456,-0.038342297
1910,0.31655765,0.14921045,0.17099993,0.12288204,0.14555772,0.026328415
1911,0.8652272,0.17027701,0.19664742,0.13148625,0.6685798,0.038790762
1912,0.15845916,0.106082074,0.098230496,0.07481401,0.06022866,0.031268068
1913,0.43922678,0.07484893,0.12281349,0.07236943,0.31641328,0.002479501
1914,0.9949966,0.21693197,0.3244551,0.2309253,0.6705415,-0.013993338
1915,0.07503935,-0.027314637,0.04411233,0.02368711,0.030927021,-0.051001746
1916,0.35569823,0.2003221,0.19840126,0.13933223,0.15729697,0.06098987
1917,1.3612598,0.31021175,0.4778562,0.30317688,0.88340366,0.007034868
1918,0.11808103,0.043998748,0.0780963,0.049062744,0.039984733,-0.0050639957
1919,0.85532486,0.1683499,0.27600804,0.2005182,0.57931685,-0.0321683
1920,0.15078409,0.055529807,0.10242272,0.074808985,0.04836137,-0.019279178
1921,0.67487925,0.09939893,0.18506366,0.119888976,0.4898156,-0.020490043
1922,0.033500843,0.039091654,0.02781816,0.025280189,0.0056826826,0.013811465
1923,0.6187185,0.16187757,0.19758135,0.13732703,0.42113715,0.024550542
1924,0.29540858,0.06539733,0.08367488,0.06176846,0.2117337,0.0036288686
1925,0.83749676,0.36784354,0.3240606,0.23618431,0.5134362,0.13165922
1926,1.1486051,0.2696356,0.40452278,0.25079608,0.74408233,0.018839508
1927,0.89357644,0.26728052,0.35698548,0.24493152,0.53659093,0.022349
1928,0.110894755,0.11866019,0.06312078,0.034110405,0.047773972,0.084549785
1929,0.8445345,0.118271306,0.2065946,0.15222551,0.63793993,-0.033954203
1930,0.85726017,0.24820973,0.38305783,0.2568784,0.47420233,-0.008668676
1931,0.6837678,0.2717295,0.3459112,0.2698246,0.3378566,0.0019049048
1932,0.4606241,0.24520947,0.27384317,0.17985094,0.18678093,0.065358534
1933,0.39478463,0.18075255,0.2576968,0.17789862,0.13708782,0.00285393
1934,0.33616668,0.08707633,0.11419459,0.08519594,0.2219721,0.001880385
1935,0.78101707,0.21454315,0.37194824,0.23237282,0.40906882,-0.017829672
1936,0.6376655,0.18130988,0.2285037,0.1726842,0.4091618,0.008625686
1937,0.26301578,0.14055702,0.109608546,0.08127134,0.15340723,0.059285678
1938,0.24092488,0.030828267,0.12874159,0.08716438,0.11218329,-0.056336112
1939,0.7388962,0.104616284,0.19020483,0.13711892,0.5486914,-0.032502636
1940,0.61312526,0.160151,0.28082037,0.18139476,0.3323049,-0.021243751
1941,0.118583925,0.18358092,0.10133499,0.07728985,0.017248936,0.10629107
1942,0.9100753,0.35762265,0.37477627,0.263169,0.53529906,0.09445366
1943,0.8534216,0.23722917,0.32181588,0.22951439,0.5316057,0.007714778
1944,0.33090124,0.1902911,0.190664,0.13822228,0.14023724,0.05206883
1945,0.5447077,0.15151636,0.18270603,0.13312487,0.3620017,0.01839149
1946,0.67584133,0.16038534,0.24605422,0.17713127,0.4297871,-0.016745925
1947,0.1436796,0.08315841,0.09855279,0.07714787,0.04512681,0.00601054
1948,0.34742016,0.047744364,0.12510215,0.08299341,0.22231801,-0.035249047
1949,0.9453164,0.20892169,0.3135392,0.23109819,0.63177717,-0.022176504
1950,0.98222184,0.28163484,0.40030706,0.29239196,0.5819148,-0.010757118
1951,0.17627142,0.016574552,0.025360089,0.015365528,0.15091133,0.0012090243
1952,0.46048823,0.15806703,0.20129794,0.13993782,0.2591903,0.018129215
1953,0.19181412,0.06698472,0.09202606,0.0699036,0.09978806,-0.0029188767
1954,1.0285913,0.13931814,0.23381187,0.16750813,0.7947794,-0.028189987
1955,0.6202555,0.07239055,0.13668376,0.09286275,0.4835717,-0.020472199
1956,0.41037092,0.17548664,0.19998199,0.15181434,0.21038893,0.023672298
1957,0.42177156,0.16649385,0.17873272,0.12715958,0.24303883,0.039334267
1958,0.825654,0.20820189,0.30691567,0.2061341,0.51873827,0.0020677894
1959,0.22204128,0.019855235,0.076950386,0.05175752,0.1450909,-0.031902283
1960,0.7867643,0.22123842,0.34908068,0.24053353,0.43768364,-0.019295111
1961,0.30081493,0.25759757,0.10723577,0.07941462,0.19357917,0.17818294
1962,0.628323,0.30623272,0.37298506,0.28806925,0.25533795,0.018163472
1963,0.095096104,0.0140424315,0.037944414,0.023858298,0.05715169,-0.009815866
1964,1.2242441,0.3088934,0.44500914,0.3139738,0.779235,-0.005080402
1965,0.96787775,0.17500493,0.2201261,0.15772836,0.74775165,0.01727657
1966,0.84175044,0.27473763,0.3235001,0.24900034,0.51825035,0.025737286
1967,0.20315433,0.13994339,0.1538555,0.12312484,0.049298823,0.016818553
1968,0.31024647,0.129987,0.14134242,0.10531569,0.16890405,0.024671309
1969,1.3743871,0.371137,0.48595786,0.3469522,0.8884293,0.024184793
1970,0.54747367,0.18886589,0.2673027,0.18269248,0.28017098,0.006173402
1971,0.23149881,0.08311218,0.13572167,0.094058946,0.09577714,-0.010946766
1972,0.6619114,0.20305754,0.24136777,0.1821143,0.42054367,0.02094324
1973,1.2874371,0.44002286,0.5713605,0.36149055,0.71607655,0.07853231
1974,0.045466017,0.11630923,0.07660122,0.05175362,-0.031135205,0.064555615
1975,0.28273174,0.15709361,0.19037779,0.15111583,0.092353955,0.0059777796
1976,0.52847016,0.09633378,0.16006245,0.114291966,0.36840773,-0.017958187
1977,1.3037393,0.17875376,0.2478835,0.1630425,1.0558558,0.015711263
1978,1.0841796,0.25550896,0.34828284,0.2458541,0.7358968,0.009654865
1979,0.48386833,0.11743887,0.2275721,0.14532876,0.25629622,-0.027889892
1980,0.032374073,-0.01845197,0.010403877,0.006566475,0.021970196,-0.025018446
1981,0.36380532,0.06870329,0.13200793,0.07893762,0.2317974,-0.010234334
1982,0.8898872,0.24661838,0.2868395,0.21278149,0.6030477,0.033836886
1983,0.016004812,0.03956905,0.021437027,0.01291815,-0.0054322146,0.0266509
1984,0.8074649,0.22092757,0.31212598,0.23407781,0.49533892,-0.013150245
1985,0.7008964,0.21662115,0.26596454,0.17613643,0.43493184,0.04048471
1986,0.8020265,0.18070318,0.32930166,0.20887162,0.47272485,-0.02816844
1987,1.2037188,0.2306943,0.3883937,0.25633404,0.8153251,-0.025639743
1988,0.7315102,0.22374688,0.22812723,0.16559267,0.503383,0.05815421
1989,-0.049631245,0.14045739,0.018973209,0.012901918,-0.068604454,0.12755547
1990,0.65641236,0.2899589,0.37355903,0.2449826,0.28285334,0.044976294
1991,0.8615836,0.2245069,0.3448514,0.2206273,0.5167322,0.0038796067
1992,1.1818571,0.30443954,0.38479847,0.2503912,0.79705864,0.05404836
1993,0.72507626,0.29758257,0.36649987,0.27467343,0.3585764,0.022909135
1994,0.10636334,0.019568514,0.062791914,0.041504685,0.043571427,-0.02193617
1995,0.04009022,0.04388402,0.05014525,0.036760807,-0.010055032,0.0071232133
1996,1.1460826,0.29780585,0.44305074,0.30712903,0.7030319,-0.00932318
1997,0.8398825,0.13398787,0.27036965,0.18073075,0.56951284,-0.04674287
1998,0.08928453,0.0390671,0.044481173,0.035697922,0.04480336,0.0033691786
1999,0.22744237,0.21240911,0.065338254,0.044513363,0.16210411,0.16789575
2000,1.2498608,0.15931447,0.2565574,0.15645073,0.99330336,0.002863735
2001,0.4009281,0.07566831,0.100051664,0.06918394,0.30087644,0.0064843744
2002,0.09983369,0.13317299,0.031522557,0.025991755,0.06831113,0.107181236
2003,0.2697209,0.07058976,0.06395029,0.050966132,0.20577061,0.019623626
2004,1.220002,0.40312478,0.49388108,0.36265457,0.72612095,0.040470213
2005,1.1360165,0.358453,0.49845174,0.3351034,0.6375648,0.023349613
2006,0.9433397,0.1898625,0.26624256,0.18456498,0.67709714,0.0052975267
2007,0.23332173,0.0633234,0.102365404,0.06565345,0.13095632,-0.0023300499
2008,0.6750258,0.2631739,0.28252476,0.19597751,0.39250106,0.0671964
2009,0.093878575,0.038912565,0.036654767,0.031540513,0.057223808,0.0073720515
2010,0.1926542,0.08327596,0.15206872,0.10766298,0.040585488,-0.024387024
2011,0.6919054,0.24347842,0.284407,0.20054103,0.4074984,0.042937383
2012,0.41047964,0.13232525,0.21399459,0.14109592,0.19648504,-0.0087706745
2013,0.94941175,0.24101883,0.33017284,0.22477251,0.6192389,0.016246319
2014,0.13643833,0.07555585,0.06193954,0.04440057,0.07449879,0.031155284
2015,0.11865207,-0.0033029378,0.06684247,0.040607996,0.0518096,-0.043910936
2016,0.038534462,0.029378165,0.028052868,0.02232406,0.010481594,0.0070541054
2017,0.88139087,0.2144023,0.333206,0.20542486,0.5481849,0.008977443
2018,1.1850389,0.2901803,0.37817374,0.25635397,0.8068652,0.03382632
2019,0.19754833,-0.0038805848,0.08590148,0.053341422,0.11164685,-0.05722201
2020,0.20508143,0.02911313,0.065050356,0.047960814,0.14003107,-0.018847683
2021,0.65835017,0.14910276,0.18470116,0.13110761,0.47364902,0.017995149
2022,0.7933185,0.24135867,0.35528648,0.26314563,0.43803203,-0.021786958
2023,0.4699431,0.09415655,0.1404893,0.09735304,0.32945383,-0.0031964928
2024,0.0062714345,0.007097027,0.037092403,0.02499657,-0.030820968,-0.017899543
2025,1.0358479,0.33924642,0.370029,0.26559103,0.6658189,0.0736554
2026,0.9373671,0.3713624,0.46102795,0.33288735,0.47633913,0.038475037
2027,0.07869616,-0.0011149839,0.0316405,0.020133281,0.04705566,-0.021248264
2028,0.67764455,0.12331612,0.19513369,0.1335792,0.48251086,-0.010263078
2029,0.6953556,0.20882024,0.2872718,0.17696634,0.4080838,0.0318539
2030,1.0682449,0.45139536,0.57998663,0.40094048,0.4882583,0.050454885
2031,0.15052116,0.035840042,0.034122445,0.024579866,0.116398714,0.011260176
2032,1.0205842,0.27148095,0.42671734,0.28394565,0.5938669,-0.012464702
2033,0.8749036,0.24169974,0.29682127,0.21724638,0.5780823,0.024453357
2034,0.23024124,0.09194046,0.07597478,0.055159874,0.15426646,0.03678059
2035,0.86303145,0.23895232,0.29238275,0.21910734,0.57064867,0.019844979
2036,0.269564,0.08054479,0.07948954,0.05473012,0.19007447,0.025814671
2037,0.15193245,0.0333103,0.048073858,0.030964194,0.10385859,0.0023461077
2038,1.4202948,0.14370261,0.25544482,0.18084599,1.16485,-0.03714338
2039,0.8520636,0.2605459,0.37619513,0.26629084,0.47586846,-0.005744934
2040,0.6819781,0.17406315,0.21525757,0.15115514,0.46672052,0.022908002
2041,0.16305636,0.079914935,0.034989074,0.024633681,0.12806728,0.05528125
2042,0.8751073,0.21058653,0.27048755,0.19152628,0.60461974,0.019060254
2043,1.0637742,0.28964603,0.3052447,0.23770025,0.75852954,0.051945776
2044,0.12375442,-0.0033774462,0.04263895,0.024062665,0.08111547,-0.027440112
2045,0.78184646,0.21719141,0.28842807,0.20162214,0.4934184,0.01556927
2046,0.941006,0.3407078,0.4754166,0.32406697,0.4655894,0.016640842
2047,0.7836749,0.23502228,0.3749429,0.2589342,0.408732,-0.023911923
2048,0.69820684,0.2592176,0.33789214,0.2394378,0.3603147,0.019779786
2049,0.92095554,0.26210138,0.3551746,0.18842185,0.56578094,0.07367954
2050,0.50663364,0.15930898,0.2012795,0.15957,0.30535412,-0.00026100874
2051,0.73583883,0.26042786,0.35650107,0.24213722,0.37933776,0.018290639
2052,0.63491,0.078311145,0.17253011,0.12034106,0.46237987,-0.042029917
2053,0.8379188,0.23383224,0.46517062,0.31947765,0.3727482,-0.08564541
2054,0.1991089,0.08574588,0.08791778,0.06646283,0.111191116,0.019283049
2055,0.43832275,0.13030326,0.1595841,0.1077511,0.27873865,0.022552162
2056,0.105832234,0.064276926,0.053382657,0.039093588,0.052449577,0.025183339
2057,0.09364357,-0.032403115,0.03754144,0.0259981,0.056102127,-0.058401216
2058,0.93949896,0.31108773,0.44871247,0.32262397,0.4907865,-0.011536241
2059,0.65688574,0.2504342,0.42040923,0.28332576,0.23647651,-0.03289157
2060,1.4106332,0.40482035,0.5809174,0.3681077,0.8297158,0.036712646
2061,0.25702533,0.021569245,0.08316353,0.050349757,0.1738618,-0.028780513
2062,1.1336635,0.27725792,0.35017705,0.2569049,0.7834865,0.02035302
2063,0.60941076,0.1632828,0.2709913,0.18930869,0.33841947,-0.026025891
2064,0.22064507,0.046170607,0.05311555,0.041326165,0.16752952,0.004844442
2065,0.7561956,0.21340768,0.3051831,0.21915978,0.4510125,-0.0057521015
2066,0.52485496,0.06870745,0.106771775,0.07902244,0.4180832,-0.010314986
2067,0.7015049,0.10797301,0.13896215,0.10344837,0.56254274,0.0045246407
2068,1.069433,0.25359756,0.32541016,0.2361327,0.74402285,0.017464861
2069,0.8258017,0.29411417,0.3656349,0.27125886,0.46016678,0.022855312
2070,0.30072176,0.1290978,0.14591624,0.10561809,0.15480553,0.023479715
2071,0.12994003,0.060843304,0.045101114,0.033696532,0.08483892,0.027146772
2072,0.07234413,0.008884648,0.0061483746,0.004487906,0.066195756,0.0043967417
2073,0.8248384,0.28131035,0.30726746,0.20657675,0.517571,0.0747336
2074,0.7074123,0.16324876,0.21207054,0.15931034,0.49534178,0.0039384216
2075,0.8859662,0.19989796,0.28426865,0.19227152,0.60169756,0.007626444
2076,0.37749475,0.08860488,0.15512778,0.10901458,0.22236697,-0.020409696
2077,0.85083866,0.14591043,0.19391866,0.1381694,0.65692,0.007741034
2078,0.46728233,0.06739907,0.10611953,0.065496415,0.36116278,0.0019026548
2079,1.2921238,0.3748643,0.52043676,0.3693989,0.77168703,0.005465418
2080,0.79170847,0.29167357,0.32767048,0.24559875,0.46403798,0.046074823
2081,0.7768619,0.3406678,0.38009906,0.3079228,0.39676285,0.032745004
2082,0.14007257,0.068451256,0.07111223,0.051973373,0.06896034,0.016477883
2083,0.84500635,0.14347278,0.20286968,0.16187663,0.6421367,-0.018403858
2084,0.53940535,0.26732126,0.30516553,0.2109371,0.23423982,0.05638416
2085,0.32206994,0.057107028,0.11926389,0.06992295,0.20280606,-0.012815919
2086,1.004257,0.2970128,0.43806875,0.33442828,0.5661882,-0.037415475
2087,1.0405024,0.25672874,0.367089,0.25937584,0.6734134,-0.0026471019
2088,0.727618,0.31107017,0.38004643,0.27862558,0.34757155,0.032444596
2089,1.2993002,0.35493857,0.55995905,0.3690594,0.73934114,-0.014120847
2090,0.5130483,0.17063668,0.16148402,0.107336566,0.3515643,0.06330012
2091,0.3121,0.19067262,0.20237084,0.15110841,0.109729156,0.039564207
2092,0.07747224,0.08905795,0.036576647,0.027058167,0.040895592,0.061999783
2093,0.74170727,0.29524615,0.33729553,0.24242353,0.40441173,0.05282262
2094,1.0077157,0.20885083,0.2539751,0.1910393,0.7537406,0.017811537
2095,0.5349717,0.0976411,0.15583727,0.1029758,0.37913445,-0.0053346977
2096,0.15485443,0.06275427,0.12026957,0.07931778,0.034584865,-0.016563505
2097,0.69052374,0.22643587,0.32658494,0.21466416,0.3639388,0.011771709
2098,0.24926357,0.17553711,0.047138713,0.03181481,0.20212486,0.1437223
2099,0.29443535,0.035885975,0.08388978,0.05511267,0.21054557,-0.019226696
2100,0.16197911,0.050580095,0.070151456,0.050405774,0.09182765,0.00017432123
2101,1.0571277,0.24306588,0.33403668,0.24187824,0.723091,0.0011876374
2102,-0.052282423,0.037980694,0.030834684,0.023461435,-0.083117105,0.014519259
2103,1.0960554,0.35364696,0.5136579,0.37737283,0.58239746,-0.023725867
2104,0.72917014,0.250802,0.3035058,0.23009786,0.42566434,0.02070415
2105,0.5311331,0.16263118,0.24566066,0.16322199,0.28547245,-0.00059080124
2106,0.7500458,0.16087162,0.26695994,0.19514827,0.48308584,-0.03427665
2107,0.869378,0.3228178,0.424529,0.28689775,0.44484898,0.035920054
2108,0.67548513,0.25213215,0.36814013,0.25678647,0.307345,-0.004654318
2109,0.8289163,0.22073497,0.28728458,0.20727564,0.5416317,0.013459325
2110,0.6066121,0.17130002,0.24670172,0.17591427,0.35991037,-0.004614249
2111,0.68410814,0.18104468,0.30487883,0.20588759,0.3792293,-0.024842903
2112,0.7317246,0.22265825,0.2860345,0.22589186,0.44569013,-0.0032336116
2113,0.8782636,0.20337452,0.278421,0.18155819,0.59984255,0.021816328
2114,1.1521724,0.45192996,0.53510374,0.37256736,0.6170687,0.0793626
2115,0.93507004,0.26411933,0.34590995,0.25102082,0.5891601,0.013098508
2116,0.119626306,0.03018802,0.06628025,0.04945373,0.053346053,-0.019265711
2117,0.06296436,0.06565916,0.06130092,0.05050525,0.001663439,0.015153907
2118,1.1172643,0.2748322,0.28667974,0.18783195,0.8305845,0.087000236
2119,1.019557,0.25613645,0.35932645,0.25185794,0.6602305,0.004278511
2120,0.9216416,0.14516237,0.22205749,0.16223589,0.6995841,-0.017073512
2121,0.014503215,0.007326495,0.034639154,0.021123035,-0.02013594,-0.01379654
2122,1.110636,0.285608,0.4029179,0.27651927,0.70771813,0.009088725
2123,0.021114102,0.14927323,0.02072147,0.013821005,0.00039263256,0.13545223
2124,1.1374434,0.2688898,0.3529435,0.24404167,0.7844999,0.024848148
2125,0.23706669,0.23909745,0.1449443,0.11303493,0.09212239,0.12606251
2126,1.0480185,0.21163984,0.32688752,0.22070082,0.72113097,-0.009060979
2127,1.0443631,0.29110053,0.35829738,0.2753903,0.6860658,0.015710235
2128,1.2940578,0.2530911,0.45157674,0.29367062,0.84248114,-0.040579528
2129,0.42686558,0.13436657,0.09637347,0.07487058,0.3304921,0.059495993
2130,0.9510947,0.24342915,0.32616436,0.24608755,0.6249303,-0.002658397
2131,1.167215,0.24185498,0.4117165,0.28046787,0.7554985,-0.038612887
2132,0.12444006,0.07114995,0.08251959,0.06228386,0.04192047,0.008866094
2133,0.62695616,0.24059853,0.2974511,0.20325956,0.32950506,0.037338972
2134,0.85975945,0.3754548,0.4796444,0.34331813,0.38011506,0.03213668
2135,1.0928485,0.3329434,0.44207317,0.30351,0.6507754,0.0294334
2136,0.76953214,0.26835003,0.39643,0.29013622,0.37310216,-0.021786183
2137,0.0027377678,0.044765793,0.025018902,0.01918258,-0.022281135,0.025583213
2138,0.20083451,0.067484684,0.069352865,0.05426849,0.13148165,0.013216194
2139,0.04373565,0.06668101,0.04673823,0.03797358,-0.0030025803,0.028707433
2140,0.8538811,0.14390256,0.18395321,0.1372609,0.6699279,0.006641656
2141,0.12080636,0.0940385,0.058060184,0.039811645,0.062746175,0.054226857
2142,0.045174442,0.23124067,0.024010474,0.019234749,0.021163968,0.21200593
2143,0.27562445,0.11284589,0.1332131,0.09965587,0.14241135,0.013190024
2144,0.4506641,0.19413221,0.25445777,0.15557958,0.19620633,0.038552627
2145,0.9101617,0.3068424,0.31962195,0.2390547,0.5905397,0.06778769
2146,0.92341596,0.2502924,0.36444527,0.25134405,0.5589707,-0.0010516644
2147,0.03794303,-0.035602983,0.019890074,0.011540953,0.018052958,-0.047143936
2148,0.96634495,0.22965226,0.4418428,0.27534822,0.52450216,-0.04569596
2149,0.8224062,0.22440545,0.31493288,0.20277399,0.5074733,0.021631464
2150,0.8532188,0.27431214,0.4364495,0.2796478,0.4167693,-0.005335659
2151,0.8668063,0.32482445,0.4760722,0.32360333,0.39073414,0.0012211204
2152,0.1026243,0.121522956,0.04167703,0.032501157,0.060947265,0.0890218
2153,0.37540388,0.09888753,0.12879361,0.08994859,0.24661027,0.008938946
2154,1.0318705,0.23706244,0.35351735,0.26024562,0.67835313,-0.023183182
2155,0.19121061,0.008703387,0.048556417,0.037044607,0.1426542,-0.028341219
2156,0.7766986,0.3072697,0.42265034,0.27680936,0.35404825,0.030460328
2157,0.1259661,0.009719114,0.04899572,0.034852892,0.07697038,-0.025133777
2158,0.18672433,-0.017526394,0.07307052,0.03985315,0.11365382,-0.057379544
2159,0.6617011,0.24867497,0.36910424,0.25751215,0.29259685,-0.008837178
2160,-0.0016437884,0.20350598,0.026398744,0.018122487,-0.028042533,0.1853835
2161,0.07303848,0.032426976,0.024516659,0.018491378,0.048521824,0.013935598
2162,0.15041241,0.14025113,0.09531703,0.059863433,0.055095382,0.0803877
2163,0.83679867,0.23934136,0.30327243,0.23004022,0.53352624,0.009301141
2164,0.37703133,0.07681883,0.107633285,0.075940125,0.26939803,0.0008787066
2165,0.7411534,0.22395496,0.3556091,0.25838163,0.38554433,-0.034426674
2166,0.22796358,0.07323718,0.088321246,0.0657185,0.13964233,0.007518679
2167,0.06893135,0.053698197,0.056348924,0.0366251,0.012582425,0.017073099
2168,0.022537705,0.16021083,0.049336985,0.028720219,-0.02679928,0.13149062
2169,0.67433745,0.30439687,0.3855478,0.30328742,0.28878966,0.001109451
2170,0.2226439,0.07026834,0.08571142,0.062265016,0.13693248,0.008003324
2171,1.2722282,0.27778712,0.38048318,0.29121497,0.8917451,-0.013427854
2172,0.07920979,-0.02055591,0.043961186,0.02704124,0.035248604,-0.047597148
2173,0.07344068,-0.033124786,0.029157802,0.013377495,0.044282876,-0.04650228
2174,0.91301525,0.23562597,0.27044973,0.19022487,0.6425655,0.045401096
2175,1.0064701,0.31424126,0.44732562,0.3066874,0.5591445,0.0075538456
2176,0.65384877,0.16495325,0.23814616,0.1899367,0.4157026,-0.02498345
2177,-0.024719475,0.102051176,0.017682385,0.008385453,-0.042401858,0.09366572
2178,1.7223985,0.33583486,0.5166112,0.36518964,1.2057873,-0.02935478
2179,1.2255071,0.38894102,0.5169004,0.36340836,0.7086067,0.025532663
2180,0.009946634,-0.038014628,0.038162082,0.022625938,-0.02821545,-0.060640566
2181,0.3635881,0.0069726817,0.079811804,0.049650222,0.28377628,-0.04267754
2182,0.38985497,0.1797775,0.21975811,0.15911685,0.17009686,0.020660654
2183,0.6021076,0.16551358,0.27492583,0.17050336,0.32718176,-0.004989788
2184,0.9447253,0.26891112,0.3790033,0.26904416,0.565722,-0.00013303757
2185,0.81525016,0.29620704,0.39404714,0.29037926,0.42120302,0.0058277845
2186,0.255419,0.13931458,0.13336869,0.091362864,0.1220503,0.047951713
2187,0.7604194,0.1099203,0.16095507,0.11494421,0.59946436,-0.0050239116
2188,0.657336,0.23630318,0.28859633,0.19259746,0.36873966,0.043705717
2189,1.0047272,0.27966112,0.3802923,0.28428522,0.62443495,-0.0046240985
2190,0.050508406,0.20877212,0.065820575,0.035944473,-0.015312169,0.17282765
2191,0.11975413,-0.010705617,0.08732979,0.056456074,0.03242434,-0.067161694
2192,1.1836275,0.204328,0.3693033,0.24393708,0.8143242,-0.039609075
2193,0.5212338,0.16170073,0.20714127,0.13512225,0.31409252,0.026578471
2194,0.95017284,0.22359599,0.3501189,0.22258846,0.6000539,0.0010075271
2195,0.6719577,0.22660153,0.28088993,0.19617292,0.39106774,0.030428603
2196,0.72903687,0.14599383,0.22242464,0.1473788,0.50661224,-0.0013849735
2197,0.08531028,0.076453574,0.08971844,0.06814491,-0.0044081584,0.008308664
2198,0.6015092,0.26476997,0.30673808,0.23916914,0.29477113,0.025600836
2199,0.83175707,0.1951682,0.25485605,0.18037406,0.576901,0.014794141
2200,1.052152,0.22471102,0.32209474,0.23863444,0.7300573,-0.0139234215
2201,0.21522284,0.038671155,0.086143926,0.060942546,0.12907891,-0.022271391
2202,0.7413614,0.43827364,0.4234871,0.31631947,0.31787428,0.12195417
2203,0.63860345,0.15199389,0.23226842,0.16266054,0.40633503,-0.0106666535
2204,0.38393182,0.12042217,0.16129524,0.11649645,0.22263658,0.0039257184
2205,0.8189073,0.24496166,0.29525322,0.21799798,0.5236541,0.026963681
2206,0.075031266,-0.026389262,0.031223508,0.020968148,0.04380776,-0.04735741
2207,0.10743365,0.01633203,0.0469516,0.03663667,0.060482047,-0.020304639
2208,0.5529648,0.13603595,0.21227843,0.14762034,0.34068638,-0.011584386
2209,0.6713367,0.2345242,0.30080453,0.21661171,0.37053218,0.017912492
2210,0.92205054,0.38793942,0.52347016,0.3817203,0.39858037,0.006219119
2211,0.42935017,0.14613669,0.21241651,0.12398458,0.21693365,0.022152103
2212,1.267011,0.42497876,0.52031875,0.3813409,0.7466923,0.04363787
2213,0.723112,0.15155971,0.29717305,0.2127127,0.42593893,-0.061152995
2214,0.85725254,0.16743183,0.2063532,0.1613254,0.65089935,0.0061064363
2215,0.98419064,0.33996466,0.4150863,0.30507857,0.5691043,0.034886092
2216,0.8712505,0.2072996,0.2957883,0.21283352,0.5754622,-0.0055339187
2217,0.6698415,0.17215629,0.2672302,0.18856089,0.40261132,-0.016404599
2218,0.0035523463,-0.055365093,0.030341666,0.014324626,-0.02678932,-0.06968972
2219,0.032715477,-0.0029326554,0.040468603,0.027515678,-0.0077531263,-0.030448332
2220,0.2687729,0.075230464,0.08077532,0.061962117,0.18799758,0.013268348
2221,1.0854853,0.27026543,0.37891364,0.25709832,0.7065717,0.013167113
2222,0.4010386,0.29644385,0.29635146,0.23283559,0.104687124,0.06360826
2223,0.31684136,0.040710904,0.04966729,0.02934311,0.26717407,0.011367794
2224,0.4086048,0.19917512,0.26079926,0.21028458,0.14780554,-0.011109456
2225,1.017569,0.2730446,0.42418203,0.29177374,0.5933869,-0.01872915
2226,0.15029624,0.0021699076,0.06556664,0.04062057,0.084729604,-0.038450662
2227,0.33803144,0.15734765,0.2092544,0.15976475,0.12877704,-0.0024171025
2228,0.9242523,0.18239771,0.26712662,0.17878436,0.65712565,0.0036133528
2229,0.06771206,-0.036236435,0.028251952,0.016373292,0.039460108,-0.052609727
2230,1.1333406,0.17059527,0.26903605,0.17450948,0.86430454,-0.003914207
2231,0.021382699,0.19389175,0.08611283,0.06321362,-0.06473013,0.13067813
2232,0.54000175,0.30174774,0.29163936,0.2142074,0.24836239,0.08754034
2233,0.08684806,0.013516389,0.044121247,0.029773382,0.04272681,-0.016256994
2234,0.46753928,0.26479155,0.18487227,0.14228396,0.282667,0.12250759
2235,1.0054537,0.20759808,0.3624839,0.24629866,0.64296985,-0.03870058
2236,1.1476887,0.15298173,0.22582164,0.16010979,0.92186713,-0.00712806
2237,0.710717,0.13400726,0.20875385,0.13994375,0.50196314,-0.0059364885
2238,0.09448566,0.014394299,0.04849165,0.0359774,0.045994014,-0.021583103
2239,0.6785015,0.14704807,0.23593752,0.15067953,0.44256395,-0.0036314577
2240,0.18174884,0.066553585,0.087132215,0.057826027,0.09461662,0.008727558
2241,0.27595165,0.11882993,0.09219904,0.057804476,0.18375261,0.061025452
2242,0.95942426,0.37059826,0.43349335,0.31378177,0.5259309,0.05681649
2243,0.18853927,0.017976018,0.08894482,0.06318919,0.099594444,-0.045213178
2244,0.9284179,0.11259972,0.18496805,0.13709037,0.74344987,-0.024490647
2245,0.5023891,0.19618085,0.22744255,0.15897468,0.2749465,0.037206173
2246,0.33983365,0.19825074,0.1620873,0.12105907,0.17774634,0.07719167
2247,0.2919419,0.05548057,0.12818086,0.08126712,0.16376105,-0.025786549
2248,0.98411965,0.15896657,0.2416247,0.16709538,0.74249494,-0.008128807
2249,0.3263205,0.07315049,0.047143158,0.04037879,0.27917734,0.032771703
2250,0.48796055,0.16507109,0.25973898,0.17238374,0.22822157,-0.0073126554
2251,0.35500634,0.095375456,0.20483403,0.14336076,0.15017231,-0.047985308
2252,0.12715547,0.113536276,0.14953646,0.11040753,-0.022380993,0.0031287447
2253,0.75866187,0.22749591,0.27669036,0.19090931,0.4819715,0.036586598
2254,0.058137856,-0.015718011,0.04767476,0.026482949,0.010463096,-0.04220096
2255,0.271094,0.08470269,0.11570011,0.08095377,0.15539388,0.0037489235
2256,0.6153122,0.25518826,0.29415217,0.21026891,0.32116005,0.04491934
2257,0.101584055,0.010477524,0.028810019,0.02345354,0.07277404,-0.012976015
2258,0.18887368,0.072129026,0.06032934,0.046893988,0.12854433,0.025235038
2259,0.878428,0.23098002,0.31062362,0.216877,0.56780434,0.014103025
2260,0.19410823,0.237948,0.084441856,0.06706026,0.10966638,0.17088774
2261,0.77378505,0.3085483,0.37831154,0.27361962,0.3954735,0.03492868
2262,0.1618511,0.10623071,0.12193192,0.09062364,0.039919175,0.015607074
2263,0.47228968,0.13337095,0.106217615,0.07804018,0.36607206,0.05533077
2264,0.2296632,0.057178915,0.06738997,0.04699837,0.16227323,0.010180544
2265,0.92155516,0.22021146,0.39462516,0.28236398,0.52693,-0.06215252
2266,0.019101014,0.043563753,0.03291594,0.024867127,-0.013814924,0.018696627
2267,0.8606539,0.38336802,0.4343813,0.3175054,0.42627257,0.065862626
2268,-0.0003217299,0.0018049319,0.03713803,0.021976702,-0.03745976,-0.02017177
2269,0.05654094,0.060281917,0.04668185,0.0334446,0.009859089,0.02683732
2270,1.0206558,0.2829888,0.33856335,0.24870309,0.6820924,0.034285694
2271,0.8026277,0.2342979,0.3278181,0.24046212,0.4748096,-0.006164223
2272,0.123863816,0.051229566,0.09221977,0.060691033,0.031644046,-0.009461466
2273,0.9833015,0.21613733,0.31411025,0.19623244,0.66919124,0.019904897
2274,0.1489968,0.1275099,0.08692496,0.069392726,0.062071837,0.05811718
2275,0.05636858,0.120111674,0.05342625,0.03578452,0.0029423274,0.084327154
2276,0.89850223,0.23896764,0.35403222,0.25436643,0.54447,-0.0153987855
2277,0.7891553,0.28953508,0.3729356,0.26847678,0.4162197,0.021058291
2278,1.0504788,0.32258388,0.47510865,0.32759517,0.5753702,-0.0050112903
2279,0.086752065,0.14482239,0.07674604,0.04033475,0.010006025,0.10448764
2280,1.0913321,0.42929706,0.5420853,0.392046,0.5492468,0.037251055
2281,0.3108526,0.12019357,0.0854601,0.068146855,0.22539249,0.052046716
2282,1.8766804,0.5464397,0.7805886,0.5665867,1.0960917,-0.020146966
2283,0.6295692,0.26017028,0.25032073,0.15134472,0.37924844,0.108825564
2284,1.2227103,0.23168193,0.33195594,0.23917037,0.89075434,-0.0074884444
2285,0.29119593,0.08737453,0.12111663,0.08412214,0.17007929,0.003252387
2286,0.018329108,0.113147065,0.015040794,0.011279416,0.0032883137,0.101867646
2287,0.21264233,0.0618686,0.040218893,0.0272735,0.17242344,0.034595102
2288,0.4218891,0.28354743,0.30277404,0.24148662,0.119115055,0.042060807
2289,-0.022860752,0.120116346,0.014393763,0.0063862028,-0.037254516,0.11373014
2290,0.17527474,0.067258574,0.11657283,0.079771325,0.058701918,-0.012512751
2291,0.4511431,0.14445964,0.15922579,0.11233625,0.2919173,0.032123387
2292,0.7250394,0.15129581,0.23358528,0.17115341,0.49145412,-0.0198576
2293,0.73556155,0.22417356,0.28943074,0.20939949,0.4461308,0.014774069
2294,0.24556229,0.15530217,0.15823257,0.11996577,0.087329715,0.035336398
2295,0.53463894,0.27301943,0.21088251,0.15930535,0.32375643,0.113714084
2296,1.1399258,0.23527229,0.27461353,0.21081452,0.86531234,0.024457768
2297,0.8824514,0.31400853,0.38775182,0.25790477,0.4946996,0.056103766
2298,0.66808563,0.20724861,0.27504414,0.19116953,0.3930415,0.016079083
2299,0.9220159,0.2059142,0.40545914,0.24672651,0.51655674,-0.040812314
2300,0.8859577,0.28084403,0.40481994,0.26246363,0.48113778,0.018380404
2301,0.97202724,0.25987837,0.5367101,0.32334167,0.43531716,-0.0634633
2302,1.1462693,0.27388385,0.44620696,0.30196032,0.7000624,-0.02807647
2303,1.1501293,0.319594,0.4250285,0.28775147,0.7251008,0.03184253
2304,0.5945889,0.16407308,0.24490549,0.18087216,0.3496834,-0.016799077
2305,0.4887242,0.0585148,0.090456694,0.06531188,0.3982675,-0.006797079
2306,0.51373184,0.121058546,0.13274112,0.097814046,0.3809907,0.0232445
2307,0.34131673,0.102922045,0.09872838,0.080984876,0.24258834,0.02193717
2308,0.07264776,0.09558316,0.0481495,0.033395976,0.024498258,0.062187187
2309,1.7074833,0.25296387,0.33034462,0.24608436,1.3771386,0.0068795085
2310,0.7484766,0.23022242,0.3993124,0.26393756,0.34916422,-0.033715144
2311,0.7477601,0.24728832,0.31594077,0.21763462,0.43181935,0.029653698
2312,0.49743333,0.19981016,0.24200672,0.17421688,0.25542662,0.02559328
2313,0.035297126,0.15101862,0.023130095,0.018370563,0.012167031,0.13264805
2314,1.0707453,0.28292057,0.4249942,0.30556455,0.6457511,-0.022643983
2315,0.6664367,0.26364127,0.3307725,0.25834033,0.33566418,0.005300939
2316,0.7234068,0.13067052,0.16956711,0.1190548,0.5538397,0.011615716
2317,0.31464732,0.12472703,0.1493239,0.11053243,0.16532342,0.0141946
2318,1.6269817,0.4201636,0.611658,0.379325,1.0153238,0.0408386
2319,0.9699061,0.30172396,0.35540944,0.2757262,0.61449665,0.025997758
2320,0.06516957,0.044729576,0.03758482,0.029213851,0.027584754,0.015515724
2321,0.10335398,0.02853248,0.036650702,0.026214482,0.066703275,0.0023179986
2322,0.81732184,0.2011912,0.2629699,0.18012951,0.5543519,0.021061689
2323,0.17694043,0.13548529,0.06574732,0.05310777,0.111193106,0.08237752
2324,0.9059281,0.17421614,0.26943448,0.18523572,0.63649356,-0.0110195875
2325,1.0317466,0.26056537,0.33734334,0.23813465,0.6944033,0.022430718
2326,1.1662316,0.40098432,0.45361727,0.3335318,0.71261436,0.06745252
2327,0.9030708,0.22842339,0.30187938,0.22008945,0.6011914,0.008333936
2328,0.7478066,0.13819945,0.18674532,0.13604167,0.56106126,0.0021577775
2329,0.5455835,0.2118604,0.2606594,0.20017496,0.2849241,0.011685446
2330,0.71716386,0.19247128,0.28770766,0.21154638,0.4294562,-0.019075096
2331,-0.013959367,0.20031172,0.049182788,0.028632786,-0.06314215,0.17167893
2332,0.03604159,0.019126082,0.038406163,0.023693528,-0.0023645721,-0.004567446
2333,0.7353802,0.31846538,0.34896958,0.2604702,0.3864106,0.05799517
2334,0.52258176,0.24919964,0.28296643,0.20616864,0.23961532,0.043031007
2335,0.07230706,0.05278784,0.04157369,0.031661924,0.03073337,0.021125916
2336,0.3844467,0.111761965,0.20429139,0.13635592,0.18015532,-0.024593957
2337,0.36123005,0.21002519,0.18627423,0.14186701,0.17495582,0.06815818
2338,0.052322473,-0.008616183,0.059173495,0.03526464,-0.006851021,-0.043880824
2339,0.9511039,0.19320258,0.33991435,0.22517301,0.6111896,-0.031970426
2340,0.26158398,0.078710146,0.1498445,0.10430366,0.11173949,-0.025593512
2341,0.5901653,0.26551813,0.29173285,0.2290347,0.29843247,0.036483422
2342,0.401824,0.07817547,0.119428426,0.090323165,0.28239557,-0.012147695
2343,0.68256414,0.24925317,0.3420699,0.23865174,0.34049425,0.010601431
2344,0.45471212,0.14386036,0.23208237,0.14954029,0.22262976,-0.005679935
2345,0.15972975,0.05355882,0.06163372,0.044012103,0.09809603,0.009546716
2346,0.56193703,0.17759597,0.1850838,0.13038987,0.37685323,0.047206104
2347,0.8458221,0.3263643,0.38317037,0.2890064,0.46265173,0.037357897
2348,0.1226958,0.042524252,0.031287145,0.025216784,0.091408655,0.017307468
2349,0.15510121,0.04995748,0.04709928,0.034981333,0.10800193,0.014976148
2350,0.15788198,0.23687455,0.15085687,0.10141811,0.0070251077,0.13545644
2351,0.9128589,0.079387,0.21895237,0.13372588,0.69390655,-0.05433888
2352,0.73172563,0.2234228,0.26319206,0.1796171,0.46853358,0.04380569
2353,1.0736643,0.22552113,0.40813664,0.25135067,0.6655277,-0.025829539
2354,0.83406836,0.23194143,0.3123419,0.22324733,0.5217265,0.008694097
2355,0.20149744,0.11193066,0.17529291,0.11543604,0.026204526,-0.003505379
2356,1.089662,0.22195172,0.3029646,0.2183126,0.7866974,0.0036391169
2357,0.4210147,0.17159942,0.19976439,0.14215723,0.22125031,0.029442191
2358,0.26147103,0.21448053,0.09824314,0.077451676,0.16322789,0.13702886
2359,0.17202562,0.05599438,0.06707761,0.048376873,0.104948014,0.007617507
2360,0.26306835,0.053847734,0.104316264,0.069735005,0.15875208,-0.015887272
2361,0.6282616,0.18576542,0.2316266,0.17025043,0.39663503,0.015514985
2362,0.40690175,0.13352427,0.18221636,0.11675258,0.22468539,0.016771689
2363,0.0024007582,0.01487468,0.00084228645,0.003997513,0.0015584717,0.010877167
2364,0.81426245,0.103678964,0.15625459,0.10115164,0.65800786,0.0025273263
2365,0.18811059,0.038465414,0.069513716,0.044364568,0.118596874,-0.0058991536
2366,0.78929275,0.18326455,0.31903908,0.20765829,0.47025368,-0.024393737
2367,1.1724573,0.34783897,0.49334073,0.34107053,0.6791166,0.0067684352
2368,0.8919734,0.27488995,0.35117504,0.24875905,0.5407983,0.0261309
2369,-0.009054238,0.029540325,0.01525996,0.013571412,-0.024314199,0.015968911
2370,1.0245636,0.32021087,0.42802098,0.29042792,0.5965426,0.02978295
2371,0.7450835,0.2974093,0.32138902,0.2293552,0.4236945,0.068054095
2372,1.2894857,0.23586817,0.3643446,0.26854607,0.9251411,-0.032677904
2373,0.64176446,0.19455568,0.25605398,0.18994422,0.38571048,0.0046114624
2374,0.5871343,0.22728488,0.280161,0.19038507,0.3069733,0.036899805
2375,0.10815814,-0.034810882,0.035532303,0.02033461,0.07262584,-0.055145495
2376,0.29463753,0.17617036,0.21264428,0.13836929,0.08199325,0.037801072
2377,1.0580556,0.23988073,0.30649912,0.22547883,0.7515565,0.014401898
2378,0.5335376,0.11081695,0.11561868,0.08712938,0.41791895,0.023687571
2379,0.082500495,0.11789154,0.04854263,0.027307462,0.033957865,0.090584084
2380,1.2097095,0.29835945,0.28958568,0.21852015,0.9201238,0.079839304
2381,0.7531871,0.29288405,0.28289428,0.21058255,0.47029284,0.0823015
2382,0.3924357,0.037534863,0.06739095,0.04684806,0.32504475,-0.009313196
2383,0.6530984,0.18304586,0.23678304,0.17370144,0.41631538,0.009344429
2384,1.086815,0.30852818,0.45861042,0.33595982,0.6282046,-0.027431637
2385,-0.029026063,0.111137375,0.022931015,0.011167351,-0.05195708,0.09997003
2386,0.50377303,0.18338649,0.24690047,0.17310771,0.25687256,0.010278776
2387,0.0934532,0.006290641,0.05949426,0.03667395,0.033958938,-0.030383307
2388,0.456234,0.1782239,0.1964326,0.15657005,0.2598014,0.021653846
2389,1.015331,0.15801132,0.34139228,0.20361313,0.67393875,-0.045601815
2390,1.1538326,0.45944348,0.5785346,0.45431656,0.57529795,0.0051269233
2391,0.10100003,0.05007242,0.044176426,0.029893018,0.056823608,0.020179402
2392,1.2591735,0.38249055,0.6128731,0.4118823,0.64630044,-0.029391766
2393,1.0342737,0.2803339,0.28821507,0.21191223,0.7460587,0.06842168
2394,0.3291,0.08550651,0.11917304,0.081390925,0.20992696,0.004115589
2395,0.6390955,0.15593344,0.20668423,0.14814974,0.43241125,0.007783696
2396,0.62748766,0.16821255,0.19135702,0.118645966,0.43613064,0.04956658
2397,1.1362017,0.3670006,0.49431,0.39698333,0.6418917,-0.029982716
2398,0.20512241,0.06888468,0.067120284,0.047389068,0.13800213,0.02149561
2399,0.48457578,0.18331905,0.22786123,0.15904227,0.25671455,0.024276778
2400,0.44651592,0.28087658,0.12656647,0.07129726,0.31994945,0.20957932
2401,0.24331586,0.07085167,0.09953121,0.064319775,0.14378464,0.006531894
2402,0.7451867,0.2098697,0.29911515,0.20938249,0.44607154,0.00048720837
2403,0.5863521,0.14722271,0.11402727,0.082287334,0.47232485,0.06493538
2404,1.0647815,0.35083222,0.5360204,0.36816597,0.52876115,-0.017333746
2405,1.0751443,0.3514865,0.28375027,0.21449405,0.791394,0.13699245
2406,0.839441,0.26046067,0.34612817,0.25431,0.49331284,0.006150663
2407,0.5834397,0.2043022,0.15040365,0.11311405,0.43303606,0.091188155
2408,0.5548123,0.09424274,0.22455585,0.14330028,0.33025646,-0.049057543
2409,0.15132369,0.0521205,0.060569383,0.046216365,0.09075431,0.0059041344
2410,0.32457912,0.091386,0.11683705,0.08905952,0.20774207,0.002326481
2411,0.03575417,0.13888352,0.029070232,0.015988816,0.006683938,0.122894704
2412,0.6849153,0.19027674,0.25933483,0.18846622,0.42558047,0.0018105209
2413,0.31648,0.11701688,0.19905147,0.12291669,0.11742854,-0.0058998093
2414,0.33613595,0.1607178,0.18772489,0.12096472,0.14841107,0.03975308
2415,0.0042633447,0.034096345,0.038483128,0.020845657,-0.034219783,0.013250688
2416,0.11637569,0.01963507,0.027573919,0.021187691,0.08880177,-0.0015526209
2417,0.7769381,0.27437305,0.41985005,0.2854143,0.35708803,-0.011041254
2418,0.7149952,0.17235073,0.27282372,0.16976307,0.44217148,0.0025876611
2419,1.3765161,0.12808636,0.20142195,0.15075468,1.1750941,-0.022668317
2420,0.24190141,0.08410449,0.116149575,0.083227865,0.12575184,0.00087662786
2421,0.9887307,0.39607677,0.48468822,0.35845107,0.5040425,0.0376257
2422,0.068701066,0.036140915,0.037090197,0.0278885,0.03161087,0.008252416
2423,0.76205355,0.15439688,0.20718284,0.13930857,0.5548707,0.015088305
2424,0.4301288,0.15271232,0.21857274,0.14481968,0.21155608,0.007892638
2425,0.6573224,0.26502314,0.29008338,0.22640754,0.36723903,0.0386156
2426,0.30491832,0.011611472,0.037023574,0.03017837,0.26789474,-0.018566899
2427,1.0015944,0.1596555,0.28474152,0.19498293,0.7168529,-0.035327435
2428,0.87150353,0.26904023,0.35853797,0.25458148,0.51296556,0.014458746
2429,0.116438605,0.020808537,0.02652978,0.019684719,0.08990882,0.0011238176
2430,0.43256414,0.23450758,0.29030025,0.20292589,0.14226389,0.031581685
2431,0.6343136,0.13267638,0.19358245,0.13068214,0.44073114,0.0019942373
2432,0.1377572,0.03541076,0.09947176,0.059427828,0.038285434,-0.024017066
2433,0.42302808,0.17984205,0.21534437,0.14457193,0.20768371,0.035270125
2434,0.84485006,0.24141717,0.30829182,0.18214048,0.5365583,0.059276685
2435,0.022926357,0.009040501,0.024162954,0.02234562,-0.0012365971,-0.013305118
2436,0.41307163,0.15598182,0.16653253,0.107259415,0.2465391,0.04872241
2437,0.35418722,0.10540528,0.10778764,0.08008154,0.24639958,0.025323741
2438,0.65281373,0.14961441,0.16545017,0.107350186,0.48736358,0.042264223
2439,0.9626666,0.23533845,0.35128835,0.2521417,0.6113782,-0.016803265
2440,0.8562824,0.27254143,0.41538072,0.27048013,0.4409017,0.0020613074
2441,0.7513952,0.20349273,0.27081603,0.19238962,0.4805792,0.0111031085
2442,1.3131559,0.32186547,0.4262991,0.28993672,0.8868568,0.031928748
2443,1.2589927,0.21242462,0.32197666,0.21688864,0.937016,-0.0044640154
2444,0.16537853,0.040648866,0.050912045,0.036017366,0.11446648,0.0046315007
2445,0.3745589,0.1424796,0.1397847,0.108383454,0.2347742,0.034096144
2446,0.44156015,0.18297185,0.17015046,0.1369656,0.2714097,0.046006247
2447,0.72282255,0.22497141,0.30049947,0.2228661,0.42232308,0.0021053106
2448,0.5390041,0.1824362,0.2131483,0.15027596,0.3258558,0.032160237
2449,0.54962355,0.21603607,0.24907577,0.18273339,0.30054778,0.03330268
2450,0.63777226,0.19216366,0.3219344,0.2078627,0.31583786,-0.015699044
2451,-0.0024501188,0.12029611,0.0158127,0.007841473,-0.018262818,0.11245464
2452,1.0065523,0.29499477,0.43555325,0.30731714,0.5709991,-0.012322366
2453,0.8713936,0.25407964,0.4161402,0.29066873,0.45525342,-0.036589086
2454,0.7680799,0.11349731,0.21105485,0.15313993,0.557025,-0.039642625
2455,0.32181272,0.12964943,0.11230611,0.08777035,0.2095066,0.04187908
2456,0.42328304,0.19872604,0.22409004,0.1319436,0.199193,0.066782445
2457,1.1190977,0.24507435,0.344438,0.25474986,0.77465975,-0.009675518
2458,1.013809,0.22974604,0.3697079,0.24900427,0.644101,-0.01925823
2459,0.7743738,0.26022053,0.22483636,0.16470407,0.5495375,0.09551646
2460,1.0493361,0.30539766,0.3609641,0.27324897,0.688372,0.03214869
2461,0.0461022,-0.014127714,0.017328685,0.013885153,0.028773515,-0.028012868
2462,0.78097737,0.21665551,0.24702857,0.17708805,0.5339488,0.039567456
2463,0.84868515,0.15196596,0.2197081,0.14758281,0.62897706,0.0043831468
2464,0.308028,0.1631785,0.19735532,0.14691155,0.1106727,0.016266957
2465,1.285483,0.35335127,0.49500382,0.34639975,0.7904792,0.006951511
2466,0.05199319,-0.06214739,0.015435901,0.008131461,0.03655729,-0.07027885
2467,0.06310985,-0.029103873,0.041158315,0.028336361,0.021951538,-0.057440236
2468,1.3204365,0.33368,0.5184286,0.37695926,0.80200785,-0.04327926
2469,0.3004458,0.1714331,0.15326728,0.116145365,0.14717852,0.05528774
2470,0.23605211,0.095405474,0.1099725,0.08724556,0.12607962,0.008159913
2471,0.3689897,0.15601958,0.0829871,0.059673697,0.2860026,0.09634589
2472,0.30271074,0.11215223,0.17277354,0.11572344,0.1299372,-0.0035712048
2473,0.6073396,0.20778748,0.26107863,0.17774196,0.346261,0.030045524
2474,0.06694587,0.064377286,0.05972144,0.04540833,0.007224433,0.018968955
2475,-0.004196143,0.011562634,0.04014882,0.026913133,-0.04434496,-0.015350498
2476,1.1775569,0.17321038,0.3102236,0.20734453,0.8673333,-0.03413415
2477,0.812521,0.18701783,0.23922381,0.16540459,0.57329714,0.02161324
2478,1.063059,0.15291063,0.2534846,0.17862014,0.80957437,-0.02570951
2479,0.82742393,0.059508722,0.0930581,0.06888532,0.7343658,-0.009376597
2480,0.17445001,0.09196925,0.0962472,0.069060504,0.07820281,0.022908747
2481,0.5867029,0.07022425,0.09993252,0.06914296,0.48677036,0.0010812879
2482,0.108468615,0.014152464,0.04653164,0.02539956,0.061936975,-0.011247096
2483,0.29991922,0.11069091,0.13113181,0.08017146,0.1687874,0.030519448
2484,0.22112972,0.064430594,0.11508811,0.082531236,0.1060416,-0.018100642
2485,0.073402,0.01026076,0.06424458,0.05011071,0.009157419,-0.03984995
2486,1.5285237,0.24812008,0.4027207,0.29357326,1.125803,-0.045453176
2487,0.9773517,0.24533105,0.42556545,0.2851238,0.5517863,-0.039792746
2488,0.93949497,0.19752382,0.25965825,0.18035387,0.67983675,0.017169952
2489,0.38007686,0.12910806,0.14102955,0.10865494,0.2390473,0.020453118
2490,0.09391334,0.072480604,0.09299687,0.06208869,0.0009164661,0.010391913
2491,1.2407866,0.32614958,0.46574226,0.31384537,0.7750443,0.012304217
2492,0.31603292,0.033007234,0.07156588,0.057487607,0.24446703,-0.024480373
2493,0.07548507,0.045741912,0.10005804,0.066029064,-0.024572968,-0.020287152
2494,0.9751203,0.32357872,0.49646556,0.34100208,0.47865474,-0.017423362
2495,0.8178723,0.23264417,0.30602914,0.2030664,0.51184314,0.029577777
2496,0.10695024,0.05633965,0.04785904,0.033413567,0.0590912,0.022926085
2497,0.3537708,0.15765192,0.17175159,0.13389522,0.1820192,0.023756698
2498,1.1335067,0.2083552,0.27610907,0.19025338,0.85739756,0.018101826
2499,0.18477173,0.032041688,0.0398608,0.027761057,0.14491093,0.0042806305
2500,0.32455355,0.099805936,0.17649508,0.11779921,0.14805847,-0.017993271
2501,0.18596198,0.05020092,0.082531855,0.062261105,0.10343012,-0.012060184
2502,0.8439287,0.24569976,0.28850135,0.19988866,0.5554273,0.0458111
2503,1.001246,0.25501826,0.29671118,0.20117167,0.70453477,0.053846598
2504,0.9687827,0.11895477,0.19770561,0.12737063,0.7710771,-0.0084158555
2505,0.91657555,0.2713545,0.32022667,0.22794804,0.5963489,0.043406457
2506,0.8291011,0.27252764,0.38314578,0.26810384,0.4459553,0.004423797
2507,0.79779464,0.28325555,0.37363407,0.24514334,0.42416057,0.03811221
2508,0.47428393,0.17507884,0.23626107,0.16415782,0.23802286,0.010921016
2509,0.90852386,0.35527527,0.4500119,0.31720197,0.45851195,0.0380733
2510,0.29680023,0.07334043,0.08751928,0.05747003,0.20928094,0.0158704
2511,0.7220231,0.20105068,0.24731232,0.18206598,0.47471082,0.018984705
2512,0.9701229,0.30434325,0.35679916,0.23870507,0.6133237,0.065638185
2513,0.04623194,0.031930663,0.04867782,0.033042073,-0.0024458803,-0.0011114106
2514,1.0034933,0.2665904,0.3614347,0.2210525,0.6420586,0.04553789
2515,1.6925262,0.4754367,0.68188363,0.503725,1.0106425,-0.028288305
2516,0.5915512,0.111938246,0.18457086,0.13272096,0.40698034,-0.020782717
2517,1.039011,0.29893303,0.4435956,0.30524364,0.5954154,-0.006310612
2518,0.11866236,0.061842714,0.07362551,0.05125504,0.045036845,0.010587674
2519,0.12100545,0.062402297,0.055799466,0.036342274,0.06520599,0.026060022
2520,0.7934921,0.22790332,0.3547813,0.26127347,0.43871078,-0.033370152
2521,0.20453429,0.10809561,0.11890923,0.08497248,0.08562506,0.02312313
2522,0.9862607,0.18146893,0.29791388,0.19477223,0.68834686,-0.013303295
2523,1.1078568,0.3895045,0.51226217,0.3083544,0.5955946,0.081150085
2524,0.17289753,0.17688788,0.14461221,0.106066495,0.028285325,0.07082139
2525,1.5577158,0.8274654,1.0632759,0.71719277,0.49443984,0.110272646
2526,1.6258022,0.33795726,0.5616986,0.38355634,1.0641036,-0.045599073
2527,0.0864482,0.052897565,0.05218443,0.037008744,0.03426377,0.015888821
2528,0.20119739,0.047266796,0.0748888,0.053723384,0.12630859,-0.0064565875
2529,1.0529077,0.2134054,0.33193675,0.24254718,0.720971,-0.029141784
2530,0.87786156,0.255357,0.3465618,0.24341697,0.53129977,0.011940032
2531,0.089807846,0.118439876,0.0727043,0.049041443,0.017103545,0.06939843
2532,0.0116378525,0.1322716,0.04657825,0.030060003,-0.0349404,0.1022116
2533,0.7666381,0.19663346,0.23182172,0.15930647,0.5348164,0.03732699
2534,0.8522828,0.29322517,0.39434913,0.29918197,0.4579337,-0.005956799
2535,0.16757746,0.016402796,0.08848485,0.05144605,0.07909261,-0.035043254
2536,0.1626268,0.058149096,0.06673711,0.046598345,0.095889695,0.011550751
2537,1.0417325,0.27283943,0.44682705,0.26953775,0.5949055,0.00330168
2538,0.043628767,-0.018920636,0.0577551,0.033723854,-0.014126334,-0.05264449
2539,0.9018667,0.3183915,0.41308537,0.2897274,0.4887813,0.028664112
2540,0.86997086,0.18158895,0.2183931,0.16185826,0.6515778,0.019730687
2541,0.6782852,0.20385468,0.24913085,0.19048016,0.42915434,0.013374522
2542,1.3687313,0.23527202,0.33888236,0.21690688,1.0298489,0.018365145
2543,0.07420927,0.0041093305,0.022793021,0.011649863,0.05141625,-0.0075405324
2544,0.3997482,0.16259581,0.23410714,0.16003446,0.16564107,0.0025613457
2545,0.16993564,0.0775649,0.09447333,0.059159208,0.07546231,0.018405695
2546,0.45842904,0.1056156,0.08755442,0.06593265,0.3708746,0.039682955
2547,0.7204479,0.25514075,0.34650698,0.23958865,0.3739409,0.0155521035
2548,0.6776625,0.21454285,0.32290372,0.22393996,0.35475877,-0.009397104
2549,1.0159986,0.25241643,0.2984767,0.23234749,0.7175219,0.020068944
2550,0.25312886,0.1161758,0.07828845,0.04101663,0.1748404,0.07515917
2551,0.6418302,0.15356435,0.19343492,0.1400255,0.44839528,0.013538852
2552,0.16495226,0.11187397,0.097121544,0.065239966,0.06783072,0.046634004
2553,1.2074687,0.36200583,0.49326134,0.348139,0.7142074,0.013866842
2554,0.93997777,0.3408877,0.48777208,0.3143147,0.4522057,0.026573002
2555,0.51429886,0.09943081,0.11365982,0.0842249,0.40063903,0.015205905
2556,0.57939976,0.11745729,0.18038294,0.12175213,0.39901683,-0.004294835
2557,0.024700334,0.032654226,0.045263994,0.024355283,-0.02056366,0.008298943
2558,0.07223866,0.0065210895,0.025673622,0.016928433,0.04656504,-0.0104073435
2559,0.36282372,0.12261625,0.13180277,0.101664685,0.23102096,0.020951562
