feature_idx,seq_effect_obs,struct_effect_obs,seq_effect_shuffle,struct_effect_shuffle,seq_delta,struct_delta
0,0.40438518,0.06380802,0.081576884,0.05952204,0.3228083,0.0042859763
1,0.39861977,0.060430106,0.08309023,0.049429,0.31552953,0.011001106
2,0.4594439,0.060107946,0.09688555,0.06905391,0.36255836,-0.008945964
3,0.37598294,0.02911944,0.05077793,0.037183005,0.325205,-0.008063566
4,0.3141045,0.052212022,0.067817785,0.04673084,0.24628672,0.0054811835
5,0.4700962,0.06649943,0.074775584,0.057829082,0.39532062,0.008670345
6,0.4137748,0.07078935,0.10502076,0.07710875,0.30875403,-0.006319396
7,0.41173914,0.03720722,0.0729308,0.05185598,0.33880836,-0.014648762
8,0.15222412,0.020678608,0.029344272,0.018214215,0.12287985,0.0024643932
9,0.34255654,0.07689432,0.0890512,0.071167186,0.25350535,0.0057271346
10,0.37263295,0.091391295,0.11792274,0.093707964,0.2547102,-0.0023166686
11,0.34381932,0.008124702,0.013991086,0.01497305,0.32982823,-0.0068483483
12,0.38920897,0.03795355,0.041734077,0.036225982,0.3474749,0.0017275698
13,0.36971667,0.04587672,0.08690391,0.05975174,0.28281277,-0.0138750225
14,0.37145805,0.035739332,0.061472125,0.04149375,0.30998594,-0.0057544187
15,0.32180056,0.022161322,0.054973107,0.03516958,0.26682746,-0.013008257
16,0.376303,0.055860557,0.06749289,0.051128466,0.3088101,0.004732091
17,0.38300404,0.069521025,0.08662802,0.07185481,0.29637602,-0.0023337826
18,0.44858646,0.08555561,0.07755337,0.05939131,0.3710331,0.026164304
19,0.48957947,0.049695455,0.058621358,0.043140944,0.43095812,0.0065545104
20,0.31767255,0.033167772,0.06125077,0.039014466,0.25642177,-0.005846694
21,0.35940266,0.016688526,0.05282871,0.038680077,0.30657396,-0.02199155
22,0.31103054,0.051084716,0.060818247,0.036744524,0.25021228,0.014340192
23,0.39246878,0.050405357,0.07604059,0.05390656,0.31642818,-0.003501203
24,0.3251029,0.04704315,0.0742532,0.053322207,0.2508497,-0.0062790588
25,0.25893208,0.025856152,0.020625582,0.015907962,0.23830651,0.00994819
26,0.40770113,0.04224736,0.059322976,0.044167716,0.34837815,-0.0019203573
27,0.3128889,0.0145233115,0.035533376,0.027439546,0.27735552,-0.012916234
28,0.34071192,0.05015513,0.07149063,0.05228907,0.2692213,-0.0021339394
29,0.24747647,0.045874186,0.05471421,0.033785366,0.19276226,0.01208882
30,0.36484995,0.051546745,0.06894408,0.03772729,0.2959059,0.013819456
31,0.3481811,0.036807455,0.049236692,0.037686802,0.2989444,-0.0008793473
32,0.3127114,0.045486517,0.054315746,0.041266937,0.25839564,0.0042195804
33,0.2807172,0.03978866,0.055846553,0.042234793,0.22487064,-0.0024461336
34,0.33216667,0.055781044,0.075321466,0.05071799,0.2568452,0.005063053
35,0.3005379,0.029432563,0.03772769,0.029053604,0.26281023,0.00037895888
36,0.44624293,0.06508296,0.07888671,0.052265316,0.3673562,0.012817644
37,0.39213526,0.040399645,0.06457023,0.046726964,0.327565,-0.00632732
38,0.2886419,0.058490455,0.07155739,0.053066753,0.21708451,0.0054237023
39,0.5357727,0.033804893,0.07382049,0.04724502,0.4619522,-0.013440125
40,0.22704224,0.05281154,0.05367311,0.031183997,0.17336914,0.021627543
41,0.4338785,0.06560128,0.057628732,0.043360703,0.3762498,0.02224058
42,0.52814615,0.07165893,0.09691681,0.064251974,0.43122935,0.0074069574
43,0.35893318,0.051871914,0.0792702,0.062706284,0.27966297,-0.01083437
44,0.40853173,0.08298051,0.08834389,0.06193409,0.32018784,0.021046422
45,0.47341216,0.064153574,0.08095378,0.057382304,0.39245838,0.00677127
46,0.2812777,0.040330153,0.060162313,0.043667506,0.22111538,-0.0033373535
47,0.28223693,0.037480205,0.04541538,0.03106243,0.23682156,0.0064177755
48,0.35920686,0.030228438,0.06768511,0.04296111,0.29152173,-0.012732672
49,0.09487269,0.011518543,0.01175038,0.01083224,0.08312231,0.0006863028
50,0.29605022,0.05257101,0.07390422,0.056243103,0.222146,-0.0036720932
51,0.28051487,0.04695174,0.073723905,0.056365125,0.20679095,-0.009413384
52,0.31855887,0.031760756,0.070876285,0.051699124,0.24768259,-0.019938368
53,0.4045389,0.05625934,0.058749355,0.040407427,0.34578955,0.015851915
54,0.43731463,0.059542846,0.084278956,0.06656875,0.3530357,-0.007025901
55,0.26546228,0.07828625,0.06904143,0.04911174,0.19642085,0.029174514
56,0.47088024,0.041324463,0.09368863,0.06517049,0.3771916,-0.023846027
57,0.47495925,0.05693301,0.07984284,0.058699775,0.39511642,-0.0017667636
58,0.36917233,0.019578705,0.045005113,0.025762942,0.32416722,-0.006184237
59,0.36711594,0.03380077,0.07042705,0.05197695,0.29668888,-0.01817618
60,0.3492307,-0.010445942,0.043934215,0.025724566,0.30529648,-0.03617051
61,0.26923156,0.004558275,0.055481397,0.03397132,0.21375015,-0.029413046
62,0.5785059,0.09785335,0.11743732,0.0917353,0.46106857,0.0061180443
63,0.34978792,0.054532625,0.08117517,0.063199036,0.26861274,-0.008666411
64,0.28216693,0.040534783,0.058726918,0.037109334,0.22344,0.0034254491
65,0.29817352,0.042178225,0.05245527,0.044957887,0.24571824,-0.0027796626
66,0.4185999,0.07459252,0.091738366,0.07344881,0.32686153,0.0011437163
67,0.45761675,0.06747234,0.09630781,0.07086626,0.36130893,-0.0033939183
68,0.2830657,0.055764902,0.064517826,0.05071783,0.21854788,0.0050470717
69,0.30853525,0.047259927,0.072605506,0.047022797,0.23592974,0.00023712963
70,0.31163257,0.03976971,0.049032442,0.032021947,0.26260012,0.007747762
71,0.39532685,0.04954765,0.06917169,0.046563916,0.32615516,0.002983734
72,0.26649848,0.0379108,0.06289001,0.039391655,0.20360847,-0.001480855
73,0.4973226,0.058294695,0.10685809,0.068041265,0.39046448,-0.00974657
74,0.38248774,0.041781455,0.06153469,0.041465543,0.32095304,0.00031591207
75,0.38378343,0.07363093,0.0973051,0.07347814,0.28647834,0.00015278906
76,0.40397727,0.0489233,0.071638905,0.050314594,0.33233836,-0.0013912953
77,0.53788114,0.05430443,0.09169819,0.06068961,0.44618294,-0.006385181
78,0.45545903,0.06942677,0.0895007,0.06368731,0.36595833,0.005739458
79,0.32161695,0.045789257,0.055422526,0.039739795,0.26619443,0.0060494617
80,0.3888833,0.060451858,0.08204255,0.061385237,0.30684075,-0.00093337893
81,0.2601892,0.03234322,0.048140086,0.03607847,0.21204913,-0.0037352517
82,0.27916276,0.041197367,0.06602714,0.04001593,0.21313563,0.0011814386
83,0.38779274,0.087616585,0.11232875,0.09134632,0.275464,-0.0037297383
84,0.33484042,0.0351397,0.07067564,0.046023004,0.26416478,-0.010883305
85,0.27287376,0.04206077,0.070475265,0.050325,0.2023985,-0.008264229
86,0.4087257,0.03701001,0.058603525,0.040532704,0.35012218,-0.003522694
87,0.30237338,0.059478246,0.062482286,0.047224116,0.2398911,0.01225413
88,0.3086732,0.054871354,0.077998795,0.053147115,0.23067442,0.0017242394
89,0.42932495,0.05610909,0.099117294,0.07384181,0.33020765,-0.01773272
90,0.37166116,0.050219726,0.07532616,0.059239052,0.29633498,-0.009019326
91,0.37103638,0.051135115,0.06599657,0.05067414,0.30503982,0.00046097487
92,0.24615821,0.053664587,0.063678876,0.043350674,0.18247934,0.010313913
93,0.38593245,0.02821466,0.055776816,0.03833618,0.33015564,-0.010121521
94,0.2507008,0.015681481,0.035484176,0.022975914,0.21521662,-0.007294433
95,0.22952594,0.051410668,0.056058116,0.04179562,0.17346781,0.009615049
96,0.3122935,0.03771741,0.044336878,0.03630141,0.2679566,0.0014159977
97,0.43810982,0.06130117,0.0924473,0.064717576,0.3456625,-0.0034164041
98,0.2815587,0.03634015,0.053471267,0.038997497,0.22808743,-0.0026573464
99,0.42561874,0.06667898,0.10618597,0.08047841,0.31943277,-0.013799429
100,0.3907442,0.04213308,0.06695557,0.043730926,0.32378864,-0.0015978441
101,0.36537865,0.06098861,0.07125366,0.04882954,0.294125,0.012159068
102,0.33629954,0.048658658,0.06792168,0.05124555,0.26837784,-0.0025868937
103,0.3072372,0.06235333,0.068277575,0.04721669,0.23895964,0.0151366405
104,0.33013737,0.09193388,0.08622912,0.06323947,0.24390826,0.028694406
105,0.40461925,0.058108795,0.051749874,0.03838408,0.35286936,0.019724716
106,0.34877825,0.07709512,0.08440243,0.05920753,0.2643758,0.017887592
107,0.36719906,0.03694858,0.0626582,0.04446689,0.30454087,-0.00751831
108,0.3639774,0.054582644,0.078218855,0.048681825,0.28575855,0.005900819
109,0.3322653,0.042051412,0.056176417,0.03850736,0.27608886,0.0035440512
110,0.49853292,0.056104038,0.08089482,0.05278229,0.4176381,0.0033217482
111,0.44515148,0.037747506,0.068105265,0.05163784,0.37704623,-0.0138903335
112,0.33640435,0.0238508,0.042198367,0.025834238,0.294206,-0.0019834377
113,0.36350867,0.059314296,0.05390948,0.038100254,0.3095992,0.021214042
114,0.3643579,0.024115374,0.05003945,0.032225706,0.31431845,-0.008110331
115,0.3402129,0.06692067,0.09618823,0.06847815,0.24402468,-0.0015574843
116,0.42773482,0.06266738,0.08054778,0.06523226,0.34718704,-0.0025648847
117,0.47647268,0.06885083,0.07478747,0.051927634,0.4016852,0.016923197
118,0.19197787,0.028890485,0.029890215,0.02297755,0.16208766,0.0059129354
119,0.38743585,0.06904005,0.078530066,0.062622316,0.30890578,0.0064177364
120,0.3772657,0.036821753,0.06143721,0.03814174,0.31582847,-0.0013199858
121,0.26847154,0.08400149,0.07532058,0.062312268,0.19315097,0.021689221
122,0.41813684,0.04427017,0.08730841,0.059407353,0.33082843,-0.015137184
123,0.42302588,0.07574971,0.09033631,0.061982024,0.33268958,0.013767686
124,0.40086576,0.07099153,0.08663689,0.07049211,0.31422886,0.00049941987
125,0.30296916,0.02731095,0.03310502,0.024626251,0.26986414,0.0026846994
126,0.30279234,0.056628674,0.06388722,0.049181785,0.23890512,0.007446889
127,0.39406666,0.055851385,0.08438131,0.058772586,0.30968535,-0.0029212013
128,0.41723615,0.06744952,0.09054843,0.0725023,0.32668772,-0.0050527826
129,0.43952835,0.05633553,0.070201725,0.053773172,0.36932662,0.002562359
130,0.41660103,0.028942298,0.065446615,0.04542892,0.35115442,-0.016486622
131,0.35140893,0.04537952,0.06451818,0.05065264,0.28689075,-0.0052731223
132,0.36036763,0.021047408,0.07336897,0.04536258,0.28699866,-0.024315173
133,0.3890449,0.05469096,0.056768607,0.044742476,0.3322763,0.009948485
134,0.48810372,0.05006103,0.07577933,0.051557012,0.41232437,-0.0014959835
135,0.29757088,0.05047397,0.068916656,0.047293413,0.22865424,0.003180556
136,0.25246093,0.0253403,0.050605487,0.035379637,0.20185544,-0.010039337
137,0.36078238,0.043402463,0.07442267,0.057115693,0.28635973,-0.013713229
138,0.39218825,0.04067755,0.06489196,0.049048536,0.3272963,-0.008370984
139,0.31206432,0.03630112,0.052325238,0.032843843,0.25973907,0.003457278
140,0.396006,0.121722564,0.1173112,0.09582888,0.27869478,0.02589368
141,0.39651892,0.04505405,0.06753591,0.05114595,0.328983,-0.0060919
142,0.14783986,0.020784786,0.049871393,0.033770043,0.09796847,-0.012985257
143,0.31783557,0.037375778,0.061085355,0.04074169,0.25675023,-0.0033659115
144,0.41678566,0.015543635,0.038246892,0.026538085,0.37853876,-0.01099445
145,0.37861443,0.048876695,0.057661325,0.047548607,0.3209531,0.0013280883
146,0.3110776,0.037525665,0.07017425,0.04722675,0.24090335,-0.009701084
147,0.33536348,0.07202811,0.076221585,0.05894482,0.2591419,0.013083287
148,0.2621133,0.0674166,0.07588856,0.06082786,0.18622474,0.006588742
149,0.37847117,0.057338465,0.08774279,0.07325715,0.2907284,-0.015918683
150,0.5251342,0.07242972,0.101496145,0.068805896,0.42363805,0.0036238208
151,0.27467498,0.019732544,0.037444882,0.02476593,0.23723009,-0.005033385
152,0.43762353,0.11254607,0.098331,0.076707214,0.33929253,0.035838857
153,0.5388887,0.1027555,0.09125516,0.07086427,0.44763353,0.031891234
154,0.29150024,0.040319838,0.09051709,0.052671082,0.20098315,-0.012351245
155,0.34679368,0.055176634,0.06728189,0.05537983,0.2795118,-0.00020319596
156,0.34635994,0.028738432,0.061388332,0.042738535,0.2849716,-0.014000103
157,0.52744484,0.05631014,0.0798573,0.055417277,0.44758755,0.0008928627
158,0.33212814,0.0073744655,0.020245414,0.013506504,0.31188273,-0.0061320383
159,0.3907423,0.05991755,0.07910234,0.055258133,0.31163996,0.004659418
160,0.2367507,0.04977906,0.047401905,0.031723775,0.1893488,0.018055286
161,0.30922973,0.021458406,0.04334604,0.027022013,0.26588368,-0.0055636074
162,0.3258996,0.04058454,0.059420098,0.04473739,0.2664795,-0.0041528493
163,0.46640465,0.05398252,0.0809926,0.05916811,0.38541204,-0.005185593
164,0.41272455,0.067405865,0.09459891,0.07653786,0.31812564,-0.009131998
165,0.3764653,0.031202776,0.06667267,0.049346533,0.30979264,-0.018143756
166,0.33669347,0.05953286,0.071094036,0.060980905,0.26559943,-0.0014480464
167,0.3304479,0.04473878,0.063359275,0.04784717,0.26708865,-0.0031083897
168,0.15454198,0.01653969,0.026336387,0.017832076,0.1282056,-0.001292387
169,0.30142248,0.057445075,0.07417562,0.05855649,0.22724685,-0.0011114143
170,0.48264986,0.047167383,0.07028411,0.05512796,0.41236573,-0.007960577
171,0.2774047,0.015327124,0.0492935,0.02774806,0.2281112,-0.012420936
172,0.3683882,0.058765154,0.07091981,0.05070737,0.2974684,0.008057784
173,0.41127035,0.050172478,0.06525827,0.042419147,0.3460121,0.007753331
174,0.26463386,0.06570013,0.07788046,0.05620382,0.1867534,0.009496309
175,0.3713197,0.033290535,0.06185593,0.042972356,0.30946377,-0.009681821
176,0.26472515,0.037618596,0.07358984,0.045751687,0.19113532,-0.008133091
177,0.39892852,0.05449748,0.07307092,0.04473295,0.3258576,0.00976453
178,0.37512633,0.05321732,0.057266764,0.037299387,0.31785956,0.015917934
179,0.43275157,0.051871873,0.08617812,0.058916964,0.34657344,-0.00704509
180,0.41438738,0.05651958,0.089448385,0.068939455,0.32493898,-0.012419876
181,0.44980764,0.0313186,0.058784567,0.04259054,0.39102307,-0.011271939
182,0.16914403,0.006099118,0.020198163,0.01586568,0.14894587,-0.009766562
183,0.35153544,0.035985265,0.04908242,0.03650146,0.302453,-0.00051619485
184,0.32289746,0.02364573,0.049973715,0.03269715,0.27292374,-0.009051418
185,0.36343384,0.06685027,0.07929313,0.0605399,0.2841407,0.006310366
186,0.40138364,0.09081199,0.10667165,0.08111837,0.29471198,0.009693623
187,0.37420285,0.068534344,0.08180274,0.055338275,0.29240012,0.01319607
188,0.40497226,0.05644717,0.07600616,0.052019484,0.32896608,0.0044276863
189,0.42816082,0.08354469,0.10608919,0.0774623,0.3220716,0.006082386
190,0.2597025,0.04227834,0.06363277,0.041972835,0.19606973,0.0003055036
191,0.3013171,0.05059986,0.040148653,0.027658055,0.26116845,0.022941804
192,0.2962363,0.06075677,0.07161373,0.052129395,0.22462258,0.008627374
193,0.41416815,0.06091124,0.08995077,0.053421535,0.32421738,0.0074897036
194,0.35080704,0.047430806,0.07421458,0.045375675,0.27659246,0.002055131
195,0.34040374,0.01730688,0.05869328,0.037340596,0.28171045,-0.020033717
196,0.36927173,0.021001508,0.064189896,0.04055404,0.30508184,-0.01955253
197,0.35731924,0.046907876,0.07945573,0.059565645,0.2778635,-0.012657769
198,0.30689308,0.0364425,0.07172694,0.05071301,0.23516613,-0.0142705105
199,0.37407172,0.03210988,0.052524317,0.035704177,0.3215474,-0.003594298
200,0.3766601,0.06460466,0.07040336,0.05751718,0.30625674,0.007087484
201,0.3740259,0.04494278,0.06396826,0.044814803,0.31005764,0.00012797862
202,0.29474616,0.038538255,0.07857566,0.04914133,0.21617049,-0.010603074
203,0.5546863,0.084793754,0.12186201,0.0942704,0.4328243,-0.009476647
204,0.41807088,0.07874819,0.07452866,0.05013631,0.34354222,0.02861188
205,0.4192868,0.03598187,0.07204889,0.055490922,0.34723788,-0.019509051
206,0.35685486,0.111530475,0.13936752,0.10040699,0.21748734,0.011123486
207,0.43703306,0.06898991,0.07471184,0.053877115,0.36232123,0.015112795
208,0.4001725,0.041896548,0.05317358,0.03799001,0.34699893,0.003906537
209,0.37127355,0.054209456,0.07836091,0.0604478,0.29291263,-0.006238345
210,0.41220975,0.051580556,0.07899506,0.059481222,0.3332147,-0.007900666
211,0.36884025,0.05557908,0.062081046,0.04501707,0.3067592,0.01056201
212,0.37435248,0.044974223,0.08512225,0.053435884,0.28923023,-0.008461662
213,0.267966,0.059102874,0.055306148,0.045495417,0.21265985,0.013607457
214,0.27380764,0.06469283,0.06339428,0.045938063,0.21041337,0.01875477
215,0.42394748,0.07378046,0.086534545,0.061745565,0.33741295,0.012034897
216,0.40081832,0.085288346,0.08081688,0.0658457,0.32000142,0.019442648
217,0.32182154,0.06846896,0.087534964,0.059311856,0.23428658,0.009157103
218,0.38115874,0.05355981,0.060331404,0.0402653,0.32082734,0.013294511
219,0.42626762,0.04362561,0.078116275,0.050844423,0.34815136,-0.0072188117
220,0.34341398,0.041016854,0.06448166,0.047167785,0.27893233,-0.006150931
221,0.14990711,0.002717797,0.016469074,0.013027643,0.13343804,-0.010309846
222,0.43815753,0.04841185,0.068194754,0.05161088,0.36996278,-0.0031990297
223,0.519829,0.112702556,0.08930593,0.07050581,0.43052304,0.042196743
224,0.24811979,0.03175209,0.04565221,0.03288112,0.20246758,-0.0011290275
225,0.381004,0.060643222,0.073704995,0.05624885,0.30729902,0.004394371
226,0.45046908,0.041599024,0.06707908,0.049761195,0.38339,-0.008162171
227,0.44150794,0.05916345,0.10785959,0.07841691,0.33364835,-0.019253455
228,0.3890074,0.07669624,0.09654267,0.06803838,0.29246473,0.008657858
229,0.27058592,0.044226836,0.057901572,0.04387735,0.21268435,0.0003494881
230,0.3931421,0.057677865,0.07949217,0.057673573,0.31364995,4.2915344e-06
231,0.29011607,0.050948504,0.05252238,0.043030046,0.2375937,0.007918458
232,0.36110067,0.072623044,0.07604544,0.058045425,0.28505522,0.01457762
233,0.34857872,0.042467974,0.043583147,0.03604395,0.30499557,0.0064240247
234,0.27785456,0.040355474,0.054827917,0.036551256,0.22302665,0.003804218
235,0.3781934,0.028212246,0.05339993,0.039942533,0.3247935,-0.011730287
236,0.31099275,0.052317563,0.07423801,0.05010624,0.23675475,0.0022113249
237,0.23438197,0.043859612,0.06605014,0.055330932,0.16833183,-0.01147132
238,0.3817105,0.020875901,0.06720575,0.051400494,0.31450474,-0.030524593
239,0.3284251,0.07137471,0.067940585,0.05381524,0.26048452,0.017559469
240,0.34051424,0.046242345,0.095117114,0.06178968,0.24539712,-0.015547335
241,0.383014,0.045142762,0.055751603,0.035007894,0.3272624,0.010134868
242,0.32404664,0.07072644,0.064945474,0.05061716,0.25910115,0.020109281
243,0.45788282,0.063204944,0.10641585,0.07490347,0.35146695,-0.011698529
244,0.29942757,0.029371668,0.060868092,0.045168627,0.23855948,-0.01579696
245,0.3111153,0.018515905,0.045271628,0.040332757,0.26584366,-0.021816852
246,0.41095388,0.03389939,0.06562234,0.04146007,0.34533155,-0.0075606816
247,0.42716324,0.084046304,0.09381938,0.07020399,0.33334386,0.0138423145
248,0.23855329,0.05950173,0.06295933,0.051732816,0.17559396,0.007768914
249,0.32812735,0.048882134,0.06921032,0.049820624,0.25891703,-0.00093849003
250,0.29688838,0.02620713,0.03296747,0.029191166,0.2639209,-0.0029840358
251,0.32258162,0.020030811,0.057532996,0.041190494,0.26504862,-0.021159682
252,0.33478197,0.03491757,0.06355609,0.044313196,0.27122587,-0.009395625
253,0.30742943,0.03878109,0.055738904,0.040488534,0.25169054,-0.0017074421
254,0.3458107,0.056734387,0.08167435,0.05921486,0.26413637,-0.0024804734
255,0.42593753,0.05433683,0.08238162,0.064623155,0.34355593,-0.010286324
256,0.31590098,0.047467843,0.06617676,0.04981744,0.24972422,-0.0023495965
257,0.33911908,0.06366377,0.068084925,0.048290364,0.27103415,0.015373409
258,0.369436,0.07324411,0.08203481,0.066456124,0.2874012,0.0067879856
259,0.314767,0.039198823,0.05424015,0.042596318,0.26052687,-0.0033974946
260,0.31994957,0.068763375,0.062638864,0.043959983,0.2573107,0.024803393
261,0.09914036,0.016413687,0.022546133,0.018341918,0.076594226,-0.0019282307
262,0.37625006,0.025263911,0.043404266,0.031381983,0.3328458,-0.006118072
263,0.366939,0.056523677,0.071719155,0.05676552,0.29521984,-0.00024184212
264,0.296447,0.031388495,0.050440647,0.03225241,0.24600637,-0.00086391345
265,0.19712158,0.021775892,0.030585751,0.018583795,0.16653582,0.003192097
266,0.4756381,0.045510232,0.08700204,0.058732934,0.38863605,-0.013222702
267,0.38776505,0.040651612,0.06751965,0.043401696,0.3202454,-0.0027500838
268,0.28918475,0.041621365,0.071153834,0.04712808,0.21803091,-0.0055067167
269,0.2689822,0.07832752,0.06826086,0.05548839,0.20072134,0.022839133
270,0.3724277,0.039768692,0.06668408,0.047575224,0.30574363,-0.007806532
271,0.29894096,0.038111735,0.039701615,0.02902126,0.25923935,0.009090476
272,0.2936029,0.03953895,0.037510935,0.024372224,0.25609198,0.015166726
273,0.35245222,0.04819045,0.06259893,0.050910145,0.28985327,-0.0027196966
274,0.27079713,0.00694296,0.025237396,0.011900722,0.24555974,-0.004957762
275,0.44485432,0.029692244,0.0374755,0.026392555,0.40737882,0.003299689
276,0.15818082,0.0054247896,0.013071559,0.007840589,0.14510927,-0.002415799
277,0.27578422,0.030095417,0.047903985,0.029877687,0.22788024,0.00021773018
278,0.23762245,0.02791604,0.06407376,0.0364384,0.1735487,-0.0085223615
279,0.35637575,0.059744366,0.055897404,0.042503953,0.30047834,0.017240413
280,0.41147044,0.06008184,0.055314243,0.03837801,0.3561562,0.021703828
281,0.3407499,0.04780296,0.059119932,0.042401098,0.28162995,0.005401861
282,0.41946837,0.05016619,0.05063481,0.04180507,0.36883357,0.00836112
283,0.41508278,0.04184235,0.08698923,0.05758096,0.32809356,-0.01573861
284,0.2897298,0.02365656,0.0484907,0.031793825,0.2412391,-0.008137265
285,0.26186603,0.040940195,0.076683,0.050092626,0.18518303,-0.009152431
286,0.28174782,0.022149537,0.04046681,0.02830658,0.241281,-0.0061570425
287,0.28836325,0.015884006,0.04784344,0.03140462,0.2405198,-0.015520612
288,0.4495775,0.051323816,0.097238794,0.06960277,0.35233873,-0.018278956
289,0.44366702,0.09903736,0.08146193,0.062167764,0.3622051,0.036869593
290,0.30498585,0.04302716,0.059728812,0.041181702,0.24525703,0.0018454567
291,0.34616515,0.013098409,0.06179784,0.046887822,0.28436732,-0.03378941
292,0.3912595,0.042694394,0.064823434,0.0404357,0.32643604,0.002258692
293,0.38576293,0.065246105,0.0998577,0.07074549,0.28590524,-0.0054993853
294,0.41639677,0.059821814,0.09037822,0.055463333,0.32601854,0.0043584816
295,0.34241375,0.027813846,0.078129984,0.04328968,0.26428378,-0.015475834
296,0.29896605,0.018724121,0.0519856,0.040701274,0.24698046,-0.021977153
297,0.35249776,0.030677492,0.038888704,0.026755312,0.31360906,0.0039221793
298,0.28931057,0.0367734,0.05166117,0.030628141,0.23764941,0.0061452575
299,0.4544857,0.07591934,0.07426753,0.05426849,0.38021818,0.021650847
300,0.33399418,0.049110394,0.0727849,0.05307461,0.26120928,-0.0039642155
301,0.30466095,0.06116354,0.07630469,0.057330705,0.22835626,0.0038328357
302,0.39396343,0.041871358,0.06473659,0.047765277,0.32922685,-0.0058939196
303,0.2958294,0.05103879,0.070581734,0.054246746,0.22524765,-0.0032079555
304,0.37820306,0.06655845,0.079935156,0.055354886,0.2982679,0.011203565
305,0.39830416,0.029790532,0.050124217,0.030714154,0.34817994,-0.0009236224
306,0.2979795,0.03977518,0.057101794,0.041695304,0.24087772,-0.0019201227
307,0.25748417,0.028900925,0.04100117,0.032530855,0.216483,-0.0036299303
308,0.4139192,0.07678422,0.089283116,0.06591307,0.3246361,0.01087115
309,0.2834546,0.011613953,0.011489723,0.010303684,0.27196488,0.0013102693
310,0.35814828,0.083837904,0.07533021,0.052979182,0.28281808,0.030858722
311,0.39486605,0.049191397,0.081222765,0.057144016,0.31364328,-0.007952619
312,0.3146948,0.014545181,0.01968043,0.017170185,0.29501435,-0.0026250044
313,0.4866235,0.059339315,0.11548784,0.07074775,0.37113565,-0.011408433
314,0.36515638,0.045812014,0.061482977,0.04664572,0.30367342,-0.00083370507
315,0.42655137,0.074390784,0.076971285,0.055379756,0.34958008,0.019011028
316,0.33390144,0.02433815,0.05927831,0.04230991,0.27462313,-0.01797176
317,0.41632366,0.06442753,0.05856086,0.036860004,0.3577628,0.027567528
318,0.3416482,0.049641754,0.053679526,0.03925296,0.28796867,0.010388795
319,0.46952334,0.11064179,0.15390441,0.11263962,0.31561893,-0.0019978285
320,0.39897874,0.070701495,0.07812049,0.049928058,0.32085824,0.020773437
321,0.41360572,0.05441253,0.07623765,0.05273695,0.33736807,0.0016755797
322,0.33086768,0.050859682,0.08610246,0.058485072,0.24476522,-0.00762539
323,0.1605312,0.042072427,0.054381866,0.03600244,0.10614933,0.006069988
324,0.36266,0.06294898,0.08864746,0.054892886,0.27401254,0.008056093
325,0.34139064,0.059954353,0.08260163,0.05704453,0.258789,0.0029098243
326,0.3744858,0.056382105,0.08381313,0.053809486,0.29067266,0.0025726184
327,0.22127073,0.022921681,0.034285244,0.021741917,0.18698548,0.001179764
328,0.34511185,0.053804025,0.09272068,0.06087293,0.25239116,-0.007068906
329,0.46760482,0.03809195,0.067018375,0.04516994,0.40058643,-0.0070779882
330,0.41976103,0.0067489143,0.01641255,0.012866497,0.40334848,-0.006117583
331,0.2910358,0.031568907,0.058436166,0.03526389,0.23259963,-0.0036949813
332,0.32587337,0.036976617,0.053910516,0.030212339,0.27196285,0.006764278
333,0.4219428,0.032379486,0.06306767,0.0436752,0.35887513,-0.0112957135
334,0.46342847,0.0824686,0.09613875,0.07761152,0.36728972,0.004857078
335,0.2603152,0.040833674,0.052073784,0.036628205,0.20824143,0.004205469
336,0.3471072,0.031535655,0.06281136,0.04902237,0.28429586,-0.017486714
337,0.29616305,0.02882714,0.061512392,0.046650924,0.23465066,-0.017823784
338,0.30858824,0.041129764,0.08525036,0.05669588,0.22333787,-0.015566114
339,0.3491705,0.051757056,0.06811571,0.048562128,0.2810548,0.0031949282
340,0.44581383,0.042051814,0.101012364,0.063860476,0.3448015,-0.021808662
341,0.30096787,0.043060645,0.059537124,0.035585653,0.24143074,0.0074749924
342,0.4791701,0.07641639,0.08799157,0.06207318,0.39117855,0.01434321
343,0.33655897,0.06499205,0.05644747,0.04437519,0.2801115,0.02061686
344,0.38019863,0.076285265,0.11638143,0.079117574,0.2638172,-0.0028323084
345,0.3029563,0.03226257,0.052266546,0.03810916,0.25068977,-0.00584659
346,0.38804406,0.060928073,0.045857996,0.031217188,0.34218606,0.029710885
347,0.55248564,0.065598205,0.097422004,0.055889387,0.45506364,0.009708818
348,0.25715688,0.04131237,0.06529627,0.046856724,0.19186062,-0.0055443533
349,0.32990468,0.052227017,0.077732876,0.05645437,0.2521718,-0.004227355
350,0.37062633,0.046923313,0.063275315,0.04015716,0.30735102,0.0067661516
351,0.38631383,0.054395176,0.07484233,0.059372306,0.3114715,-0.0049771294
352,0.3865141,0.068623826,0.08831434,0.060808547,0.29819977,0.007815279
353,0.27700624,0.04275255,0.067219436,0.039063584,0.2097868,0.003688965
354,0.46314785,0.045472857,0.0823572,0.05497632,0.38079065,-0.009503465
355,0.5292224,0.14485578,0.12209104,0.09164061,0.40713137,0.053215176
356,0.4271722,0.06725913,0.05402547,0.04127646,0.37314674,0.025982674
357,0.24643733,0.04085977,0.066234425,0.04524648,0.1802029,-0.004386708
358,0.38817516,0.053362947,0.10731901,0.07016128,0.28085613,-0.016798336
359,0.36631185,0.06668439,0.08136937,0.06608756,0.28494248,0.00059682876
360,0.16635054,0.009785613,0.021403002,0.017238013,0.14494754,-0.0074524004
361,0.22612064,0.015807841,0.03777509,0.024348905,0.18834555,-0.008541064
362,0.35658655,0.06454247,0.07522614,0.06006832,0.2813604,0.004474152
363,0.31206456,0.012978156,0.05164834,0.034591895,0.2604162,-0.02161374
364,0.34693152,0.05647733,0.07644279,0.058785837,0.27048874,-0.0023085065
365,0.32477358,0.04207564,0.06754405,0.054349948,0.25722954,-0.012274306
366,0.37331533,0.027385687,0.059488643,0.037274897,0.31382668,-0.00988921
367,0.27793264,0.044321768,0.056222904,0.038735785,0.22170974,0.0055859834
368,0.5223611,0.06738005,0.09533069,0.070244655,0.4270304,-0.0028646067
369,0.41631785,0.044541255,0.056759268,0.04694698,0.35955858,-0.0024057254
370,0.18402924,0.01475346,0.033747207,0.020304725,0.15028203,-0.0055512646
371,0.40667456,0.08592891,0.08058765,0.061855584,0.3260869,0.024073325
372,0.45120922,0.02614366,0.029174477,0.02023107,0.42203474,0.005912591
373,0.3802926,0.05619171,0.063984275,0.04359599,0.31630832,0.012595721
374,0.17358263,0.0213159,0.027272712,0.020829767,0.14630991,0.00048613362
375,0.41301537,0.06134497,0.066118516,0.05209593,0.34689686,0.009249039
376,0.14221731,0.030229216,0.035408117,0.01933626,0.10680919,0.010892956
377,0.33891305,0.0573632,0.074481264,0.050544523,0.26443177,0.006818678
378,0.35432205,0.036901385,0.06226054,0.048556305,0.2920615,-0.011654921
379,0.35429507,0.063810326,0.056105953,0.04607319,0.29818913,0.017737135
380,0.4887114,0.06898114,0.10731216,0.074943975,0.3813992,-0.0059628338
381,0.3937347,0.041425105,0.0801055,0.05136258,0.3136292,-0.009937476
382,0.3638804,0.033850726,0.042279568,0.034325525,0.32160082,-0.00047479942
383,0.2458029,0.041542366,0.053521454,0.040506978,0.19228144,0.0010353886
384,0.44827542,0.04831978,0.07693926,0.06000501,0.37133616,-0.01168523
385,0.25751764,0.038174674,0.037881263,0.028729087,0.21963638,0.009445587
386,0.29963374,0.044005234,0.06628516,0.042878497,0.23334858,0.0011267364
387,0.37630183,0.07983304,0.07776137,0.05927909,0.29854047,0.020553946
388,0.30487764,0.059608653,0.05454867,0.037568916,0.25032896,0.022039738
389,0.34775686,0.04025775,0.065531865,0.04814934,0.282225,-0.007891592
390,0.37331486,0.07382082,0.07956878,0.05859194,0.29374608,0.015228882
391,0.43835562,0.060009476,0.08602302,0.05788075,0.3523326,0.002128724
392,0.44766074,0.04310021,0.065779395,0.050753094,0.38188136,-0.0076528825
393,0.46498296,0.058369283,0.09618973,0.06864268,0.36879322,-0.010273401
394,0.34783816,0.02874336,0.059696637,0.044357438,0.28814152,-0.015614077
395,0.38548344,0.056241315,0.06361778,0.049174596,0.32186568,0.0070667192
396,0.24758425,0.03211763,0.035175785,0.023151482,0.21240847,0.00896615
397,0.30287614,0.053281534,0.038972683,0.02968466,0.26390347,0.023596875
398,0.41574833,0.06382119,0.086282775,0.0625673,0.32946557,0.001253888
399,0.3285813,0.07739099,0.05361704,0.037093647,0.27496427,0.040297344
400,0.34236857,0.037447583,0.06731795,0.047110878,0.27505064,-0.009663295
401,0.42324737,0.04980532,0.06811097,0.050861605,0.3551364,-0.0010562837
402,0.34335876,0.057169404,0.058793087,0.047309,0.28456566,0.009860404
403,0.19696987,0.01595407,0.02070592,0.01825602,0.17626394,-0.00230195
404,0.32711145,0.059815075,0.06096198,0.04320856,0.26614946,0.016606513
405,0.35440448,0.06961887,0.07519355,0.050431557,0.27921093,0.019187316
406,0.40372345,0.06850741,0.08451239,0.06471042,0.31921107,0.0037969872
407,0.41139382,0.04808167,0.053005625,0.043097984,0.3583882,0.004983686
408,0.3390617,0.049102608,0.06695948,0.042023562,0.27210224,0.007079046
409,0.31950128,0.07128905,0.065870546,0.05262822,0.25363073,0.018660828
410,0.3020487,0.04423882,0.05269447,0.041806523,0.24935424,0.002432298
411,0.36277878,0.033604506,0.05258168,0.035664476,0.31019711,-0.00205997
412,0.2732372,0.035965357,0.050498288,0.033040546,0.2227389,0.002924811
413,0.44033557,0.04604499,0.08128016,0.051929556,0.3590554,-0.0058845654
414,0.43321857,0.043335035,0.08317053,0.06093221,0.35004804,-0.017597176
415,0.48523608,0.06503226,0.10344509,0.0710284,0.381791,-0.005996138
416,0.35127366,0.0610488,0.09518306,0.07162948,0.25609058,-0.010580681
417,0.39191937,0.053605657,0.0787497,0.06416449,0.31316966,-0.010558832
418,0.24070211,0.032823753,0.049704768,0.03170461,0.19099733,0.0011191443
419,0.4475772,0.077683076,0.0754202,0.05461963,0.372157,0.023063447
420,0.33368537,0.04376614,0.062938035,0.048108876,0.27074733,-0.004342735
421,0.32138875,0.039781705,0.060426753,0.042960282,0.260962,-0.0031785779
422,0.28767353,0.021035852,0.033526216,0.028796334,0.25414732,-0.007760482
423,0.47730157,0.07083444,0.068120934,0.04937463,0.40918064,0.021459814
424,0.3836205,0.051421523,0.06541206,0.047268488,0.31820846,0.0041530356
425,0.29012987,0.040705964,0.04646595,0.03642813,0.24366392,0.004277833
426,0.30161107,0.0438793,0.038400255,0.026999304,0.2632108,0.016879996
427,0.3062671,0.03735386,0.07022305,0.044864632,0.23604406,-0.007510774
428,0.36567906,0.03352917,0.061971545,0.03534431,0.3037075,-0.0018151402
429,0.39788857,0.043070912,0.07529505,0.056035273,0.3225935,-0.01296436
430,0.44244793,0.05836442,0.09170261,0.05714053,0.35074532,0.001223892
431,0.30469957,0.027057638,0.07074281,0.051541608,0.23395675,-0.02448397
432,0.299986,0.026447695,0.055844158,0.037168104,0.24414185,-0.010720409
433,0.37406206,0.032154992,0.07377311,0.048530135,0.30028895,-0.016375143
434,0.36214298,0.03347121,0.048553687,0.0377552,0.3135893,-0.004283987
435,0.28708133,0.041657742,0.04656679,0.03386023,0.24051455,0.007797513
436,0.38505507,0.057413492,0.074847914,0.058668744,0.31020716,-0.0012552515
437,0.51868796,0.059324596,0.07583019,0.0592305,0.44285777,9.409711e-05
438,0.48079693,0.10630978,0.08854823,0.06837316,0.3922487,0.03793662
439,0.4015462,0.046408933,0.07012612,0.050322212,0.3314201,-0.0039132796
440,0.34800577,0.047803696,0.07515876,0.05154082,0.272847,-0.0037371255
441,0.31315786,0.061002254,0.08481023,0.06284401,0.22834763,-0.0018417537
442,0.30826777,0.027213765,0.05267356,0.034636244,0.25559422,-0.007422479
443,0.14000182,0.037608836,0.032020435,0.02277943,0.107981384,0.0148294065
444,0.4206401,0.07287391,0.09117645,0.06155797,0.32946366,0.011315942
445,0.45681372,0.08043918,0.11544342,0.0767812,0.34137028,0.0036579818
446,0.30146977,0.055642873,0.061044257,0.047734696,0.24042551,0.007908177
447,0.30682907,0.051735938,0.06526089,0.048742197,0.24156818,0.0029937401
448,0.44170395,0.07398696,0.110058546,0.08062396,0.3316454,-0.0066369995
449,0.4197019,0.07118082,0.076452896,0.056603156,0.34324902,0.014577664
450,0.36974075,0.06496514,0.06213004,0.046984646,0.30761072,0.01798049
451,0.13989142,0.0216679,0.04083398,0.029685607,0.099057436,-0.008017708
452,0.41381416,0.077096164,0.072241925,0.05095606,0.34157223,0.026140105
453,0.3871151,0.06349004,0.09384277,0.06356524,0.29327232,-7.519871e-05
454,0.3436914,0.04168759,0.064042374,0.048500683,0.27964902,-0.006813094
455,0.30571982,0.051030904,0.09121515,0.057762407,0.21450467,-0.0067315027
456,0.4146155,0.041369446,0.06746913,0.049298685,0.3471464,-0.007929239
457,0.3950985,0.04791704,0.076771274,0.054171048,0.31832725,-0.00625401
458,0.30011672,0.032143883,0.0625569,0.04731884,0.23755983,-0.015174955
459,0.38829848,0.04319631,0.06700221,0.0470945,0.32129627,-0.0038981922
460,0.22397524,0.058542665,0.06345751,0.045417193,0.16051772,0.013125472
461,0.24053828,0.012092472,0.044178065,0.032812558,0.19636022,-0.020720087
462,0.3634923,0.02178306,0.049020242,0.033676676,0.31447208,-0.011893617
463,0.43320933,0.07960366,0.1017525,0.07522948,0.33145684,0.0043741763
464,0.32597297,0.04058743,0.0717086,0.051898867,0.25426438,-0.011311438
465,0.1335545,0.037335373,0.036937695,0.03142201,0.096616805,0.005913362
466,0.29896173,0.089664735,0.05844003,0.045184024,0.2405217,0.04448071
467,0.36360976,0.05675801,0.055722307,0.044089485,0.30788746,0.012668524
468,0.10555225,0.020722225,0.03360061,0.024629299,0.07195164,-0.0039070733
469,0.33677062,0.023163434,0.06281184,0.045546133,0.2739588,-0.022382699
470,0.42988452,0.035686005,0.062983096,0.044920813,0.36690143,-0.009234808
471,0.37162116,0.036686324,0.063389525,0.0502958,0.30823165,-0.013609476
472,0.2679797,0.06554584,0.06307547,0.03881608,0.20490424,0.026729763
473,0.49140155,0.08262186,0.10459844,0.078457095,0.38680312,0.004164763
474,0.35364124,0.05079517,0.07176791,0.051321603,0.28187335,-0.00052643195
475,0.4676861,0.043512996,0.10326207,0.06586821,0.36442402,-0.02235521
476,0.33570006,0.023294352,0.04836752,0.03289586,0.28733253,-0.009601507
477,0.26609823,0.048250817,0.052800506,0.04374555,0.21329772,0.0045052655
478,0.43285343,0.07001917,0.096903846,0.06783613,0.3359496,0.0021830425
479,0.32729706,0.047193486,0.06350277,0.04438795,0.2637943,0.0028055348
480,0.30847162,0.04403254,0.062098227,0.039975874,0.24637339,0.004056666
481,0.3790861,0.087953284,0.09170045,0.06437337,0.28738564,0.023579918
482,0.1582141,0.018069223,0.034592323,0.023760393,0.123621784,-0.0056911707
483,0.29120913,0.037412714,0.055805963,0.03634496,0.23540317,0.0010677539
484,0.256029,0.03624523,0.0546908,0.037302215,0.2013382,-0.0010569841
485,0.3461326,0.03346538,0.057887338,0.040349636,0.28824526,-0.0068842545
486,0.44093564,0.04000287,0.066855356,0.04135295,0.3740803,-0.0013500787
487,0.37749547,0.03419047,0.062247634,0.04428948,0.31524783,-0.010099012
488,0.3898935,0.019891474,0.046496533,0.034122426,0.34339696,-0.014230952
489,0.4835814,0.041650318,0.06767397,0.04266013,0.41590744,-0.0010098107
490,0.31896544,0.042496126,0.065852396,0.04680177,0.25311303,-0.004305642
491,0.39977026,0.016443323,0.059293807,0.03771458,0.34047645,-0.021271255
492,0.29711565,0.07192074,0.07375833,0.056778513,0.22335732,0.015142225
493,0.32377726,0.06916266,0.06828498,0.054196276,0.25549227,0.014966384
494,0.44729036,0.06752073,0.092692696,0.07057071,0.35459766,-0.0030499771
495,0.37990955,0.044890545,0.07721427,0.048994947,0.30269527,-0.004104402
496,0.35727495,0.06316817,0.079235315,0.06749642,0.27803963,-0.004328251
497,0.34826493,0.022250373,0.07053964,0.048206836,0.27772528,-0.025956463
498,0.6123248,0.092453055,0.12795937,0.09033233,0.4843654,0.0021207258
499,0.35232073,0.02465917,0.05461356,0.03899202,0.29770717,-0.014332851
500,0.34216633,0.04513871,0.053343005,0.040533394,0.28882334,0.0046053156
501,0.3827677,0.051102553,0.05721283,0.038612872,0.32555488,0.01248968
502,0.41664663,0.04187711,0.048083425,0.03884989,0.3685632,0.0030272193
503,0.10566411,0.018349465,0.012917508,0.0063586407,0.0927466,0.011990825
504,0.4841267,0.041324664,0.07119645,0.04954048,0.41293025,-0.008215815
505,0.29166165,0.029370828,0.057237633,0.04087191,0.23442402,-0.011501083
506,0.21903718,0.032501087,0.056542832,0.038955957,0.16249435,-0.00645487
507,0.40477404,0.054670043,0.06643448,0.04802966,0.33833957,0.006640382
508,0.4119529,0.046039265,0.07696626,0.04052969,0.33498666,0.005509574
509,0.36636004,0.04755493,0.079522386,0.05985142,0.28683764,-0.01229649
510,0.39425257,0.045573063,0.09003459,0.04702441,0.304218,-0.001451347
511,0.2311674,0.045473136,0.06490876,0.042054974,0.16625865,0.0034181625
512,0.28303522,0.07403214,0.06780106,0.060417503,0.21523416,0.01361464
513,0.42547253,0.07231542,0.09280359,0.06710474,0.33266893,0.0052106753
514,0.41550907,0.06766776,0.067498684,0.04205572,0.3480104,0.025612041
515,0.22813146,0.041109756,0.05519002,0.04458146,0.17294145,-0.003471706
516,0.4239057,0.059283134,0.07697503,0.056295563,0.34693068,0.002987571
517,0.34501812,0.06411184,0.090922914,0.051749177,0.2540952,0.012362666
518,0.43875355,0.09014914,0.116663456,0.07656342,0.3220901,0.013585724
519,0.29107192,0.035137407,0.05736503,0.035715003,0.23370689,-0.0005775951
520,0.34868893,0.051911026,0.050823558,0.035562675,0.29786536,0.01634835
521,0.47139183,0.016894983,0.07152249,0.046732947,0.39986932,-0.029837964
522,0.3929176,0.046876125,0.08108212,0.04794701,0.31183547,-0.0010708831
523,0.32321426,0.027459472,0.039458606,0.03315136,0.28375566,-0.005691886
524,0.33269906,0.039316908,0.05083081,0.0394519,0.28186825,-0.00013499334
525,0.31073976,0.06487189,0.07134484,0.055801533,0.23939492,0.009070359
526,0.26776722,0.017242206,0.05428622,0.03432224,0.21348101,-0.017080033
527,0.2547521,0.03654416,0.04665247,0.03455445,0.20809963,0.0019897074
528,0.26761192,0.03286131,0.050008424,0.0356493,0.2176035,-0.0027879886
529,0.09184284,0.006178694,0.020876793,0.014617784,0.07096604,-0.00843909
530,0.35037068,0.039023653,0.08109846,0.056797903,0.2692722,-0.01777425
531,0.16770671,0.017861128,0.026840996,0.016009321,0.14086571,0.0018518064
532,0.28880468,0.051821053,0.07617893,0.04808243,0.21262574,0.003738623
533,0.40383875,0.07768203,0.097459726,0.07269582,0.30637902,0.0049862117
534,0.43304142,0.08799493,0.11680005,0.07775809,0.31624138,0.010236844
535,0.37019575,0.018014407,0.0700981,0.03886377,0.30009764,-0.020849364
536,0.28744787,0.04115676,0.062202197,0.045819037,0.22524567,-0.0046622753
537,0.27422193,0.0320397,0.052236773,0.04134633,0.22198516,-0.009306632
538,0.34561324,0.05729606,0.08898147,0.06451371,0.25663176,-0.007217653
539,0.24135244,0.007214383,0.041185297,0.03204496,0.20016715,-0.024830576
540,0.41355923,0.051482957,0.055003025,0.036853485,0.3585562,0.014629472
541,0.24772495,0.023902865,0.03647906,0.03127352,0.2112459,-0.0073706564
542,0.30538833,0.047244318,0.053055145,0.046629794,0.2523332,0.0006145239
543,0.32078648,0.039156765,0.065707825,0.049827326,0.25507864,-0.010670561
544,0.5394459,0.0416436,0.085672006,0.05709325,0.45377386,-0.015449651
545,0.29349905,0.0351045,0.048838414,0.03484604,0.24466065,0.00025845692
546,0.38248286,0.034058206,0.05197547,0.036434777,0.3305074,-0.0023765713
547,0.39624864,0.053120855,0.080366805,0.056882523,0.31588185,-0.0037616678
548,0.27497455,0.03649021,0.055753123,0.040636633,0.21922143,-0.004146423
549,0.3168016,0.05905483,0.07085859,0.048810992,0.24594301,0.010243837
550,0.3900583,0.045889895,0.045300927,0.036403663,0.34475738,0.009486232
551,0.45733038,0.053432252,0.062772356,0.036519643,0.394558,0.01691261
552,0.4614551,0.065811805,0.07898563,0.059476115,0.38246948,0.0063356906
553,0.2874262,0.011272773,0.028714407,0.018505206,0.25871179,-0.007232433
554,0.33443728,0.04350622,0.055311244,0.04473441,0.27912605,-0.001228191
555,0.28439808,0.04757232,0.057361584,0.03947242,0.22703649,0.008099899
556,0.31688076,0.05287236,0.07748829,0.054720215,0.23939247,-0.0018478557
557,0.3280812,0.043007966,0.068623975,0.040074565,0.25945723,0.0029334016
558,0.39546058,0.09030346,0.12889054,0.099068545,0.26657003,-0.0087650865
559,0.3132905,0.06086935,0.08000884,0.064879954,0.23328167,-0.004010603
560,0.36753845,0.042264394,0.039350346,0.030135617,0.32818812,0.012128778
561,0.63347375,0.09280442,0.08461438,0.07243937,0.54885936,0.020365044
562,0.392327,0.036957446,0.05726567,0.0384179,0.33506134,-0.0014604554
563,0.35296136,0.032159545,0.052932013,0.039814275,0.30002934,-0.00765473
564,0.35006133,0.061658252,0.056778483,0.039109696,0.29328284,0.022548556
565,0.3830461,0.023050195,0.058656067,0.03633537,0.32439002,-0.013285177
566,0.59485,0.094864935,0.122198746,0.09162358,0.47265124,0.0032413527
567,0.32617953,0.06204165,0.08727088,0.059566718,0.23890865,0.0024749339
568,0.37690955,0.07108152,0.06668703,0.04148828,0.3102225,0.02959324
569,0.36841017,0.045212913,0.06950565,0.051147103,0.29890454,-0.00593419
570,0.37218013,0.07669864,0.07963302,0.06255491,0.2925471,0.014143728
571,0.32046193,0.04646684,0.073798314,0.05170353,0.24666362,-0.0052366927
572,0.3688267,0.049305152,0.05978031,0.045838073,0.3090464,0.0034670793
573,0.35027683,0.07681963,0.089250036,0.06547309,0.2610268,0.011346541
574,0.39221615,0.06277473,0.07706813,0.052449048,0.31514803,0.010325685
575,0.32781473,0.020082826,0.046035416,0.032965384,0.28177932,-0.012882559
576,0.20088544,0.014396707,0.044902373,0.025915613,0.15598308,-0.011518907
577,0.3348758,0.039673798,0.059371524,0.04179522,0.27550426,-0.0021214224
578,0.29066062,0.04271564,0.056800567,0.04333339,0.23386005,-0.00061775
579,0.30654678,0.05211864,0.070416905,0.04599611,0.23612988,0.0061225295
580,0.24909596,0.047218967,0.05566051,0.045075662,0.19343546,0.0021433048
581,0.3583983,0.057653196,0.069859095,0.061827403,0.2885392,-0.0041742064
582,0.24715725,0.047222726,0.062141,0.046844207,0.18501624,0.0003785193
583,0.42124826,0.0466318,0.059855998,0.047751736,0.36139226,-0.0011199377
584,0.38168013,0.058453158,0.0558199,0.039515883,0.32586023,0.018937275
585,0.36145803,0.055990934,0.06933546,0.049503636,0.29212257,0.0064872988
586,0.36531743,0.042747427,0.05654168,0.03483237,0.30877575,0.007915057
587,0.37371787,0.047506504,0.058502816,0.043670826,0.31521505,0.003835678
588,0.3568686,0.079717785,0.09077926,0.06833349,0.26608932,0.011384293
589,0.29731196,0.0022807715,0.014549242,0.0078678075,0.2827627,-0.005587036
590,0.28949952,0.032200366,0.07536087,0.049729854,0.21413866,-0.017529488
591,0.27687192,0.04101096,0.05663727,0.038088325,0.22023465,0.0029226355
592,0.32772952,0.045103997,0.05891355,0.03824178,0.26881596,0.0068622157
593,0.29632354,0.046099618,0.07112421,0.053888638,0.22519933,-0.0077890195
594,0.4484807,0.043512713,0.07417144,0.052873652,0.37430924,-0.009360939
595,0.34606102,0.044133477,0.06343881,0.048591893,0.28262222,-0.0044584163
596,0.28705615,0.037960898,0.057379205,0.035185494,0.22967695,0.0027754046
597,0.21758133,0.063879184,0.046346076,0.030391764,0.17123526,0.03348742
598,0.35895956,0.07075401,0.0712524,0.054167576,0.28770715,0.01658643
599,0.25744244,0.046714164,0.06649325,0.04501135,0.1909492,0.0017028153
600,0.32383054,0.034664858,0.0639152,0.04574396,0.25991535,-0.011079103
601,0.28062004,0.044223495,0.052921455,0.044590447,0.22769858,-0.00036695227
602,0.33648288,0.041506324,0.06607095,0.042725254,0.27041194,-0.0012189299
603,0.46115896,0.055619236,0.09465597,0.06096091,0.366503,-0.005341675
604,0.32427832,0.050283883,0.05043084,0.03499666,0.2738475,0.015287224
605,0.2838308,0.044201776,0.050585546,0.036831044,0.23324525,0.0073707327
606,0.41689354,0.035296094,0.07218544,0.05084486,0.34470809,-0.015548766
607,0.31145564,0.044073608,0.06579154,0.050476708,0.24566409,-0.0064030997
608,0.32501,0.03557409,0.050697535,0.041021936,0.27431247,-0.005447846
609,0.35695124,0.06257704,0.08980682,0.066310756,0.2671444,-0.003733717
610,0.29655355,0.054148372,0.072752774,0.052954644,0.22380078,0.0011937283
611,0.42486215,0.06607986,0.0859129,0.05432538,0.33894926,0.011754483
612,0.37424514,0.05329791,0.06720704,0.06053884,0.3070381,-0.0072409287
613,0.44642267,0.07997168,0.10521603,0.067436405,0.34120664,0.012535274
614,0.27511558,0.061991747,0.07124177,0.056839783,0.20387381,0.0051519647
615,0.36982706,0.082287826,0.11258688,0.07626898,0.25724018,0.006018847
616,0.34118274,0.06394104,0.076654,0.05811718,0.26452875,0.005823858
617,0.35444805,0.064068645,0.08718814,0.060977053,0.2672599,0.0030915923
618,0.28152305,0.04561866,0.06748098,0.0464258,0.21404207,-0.00080714
619,0.32153434,0.03833608,0.062592104,0.042201158,0.25894225,-0.003865078
620,0.2896625,0.038865067,0.05459314,0.03980905,0.23506936,-0.0009439811
621,0.4305077,0.039197873,0.05924499,0.042284176,0.3712627,-0.0030863024
622,0.26892564,0.054000925,0.09732347,0.06721941,0.17160216,-0.013218481
623,0.29118392,0.10477307,0.08809366,0.059694506,0.20309025,0.04507856
624,0.38098237,0.08713404,0.07556033,0.054056324,0.30542204,0.033077717
625,0.37165385,0.0469531,0.05524481,0.040362142,0.31640905,0.0065909587
626,0.36083558,0.04585084,0.063990496,0.0521712,0.29684508,-0.006320361
627,0.2841528,-0.003793449,0.018421542,0.010231214,0.26573128,-0.014024663
628,0.30564782,0.037135843,0.06992342,0.045177512,0.23572439,-0.008041669
629,0.4528612,0.07073212,0.09888939,0.06620071,0.3539718,0.004531406
630,0.43743253,0.04919655,0.08558882,0.06352479,0.3518437,-0.014328241
631,0.4704167,0.058482856,0.07184223,0.0458736,0.39857447,0.012609255
632,0.32541665,0.024725573,0.065739885,0.0460798,0.25967675,-0.021354226
633,0.3097085,0.02259878,0.06311139,0.039310094,0.24659711,-0.016711313
634,0.38876078,0.04430983,0.08052947,0.049429618,0.3082313,-0.0051197894
635,0.3828911,0.049451258,0.080899164,0.059959065,0.30199194,-0.010507807
636,0.3220258,0.047274273,0.054869086,0.035333857,0.26715672,0.011940416
637,0.3838526,0.056307707,0.066462055,0.045390416,0.31739056,0.010917291
638,0.34753117,0.0537551,0.07179291,0.052170455,0.27573827,0.0015846454
639,0.39409396,0.050221436,0.07353326,0.05969908,0.3205607,-0.009477645
640,0.43825448,0.05107319,0.060472608,0.048113186,0.37778187,0.002960004
641,0.3017651,0.05212526,0.051058628,0.03352063,0.2507065,0.018604629
642,0.31888583,0.05329956,0.06466483,0.043230448,0.254221,0.010069113
643,0.4213069,0.04437392,0.103412524,0.06780972,0.3178944,-0.023435805
644,0.31760585,0.05014856,0.07552034,0.058104105,0.24208552,-0.007955544
645,0.4990462,0.02502286,0.054384865,0.03785143,0.44466135,-0.01282857
646,0.36014473,0.08003473,0.09029943,0.06977615,0.2698453,0.010258585
647,0.4405047,0.04434105,0.07475339,0.056736063,0.36575133,-0.012395013
648,0.34732988,0.046929505,0.06493163,0.05224975,0.28239825,-0.0053202435
649,0.28807765,0.040359676,0.054567583,0.03771775,0.23351008,0.0026419275
650,0.26162547,0.03646557,0.037115835,0.029359823,0.22450963,0.0071057472
651,0.41026148,0.072468355,0.09916313,0.07021266,0.31109834,0.002255693
652,0.32261327,0.003239261,0.016271653,0.01317223,0.30634162,-0.009932969
653,0.33265656,0.06559011,0.07831284,0.06401622,0.25434372,0.0015738904
654,0.36627784,0.04581114,0.04500269,0.03206331,0.32127514,0.01374783
655,0.3597019,0.055469926,0.07197063,0.052444912,0.2877313,0.003025014
656,0.35072264,0.060457245,0.08240844,0.056996666,0.26831418,0.0034605786
657,0.4848036,0.06619123,0.101227894,0.06712152,0.38357568,-0.00093028694
658,0.3327504,0.059978884,0.06803906,0.048985288,0.26471135,0.010993596
659,0.202825,0.042512193,0.052406788,0.044234946,0.1504182,-0.001722753
660,0.3882869,0.03765857,0.06282131,0.04718227,0.3254656,-0.009523701
661,0.3796952,0.035893273,0.043609615,0.031215996,0.3360856,0.004677277
662,0.45926744,0.051391665,0.08681069,0.056036077,0.37245673,-0.0046444125
663,0.34152558,0.04488652,0.07251965,0.049024526,0.26900592,-0.0041380078
664,0.4675061,0.029153598,0.053492296,0.029945796,0.4140138,-0.0007921979
665,0.29212064,0.07417218,0.098943025,0.07178782,0.19317761,0.0023843572
666,0.23712872,0.06136315,0.04618181,0.0302293,0.1909469,0.03113385
667,0.29845217,0.041745048,0.05955693,0.048694566,0.23889524,-0.006949518
668,0.37243217,0.039476637,0.060292594,0.045656733,0.31213957,-0.0061800964
669,0.3266231,0.059597827,0.07086207,0.047732733,0.25576103,0.011865094
670,0.43196964,0.083636954,0.108764686,0.08486587,0.32320496,-0.0012289137
671,0.32694685,0.03731963,0.05700282,0.0412571,0.26994404,-0.003937468
672,0.33107463,0.028376175,0.04362755,0.032657914,0.28744707,-0.004281739
673,0.43517622,0.07838137,0.09365859,0.070773,0.34151763,0.007608369
674,0.4634004,0.059521664,0.07060079,0.05804937,0.39279962,0.0014722943
675,0.3998926,0.051808223,0.064087324,0.041140288,0.33580527,0.010667935
676,0.23433146,0.025318054,0.055943627,0.038526345,0.17838784,-0.013208291
677,0.3999947,0.07710134,0.099289194,0.06801535,0.3007055,0.0090859905
678,0.3441344,0.072897255,0.07207952,0.05065318,0.27205488,0.022244077
679,0.57150525,0.046597995,0.08372035,0.05940668,0.4877849,-0.012808684
680,0.51585466,0.07647676,0.08114235,0.06603756,0.4347123,0.010439202
681,0.39163512,0.06276563,0.08797108,0.06459006,0.30366403,-0.0018244311
682,0.18833193,0.042120714,0.048184145,0.029790884,0.14014779,0.01232983
683,0.37015536,0.07707414,0.09033938,0.06799982,0.27981597,0.009074323
684,0.24984531,0.030845901,0.05400589,0.03763136,0.19583942,-0.006785458
685,0.45160216,0.06791129,0.090002485,0.06753198,0.36159968,0.00037930906
686,0.41226253,0.034989223,0.062051274,0.048249215,0.35021126,-0.013259992
687,0.3409906,0.036058974,0.05492552,0.044808283,0.28606507,-0.00874931
688,0.19652516,0.035319995,0.038398497,0.024708034,0.15812665,0.010611961
689,0.3851116,0.030880583,0.050962795,0.0336475,0.3341488,-0.0027669165
690,0.3234931,0.014539971,0.054920536,0.03673499,0.26857257,-0.022195019
691,0.364173,0.037304442,0.078601524,0.055833198,0.28557146,-0.018528756
692,0.3533643,0.07913787,0.08836136,0.06806563,0.26500294,0.011072241
693,0.2892097,0.062940635,0.06800823,0.051092047,0.22120146,0.011848588
694,0.4281449,0.05198896,0.08084552,0.058863662,0.3472994,-0.006874703
695,0.2660676,0.04383522,0.050868742,0.03360017,0.21519884,0.010235049
696,0.30629545,0.04328028,0.054756813,0.030688291,0.25153863,0.01259199
697,0.45638338,0.06077435,0.056706555,0.045403622,0.39967683,0.015370727
698,0.33065963,0.077996194,0.11260464,0.090884365,0.21805498,-0.012888171
699,0.37344822,0.06426428,0.07104475,0.05540787,0.30240348,0.008856412
700,0.33914933,0.013268287,0.044496335,0.034199927,0.294653,-0.020931639
701,0.33652046,0.06165452,0.07311714,0.051317234,0.26340333,0.010337286
702,0.38056007,0.060860913,0.06267001,0.04538778,0.31789005,0.015473135
703,0.28838852,0.030884719,0.04189061,0.028605517,0.24649791,0.0022792015
704,0.41430914,0.07785609,0.08308246,0.053648196,0.33122668,0.024207897
705,0.30709982,0.02926007,0.055876035,0.039423395,0.25122377,-0.010163326
706,0.3111951,0.037732977,0.06595873,0.05061654,0.24523637,-0.012883563
707,0.4659366,0.044473197,0.073388875,0.05058963,0.39254773,-0.006116431
708,0.41448724,0.09128115,0.111804605,0.08131625,0.30268264,0.009964906
709,0.32196596,0.013315677,0.0479392,0.033334248,0.27402675,-0.02001857
710,0.16644053,0.041743077,0.031461693,0.022088682,0.13497883,0.019654395
711,0.4240846,0.062493265,0.059773713,0.04113301,0.3643109,0.021360256
712,0.43606335,0.05740944,0.086505234,0.06806363,0.34955812,-0.010654192
713,0.4112671,0.055887096,0.07070826,0.042429786,0.34055883,0.013457309
714,0.3105307,0.030820064,0.05150209,0.03708461,0.2590286,-0.006264545
715,0.2039222,0.028032234,0.034929506,0.022370767,0.1689927,0.005661467
716,0.31505418,0.061321713,0.10289786,0.07361381,0.21215633,-0.0122920945
717,0.38552535,0.058071032,0.041998543,0.027587522,0.3435268,0.03048351
718,0.41345626,0.036371414,0.088838026,0.0628456,0.32461822,-0.026474189
719,0.31891972,0.04458621,0.083929025,0.052933108,0.23499069,-0.008346897
720,0.36829987,0.025380144,0.03793304,0.025234956,0.33036682,0.0001451876
721,0.30878007,0.08268053,0.086478665,0.06940713,0.22230141,0.013273403
722,0.4056379,0.046286337,0.07216865,0.048401106,0.33346924,-0.002114769
723,0.460353,0.029042376,0.042663258,0.025034707,0.41768974,0.004007669
724,0.3668394,0.032132234,0.06292362,0.049543187,0.3039158,-0.017410953
725,0.3650561,0.025081506,0.053948473,0.03961391,0.31110764,-0.014532404
726,0.3836132,0.041737106,0.059131514,0.050484024,0.3244817,-0.008746918
727,0.40980655,0.0732202,0.078785196,0.06824125,0.33102137,0.0049789473
728,0.41813305,0.061478,0.061021514,0.045782257,0.35711154,0.015695743
729,0.51496696,0.06550107,0.05055235,0.04184911,0.46441463,0.023651961
730,0.33585426,0.07873802,0.093112156,0.07860723,0.2427421,0.00013078749
731,0.43058816,0.042349797,0.08660891,0.061885823,0.34397924,-0.019536026
732,0.25009003,0.025697257,0.052549668,0.031560726,0.19754037,-0.005863469
733,0.39075312,0.0415455,0.054493595,0.038688462,0.3362595,0.002857037
734,0.13716863,0.01740306,0.014821467,0.010939127,0.12234716,0.0064639337
735,0.33503816,0.040596884,0.08774604,0.06424146,0.24729212,-0.023644578
736,0.4526191,0.06838941,0.08474059,0.06944094,0.36787853,-0.0010515302
737,0.39515772,0.036092386,0.099785484,0.05849255,0.29537225,-0.022400163
738,0.4499259,0.04390425,0.055894077,0.03949677,0.39403182,0.0044074804
739,0.37412664,0.058246467,0.06943104,0.0462875,0.3046956,0.011958968
740,0.44043842,0.08634049,0.10277772,0.07468678,0.3376607,0.011653706
741,0.34100613,0.047116823,0.073342904,0.055911202,0.26766324,-0.0087943785
742,0.2756591,0.022307895,0.043527998,0.027158406,0.23213112,-0.0048505105
743,0.32190827,0.087144874,0.07401288,0.0560581,0.24789539,0.031086773
744,0.40439507,0.084229805,0.092888616,0.074735515,0.31150645,0.00949429
745,0.491425,0.06273075,0.072415926,0.051467948,0.4190091,0.011262804
746,0.38943306,0.06967578,0.10593279,0.076608226,0.28350025,-0.006932445
747,0.35390374,0.049328018,0.06537171,0.047597874,0.28853202,0.001730144
748,0.35636052,0.043461964,0.06398167,0.048803806,0.29237884,-0.005341843
749,0.3401906,0.04104192,0.07943958,0.05394017,0.260751,-0.012898248
750,0.37053648,0.06962918,0.07715799,0.051232416,0.29337847,0.018396761
751,0.30522773,0.059471432,0.07715641,0.05013133,0.22807132,0.009340104
752,0.2339179,0.0062477565,0.029283721,0.020189177,0.20463419,-0.01394142
753,0.43910974,0.07740231,0.10192382,0.06668188,0.33718592,0.010720432
754,0.33161843,0.047034085,0.06740199,0.04272809,0.26421642,0.004305996
755,0.31041783,0.032476876,0.032639686,0.023951909,0.27777815,0.008524967
756,0.22972126,0.067753024,0.07821786,0.06264652,0.15150341,0.0051065013
757,0.41119713,0.031773772,0.060975164,0.04156796,0.35022196,-0.009794187
758,0.38604614,0.03934619,0.05173291,0.035724252,0.33431324,0.0036219358
759,0.42914656,0.07322326,0.09415437,0.06929297,0.33499217,0.003930293
760,0.38409752,0.036649,0.054578613,0.045694437,0.3295189,-0.009045437
761,0.33731645,0.048961915,0.07360661,0.050174672,0.26370984,-0.0012127571
762,0.3014381,0.052384924,0.073603995,0.044951506,0.2278341,0.007433418
763,0.32212695,0.044870317,0.06686075,0.048968703,0.2552662,-0.0040983856
764,0.35362822,0.03820446,0.049019776,0.036352705,0.30460843,0.0018517561
765,0.3544771,0.050406165,0.06383829,0.04269884,0.2906388,0.007707324
766,0.3315705,0.0533458,0.04664301,0.03138654,0.2849275,0.02195926
767,0.52436674,0.08117298,0.100769065,0.0735964,0.42359766,0.0075765774
768,0.22977352,0.05003592,0.0547914,0.042324636,0.17498213,0.007711284
769,0.41990235,0.03975505,0.07593716,0.05414439,0.3439652,-0.01438934
770,0.33559024,0.07880786,0.07923361,0.050618537,0.25635663,0.028189324
771,0.37816525,0.011808908,0.046096835,0.027220648,0.3320684,-0.01541174
772,0.2821535,0.05200055,0.0512471,0.040545292,0.23090638,0.0114552565
773,0.48560303,0.06317868,0.074098475,0.050642956,0.41150457,0.012535725
774,0.25078347,0.06599499,0.07264344,0.051800568,0.17814004,0.014194425
775,0.27579063,0.06691445,0.06084747,0.047700547,0.21494317,0.0192139
776,0.2836164,0.044865727,0.050790735,0.033294626,0.23282567,0.011571102
777,0.5142769,0.06341501,0.08963609,0.0598377,0.42464083,0.0035773143
778,0.46885404,0.029011296,0.08747164,0.055390544,0.3813824,-0.026379248
779,0.3454605,0.018172272,0.06681069,0.0365694,0.2786498,-0.01839713
780,0.40596214,0.058395438,0.0735666,0.047565162,0.33239555,0.010830276
781,0.20506234,0.049375158,0.055882238,0.040522784,0.14918011,0.008852374
782,0.32918262,0.033969056,0.052097492,0.033809517,0.27708513,0.00015953928
783,0.31960633,0.06129756,0.06088104,0.04183083,0.2587253,0.019466728
784,0.2963571,0.07001021,0.061749626,0.039993394,0.23460747,0.030016813
785,0.40712327,0.06551738,0.0772232,0.0576063,0.3299001,0.007911082
786,0.4556714,0.08368025,0.13815333,0.09738945,0.31751806,-0.013709202
787,0.37913254,0.05983076,0.07371057,0.047387652,0.30542198,0.012443107
788,0.4219867,0.06169879,0.08645864,0.061381377,0.33552808,0.00031741336
789,0.38104963,0.05073989,0.08296738,0.060931034,0.29808226,-0.010191143
790,0.39296916,0.05452126,0.077242844,0.05766366,0.3157263,-0.0031424016
791,0.44927624,0.12181223,0.13411957,0.10602228,0.31515667,0.015789948
792,0.33886963,0.032901,0.07225126,0.046148654,0.26661837,-0.013247654
793,0.48449877,0.08113282,0.11740204,0.08585155,0.36709672,-0.0047187284
794,0.39040402,0.079905346,0.09414104,0.06672152,0.29626298,0.013183825
795,0.41133216,0.0727264,0.07755399,0.0567969,0.33377817,0.015929498
796,0.31893232,0.036823563,0.0670193,0.04876516,0.251913,-0.011941597
797,0.36015666,0.0604376,0.062040795,0.043291755,0.29811585,0.017145846
798,0.40151855,0.0502595,0.08593557,0.055854075,0.315583,-0.005594574
799,0.40383422,0.040365353,0.060728647,0.03774918,0.34310558,0.0026161745
800,0.40622553,0.04666435,0.059289385,0.040649556,0.34693614,0.006014794
801,0.3646725,0.037994716,0.0628134,0.039811518,0.3018591,-0.0018168017
802,0.41286156,0.050065443,0.07460551,0.0586757,0.33825606,-0.008610256
803,0.2709701,0.009138422,0.022253586,0.011102727,0.24871652,-0.0019643046
804,0.32989976,0.073846884,0.07029779,0.052865755,0.25960195,0.02098113
805,0.38496646,0.07596809,0.07708256,0.053383507,0.30788392,0.02258458
806,0.3625016,0.0035754028,0.02865253,0.01376046,0.33384907,-0.010185057
807,0.40846887,0.068572104,0.07875849,0.054992467,0.32971036,0.013579637
808,0.42024642,0.030886231,0.07000489,0.048133798,0.35024154,-0.017247567
809,0.32321197,0.049437497,0.08767037,0.06344459,0.2355416,-0.014007095
810,0.3640633,0.06130922,0.061513208,0.048391517,0.30255008,0.012917701
811,0.37114978,0.03573256,0.053699814,0.03714005,0.31744996,-0.0014074892
812,0.2696366,0.030187456,0.06040592,0.042411603,0.20923068,-0.012224147
813,0.47229818,0.08430241,0.09386206,0.07298288,0.37843612,0.011319533
814,0.3814828,0.0291461,0.0694529,0.044732366,0.3120299,-0.015586266
815,0.3221207,0.03772801,0.060073245,0.044659264,0.26204744,-0.006931253
816,0.29435548,0.047134656,0.07643976,0.05115497,0.21791571,-0.0040203147
817,0.3437819,0.06040244,0.08630773,0.05696267,0.25747415,0.0034397729
818,0.22656643,0.044304315,0.04734954,0.03280631,0.17921689,0.011498004
819,0.29920122,0.04576025,0.06738257,0.045718767,0.23181865,4.1484833e-05
820,0.25054187,0.06446137,0.0708488,0.05196892,0.17969307,0.012492452
821,0.18598689,0.031192163,0.045037888,0.03835725,0.14094901,-0.0071650874
822,0.38828146,0.050422825,0.06336772,0.050487828,0.32491374,-6.500259e-05
823,0.30429214,0.011962344,0.04253746,0.032064687,0.2617547,-0.020102344
824,0.38879654,0.038006313,0.052585863,0.028756842,0.33621067,0.009249471
825,0.36758524,0.05483005,0.07000419,0.046276815,0.29758105,0.008553233
826,0.31408086,0.025612475,0.05019797,0.033971794,0.2638829,-0.008359319
827,0.40950754,0.060985573,0.08908274,0.06369679,0.3204248,-0.0027112141
828,0.2574481,0.020111084,0.044281416,0.032160245,0.21316668,-0.012049161
829,0.33911267,0.052557994,0.07026068,0.04718035,0.268852,0.005377643
830,0.4210036,0.0500746,0.07193875,0.04350256,0.34906486,0.006572038
831,0.5934502,0.0753348,0.13602695,0.103702545,0.45742324,-0.028367743
832,0.29318005,0.05896809,0.06485196,0.055155665,0.22832808,0.0038124248
833,0.3570168,0.04126358,0.047932215,0.03500992,0.3090846,0.0062536597
834,0.29306188,0.032666434,0.04989599,0.04098034,0.2431659,-0.008313905
835,0.39237404,0.0380558,0.06183522,0.048228495,0.3305388,-0.010172695
836,0.22637495,0.061059598,0.051154546,0.03839973,0.1752204,0.022659868
837,0.3508909,0.06552956,0.08528755,0.06582008,0.26560336,-0.0002905205
838,0.35722128,0.042829327,0.071426585,0.05433478,0.28579468,-0.011505451
839,0.290522,0.0530172,0.067321464,0.04969728,0.22320054,0.003319919
840,0.3986386,0.034815833,0.07048297,0.05735954,0.32815564,-0.022543706
841,0.3575288,0.045330774,0.0558094,0.044071548,0.3017194,0.0012592264
842,0.30598003,0.0586238,0.050223302,0.03824092,0.25575674,0.020382877
843,0.39363813,0.058751278,0.091240615,0.07063687,0.30239752,-0.011885591
844,0.2881499,0.10571731,0.10630578,0.07851939,0.18184412,0.02719792
845,0.33608568,0.055122577,0.08906637,0.06648177,0.2470193,-0.011359192
846,0.34462816,0.038857985,0.05488076,0.037087474,0.2897474,0.0017705113
847,0.29356173,0.073208086,0.09124951,0.060136516,0.20231222,0.013071571
848,0.2574928,0.04814845,0.052853484,0.033043664,0.20463933,0.015104786
849,0.3600342,0.055751834,0.07739013,0.05115838,0.28264406,0.0045934543
850,0.49528793,0.11632057,0.16005193,0.10827328,0.335236,0.00804729
851,0.43159726,0.052537102,0.09910371,0.06433048,0.33249354,-0.011793379
852,0.34132892,0.025759876,0.03977455,0.032954615,0.30155438,-0.007194739
853,0.39363343,0.044673488,0.08572964,0.049548734,0.30790377,-0.0048752464
854,0.2927548,0.03561886,0.07685041,0.04469057,0.21590438,-0.009071711
855,0.4443537,0.058613118,0.09495455,0.069955505,0.34939915,-0.011342388
856,0.35544345,0.06033383,0.084325135,0.06037425,0.2711183,-4.04194e-05
857,0.22285573,0.027653977,0.044539563,0.029118001,0.17831618,-0.0014640242
858,0.3130403,0.04058459,0.057517726,0.036127377,0.25552255,0.004457213
859,0.4079461,0.04075784,0.06588793,0.04766252,0.34205818,-0.0069046803
860,0.399814,0.050677903,0.10207583,0.08053406,0.2977382,-0.02985616
861,0.3678834,0.05542324,0.055287164,0.039479412,0.31259626,0.015943829
862,0.2527818,0.080907,0.06654874,0.045233913,0.18623307,0.03567309
863,0.40562886,0.06018727,0.060025133,0.04814788,0.34560373,0.012039389
864,0.33234715,0.031290155,0.07412729,0.046557844,0.25821987,-0.015267689
865,0.39508888,0.035366245,0.07901262,0.054281972,0.31607628,-0.018915728
866,0.2123781,0.04495994,0.038572717,0.0213501,0.17380539,0.02360984
867,0.29000777,0.060833715,0.058155037,0.034892526,0.23185274,0.02594119
868,0.34748745,0.058226377,0.05647688,0.036183763,0.29101056,0.022042613
869,0.28688914,0.047612466,0.040033348,0.03354097,0.2468558,0.014071494
870,0.41040847,0.06304876,0.07997761,0.059177846,0.33043087,0.003870912
871,0.43198213,0.12413099,0.12379581,0.090420626,0.30818632,0.03371036
872,0.3785896,0.05998515,0.062321406,0.04080867,0.3162682,0.01917648
873,0.43836135,0.04567378,0.06318871,0.043164294,0.37517264,0.002509486
874,0.33799887,0.08736393,0.098329045,0.06809386,0.23966983,0.01927007
875,0.10058474,0.010004898,0.018735694,0.0087656025,0.081849046,0.0012392951
876,0.38267955,0.08937665,0.07646395,0.056633532,0.30621558,0.03274312
877,0.39635292,0.053600863,0.07126419,0.046703544,0.32508874,0.006897319
878,0.49469173,0.04013594,0.07168893,0.056365274,0.4230028,-0.016229335
879,0.32212827,0.043946818,0.061226197,0.04189222,0.26090208,0.0020545982
880,0.38051412,0.044401105,0.093528345,0.06222846,0.28698575,-0.017827354
881,0.248698,0.0420854,0.053414933,0.03910487,0.19528306,0.0029805303
882,0.41362488,0.06941002,0.08051417,0.05872401,0.33311072,0.01068601
883,0.43255675,0.07770284,0.09203939,0.06940774,0.34051734,0.008295104
884,0.4648465,0.047410857,0.0824583,0.055154264,0.38238817,-0.007743407
885,0.28184184,0.03258994,0.039441712,0.030230284,0.24240014,0.0023596548
886,0.23516953,0.035685115,0.053100415,0.035544362,0.18206912,0.00014075264
887,0.33891848,0.034712892,0.073581226,0.054853313,0.26533726,-0.02014042
888,0.415179,0.13328433,0.15080175,0.11342394,0.26437727,0.019860387
889,0.41841117,0.071586475,0.113811776,0.085046254,0.3045994,-0.013459779
890,0.31302175,0.066008724,0.093873315,0.058187895,0.21914843,0.00782083
891,0.29298577,0.075775065,0.10651938,0.075566314,0.1864664,0.00020875037
892,0.34510824,0.050032634,0.07331928,0.045348167,0.27178895,0.004684467
893,0.26099056,0.048490584,0.0584036,0.044493686,0.20258696,0.0039968975
894,0.33413744,0.043771066,0.07555803,0.053725265,0.2585794,-0.009954199
895,0.44682527,0.06743834,0.091627315,0.066867635,0.35519797,0.000570707
896,0.412881,0.054947898,0.07636694,0.05546258,0.33651406,-0.0005146824
897,0.30600798,0.040605422,0.06999285,0.046067573,0.23601514,-0.005462151
898,0.34918267,0.040705573,0.065251805,0.042397663,0.28393087,-0.0016920902
899,0.3441761,0.0553327,0.083147034,0.051833678,0.26102906,0.0034990236
900,0.21908034,0.027074087,0.03870336,0.028732847,0.18037698,-0.00165876
901,0.37470654,0.028060133,0.06594588,0.04917259,0.30876064,-0.021112459
902,0.23166221,0.034645423,0.06458379,0.03743112,0.16707842,-0.0027856976
903,0.29684323,0.02168502,0.063136294,0.035871327,0.23370694,-0.014186308
904,0.35094166,0.0724631,0.098425016,0.06802718,0.25251663,0.004435919
905,0.31216785,0.031241952,0.047040444,0.031234792,0.26512742,7.160008e-06
906,0.4278218,0.04893407,0.0585228,0.049083356,0.369299,-0.00014928728
907,0.36755803,0.015753523,0.0628201,0.037294257,0.30473793,-0.021540735
908,0.4019255,0.033280846,0.08420418,0.05592828,0.3177213,-0.022647433
909,0.36232764,0.070876844,0.06387617,0.050853144,0.29845148,0.0200237
910,0.38521466,0.045054607,0.06356546,0.04380114,0.3216492,0.001253467
911,0.35164997,0.054578375,0.07610683,0.05937305,0.27554315,-0.004794676
912,0.35327518,0.02877607,0.044832487,0.032487653,0.30844268,-0.003711583
913,0.25841174,0.019341106,0.046788637,0.03051642,0.2116231,-0.011175314
914,0.31204084,0.05712504,0.076001585,0.06177817,0.23603925,-0.0046531297
915,0.46066728,0.056918286,0.06284433,0.04393994,0.39782295,0.012978345
916,0.39392078,0.05901308,0.06719877,0.052917697,0.32672203,0.0060953833
917,0.41894212,0.056019336,0.09589713,0.07146689,0.323045,-0.015447557
918,0.4811328,0.073165655,0.09851825,0.07666843,0.38261455,-0.0035027713
919,0.2770162,0.0043979343,0.039967872,0.02886048,0.23704833,-0.024462545
920,0.32276765,0.039468203,0.06955112,0.04934577,0.25321653,-0.009877566
921,0.3072754,0.061579123,0.062170994,0.043619674,0.24510442,0.01795945
922,0.35980037,0.038525883,0.059188567,0.034746904,0.3006118,0.0037789792
923,0.42438564,0.06383826,0.100018665,0.07165228,0.324367,-0.00781402
924,0.3872022,0.035281513,0.07489975,0.055745553,0.31230247,-0.02046404
925,0.31557846,0.04637128,0.06168102,0.043421753,0.25389743,0.0029495284
926,0.39822963,0.06781701,0.09056572,0.06783773,0.30766392,-2.0720065e-05
927,0.38217106,0.030495364,0.06314542,0.040008403,0.31902564,-0.009513039
928,0.3451225,0.029234959,0.059025943,0.03633041,0.28609654,-0.0070954505
929,0.39406225,0.0726783,0.06660807,0.04517802,0.32745418,0.02750028
930,0.4349405,0.1044526,0.1300794,0.088735186,0.30486107,0.015717417
931,0.36646336,0.076804765,0.13303956,0.07535123,0.2334238,0.0014535338
932,0.28131956,0.03753664,0.049756598,0.038913153,0.23156296,-0.0013765134
933,0.38860205,0.052124135,0.061126422,0.047027905,0.32747564,0.0050962307
934,0.17688777,0.022033041,0.03329677,0.025521945,0.14359099,-0.0034889039
935,0.28441674,0.05894749,0.048588514,0.04042879,0.23582822,0.018518697
936,0.2086966,0.018400857,0.047082588,0.03345751,0.16161402,-0.015056653
937,0.20224743,0.01913592,0.023711469,0.020004796,0.17853595,-0.00086887553
938,0.31303668,0.05210038,0.059433945,0.041364588,0.25360274,0.010735791
939,0.3510175,0.031020734,0.05425427,0.03734873,0.29676324,-0.006327994
940,0.43093073,0.050946753,0.073731765,0.05648333,0.35719895,-0.005536575
941,0.42996716,0.071083285,0.098662786,0.06831763,0.33130437,0.0027656555
942,0.32961416,0.034999687,0.04637779,0.03825672,0.28323638,-0.0032570325
943,0.3480403,0.07338072,0.09635149,0.06563304,0.25168884,0.00774768
944,0.35875335,0.043178443,0.075843796,0.051268328,0.28290957,-0.008089885
945,0.32815138,0.09217929,0.084682465,0.064763725,0.24346891,0.027415566
946,0.3797325,0.07014682,0.09297831,0.070631176,0.2867542,-0.0004843548
947,0.3169956,0.044964705,0.06824938,0.051849067,0.24874622,-0.0068843625
948,0.42753744,0.080716684,0.08536388,0.057590265,0.34217358,0.02312642
949,0.4187396,0.028452128,0.08548063,0.05583951,0.33325896,-0.02738738
950,0.35813126,0.034433465,0.059998147,0.043853715,0.2981331,-0.00942025
951,0.52268857,0.043501902,0.07227938,0.046692364,0.45040917,-0.0031904615
952,0.4635168,0.062883005,0.09798468,0.06886098,0.36553213,-0.0059779733
953,0.36645758,0.010767699,0.028058534,0.0145588,0.33839905,-0.0037911003
954,0.44197825,0.089835994,0.08782089,0.06092866,0.35415736,0.028907333
955,0.39529172,0.049440168,0.06528918,0.04682929,0.33000255,0.0026108772
956,0.35537598,0.037666097,0.07420391,0.048497114,0.28117207,-0.010831017
957,0.38825813,0.055154163,0.08811742,0.063080914,0.3001407,-0.007926751
958,0.32513082,0.0410113,0.03667886,0.030936595,0.28845197,0.010074705
959,0.29726556,0.08186264,0.057627182,0.04601735,0.23963837,0.035845295
960,0.40141705,0.07469544,0.08417627,0.06300928,0.31724077,0.011686161
961,0.40987235,0.052126467,0.08679289,0.052281536,0.32307947,-0.00015506893
962,0.36774266,0.033133905,0.04363027,0.02654514,0.3241124,0.0065887645
963,0.4227711,0.042007722,0.09070437,0.052581243,0.3320667,-0.010573521
964,0.3146999,0.08261344,0.063448824,0.053034257,0.25125107,0.029579181
965,0.3953196,0.052954562,0.073555544,0.054549407,0.32176405,-0.0015948452
966,0.36313242,0.057380326,0.058679186,0.042195648,0.30445322,0.015184678
967,0.37643582,0.054622218,0.08831323,0.057751037,0.2881226,-0.0031288192
968,0.34965444,0.081327826,0.07178633,0.053047348,0.2778681,0.028280478
969,0.55472475,0.103734195,0.14932442,0.11336458,0.40540034,-0.009630382
970,0.3265525,0.0547609,0.053396057,0.043594643,0.27315646,0.011166256
971,0.3596788,0.02393718,0.03145067,0.022230787,0.32822815,0.0017063934
972,0.29765707,0.05512058,0.06734665,0.0552467,0.23031043,-0.0001261197
973,0.43572304,0.063186914,0.070200324,0.050071537,0.3655227,0.013115376
974,0.269974,0.07326952,0.076039,0.05384185,0.19393499,0.019427672
975,0.2499419,0.04995688,0.06020192,0.045204822,0.18973997,0.0047520585
976,0.20726559,0.05535785,0.061657913,0.046649918,0.14560768,0.008707933
977,0.37885597,0.06765847,0.0753209,0.06006685,0.30353507,0.00759162
978,0.4212274,0.05711244,0.09446132,0.06272536,0.32676607,-0.0056129172
979,0.27726665,0.07886065,0.056239046,0.038905423,0.22102761,0.039955225
980,0.4998617,0.09001288,0.14072466,0.10381881,0.35913703,-0.013805933
981,0.44352698,0.06952925,0.05808715,0.042807277,0.38543984,0.026721973
982,0.22747636,0.028760934,0.03931392,0.024659751,0.18816245,0.0041011833
983,0.3120901,0.03311144,0.08106321,0.05056118,0.23102689,-0.01744974
984,0.23666283,0.027574748,0.057594042,0.035664488,0.17906879,-0.00808974
985,0.46745145,0.07673195,0.097024694,0.071813725,0.37042677,0.004918225
986,0.4539607,0.046885896,0.09647025,0.06979334,0.35749042,-0.022907447
987,0.30750072,0.044241965,0.07792026,0.054877333,0.22958046,-0.0106353685
988,0.37758714,0.04330939,0.07718249,0.057974935,0.30040467,-0.014665544
989,0.3569982,0.05245274,0.056270957,0.041735753,0.30072725,0.010716986
990,0.32102573,0.03805889,0.05779835,0.04244464,0.26322737,-0.0043857507
991,0.29939553,0.05011476,0.056721836,0.041587744,0.2426737,0.008527014
992,0.5055863,0.07964233,0.114122584,0.07850003,0.39146376,0.0011423007
993,0.31611001,0.03864801,0.061654814,0.041352823,0.2544552,-0.002704814
994,0.30493423,0.044374313,0.04387842,0.034739677,0.26105583,0.009634636
995,0.36647502,0.03450982,0.051372133,0.033101644,0.31510288,0.0014081746
996,0.35390928,0.034407277,0.04463892,0.030356262,0.30927035,0.004051015
997,0.49626356,0.08534537,0.08318725,0.065648176,0.4130763,0.019697197
998,0.3821858,0.089002706,0.11326176,0.07923775,0.26892403,0.009764954
999,0.31894198,0.05270034,0.085319564,0.06325675,0.23362242,-0.010556407
1000,0.35749564,0.06299805,0.060440373,0.044764265,0.29705527,0.018233784
1001,0.20161454,0.047519423,0.054806553,0.0384646,0.146808,0.009054825
1002,0.375094,0.046427693,0.08160251,0.05670311,0.29349148,-0.010275416
1003,0.49147803,0.1034175,0.13736884,0.10918881,0.35410917,-0.005771309
1004,0.3401801,0.02552491,0.06326833,0.037859462,0.27691177,-0.012334552
1005,0.3639868,0.05442581,0.058434673,0.045708008,0.30555212,0.008717801
1006,0.44564953,0.045746155,0.082777254,0.05865091,0.36287227,-0.012904756
1007,0.49383372,0.052339926,0.11192079,0.08226093,0.38191295,-0.029921003
1008,0.36080292,0.029774664,0.04403299,0.036449187,0.31676993,-0.0066745225
1009,0.26604477,0.018866953,0.053249873,0.037439115,0.2127949,-0.018572163
1010,0.4297308,0.07192012,0.07504426,0.052842952,0.35468656,0.019077167
1011,0.4587873,0.08110524,0.11788942,0.08679123,0.34089786,-0.0056859925
1012,0.3019622,0.06374873,0.060319435,0.046871245,0.24164276,0.016877487
1013,0.31788474,0.06971129,0.05602445,0.04409067,0.26186028,0.02562062
1014,0.3273571,0.055099823,0.064081505,0.04695932,0.26327562,0.008140504
1015,0.25224486,0.053563084,0.06072121,0.045535948,0.19152364,0.008027136
1016,0.37960276,0.029665723,0.0472418,0.03767498,0.33236095,-0.008009255
1017,0.38135585,0.04620244,0.06279565,0.041604996,0.3185602,0.004597444
1018,0.14728753,0.008422104,0.02331494,0.008227411,0.123972595,0.00019469298
1019,0.28107917,0.065204725,0.07171428,0.05328097,0.20936489,0.011923756
1020,0.3896791,0.04610581,0.05344813,0.044007972,0.33623096,0.0020978376
1021,0.35411498,0.030199498,0.082640424,0.0586446,0.27147454,-0.028445102
1022,0.44129217,0.088644564,0.088171445,0.068186656,0.3531207,0.020457909
1023,0.40574074,0.04952156,0.06148944,0.039571803,0.3442513,0.009949759
1024,0.2338299,0.05873691,0.05665637,0.043546263,0.17717353,0.015190646
1025,0.2919722,0.07433122,0.071637265,0.04751226,0.22033492,0.026818957
1026,0.42213818,0.07441144,0.045177687,0.03653271,0.3769605,0.037878726
1027,0.35797665,0.08009183,0.09864502,0.07524548,0.25933164,0.0048463494
1028,0.3269584,0.035215486,0.07897753,0.057220243,0.24798086,-0.022004757
1029,0.40774757,0.061183598,0.08500884,0.06300093,0.32273874,-0.0018173344
1030,0.19148985,0.050007198,0.039826334,0.030869896,0.15166351,0.019137302
1031,0.37251505,0.058682147,0.06767756,0.047038883,0.3048375,0.011643264
1032,0.29739138,0.04062081,0.0552139,0.042821694,0.24217749,-0.0022008829
1033,0.118433364,0.013675521,0.039208483,0.019636344,0.079224885,-0.005960823
1034,0.41545284,0.06325888,0.08231281,0.058163106,0.33314002,0.0050957724
1035,0.43945193,0.058745604,0.06513568,0.05269276,0.37431625,0.006052844
1036,0.3492156,0.03295703,0.06837616,0.049577564,0.28083944,-0.016620535
1037,0.28332156,0.029167261,0.046128828,0.03603507,0.23719274,-0.0068678074
1038,0.4312621,0.04994968,0.06650525,0.04610104,0.36475685,0.0038486384
1039,0.38921642,0.036882345,0.07824461,0.05746306,0.3109718,-0.020580716
1040,0.2819903,0.05476075,0.06527194,0.05039808,0.21671835,0.004362669
1041,0.4223654,0.049336597,0.075389706,0.053248763,0.34697568,-0.0039121658
1042,0.34820354,0.031482063,0.055609684,0.042613797,0.29259387,-0.011131734
1043,0.45705718,0.03332444,0.0889245,0.052589625,0.36813268,-0.019265186
1044,0.4445374,0.037973393,0.08678566,0.061559808,0.35775173,-0.023586415
1045,0.4066403,0.049761206,0.07292964,0.055346243,0.33371064,-0.005585037
1046,0.3522985,0.10068393,0.07649697,0.05939915,0.27580154,0.041284777
1047,0.2344166,0.019475017,0.036965944,0.02552532,0.19745067,-0.0060503036
1048,0.18958962,0.029341722,0.0346181,0.033576,0.15497153,-0.0042342786
1049,0.39677423,0.08933718,0.108120605,0.07775627,0.2886536,0.011580907
1050,0.3900193,0.090891324,0.08150951,0.06056311,0.3085098,0.030328214
1051,0.26863492,0.033065226,0.054960005,0.037626863,0.2136749,-0.0045616366
1052,0.3229601,0.053450037,0.065587625,0.04486927,0.2573725,0.008580767
1053,0.35973486,0.040345035,0.067524,0.04461518,0.29221088,-0.004270144
1054,0.34512228,0.0263464,0.045247376,0.03244215,0.2998749,-0.0060957484
1055,0.122164264,0.033616863,0.035945315,0.025180629,0.08621895,0.008436235
1056,0.36430752,0.028240707,0.048929535,0.036170963,0.31537798,-0.007930256
1057,0.35196668,0.04546291,0.06304456,0.04688648,0.28892213,-0.0014235713
1058,0.28818923,0.056099374,0.060696166,0.050966002,0.22749306,0.005133372
1059,0.35967395,0.08929249,0.102934,0.07070668,0.25673994,0.018585809
1060,0.46308196,0.07087229,0.066323146,0.04995092,0.3967588,0.020921372
1061,0.41144755,0.061400875,0.07683109,0.06666255,0.33461648,-0.0052616745
1062,0.42426035,0.065196715,0.076338954,0.053410165,0.3479214,0.01178655
1063,0.5305898,0.11185832,0.12444446,0.09837325,0.40614536,0.013485074
1064,0.52817386,0.10445993,0.12412053,0.08651368,0.40405333,0.017946243
1065,0.4236055,0.09730154,0.12686397,0.10104202,0.29674155,-0.0037404746
1066,0.29382285,0.048714697,0.073987305,0.054258965,0.21983555,-0.0055442676
1067,0.3808528,0.04290935,0.073675856,0.04966823,0.30717695,-0.00675888
1068,0.17953847,0.026672684,0.043002225,0.022261288,0.13653624,0.0044113956
1069,0.3517748,0.08047451,0.06904447,0.052086554,0.28273034,0.028387956
1070,0.40952903,0.030235883,0.065979086,0.042647175,0.34354994,-0.012411293
1071,0.24551389,0.0020373368,0.019030513,0.014162811,0.22648337,-0.012125474
1072,0.4462539,0.059434626,0.07098822,0.055926174,0.37526566,0.0035084523
1073,0.17689167,0.01516205,0.015476799,0.015392788,0.16141488,-0.00023073796
1074,0.42819613,0.049528565,0.06300737,0.046701457,0.36518878,0.002827108
1075,0.36269572,0.04106343,0.06935996,0.049534544,0.29333577,-0.008471113
1076,0.3169662,0.004011563,0.015230393,0.010513732,0.30173582,-0.006502169
1077,0.34749398,0.09123988,0.07895346,0.057282615,0.2685405,0.03395726
1078,0.39847726,0.05940714,0.080996946,0.050958715,0.31748033,0.008448426
1079,0.31646246,0.06890113,0.0942746,0.06447517,0.22218785,0.004425958
1080,0.28815216,0.028768642,0.062656395,0.042295862,0.22549576,-0.01352722
1081,0.39377022,0.0336567,0.088239655,0.062117994,0.30553055,-0.028461292
1082,0.45079753,0.04922677,0.08257127,0.060727634,0.36822626,-0.011500865
1083,0.40170208,0.072039865,0.08670608,0.054530405,0.314996,0.01750946
1084,0.5027951,0.07898253,0.12399991,0.09183375,0.3787952,-0.012851216
1085,0.4323287,0.08053798,0.102899075,0.07323927,0.32942963,0.0072987154
1086,0.39074457,0.049729377,0.08036393,0.06276836,0.31038064,-0.013038985
1087,0.25315574,0.057995,0.07976383,0.057649534,0.17339191,0.0003454648
1088,0.35092613,0.084357314,0.09368451,0.069839574,0.2572416,0.014517739
1089,0.4127602,0.058458313,0.08133285,0.059779294,0.33142734,-0.0013209805
1090,0.39272875,0.05937787,0.083610915,0.05954641,0.30911782,-0.00016853958
1091,0.40089643,0.069532305,0.07425212,0.0561392,0.3266443,0.013393104
1092,0.30283603,0.058790814,0.06980778,0.054394253,0.23302825,0.0043965615
1093,0.3550864,0.05885501,0.07079881,0.047495216,0.28428757,0.011359792
1094,0.35127604,0.085111,0.07530719,0.05873061,0.27596885,0.02638039
1095,0.23767729,0.04245298,0.058377735,0.038284272,0.17929956,0.004168708
1096,0.51243585,0.047999296,0.093357675,0.058329005,0.41907817,-0.010329708
1097,0.5367003,0.09511245,0.11440556,0.09096702,0.42229474,0.0041454285
1098,0.44567245,0.07271972,0.08450954,0.056345977,0.3611629,0.016373746
1099,0.3136241,0.04135785,0.08265866,0.054124154,0.23096545,-0.012766305
1100,0.2694416,0.039295655,0.05040599,0.038163144,0.21903561,0.0011325106
1101,0.34978384,0.048681926,0.048744082,0.035800986,0.30103976,0.01288094
1102,0.24599466,0.045057807,0.06116143,0.04525729,0.18483323,-0.00019948184
1103,0.39092723,0.049009115,0.08961224,0.04549261,0.30131498,0.0035165027
1104,0.36201206,0.032825533,0.0609923,0.04031019,0.30101976,-0.007484656
1105,0.36440974,0.015546665,0.03512132,0.023327624,0.32928842,-0.00778096
1106,0.44379762,0.051245704,0.08171219,0.059212863,0.36208543,-0.007967159
1107,0.32577512,0.043107595,0.08756505,0.0644778,0.23821007,-0.021370206
1108,0.22663377,0.014768116,0.050591826,0.033640675,0.17604195,-0.01887256
1109,0.2929132,0.049641766,0.06505038,0.050502878,0.22786282,-0.000861112
1110,0.40645188,0.06764591,0.07097167,0.054656677,0.3354802,0.01298923
1111,0.38096085,0.04549829,0.0770111,0.0534799,0.30394974,-0.00798161
1112,0.54083997,0.073456384,0.115016684,0.07727721,0.42582327,-0.003820829
1113,0.33658645,0.058591805,0.07613972,0.057393085,0.26044673,0.0011987202
1114,0.40127087,0.0595435,0.07859629,0.050271403,0.32267457,0.009272099
1115,0.3498676,0.057969056,0.08812742,0.06291075,0.2617402,-0.0049416944
1116,0.37858054,0.08373438,0.099438585,0.07844188,0.27914196,0.0052924976
1117,0.3592487,0.075165115,0.10081227,0.07005291,0.25843644,0.0051122084
1118,0.4304607,0.058010798,0.083417214,0.057293314,0.34704348,0.00071748346
1119,0.42039734,0.05167109,0.069698945,0.044166878,0.3506984,0.0075042136
1120,0.2466282,0.029195374,0.041912347,0.03011069,0.20471585,-0.00091531686
1121,0.3465468,0.011842875,0.02921535,0.016491557,0.31733143,-0.0046486817
1122,0.5842164,0.07824242,0.062261276,0.034419607,0.52195513,0.043822814
1123,0.41299465,0.037647363,0.052461453,0.036037836,0.3605332,0.0016095266
1124,0.35499668,0.067676336,0.059548207,0.040862717,0.29544848,0.026813619
1125,0.50445014,0.054012418,0.10032997,0.06877257,0.40412018,-0.0147601515
1126,0.31646043,0.034969468,0.049060427,0.034307033,0.2674,0.00066243485
1127,0.36074847,0.07015018,0.093141094,0.06854343,0.2676074,0.001606755
1128,0.32307228,0.054569833,0.05874033,0.03996166,0.26433197,0.014608175
1129,0.29297954,0.06533689,0.07257859,0.054803826,0.22040096,0.010533065
1130,0.27402353,0.02966586,0.04745884,0.03178694,0.22656469,-0.0021210816
1131,0.33997998,0.051100016,0.06329379,0.04779945,0.2766862,0.0033005662
1132,0.33090955,0.06984523,0.07847679,0.0558949,0.25243276,0.013950329
1133,0.24739002,0.023026442,0.03690814,0.0236142,0.21048188,-0.0005877577
1134,0.37334362,0.0651019,0.064727165,0.042758487,0.30861646,0.022343412
1135,0.34625983,0.027673427,0.056855403,0.042933535,0.28940442,-0.015260108
1136,0.39208996,0.05357959,0.09175202,0.0629078,0.30033794,-0.009328209
1137,0.318697,0.061564803,0.049626622,0.038403817,0.2690704,0.023160987
1138,0.39085597,0.036230627,0.073885195,0.049447883,0.31697077,-0.0132172555
1139,0.35688815,0.048345085,0.07693261,0.055972964,0.27995554,-0.0076278783
1140,0.24316189,0.024652062,0.045504022,0.035426177,0.19765787,-0.010774115
1141,0.2930401,0.029787036,0.04728221,0.031435717,0.24575788,-0.0016486812
1142,0.35999143,0.07273032,0.061517447,0.0391426,0.29847398,0.033587717
1143,0.5063024,0.05054427,0.08798023,0.05736065,0.41832218,-0.0068163797
1144,0.3704126,0.04679776,0.079035245,0.054751825,0.29137734,-0.007954065
1145,0.33991098,0.056348782,0.06092634,0.046563707,0.27898464,0.009785075
1146,0.30036244,0.037452914,0.059158117,0.040215127,0.24120432,-0.0027622133
1147,0.37395698,0.054425478,0.06649108,0.04544031,0.3074659,0.008985169
1148,0.24996507,0.09816623,0.079862215,0.06649698,0.17010286,0.031669244
1149,0.27222708,0.052272305,0.069729194,0.048246443,0.20249788,0.0040258616
1150,0.25919837,0.03859426,0.044536706,0.03106111,0.21466166,0.0075331517
1151,0.34912586,0.056729324,0.0833164,0.061118744,0.26580948,-0.00438942
1152,0.37448743,0.0317548,0.067158446,0.044490695,0.307329,-0.012735896
1153,0.3904793,0.03610276,0.057196938,0.042528383,0.33328235,-0.006425623
1154,0.3730156,0.07299554,0.064465605,0.043503903,0.30855,0.02949164
1155,0.34002522,0.034377303,0.074670784,0.050099056,0.26535442,-0.015721753
1156,0.41719925,0.048675023,0.07814801,0.060014986,0.33905125,-0.0113399625
1157,0.45273954,0.052014634,0.060799994,0.04319391,0.39193955,0.008820724
1158,0.32608542,0.026014188,0.025080997,0.018032786,0.3010044,0.007981403
1159,0.38731295,0.075674735,0.049747583,0.035189845,0.33756536,0.04048489
1160,0.328997,0.02050856,0.05679611,0.040555865,0.27220088,-0.020047305
1161,0.45505264,0.047188412,0.07872477,0.057697512,0.37632787,-0.0105091
1162,0.295591,0.028642334,0.066515535,0.048266258,0.22907546,-0.019623924
1163,0.27095592,0.022258764,0.05434375,0.03832849,0.21661218,-0.016069727
1164,0.30205894,0.04105126,0.081654176,0.057223625,0.22040476,-0.016172364
1165,0.2627328,0.05005702,0.06579812,0.050024502,0.19693469,3.251806e-05
1166,0.31862217,0.053948507,0.06322418,0.051205028,0.25539798,0.0027434789
1167,0.39869216,0.050831635,0.07098114,0.04899217,0.32771102,0.0018394664
1168,0.34077704,0.047839884,0.06921852,0.04932621,0.27155852,-0.0014863275
1169,0.33498433,0.025237853,0.038602043,0.022474397,0.29638228,0.0027634557
1170,0.354405,0.03554843,0.05725988,0.04487962,0.2971451,-0.009331189
1171,0.38702855,0.044153295,0.069840714,0.054766674,0.31718785,-0.010613378
1172,0.3632738,0.06592778,0.085027374,0.054011308,0.27824643,0.0119164735
1173,0.3728843,0.037434407,0.059538625,0.043712087,0.31334567,-0.0062776804
1174,0.38427135,0.04714711,0.08134057,0.05523159,0.30293077,-0.00808448
1175,0.25274658,0.015301036,0.033961974,0.025180627,0.2187846,-0.009879591
1176,0.45324954,0.07161873,0.09295009,0.07058275,0.36029947,0.0010359809
1177,0.397003,0.041366775,0.067276895,0.044174884,0.3297261,-0.002808109
1178,0.2441932,0.028960656,0.061424833,0.042243563,0.18276836,-0.013282906
1179,0.3936656,0.055318054,0.045198187,0.031021679,0.3484674,0.024296375
1180,0.31895685,0.048583716,0.086561725,0.048953958,0.23239513,-0.0003702417
1181,0.29662994,0.031757563,0.045546792,0.03650018,0.25108314,-0.004742615
1182,0.17778051,0.02252004,0.038312696,0.026220897,0.1394678,-0.003700858
1183,0.40248126,0.02699586,0.08045223,0.057831705,0.32202902,-0.030835845
1184,0.2981596,0.011119827,0.044597633,0.023189418,0.25356197,-0.012069591
1185,0.3670728,0.06142819,0.04811256,0.02777879,0.31896022,0.0336494
1186,0.41559324,0.044444073,0.074487366,0.057228882,0.34110588,-0.012784809
1187,0.45947263,0.09359153,0.13730462,0.094135955,0.322168,-0.0005444214
1188,0.37419465,0.091763906,0.098573335,0.0790665,0.27562132,0.012697406
1189,0.32164863,0.039581917,0.06759037,0.047814555,0.25405824,-0.008232638
1190,0.17309389,0.03595381,0.042971738,0.02952132,0.13012215,0.0064324886
1191,0.24150595,0.026910173,0.03853962,0.019717377,0.20296633,0.007192796
1192,0.34038162,0.052619018,0.0739113,0.049831443,0.2664703,0.0027875751
1193,0.40021643,0.08461356,0.10331788,0.07882397,0.29689854,0.005789593
1194,0.4299336,0.06828916,0.12981734,0.0749623,0.30011627,-0.0066731423
1195,0.43399945,0.030384377,0.0664249,0.04795584,0.36757454,-0.017571464
1196,0.30535096,0.05629481,0.054665357,0.033548646,0.2506856,0.022746164
1197,0.30847004,0.05575312,0.06133479,0.043678995,0.24713525,0.012074124
1198,0.38706392,0.062478255,0.080204375,0.056248385,0.30685955,0.00622987
1199,0.37359065,0.065469146,0.0581102,0.040458173,0.31548044,0.025010973
1200,0.343141,0.03894668,0.076847546,0.04734709,0.26629344,-0.00840041
1201,0.3706249,0.04350023,0.05909888,0.044963416,0.31152603,-0.001463186
1202,0.37431842,0.06500145,0.06572254,0.039425213,0.3085959,0.025576238
1203,0.5163538,0.06400645,0.09325664,0.059158526,0.42309713,0.0048479214
1204,0.44973722,0.056754466,0.06965376,0.0444893,0.38008347,0.012265164
1205,0.40803516,0.041346706,0.05784906,0.0381309,0.3501861,0.0032158047
1206,0.3290638,0.043662295,0.061867855,0.04377286,0.26719594,-0.000110566616
1207,0.35139006,0.05725965,0.11092864,0.06908514,0.24046142,-0.0118254945
1208,0.45351514,0.107613176,0.10875283,0.08638519,0.34476233,0.021227986
1209,0.33786765,0.068230584,0.07014971,0.04702564,0.26771793,0.021204945
1210,0.2848395,0.04409815,0.06326641,0.0425098,0.2215731,0.0015883483
1211,0.31946164,0.040814534,0.0430027,0.027147766,0.27645895,0.013666768
1212,0.46490332,0.03410447,0.060245954,0.04070715,0.40465736,-0.0066026784
1213,0.38368034,0.06800728,0.07244513,0.05135249,0.31123522,0.016654793
1214,0.4916056,0.09255068,0.10095396,0.074395455,0.39065164,0.018155225
1215,0.14710331,0.014959749,0.033209193,0.020500217,0.11389412,-0.005540468
1216,0.40551,0.04741729,0.07740286,0.05437094,0.32810715,-0.006953649
1217,0.31070253,0.047972277,0.0734106,0.049503,0.23729193,-0.0015307218
1218,0.42246875,0.066497214,0.088780776,0.06561321,0.33368796,0.00088400394
1219,0.38853946,0.047293253,0.07678478,0.049015738,0.31175467,-0.0017224848
1220,0.25249282,0.04047532,0.06766069,0.046886843,0.18483213,-0.0064115226
1221,0.40132958,0.05636383,0.08655021,0.059924625,0.31477937,-0.0035607964
1222,0.34188384,0.032058552,0.0645569,0.05015543,0.27732694,-0.01809688
1223,0.31609723,0.0357259,0.062759496,0.047555037,0.25333774,-0.011829138
1224,0.3420159,0.06699299,0.056838654,0.03698107,0.28517723,0.030011922
1225,0.5354971,0.06690105,0.08332014,0.06770835,0.452177,-0.0008073002
1226,0.34058362,0.03523695,0.07268514,0.050145827,0.2678985,-0.014908876
1227,0.42565507,0.06551545,0.103489436,0.06998397,0.32216564,-0.0044685155
1228,0.3404266,0.08614807,0.08926189,0.07178952,0.2511647,0.01435855
1229,0.45082685,0.03658429,0.098247156,0.06397326,0.3525797,-0.027388971
1230,0.3894561,0.04544509,0.098200746,0.067566015,0.29125535,-0.022120927
1231,0.50162494,0.060975023,0.08832188,0.06621062,0.41330308,-0.0052355975
1232,0.36020416,0.05989163,0.079202555,0.052589417,0.2810016,0.0073022135
1233,0.25191182,0.015733065,0.059992492,0.03867293,0.19191933,-0.022939866
1234,0.40255478,0.087515704,0.086482234,0.06846215,0.31607255,0.019053556
1235,0.31193945,0.027463196,0.051437724,0.038949847,0.2605017,-0.011486651
1236,0.33568376,0.049793903,0.080261335,0.05597337,0.2554224,-0.006179467
1237,0.4648591,0.05063089,0.08581305,0.06462337,0.37904605,-0.013992481
1238,0.47671878,0.027370801,0.054365687,0.044206783,0.4223531,-0.016835982
1239,0.38597953,0.039522097,0.060158253,0.039853685,0.32582128,-0.0003315881
1240,0.4385229,0.076654874,0.12634836,0.08818403,0.31217456,-0.011529155
1241,0.16944478,0.048368506,0.06005503,0.035288744,0.10938975,0.013079762
1242,0.45358714,0.06064967,0.09512435,0.07409033,0.3584628,-0.013440661
1243,0.2643728,0.047926318,0.06747594,0.04707347,0.19689685,0.00085284933
1244,0.34296787,0.045654826,0.08142437,0.048185404,0.2615435,-0.0025305785
1245,0.26223427,0.023372002,0.08224009,0.055269234,0.17999418,-0.031897232
1246,0.42443606,0.03787534,0.06767384,0.046069723,0.35676223,-0.008194383
1247,0.3682963,0.042626515,0.06509763,0.046720482,0.30319867,-0.0040939674
1248,0.3256437,0.0465777,0.05974372,0.042935036,0.26589996,0.0036426634
1249,0.5659157,0.093644336,0.12570448,0.100082636,0.44021124,-0.0064383
1250,0.3977827,0.078280546,0.07301872,0.054161787,0.32476398,0.024118759
1251,0.34986588,0.036565,0.08177253,0.057984494,0.26809335,-0.021419495
1252,0.15345041,0.008304565,0.026174005,0.020600123,0.1272764,-0.012295558
1253,0.5176645,0.07957592,0.10920918,0.071781024,0.4084553,0.0077948943
1254,0.42636856,0.030478543,0.057158835,0.047404956,0.36920974,-0.016926413
1255,0.32613757,0.058499783,0.074235424,0.05685224,0.25190216,0.0016475432
1256,0.3776976,0.05916728,0.059368294,0.040524095,0.3183293,0.018643185
1257,0.4324553,0.07882374,0.09440657,0.06883243,0.33804873,0.009991311
1258,0.39247626,0.04518897,0.08266796,0.054778587,0.3098083,-0.009589616
1259,0.26195848,-0.0046013496,0.03562147,0.023249362,0.22633702,-0.027850712
1260,0.44752017,0.061134767,0.08674057,0.061996855,0.36077958,-0.00086208805
1261,0.34949705,0.06510979,0.08831672,0.067639165,0.26118034,-0.0025293753
1262,0.28819093,0.032681078,0.08223976,0.046270717,0.20595117,-0.013589639
1263,0.3928862,0.06632073,0.075728185,0.053653307,0.317158,0.012667425
1264,0.3040954,0.06282804,0.05675702,0.038847093,0.24733837,0.02398095
1265,0.36624882,0.041838866,0.09323343,0.06459551,0.27301538,-0.022756647
1266,0.35378534,0.053291824,0.055880297,0.034926526,0.29790503,0.018365297
1267,0.41186532,0.07008848,0.08178371,0.05779501,0.3300816,0.012293473
1268,0.35780776,0.06009393,0.072104655,0.061023165,0.2857031,-0.0009292327
1269,0.37546664,0.033420186,0.08656925,0.05113976,0.2888974,-0.017719574
1270,0.45546377,0.04784117,0.08617963,0.06154133,0.36928415,-0.013700161
1271,0.32730523,0.04821368,0.05460627,0.03517802,0.27269897,0.013035659
1272,0.25287312,0.04113845,0.05921992,0.04611937,0.1936532,-0.004980918
1273,0.3275448,0.061926663,0.0649969,0.04777152,0.2625479,0.014155142
1274,0.37885466,0.042383783,0.075427465,0.054632522,0.3034272,-0.01224874
1275,0.24286355,0.017953437,0.042686578,0.02649512,0.20017697,-0.008541683
1276,0.3123524,0.04717993,0.05052349,0.033220295,0.2618289,0.013959635
1277,0.5036855,0.056610245,0.07370478,0.054808557,0.4299807,0.0018016882
1278,0.3977342,0.04704977,0.07997297,0.05772962,0.31776124,-0.010679852
1279,0.38982996,0.054884177,0.07059046,0.050340593,0.3192395,0.004543584
1280,0.4386206,0.049863026,0.086802565,0.058209945,0.35181803,-0.008346919
1281,0.36397406,0.038217906,0.055242937,0.039068274,0.30873114,-0.0008503683
1282,0.45856893,0.039253682,0.075950444,0.050807346,0.3826185,-0.011553664
1283,0.42890406,0.036259055,0.0734727,0.047464397,0.35543135,-0.011205342
1284,0.43406364,0.095369086,0.12079755,0.09868759,0.3132661,-0.0033185035
1285,0.2866272,0.06700354,0.08112104,0.05165293,0.20550616,0.01535061
1286,0.38187712,0.06587031,0.06380772,0.04998342,0.3180694,0.015886888
1287,0.47705635,0.039635923,0.07169719,0.042274304,0.40535915,-0.002638381
1288,0.23045048,0.045350052,0.04321997,0.029707994,0.18723051,0.015642058
1289,0.33326766,0.03966444,0.05149495,0.038922727,0.2817727,0.00074171275
1290,0.33518055,0.053985327,0.06017805,0.04055644,0.2750025,0.013428889
1291,0.36438283,0.07270591,0.0891024,0.064945035,0.27528042,0.007760875
1292,0.31712016,0.038790416,0.055683136,0.04173806,0.26143703,-0.0029476434
1293,0.3986419,0.05826598,0.06867893,0.044831187,0.32996297,0.013434794
1294,0.29189837,0.039790735,0.0562736,0.044518422,0.23562478,-0.0047276877
1295,0.20994677,0.031077005,0.03673599,0.028005317,0.17321077,0.003071688
1296,0.29482695,0.030172266,0.054164767,0.040753115,0.24066219,-0.010580849
1297,0.46618977,0.09776984,0.091921546,0.0716486,0.37426823,0.026121244
1298,0.22109117,0.046116073,0.06374774,0.039161127,0.15734342,0.0069549456
1299,0.27510142,0.028847525,0.051970176,0.03732443,0.22313124,-0.008476904
1300,0.3544749,0.059097473,0.08143347,0.062643036,0.27304143,-0.0035455637
1301,0.36674684,0.06048361,0.09216152,0.06621669,0.2745853,-0.005733084
1302,0.30565092,0.039360166,0.08434363,0.055147238,0.2213073,-0.015787072
1303,0.35677367,0.0027037596,0.05113393,0.034976237,0.30563974,-0.032272477
1304,0.42173257,0.0014490087,0.020217322,0.015602472,0.40151525,-0.014153464
1305,0.33074874,0.08828354,0.07120876,0.055435497,0.25953996,0.03284804
1306,0.30380842,0.043913566,0.06790155,0.04863722,0.23590687,-0.004723653
1307,0.28021437,0.036446787,0.06505968,0.046239108,0.21515469,-0.00979232
1308,0.39818767,0.056914613,0.08361769,0.055040937,0.31456998,0.0018736757
1309,0.3799844,0.036864392,0.057484023,0.043860197,0.32250038,-0.0069958046
1310,0.33240953,0.037354097,0.057546914,0.041855358,0.27486262,-0.004501261
1311,0.36738193,0.06147893,0.08132364,0.06407849,0.2860583,-0.002599556
1312,0.34232873,0.04924007,0.048837926,0.042627312,0.2934908,0.006612759
1313,0.35339272,0.042720646,0.0639889,0.04211136,0.28940383,0.00060928613
1314,0.31821206,0.057287358,0.07611094,0.051358283,0.24210113,0.005929075
1315,0.33525667,0.04855664,0.0759529,0.048179492,0.25930375,0.0003771484
1316,0.42548814,0.05600103,0.08794372,0.05537063,0.33754444,0.0006304011
1317,0.3053171,0.06294196,0.06001373,0.046031963,0.24530338,0.016909998
1318,0.4054476,0.054188196,0.07212365,0.05360756,0.33332396,0.0005806349
1319,0.3940239,0.039462525,0.05868823,0.04318732,0.33533567,-0.0037247948
1320,0.31146958,0.04494539,0.07015662,0.045047212,0.24131297,-0.00010182336
1321,0.4051833,0.031773042,0.070255294,0.04333258,0.33492798,-0.011559539
1322,0.38039902,0.038204502,0.072468564,0.04639048,0.30793047,-0.008185979
1323,0.33950284,0.051051278,0.061580397,0.0466794,0.27792245,0.0043718778
1324,0.40899995,0.0538232,0.06805086,0.047750883,0.3409491,0.0060723163
1325,0.53934586,0.098120615,0.13067272,0.099602506,0.40867314,-0.0014818907
1326,0.2052867,0.035090018,0.04510582,0.031029114,0.16018088,0.0040609036
1327,0.38167474,0.01799716,0.04295168,0.022339987,0.33872306,-0.004342826
1328,0.4004985,0.050958335,0.05858774,0.044524588,0.34191078,0.0064337477
1329,0.37990898,0.049925722,0.06414706,0.047396936,0.31576192,0.0025287867
1330,0.46121338,0.12778315,0.1384497,0.114044055,0.32276368,0.013739094
1331,0.37655452,0.07924143,0.06643565,0.056591213,0.31011885,0.02265022
1332,0.44922918,0.020568771,0.061465163,0.03814196,0.387764,-0.017573187
1333,0.34580502,0.085410245,0.08759406,0.055752106,0.25821096,0.029658139
1334,0.11070524,0.0064783306,0.022305053,0.013068849,0.088400185,-0.0065905186
1335,0.38623324,0.026169993,0.06251206,0.041412897,0.32372117,-0.015242904
1336,0.31002784,0.031848118,0.0432099,0.033065714,0.26681793,-0.0012175962
1337,0.10198723,0.021102756,0.010252053,0.008368556,0.09173518,0.0127342
1338,0.25914007,0.055594776,0.06164522,0.049879134,0.19749485,0.005715642
1339,0.31842867,0.034869086,0.058698617,0.03924029,0.25973004,-0.0043712035
1340,0.39491394,0.07341406,0.09710989,0.0618319,0.29780406,0.0115821585
1341,0.15552184,0.008101717,0.015632708,0.012227787,0.13988914,-0.00412607
1342,0.43548042,0.03411021,0.081382096,0.052986395,0.35409832,-0.018876184
1343,0.37711146,0.049007554,0.083389185,0.05330316,0.29372227,-0.004295606
1344,0.33651817,0.048655823,0.059053916,0.0474963,0.27746424,0.0011595227
1345,0.37229285,0.048096858,0.060926158,0.04912454,0.31136668,-0.0010276809
1346,0.22307101,0.020542301,0.028107569,0.01737823,0.19496344,0.0031640716
1347,0.31628296,0.045732226,0.057490848,0.041194614,0.2587921,0.004537612
1348,0.43831742,0.0901745,0.0970337,0.06903467,0.3412837,0.02113983
1349,0.38545716,0.06633348,0.09379969,0.06999592,0.29165748,-0.0036624372
1350,0.4175137,0.07008615,0.08647625,0.06239585,0.33103746,0.007690303
1351,0.29306242,0.044656426,0.06995259,0.05199598,0.22310983,-0.007339556
1352,0.17019473,0.031302396,0.045377646,0.04012976,0.12481709,-0.008827362
1353,0.36808273,0.060402203,0.07553451,0.049144987,0.29254824,0.011257216
1354,0.46186504,0.024544682,0.08662102,0.051828198,0.37524402,-0.027283516
1355,0.37459987,0.07369386,0.07484274,0.05983497,0.29975712,0.013858888
1356,0.21104388,0.023381757,0.04667639,0.031854805,0.1643675,-0.008473048
1357,0.33437565,0.04306949,0.05537442,0.040480983,0.27900124,0.0025885068
1358,0.32645118,0.027675616,0.0748993,0.044514008,0.25155187,-0.016838392
1359,0.39387587,0.033485085,0.060325064,0.040029176,0.3335508,-0.006544091
1360,0.2417031,0.029694172,0.045224577,0.032817293,0.19647852,-0.0031231213
1361,0.38682693,0.026666567,0.067330055,0.04438906,0.31949687,-0.017722495
1362,0.30204704,0.05207509,0.07088184,0.044352043,0.2311652,0.0077230483
1363,0.4717793,0.040627815,0.06415715,0.052726764,0.40762213,-0.012098949
1364,0.35588196,0.06895627,0.09746081,0.06878487,0.25842115,0.0001714006
1365,0.5198932,0.070782594,0.08333583,0.069025114,0.4365574,0.0017574802
1366,0.23860131,0.034858387,0.0733602,0.041609608,0.16524112,-0.0067512207
1367,0.25278628,0.041231167,0.04737617,0.0356479,0.20541011,0.0055832677
1368,0.30301833,0.035429645,0.05493533,0.043691795,0.248083,-0.00826215
1369,0.34042087,0.069208845,0.07090132,0.052693028,0.26951957,0.016515817
1370,0.3785172,0.039045013,0.05966235,0.040493846,0.31885487,-0.0014488325
1371,0.3641326,0.037015323,0.05133877,0.03483448,0.31279385,0.0021808408
1372,0.39742053,0.031492826,0.07380117,0.052079033,0.32361937,-0.020586208
1373,0.36888123,0.041278284,0.062173914,0.04808123,0.30670732,-0.0068029463
1374,0.38883537,0.04100112,0.06846695,0.052552097,0.3203684,-0.011550978
1375,0.42922893,0.054269604,0.06544542,0.049084432,0.3637835,0.005185172
1376,0.22907136,0.04017441,0.05173409,0.037028298,0.17733727,0.003146112
1377,0.30960155,0.03572415,0.04531736,0.029644758,0.2642842,0.0060793906
1378,0.36666536,0.056298167,0.055142324,0.035865135,0.31152305,0.020433031
1379,0.4078616,0.04193943,0.065927885,0.049700797,0.3419337,-0.0077613667
1380,0.34489658,0.06326138,0.087606765,0.06741668,0.25728983,-0.0041553006
1381,0.3807832,0.044272944,0.0866638,0.05869184,0.29411942,-0.014418896
1382,0.26619577,0.030041812,0.05566331,0.04562311,0.21053246,-0.015581297
1383,0.50150764,0.057939913,0.09078796,0.06534269,0.4107197,-0.007402774
1384,0.3318862,0.04480225,0.09053322,0.060822167,0.24135298,-0.016019918
1385,0.282655,0.04399006,0.072566554,0.052484203,0.21008845,-0.008494142
1386,0.27873972,0.038623307,0.06395277,0.038467873,0.21478695,0.00015543401
1387,0.32737297,0.04127601,0.07517981,0.045612186,0.25219315,-0.0043361746
1388,0.47025287,0.057152282,0.07038111,0.046176497,0.39987177,0.010975786
1389,0.081916675,0.019190947,0.019164268,0.014508252,0.06275241,0.0046826946
1390,0.3015039,0.047266543,0.06364268,0.049885094,0.23786122,-0.0026185513
1391,0.29182234,0.04486643,0.07416806,0.045791,0.21765429,-0.0009245686
1392,0.413322,0.047338597,0.050937094,0.042009134,0.36238492,0.0053294636
1393,0.37634552,0.06225047,0.06596369,0.04614629,0.31038183,0.01610418
1394,0.34954593,0.059705593,0.10148039,0.06093653,0.24806553,-0.0012309365
1395,0.49763632,0.08399367,0.07377494,0.055701297,0.42386138,0.028292377
1396,0.33214635,0.05600884,0.050554864,0.027500894,0.28159148,0.028507948
1397,0.35620892,0.022565097,0.04162831,0.03389446,0.31458062,-0.011329364
1398,0.31691158,0.020471113,0.051757626,0.03881547,0.26515394,-0.018344356
1399,0.23243855,0.035555627,0.054595698,0.043729447,0.17784286,-0.00817382
1400,0.40288493,0.048837896,0.056265414,0.03978937,0.34661952,0.009048525
1401,0.29627275,0.03162948,0.05906383,0.04300013,0.23720893,-0.011370651
1402,0.4138757,0.05672663,0.06609876,0.053459086,0.34777695,0.0032675453
1403,0.34231886,0.025754968,0.032570533,0.022306126,0.30974832,0.003448842
1404,0.34975982,0.06188768,0.07849159,0.056938015,0.27126822,0.0049496666
1405,0.27128822,0.07405036,0.0927971,0.075177774,0.17849112,-0.0011274144
1406,0.29327664,0.030514423,0.06442453,0.037319526,0.22885211,-0.0068051033
1407,0.3797565,0.056561455,0.07651274,0.05311663,0.30324376,0.0034448244
1408,0.37633607,0.055112835,0.07121338,0.049632568,0.30512267,0.005480267
1409,0.24115574,0.036048725,0.036092784,0.029544258,0.20506296,0.0065044668
1410,0.43168607,0.06607738,0.09520627,0.066839874,0.3364798,-0.0007624924
1411,0.53492826,0.07675399,0.13268617,0.092659,0.4022421,-0.015905008
1412,0.3015723,0.028395995,0.051505875,0.033679355,0.25006643,-0.0052833594
1413,0.28105566,0.02743707,0.04247027,0.03301087,0.23858538,-0.0055738
1414,0.3463782,0.04121415,0.08264994,0.06216334,0.26372826,-0.020949192
1415,0.35387105,0.039859068,0.061390698,0.04484841,0.29248035,-0.004989341
1416,0.42747158,0.08644063,0.08910036,0.067075565,0.33837122,0.019365065
1417,0.3030569,0.025694754,0.047931004,0.033615083,0.25512588,-0.0079203285
1418,0.36464712,0.075937755,0.087106645,0.068013564,0.27754048,0.007924192
1419,0.37622464,0.06878995,0.09861297,0.075486675,0.27761167,-0.0066967234
1420,0.3135461,0.049120717,0.048933186,0.035086505,0.2646129,0.014034212
1421,0.2900009,0.029676141,0.046149183,0.03570392,0.2438517,-0.0060277786
1422,0.4333196,0.03529905,0.065071315,0.042569064,0.36824828,-0.007270012
1423,0.4421866,0.07452881,0.104587175,0.07124854,0.33759943,0.0032802746
1424,0.23696819,0.029417096,0.037497092,0.023093008,0.1994711,0.006324088
1425,0.3878828,0.061358884,0.06723237,0.04264517,0.32065043,0.018713713
1426,0.29425597,0.05820634,0.099850796,0.06807391,0.19440517,-0.009867575
1427,0.3570426,0.04600262,0.0823246,0.050839864,0.27471802,-0.0048372447
1428,0.4175056,0.061391823,0.09228339,0.06265346,0.3252222,-0.0012616366
1429,0.12776776,0.019855866,0.01737866,0.011680374,0.1103891,0.008175492
1430,0.32844764,0.03930971,0.09174977,0.068290666,0.23669787,-0.028980955
1431,0.404018,0.04328716,0.07183942,0.053027283,0.3321786,-0.009740122
1432,0.34679365,0.023795348,0.06970119,0.04718873,0.27709246,-0.023393381
1433,0.38965288,0.035868138,0.06008936,0.041126437,0.32956353,-0.0052582994
1434,0.4016555,0.054124173,0.07974933,0.04765305,0.32190615,0.0064711235
1435,0.3257854,0.031490423,0.049551714,0.029454842,0.27623367,0.0020355806
1436,0.46824485,0.081650324,0.078975305,0.06207783,0.38926953,0.019572493
1437,0.3060609,0.038346708,0.07417474,0.05077985,0.23188618,-0.0124331415
1438,0.56682265,0.059625655,0.10703665,0.083147325,0.459786,-0.02352167
1439,0.2145886,0.015390889,0.04058056,0.027545353,0.17400804,-0.012154465
1440,0.3508211,0.013994973,0.020177264,0.013623064,0.33064383,0.00037190877
1441,0.29396757,0.057460584,0.061043553,0.048589755,0.23292401,0.008870829
1442,0.36547548,0.023051757,0.055590264,0.03801074,0.3098852,-0.014958981
1443,0.29003483,0.031541787,0.049488463,0.036945976,0.24054638,-0.005404189
1444,0.3455426,0.038828883,0.08524803,0.05342689,0.2602946,-0.014598008
1445,0.35559365,0.03936566,0.054343827,0.044432938,0.30124983,-0.0050672777
1446,0.38130093,0.054897446,0.06448458,0.04916588,0.31681633,0.0057315677
1447,0.14715426,0.01670191,0.039185442,0.030537028,0.107968815,-0.013835117
1448,0.3534414,0.043606333,0.067527734,0.04287196,0.28591365,0.0007343739
1449,0.37859988,0.075002216,0.06378266,0.05269754,0.31481722,0.022304676
1450,0.33302,0.022810858,0.057225883,0.04184549,0.27579412,-0.019034632
1451,0.34209928,0.032267552,0.059975415,0.046097714,0.28212386,-0.013830163
1452,0.17336075,0.022718895,0.017022425,0.013739241,0.15633832,0.008979654
1453,0.5483553,0.06475799,0.08046597,0.050855774,0.4678893,0.013902213
1454,0.46947372,0.048894856,0.099175565,0.07193537,0.37029815,-0.023040514
1455,0.4667054,0.027477942,0.110167995,0.059881587,0.3565374,-0.032403644
1456,0.37717637,0.058919653,0.06713985,0.048007537,0.31003654,0.010912117
1457,0.45948374,0.0742242,0.13163833,0.082710125,0.3278454,-0.008485928
1458,0.27646017,0.039801966,0.05971364,0.03963007,0.21674654,0.00017189607
1459,0.20800361,0.04200015,0.06675333,0.053341694,0.14125028,-0.011341546
1460,0.3733036,0.063653424,0.090855315,0.05655458,0.2824483,0.007098846
1461,0.4355974,0.08287004,0.068408005,0.042946637,0.36718938,0.0399234
1462,0.4249606,0.030404344,0.075884424,0.053156577,0.34907618,-0.022752233
1463,0.3196997,0.07618771,0.06255336,0.046289165,0.25714636,0.029898543
1464,0.44682756,0.033993047,0.07527017,0.052867997,0.37155738,-0.01887495
1465,0.19161978,0.03168668,0.028107908,0.019927103,0.16351187,0.011759575
1466,0.4071009,0.04503479,0.05257166,0.03885754,0.35452923,0.0061772503
1467,0.40989682,0.030672135,0.052809823,0.039741606,0.357087,-0.009069471
1468,0.27454558,0.045751642,0.09292558,0.05971116,0.18162,-0.013959516
1469,0.40216404,0.06424754,0.047026534,0.03947582,0.3551375,0.02477172
1470,0.3697803,0.038993876,0.062731035,0.042161964,0.30704927,-0.0031680875
1471,0.39550978,0.053107575,0.08510332,0.05113545,0.31040645,0.001972124
1472,0.25797188,0.033821918,0.043441854,0.031526502,0.21453002,0.0022954158
1473,0.40155143,0.013516214,0.069789,0.035235535,0.33176243,-0.021719322
1474,0.4033349,0.05999094,0.08216909,0.06311863,0.3211658,-0.0031276904
1475,0.40998632,0.027061403,0.0551352,0.0388184,0.35485113,-0.011756998
1476,0.35186383,0.01153411,0.030211922,0.02048507,0.3216519,-0.00895096
1477,0.36517185,0.0497297,0.07451217,0.053699773,0.29065967,-0.0039700717
1478,0.29117817,0.060278535,0.09180035,0.057983182,0.19937782,0.0022953525
1479,0.4469491,0.06117177,0.07386933,0.05915919,0.37307978,0.0020125806
1480,0.28887302,0.0524895,0.053925823,0.04532518,0.23494719,0.007164322
1481,0.3647568,0.041142344,0.056583922,0.048815213,0.30817288,-0.0076728687
1482,0.38032934,0.049019504,0.059821576,0.03817963,0.32050776,0.010839876
1483,0.32732812,0.06004219,0.08308986,0.062231414,0.24423826,-0.0021892227
1484,0.44420114,0.06798941,0.094434135,0.06636761,0.349767,0.0016217977
1485,0.12502193,0.03764489,0.047902733,0.031395156,0.0771192,0.0062497333
1486,0.38375798,0.07833839,0.08097184,0.0626416,0.30278614,0.015696794
1487,0.3284449,0.029918091,0.056655787,0.04023389,0.2717891,-0.0103158
1488,0.3700112,0.039678905,0.058953106,0.04879522,0.3110581,-0.009116314
1489,0.39417672,0.046183024,0.054118324,0.041630138,0.3400584,0.004552886
1490,0.37792543,0.062297974,0.07831707,0.056250166,0.29960835,0.0060478076
1491,0.3128908,0.0273758,0.031791456,0.018056624,0.28109935,0.009319177
1492,0.39407378,0.047123358,0.077350274,0.050295614,0.31672353,-0.003172256
1493,0.4107867,0.039048046,0.06443934,0.04876768,0.34634733,-0.009719633
1494,0.30775484,0.05194614,0.05375124,0.03654906,0.2540036,0.015397079
1495,0.39654437,0.05619845,0.07056559,0.04664529,0.3259788,0.0095531605
1496,0.3971028,0.030351777,0.06334063,0.048099466,0.33376217,-0.017747689
1497,0.1563913,0.019240486,0.036231585,0.02383181,0.12015971,-0.0045913253
1498,0.4471724,0.032254662,0.0843699,0.054418493,0.3628025,-0.02216383
1499,0.40629598,0.029117655,0.04852905,0.029887384,0.35776693,-0.0007697288
1500,0.45682877,0.035142902,0.056491863,0.037765007,0.40033692,-0.0026221052
1501,0.38430005,0.035065334,0.056721997,0.04360996,0.32757807,-0.008544624
1502,0.35531092,0.011852711,0.024808636,0.010157698,0.33050227,0.0016950136
1503,0.49290895,0.047890127,0.07073213,0.054615356,0.42217684,-0.0067252293
1504,0.41181898,0.06332185,0.07490249,0.052747846,0.3369165,0.010574006
1505,0.33979636,0.04551772,0.07313527,0.05540477,0.2666611,-0.009887051
1506,0.5427219,0.0831424,0.09534026,0.0757153,0.44738168,0.0074270964
1507,0.3508322,0.05362286,0.04687449,0.030948455,0.3039577,0.022674406
1508,0.33893293,0.07695811,0.08416375,0.06094669,0.25476918,0.01601142
1509,0.3828982,0.09908346,0.0917336,0.07752124,0.2911646,0.021562219
1510,0.3105999,0.028687406,0.058812648,0.03639343,0.25178725,-0.0077060238
1511,0.3243107,0.06642456,0.0771962,0.052360993,0.24711448,0.014063571
1512,0.4132143,0.061153866,0.09630626,0.0692402,0.31690803,-0.008086331
1513,0.45668092,0.10378226,0.12803441,0.09098082,0.3286465,0.012801439
1514,0.47050598,0.07503072,0.09583308,0.0676672,0.3746729,0.0073635206
1515,0.34995204,0.057325512,0.07086854,0.055243887,0.2790835,0.0020816252
1516,0.2921716,0.034890093,0.047570597,0.03133043,0.244601,0.003559664
1517,0.19710588,0.058801465,0.054727722,0.030983755,0.14237817,0.02781771
1518,0.3857233,0.04128175,0.06056627,0.04740696,0.32515702,-0.0061252117
1519,0.29306832,0.054911382,0.07372595,0.054973878,0.21934237,-6.249547e-05
1520,0.40804058,0.069349594,0.08954258,0.061633,0.31849802,0.007716596
1521,0.3411446,0.058358725,0.07268004,0.0567486,0.26846457,0.0016101263
1522,0.1347607,0.040398967,0.05874446,0.045029994,0.07601623,-0.0046310276
1523,0.5809941,0.093733855,0.08685313,0.068951085,0.49414098,0.02478277
1524,0.28174046,0.004949915,0.033248458,0.016165292,0.248492,-0.011215377
1525,0.3623077,0.045815285,0.07377589,0.055948757,0.2885318,-0.010133471
1526,0.4161575,0.11298515,0.118544504,0.090806104,0.29761302,0.022179045
1527,0.3812945,0.06965108,0.10190718,0.0763358,0.2793873,-0.0066847205
1528,0.34747812,0.070143834,0.08144128,0.06316823,0.26603684,0.006975606
1529,0.15409347,0.029052002,0.034108102,0.023699814,0.11998537,0.005352188
1530,0.4330993,0.05649477,0.07136954,0.055402108,0.36172974,0.0010926612
1531,0.4313399,0.050220996,0.08403197,0.06994914,0.34730792,-0.019728146
1532,0.39484486,0.092372045,0.092062496,0.06668478,0.30278236,0.025687262
1533,0.49534744,0.07334863,0.12558632,0.093982674,0.3697611,-0.020634048
1534,0.42146543,0.04808729,0.087580845,0.06237954,0.3338846,-0.014292248
1535,0.53239363,0.07315155,0.066788465,0.04452025,0.46560517,0.0286313
1536,0.281873,0.057772588,0.06548626,0.050425477,0.21638674,0.0073471107
1537,0.42157638,0.10024772,0.0925806,0.06642002,0.32899576,0.0338277
1538,0.3417146,0.029800264,0.055838495,0.040394086,0.2858761,-0.010593822
1539,0.27086592,0.06079361,0.064303696,0.04936459,0.20656222,0.011429019
1540,0.11726396,0.0036960328,0.019148353,0.015088424,0.09811561,-0.011392391
1541,0.2962075,0.06606796,0.072535835,0.043964084,0.22367164,0.022103872
1542,0.4015207,0.01764185,0.056334473,0.035723485,0.34518623,-0.018081635
1543,0.61792207,0.017913979,0.11952044,0.066609316,0.49840164,-0.048695337
1544,0.32354647,0.07616984,0.08475435,0.060481567,0.23879212,0.015688274
1545,0.36635086,0.06483501,0.101020776,0.07151596,0.26533008,-0.0066809505
1546,0.41249326,0.041966785,0.09059434,0.05271598,0.32189894,-0.010749195
1547,0.4026384,0.05603686,0.08257924,0.0611028,0.32005918,-0.0050659403
1548,0.32449067,0.05649239,0.0824873,0.05467087,0.24200337,0.001821518
1549,0.48060447,0.057301447,0.07724099,0.0572298,0.40336347,7.164851e-05
1550,0.35857797,0.050355863,0.07046227,0.041538574,0.28811568,0.008817289
1551,0.29526132,0.021300334,0.052506812,0.041045256,0.24275452,-0.019744921
1552,0.33231923,0.04748467,0.06175086,0.038916152,0.27056837,0.008568518
1553,0.4052708,0.051094487,0.06396014,0.043559354,0.34131068,0.0075351335
1554,0.399595,0.027402055,0.06575644,0.03678025,0.33383855,-0.009378195
1555,0.31972995,0.06311437,0.084430695,0.055841386,0.23529926,0.007272981
1556,0.37140816,0.040425867,0.05379373,0.043347374,0.31761444,-0.0029215068
1557,0.23210888,0.017789371,0.037217747,0.025350872,0.19489112,-0.007561501
1558,0.41423342,0.08641033,0.097880155,0.07751919,0.31635326,0.008891135
1559,0.43824485,0.038260728,0.07708396,0.053553678,0.36116087,-0.01529295
1560,0.34105864,0.08160483,0.11134659,0.082436115,0.22971205,-0.0008312836
1561,0.3559709,0.02045444,0.05375316,0.041073676,0.30221772,-0.020619236
1562,0.36156207,0.05604603,0.08351062,0.052684404,0.27805144,0.0033616275
1563,0.42497736,0.044913996,0.09832214,0.063702255,0.3266552,-0.01878826
1564,0.29206923,0.040638544,0.056677222,0.03929442,0.235392,0.001344122
1565,0.31403196,0.05233932,0.077335276,0.05584535,0.23669669,-0.003506031
1566,0.436798,0.08619596,0.11914796,0.09716289,0.31765005,-0.010966927
1567,0.4177123,0.052203998,0.106212094,0.07006554,0.3115002,-0.017861545
1568,0.12348463,0.01995228,0.024861354,0.019986788,0.098623276,-3.4507364e-05
1569,0.31054336,0.033452842,0.045392774,0.029429043,0.26515058,0.0040237997
1570,0.26555216,0.042576384,0.050131917,0.031054905,0.21542025,0.011521479
1571,0.32395384,0.031201597,0.065513,0.044705726,0.25844085,-0.013504129
1572,0.36970365,0.04164057,0.056736488,0.04324172,0.31296715,-0.0016011521
1573,0.31274778,0.041846167,0.08462414,0.060257137,0.22812364,-0.01841097
1574,0.39292282,0.03053586,0.056983978,0.039392613,0.33593884,-0.008856753
1575,0.23905179,0.035672013,0.043785192,0.034220066,0.1952666,0.0014519468
1576,0.33472723,0.05113905,0.064178646,0.045838837,0.27054858,0.0053002127
1577,0.41778925,0.09317149,0.119553685,0.089641124,0.29823557,0.0035303682
1578,0.36995336,0.043736428,0.06625935,0.046373233,0.303694,-0.0026368052
1579,0.36014476,0.032746952,0.052620597,0.038412906,0.30752417,-0.005665954
1580,0.31329063,0.047755215,0.06521903,0.044877537,0.2480716,0.0028776787
1581,0.42696413,0.077554524,0.06375666,0.045735292,0.36320746,0.03181923
1582,0.29528654,0.024992146,0.037847575,0.029306848,0.25743896,-0.004314702
1583,0.38304168,0.063823484,0.088937305,0.059652496,0.29410437,0.0041709878
1584,0.37918836,0.0323846,0.044732016,0.032203287,0.33445635,0.0001813136
1585,0.41472375,0.073487155,0.08855565,0.068905875,0.32616812,0.00458128
1586,0.3573595,0.033435993,0.051266927,0.032583337,0.30609256,0.0008526556
1587,0.34362444,0.04719567,0.050787836,0.03859267,0.2928366,0.008602999
1588,0.43658897,0.04535512,0.07936708,0.06768003,0.3572219,-0.022324912
1589,0.32951608,0.05192984,0.09839325,0.06869987,0.23112284,-0.016770028
1590,0.34641775,0.042826485,0.0701715,0.05175172,0.27624625,-0.008925237
1591,0.44854915,0.0033949986,0.026777532,0.021531817,0.42177162,-0.018136818
1592,0.3486237,0.050243758,0.09193198,0.0646726,0.25669172,-0.014428839
1593,0.38694072,0.034706365,0.079542264,0.056457233,0.30739844,-0.021750867
1594,0.30803707,0.039637934,0.0805359,0.05272907,0.22750117,-0.013091136
1595,0.386721,0.052550815,0.07355749,0.058318984,0.3131635,-0.0057681687
1596,0.3825342,0.033226807,0.058600567,0.043478716,0.32393363,-0.0102519095
1597,0.45632073,0.069007084,0.049200445,0.03719074,0.4071203,0.031816345
1598,0.4595344,0.080338106,0.1122033,0.084131315,0.3473311,-0.0037932098
1599,0.40163255,0.032649238,0.07719662,0.0529894,0.32443592,-0.020340163
1600,0.36187312,0.04524897,0.07629798,0.04566909,0.28557515,-0.0004201196
1601,0.3115318,0.04490733,0.06639074,0.052979093,0.24514107,-0.008071762
1602,0.36512572,0.055414982,0.09382564,0.06819667,0.27130008,-0.012781687
1603,0.34849444,0.042621467,0.07502283,0.044866864,0.2734716,-0.0022453964
1604,0.32018957,0.013840182,0.047331885,0.033465445,0.27285767,-0.019625263
1605,0.57724434,0.11318456,0.10231204,0.07048118,0.4749323,0.042703375
1606,0.4976771,0.07918747,0.10029532,0.06315768,0.39738178,0.01602979
1607,0.36565328,0.058281273,0.07844062,0.05994041,0.28721267,-0.0016591363
1608,0.40387022,0.06485699,0.13360557,0.083535776,0.27026466,-0.018678784
1609,0.3518276,0.051972434,0.06479118,0.049571354,0.28703642,0.00240108
1610,0.48404452,0.06351317,0.089841224,0.06189521,0.3942033,0.0016179569
1611,0.41419736,0.09249364,0.09522197,0.07890928,0.3189754,0.0135843605
1612,0.33549762,0.035831016,0.07141614,0.04331955,0.26408148,-0.007488534
1613,0.31971002,0.035865225,0.060433477,0.03924464,0.25927654,-0.0033794157
1614,0.34868264,0.040380877,0.053886544,0.042184662,0.2947961,-0.0018037856
1615,0.26044065,0.033686943,0.04503671,0.027284617,0.21540394,0.0064023267
1616,0.42939696,0.053624213,0.08681606,0.063428774,0.3425809,-0.009804562
1617,0.4348601,0.09318614,0.09681573,0.07241334,0.33804438,0.0207728
1618,0.38141745,0.08192148,0.1133783,0.090742834,0.26803917,-0.008821353
1619,0.29186648,0.036433697,0.05252116,0.044611845,0.23934531,-0.008178148
1620,0.48738787,0.07902469,0.11393003,0.07807892,0.37345785,0.00094576925
1621,0.35636204,0.034615878,0.073332235,0.050345622,0.2830298,-0.015729744
1622,0.341395,0.040309776,0.058522772,0.041540235,0.28287223,-0.0012304597
1623,0.33859146,0.037348147,0.07817073,0.04348152,0.26042074,-0.006133374
1624,0.35613537,0.060167212,0.07283874,0.05324667,0.28329664,0.0069205426
1625,0.3166359,0.063966185,0.071248695,0.054385066,0.24538721,0.009581119
1626,0.2995285,0.058734443,0.07517094,0.054240733,0.22435758,0.0044937097
1627,0.42653534,0.0548862,0.053341173,0.045543667,0.37319416,0.009342533
1628,0.41939592,0.047537602,0.08527859,0.05938519,0.33411732,-0.011847589
1629,0.44462278,0.032618318,0.08534534,0.050852396,0.35927743,-0.018234078
1630,0.24977201,0.03103645,0.047723286,0.034258638,0.20204872,-0.003222188
1631,0.44561285,0.041448504,0.05808256,0.04436938,0.3875303,-0.0029208772
1632,0.28919178,0.058608223,0.080628864,0.06279047,0.20856291,-0.0041822456
1633,0.41018993,0.08117189,0.10962923,0.086325385,0.3005607,-0.005153492
1634,0.27103406,0.055159207,0.05531598,0.03338662,0.21571809,0.021772586
1635,0.27454484,0.035231248,0.061311763,0.04446832,0.21323307,-0.009237073
1636,0.37025222,0.073646106,0.08084573,0.055160157,0.28940648,0.018485948
1637,0.22876787,0.031034198,0.06664704,0.040691108,0.16212083,-0.00965691
1638,0.2959294,0.047318187,0.060590804,0.045162626,0.2353386,0.002155561
1639,0.5053286,0.05709239,0.07254571,0.05546092,0.4327829,0.0016314723
1640,0.36138082,0.06115312,0.07492508,0.046962418,0.28645575,0.014190704
1641,0.517057,0.0855958,0.08558621,0.06409453,0.43147078,0.021501273
1642,0.46359718,0.065706104,0.08375006,0.06255694,0.3798471,0.0031491667
1643,0.31765655,0.050661154,0.073035225,0.052643258,0.24462132,-0.001982104
1644,0.35293117,0.048356548,0.08371996,0.051846564,0.2692112,-0.0034900159
1645,0.4198601,0.05463631,0.080454245,0.059188873,0.33940583,-0.004552562
1646,0.3879875,0.0419654,0.06429129,0.048842184,0.3236962,-0.0068767853
1647,0.41854152,0.07538142,0.08807037,0.06521778,0.33047116,0.0101636425
1648,0.2877409,0.039405677,0.049437586,0.035632282,0.2383033,0.003773395
1649,0.36127895,0.049740314,0.07701473,0.059555314,0.2842642,-0.009815
1650,0.39582056,0.05205983,0.08568286,0.05673338,0.3101377,-0.004673552
1651,0.42059073,0.052286785,0.07149207,0.055779833,0.34909865,-0.0034930483
1652,0.3914902,0.03398342,0.059456635,0.039937567,0.33203354,-0.0059541464
1653,0.3444429,0.056731373,0.07313423,0.052597813,0.27130866,0.0041335598
1654,0.3133487,0.039821163,0.042750705,0.029850477,0.270598,0.0099706855
1655,0.38026088,0.064173,0.0891927,0.062729776,0.2910682,0.0014432222
1656,0.49899527,0.06057051,0.08633203,0.05396235,0.41266325,0.0066081583
1657,0.41265637,0.061363608,0.09623329,0.06774509,0.31642306,-0.006381482
1658,0.42610285,0.05356746,0.09427569,0.059000146,0.33182716,-0.005432684
1659,0.24563667,0.03268212,0.054676224,0.037896086,0.19096045,-0.0052139647
1660,0.34843907,0.027157169,0.065438375,0.043910366,0.2830007,-0.016753197
1661,0.38964462,0.05366045,0.07298352,0.056801893,0.31666112,-0.0031414442
1662,0.45829672,0.043832175,0.07712112,0.05963949,0.38117558,-0.015807316
1663,0.29092628,0.047826104,0.05308808,0.035097443,0.2378382,0.012728661
1664,0.4066356,0.044785526,0.0625281,0.0439341,0.3441075,0.0008514263
1665,0.19694217,0.020733755,0.024763178,0.021828797,0.17217898,-0.0010950416
1666,0.33702785,0.036230966,0.06754104,0.04990096,0.2694868,-0.013669994
1667,0.2819172,0.038998216,0.052638806,0.03661666,0.22927842,0.0023815557
1668,0.3269795,0.023361316,0.05367015,0.03888583,0.27330935,-0.015524516
1669,0.4675884,0.08184989,0.09257058,0.06925065,0.37501782,0.012599237
1670,0.44500682,0.060985968,0.06907364,0.05633418,0.37593317,0.0046517886
1671,0.3093524,0.04633644,0.04256814,0.0390082,0.26678425,0.0073282383
1672,0.3696362,0.015128766,0.040708818,0.025619611,0.3289274,-0.010490845
1673,0.39865643,0.02685957,0.03630431,0.016060036,0.36235213,0.010799535
1674,0.46005905,0.05673925,0.0973959,0.0669276,0.36266315,-0.010188349
1675,0.39095327,0.08483625,0.09393735,0.069504075,0.2970159,0.015332177
1676,0.32061228,0.06578082,0.08191167,0.06824321,0.23870061,-0.0024623945
1677,0.4611372,0.02531124,0.06678225,0.047924362,0.39435494,-0.022613121
1678,0.34160262,0.039664816,0.05935484,0.04567632,0.28224778,-0.0060115047
1679,0.2607054,0.028708689,0.053237982,0.043438274,0.20746744,-0.0147295855
1680,0.33134553,0.041935284,0.050146382,0.0357709,0.28119916,0.006164383
1681,0.35366172,0.005776501,0.021925854,0.010252116,0.33173585,-0.0044756155
1682,0.34937266,0.05406684,0.076216534,0.052225254,0.2731561,0.0018415861
1683,0.21170476,0.023117673,0.040529378,0.027340781,0.17117539,-0.0042231083
1684,0.45149818,0.07699255,0.060599554,0.046557855,0.39089862,0.030434694
1685,0.42745802,0.07915925,0.098104164,0.07277044,0.32935387,0.0063888133
1686,0.39651757,0.046812553,0.07791548,0.049576666,0.3186021,-0.0027641132
1687,0.35732034,0.03951482,0.045901675,0.031970832,0.31141865,0.0075439885
1688,0.4254138,0.08843677,0.122175775,0.09417959,0.303238,-0.0057428256
1689,0.42504847,0.046167504,0.07271425,0.050976586,0.35233423,-0.0048090816
1690,0.31306985,0.047573667,0.05191488,0.037842967,0.26115498,0.0097307
1691,0.35362792,0.08169921,0.0679664,0.048234187,0.28566152,0.03346502
1692,0.32089067,0.037590303,0.051891834,0.035891917,0.26899883,0.0016983859
1693,0.4593821,0.061032318,0.076583534,0.044394996,0.38279855,0.016637322
1694,0.37197584,0.06736768,0.07308705,0.05935959,0.2988888,0.008008089
1695,0.2862715,0.05050697,0.05603022,0.046196014,0.2302413,0.004310958
1696,0.28257358,0.038298417,0.06657832,0.050166823,0.21599525,-0.011868406
1697,0.32595888,0.030895978,0.057387352,0.033280812,0.26857153,-0.002384834
1698,0.35981333,0.0966277,0.09258883,0.07032777,0.2672245,0.026299924
1699,0.35635158,0.044385754,0.08004536,0.051623844,0.2763062,-0.00723809
1700,0.4581825,0.06163106,0.071221456,0.056061566,0.38696104,0.0055694953
1701,0.40399238,0.055676665,0.0849005,0.06471314,0.3190919,-0.009036478
1702,0.28255817,0.06441756,0.068080425,0.044741873,0.21447775,0.01967569
1703,0.18809639,0.040820114,0.056341093,0.041030936,0.13175529,-0.00021082163
1704,0.44799635,0.047106266,0.07283881,0.054477245,0.37515754,-0.0073709786
1705,0.2919571,0.02975645,0.055087905,0.039140884,0.2368692,-0.009384435
1706,0.39031848,0.0785682,0.12250848,0.08912382,0.26781,-0.010555625
1707,0.35476574,0.011937464,0.055991985,0.040542316,0.29877377,-0.028604852
1708,0.29821292,0.056762215,0.080738746,0.05535213,0.21747416,0.0014100857
1709,0.32291654,0.027836187,0.041537307,0.024033079,0.28137922,0.003803108
1710,0.33723837,0.055547055,0.06674737,0.050181508,0.270491,0.005365547
1711,0.37609464,0.044573806,0.06410503,0.04105436,0.3119896,0.0035194457
1712,0.37504035,0.06411781,0.069413245,0.049094062,0.3056271,0.015023749
1713,0.3451452,0.05351572,0.07825506,0.056487717,0.26689014,-0.0029719956
1714,0.3198692,0.036854256,0.05860559,0.046096437,0.2612636,-0.009242181
1715,0.4543805,0.054804135,0.10785629,0.07839187,0.34652424,-0.023587737
1716,0.48811084,0.046930984,0.06916992,0.050681554,0.4189409,-0.0037505701
1717,0.3740635,0.04142184,0.06735548,0.04205811,0.306708,-0.0006362684
1718,0.38814443,0.05084079,0.10540674,0.06925576,0.2827377,-0.01841497
1719,0.33582854,0.020853566,0.0585768,0.04577014,0.27725175,-0.024916572
1720,0.388642,0.036723513,0.06491582,0.041951165,0.32372618,-0.0052276514
1721,0.3812782,0.057303984,0.08018677,0.055425387,0.30109143,0.0018785968
1722,0.339822,0.037688676,0.046085194,0.030961737,0.29373682,0.006726939
1723,0.4407633,0.050733764,0.08101724,0.061409216,0.35974604,-0.010675453
1724,0.4518755,0.04650191,0.08863975,0.057309,0.36323577,-0.010807093
1725,0.292235,0.050113183,0.05219031,0.03751348,0.24004468,0.012599703
1726,0.3405928,0.020957284,0.024593607,0.023563454,0.3159992,-0.0026061703
1727,0.39318985,0.10385486,0.08038506,0.06167667,0.3128048,0.042178188
1728,0.2604842,0.02150875,0.036322303,0.023115266,0.2241619,-0.0016065165
1729,0.31874052,0.03699661,0.06058233,0.046627358,0.25815818,-0.009630747
1730,0.34762776,0.04838618,0.07501236,0.054380648,0.2726154,-0.005994469
1731,0.33862102,0.042409725,0.06381698,0.0473388,0.27480406,-0.004929073
1732,0.30991694,0.04598553,0.059271764,0.043805417,0.2506452,0.0021801144
1733,0.374318,0.043075975,0.04465329,0.028687472,0.3296647,0.0143885035
1734,0.3203986,0.054719992,0.07817893,0.057846166,0.24221967,-0.0031261742
1735,0.41508457,0.05078354,0.08005121,0.05955456,0.33503336,-0.008771017
1736,0.40800336,0.045392122,0.079622835,0.050982036,0.32838053,-0.0055899136
1737,0.40361312,0.07266722,0.07005743,0.055353783,0.3335557,0.017313436
1738,0.42167404,0.0469876,0.07542147,0.047348887,0.34625256,-0.0003612861
1739,0.3569917,0.0696332,0.097604446,0.05775255,0.25938725,0.011880651
1740,0.34868526,0.027497247,0.07530019,0.03986582,0.27338508,-0.012368575
1741,0.37482524,0.061268877,0.08949822,0.062018592,0.28532702,-0.0007497147
1742,0.41730782,0.045947377,0.07986091,0.053228907,0.33744693,-0.0072815306
1743,0.39586812,0.04432234,0.0796823,0.0569867,0.31618583,-0.012664359
1744,0.27066255,0.052829783,0.072883375,0.054919213,0.19777918,-0.0020894296
1745,0.49073026,0.104438625,0.11952223,0.08837943,0.371208,0.016059197
1746,0.099882945,0.015420181,0.016864212,0.01598446,0.083018735,-0.00056427997
1747,0.35111937,0.056654137,0.06594579,0.039045606,0.2851736,0.01760853
1748,0.3153131,0.04593066,0.05871764,0.04648549,0.25659546,-0.00055482984
1749,0.33916846,0.04506313,0.049148995,0.03696703,0.29001945,0.008096099
1750,0.4007423,0.053602923,0.077832706,0.05713313,0.3229096,-0.003530208
1751,0.3107812,0.05292698,0.046857312,0.036994666,0.26392388,0.015932314
1752,0.2472843,0.01643627,0.021938462,0.015665669,0.22534584,0.0007706005
1753,0.35872945,0.028456153,0.0611595,0.045683794,0.29756996,-0.01722764
1754,0.373198,0.053716514,0.07358979,0.049766712,0.29960823,0.0039498024
1755,0.41754806,0.08278148,0.10133594,0.08651097,0.31621212,-0.0037294924
1756,0.340448,0.046908733,0.056417197,0.04197461,0.2840308,0.004934121
1757,0.3821092,0.028832383,0.06383969,0.0432729,0.3182695,-0.014440518
1758,0.41099402,0.0849458,0.09076761,0.07734217,0.32022643,0.0076036304
1759,0.24873038,0.026507229,0.05640918,0.036308628,0.1923212,-0.009801399
1760,0.36749643,0.024135109,0.04411997,0.027242083,0.32337648,-0.003106974
1761,0.34136626,0.040536106,0.06910317,0.05058219,0.2722631,-0.0100460835
1762,0.3508018,0.028586788,0.05025061,0.03614358,0.30055118,-0.0075567905
1763,0.3670434,0.04750303,0.081275366,0.057940356,0.28576803,-0.010437325
1764,0.25087446,0.025123307,0.04644889,0.032865055,0.20442557,-0.0077417474
1765,0.3150178,0.027748547,0.048573293,0.038142838,0.2664445,-0.01039429
1766,0.28174853,0.018690435,0.04482209,0.032104995,0.23692644,-0.01341456
1767,0.34971243,0.044587173,0.061817277,0.030098626,0.28789514,0.014488546
1768,0.35496765,0.047051903,0.06619624,0.052347533,0.28877142,-0.0052956305
1769,0.39581782,0.07768737,0.09366103,0.06429737,0.30215678,0.013389997
1770,0.4326019,0.036050748,0.07588752,0.048203167,0.35671437,-0.0121524185
1771,0.33586392,0.061709367,0.06547582,0.039057333,0.2703881,0.022652034
1772,0.32679653,0.07219502,0.06807769,0.04393104,0.25871885,0.028263982
1773,0.27939466,0.045229703,0.051948093,0.035838388,0.22744656,0.009391315
1774,0.37808433,0.07137454,0.07670949,0.05143856,0.30137485,0.019935984
1775,0.29425636,0.034035344,0.050259102,0.033000533,0.24399726,0.0010348111
1776,0.23327588,0.024147213,0.02731271,0.02025076,0.20596316,0.0038964525
1777,0.33084142,0.052651975,0.06284087,0.0393252,0.26800054,0.013326775
1778,0.27990434,0.041485462,0.06149889,0.04217096,0.21840544,-0.0006854981
1779,0.33744842,0.0484731,0.076508686,0.06073608,0.26093972,-0.012262978
1780,0.3656347,0.019467574,0.04350105,0.026876217,0.32213366,-0.007408643
1781,0.34531155,0.09138502,0.112758085,0.08861176,0.23255347,0.0027732626
1782,0.431868,0.068010435,0.05353549,0.042756148,0.3783325,0.025254287
1783,0.4403249,0.06606144,0.087696314,0.07073912,0.3526286,-0.004677683
1784,0.40138495,0.035017762,0.04379872,0.03313509,0.35758623,0.0018826723
1785,0.22640412,0.020946756,0.037166137,0.027020771,0.18923798,-0.006074015
1786,0.3401321,0.07667145,0.09356923,0.07530062,0.24656287,0.0013708323
1787,0.28423584,0.039195325,0.05585137,0.041552234,0.22838446,-0.0023569092
1788,0.27914205,0.07865177,0.064336024,0.045191854,0.21480602,0.033459917
1789,0.38068125,0.04061318,0.05505184,0.0312708,0.3256294,0.00934238
1790,0.4672692,0.07599563,0.07419105,0.05366134,0.39307815,0.022334293
1791,0.32938173,0.042893242,0.05747991,0.046474706,0.27190182,-0.0035814643
1792,0.33228195,0.060994413,0.061657347,0.049705222,0.2706246,0.0112891905
1793,0.37092835,0.042023536,0.063624024,0.04765505,0.30730432,-0.005631514
1794,0.17856117,0.043236285,0.051424474,0.04069279,0.12713669,0.002543494
1795,0.30592892,0.05318425,0.0655685,0.045034535,0.24036041,0.008149713
1796,0.42936316,0.054602124,0.093081824,0.06104961,0.33628133,-0.0064474866
1797,0.28532517,0.028420726,0.039096616,0.02604973,0.24622855,0.0023709964
1798,0.34622294,0.04448874,0.0638244,0.049586948,0.28239852,-0.005098209
1799,0.44005662,0.047910843,0.05877181,0.042151596,0.3812848,0.0057592466
1800,0.3811919,0.031094419,0.06830266,0.045785874,0.31288925,-0.014691455
1801,0.3146008,0.015227616,0.05663511,0.038657222,0.25796568,-0.023429606
1802,0.35292742,0.055041905,0.07145693,0.0474175,0.28147048,0.0076244064
1803,0.3580175,0.06718672,0.06591836,0.047313534,0.29209915,0.019873187
1804,0.38502932,0.0666903,0.06307481,0.05010575,0.3219545,0.016584553
1805,0.40178633,0.069378786,0.07856913,0.054013092,0.3232172,0.015365694
1806,0.39822337,0.044362303,0.0725288,0.057769973,0.32569456,-0.01340767
1807,0.27773458,0.05628131,0.055009287,0.041735005,0.22272529,0.014546305
1808,0.32604676,0.049759805,0.051503915,0.042182546,0.27454284,0.007577259
1809,0.36615288,0.059933927,0.10009092,0.066567495,0.26606196,-0.0066335686
1810,0.33290446,0.0117808655,0.04998172,0.03590414,0.28292274,-0.024123274
1811,0.38578516,0.05383228,0.08367519,0.055691134,0.30210996,-0.0018588528
1812,0.39254147,0.093417816,0.09426386,0.076453745,0.29827762,0.01696407
1813,0.31531897,0.03394068,0.05632352,0.03844163,0.25899544,-0.004500948
1814,0.3068349,0.08517895,0.1083349,0.07828988,0.1985,0.0068890676
1815,0.33526042,0.061512277,0.05089133,0.039897107,0.28436908,0.02161517
1816,0.3553972,0.06550027,0.055501748,0.0346924,0.29989544,0.030807868
1817,0.21919394,0.025689688,0.032157686,0.018453237,0.18703625,0.007236451
1818,0.26644373,0.04481403,0.06482135,0.046209604,0.20162238,-0.001395572
1819,0.29952914,0.048921715,0.089815594,0.06331861,0.20971355,-0.014396895
1820,0.34084743,0.058736578,0.070104286,0.047855936,0.27074313,0.010880642
1821,0.22950247,0.054181,0.05855171,0.046336405,0.17095076,0.007844593
1822,0.37221098,0.06558312,0.08259358,0.06594966,0.2896174,-0.0003665462
1823,0.4557699,0.03198709,0.07233676,0.05054198,0.38343313,-0.018554889
1824,0.271751,0.038723852,0.05409822,0.03917049,0.21765277,-0.00044663623
1825,0.28585497,0.04003247,0.048142698,0.036693104,0.23771226,0.0033393651
1826,0.3198279,0.013498102,0.04263695,0.027224159,0.27719095,-0.013726057
1827,0.3433051,0.04591112,0.044150166,0.027147958,0.29915494,0.01876316
1828,0.4222037,0.040335238,0.06224234,0.044148337,0.35996136,-0.003813099
1829,0.32741833,0.050020777,0.058709443,0.045196008,0.26870888,0.0048247688
1830,0.43684387,0.065699786,0.07423545,0.04729382,0.36260843,0.018405966
1831,0.47555482,0.074196704,0.090975285,0.059838872,0.38457954,0.014357831
1832,0.43619257,0.09598342,0.12811038,0.101173185,0.3080822,-0.0051897615
1833,0.32812163,0.03424662,0.06804345,0.04556599,0.2600782,-0.011319369
1834,0.26438183,0.056077544,0.04400587,0.036613032,0.22037596,0.019464511
1835,0.46012095,0.075418904,0.119453564,0.08493139,0.34066737,-0.009512484
1836,0.2853571,0.031165255,0.06282615,0.038231753,0.22253093,-0.0070664976
1837,0.43404227,0.047122866,0.07564078,0.054424446,0.35840148,-0.00730158
1838,0.10034085,0.010677348,0.027447993,0.016440291,0.07289286,-0.005762943
1839,0.40372148,0.036084086,0.05964879,0.04048995,0.3440727,-0.0044058636
1840,0.3282052,0.050633557,0.049365863,0.039055236,0.27883935,0.011578321
1841,0.14016552,0.021074561,0.022685757,0.017609555,0.117479764,0.0034650061
1842,0.41701132,0.08162022,0.0783393,0.057731282,0.338672,0.023888934
1843,0.36429128,0.0653796,0.06999675,0.051713873,0.29429454,0.013665725
1844,0.37902963,0.071637,0.09233908,0.06799531,0.28669053,0.0036416873
1845,0.36953154,0.07726706,0.07325363,0.053335905,0.2962779,0.023931153
1846,0.42846864,0.06642388,0.10090457,0.082451545,0.32756406,-0.016027667
1847,0.5137081,0.07531307,0.10728286,0.0668173,0.40642524,0.00849577
1848,0.28237197,0.030570896,0.06141765,0.034840748,0.22095431,-0.0042698514
1849,0.5016894,0.09774596,0.10276427,0.08115856,0.3989251,0.016587399
1850,0.5174469,0.031333018,0.080033794,0.05426688,0.4374131,-0.022933863
1851,0.36646026,0.101430215,0.09724829,0.067586824,0.26921198,0.03384339
1852,0.328848,0.03743433,0.05377624,0.038594503,0.27507177,-0.0011601746
1853,0.51614463,0.05699885,0.09626451,0.06756422,0.41988012,-0.01056537
1854,0.48640162,0.0658313,0.09745362,0.07456491,0.388948,-0.008733608
1855,0.57870543,0.052542582,0.09756938,0.057538826,0.48113605,-0.004996244
1856,0.38869908,0.034097966,0.0694498,0.04563684,0.31924927,-0.011538874
1857,0.3826382,0.07908514,0.06587033,0.04531318,0.31676787,0.033771962
1858,0.3766828,0.058080975,0.08951412,0.055167813,0.28716868,0.002913162
1859,0.37786934,0.037177578,0.06361502,0.044399403,0.3142543,-0.0072218254
1860,0.55085146,0.09073099,0.096800804,0.068440214,0.45405066,0.022290774
1861,0.49025482,0.07323488,0.09441898,0.06557641,0.39583585,0.0076584667
1862,0.3788555,0.067060426,0.0644447,0.045993876,0.3144108,0.02106655
1863,0.33178642,0.035526637,0.05792427,0.03414778,0.27386215,0.0013788566
1864,0.3306592,0.054243315,0.08083597,0.05615144,0.24982324,-0.0019081235
1865,0.37506756,0.06901468,0.06703905,0.053656124,0.30802852,0.01535856
1866,0.3474498,0.047165576,0.065802656,0.052681386,0.28164715,-0.00551581
1867,0.25269207,0.04111677,0.034706738,0.023325209,0.21798533,0.017791562
1868,0.40686762,0.040716324,0.0623641,0.04045113,0.34450352,0.00026519224
1869,0.19208486,0.011595496,0.029394995,0.018141981,0.16268986,-0.0065464852
1870,0.42263594,0.04467039,0.060189564,0.048016943,0.36244637,-0.0033465512
1871,0.46529484,0.07809029,0.10011117,0.079673685,0.36518365,-0.0015833974
1872,0.41239753,0.060844474,0.07701014,0.06460397,0.3353874,-0.003759496
1873,0.19572116,0.060284737,0.06770865,0.055812605,0.12801251,0.004472133
1874,0.3530137,0.024306195,0.05483829,0.033157162,0.2981754,-0.0088509675
1875,0.34443212,0.0455991,0.042164348,0.029028643,0.30226776,0.016570456
1876,0.26733738,0.04236772,0.06717846,0.045558747,0.20015892,-0.0031910278
1877,0.2671479,0.036063354,0.039462708,0.02663149,0.22768518,0.009431865
1878,0.33381185,0.040796943,0.054752015,0.041383576,0.27905983,-0.00058663264
1879,0.27398285,0.045115963,0.04496631,0.031390045,0.22901654,0.013725918
1880,0.3537109,0.041970383,0.076272346,0.052613802,0.27743855,-0.010643419
1881,0.37376398,0.063453004,0.08480987,0.06358547,0.2889541,-0.00013246387
1882,0.15344082,0.0029649502,0.013294777,0.009641035,0.14014605,-0.0066760853
1883,0.32830098,0.048801962,0.06898354,0.041066077,0.25931746,0.0077358857
1884,0.31505895,0.051927127,0.069658324,0.045625817,0.24540062,0.00630131
1885,0.40930733,0.046581592,0.050719928,0.041516066,0.3585874,0.005065527
1886,0.43783903,0.024984667,0.044785313,0.026024878,0.3930537,-0.001040211
1887,0.28686956,0.056282908,0.060818434,0.04577632,0.22605112,0.010506589
1888,0.2785895,0.055175,0.05835108,0.037606858,0.2202384,0.017568141
1889,0.31807077,0.04703908,0.06420171,0.055894274,0.25386906,-0.008855194
1890,0.20295508,0.02335655,0.035292752,0.02251603,0.16766232,0.0008405186
1891,0.37642205,0.02766614,0.073492065,0.042112045,0.30293,-0.014445905
1892,0.38768023,0.07868946,0.07995303,0.06012102,0.30772722,0.018568445
1893,0.42752016,0.0769792,0.0908471,0.06297575,0.33667305,0.014003448
1894,0.33732635,0.036635045,0.045265242,0.03226096,0.2920611,0.004374083
1895,0.40977752,0.07929133,0.06959721,0.05554848,0.3401803,0.023742847
1896,0.41116843,0.10944019,0.110493384,0.082551315,0.30067503,0.026888877
1897,0.40750948,0.04653802,0.06958394,0.050394487,0.33792555,-0.0038564652
1898,0.21648203,0.024502277,0.057712138,0.033644147,0.15876989,-0.00914187
1899,0.3795438,0.059255313,0.08029501,0.055429123,0.2992488,0.0038261898
1900,0.33218026,0.041701276,0.059081562,0.046800714,0.2730987,-0.005099438
1901,0.4170705,0.0566163,0.09655468,0.06188941,0.3205158,-0.005273111
1902,0.3697692,0.061151043,0.06343626,0.041107096,0.30633292,0.020043947
1903,0.3809697,0.042897005,0.057655066,0.03798378,0.32331464,0.004913226
1904,0.35288402,0.021336848,0.05604031,0.034318395,0.2968437,-0.012981547
1905,0.29699847,0.022877634,0.057793148,0.038601954,0.23920533,-0.01572432
1906,0.45325193,0.0245385,0.049657233,0.02943872,0.4035947,-0.004900219
1907,0.31375504,0.057532527,0.055879455,0.040840667,0.2578756,0.01669186
1908,0.4252089,0.039358538,0.06587659,0.05175854,0.35933232,-0.012400001
1909,0.3248704,0.011857792,0.042896822,0.032048933,0.2819736,-0.02019114
1910,0.27589136,0.051335458,0.06719233,0.053102702,0.20869903,-0.0017672442
1911,0.39977795,0.108145505,0.07387232,0.05005824,0.32590562,0.058087267
1912,0.35341024,0.085397534,0.08926891,0.066192985,0.26414132,0.01920455
1913,0.5101235,0.075801514,0.09766387,0.06564946,0.4124596,0.010152057
1914,0.28122962,0.02881821,0.05501445,0.04035875,0.22621517,-0.011540538
1915,0.30932918,0.03998673,0.06106188,0.04813776,0.2482673,-0.008151032
1916,0.36478117,0.026895825,0.046679355,0.029084245,0.31810182,-0.00218842
1917,0.34542167,0.050415605,0.063944064,0.053916126,0.2814776,-0.0035005212
1918,0.35999376,0.04970249,0.07648922,0.05797153,0.28350455,-0.008269038
1919,0.41417253,0.05068433,0.08216809,0.054320503,0.33200443,-0.003636174
1920,0.36765328,0.039896905,0.05725784,0.03591802,0.31039545,0.0039788857
1921,0.3873907,0.039581746,0.07549082,0.0455567,0.3118999,-0.005974956
1922,0.38533053,0.09635466,0.09372042,0.070219845,0.29161012,0.026134819
1923,0.43770415,0.102352574,0.12472756,0.0903954,0.3129766,0.011957176
1924,0.29840234,0.08486254,0.103267826,0.07628308,0.19513452,0.008579455
1925,0.4318077,0.06843404,0.07869641,0.055847384,0.3531113,0.012586653
1926,0.3816946,0.05671118,0.09230293,0.05957812,0.2893917,-0.0028669424
1927,0.534629,0.06037842,0.09154323,0.06609599,0.44308576,-0.005717572
1928,0.33235738,0.05101261,0.064181946,0.0481819,0.26817542,0.0028307103
1929,0.29087794,0.04954055,0.06737696,0.04778514,0.22350098,0.001755409
1930,0.4240132,0.058122974,0.10040657,0.070742846,0.3236066,-0.012619872
1931,0.4097371,0.077094756,0.08716093,0.06860844,0.32257617,0.008486316
1932,0.35442436,0.023539705,0.039491024,0.02418604,0.31493333,-0.00064633414
1933,0.09600651,0.014845474,0.019920008,0.012551388,0.076086506,0.002294086
1934,0.34310922,0.0623688,0.08926461,0.07091634,0.25384462,-0.008547541
1935,0.28177074,0.026119515,0.05180802,0.035659604,0.22996272,-0.0095400885
1936,0.3334059,0.04016318,0.065750405,0.04243908,0.2676555,-0.002275899
1937,0.3793779,0.079148114,0.09326051,0.06951697,0.28611737,0.009631142
1938,0.37337434,0.037192132,0.061780013,0.044084914,0.31159434,-0.0068927817
1939,0.16849424,0.012713039,0.035545252,0.026494047,0.132949,-0.013781007
1940,0.3075339,0.029815355,0.03591288,0.029375127,0.27162102,0.00044022873
1941,0.5271478,0.06878392,0.069875866,0.051397525,0.45727196,0.017386392
1942,0.26974684,0.035024367,0.06766738,0.04512288,0.20207946,-0.010098513
1943,0.34286183,0.06530497,0.07337333,0.05545699,0.2694885,0.009847984
1944,0.2508127,0.04487524,0.06935095,0.04874953,0.18146175,-0.003874287
1945,0.33756042,0.023927249,0.050841648,0.037642516,0.28671876,-0.013715267
1946,0.39015368,0.030575119,0.06148839,0.04598763,0.3286653,-0.015412509
1947,0.35608992,0.021777365,0.07534909,0.051600933,0.28074083,-0.029823568
1948,0.3708455,0.060477354,0.08090865,0.06521357,0.28993684,-0.004736215
1949,0.41836998,0.040932205,0.07452063,0.045633584,0.34384936,-0.0047013797
1950,0.24697259,0.033880293,0.05018849,0.038965963,0.19678411,-0.0050856695
1951,0.4446353,0.053148415,0.09739639,0.07591373,0.3472389,-0.022765312
1952,0.29292163,0.053402744,0.072886795,0.0580441,0.22003484,-0.004641354
1953,0.44586745,0.12835824,0.14820907,0.1233276,0.29765838,0.005030647
1954,0.25493303,0.051812008,0.07491433,0.052054774,0.1800187,-0.000242766
1955,0.20514023,0.04269702,0.040423654,0.025936762,0.16471657,0.016760258
1956,0.5018744,0.049290296,0.071810335,0.047940925,0.43006405,0.0013493709
1957,0.37619743,0.05920666,0.07728293,0.051361542,0.2989145,0.007845119
1958,0.35725164,0.06148378,0.09079935,0.059401058,0.2664523,0.0020827241
1959,0.41294757,0.10754466,0.12789398,0.0973792,0.28505358,0.01016546
1960,0.29734138,0.032859165,0.07331296,0.05097138,0.22402841,-0.018112216
1961,0.27255198,0.030711904,0.042852577,0.031294674,0.2296994,-0.0005827695
1962,0.40557694,0.040978536,0.07349081,0.048958946,0.33208615,-0.00798041
1963,0.33572558,0.032696947,0.044301536,0.038550142,0.29142404,-0.0058531947
1964,0.3546462,0.080026604,0.08372002,0.060323864,0.27092618,0.01970274
1965,0.3791868,0.054296304,0.08145694,0.061436318,0.29772988,-0.0071400143
1966,0.33908835,0.106369644,0.13434555,0.10415361,0.2047428,0.0022160336
1967,0.47981235,0.090531,0.111085996,0.0900966,0.36872637,0.00043439865
1968,0.3501776,0.049156796,0.068489194,0.054713022,0.2816884,-0.005556226
1969,0.2482837,0.03334361,0.048330776,0.03488634,0.19995293,-0.0015427321
1970,0.3970689,0.055966906,0.07720235,0.05362008,0.31986654,0.0023468249
1971,0.3374643,0.051462498,0.06434241,0.042382985,0.2731219,0.009079512
1972,0.42696887,0.031141246,0.02547799,0.0199577,0.40149087,0.011183545
1973,0.19418405,0.03601875,0.04541541,0.034349296,0.14876863,0.0016694553
1974,0.41839522,0.07340275,0.07976508,0.06540117,0.33863014,0.008001581
1975,0.40872687,0.042570468,0.059817187,0.04207747,0.34890968,0.00049299747
1976,0.5545527,0.084918514,0.10431206,0.069574155,0.4502406,0.015344359
1977,0.13476977,0.014092368,0.024457105,0.020272058,0.11031266,-0.0061796894
1978,0.4410606,0.059012692,0.09031319,0.061688323,0.3507474,-0.0026756302
1979,0.372947,0.02672723,0.08361386,0.057958443,0.28933316,-0.031231213
1980,0.39784324,0.065124005,0.09602934,0.071389616,0.3018139,-0.0062656105
1981,0.2003693,0.022106351,0.03766374,0.021255827,0.16270556,0.00085052475
1982,0.30582753,0.056443624,0.061939865,0.042450845,0.24388766,0.013992779
1983,0.4162805,0.06548641,0.088712886,0.06918668,0.32756764,-0.0037002712
1984,0.3658382,0.036985595,0.063309215,0.041865747,0.30252898,-0.0048801526
1985,0.46978822,0.060578294,0.07969129,0.05244028,0.39009693,0.008138016
1986,0.4281404,0.07497888,0.097842485,0.07139398,0.33029792,0.003584899
1987,0.30566722,0.036900222,0.06236156,0.04003277,0.24330565,-0.0031325482
1988,0.41776338,0.06525744,0.087540895,0.065133914,0.3302225,0.00012352318
1989,0.28695524,0.059485313,0.069653966,0.0425339,0.21730128,0.016951412
1990,0.25203112,0.026509596,0.052595913,0.03544024,0.1994352,-0.008930644
1991,0.45193693,0.058447063,0.06363416,0.04912078,0.38830277,0.009326283
1992,0.43365932,0.05397199,0.07740143,0.054051958,0.3562579,-7.996708e-05
1993,0.33719057,0.056530133,0.07935779,0.06156411,0.25783277,-0.0050339773
1994,0.38271254,0.0450332,0.050581187,0.041728266,0.33213136,0.003304936
1995,0.37367713,0.026962262,0.056764223,0.041664347,0.31691292,-0.014702085
1996,0.41394612,0.049747404,0.085231,0.058492374,0.32871512,-0.00874497
1997,0.32950294,0.05332557,0.088771775,0.059557676,0.24073116,-0.006232105
1998,0.37346038,0.059817582,0.06470671,0.042899247,0.30875367,0.016918335
1999,0.30886912,0.037809562,0.062518135,0.046350814,0.24635099,-0.008541252
2000,0.3959398,0.06611904,0.059674013,0.04664427,0.33626577,0.019474767
2001,0.460204,0.019363571,0.08331686,0.051724304,0.37688714,-0.032360733
2002,0.3973702,0.045318183,0.052244365,0.034328155,0.34512582,0.010990027
2003,0.38425624,0.070707336,0.06318162,0.045001056,0.32107463,0.02570628
2004,0.29888004,0.047027685,0.059327684,0.042409085,0.23955235,0.0046186
2005,0.18962042,0.042850032,0.044213668,0.031762626,0.14540675,0.011087406
2006,0.42662594,0.06995366,0.093158975,0.06689131,0.33346695,0.003062345
2007,0.33245873,0.064465225,0.08753387,0.061338603,0.24492487,0.0031266212
2008,0.23274788,0.04032552,0.056030072,0.034757446,0.17671782,0.005568072
2009,0.44510373,0.0372302,0.055710226,0.03866033,0.3893935,-0.0014301278
2010,0.36684728,0.02860728,0.055597465,0.031193078,0.31124982,-0.0025857966
2011,0.29855564,0.037458733,0.056677092,0.047313683,0.24187855,-0.00985495
2012,0.27251023,0.053897567,0.11473817,0.06961719,0.15777206,-0.015719622
2013,0.26778275,0.022118255,0.06272922,0.03953293,0.20505354,-0.017414674
2014,0.3771537,0.037148975,0.055165194,0.039996456,0.3219885,-0.0028474815
2015,0.35017127,0.032616384,0.06606066,0.04945063,0.2841106,-0.016834244
2016,0.37484828,0.05885711,0.07978795,0.06549918,0.29506034,-0.0066420697
2017,0.38118207,0.059571024,0.07801971,0.053881925,0.30316237,0.0056890994
2018,0.42603382,0.043161727,0.071608946,0.054395128,0.3544249,-0.011233401
2019,0.35126302,0.046382576,0.07616787,0.049883112,0.27509516,-0.003500536
2020,0.18297045,0.04484716,0.04968946,0.04057891,0.13328099,0.0042682514
2021,0.33617422,0.02998707,0.0418725,0.031266175,0.29430172,-0.0012791045
2022,0.34007764,0.037272323,0.05962335,0.045010462,0.28045428,-0.0077381395
2023,0.50125,0.05835959,0.10720147,0.076029226,0.39404857,-0.017669637
2024,0.17936186,0.0589766,0.04667119,0.030428806,0.13269067,0.028547795
2025,0.35580254,0.04628125,0.057660736,0.047084253,0.2981418,-0.00080300495
2026,0.3038585,0.03524017,0.052584223,0.0361169,0.25127426,-0.00087673217
2027,0.36380282,0.038488254,0.05521775,0.040395033,0.30858508,-0.0019067787
2028,0.5144065,0.14636813,0.17018622,0.14452949,0.34422028,0.0018386394
2029,0.45839885,0.03621053,0.102297425,0.062410425,0.35610142,-0.026199896
2030,0.33347937,0.043116637,0.08975938,0.067638695,0.24372,-0.024522059
2031,0.40063605,0.07226405,0.09242972,0.06639762,0.30820632,0.0058664307
2032,0.22123812,0.038305324,0.047415435,0.03328486,0.17382269,0.005020462
2033,0.42359,0.041778825,0.058716286,0.041696593,0.3648737,8.223206e-05
2034,0.26924714,0.028785253,0.06039552,0.046510547,0.20885162,-0.017725294
2035,0.3080982,0.045689348,0.061227668,0.044291563,0.24687053,0.0013977848
2036,0.35588,0.030849585,0.063792706,0.045504145,0.2920873,-0.01465456
2037,0.3354408,0.015740458,0.044876654,0.028321082,0.29056415,-0.012580624
2038,0.44955263,0.06706134,0.09329823,0.06622391,0.3562544,0.00083743036
2039,0.34199497,0.07514106,0.089978084,0.059631497,0.2520169,0.015509561
2040,0.41960084,0.053203586,0.062327802,0.044453304,0.35727304,0.008750282
2041,0.36104247,0.040779646,0.051404554,0.039976638,0.3096379,0.0008030087
2042,0.38349408,0.06535232,0.07454075,0.058036394,0.30895334,0.0073159263
2043,0.2538823,0.065887764,0.06181537,0.051182967,0.19206692,0.014704797
2044,0.4312691,0.04625549,0.10348185,0.070909105,0.32778725,-0.024653614
2045,0.3227591,0.04242063,0.07687136,0.046247624,0.24588773,-0.0038269944
2046,0.386614,0.038070068,0.061015554,0.037700456,0.32559845,0.00036961213
2047,0.37082767,0.021633733,0.06718597,0.050831296,0.3036417,-0.029197562
2048,0.4272505,0.0558867,0.08114238,0.056121893,0.34610814,-0.00023519248
2049,0.33729553,0.08424408,0.09074944,0.06800649,0.24654609,0.016237587
2050,0.49846485,0.06652142,0.07740493,0.05477492,0.4210599,0.0117465
2051,0.34901848,0.072564475,0.0965643,0.077743165,0.2524542,-0.00517869
2052,0.4060498,0.036585223,0.05497542,0.037450757,0.35107437,-0.00086553395
2053,0.33486867,0.037497204,0.0424427,0.031766545,0.29242596,0.005730659
2054,0.28590018,0.06932392,0.070977375,0.06247697,0.2149228,0.0068469495
2055,0.5177088,0.07949703,0.095979825,0.072277054,0.42172897,0.0072199777
2056,0.26040366,0.054808512,0.058143437,0.044628758,0.20226023,0.010179754
2057,0.4072389,0.03804914,0.057641886,0.034408353,0.349597,0.0036407858
2058,0.38075346,0.0410025,0.07588605,0.040004037,0.30486742,0.0009984635
2059,0.31677872,0.05028761,0.06440215,0.051086,0.25237656,-0.0007983893
2060,0.4319402,0.09352222,0.08971187,0.06775839,0.34222832,0.025763832
2061,0.30094677,0.026072476,0.05397532,0.035329618,0.24697146,-0.0092571415
2062,0.23886289,0.026245916,0.06048616,0.033806395,0.17837673,-0.0075604785
2063,0.10862203,0.01612258,0.021398546,0.018166844,0.087223485,-0.0020442642
2064,0.34325695,0.040541455,0.055148732,0.037892707,0.28810823,0.0026487485
2065,0.4214157,0.05570611,0.07845048,0.06371404,0.34296522,-0.008007932
2066,0.29130468,0.035105623,0.06063533,0.042283174,0.23066935,-0.0071775503
2067,0.36659706,0.05220333,0.06489228,0.040605962,0.30170476,0.011597369
2068,0.3808234,0.017274458,0.04227312,0.023921486,0.33855027,-0.006647028
2069,0.40941212,0.06539729,0.1086909,0.08040495,0.30072123,-0.01500766
2070,0.27141026,0.07391045,0.08056747,0.062389553,0.19084278,0.0115209
2071,0.39353257,0.05835783,0.07364006,0.05180431,0.31989253,0.0065535195
2072,0.28839412,0.046349183,0.057459455,0.039390437,0.23093466,0.0069587454
2073,0.31559855,0.031939007,0.054984976,0.034334004,0.26061356,-0.0023949966
2074,0.22273616,0.022471942,0.034470923,0.02401937,0.18826523,-0.0015474278
2075,0.41285077,0.03559354,0.074659675,0.05518029,0.3381911,-0.01958675
2076,0.4058232,0.07343212,0.094964035,0.06683739,0.31085917,0.006594725
2077,0.44254115,0.122930735,0.146645,0.10811995,0.29589617,0.014810786
2078,0.36859658,0.06914061,0.09226747,0.0726137,0.2763291,-0.0034730881
2079,0.305438,0.032027163,0.05127176,0.032530464,0.25416625,-0.0005033016
2080,0.3698111,0.073853515,0.071274266,0.05256152,0.29853684,0.021291994
2081,0.34812334,0.04253895,0.08625989,0.053948265,0.26186347,-0.011409316
2082,0.46285993,0.060683183,0.1212363,0.08666087,0.34162363,-0.025977686
2083,0.32852867,0.059684448,0.09715663,0.063875325,0.23137204,-0.004190877
2084,0.4243076,0.048375186,0.07021775,0.04573916,0.35408986,0.0026360266
2085,0.35984936,0.053933375,0.051796325,0.041027643,0.30805305,0.012905732
2086,0.45663232,0.099947855,0.118328705,0.08924517,0.33830363,0.0107026845
2087,0.41602352,0.049739603,0.04933901,0.03586967,0.3666845,0.013869934
2088,0.4141514,0.054055482,0.08042115,0.06186085,0.33373025,-0.007805366
2089,0.4130993,0.030708749,0.06600944,0.043643754,0.34708986,-0.012935005
2090,0.30448747,0.044783287,0.056059252,0.036099635,0.24842821,0.008683652
2091,0.43603224,0.118268505,0.08386845,0.052857637,0.3521638,0.06541087
2092,0.4258674,0.051716518,0.08746729,0.06908749,0.33840013,-0.017370973
2093,0.26340565,0.05768358,0.08704185,0.061075516,0.1763638,-0.0033919364
2094,0.27533993,0.071332544,0.063313164,0.042307932,0.21202677,0.029024612
2095,0.3440041,0.041152187,0.051793635,0.040631138,0.29221046,0.0005210489
2096,0.36940542,0.06894778,0.07821336,0.05581563,0.29119205,0.0131321475
2097,0.4558667,0.048959635,0.07472515,0.05706746,0.38114154,-0.008107826
2098,0.38700697,0.053996827,0.057754673,0.043516338,0.3292523,0.01048049
2099,0.30864173,0.023197211,0.05295225,0.040640034,0.25568947,-0.017442822
2100,0.42781937,0.043567274,0.08334609,0.055927552,0.34447327,-0.0123602785
2101,0.33396363,0.035331126,0.05896329,0.038166083,0.27500033,-0.002834957
2102,0.390979,0.051079404,0.06402983,0.049771186,0.32694918,0.0013082176
2103,0.42311543,0.045790438,0.06383691,0.044473145,0.35927853,0.0013172925
2104,0.371654,0.035532594,0.056007463,0.04314645,0.31564653,-0.0076138563
2105,0.28582263,0.049551945,0.047095932,0.03538179,0.2387267,0.014170155
2106,0.40911996,0.0682016,0.068037815,0.048793703,0.34108216,0.019407898
2107,0.28599593,0.012749004,0.057823043,0.036131367,0.22817288,-0.023382362
2108,0.32142246,0.06377659,0.083794534,0.06490799,0.23762792,-0.0011314005
2109,0.4458946,0.053063106,0.082325235,0.06661797,0.36356938,-0.013554867
2110,0.39169812,0.07809947,0.09183457,0.07258834,0.29986355,0.0055111274
2111,0.4545091,0.015822943,0.07639848,0.048704483,0.37811065,-0.03288154
2112,0.30926558,0.04619331,0.062146295,0.03875547,0.2471193,0.00743784
2113,0.43970305,0.07407818,0.07934807,0.053435992,0.36035496,0.020642187
2114,0.2466314,0.071152054,0.056662194,0.04468299,0.18996921,0.026469063
2115,0.34804755,0.07363895,0.07561682,0.048227627,0.27243072,0.025411326
2116,0.33020598,0.02343773,0.07257984,0.041861333,0.25762615,-0.018423604
2117,0.4066764,0.113897316,0.11127891,0.07554213,0.29539752,0.038355187
2118,0.30513936,0.056934968,0.07886398,0.051276512,0.22627538,0.005658455
2119,0.28462616,0.064960875,0.07756897,0.05794388,0.20705718,0.007016994
2120,0.38177812,0.05988681,0.06451924,0.04228081,0.3172589,0.017605998
2121,0.52928436,0.016939482,0.035678543,0.022224491,0.49360582,-0.0052850097
2122,0.23415874,0.023679042,0.03315433,0.025868163,0.20100442,-0.0021891203
2123,0.39389968,0.070371345,0.10654249,0.06932125,0.28735718,0.0010500923
2124,0.32618138,0.1031545,0.0920088,0.06933655,0.23417258,0.033817954
2125,0.3920762,0.07949495,0.061618607,0.03622506,0.3304576,0.043269895
2126,0.22052334,0.024917522,0.03382384,0.0254479,0.18669951,-0.00053037703
2127,0.38271433,0.062420588,0.09449275,0.07013826,0.2882216,-0.0077176727
2128,0.26820242,0.04447243,0.049813986,0.035445534,0.21838844,0.009026896
2129,0.27974597,0.052193444,0.055966057,0.03867076,0.22377992,0.013522685
2130,0.22855999,0.026037876,0.039999146,0.02972817,0.18856084,-0.003690295
2131,0.47836983,0.002447823,0.016655017,0.007703698,0.4617148,-0.0052558747
2132,0.30436105,0.035609644,0.045808677,0.035648484,0.25855237,-3.8839877e-05
2133,0.26119533,0.045511372,0.05393163,0.04185854,0.20726371,0.0036528334
2134,0.31747568,0.038428158,0.06125942,0.040638693,0.25621626,-0.002210535
2135,0.38380316,0.06234412,0.09266486,0.065670915,0.2911383,-0.003326796
2136,0.32318175,0.053512383,0.06442611,0.046380885,0.25875562,0.0071314983
2137,0.27471018,0.03290366,0.039662745,0.0331954,0.23504743,-0.00029173866
2138,0.48334193,0.07698544,0.10086677,0.08020845,0.38247517,-0.0032230094
2139,0.47631714,0.059918392,0.07382972,0.05261928,0.40248743,0.007299114
2140,0.5520493,0.04585807,0.08700007,0.061164863,0.4650492,-0.015306793
2141,0.4287215,0.08867138,0.09497963,0.075131275,0.33374184,0.013540104
2142,0.40923804,0.052786104,0.07054643,0.045343317,0.3386916,0.0074427873
2143,0.41503167,0.060355023,0.07943876,0.060291607,0.33559293,6.341562e-05
2144,0.19759715,0.03453996,0.05654325,0.036304194,0.1410539,-0.0017642342
2145,0.39261398,0.049250048,0.0715239,0.050560128,0.32109007,-0.0013100803
2146,0.54082304,0.1022349,0.15403745,0.11095546,0.3867856,-0.008720562
2147,0.29079756,0.022721492,0.04067386,0.028139282,0.2501237,-0.0054177903
2148,0.3218539,0.04635129,0.062458225,0.045932747,0.2593957,0.00041854382
2149,0.33705428,0.035632044,0.06865387,0.046638634,0.26840043,-0.01100659
2150,0.38251,0.081485406,0.09713324,0.065073684,0.28537676,0.016411722
2151,0.05877862,0.007760473,0.007932344,0.0024803868,0.05084628,0.0052800863
2152,0.23039326,0.021247683,0.039356273,0.030524021,0.19103698,-0.009276338
2153,0.3268677,0.043297306,0.061908197,0.038627367,0.2649595,0.0046699382
2154,0.42729458,0.092687994,0.10995227,0.08238171,0.3173423,0.010306284
2155,0.31189114,0.054863397,0.07537446,0.06128494,0.23651668,-0.0064215437
2156,0.38530576,0.038565394,0.08459599,0.056301206,0.30070978,-0.017735813
2157,0.2605068,0.034096025,0.043390427,0.034660555,0.21711639,-0.0005645305
2158,0.49191016,0.08180223,0.11008233,0.07813417,0.38182783,0.003668055
2159,0.36934194,0.076998934,0.10087299,0.07778228,0.26846895,-0.0007833466
2160,0.3174445,0.02467491,0.03583821,0.02679187,0.2816063,-0.0021169614
2161,0.4225365,0.07315665,0.07439487,0.05130134,0.3481416,0.021855306
2162,0.39151642,0.08407475,0.089147374,0.06785718,0.30236906,0.016217567
2163,0.20831154,0.033532824,0.05320706,0.04222112,0.15510449,-0.008688297
2164,0.3813376,0.06722281,0.08770938,0.060475685,0.29362822,0.0067471266
2165,0.29504687,0.05599019,0.070681356,0.058389265,0.2243655,-0.0023990758
2166,0.34167314,0.050893765,0.08041208,0.04925603,0.26126105,0.0016377345
2167,0.2291456,0.04218848,0.06431492,0.045563746,0.16483068,-0.0033752657
2168,0.30153656,0.059246525,0.05610004,0.038040683,0.24543652,0.021205842
2169,0.42097917,0.07436253,0.08868652,0.06488973,0.33229265,0.009472802
2170,0.31620294,0.039823588,0.051228356,0.032577794,0.2649746,0.007245794
2171,0.33471572,0.061639365,0.057782374,0.04492877,0.27693334,0.016710594
2172,0.31003457,0.0280396,0.047529947,0.030939689,0.26250464,-0.0029000882
2173,0.4488575,0.040776987,0.084162325,0.0652607,0.36469516,-0.024483714
2174,0.36724263,0.017883923,0.057415914,0.035271704,0.30982673,-0.017387781
2175,0.38829467,0.05053539,0.0751214,0.058498096,0.31317326,-0.007962707
2176,0.3477768,0.044170476,0.0629259,0.04503452,0.2848509,-0.00086404383
2177,0.29981068,0.012264588,0.043559235,0.024155444,0.25625145,-0.011890856
2178,0.2825322,0.03383867,0.06680123,0.043390956,0.21573097,-0.009552285
2179,0.40125433,0.064913936,0.078695394,0.05009492,0.32255894,0.014819015
2180,0.45834368,0.09740004,0.121496975,0.09153998,0.3368467,0.0058600605
2181,0.3117169,0.051811766,0.06501624,0.041184526,0.24670067,0.01062724
2182,0.41104096,0.0457121,0.06733558,0.041489165,0.3437054,0.004222933
2183,0.28460953,0.02995673,0.076924756,0.04273317,0.20768477,-0.01277644
2184,0.3197492,0.04591229,0.06756837,0.04894662,0.25218084,-0.0030343272
2185,0.37543896,0.035393752,0.07046072,0.041776743,0.30497825,-0.0063829906
2186,0.41840795,0.056526724,0.0727606,0.054787375,0.34564734,0.0017393492
2187,0.3065061,0.043704193,0.06419258,0.04800554,0.24231352,-0.004301347
2188,0.4816827,0.050236195,0.062377803,0.04876365,0.41930488,0.0014725439
2189,0.4268471,0.052480534,0.038007893,0.031441826,0.38883922,0.021038707
2190,0.5396259,0.03564551,0.06449512,0.044481516,0.47513077,-0.008836005
2191,0.27525878,0.038538314,0.049852025,0.03863457,0.22540675,-9.625405e-05
2192,0.46846354,0.023056256,0.08183333,0.047971506,0.3866302,-0.02491525
2193,0.339887,0.04322218,0.07010855,0.044552047,0.26977843,-0.0013298653
2194,0.4106802,0.06828132,0.09822127,0.06678071,0.31245893,0.001500614
2195,0.4551368,0.046661526,0.053081967,0.04041031,0.40205485,0.006251216
2196,0.41753727,0.04261305,0.06271906,0.045483254,0.35481822,-0.002870202
2197,0.29733735,0.027570764,0.057450704,0.040103465,0.23988664,-0.012532702
2198,0.34700853,0.07591003,0.09328844,0.067352295,0.2537201,0.008557737
2199,0.26920775,0.0546047,0.06090659,0.046054803,0.20830116,0.008549899
2200,0.47155282,0.05286857,0.09207423,0.06176604,0.37947857,-0.008897468
2201,0.38511923,0.054045487,0.09144572,0.056831222,0.29367352,-0.0027857348
2202,0.34909886,0.040373378,0.047945872,0.033584386,0.301153,0.0067889914
2203,0.34444842,0.046611037,0.07926195,0.046973582,0.26518646,-0.00036254525
2204,0.34485203,0.046221625,0.06127692,0.04221808,0.28357512,0.0040035434
2205,0.30099753,0.05874048,0.07537047,0.04933569,0.22562706,0.009404793
2206,0.30532944,0.014626736,0.034600373,0.01961971,0.27072906,-0.004992975
2207,0.40299416,0.08087069,0.088453986,0.07164775,0.31454018,0.00922294
2208,0.40848926,0.0369644,0.07820825,0.0475963,0.33028102,-0.010631897
2209,0.39183,0.09249151,0.09428553,0.06262047,0.29754448,0.02987104
2210,0.3687071,0.047963504,0.06453696,0.044910423,0.30417013,0.0030530803
2211,0.34761345,0.054789074,0.06888843,0.05123076,0.27872503,0.0035583153
2212,0.3725146,0.054559074,0.06864514,0.052446585,0.30386946,0.0021124892
2213,0.30682468,0.03354831,0.055736005,0.039486375,0.25108868,-0.0059380643
2214,0.4264382,0.05070388,0.07509681,0.052652895,0.3513414,-0.001949016
2215,0.28609884,0.052422237,0.068679646,0.05091519,0.21741919,0.0015070476
2216,0.32897222,0.04352513,0.082449935,0.053875126,0.24652228,-0.010349996
2217,0.33374143,0.026630647,0.061849046,0.03362426,0.27189237,-0.006993614
2218,0.4773198,0.041789692,0.07487001,0.0557309,0.4024498,-0.01394121
2219,0.051581632,0.009866343,0.008863449,0.009205123,0.042718183,0.00066121947
2220,0.18553773,0.024237366,0.024759028,0.022882652,0.1607787,0.0013547149
2221,0.34671342,0.058561172,0.061056614,0.04525415,0.2856568,0.013307024
2222,0.33607256,0.04852739,0.07678206,0.056386314,0.25929052,-0.007858925
2223,0.34822142,0.04795997,0.091280684,0.06185457,0.25694072,-0.013894603
2224,0.3287823,0.05300245,0.07528032,0.052088834,0.25350195,0.00091361627
2225,0.4074342,0.026394213,0.04431246,0.026643297,0.36312175,-0.00024908409
2226,0.40091282,0.047860667,0.060427107,0.03741213,0.34048572,0.010448538
2227,0.47470358,0.06297603,0.10383682,0.07051996,0.37086678,-0.007543929
2228,0.30017474,0.06380556,0.08912527,0.067793444,0.21104947,-0.003987886
2229,0.36996916,0.07581196,0.08989601,0.06391706,0.28007317,0.011894897
2230,0.29677197,0.049618978,0.06785731,0.05115255,0.22891466,-0.0015335716
2231,0.29263002,0.02972821,0.03515748,0.027350921,0.25747254,0.0023772884
2232,0.47281462,0.086311795,0.06570154,0.04617937,0.40711308,0.040132426
2233,0.14066891,0.036964282,0.03822411,0.032576974,0.102444805,0.004387308
2234,0.34330752,0.0412231,0.06920494,0.0507532,0.27410257,-0.009530097
2235,0.430523,0.056468688,0.06428431,0.048819523,0.3662387,0.0076491646
2236,0.44587344,0.05166437,0.06683371,0.051777918,0.37903973,-0.00011354685
2237,0.39562204,0.032215524,0.072983555,0.042173196,0.32263848,-0.009957671
2238,0.27013272,0.012664335,0.041335206,0.028873762,0.22879751,-0.016209427
2239,0.28319073,0.0415875,0.049297843,0.031392444,0.23389289,0.010195058
2240,0.40969104,0.06520016,0.090420686,0.06436537,0.31927034,0.0008347854
2241,0.297723,0.045709413,0.042192142,0.028367633,0.25553086,0.01734178
2242,0.5134559,0.05985676,0.102144755,0.07461892,0.41131118,-0.014762159
2243,0.23664425,0.04529409,0.05413015,0.03742914,0.1825141,0.007864952
2244,0.30986223,0.06391802,0.099991396,0.06132395,0.20987083,0.0025940686
2245,0.22537185,0.02653177,0.045152895,0.029683718,0.18021896,-0.0031519476
2246,0.39556327,0.07439113,0.08560701,0.058338393,0.30995625,0.016052734
2247,0.3802415,0.057177413,0.048078053,0.03139068,0.33216345,0.025786735
2248,0.2350404,0.016410796,0.05580824,0.0367393,0.17923215,-0.020328505
2249,0.32038683,0.055433914,0.055046868,0.037680894,0.26533997,0.01775302
2250,0.27944908,0.019547477,0.02845768,0.023206107,0.2509914,-0.00365863
2251,0.33317256,0.041140866,0.068836726,0.046395898,0.26433584,-0.0052550323
2252,0.3624822,0.030435445,0.05807705,0.041441586,0.30440515,-0.011006141
2253,0.33789966,0.056395724,0.07565302,0.056129117,0.26224664,0.00026660785
2254,0.33414432,0.078039885,0.07528442,0.049135722,0.2588599,0.028904162
2255,0.39942232,0.048887197,0.072390705,0.05000221,0.3270316,-0.0011150129
2256,0.2825427,0.06981607,0.050916683,0.034587808,0.23162602,0.03522826
2257,0.43446875,0.035717078,0.07792465,0.045444567,0.3565441,-0.009727489
2258,0.35655284,0.026196579,0.053483866,0.042541973,0.30306897,-0.016345395
2259,0.30273423,0.055584,0.073189974,0.050022937,0.22954425,0.005561061
2260,0.45651555,0.07724315,0.08921875,0.068975195,0.36729681,0.008267954
2261,0.29641265,0.044494443,0.057015013,0.041410197,0.23939763,0.003084246
2262,0.35452715,0.059150893,0.0708278,0.056095768,0.28369933,0.0030551255
2263,0.40132,0.06480203,0.068921186,0.055818368,0.33239883,0.0089836605
2264,0.13677101,0.0545407,0.054298736,0.042160373,0.08247227,0.012380328
2265,0.4236902,0.08151939,0.09711709,0.06308848,0.3265731,0.018430911
2266,0.45292446,0.059331737,0.09263144,0.06749788,0.36029303,-0.008166142
2267,0.40298975,0.03617475,0.06321766,0.045309335,0.33977208,-0.009134583
2268,0.37512508,0.048333466,0.055312842,0.03529779,0.31981224,0.013035677
2269,0.40520382,0.07632494,0.06810212,0.0518288,0.3371017,0.024496138
2270,0.33714104,0.045902845,0.07105805,0.05694123,0.266083,-0.011038385
2271,0.46877137,0.011698051,0.025284598,0.015028696,0.44348678,-0.0033306442
2272,0.5212097,0.06476667,0.09291522,0.0633369,0.42829448,0.0014297664
2273,0.4748725,0.06406037,0.084309556,0.05980307,0.39056295,0.004257299
2274,0.4684703,0.057842277,0.07279919,0.05057947,0.39567113,0.0072628073
2275,0.37340283,0.02950188,0.040331133,0.030217761,0.3330717,-0.0007158816
2276,0.32703534,0.076390184,0.07642972,0.05895729,0.2506056,0.017432895
2277,0.3211223,0.052014876,0.061644692,0.042481788,0.2594776,0.009533089
2278,0.3202182,0.045580316,0.060051642,0.04055077,0.26016656,0.005029548
2279,0.38603836,0.04372688,0.05284844,0.03809093,0.33318993,0.0056359507
2280,0.36143434,0.048694026,0.05962708,0.04608511,0.30180725,0.002608914
2281,0.36335158,0.048731368,0.08288036,0.060545605,0.2804712,-0.011814237
2282,0.41342583,0.039541584,0.043024678,0.031187087,0.37040114,0.008354496
2283,0.37694743,0.038656384,0.06912692,0.051543236,0.3078205,-0.012886852
2284,0.42687315,0.05492723,0.06437671,0.04778023,0.36249644,0.0071469992
2285,0.5124357,0.06733213,0.11528967,0.07819961,0.397146,-0.010867476
2286,0.40727893,0.04041214,0.04920876,0.032362536,0.35807016,0.008049604
2287,0.51460063,0.07354637,0.12525067,0.089087114,0.38934997,-0.015540741
2288,0.37201482,0.06392527,0.08465954,0.05595375,0.28735527,0.007971525
2289,0.367406,0.04874036,0.06376409,0.04219184,0.30364192,0.00654852
2290,0.35085085,0.00886735,0.042131413,0.029685963,0.30871943,-0.020818613
2291,0.27572036,0.046771593,0.05387459,0.039701022,0.22184578,0.007070571
2292,0.35188103,0.08197187,0.10647106,0.0891751,0.24540997,-0.007203229
2293,0.32213673,0.044631302,0.051519997,0.0378906,0.27061674,0.006740704
2294,0.3256847,0.060463283,0.06414996,0.04442474,0.26153475,0.016038544
2295,0.33762065,0.041130744,0.051079582,0.03602464,0.28654107,0.0051061027
2296,0.34042585,0.06278675,0.10431163,0.07218657,0.23611422,-0.009399816
2297,0.30269808,0.034767132,0.04357807,0.027511114,0.25912002,0.007256018
2298,0.4281254,0.090825535,0.1052268,0.07712441,0.32289863,0.013701126
2299,0.42498884,0.036104888,0.063557014,0.039879445,0.36143184,-0.0037745573
2300,0.46708396,0.12045596,0.092643455,0.06505694,0.3744405,0.055399016
2301,0.3580751,0.018379522,0.045585882,0.025548011,0.31248924,-0.0071684886
2302,0.37645966,0.048477646,0.079284325,0.046277665,0.29717535,0.0021999814
2303,0.334435,0.05014404,0.06410743,0.047373258,0.27032757,0.0027707815
2304,0.491524,0.088844925,0.09250933,0.07242105,0.39901468,0.016423874
2305,0.33353928,0.049595162,0.07099886,0.058087826,0.2625404,-0.0084926635
2306,0.39167225,0.07164937,0.07782364,0.055276237,0.3138486,0.016373135
2307,0.33869535,0.054247696,0.038870078,0.030640442,0.29982528,0.023607254
2308,0.5670005,0.078388475,0.09867628,0.07907061,0.46832424,-0.0006821379
2309,0.3533346,0.05441476,0.088192426,0.06269629,0.26514217,-0.008281533
2310,0.45433456,0.0906314,0.10595526,0.074772105,0.3483793,0.015859298
2311,0.39911023,0.07176711,0.06833898,0.047238186,0.33077124,0.02452892
2312,0.36716896,0.07097417,0.10178976,0.06530931,0.2653792,0.0056648627
2313,0.3345952,0.06081165,0.07977499,0.061194867,0.25482023,-0.0003832169
2314,0.34770206,0.05053839,0.050222486,0.03562758,0.29747957,0.01491081
2315,0.1683233,0.014971276,0.024239916,0.020544104,0.14408338,-0.0055728285
2316,0.19976775,0.017446341,0.04517225,0.024823645,0.1545955,-0.007377304
2317,0.17994405,0.017024599,0.02661341,0.015194778,0.15333064,0.0018298207
2318,0.31893027,0.069124326,0.10016539,0.07114815,0.21876487,-0.0020238236
2319,0.35395783,0.059567112,0.06265409,0.046012297,0.29130375,0.013554815
2320,0.39534146,0.059543837,0.0722151,0.05306999,0.32312635,0.0064738467
2321,0.28992125,0.06348813,0.07188854,0.057077628,0.21803272,0.0064105056
2322,0.4334905,0.035693616,0.054237824,0.03966784,0.3792527,-0.0039742254
2323,0.27765864,0.030662362,0.060238637,0.038822718,0.21742001,-0.008160356
2324,0.3738665,0.029153539,0.050050963,0.034746915,0.32381552,-0.0055933762
2325,0.4779584,0.037003145,0.053680487,0.035498656,0.42427793,0.0015044883
2326,0.31031355,0.043705408,0.061064243,0.041698582,0.24924931,0.002006825
2327,0.38000926,0.092844136,0.11653958,0.08311597,0.2634697,0.0097281635
2328,0.5570654,0.098739475,0.112544134,0.08504669,0.4445213,0.013692781
2329,0.36420837,0.07280643,0.061535425,0.045738865,0.30267295,0.027067568
2330,0.4659588,0.038730428,0.10610147,0.0642726,0.35985732,-0.02554217
2331,0.31835106,0.06032215,0.06330593,0.05331043,0.25504512,0.007011719
2332,0.32711914,0.017599871,0.052211512,0.034010045,0.27490762,-0.016410174
2333,0.37137735,0.05171897,0.084680036,0.064716116,0.28669733,-0.012997147
2334,0.3382773,0.056831058,0.054149877,0.041531455,0.28412744,0.015299603
2335,0.37207183,0.04794017,0.074771985,0.059437186,0.29729986,-0.011497017
2336,0.2989332,0.06332402,0.073478974,0.057624094,0.22545424,0.005699925
2337,0.47383577,0.10591257,0.10921673,0.07855609,0.36461905,0.027356483
2338,0.40593877,0.054359965,0.1014448,0.0690106,0.30449396,-0.014650635
2339,0.29999557,0.035926607,0.05202613,0.037940256,0.24796945,-0.0020136498
2340,0.31125897,0.05949228,0.06360964,0.043018006,0.24764934,0.016474273
2341,0.32121742,0.043031435,0.06501335,0.047300912,0.25620407,-0.004269477
2342,0.381144,0.04151593,0.059309565,0.049657255,0.32183442,-0.008141324
2343,0.28387144,0.098551914,0.06881837,0.048194926,0.21505308,0.050356988
2344,0.42225203,0.09013227,0.08899391,0.066024184,0.33325812,0.024108082
2345,0.3218254,0.06465546,0.063498035,0.04250742,0.25832736,0.02214804
2346,0.07461801,0.012039424,0.013227599,0.009960001,0.061390415,0.0020794226
2347,0.38481086,0.08446584,0.124329984,0.08476134,0.26048088,-0.00029549748
2348,0.48572138,0.06176803,0.073143475,0.05120521,0.4125779,0.0105628185
2349,0.28162897,0.066249736,0.062344104,0.043659598,0.21928486,0.022590138
2350,0.36171144,0.07790439,0.077274926,0.059699617,0.28443652,0.018204771
2351,0.36702558,0.09504639,0.08606291,0.05790673,0.28096268,0.037139665
2352,0.33933547,0.05290896,0.056466408,0.040793322,0.28286907,0.012115639
2353,0.1529974,0.04567415,0.044891275,0.038965367,0.10810613,0.006708782
2354,0.36051235,0.06701355,0.0905965,0.06116469,0.26991585,0.0058488585
2355,0.3717339,0.059674297,0.074370034,0.061247945,0.29736388,-0.0015736483
2356,0.31191963,0.08779306,0.08609576,0.0652505,0.22582388,0.022542559
2357,0.45329854,0.05192073,0.06790933,0.04785993,0.3853892,0.004060801
2358,0.51603293,0.048117496,0.096190035,0.062295217,0.4198429,-0.014177721
2359,0.3122197,0.035888042,0.04052361,0.028594643,0.2716961,0.0072933994
2360,0.38178816,0.024709485,0.06293889,0.048828103,0.31884927,-0.024118617
2361,0.31020612,0.047310106,0.07701103,0.056751937,0.2331951,-0.00944183
2362,0.16154736,0.021711094,0.02944566,0.02104346,0.1321017,0.0006676335
2363,0.3100431,0.031072512,0.07217322,0.044014487,0.23786987,-0.012941975
2364,0.3781363,0.032547552,0.0537364,0.039002385,0.32439992,-0.006454833
2365,0.35888353,0.06175679,0.086715564,0.0666001,0.27216798,-0.0048433095
2366,0.31622535,0.063326046,0.06833605,0.046065424,0.24788931,0.017260622
2367,0.34747317,0.025467759,0.08031651,0.04733774,0.26715666,-0.021869982
2368,0.35401332,0.08523892,0.09883213,0.07336157,0.2551812,0.0118773505
2369,0.32664242,0.045339923,0.065598235,0.045367833,0.2610442,-2.7909875e-05
2370,0.25319958,0.030590838,0.049391516,0.036147945,0.20380807,-0.005557107
2371,0.44751897,0.055586956,0.08403844,0.058689028,0.36348054,-0.0031020716
2372,0.33435217,0.056137312,0.08598786,0.054583926,0.2483643,0.0015533864
2373,0.39826933,0.047995914,0.09280443,0.059432555,0.3054649,-0.011436641
2374,0.4701587,0.06528072,0.075034425,0.057940673,0.39512426,0.0073400475
2375,0.191236,0.006870182,0.027434886,0.012172415,0.16380112,-0.0053022327
2376,0.24207294,0.03295065,0.0493778,0.036055114,0.19269514,-0.0031044632
2377,0.3931696,0.04247193,0.07268572,0.049076088,0.3204839,-0.0066041574
2378,0.421532,0.038295347,0.07182232,0.057929922,0.3497097,-0.019634575
2379,0.34065944,0.061830215,0.074872255,0.057319533,0.26578718,0.004510682
2380,0.40242657,0.08335536,0.08812736,0.06341901,0.31429923,0.019936353
2381,0.41098252,0.055824205,0.0916168,0.05372289,0.3193657,0.002101317
2382,0.3796767,0.0556284,0.06678573,0.039270394,0.31289098,0.016358007
2383,0.37973517,0.058410134,0.0804085,0.05229817,0.29932666,0.0061119646
2384,0.36478773,0.046356272,0.08126143,0.050387383,0.2835263,-0.0040311106
2385,0.27540645,0.055863135,0.06632225,0.04273021,0.2090842,0.013132926
2386,0.35917065,0.0734611,0.08234823,0.06454075,0.27682242,0.008920349
2387,0.39279097,-0.0038531662,0.011973324,0.008524722,0.38081765,-0.012377889
2388,0.43148428,0.0916524,0.09273942,0.07435846,0.33874488,0.017293938
2389,0.32203075,0.02403799,0.042600274,0.03442844,0.27943048,-0.010390449
2390,0.36274296,0.041388195,0.05111029,0.041563757,0.31163266,-0.00017556176
2391,0.3336514,0.04654484,0.06536229,0.04948976,0.2682891,-0.0029449202
2392,0.2462464,0.059703063,0.06828846,0.052559555,0.17795794,0.0071435086
2393,0.31426418,0.019023202,0.05171614,0.03607756,0.26254803,-0.017054357
2394,0.31054345,0.07891887,0.0880536,0.059457045,0.22248985,0.019461822
2395,0.19329502,0.030304493,0.046228155,0.033053104,0.14706686,-0.0027486105
2396,0.37470683,0.038530428,0.051038742,0.041805904,0.3236681,-0.0032754764
2397,0.3262642,0.044859715,0.06655984,0.05224676,0.25970435,-0.007387046
2398,0.44556564,0.06974759,0.087061256,0.06770991,0.35850438,0.0020376816
2399,0.3978508,0.058841843,0.09659777,0.060318403,0.30125305,-0.0014765598
2400,0.30108106,0.013323101,0.04966683,0.03590832,0.25141424,-0.022585217
2401,0.3785026,0.05687517,0.07183015,0.052053403,0.30667245,0.004821766
2402,0.2667489,0.03676413,0.056022167,0.041588962,0.21072674,-0.004824832
2403,0.340777,0.067011036,0.073223785,0.05358862,0.2675532,0.013422415
2404,0.19636735,0.018051058,0.0380391,0.03103804,0.15832825,-0.012986982
2405,0.43767035,0.042705346,0.07424584,0.055733215,0.3634245,-0.013027869
2406,0.38250867,0.051117342,0.077543974,0.05569291,0.3049647,-0.004575569
2407,0.27198792,0.05470524,0.05951769,0.045917116,0.21247023,0.008788124
2408,0.3278055,0.031913616,0.06833883,0.046597578,0.25946665,-0.014683962
2409,0.27679893,0.07129901,0.07629639,0.063433215,0.20050254,0.007865794
2410,0.23494104,0.023214603,0.03950017,0.026505698,0.19544086,-0.0032910947
2411,0.32489952,0.06367085,0.061824344,0.043459073,0.26307517,0.020211779
2412,0.24354054,0.07570889,0.05747529,0.047313295,0.18606526,0.028395593
2413,0.38702172,0.037704244,0.067588374,0.04959791,0.31943333,-0.011893667
2414,0.45952877,0.09831844,0.10020228,0.07635354,0.35932648,0.0219649
2415,0.4008736,0.05553895,0.07032339,0.05402667,0.3305502,0.0015122779
2416,0.33570245,0.07042339,0.094346,0.06457815,0.24135645,0.005845234
2417,0.41922784,0.079308845,0.09063562,0.06976445,0.3285922,0.009544395
2418,0.559973,0.07123157,0.07834143,0.053914934,0.48163158,0.017316632
2419,0.4805526,0.023813505,0.054855037,0.031592682,0.42569757,-0.0077791773
2420,0.37433362,0.060221463,0.07272581,0.05398775,0.30160782,0.0062337145
2421,0.52848744,0.07190282,0.13656183,0.08241042,0.39192563,-0.0105075985
2422,0.10680154,0.024216294,0.035698503,0.020511324,0.07110304,0.0037049707
2423,0.3494278,0.03556297,0.085576944,0.048993517,0.26385084,-0.013430547
2424,0.4538543,0.045536272,0.071674906,0.045057368,0.38217938,0.0004789047
2425,0.33075336,0.009746507,0.06522901,0.042075142,0.26552433,-0.032328635
2426,0.34750775,0.053564277,0.0576438,0.043995604,0.28986394,0.009568673
2427,0.4040344,0.055743422,0.08665671,0.062378395,0.3173777,-0.006634973
2428,0.36866677,0.031938102,0.071516484,0.042103194,0.29715028,-0.010165092
2429,0.3123551,0.0565859,0.05744793,0.046945732,0.25490716,0.009640168
2430,0.36784646,0.04618982,0.08153861,0.054962814,0.28630784,-0.008772995
2431,0.32675996,0.06612167,0.07549997,0.055603433,0.25125998,0.010518234
2432,0.3403487,0.067534424,0.090510905,0.05460497,0.24983779,0.012929454
2433,0.44789416,0.043608792,0.08833202,0.05535643,0.35956213,-0.01174764
2434,0.352632,0.030539434,0.053880233,0.03606253,0.29875174,-0.005523097
2435,0.40499657,0.05583939,0.060715627,0.047948986,0.34428096,0.007890403
2436,0.31337225,0.04519502,0.071916625,0.049222358,0.24145563,-0.004027337
2437,0.16908965,0.017072365,0.024765054,0.021418542,0.14432459,-0.004346177
2438,0.41377437,0.056292694,0.077143446,0.06391825,0.33663094,-0.0076255538
2439,0.31225118,0.0691508,0.058646224,0.050185613,0.25360495,0.018965185
2440,0.36587447,0.060751766,0.11087184,0.071196735,0.25500262,-0.010444969
2441,0.36313787,0.045827657,0.067228556,0.04732667,0.29590932,-0.0014990121
2442,0.3656071,0.08812693,0.10584865,0.07563189,0.25975847,0.012495041
2443,0.31944063,0.03285724,0.059853397,0.047102273,0.25958723,-0.014245033
2444,0.39676455,0.060777016,0.10402571,0.07087853,0.29273885,-0.010101512
2445,0.40822563,0.0574113,0.06084301,0.046072222,0.3473826,0.011339076
2446,0.44140983,0.10964513,0.10111388,0.06567342,0.34029594,0.04397171
2447,0.3601709,0.04464847,0.062913366,0.040931027,0.29725754,0.003717441
2448,0.3440083,0.06502809,0.07417231,0.058684807,0.26983598,0.006343279
2449,0.34814125,0.0631516,0.07823385,0.058498252,0.26990741,0.004653346
2450,0.49882555,0.07414363,0.10119518,0.07266925,0.39763036,0.0014743805
2451,0.22754586,0.015659813,0.0256796,0.015956867,0.20186625,-0.00029705465
2452,0.2523431,0.048765156,0.055174094,0.034938026,0.19716899,0.01382713
2453,0.3446639,0.021015363,0.037898157,0.029302146,0.30676574,-0.0082867835
2454,0.43312612,0.03577941,0.07834302,0.055381745,0.35478312,-0.019602336
2455,0.38647324,0.0604771,0.0894412,0.06375307,0.29703203,-0.0032759681
2456,0.3483868,0.08350421,0.07480138,0.057241034,0.2735854,0.026263174
2457,0.3170325,0.009946302,0.04834281,0.02694432,0.2686897,-0.01699802
2458,0.30623835,0.038096193,0.05226137,0.03774905,0.25397697,0.0003471449
2459,0.41034263,0.06471363,0.07193523,0.050876886,0.3384074,0.013836741
2460,0.27457148,0.018678712,0.052530378,0.043118667,0.2220411,-0.024439955
2461,0.2506044,0.04809864,0.061931223,0.04324413,0.18867317,0.0048545077
2462,0.28735527,0.03264207,0.062710784,0.03933438,0.22464448,-0.006692309
2463,0.47628066,0.01783484,0.070710346,0.04763732,0.40557033,-0.02980248
2464,0.23333094,0.05634414,0.055510722,0.04295852,0.1778202,0.01338562
2465,0.26424372,0.050125465,0.057287633,0.034835797,0.20695609,0.015289668
2466,0.29904312,0.04719007,0.06562634,0.050084185,0.23341678,-0.0028941147
2467,0.44341946,0.0688067,0.072571866,0.055721134,0.37084758,0.013085566
2468,0.23797347,0.021161921,0.039616685,0.03255408,0.19835678,-0.0113921575
2469,0.29103783,0.054259572,0.07127734,0.041319508,0.21976048,0.012940064
2470,0.34884962,0.05917444,0.09249677,0.062216014,0.25635284,-0.0030415729
2471,0.32030383,0.05708961,0.06295987,0.038689174,0.25734395,0.018400434
2472,0.29716587,0.029798994,0.05354473,0.03560605,0.24362114,-0.005807055
2473,0.2728877,0.042988487,0.048212938,0.040894125,0.22467476,0.002094362
2474,0.4155544,0.10077886,0.118197896,0.08604059,0.29735652,0.014738269
2475,0.4282814,0.057739876,0.06286496,0.045696028,0.36541644,0.012043849
2476,0.36206836,0.029186903,0.056723498,0.039011277,0.30534485,-0.009824375
2477,0.34221125,0.026458072,0.06691224,0.041859716,0.275299,-0.015401645
2478,0.30995163,0.04030918,0.051470034,0.038295813,0.2584816,0.0020133667
2479,0.31434682,0.036969148,0.058383375,0.045482017,0.25596344,-0.0085128695
2480,0.42365995,0.04165317,0.04629619,0.034005135,0.37736377,0.007648036
2481,0.3313467,0.023295471,0.051498972,0.040226597,0.2798477,-0.016931126
2482,0.36879426,0.048788797,0.0713201,0.046089463,0.29747415,0.0026993342
2483,0.47684923,0.10044992,0.11445612,0.08646145,0.3623931,0.0139884725
2484,0.38847917,0.049635377,0.05927371,0.04587742,0.32920545,0.0037579574
2485,0.098717906,0.010721707,0.027228314,0.026894385,0.07148959,-0.016172677
2486,0.27903166,0.036338873,0.06088684,0.0435736,0.21814482,-0.007234726
2487,0.35732985,0.05129259,0.084551655,0.06246991,0.27277818,-0.01117732
2488,0.46074963,0.09824206,0.0909278,0.07062961,0.36982182,0.027612448
2489,0.29191938,0.045367904,0.067877315,0.045632236,0.22404206,-0.0002643317
2490,0.29566574,0.043448895,0.06067413,0.03944826,0.23499161,0.004000634
2491,0.44739673,0.059925348,0.07642579,0.058054686,0.37097093,0.001870662
2492,0.29282823,0.061410077,0.071883865,0.053739764,0.22094437,0.007670313
2493,0.2954021,0.05144743,0.06675005,0.0451895,0.22865206,0.006257929
2494,0.1746982,0.03751145,0.04549635,0.03900832,0.12920186,-0.0014968701
2495,0.37970933,0.053559717,0.07745774,0.05489505,0.30225158,-0.001335334
2496,0.36854032,0.07159049,0.07699222,0.05716722,0.2915481,0.01442327
2497,0.3483986,0.10885153,0.11039823,0.08164227,0.23800036,0.02720926
2498,0.42823377,0.015069028,0.034185573,0.020360965,0.3940482,-0.005291937
2499,0.13614213,0.019676,0.031291433,0.019851634,0.1048507,-0.0001756344
2500,0.5330774,0.06653763,0.10676436,0.0718654,0.42631304,-0.0053277686
2501,0.41158235,0.041971497,0.07599948,0.051601343,0.33558285,-0.009629846
2502,0.16168791,0.03301259,0.043403376,0.02584697,0.11828454,0.007165622
2503,0.43215483,0.035778478,0.056894083,0.038352195,0.37526074,-0.0025737174
2504,0.36648825,0.07569695,0.09950211,0.07536874,0.26698613,0.00032821298
2505,0.043999705,0.013043275,0.0051301955,0.003130064,0.03886951,0.009913211
2506,0.36045474,0.044343766,0.049231753,0.036977265,0.31122297,0.007366501
2507,0.5373518,0.077115335,0.09977815,0.06637954,0.43757364,0.010735795
2508,0.3803896,0.033555433,0.07742417,0.053171426,0.30296543,-0.019615993
2509,0.36248672,0.05386965,0.05309414,0.040542785,0.30939257,0.013326865
2510,0.33367506,0.043247957,0.06243495,0.04619337,0.27124012,-0.002945412
2511,0.3620796,0.05761055,0.0682119,0.058296334,0.2938677,-0.00068578497
2512,0.47486666,0.08016941,0.10550618,0.07244669,0.36936048,0.0077227205
2513,0.39835715,0.08605301,0.095993735,0.072764695,0.30236343,0.013288312
2514,0.51869714,0.09847352,0.07935198,0.054813057,0.43934518,0.043660462
2515,0.51116604,0.0059754876,0.035173588,0.016729632,0.47599244,-0.010754145
2516,0.42405546,0.039403874,0.06992972,0.04750339,0.35412574,-0.008099515
2517,0.11708248,0.009270337,0.020559315,0.013100656,0.096523166,-0.0038303183
2518,0.4084235,0.0554741,0.06934205,0.04544132,0.33908147,0.0100327805
2519,0.3849197,0.0777366,0.09258631,0.06202035,0.2923334,0.015716251
2520,0.26453042,0.054107476,0.040896982,0.029673953,0.22363344,0.024433523
2521,0.453584,0.07460185,0.06855412,0.047710706,0.38502985,0.026891146
2522,0.23589183,0.028866805,0.04801066,0.026623439,0.18788117,0.002243366
2523,0.4184159,0.068110354,0.09889494,0.06519113,0.31952095,0.002919227
2524,0.37279183,0.04380388,0.06421337,0.04257648,0.30857846,0.0012274012
2525,0.3683469,0.03760615,0.053610213,0.039671537,0.3147367,-0.0020653866
2526,0.44579947,0.038103882,0.08099607,0.057928063,0.3648034,-0.01982418
2527,0.27498028,0.065803334,0.06673074,0.050785862,0.20824954,0.015017472
2528,0.45814914,0.092294626,0.1048273,0.081569955,0.35332185,0.010724671
2529,0.317319,0.03687271,0.060359694,0.035515264,0.25695932,0.0013574474
2530,0.3664704,0.065738946,0.08744592,0.07546792,0.27902448,-0.009728976
2531,0.44329298,0.05382749,0.075989805,0.06367652,0.36730316,-0.0098490305
2532,0.33219838,0.029190065,0.055549275,0.035441745,0.27664912,-0.0062516797
2533,0.21487838,0.022010326,0.042947806,0.026760917,0.17193058,-0.004750591
2534,0.352786,0.04201118,0.061573744,0.04705954,0.29121226,-0.0050483607
2535,0.17995082,0.022405433,0.03551535,0.032056525,0.14443547,-0.009651093
2536,0.51789933,0.04755048,0.100657985,0.06709804,0.41724133,-0.019547556
2537,0.14960808,0.022549463,0.034807786,0.027733866,0.11480029,-0.0051844027
2538,0.25530824,0.027969953,0.029483711,0.025104085,0.22582453,0.0028658677
2539,0.44129834,0.07850438,0.11165351,0.07446598,0.32964483,0.004038401
2540,0.39206582,0.042332705,0.071835354,0.05546044,0.32023048,-0.013127737
2541,0.23425777,0.039211445,0.050854973,0.03611721,0.1834028,0.0030942336
2542,0.3936806,0.07411706,0.103247896,0.07858813,0.2904327,-0.004471071
2543,0.17936711,0.021750275,0.033038855,0.029135425,0.14632826,-0.0073851496
2544,0.3742727,0.07169125,0.094392136,0.06901626,0.27988058,0.0026749894
2545,0.25786132,0.0075985393,0.021031301,0.008455766,0.23683001,-0.000857227
2546,0.2961475,0.042949148,0.047862645,0.032165173,0.24828485,0.010783974
2547,0.29535788,0.027732266,0.043379392,0.024025267,0.2519785,0.0037069991
2548,0.438772,0.05454582,0.05937288,0.04599944,0.37939912,0.008546378
2549,0.31315523,0.038148288,0.046745215,0.040872443,0.26641002,-0.0027241558
2550,0.3403128,0.033398177,0.058825083,0.037826344,0.28148773,-0.004428167
2551,0.2907756,0.029352117,0.034295205,0.022661317,0.2564804,0.0066908
2552,0.3678089,0.048944354,0.070964396,0.046274655,0.2968445,0.0026696995
2553,0.35899153,0.043179765,0.06794058,0.049217246,0.29105097,-0.006037481
2554,0.21449937,0.03195669,0.05566583,0.03796966,0.15883353,-0.0060129687
2555,0.31286535,0.030274568,0.04880815,0.036486443,0.2640572,-0.006211875
2556,0.28278825,0.017012265,0.03511233,0.02749356,0.24767593,-0.010481296
2557,0.5403802,0.070897564,0.10351294,0.06957475,0.43686724,0.0013228133
2558,0.4169109,0.049578574,0.08257149,0.058738153,0.33433938,-0.00915958
2559,0.3181227,0.0036237002,0.0411447,0.03072248,0.27697802,-0.02709878
