feature_idx,seq_effect_obs,struct_effect_obs,seq_effect_shuffle,struct_effect_shuffle,seq_delta,struct_delta
0,0.32517824,0.027989414,0.047042776,0.03449188,0.27813545,-0.006502468
1,0.30448213,0.03423533,0.04368452,0.026349073,0.26079762,0.007886255
2,0.35658962,0.037062086,0.064060256,0.047134012,0.29252934,-0.010071926
3,0.30646405,0.024018649,0.03229419,0.022088489,0.27416986,0.0019301604
4,0.19925967,0.04182577,0.04386854,0.03247704,0.15539113,0.0093487315
5,0.3343099,0.050058533,0.056390185,0.04411719,0.2779197,0.0059413426
6,0.33595318,0.06542989,0.09190065,0.06767307,0.24405253,-0.0022431836
7,0.3429297,0.028386142,0.05267204,0.038013764,0.29025766,-0.009627622
8,0.13105763,0.007326734,0.022032741,0.013637366,0.1090249,-0.006310632
9,0.28906247,0.06171706,0.066264234,0.05475955,0.22279823,0.0069575086
10,0.2827161,0.047243983,0.07927489,0.061944984,0.2034412,-0.014701001
11,0.30777758,0.0039447853,0.0066622766,0.007960119,0.3011153,-0.004015334
12,0.3203425,0.028284721,0.03046574,0.024933107,0.28987676,0.0033516139
13,0.27959365,0.026432842,0.066015944,0.04781183,0.2135777,-0.021378987
14,0.31266722,0.0126227895,0.032043073,0.027210647,0.28062415,-0.014587858
15,0.26742557,0.017056152,0.043731023,0.021694556,0.22369455,-0.0046384037
16,0.2310924,0.031403355,0.047133483,0.034667455,0.18395892,-0.0032640994
17,0.27360678,0.03245342,0.038021237,0.027775962,0.23558554,0.0046774596
18,0.35145146,0.05780109,0.05544903,0.04096297,0.29600242,0.016838118
19,0.38754615,0.039590634,0.04151784,0.03042974,0.34602833,0.009160895
20,0.19507818,0.027467713,0.050509393,0.031609423,0.14456879,-0.0041417107
21,0.28945202,0.001102641,0.022600306,0.01771246,0.26685172,-0.01660982
22,0.2528401,0.0371512,0.05019819,0.02821066,0.2026419,0.008940538
23,0.27355295,0.03917197,0.06148975,0.041956484,0.21206321,-0.002784513
24,0.24993406,0.045071628,0.052086156,0.037759803,0.1978479,0.0073118247
25,0.18065171,0.012068884,0.013851767,0.011716944,0.16679995,0.00035194028
26,0.39611542,0.032563794,0.053423237,0.042319924,0.3426922,-0.009756129
27,0.2603597,0.0064273607,0.026215067,0.019060198,0.23414464,-0.0126328375
28,0.2474229,0.025867445,0.046109013,0.034168895,0.20131388,-0.00830145
29,0.37503034,0.053781323,0.05608221,0.035821516,0.31894812,0.017959807
30,0.31079736,0.047676228,0.053175658,0.031905178,0.2576217,0.01577105
31,0.25958,0.03819474,0.04108572,0.029542763,0.21849427,0.008651976
32,0.21695414,0.01918054,0.034854136,0.02437089,0.1821,-0.00519035
33,0.20591512,0.030758785,0.03585915,0.029672127,0.17005597,0.0010866579
34,0.25742355,0.04119825,0.05231111,0.029546555,0.20511244,0.011651695
35,0.22227456,0.024561562,0.02930035,0.027190572,0.19297421,-0.00262901
36,0.28718215,0.033930127,0.036994334,0.028899875,0.2501878,0.005030252
37,0.2948587,0.018972969,0.0380309,0.027054023,0.2568278,-0.008081054
38,0.22372995,0.057123076,0.063518405,0.048326276,0.16021155,0.0087968
39,0.5059484,0.02828197,0.06570163,0.04127044,0.4402468,-0.012988469
40,0.19144121,0.04685849,0.03506749,0.025017267,0.15637371,0.021841222
41,0.33766952,0.068454176,0.058230657,0.044456065,0.27943885,0.023998111
42,0.4357721,0.048745472,0.07395524,0.046341293,0.36181685,0.0024041794
43,0.2901418,0.06638154,0.07700932,0.062584,0.21313247,0.0037975386
44,0.33328688,0.06833962,0.0677256,0.047463957,0.26556128,0.020875666
45,0.37701267,0.06133541,0.0645089,0.05031513,0.31250376,0.01102028
46,0.18902075,0.026465373,0.041034292,0.029292528,0.14798646,-0.0028271545
47,0.22212112,0.013812545,0.025849756,0.017484201,0.19627136,-0.0036716564
48,0.35382393,0.03507525,0.059813213,0.036068678,0.29401073,-0.0009934269
49,0.058151156,0.0033336752,0.0010973823,0.0049657314,0.057053775,-0.0016320562
50,0.20512636,0.028973412,0.04450839,0.034867927,0.16061798,-0.0058945157
51,0.23834863,0.031332877,0.049631678,0.034722976,0.18871695,-0.0033900999
52,0.25359043,0.027681703,0.051241003,0.041159455,0.20234942,-0.013477752
53,0.37344384,0.053587012,0.058242895,0.040065255,0.31520095,0.013521757
54,0.3253548,0.042074587,0.06608832,0.049060866,0.2592665,-0.006986279
55,0.17798068,0.047908254,0.0492061,0.03867642,0.12877458,0.009231836
56,0.32019785,0.018485531,0.05473399,0.036581006,0.26546386,-0.018095475
57,0.39147097,0.042623434,0.064655654,0.044413082,0.3268153,-0.0017896481
58,0.29275602,0.006968263,0.036196142,0.022820216,0.25655988,-0.015851952
59,0.21337137,0.028656455,0.047123242,0.03726377,0.16624813,-0.008607315
60,0.2829647,-0.012471274,0.03351393,0.01632405,0.24945077,-0.028795324
61,0.20299596,0.0013634036,0.045103878,0.031806707,0.15789208,-0.030443303
62,0.52599454,0.088241205,0.094044164,0.07517623,0.4319504,0.013064973
63,0.2669095,0.035515316,0.047645573,0.037057616,0.21926394,-0.0015423
64,0.23455721,0.03496327,0.049755007,0.036485225,0.1848022,-0.0015219562
65,0.21176915,0.026972651,0.03229556,0.02666006,0.1794736,0.00031259097
66,0.38170978,0.053166643,0.07566656,0.053556554,0.3060432,-0.00038991123
67,0.33537072,0.037100226,0.069816396,0.050876945,0.2655543,-0.01377672
68,0.21577346,0.042211395,0.03787754,0.03183489,0.17789592,0.010376506
69,0.24939518,0.033411328,0.064196035,0.044094734,0.18519914,-0.010683406
70,0.24228211,0.0344944,0.034259975,0.021005044,0.20802213,0.013489356
71,0.32342756,0.033630714,0.05245728,0.0327304,0.27097028,0.00090031326
72,0.20055515,0.024763798,0.047593273,0.03196111,0.15296188,-0.007197311
73,0.43415686,0.04294801,0.082334355,0.05144944,0.3518225,-0.008501429
74,0.30956817,0.041236144,0.044691715,0.03390285,0.26487646,0.0073332936
75,0.2835416,0.06251963,0.071158394,0.05286613,0.2123832,0.009653501
76,0.32161856,0.038396224,0.048227258,0.037439656,0.2733913,0.00095656887
77,0.5029939,0.03876937,0.07259797,0.04916197,0.4303959,-0.010392599
78,0.36679846,0.048121154,0.06878076,0.052024048,0.2980177,-0.0039028935
79,0.2580021,0.037765607,0.04205856,0.03204966,0.21594355,0.0057159476
80,0.30665803,0.046791386,0.05429293,0.043281287,0.2523651,0.003510099
81,0.22500914,0.026425801,0.031427596,0.025574937,0.19358155,0.00085086375
82,0.2055264,0.039434023,0.048991527,0.031843226,0.15653487,0.007590797
83,0.272621,0.049022295,0.0629948,0.055813342,0.2096262,-0.0067910478
84,0.28822953,0.016214646,0.051463217,0.031198967,0.23676631,-0.014984321
85,0.20365158,0.022581754,0.056897573,0.040492646,0.146754,-0.017910892
86,0.31983933,0.027598454,0.050606906,0.030323451,0.26923242,-0.0027249977
87,0.23369513,0.037227143,0.035280686,0.025516609,0.19841444,0.011710534
88,0.25260037,0.04934475,0.06367656,0.048820425,0.1889238,0.00052432343
89,0.46966454,0.062572464,0.10314345,0.06906114,0.3665211,-0.0064886734
90,0.29519188,0.024567354,0.045068763,0.03154358,0.2501231,-0.0069762245
91,0.2768502,0.03525208,0.04187733,0.031134427,0.23497286,0.004117653
92,0.19404832,0.042875204,0.04953817,0.031902634,0.14451015,0.010972571
93,0.33389056,0.026895432,0.038158946,0.02661832,0.2957316,0.0002771113
94,0.16851023,0.024893766,0.021329626,0.015686926,0.1471806,0.009206841
95,0.14761473,0.046129085,0.045597456,0.031155322,0.102017276,0.014973763
96,0.22974339,0.046089552,0.04021629,0.030186445,0.1895271,0.015903108
97,0.46629003,0.086648434,0.10248564,0.07558702,0.3638044,0.011061415
98,0.21269864,0.018073304,0.03483906,0.027191127,0.17785957,-0.009117823
99,0.47286677,0.07433318,0.1121555,0.08695212,0.36071128,-0.012618937
100,0.30548638,0.031279065,0.0445217,0.033915352,0.2609647,-0.0026362874
101,0.2800119,0.04483972,0.05174485,0.033636305,0.22826704,0.011203416
102,0.3016898,0.037127025,0.0479502,0.036687255,0.2537396,0.00043977052
103,0.22947796,0.03477003,0.03532387,0.02317721,0.19415408,0.01159282
104,0.25026456,0.06872989,0.06844654,0.049879123,0.18181801,0.01885077
105,0.30043963,0.036226403,0.032280724,0.026318666,0.2681589,0.009907737
106,0.28778487,0.06508566,0.058829345,0.041838266,0.22895554,0.023247391
107,0.31862932,0.0331414,0.04685165,0.035747007,0.2717777,-0.0026056059
108,0.28892893,0.047457736,0.055774998,0.03305743,0.23315392,0.014400307
109,0.31603554,0.030457346,0.0502807,0.03047876,0.26575485,-2.1414831e-05
110,0.41878772,0.07370586,0.08687164,0.05714037,0.3319161,0.01656549
111,0.37247017,0.033059128,0.053171754,0.045340236,0.31929842,-0.012281109
112,0.30368108,0.017298074,0.034078628,0.022013841,0.26960245,-0.0047157668
113,0.27588937,0.06389669,0.045960166,0.03322272,0.22992921,0.030673973
114,0.30568615,0.029715575,0.051915348,0.03388144,0.2537708,-0.0041658655
115,0.28292134,0.04038279,0.062176,0.047097515,0.22074534,-0.006714724
116,0.36011502,0.009406642,0.037606377,0.028069967,0.32250863,-0.018663324
117,0.4244321,0.049218968,0.062975295,0.039612338,0.3614568,0.00960663
118,0.11294714,0.010129817,0.01724125,0.011858177,0.0957059,-0.0017283605
119,0.29759553,0.05627728,0.057526987,0.045592606,0.24006854,0.010684673
120,0.27742687,0.016517898,0.034139443,0.02151779,0.24328743,-0.004999893
121,0.24970952,0.058252335,0.059487067,0.050395213,0.19022244,0.0078571215
122,0.3687925,0.066147126,0.0978768,0.07350473,0.2709157,-0.007357605
123,0.34863505,0.06438655,0.072118446,0.0474383,0.27651662,0.016948245
124,0.33840707,0.033526044,0.04758312,0.042704575,0.29082394,-0.00917853
125,0.23726387,0.00954861,0.019236509,0.015339608,0.21802737,-0.005790998
126,0.25800946,0.027317924,0.03305989,0.028258521,0.22494957,-0.0009405967
127,0.31684867,0.04793475,0.057593055,0.04101286,0.25925562,0.0069218874
128,0.35341454,0.048160903,0.07642728,0.06484069,0.27698725,-0.016679786
129,0.3736285,0.042671587,0.06273408,0.04616544,0.31089443,-0.003493853
130,0.36831966,0.019821193,0.039052904,0.026847716,0.32926676,-0.0070265234
131,0.3354891,0.04564296,0.055216707,0.047052663,0.2802724,-0.001409702
132,0.28040767,0.0059998627,0.046962306,0.030985307,0.23344536,-0.024985444
133,0.32560477,0.05707126,0.05230514,0.04306609,0.27329963,0.014005169
134,0.3989,0.04201729,0.068245724,0.04442712,0.33065426,-0.0024098307
135,0.19910339,0.052454572,0.04950597,0.03481788,0.1495974,0.017636694
136,0.15500876,0.0127723245,0.028693411,0.021169458,0.12631536,-0.008397133
137,0.28370762,0.019655934,0.04197855,0.032812707,0.24172907,-0.0131567735
138,0.3687385,0.050417695,0.060779534,0.053278744,0.30795896,-0.002861049
139,0.2508828,0.035525803,0.04232781,0.029910713,0.208555,0.005615089
140,0.3122244,0.07516839,0.08556183,0.06280919,0.22666256,0.012359202
141,0.2796712,0.03173429,0.047977686,0.038662057,0.2316935,-0.006927766
142,0.11581453,0.0027573714,0.02425732,0.013428223,0.091557205,-0.010670852
143,0.28519464,0.028635252,0.05103653,0.03447458,0.2341581,-0.005839329
144,0.39008635,-0.0021450315,0.019611899,0.012861952,0.37047446,-0.015006984
145,0.35975966,0.023167264,0.040082917,0.032576155,0.31967676,-0.009408891
146,0.23010926,0.039520483,0.052393377,0.03947065,0.17771588,4.983321e-05
147,0.21558863,0.050735492,0.055357732,0.04868454,0.1602309,0.0020509511
148,0.22916412,0.06003927,0.06923046,0.055767618,0.15993366,0.0042716525
149,0.27054277,0.043739565,0.06895189,0.055709224,0.20159088,-0.0119696595
150,0.4358389,0.04752801,0.0819283,0.04884075,0.35391062,-0.0013127401
151,0.1911589,0.012609679,0.024645695,0.018189598,0.1665132,-0.0055799186
152,0.38861096,0.10322674,0.07869755,0.057367563,0.3099134,0.04585918
153,0.4460871,0.061717473,0.050200056,0.03952915,0.39588705,0.022188324
154,0.21042562,0.022710936,0.053402543,0.028336147,0.15702307,-0.0056252107
155,0.24737653,0.037142616,0.047299918,0.035970457,0.20007661,0.0011721589
156,0.2845595,0.015908653,0.03547695,0.028661674,0.24908254,-0.012753021
157,0.4305822,0.044198874,0.05067596,0.038507458,0.37990624,0.0056914166
158,0.27169394,0.0011151932,0.007549789,0.005471626,0.26414415,-0.0043564327
159,0.3251601,0.046289586,0.05026052,0.03728266,0.27489957,0.009006925
160,0.15510269,0.028148295,0.024422342,0.015995743,0.13068034,0.012152553
161,0.26486692,0.034790132,0.050293487,0.035085864,0.21457343,-0.00029573217
162,0.23725386,0.034786377,0.04740441,0.03438472,0.18984945,0.00040165707
163,0.3575797,0.043740496,0.050622035,0.03898685,0.30695766,0.0047536455
164,0.32393885,0.046159215,0.07145438,0.051522918,0.25248447,-0.005363703
165,0.27614728,0.025981894,0.057289578,0.04476868,0.2188577,-0.018786786
166,0.21755436,0.03330727,0.04550358,0.041056566,0.17205077,-0.0077492967
167,0.2375923,0.03082847,0.037083793,0.024593998,0.2005085,0.0062344726
168,0.09116601,0.0019288966,0.010111431,0.005487932,0.08105458,-0.0035590352
169,0.22810791,0.044301294,0.057632912,0.048055407,0.170475,-0.0037541129
170,0.38201904,0.028641306,0.055593044,0.04255151,0.326426,-0.013910204
171,0.22711746,0.0078533655,0.03481262,0.021539498,0.19230485,-0.013686133
172,0.29920986,0.037820444,0.049099922,0.032472968,0.25010994,0.0053474754
173,0.3331681,0.04182454,0.0509673,0.029229876,0.28220078,0.012594663
174,0.23026724,0.05989841,0.06292293,0.043927062,0.1673443,0.015971348
175,0.37928593,0.0132539105,0.031456374,0.02034675,0.34782955,-0.007092839
176,0.123058714,0.024888491,0.039856847,0.028975924,0.08320187,-0.004087433
177,0.3638947,0.04382968,0.054352384,0.036429558,0.30954233,0.0074001215
178,0.30258557,0.030769901,0.030720497,0.023064233,0.27186507,0.007705668
179,0.34366325,0.03970368,0.06493769,0.04454966,0.27872556,-0.0048459806
180,0.36365667,0.07236715,0.08498856,0.06607119,0.2786681,0.0062959567
181,0.39190227,-0.010309184,0.03863387,0.025607705,0.35326838,-0.035916887
182,0.14381501,-0.0066241776,0.0042446386,0.0047605177,0.13957037,-0.011384696
183,0.3075698,0.011481273,0.03156568,0.024015833,0.27600414,-0.01253456
184,0.2707202,0.013498069,0.036999814,0.02257972,0.23372039,-0.009081651
185,0.2552836,0.05080569,0.061185658,0.049562506,0.19409794,0.0012431853
186,0.30446804,0.036635786,0.0511357,0.037399154,0.25333235,-0.00076336786
187,0.28743538,0.04419482,0.06762042,0.047711235,0.21981496,-0.0035164133
188,0.37886855,0.044101153,0.06627907,0.045996316,0.31258947,-0.0018951632
189,0.3230465,0.035545614,0.052615613,0.03904852,0.2704309,-0.0035029054
190,0.16365282,0.017276492,0.03546541,0.02396375,0.12818742,-0.0066872574
191,0.23389433,0.034046546,0.023507515,0.016776014,0.21038681,0.017270532
192,0.19644256,0.041500412,0.053605806,0.040929034,0.14283675,0.0005713776
193,0.30559638,0.026107542,0.05634333,0.0332733,0.24925305,-0.007165756
194,0.24771576,0.019062568,0.038902055,0.022948042,0.2088137,-0.003885474
195,0.23136358,0.009979282,0.039697174,0.032082967,0.19166641,-0.022103686
196,0.3511969,0.026590561,0.052648872,0.030962184,0.298548,-0.0043716226
197,0.3434187,0.04785517,0.072236486,0.056226093,0.2711822,-0.008370925
198,0.24242924,0.03610369,0.066245936,0.04457169,0.17618331,-0.008468002
199,0.30386546,0.045417022,0.045916907,0.030518223,0.25794855,0.014898799
200,0.306417,0.0403918,0.056012403,0.047828596,0.2504046,-0.007436797
201,0.30850914,0.03726468,0.037562706,0.028587595,0.27094644,0.008677084
202,0.19873287,0.03525455,0.06677969,0.040635485,0.13195318,-0.005380936
203,0.47024447,0.098034784,0.121722564,0.100254215,0.3485219,-0.002219431
204,0.34326613,0.0687425,0.06219826,0.043014366,0.28106788,0.025728133
205,0.31344798,0.019929925,0.042124886,0.03085194,0.27132308,-0.010922015
206,0.24774997,0.08426297,0.101936616,0.07165182,0.14581335,0.012611151
207,0.37971157,0.056190405,0.06257461,0.04200998,0.31713694,0.014180426
208,0.33047482,0.04775867,0.03727119,0.03123559,0.29320362,0.016523078
209,0.25440964,0.02139793,0.057022728,0.037618943,0.19738692,-0.016221013
210,0.34875363,0.04850442,0.063357234,0.045358732,0.2853964,0.0031456873
211,0.27073577,0.053356346,0.047282908,0.038124494,0.22345287,0.0152318515
212,0.37617502,0.038907554,0.07769217,0.05256306,0.29848284,-0.013655506
213,0.21300201,0.040999036,0.03144265,0.024471946,0.18155935,0.01652709
214,0.21071005,0.037025046,0.032938283,0.026291287,0.17777176,0.010733759
215,0.3591077,0.06993167,0.06426108,0.041602027,0.29484662,0.028329644
216,0.31345746,0.04840217,0.050198734,0.03832399,0.26325873,0.010078181
217,0.25388175,0.0594029,0.07814024,0.0515769,0.17574152,0.007826
218,0.2873832,0.029438065,0.033015955,0.024930429,0.25436723,0.0045076367
219,0.3270528,0.035884384,0.06438197,0.040384486,0.26267081,-0.0045001023
220,0.28056988,0.03520364,0.05096926,0.03650993,0.22960062,-0.0013062917
221,0.12138156,0.0026402692,0.0117069455,0.008020294,0.10967461,-0.0053800247
222,0.34805596,0.042970058,0.060774367,0.04701686,0.2872816,-0.0040468015
223,0.4131874,0.086253725,0.0630043,0.046589028,0.35018313,0.039664697
224,0.25118217,0.03215163,0.047956813,0.030529696,0.20322536,0.0016219318
225,0.30765313,0.052011807,0.072822146,0.052095883,0.23483098,-8.407608e-05
226,0.31827593,0.02676711,0.040375855,0.030039415,0.27790007,-0.0032723043
227,0.362601,0.039339893,0.079293415,0.05618645,0.2833076,-0.016846556
228,0.2957454,0.06027987,0.078859225,0.057728875,0.21688618,0.002550993
229,0.176209,0.040238675,0.038883604,0.03339129,0.1373254,0.0068473853
230,0.3137687,0.019131217,0.03834372,0.031558603,0.275425,-0.012427386
231,0.20286995,0.039247073,0.03768584,0.032633167,0.16518411,0.0066139065
232,0.33701485,0.06687425,0.065906204,0.05222851,0.27110866,0.01464574
233,0.3335413,0.034427032,0.039710987,0.033544213,0.2938303,0.0008828193
234,0.19691509,0.027408153,0.032982085,0.018751476,0.16393301,0.008656677
235,0.31153905,0.018386805,0.03642277,0.032475207,0.2751163,-0.014088402
236,0.24687093,0.04172361,0.058943696,0.041584402,0.18792725,0.00013920665
237,0.12411346,0.017255586,0.025585722,0.024340894,0.098527744,-0.0070853084
238,0.30887395,0.019108169,0.05210506,0.040209815,0.25676888,-0.021101646
239,0.27635393,0.0555305,0.051218104,0.043063663,0.22513582,0.012466837
240,0.2639981,0.04020684,0.07209204,0.047113825,0.19190605,-0.0069069862
241,0.33992165,0.03226113,0.03875513,0.02925475,0.30116653,0.00300638
242,0.2484653,0.065356895,0.05294966,0.043419506,0.19551563,0.021937389
243,0.38281423,0.07462309,0.101186216,0.07109031,0.281628,0.0035327822
244,0.20596242,0.02263723,0.05603684,0.04057833,0.14992557,-0.017941102
245,0.23793995,0.02485986,0.03408177,0.025727117,0.20385818,-0.0008672569
246,0.32308027,0.022901524,0.045984317,0.029000241,0.27709594,-0.0060987175
247,0.3128839,0.040693033,0.06766696,0.04658002,0.24521695,-0.005886987
248,0.17376989,0.04770917,0.05113981,0.040642045,0.12263008,0.0070671253
249,0.27899668,0.0312304,0.041703034,0.02604044,0.23729365,0.005189959
250,0.16182369,0.0053179315,0.012572147,0.011393959,0.14925155,-0.006076027
251,0.23582906,0.0061706793,0.03652663,0.02742366,0.19930242,-0.02125298
252,0.27475178,0.02207603,0.046291538,0.030348916,0.22846025,-0.008272886
253,0.24925655,0.034965996,0.041855328,0.031026924,0.20740122,0.0039390717
254,0.2743221,0.048086964,0.06256605,0.053154904,0.21175605,-0.005067941
255,0.37227845,0.047723286,0.06755124,0.055195224,0.3047272,-0.0074719377
256,0.20689519,0.021486845,0.03322204,0.02371563,0.17367315,-0.0022287853
257,0.21049118,0.0287274,0.036803573,0.02399807,0.1736876,0.0047293287
258,0.29812962,0.034741536,0.04961343,0.038417213,0.24851619,-0.0036756769
259,0.2849387,0.020032471,0.037677817,0.027219672,0.24726087,-0.0071872007
260,0.21319346,0.028184399,0.030837435,0.020913137,0.18235603,0.007271262
261,0.065731525,0.0046098903,0.014865771,0.014583975,0.050865754,-0.009974085
262,0.34804067,0.037248347,0.053037554,0.044339154,0.29500312,-0.007090807
263,0.28308138,0.056411814,0.06538722,0.05236612,0.21769416,0.004045695
264,0.20526332,0.02788974,0.053551566,0.02622071,0.15171175,0.0016690306
265,0.14110294,0.015690122,0.020654146,0.009549162,0.1204488,0.0061409594
266,0.4253387,0.028801521,0.05869466,0.03936574,0.36664402,-0.010564217
267,0.30079046,0.033843767,0.053050272,0.031609915,0.24774018,0.0022338517
268,0.2474551,0.028132118,0.049486898,0.031658676,0.19796821,-0.0035265572
269,0.18644021,0.041759703,0.037367243,0.02913102,0.14907297,0.012628684
270,0.31880626,0.03882648,0.060008325,0.039225228,0.25879794,-0.00039874762
271,0.2547895,0.022137366,0.029397989,0.023198556,0.2253915,-0.0010611899
272,0.26764044,0.03932578,0.032279078,0.023069246,0.23536137,0.016256535
273,0.25777587,0.027983168,0.03348722,0.030477908,0.22428866,-0.0024947394
274,0.29419717,0.012087833,0.027575534,0.01156806,0.26662165,0.000519773
275,0.40227094,0.018116193,0.015443208,0.013738331,0.38682774,0.0043778615
276,0.14568079,0.0015329457,0.006089438,0.00308745,0.13959135,-0.0015545044
277,0.13919406,0.017812002,0.02566411,0.016871098,0.11352995,0.000940904
278,0.12442635,0.011912871,0.03221197,0.020127483,0.092214376,-0.008214612
279,0.26588416,0.028465481,0.029944569,0.028387198,0.23593959,7.828325e-05
280,0.37656546,0.0529651,0.052643217,0.034560286,0.32392225,0.018404815
281,0.24915501,0.02119186,0.03630496,0.02438723,0.21285006,-0.0031953696
282,0.3603575,0.030895237,0.04107248,0.030378807,0.319285,0.00051642954
283,0.3602188,0.026167665,0.07252748,0.04644795,0.2876913,-0.020280287
284,0.255215,0.006473732,0.028692389,0.019955423,0.2265226,-0.013481691
285,0.17984049,0.040849444,0.049677145,0.030062456,0.13016334,0.010786988
286,0.2070418,0.020654198,0.02529431,0.017913997,0.1817475,0.0027402006
287,0.19517498,-0.0021367676,0.034608386,0.01946807,0.1605666,-0.021604836
288,0.34504348,0.029555896,0.07215683,0.05068183,0.27288663,-0.021125933
289,0.31795797,0.07989768,0.047276933,0.0358788,0.27068102,0.04401888
290,0.23164263,0.025324766,0.037005313,0.02494719,0.19463733,0.00037757494
291,0.2926826,0.007210528,0.04202371,0.03283546,0.25065887,-0.025624933
292,0.31499907,0.0360877,0.051336695,0.03163353,0.26366237,0.0044541694
293,0.30869606,0.038085032,0.068866,0.043464918,0.23983006,-0.0053798854
294,0.30841365,0.03195369,0.054340333,0.035754126,0.25407332,-0.0038004369
295,0.23734042,0.013536058,0.042143606,0.025328506,0.1951968,-0.011792447
296,0.22296955,0.010543067,0.03787391,0.026054109,0.18509564,-0.0155110415
297,0.31844488,0.025183605,0.0246513,0.016082129,0.2937936,0.0091014765
298,0.23626289,0.036797635,0.049793042,0.028083537,0.18646985,0.0087140985
299,0.4019167,0.050425176,0.051723003,0.038794536,0.3501937,0.011630639
300,0.23764598,0.028626613,0.053854622,0.038115505,0.18379137,-0.009488892
301,0.20836419,0.04356653,0.045935143,0.0362546,0.16242905,0.007311929
302,0.31169406,0.03589756,0.04734526,0.03813818,0.2643488,-0.0022406206
303,0.22288094,0.031137925,0.050531857,0.04250777,0.1723491,-0.011369847
304,0.2613702,0.03727388,0.053689875,0.033358015,0.20768034,0.003915865
305,0.37474877,0.028129278,0.043754987,0.026177797,0.33099377,0.0019514803
306,0.2758123,0.030344998,0.05060916,0.037407942,0.22520314,-0.0070629437
307,0.24231766,0.021881258,0.040202003,0.026055709,0.20211565,-0.0041744504
308,0.2649672,0.049237706,0.052363716,0.040043354,0.21260348,0.009194352
309,0.23965974,0.014576657,0.008484278,0.00577595,0.23117547,0.008800707
310,0.30139545,0.051487535,0.05094518,0.032102972,0.25045025,0.019384563
311,0.34318694,0.03236075,0.06360452,0.04678548,0.27958244,-0.01442473
312,0.3124575,0.002282216,0.00488168,0.0032099714,0.30757582,-0.0009277554
313,0.35960352,0.042927194,0.09334544,0.050099563,0.2662581,-0.0071723685
314,0.2983467,0.029047137,0.036596663,0.027139153,0.26175004,0.0019079838
315,0.31464118,0.06772153,0.063906506,0.04651404,0.2507347,0.02120749
316,0.26525563,0.020806246,0.052065533,0.0347263,0.2131901,-0.013920054
317,0.36201522,0.037767597,0.03163542,0.022203432,0.33037978,0.015564164
318,0.3151537,0.029694876,0.047454078,0.03359922,0.2676996,-0.0039043445
319,0.37172323,0.08676464,0.10905902,0.08195777,0.2626642,0.0048068687
320,0.32334688,0.048465084,0.05388271,0.032184806,0.26946416,0.016280279
321,0.36423007,0.046762504,0.060521543,0.043688156,0.30370852,0.003074348
322,0.2671283,0.029942252,0.06742083,0.046195354,0.19970745,-0.016253103
323,0.120442756,0.017222473,0.033276994,0.023135813,0.08716576,-0.0059133396
324,0.30745548,0.04323176,0.07284172,0.04529398,0.23461376,-0.0020622201
325,0.2276132,0.031572126,0.0484878,0.040917493,0.1791254,-0.009345368
326,0.286681,0.05045013,0.061406963,0.04421743,0.22527403,0.0062327012
327,0.19456488,0.01777057,0.028423682,0.018474255,0.1661412,-0.000703685
328,0.26581,0.03201899,0.06524832,0.040761232,0.2005617,-0.008742243
329,0.4185077,0.043353233,0.0679175,0.041511532,0.3505902,0.0018417016
330,0.3943521,-0.00044446916,0.008969686,0.006211245,0.3853824,-0.006655714
331,0.2199565,0.028446693,0.04949025,0.030593958,0.17046624,-0.0021472648
332,0.22346686,0.023024278,0.03430836,0.021217175,0.1891585,0.0018071029
333,0.33645362,0.020060217,0.039131176,0.022672283,0.29732245,-0.0026120655
334,0.43871525,0.0758816,0.10285632,0.07978636,0.33585894,-0.00390476
335,0.19202591,0.041379333,0.04135866,0.031776547,0.15066725,0.009602785
336,0.2973322,0.038509026,0.04990571,0.037394196,0.24742648,0.0011148304
337,0.23491132,0.009139443,0.045730732,0.03474581,0.18918058,-0.025606366
338,0.21488379,0.02952948,0.060534813,0.040607937,0.15434897,-0.011078456
339,0.27875522,0.03969106,0.052003793,0.037510235,0.22675142,0.002180826
340,0.37891787,0.04329631,0.08581092,0.055013847,0.29310694,-0.011717536
341,0.2385455,0.033521652,0.052467085,0.026399255,0.18607843,0.0071223974
342,0.35200316,0.0442578,0.05137633,0.034064014,0.3006268,0.0101937875
343,0.24226367,0.053131852,0.03856984,0.027203685,0.20369384,0.025928168
344,0.23702212,0.026285946,0.05213066,0.031975634,0.18489146,-0.005689688
345,0.24848409,0.023685042,0.043638233,0.029057458,0.20484586,-0.005372416
346,0.26032946,0.043660942,0.023103802,0.014070971,0.23722565,0.029589972
347,0.44596434,0.058682594,0.07114371,0.042867687,0.37482062,0.015814908
348,0.22044687,0.026793674,0.052658867,0.03957153,0.167788,-0.0127778575
349,0.2765543,0.042056426,0.0609003,0.04151581,0.21565399,0.00054061785
350,0.30411732,0.0418954,0.047409035,0.029953739,0.2567083,0.011941662
351,0.30075654,0.04567055,0.053120065,0.03518016,0.24763648,0.010490391
352,0.26547414,0.041904498,0.056930877,0.039593004,0.20854327,0.0023114942
353,0.2539872,0.021318186,0.04246812,0.024028504,0.21151908,-0.0027103182
354,0.4297414,0.03924116,0.059549145,0.0388998,0.37019226,0.00034135953
355,0.4045371,0.115471475,0.096900545,0.06690339,0.30763656,0.048568085
356,0.3695194,0.06623112,0.038024552,0.027439978,0.33149487,0.03879114
357,0.17371769,0.036613952,0.05250274,0.03540577,0.121214956,0.0012081824
358,0.30619034,0.031529468,0.08646349,0.054645676,0.21972686,-0.023116209
359,0.28661814,0.03726409,0.04643132,0.033545233,0.24018683,0.0037188567
360,0.12330499,0.0032051539,0.011920214,0.011271573,0.11138478,-0.008066419
361,0.20152962,0.018974947,0.050618015,0.027906332,0.1509116,-0.008931385
362,0.29900467,0.05542904,0.062258743,0.046607457,0.23674592,0.008821584
363,0.28710642,0.004118912,0.045824785,0.029475149,0.24128164,-0.025356237
364,0.2594591,0.047116846,0.055840027,0.049617775,0.20361908,-0.002500929
365,0.23695937,0.034873284,0.047201138,0.038636036,0.18975823,-0.0037627518
366,0.31224763,0.023067754,0.04799717,0.02821442,0.26425046,-0.0051466655
367,0.23025826,0.034719154,0.043808784,0.030757463,0.18644947,0.0039616916
368,0.41932583,0.05716604,0.06512727,0.04719865,0.35419858,0.00996739
369,0.3523356,0.02952593,0.045044947,0.035296332,0.30729064,-0.005770402
370,0.12338531,0.0042960444,0.015998924,0.008847868,0.10738639,-0.0045518237
371,0.2813301,0.060921595,0.059819948,0.049737938,0.22151016,0.011183657
372,0.40070882,0.015641311,0.01889582,0.009308613,0.381813,0.0063326983
373,0.26799616,0.044919293,0.046987243,0.03412045,0.22100893,0.010798842
374,0.106238924,0.010777182,0.013772247,0.008329226,0.092466675,0.0024479562
375,0.34760657,0.04966966,0.05526598,0.045638956,0.29234058,0.0040307045
376,0.09719857,0.017619502,0.014009254,0.005095595,0.083189316,0.012523906
377,0.19064131,0.025453044,0.03544666,0.02609531,0.15519466,-0.0006422661
378,0.31541935,0.042897012,0.0654579,0.047990285,0.24996144,-0.005093273
379,0.31353703,0.055232756,0.04678468,0.042039536,0.26675236,0.01319322
380,0.39826047,0.045458227,0.07252477,0.05170811,0.3257357,-0.0062498823
381,0.35207677,0.045527305,0.06783667,0.038950097,0.2842401,0.0065772086
382,0.29047385,0.024759749,0.022819452,0.015653072,0.2676544,0.009106677
383,0.15997998,0.028560694,0.043022312,0.029517021,0.11695767,-0.0009563267
384,0.3676684,0.02916478,0.049204517,0.041418202,0.31846386,-0.012253422
385,0.22244208,0.037989084,0.03729693,0.027115379,0.18514514,0.010873705
386,0.20582114,0.022149026,0.03771844,0.025236491,0.1681027,-0.0030874647
387,0.28055638,0.053135548,0.052954637,0.041746635,0.22760174,0.011388913
388,0.24959262,0.038776733,0.0440386,0.025365308,0.20555401,0.013411425
389,0.2285205,0.023705864,0.03803902,0.024357772,0.19048148,-0.0006519072
390,0.2955516,0.06361925,0.068896785,0.050505538,0.22665481,0.013113711
391,0.3491271,0.029751573,0.04658076,0.035832405,0.30254635,-0.0060808323
392,0.37730992,0.03166551,0.050178938,0.040531915,0.32713097,-0.008866403
393,0.37198326,0.054110684,0.074416116,0.053559415,0.29756713,0.00055126846
394,0.26861772,0.0067877164,0.034919582,0.02627267,0.23369813,-0.019484952
395,0.26579806,0.031263605,0.04277437,0.03346434,0.22302368,-0.0022007339
396,0.23429516,0.015264478,0.019317545,0.013029752,0.21497762,0.0022347253
397,0.23244853,0.0321768,0.023276161,0.013603832,0.20917237,0.018572967
398,0.35326558,0.045065574,0.05554212,0.042415373,0.29772347,0.0026502013
399,0.20211503,0.03938946,0.023703631,0.016719535,0.1784114,0.022669926
400,0.24307309,0.018142268,0.04863123,0.031035453,0.19444185,-0.012893185
401,0.37890023,0.07183138,0.07761307,0.06292139,0.30128717,0.008909993
402,0.26332858,0.037869606,0.038675524,0.033100717,0.22465307,0.0047688894
403,0.15467663,0.016621761,0.01858788,0.016075969,0.13608876,0.0005457923
404,0.27198148,0.0325196,0.038404457,0.026781831,0.23357701,0.0057377703
405,0.28397718,0.059693478,0.062641636,0.043845005,0.22133555,0.015848473
406,0.22412853,0.04051715,0.04809422,0.039285496,0.1760343,0.0012316555
407,0.34158754,0.034162972,0.0365591,0.028604236,0.30502844,0.0055587366
408,0.28695324,0.047044992,0.050781377,0.035641335,0.23617187,0.0114036575
409,0.22336064,0.06189238,0.05788814,0.04570195,0.16547251,0.016190428
410,0.27551863,0.036248304,0.042759757,0.034506746,0.23275886,0.0017415583
411,0.35032535,0.037809223,0.0541505,0.03398656,0.29617485,0.003822662
412,0.24635698,0.026131913,0.038455386,0.023824392,0.2079016,0.0023075212
413,0.3217986,0.02345539,0.05547459,0.03561891,0.266324,-0.012163518
414,0.35284626,0.037443716,0.07486196,0.055277497,0.27798432,-0.01783378
415,0.35677755,0.037151903,0.06989871,0.049237628,0.28687882,-0.012085725
416,0.26869166,0.039105646,0.07018944,0.04978181,0.19850221,-0.010676164
417,0.3181202,0.05236698,0.06611075,0.05067578,0.25200945,0.0016911998
418,0.31248164,0.065483056,0.070671245,0.0515006,0.2418104,0.013982456
419,0.30998677,0.044376064,0.046982814,0.031400137,0.26300395,0.012975927
420,0.3093067,0.042998113,0.05924504,0.03668689,0.25006166,0.006311223
421,0.24815802,0.034894545,0.03811635,0.032941036,0.21004167,0.0019535087
422,0.23545036,0.016120246,0.023940016,0.021318924,0.21151035,-0.005198678
423,0.39128453,0.045963373,0.053851414,0.039343767,0.3374331,0.006619606
424,0.3169334,0.03058051,0.042575307,0.029185304,0.2743581,0.001395205
425,0.22203274,0.038762685,0.0398331,0.033500805,0.18219964,0.0052618794
426,0.27777985,0.037806805,0.03484422,0.023806764,0.24293563,0.014000041
427,0.24203998,0.024102218,0.057223666,0.040250897,0.18481632,-0.016148679
428,0.26817396,0.017560162,0.049241513,0.028411472,0.21893245,-0.010851311
429,0.32793483,0.027047478,0.04231257,0.034204125,0.28562227,-0.0071566477
430,0.37927297,0.062108643,0.09126131,0.055484824,0.28801167,0.0066238195
431,0.25809044,0.02312103,0.066354,0.046885815,0.19173643,-0.023764785
432,0.22868963,0.015089505,0.038060807,0.029996773,0.19062883,-0.014907268
433,0.29001454,0.022593929,0.05199048,0.03468105,0.23802406,-0.01208712
434,0.31631002,0.030718252,0.039831776,0.028002923,0.27647823,0.0027153287
435,0.18176743,0.032382082,0.026111677,0.02283054,0.15565576,0.009551542
436,0.3231106,0.045406677,0.051284164,0.040921085,0.27182645,0.0044855922
437,0.39571655,0.036121573,0.050038643,0.0384929,0.3456779,-0.002371326
438,0.421199,0.111639015,0.087615915,0.0686485,0.3335831,0.042990513
439,0.25802916,0.017374277,0.03453868,0.02553922,0.22349048,-0.008164942
440,0.25591353,0.03847432,0.049328376,0.030927818,0.20658515,0.007546503
441,0.29274687,0.074067615,0.08377892,0.06534,0.20896795,0.008727618
442,0.25946033,0.025614705,0.049060374,0.034869753,0.21039996,-0.009255048
443,0.11534122,0.014880332,0.017374575,0.01541245,0.09796664,-0.0005321177
444,0.3311343,0.06432106,0.07664952,0.048956215,0.25448477,0.015364848
445,0.38259178,0.062013887,0.07509383,0.04757716,0.30749795,0.0144367255
446,0.2517793,0.0489936,0.05115063,0.040303387,0.20062865,0.008690212
447,0.22270676,0.034310088,0.038634717,0.03210482,0.18407205,0.0022052675
448,0.41104984,0.0724468,0.09980335,0.0764908,0.31124648,-0.0040439963
449,0.32127622,0.057949327,0.06537956,0.04931823,0.25589666,0.008631095
450,0.29571518,0.053790897,0.052759647,0.03732425,0.24295554,0.016466647
451,0.084326036,0.0040628724,0.01601543,0.00929122,0.0683106,-0.005228348
452,0.28215963,0.048853837,0.044579268,0.03179612,0.23758036,0.017057717
453,0.29461044,0.043799568,0.060287822,0.039865047,0.23432262,0.003934521
454,0.3029509,0.02533547,0.05076499,0.04065451,0.2521859,-0.01531904
455,0.21712674,0.031246822,0.057522714,0.036553614,0.15960403,-0.0053067915
456,0.33925933,0.01931563,0.037770305,0.026128342,0.30148903,-0.006812712
457,0.27670625,0.020642286,0.052571792,0.03389834,0.22413446,-0.0132560525
458,0.2866955,0.022115335,0.05407039,0.037115477,0.23262513,-0.015000142
459,0.29325888,0.027747905,0.052760888,0.034519654,0.24049799,-0.006771749
460,0.18438649,0.05033891,0.052801944,0.038505204,0.13158455,0.011833705
461,0.19702563,0.008201087,0.040461563,0.02601101,0.15656406,-0.017809924
462,0.29746705,0.00057221536,0.02577366,0.020192731,0.2716934,-0.019620515
463,0.38678092,0.085350566,0.102507435,0.080911346,0.28427348,0.00443922
464,0.26612476,0.04080505,0.054804903,0.03908658,0.21131985,0.001718469
465,0.08730029,0.028891135,0.01991478,0.01891557,0.06738551,0.009975566
466,0.21143734,0.07433862,0.035671532,0.031050842,0.17576581,0.04328778
467,0.29370064,0.052445374,0.042645883,0.03066873,0.25105476,0.021776645
468,0.06292113,0.016836673,0.025238957,0.018624589,0.037682172,-0.0017879158
469,0.24778129,0.015425035,0.054003853,0.038198918,0.19377744,-0.022773884
470,0.33028072,0.015748829,0.032407243,0.022018429,0.29787347,-0.0062696002
471,0.27988714,0.027035601,0.045654792,0.03560304,0.23423235,-0.0085674375
472,0.17535107,0.03262026,0.026672889,0.013434182,0.14867818,0.019186076
473,0.3997223,0.07324176,0.08267407,0.058919776,0.31704825,0.014321987
474,0.28610367,0.03705357,0.04950448,0.035329193,0.23659918,0.0017243773
475,0.37006384,0.034365326,0.07864274,0.047616187,0.29142112,-0.013250861
476,0.28734,0.016205195,0.030314352,0.022063479,0.25702563,-0.0058582835
477,0.1891714,0.025651228,0.0351888,0.02668645,0.15398261,-0.0010352228
478,0.33673128,0.043910287,0.074013054,0.05346524,0.26271823,-0.009554952
479,0.25974727,0.045253538,0.065025344,0.0475518,0.19472192,-0.002298262
480,0.22781697,0.038654286,0.048718274,0.035746288,0.1790987,0.0029079989
481,0.31888795,0.061680596,0.06869315,0.05060487,0.2501948,0.011075728
482,0.097005144,0.0071459743,0.01897097,0.010775773,0.07803418,-0.0036297985
483,0.21023937,0.031262234,0.03676603,0.023761183,0.17347333,0.007501051
484,0.17195757,0.024059244,0.031328894,0.024360055,0.14062867,-0.0003008116
485,0.31449077,0.025935726,0.044570725,0.03112129,0.26992005,-0.005185563
486,0.34387907,0.024907613,0.03753885,0.025437554,0.30634022,-0.0005299412
487,0.31721336,0.01832438,0.043241967,0.02960902,0.27397138,-0.01128464
488,0.317743,0.03063422,0.048090696,0.037080802,0.2696523,-0.0064465813
489,0.41934127,0.032200374,0.053016774,0.03271538,0.36632448,-0.0005150065
490,0.22250508,0.027516665,0.03908802,0.02767598,0.18341705,-0.00015931576
491,0.29944935,0.0076375236,0.041935675,0.028710809,0.25751367,-0.021073285
492,0.27503723,0.073944986,0.07730847,0.06323301,0.19772875,0.010711975
493,0.2585388,0.057832837,0.055287678,0.04316004,0.20325114,0.014672797
494,0.35493752,0.05106496,0.06711869,0.050192624,0.28781885,0.0008723363
495,0.2863627,0.027083678,0.061599266,0.039642274,0.22476344,-0.012558596
496,0.29465252,0.029017983,0.04983691,0.04304514,0.24481562,-0.014027158
497,0.30566725,0.012784704,0.053233206,0.035590984,0.25243405,-0.02280628
498,0.4101752,0.038672473,0.06219373,0.045361284,0.34798148,-0.006688811
499,0.3038377,0.018795574,0.044864587,0.031202873,0.2589731,-0.012407299
500,0.2590442,0.028085029,0.043403238,0.030305112,0.21564096,-0.002220083
501,0.305724,0.016640184,0.035564758,0.029755915,0.27015924,-0.01311573
502,0.33580276,0.042994797,0.041251447,0.027443808,0.2945513,0.01555099
503,0.074905075,0.012328134,0.009091014,0.0035387594,0.06581406,0.0087893745
504,0.41580746,0.038623508,0.059640765,0.03798051,0.3561667,0.0006429963
505,0.24643211,0.019881409,0.04843096,0.034702,0.19800115,-0.014820591
506,0.12529214,0.020392168,0.032355703,0.023839545,0.092936434,-0.0034473762
507,0.34857658,0.049544055,0.058882467,0.03800022,0.2896941,0.011543836
508,0.26741657,0.03504914,0.050149806,0.025422286,0.21726677,0.009626854
509,0.3049579,0.03806079,0.05881651,0.043663345,0.24614139,-0.0056025535
510,0.29564053,0.037850082,0.06986344,0.040141825,0.22577709,-0.0022917427
511,0.15804103,0.028675245,0.05170997,0.034935642,0.106331065,-0.006260397
512,0.19255194,0.08327046,0.08115535,0.07001221,0.11139659,0.013258249
513,0.3120602,0.047471818,0.06091992,0.04670579,0.2511403,0.0007660277
514,0.31572166,0.029723082,0.037288714,0.022571813,0.27843294,0.0071512684
515,0.12896942,0.020500936,0.039836045,0.033549987,0.08913337,-0.013049051
516,0.35040978,0.027347544,0.046150096,0.028811196,0.3042597,-0.0014636517
517,0.2692745,0.039001994,0.045851957,0.02760912,0.22342254,0.011392875
518,0.39222628,0.08359455,0.08440329,0.05943027,0.307823,0.024164282
519,0.36239365,0.019358227,0.030052703,0.01620218,0.33234096,0.0031560473
520,0.27379933,0.04512588,0.04084243,0.03124189,0.2329569,0.013883989
521,0.40110502,-0.0065767327,0.041301347,0.027261902,0.35980368,-0.033838633
522,0.28198066,0.035771534,0.052612502,0.030830603,0.22936817,0.0049409308
523,0.30699247,0.01704875,0.027177583,0.021733897,0.2798149,-0.0046851467
524,0.31050286,0.034639563,0.051969342,0.03852597,0.2585335,-0.0038864054
525,0.22522376,0.046537776,0.047158483,0.039512493,0.17806529,0.007025283
526,0.2010931,0.0058124266,0.033661507,0.025071064,0.1674316,-0.019258637
527,0.1925431,0.029360518,0.03074294,0.021122437,0.16180016,0.008238081
528,0.2076762,0.016598528,0.032046355,0.018612247,0.17562985,-0.0020137187
529,0.06276659,0.0015959041,0.015445407,0.0096331425,0.04732118,-0.008037238
530,0.20070569,0.021188613,0.03256199,0.019786684,0.1681437,0.0014019292
531,0.119170696,0.010897333,0.015706891,0.006888537,0.103463806,0.0040087956
532,0.20821925,0.03793887,0.055714093,0.037534557,0.15250516,0.0004043132
533,0.3988942,0.058270913,0.08106969,0.059762605,0.31782448,-0.0014916919
534,0.36282197,0.0739801,0.09858635,0.06606288,0.26423562,0.007917218
535,0.3018926,0.006238542,0.058736395,0.031247418,0.24315621,-0.025008876
536,0.24042287,0.021495141,0.034252666,0.024932852,0.2061702,-0.003437711
537,0.20398928,0.020234615,0.037983596,0.02951699,0.16600569,-0.009282375
538,0.31059828,0.040461496,0.07448682,0.051462162,0.23611146,-0.011000667
539,0.18017769,0.00040666395,0.030033994,0.022170879,0.1501437,-0.021764215
540,0.29743335,0.033070013,0.03628434,0.028710818,0.26114902,0.004359195
541,0.18545455,0.03436382,0.037558224,0.03381219,0.14789632,0.0005516298
542,0.2277762,0.021725882,0.030258724,0.029792082,0.19751747,-0.0080662
543,0.21475708,0.019173175,0.036034994,0.026000595,0.17872208,-0.0068274196
544,0.427447,0.018647175,0.050266277,0.027615124,0.37718073,-0.008967949
545,0.20134042,0.023372356,0.027557999,0.020009782,0.17378242,0.0033625737
546,0.27980182,0.030137464,0.048547655,0.03216568,0.23125416,-0.0020282157
547,0.28556406,0.033310164,0.047122307,0.03307565,0.23844177,0.00023451447
548,0.19578473,0.03467338,0.040530805,0.03398213,0.15525393,0.00069124997
549,0.25143334,0.0395076,0.046475243,0.029418746,0.2049581,0.010088855
550,0.36676526,0.050851103,0.050175935,0.034844946,0.31658933,0.016006157
551,0.3254139,0.040729914,0.053711098,0.03186683,0.27170283,0.008863084
552,0.40487286,0.055825427,0.048972636,0.040753935,0.35590023,0.015071493
553,0.21410125,0.013397502,0.025208408,0.014799202,0.18889284,-0.0014017001
554,0.26566833,0.040935628,0.051943243,0.042745993,0.21372509,-0.0018103644
555,0.19607352,0.023437496,0.0312771,0.022974497,0.16479641,0.00046299957
556,0.24709299,0.042128585,0.06482933,0.043505795,0.18226367,-0.00137721
557,0.2651017,0.046846185,0.049617633,0.034196857,0.21548407,0.0126493275
558,0.30995417,0.062589586,0.09486885,0.07359387,0.21508531,-0.011004284
559,0.23866256,0.053398926,0.07457813,0.06423846,0.16408443,-0.010839533
560,0.36189097,0.0179571,0.028867602,0.022220261,0.33302337,-0.0042631608
561,0.54168135,0.062009193,0.051499676,0.04476857,0.49018168,0.017240621
562,0.3427111,0.039237365,0.04822553,0.034709267,0.29448557,0.004528098
563,0.3051432,0.02216659,0.035727374,0.028524816,0.26941583,-0.0063582268
564,0.28633022,0.050848298,0.048805527,0.034385774,0.23752469,0.016462523
565,0.2719139,0.014573913,0.039494716,0.019883987,0.23241916,-0.0053100735
566,0.42727202,0.05034388,0.07180162,0.052105118,0.35547042,-0.001761239
567,0.31056795,0.06917982,0.08212043,0.06602215,0.22844751,0.0031576678
568,0.3160692,0.051089488,0.04710832,0.028730955,0.26896086,0.022358533
569,0.3020252,0.044463802,0.057318576,0.038204513,0.24470663,0.0062592886
570,0.31799152,0.075181976,0.06331736,0.05059571,0.25467417,0.024586268
571,0.2638365,0.041501086,0.05549286,0.04152617,0.20834364,-2.508238e-05
572,0.283457,0.040736873,0.044153437,0.034394346,0.23930357,0.0063425265
573,0.23250291,0.040154003,0.06000468,0.047695898,0.17249823,-0.007541895
574,0.33339995,0.068248965,0.0686033,0.048101623,0.26479664,0.020147342
575,0.30898497,0.027121339,0.046801746,0.04038939,0.26218322,-0.01326805
576,0.11961969,-0.005496734,0.021835819,0.011072178,0.09778387,-0.016568912
577,0.22920592,0.017470548,0.031653263,0.021389205,0.19755265,-0.003918657
578,0.23065534,0.037643038,0.049425125,0.036483854,0.18123022,0.0011591837
579,0.20917255,0.030805584,0.035543386,0.027090978,0.17362916,0.0037146062
580,0.16542235,0.020361397,0.02725631,0.023953084,0.13816604,-0.0035916865
581,0.32850838,0.041321103,0.051242065,0.046245225,0.27726632,-0.0049241222
582,0.15200071,0.025644183,0.033726525,0.02426836,0.11827418,0.0013758224
583,0.3009352,0.028234197,0.03735174,0.032199435,0.26358348,-0.003965238
584,0.2909613,0.04508142,0.041066337,0.032064267,0.24989496,0.013017155
585,0.29373762,0.048848104,0.05597771,0.036045715,0.23775992,0.0128023885
586,0.30775946,0.038165066,0.050777774,0.033695463,0.2569817,0.0044696033
587,0.28788412,0.03143049,0.042201646,0.03394972,0.24568248,-0.0025192313
588,0.2891346,0.048485942,0.059208564,0.044111975,0.22992602,0.0043739676
589,0.26079002,-0.008122656,0.0039938963,0.00083078566,0.25679612,-0.008953441
590,0.22524011,0.019907825,0.058258533,0.038714424,0.16698158,-0.0188066
591,0.2077836,0.020190462,0.03767918,0.025383541,0.17010441,-0.005193079
592,0.2736526,0.04712259,0.063706614,0.04213068,0.209946,0.0049919114
593,0.2475916,0.019149896,0.046382196,0.029117566,0.2012094,-0.00996767
594,0.33417806,0.031068517,0.045037467,0.032530934,0.28914058,-0.0014624167
595,0.24090827,0.024632808,0.04515317,0.031903706,0.1957551,-0.0072708987
596,0.19776654,0.028981688,0.026049817,0.021090236,0.17171672,0.007891452
597,0.13804914,0.05529772,0.031967316,0.019572273,0.10608183,0.03572545
598,0.3095176,0.08477197,0.07093688,0.05876056,0.2385807,0.026011407
599,0.18104249,0.03407411,0.04417793,0.03261035,0.13686456,0.0014637597
600,0.27994877,0.024645371,0.04399093,0.032954864,0.23595785,-0.008309493
601,0.22242595,0.02437507,0.029266518,0.022930216,0.19315943,0.0014448538
602,0.28382114,0.023480613,0.053753637,0.03626413,0.23006749,-0.012783516
603,0.36045825,0.049990248,0.0793779,0.04900092,0.28108037,0.0009893291
604,0.26518467,0.047065184,0.043445766,0.02770553,0.2217389,0.019359654
605,0.23459435,0.020993987,0.02742571,0.01681767,0.20716864,0.004176317
606,0.3000068,0.005386164,0.04007414,0.026678476,0.25993267,-0.021292312
607,0.23693497,0.03486402,0.0471442,0.03542014,0.18979077,-0.0005561188
608,0.2706125,0.024048489,0.03971822,0.030813534,0.2308943,-0.006765045
609,0.26934192,0.04366731,0.0591469,0.046211325,0.21019502,-0.0025440156
610,0.18542194,0.042778876,0.050971914,0.039504297,0.13445003,0.0032745786
611,0.33464321,0.035179485,0.059408348,0.04219355,0.27523488,-0.007014066
612,0.27304092,0.02776622,0.04345631,0.033060838,0.2295846,-0.0052946173
613,0.32318148,0.05159727,0.06488492,0.043748096,0.25829655,0.0078491755
614,0.18105887,0.040849265,0.04728914,0.038638156,0.13376972,0.0022111088
615,0.34890062,0.07510633,0.096141614,0.06375561,0.252759,0.011350721
616,0.261049,0.056201085,0.052254967,0.04304769,0.20879403,0.013153397
617,0.30524483,0.048631806,0.07132059,0.05186806,0.23392424,-0.0032362528
618,0.19524488,0.038765926,0.05257984,0.039526243,0.14266504,-0.00076031685
619,0.2824782,0.028874034,0.050262224,0.030906137,0.23221599,-0.002032103
620,0.26133564,0.023212064,0.038153403,0.02481721,0.22318223,-0.0016051456
621,0.3665672,0.03521597,0.04896141,0.039034586,0.3176058,-0.0038186163
622,0.17818029,0.042733923,0.0731302,0.05359555,0.105050094,-0.010861628
623,0.21306191,0.06274603,0.04259447,0.02937093,0.17046744,0.033375103
624,0.30572894,0.054964006,0.04863087,0.040444866,0.25709808,0.01451914
625,0.28025088,0.025417117,0.04559049,0.02873447,0.23466039,-0.0033173524
626,0.30340558,0.036788363,0.053278733,0.036401875,0.25012684,0.0003864877
627,0.33464062,-0.0034849287,0.010444162,0.0053693885,0.32419646,-0.0088543175
628,0.19872162,0.018117059,0.036247946,0.02527408,0.16247368,-0.0071570203
629,0.34293967,0.04219996,0.06412162,0.04116886,0.27881807,0.0010311007
630,0.3227181,0.04449143,0.07220353,0.054311432,0.25051457,-0.009820003
631,0.36305577,0.05227072,0.06359057,0.041476674,0.29946518,0.010794047
632,0.25371212,0.009694223,0.040804833,0.027482474,0.21290728,-0.01778825
633,0.22955517,0.020626774,0.050277043,0.029560983,0.17927814,-0.008934209
634,0.27494758,0.023597771,0.044553854,0.030841053,0.23039374,-0.007243281
635,0.30319408,0.018275239,0.045283962,0.035161715,0.2579101,-0.016886476
636,0.3193285,0.028186964,0.044677783,0.024248447,0.2746507,0.0039385166
637,0.33000338,0.041959416,0.042727076,0.032161716,0.2872763,0.0097977
638,0.32341257,0.046840876,0.059666704,0.042988043,0.26374587,0.003852833
639,0.2517911,0.02691338,0.045387916,0.039468713,0.20640317,-0.012555333
640,0.37722227,0.045734726,0.050848234,0.040959254,0.32637402,0.004775472
641,0.20938073,0.020479394,0.026254702,0.015659662,0.18312603,0.004819732
642,0.27105337,0.043731444,0.044814415,0.028019413,0.22623897,0.01571203
643,0.3108437,0.027228389,0.053332936,0.037045587,0.25751078,-0.009817198
644,0.28408733,0.045329303,0.0638267,0.050119985,0.22026062,-0.0047906823
645,0.4132798,0.015403792,0.04683577,0.031006072,0.36644402,-0.015602279
646,0.3074904,0.06792149,0.06873566,0.055235576,0.23875475,0.012685914
647,0.36067042,0.044978753,0.06554092,0.04990355,0.2951295,-0.0049247965
648,0.30336168,0.04094054,0.04731545,0.03833668,0.25604624,0.0026038624
649,0.1920849,0.02489912,0.030454427,0.021495555,0.16163047,0.003403565
650,0.21230434,0.023922509,0.025252244,0.01511358,0.1870521,0.008808929
651,0.31557763,0.04123655,0.055246234,0.043009195,0.2603314,-0.0017726459
652,0.2920081,0.0071485075,0.013381697,0.009572439,0.2786264,-0.0024239314
653,0.29424724,0.050503485,0.05577039,0.050721336,0.23847684,-0.00021785125
654,0.32997507,0.05425305,0.02904911,0.022470476,0.30092597,0.031782575
655,0.30230728,0.037430156,0.053374507,0.03608144,0.24893278,0.0013487153
656,0.25874624,0.04377271,0.054763597,0.04539923,0.20398264,-0.0016265213
657,0.42594644,0.048591305,0.08026006,0.058076262,0.34568638,-0.009484958
658,0.2289861,0.046135206,0.037556022,0.028572097,0.19143008,0.017563108
659,0.1204616,0.011341109,0.018952608,0.015621617,0.10150899,-0.0042805085
660,0.23207314,0.022158682,0.036074765,0.02844941,0.19599837,-0.006290728
661,0.3533778,0.035126917,0.03535184,0.02557515,0.31802595,0.009551767
662,0.3611469,0.031121567,0.053137533,0.03173568,0.30800936,-0.0006141141
663,0.23509672,0.03381742,0.059788637,0.043527283,0.17530808,-0.009709861
664,0.3614465,0.016649341,0.030596439,0.01694299,0.33085006,-0.00029364787
665,0.235045,0.052638244,0.07538577,0.05545383,0.15965924,-0.0028155856
666,0.20118986,0.05293841,0.04474815,0.02852944,0.15644172,0.02440897
667,0.17523485,0.025903877,0.03565099,0.027328586,0.13958386,-0.0014247093
668,0.28738534,0.010944143,0.031890385,0.021074738,0.25549495,-0.010130595
669,0.26173124,0.017977156,0.030746812,0.017081777,0.23098442,0.0008953791
670,0.38861066,0.0954384,0.1028768,0.07787098,0.28573388,0.017567419
671,0.21553631,0.027627429,0.04494588,0.029978514,0.17059043,-0.0023510847
672,0.26760706,0.013987515,0.03783149,0.028158179,0.22977558,-0.014170663
673,0.35016587,0.059053823,0.06906603,0.04606604,0.28109986,0.012987785
674,0.37631938,0.047657173,0.057655465,0.045986164,0.31866392,0.0016710088
675,0.33230504,0.041712727,0.05107074,0.03508518,0.2812343,0.0066275485
676,0.23289803,0.024979305,0.057490658,0.03496945,0.17540736,-0.0099901445
677,0.356386,0.050953668,0.066233255,0.05035135,0.29015276,0.0006023161
678,0.28545067,0.056055684,0.06054402,0.040412683,0.22490665,0.015643
679,0.51954246,0.046574123,0.06676175,0.048746683,0.45278072,-0.0021725595
680,0.44771752,0.07761528,0.07660745,0.0616167,0.37111008,0.015998583
681,0.289524,0.024536755,0.050948035,0.03147444,0.23857595,-0.0069376864
682,0.1541158,0.037868764,0.031704452,0.019126626,0.12241134,0.018742139
683,0.2782825,0.06427125,0.07004216,0.050934814,0.20824033,0.013336435
684,0.17730378,0.008359973,0.029115636,0.01927981,0.14818814,-0.010919836
685,0.4110833,0.05457753,0.0576107,0.04141164,0.35347262,0.013165891
686,0.30697373,0.014401244,0.03753377,0.025428388,0.26943997,-0.011027144
687,0.29132015,0.03223939,0.05285733,0.041154448,0.23846282,-0.008915059
688,0.14386377,0.033735268,0.030769208,0.01794894,0.11309456,0.015786327
689,0.397181,0.02002995,0.039675858,0.036037914,0.35750514,-0.016007964
690,0.26701483,0.0031214193,0.042524487,0.02550054,0.22449034,-0.02237912
691,0.29847908,0.039374195,0.060799997,0.043444015,0.23767908,-0.00406982
692,0.26896924,0.069885336,0.06728189,0.05185349,0.20168735,0.018031847
693,0.24726737,0.061528698,0.05115,0.042419583,0.19611737,0.019109115
694,0.3629169,0.03800144,0.056752943,0.04324063,0.30616394,-0.0052391887
695,0.2162232,0.03682829,0.040920764,0.025068378,0.17530243,0.011759913
696,0.23949423,0.027572788,0.03507193,0.018369172,0.2044223,0.0092036165
697,0.39105323,0.035555884,0.041885752,0.030682575,0.34916747,0.0048733093
698,0.22901183,0.056555342,0.075475276,0.06367552,0.15353656,-0.007120181
699,0.31754622,0.050314102,0.06242863,0.04860838,0.2551176,0.001705721
700,0.2958764,0.017885104,0.049363915,0.03476108,0.2465125,-0.016875975
701,0.21679877,0.029283054,0.03713004,0.029275456,0.17966872,7.5977296e-06
702,0.3840757,0.03566531,0.049246717,0.03072103,0.33482897,0.0049442817
703,0.2522015,0.0204981,0.04022219,0.020510359,0.2119793,-1.2258068e-05
704,0.2657525,0.04889107,0.041247472,0.028386151,0.22450502,0.02050492
705,0.21971509,0.017896742,0.038328525,0.026408672,0.18138656,-0.008511931
706,0.2546444,0.029200524,0.049795143,0.04081387,0.20484924,-0.011613347
707,0.3719597,0.034607127,0.05767255,0.03956571,0.31428713,-0.004958581
708,0.30379063,0.06936429,0.06308961,0.051290415,0.24070102,0.018073872
709,0.21289966,0.013046269,0.029474393,0.024045896,0.18342526,-0.0109996265
710,0.19145718,0.033006314,0.020899788,0.017004421,0.1705574,0.016001893
711,0.35113293,0.030331433,0.041865144,0.02787206,0.3092678,0.0024593733
712,0.2855243,0.03683282,0.059921253,0.046713397,0.22560306,-0.009880576
713,0.30398256,0.044819783,0.057183396,0.035636503,0.24679916,0.00918328
714,0.23221123,0.028444348,0.047168683,0.0379715,0.18504255,-0.009527152
715,0.1323163,0.008067652,0.012800465,0.006274058,0.11951584,0.0017935936
716,0.28255963,0.03729368,0.09361639,0.072536156,0.18894324,-0.035242476
717,0.30459347,0.03929892,0.03097831,0.024246633,0.27361515,0.015052289
718,0.30055356,0.022796815,0.06699362,0.04543276,0.23355994,-0.022635946
719,0.22885437,0.037419576,0.06569195,0.04125253,0.16316243,-0.003832955
720,0.25548992,0.025389234,0.025475746,0.020195344,0.23001418,0.005193889
721,0.2165321,0.052353207,0.05876531,0.046003774,0.15776679,0.006349433
722,0.37124825,0.03976888,0.06540696,0.042251147,0.30584127,-0.002482269
723,0.235302,0.017306903,0.030395161,0.01619184,0.20490684,0.0011150632
724,0.26381862,0.017895754,0.04338188,0.035013482,0.22043674,-0.017117728
725,0.3802875,0.02274349,0.060656704,0.040635563,0.3196308,-0.017892074
726,0.24701892,0.012054017,0.030638427,0.023272265,0.21638049,-0.011218248
727,0.2977949,0.04827015,0.04832269,0.04175393,0.24947222,0.006516222
728,0.3228876,0.044281054,0.038284022,0.02715976,0.28460357,0.017121295
729,0.45071435,0.04732506,0.039990243,0.031920247,0.4107241,0.015404813
730,0.31668574,0.06331635,0.085395664,0.07332075,0.23129007,-0.010004394
731,0.32381123,0.020799378,0.057551604,0.04089055,0.26625964,-0.02009117
732,0.1892351,0.018889422,0.03651237,0.025089866,0.15272273,-0.006200444
733,0.2744052,0.03672319,0.048770167,0.029749185,0.22563505,0.006974004
734,0.085823536,0.010520173,0.008657537,0.0048443354,0.077166,0.005675838
735,0.30267167,0.025771514,0.08197589,0.057367135,0.22069578,-0.03159562
736,0.37904054,0.06360292,0.08474159,0.06475143,0.29429895,-0.0011485144
737,0.37595245,0.03352861,0.08330403,0.047627784,0.29264843,-0.014099173
738,0.39385852,0.039913885,0.046854556,0.036030475,0.34700397,0.0038834102
739,0.28667852,0.030509977,0.044762544,0.028224867,0.24191597,0.0022851098
740,0.31377608,0.05021152,0.051934116,0.039980628,0.26184195,0.010230891
741,0.27822614,0.035476785,0.060198106,0.045475703,0.21802804,-0.009998918
742,0.2061555,0.010760889,0.03668322,0.018092256,0.16947228,-0.0073313667
743,0.22703636,0.057163388,0.046966095,0.03555453,0.18007027,0.02160886
744,0.2737166,0.06002416,0.059926607,0.052296728,0.21379,0.007727433
745,0.41200328,0.020193812,0.04216387,0.03222085,0.3698394,-0.01202704
746,0.26310912,0.0484982,0.06434846,0.04664384,0.19876066,0.0018543601
747,0.25892732,0.035305206,0.050732084,0.03631209,0.20819524,-0.0010068826
748,0.30699506,0.028513674,0.050088495,0.03858029,0.25690657,-0.010066617
749,0.2831203,0.037418094,0.067725256,0.044186864,0.21539505,-0.0067687705
750,0.29578152,0.053877406,0.05656401,0.041185427,0.23921752,0.012691978
751,0.2080536,0.027928937,0.04184056,0.028308202,0.16621304,-0.00037926435
752,0.15390235,0.0038796866,0.022079226,0.012358953,0.13182312,-0.008479266
753,0.3205056,0.057531487,0.07995803,0.04819272,0.24054757,0.009338766
754,0.24444485,0.036313042,0.03462909,0.019516058,0.20981576,0.016796984
755,0.23925237,0.016245186,0.021153439,0.0131803695,0.21809894,0.0030648168
756,0.124416344,0.026979832,0.034424834,0.028379843,0.08999151,-0.0014000107
757,0.32796893,0.019801421,0.043289326,0.031695403,0.2846796,-0.011893982
758,0.31977487,0.03355552,0.041608468,0.030154128,0.2781664,0.0034013912
759,0.40184796,0.046250474,0.07483281,0.053580247,0.32701516,-0.007329773
760,0.3032811,0.02122775,0.030722434,0.021951253,0.27255866,-0.00072350167
761,0.22404002,0.022348206,0.055399638,0.03536544,0.16864038,-0.013017233
762,0.20196071,0.03895645,0.04524741,0.029185455,0.1567133,0.009770993
763,0.18255328,0.014668087,0.039397843,0.03134208,0.14315543,-0.016673995
764,0.28323185,0.02657425,0.03213494,0.028197503,0.2510969,-0.0016232524
765,0.28763402,0.040406086,0.040423278,0.026363352,0.24721074,0.014042733
766,0.34038115,0.06439231,0.044861734,0.035915285,0.2955194,0.028477028
767,0.43335205,0.06038441,0.08271941,0.06012789,0.35063264,0.00025651976
768,0.18763176,0.03711976,0.04629734,0.03806334,0.14133441,-0.0009435788
769,0.36306837,0.028878408,0.07007631,0.050448507,0.29299206,-0.0215701
770,0.23015702,0.04632441,0.053990126,0.031441234,0.17616689,0.0148831755
771,0.3123824,0.006633453,0.03802351,0.024693158,0.2743589,-0.018059704
772,0.20137767,0.0416553,0.033986747,0.023667842,0.16739093,0.017987456
773,0.32062873,0.029895585,0.03656419,0.028102243,0.28406453,0.0017933417
774,0.15811342,0.04942887,0.055172432,0.04052518,0.10294099,0.00890369
775,0.25716698,0.048394192,0.044719633,0.032453667,0.21244735,0.015940525
776,0.1749851,0.04048353,0.035623375,0.025928527,0.13936172,0.0145550035
777,0.48287293,0.05683057,0.06791926,0.04772707,0.41495368,0.009103499
778,0.44638225,0.02317602,0.086634144,0.04942868,0.35974813,-0.026252659
779,0.2658462,0.011682859,0.052420475,0.027161825,0.21342573,-0.015478967
780,0.30905402,0.062145513,0.071538925,0.043578926,0.23751509,0.018566586
781,0.21662582,0.056939974,0.05586521,0.0471266,0.16076061,0.009813376
782,0.29522392,0.036850173,0.045511194,0.02750979,0.24971274,0.009340383
783,0.22048105,0.022997366,0.022020305,0.016308432,0.19846074,0.006688934
784,0.25646585,0.058741994,0.04658959,0.02706933,0.20987627,0.031672664
785,0.319135,0.049537603,0.062940165,0.04532682,0.25619483,0.0042107813
786,0.38296542,0.08158727,0.13501616,0.0945625,0.24794926,-0.012975231
787,0.32527855,0.03583603,0.058065258,0.037542902,0.26721328,-0.0017068721
788,0.34401062,0.044995915,0.055659365,0.040849976,0.28835127,0.004145939
789,0.27207184,0.027591942,0.04248411,0.03272868,0.22958773,-0.0051367376
790,0.30674213,0.037408732,0.050985884,0.040839564,0.25575626,-0.0034308322
791,0.3311115,0.06718961,0.080668725,0.06632718,0.25044277,0.0008624345
792,0.25641462,0.019178523,0.047122743,0.031310927,0.20929188,-0.012132404
793,0.38644716,0.05265683,0.08266033,0.057564937,0.3037868,-0.004908107
794,0.3337859,0.04711095,0.055488538,0.03628681,0.27829736,0.01082414
795,0.37879327,0.04121816,0.05030459,0.03387692,0.32848868,0.0073412433
796,0.29179537,0.045018516,0.06850888,0.04896798,0.2232865,-0.0039494634
797,0.30678296,0.039974164,0.043222416,0.033346523,0.26356053,0.0066276416
798,0.31280336,0.028121794,0.066367805,0.043419667,0.24643555,-0.015297873
799,0.36020392,0.025699234,0.04481659,0.029915875,0.31538734,-0.004216641
800,0.33857673,0.04333385,0.03719102,0.02789523,0.3013857,0.01543862
801,0.26565525,0.035815835,0.035468113,0.022707338,0.23018713,0.0131084975
802,0.38165668,0.027797876,0.05474046,0.042908013,0.32691622,-0.015110137
803,0.2738811,0.0035548948,0.01369795,0.00484712,0.26018316,-0.0012922252
804,0.22802909,0.060463585,0.056883704,0.044539995,0.17114538,0.01592359
805,0.33085155,0.05630072,0.0521743,0.036668602,0.27867725,0.019632116
806,0.30832726,-0.010053087,0.0066087293,0.0037567704,0.30171853,-0.013809858
807,0.3023163,0.04757859,0.048179127,0.03543306,0.2541372,0.01214553
808,0.40824428,0.025742745,0.061718673,0.04238571,0.3465256,-0.016642964
809,0.2444871,0.028340906,0.06561008,0.047994412,0.17887703,-0.019653507
810,0.26125315,0.03268366,0.030947495,0.023200616,0.23030566,0.009483043
811,0.2720835,0.021627482,0.03966379,0.031202668,0.2324197,-0.009575186
812,0.2175061,0.024075303,0.04513918,0.03352396,0.17236692,-0.009448655
813,0.30024675,0.032122713,0.04722888,0.030903902,0.25301787,0.0012188107
814,0.34242323,0.032654185,0.074478455,0.04392543,0.26794478,-0.011271246
815,0.28666934,0.024128364,0.051599044,0.03487719,0.2350703,-0.010748824
816,0.17957775,0.013788628,0.04056891,0.024114968,0.13900885,-0.01032634
817,0.24316408,0.033211038,0.056423187,0.03487965,0.18674089,-0.0016686134
818,0.2016523,0.040863,0.03841226,0.02954621,0.16324005,0.011316789
819,0.23491152,0.038895365,0.053311456,0.032567337,0.18160006,0.0063280277
820,0.18076374,0.054380465,0.05687023,0.03923135,0.12389351,0.0151491165
821,0.09453028,0.019112622,0.022578612,0.022500712,0.071951665,-0.00338809
822,0.29742113,0.033127163,0.04943376,0.040703468,0.24798736,-0.0075763054
823,0.21272871,0.0022892824,0.031116625,0.02068889,0.18161209,-0.018399607
824,0.29619253,0.035876095,0.045538016,0.023517206,0.25065452,0.012358889
825,0.31449673,0.049075287,0.06358248,0.044130065,0.25091425,0.0049452223
826,0.2694597,0.030287946,0.047309283,0.034301188,0.22215042,-0.004013242
827,0.31493127,0.026188519,0.057243735,0.038124185,0.25768754,-0.011935666
828,0.2532503,0.008991138,0.04260183,0.031346396,0.21064848,-0.022355258
829,0.2531072,0.046918273,0.054492734,0.03827796,0.19861445,0.008640312
830,0.34885848,0.042645663,0.06699392,0.03516172,0.28186455,0.0074839443
831,0.54240793,0.074681535,0.12460895,0.094843425,0.417799,-0.02016189
832,0.24480528,0.046361856,0.053035997,0.046526253,0.19176927,-0.00016439706
833,0.28620064,0.06500678,0.040690668,0.030848216,0.24550998,0.03415856
834,0.21350485,0.031947937,0.03989635,0.035409797,0.1736085,-0.0034618601
835,0.33793545,0.036157936,0.05359174,0.041394554,0.28434372,-0.005236618
836,0.15349962,0.050192118,0.035677746,0.026492545,0.11782187,0.023699572
837,0.30008343,0.05220639,0.062777355,0.051093213,0.23730607,0.0011131763
838,0.33834124,0.033318166,0.065654464,0.047837395,0.27268678,-0.0145192295
839,0.20905754,0.051703937,0.062587425,0.04688086,0.14647011,0.0048230775
840,0.31870985,0.025815068,0.050609965,0.044833772,0.26809987,-0.019018704
841,0.2798982,0.03828956,0.03740275,0.02981707,0.24249545,0.008472487
842,0.2400193,0.046428893,0.03808291,0.030725101,0.2019364,0.015703792
843,0.2651363,0.04244121,0.06157794,0.04601915,0.20355836,-0.0035779402
844,0.12441863,0.045846347,0.049804185,0.029802103,0.07461445,0.016044244
845,0.25688374,0.04630346,0.06958653,0.049860317,0.18729721,-0.0035568587
846,0.2814243,0.029116673,0.040078748,0.030418169,0.24134557,-0.0013014954
847,0.19207503,0.04577894,0.057552576,0.038983393,0.13452245,0.006795548
848,0.20343733,0.042553518,0.04215822,0.025675956,0.16127911,0.016877562
849,0.29262117,0.027461931,0.047543664,0.030781168,0.2450775,-0.0033192374
850,0.35135707,0.07694839,0.113330916,0.07899716,0.23802616,-0.002048768
851,0.37787765,0.03564654,0.069758885,0.04428958,0.30811876,-0.008643042
852,0.25164685,0.02380183,0.035260063,0.026474318,0.21638678,-0.0026724879
853,0.2784597,0.034354772,0.04850123,0.027408073,0.22995847,0.0069466997
854,0.21145755,0.021554146,0.052808344,0.031668417,0.1586492,-0.010114271
855,0.4005702,0.039066095,0.071756564,0.049750544,0.32881364,-0.010684449
856,0.2197293,0.047115568,0.052075855,0.039190024,0.16765344,0.007925544
857,0.14551628,0.01992132,0.03042464,0.024396162,0.11509164,-0.004474843
858,0.2508686,0.025494583,0.0437254,0.026976656,0.20714319,-0.0014820732
859,0.37438455,0.037848644,0.055151664,0.038775116,0.31923288,-0.00092647225
860,0.3578662,0.02681305,0.07791435,0.05923242,0.27995184,-0.03241937
861,0.2994187,0.05451311,0.049120657,0.034530263,0.25029802,0.019982848
862,0.15464137,0.051314294,0.04359508,0.028957382,0.1110463,0.022356912
863,0.34881163,0.05179275,0.050706368,0.035739668,0.29810527,0.01605308
864,0.24761614,0.017962798,0.06789416,0.03491773,0.17972198,-0.016954932
865,0.29246017,0.0127443075,0.051891267,0.035049863,0.2405689,-0.022305556
866,0.108870275,0.033845425,0.018914532,0.010747305,0.08995575,0.023098119
867,0.17990424,0.04132883,0.03955824,0.018860642,0.14034599,0.022468187
868,0.3101356,0.055049274,0.045469917,0.03529989,0.2646657,0.019749384
869,0.25803414,0.057608318,0.04005232,0.034382187,0.21798182,0.02322613
870,0.3373435,0.03927011,0.06266655,0.041320097,0.27467698,-0.0020499863
871,0.24652433,0.09364726,0.069590725,0.045715075,0.17693362,0.04793218
872,0.28299394,0.05049652,0.038500763,0.025925774,0.24449319,0.024570744
873,0.35438132,0.027081441,0.03628112,0.027677465,0.3181002,-0.0005960241
874,0.19250052,0.057728786,0.05201034,0.03946287,0.14049017,0.018265914
875,0.04536292,0.008364955,0.011634661,0.0057353554,0.033728257,0.0026295995
876,0.30349007,0.07359991,0.065578945,0.04816767,0.23791113,0.025432244
877,0.30950972,0.0508636,0.067041375,0.03754288,0.24246836,0.013320722
878,0.44796333,0.0452306,0.06754889,0.051391847,0.38041443,-0.0061612464
879,0.23738655,0.033634916,0.044964053,0.03329874,0.19242251,0.00033617765
880,0.29458168,0.036735386,0.072823,0.045329984,0.22175868,-0.008594599
881,0.21212219,0.03959898,0.04646005,0.03344106,0.16566214,0.0061579198
882,0.32120708,0.06533918,0.0673109,0.047810517,0.25389618,0.01752866
883,0.34491432,0.050103817,0.06278165,0.048320524,0.2821327,0.0017832927
884,0.33013776,0.03945573,0.068435,0.043718416,0.26170278,-0.004262686
885,0.28038922,0.02845506,0.027274573,0.021527033,0.25311464,0.0069280267
886,0.19581263,0.05329639,0.057527404,0.044281468,0.13828522,0.009014923
887,0.24867871,0.025473041,0.0457645,0.031263165,0.20291421,-0.0057901237
888,0.31731787,0.09262074,0.11357357,0.08626783,0.20374429,0.006352909
889,0.31703147,0.054873496,0.091273084,0.06760409,0.22575839,-0.012730591
890,0.23818104,0.059865087,0.07315834,0.055221505,0.1650227,0.004643582
891,0.20315565,0.06370806,0.08720575,0.061750293,0.1159499,0.0019577667
892,0.32035518,0.03372619,0.055960465,0.036737166,0.2643947,-0.003010977
893,0.20459005,0.045803525,0.0449583,0.035816282,0.15963176,0.0099872425
894,0.26915237,0.036145512,0.060581136,0.03951784,0.20857124,-0.0033723265
895,0.35461304,0.043141004,0.069044136,0.049614068,0.2855689,-0.0064730644
896,0.3433342,0.044007286,0.054635864,0.041256227,0.28869835,0.0027510598
897,0.25997597,0.045671247,0.059093058,0.03874318,0.20088291,0.0069280677
898,0.26508948,0.022024384,0.04094725,0.02412315,0.22414222,-0.002098767
899,0.26360422,0.03334118,0.056084454,0.036358587,0.20751977,-0.003017407
900,0.1560979,0.012007202,0.015734334,0.014127958,0.14036357,-0.0021207556
901,0.2884853,0.019884057,0.055156864,0.040282574,0.23332843,-0.020398516
902,0.18866377,0.027908873,0.046681114,0.027120853,0.14198264,0.00078801997
903,0.2382765,0.01661725,0.05196631,0.02856178,0.18631019,-0.0119445305
904,0.28744215,0.05304942,0.06734303,0.047208715,0.22009912,0.005840704
905,0.2190959,0.010598779,0.019823132,0.010936141,0.19927277,-0.0003373623
906,0.32810658,0.03118506,0.040406335,0.027979407,0.28770024,0.0032056533
907,0.25974825,0.011511809,0.03465244,0.0188905,0.22509581,-0.007378691
908,0.3197427,0.030648693,0.07151462,0.049468517,0.24822809,-0.018819824
909,0.27715352,0.02859072,0.032773234,0.022868045,0.2443803,0.0057226755
910,0.36597317,0.05879528,0.062317442,0.04873094,0.30365574,0.010064341
911,0.27840665,0.044602662,0.05472068,0.044254363,0.22368596,0.00034829974
912,0.30646372,0.03074077,0.04374847,0.030928483,0.26271525,-0.00018771365
913,0.20034616,0.01529052,0.029643908,0.014430581,0.17070225,0.0008599395
914,0.21511866,0.024298077,0.038122937,0.032178912,0.17699572,-0.007880835
915,0.34666082,0.047151253,0.0353329,0.026217192,0.31132793,0.02093406
916,0.30978236,0.056128472,0.058509886,0.048629366,0.25127247,0.007499106
917,0.36227128,0.033250015,0.07249336,0.052131034,0.28977793,-0.01888102
918,0.3839555,0.050902065,0.075397566,0.051921975,0.30855793,-0.00101991
919,0.23474097,0.013822247,0.035320792,0.024024474,0.19942018,-0.010202226
920,0.21795833,0.036075357,0.053211678,0.041454133,0.16474666,-0.0053787753
921,0.21363805,0.04319662,0.051128708,0.03717576,0.16250935,0.006020859
922,0.2984519,0.038778864,0.05229954,0.02668288,0.24615236,0.012095984
923,0.3567995,0.053121623,0.07940694,0.05905982,0.27739257,-0.0059381984
924,0.3008268,0.013991988,0.04961454,0.04111811,0.25121224,-0.027126122
925,0.291961,0.041041486,0.058068257,0.045011953,0.23389275,-0.0039704666
926,0.2701688,0.037959144,0.0465854,0.032477804,0.22358342,0.00548134
927,0.2909452,0.018483412,0.041332815,0.02387861,0.24961239,-0.0053951982
928,0.3078544,0.012189776,0.03359665,0.025675576,0.27425778,-0.0134858005
929,0.29574904,0.048878763,0.044682793,0.029450547,0.25106624,0.019428216
930,0.30168498,0.05761011,0.07761375,0.048919916,0.22407123,0.008690193
931,0.15005977,0.051270705,0.07903336,0.039124317,0.071026415,0.012146387
932,0.15197958,0.020048168,0.020553982,0.013046576,0.1314256,0.007001592
933,0.3512316,0.041128546,0.050298326,0.040913895,0.30093327,0.00021465123
934,0.123770826,0.019740436,0.021294365,0.017084682,0.10247646,0.0026557539
935,0.22602816,0.022612583,0.028176328,0.023154037,0.19785184,-0.0005414542
936,0.13959098,0.00848281,0.026782554,0.017153196,0.11280842,-0.008670386
937,0.15875304,0.010530358,0.019142745,0.015386052,0.13961029,-0.0048556942
938,0.2407108,0.029068114,0.044887643,0.025577936,0.19582315,0.003490178
939,0.29224712,0.009143057,0.0361392,0.022649195,0.25610793,-0.013506138
940,0.35324657,0.054263745,0.062908635,0.047113676,0.29033792,0.007150069
941,0.3321154,0.061512716,0.0699398,0.052352022,0.26217562,0.009160694
942,0.2601856,0.030183874,0.030766854,0.029005012,0.22941874,0.0011788625
943,0.2757138,0.04859254,0.06630665,0.04842698,0.20940715,0.00016556308
944,0.2931721,0.030127238,0.058528535,0.03859774,0.23464355,-0.008470502
945,0.24505833,0.062198132,0.055702843,0.04442263,0.1893555,0.017775502
946,0.25492442,0.025438147,0.053113807,0.041080616,0.20181061,-0.01564247
947,0.2806729,0.030138427,0.052778788,0.039211754,0.22789413,-0.009073326
948,0.31916165,0.04459957,0.04252117,0.025925282,0.27664047,0.018674288
949,0.38901496,0.008988321,0.060556013,0.03379211,0.32845894,-0.024803787
950,0.28417823,0.024677262,0.048121117,0.035602327,0.2360571,-0.010925066
951,0.41780937,0.016189668,0.047575485,0.032690257,0.3702339,-0.016500589
952,0.30909008,0.033309042,0.0466037,0.037987757,0.26248637,-0.004678715
953,0.28534546,0.001987335,0.016960884,0.007650949,0.26838458,-0.005663614
954,0.3912218,0.072248444,0.057793103,0.041736394,0.33342868,0.03051205
955,0.23893097,0.034709442,0.054370172,0.03628799,0.1845608,-0.0015785471
956,0.3020383,0.0268452,0.05448578,0.03740851,0.24755253,-0.010563308
957,0.35409135,0.061054554,0.0871997,0.06228774,0.26689166,-0.0012331866
958,0.26147488,0.030742142,0.024016574,0.021408066,0.2374583,0.009334076
959,0.21281356,0.065429434,0.04275314,0.030672144,0.17006041,0.03475729
960,0.29562148,0.03746181,0.051230617,0.037613787,0.24439088,-0.00015197694
961,0.33015573,0.03939719,0.06560844,0.04082535,0.2645473,-0.0014281571
962,0.327657,0.024283437,0.035634488,0.024693659,0.29202253,-0.00041022152
963,0.28499967,0.028976317,0.06004411,0.03643184,0.22495556,-0.007455524
964,0.28468633,0.086384505,0.058537744,0.046444766,0.22614858,0.03993974
965,0.34671047,0.05127658,0.062315185,0.04520609,0.28439528,0.006070491
966,0.2516424,0.03862793,0.034054905,0.025001142,0.2175875,0.013626788
967,0.24380568,0.037550744,0.058036447,0.039499052,0.18576923,-0.0019483082
968,0.24940084,0.05573253,0.046263043,0.0359604,0.2031378,0.019772131
969,0.45268568,0.07273641,0.11177826,0.079803154,0.34090742,-0.0070667416
970,0.28414926,0.043740463,0.0403815,0.031429656,0.24376777,0.012310807
971,0.29042792,0.0108187515,0.02696473,0.018496182,0.2634632,-0.0076774303
972,0.22670613,0.042116564,0.052710574,0.043497466,0.17399555,-0.0013809018
973,0.33867547,0.06786135,0.05605345,0.039498217,0.282622,0.028363131
974,0.17669687,0.05736795,0.06716479,0.04770683,0.10953207,0.009661119
975,0.17619544,0.034072373,0.03994125,0.03233986,0.13625419,0.0017325133
976,0.14702213,0.03238101,0.030138627,0.024456326,0.1168835,0.007924683
977,0.3191427,0.052709743,0.064271286,0.054548252,0.25487143,-0.001838509
978,0.31864828,0.031954464,0.05885247,0.039910525,0.2597958,-0.0079560615
979,0.1948752,0.054285344,0.032766476,0.021748796,0.16210872,0.032536548
980,0.37307265,0.06262692,0.09114517,0.06248805,0.28192747,0.00013887137
981,0.3776904,0.04799288,0.04047995,0.026317066,0.33721045,0.021675816
982,0.17599648,0.02343073,0.038607538,0.024171563,0.13738894,-0.0007408336
983,0.2837561,0.027907941,0.059746064,0.03944592,0.22401005,-0.01153798
984,0.16466628,0.0220154,0.039649397,0.026356507,0.12501688,-0.004341107
985,0.35737032,0.033629496,0.059974205,0.04679937,0.29739612,-0.0131698735
986,0.3266137,0.04918033,0.07216493,0.056722365,0.25444877,-0.0075420365
987,0.21451691,0.038359176,0.06265806,0.04158593,0.15185885,-0.0032267533
988,0.33028743,0.05551381,0.078039035,0.06548157,0.2522484,-0.009967763
989,0.27362296,0.038740907,0.03614474,0.027990052,0.23747823,0.010750854
990,0.26248187,0.033094145,0.053051125,0.03792403,0.20943074,-0.0048298836
991,0.25599658,0.04597828,0.04466903,0.030818954,0.21132755,0.015159328
992,0.38848922,0.06400544,0.07938475,0.059057765,0.30910447,0.0049476773
993,0.26586896,0.02861173,0.04998009,0.028512066,0.21588887,9.9664554e-05
994,0.2673758,0.029904904,0.041712724,0.03151799,0.22566307,-0.0016130861
995,0.2812818,0.016084595,0.034670718,0.019770991,0.24661109,-0.0036863964
996,0.26758564,0.03929381,0.032567795,0.023539409,0.23501784,0.015754402
997,0.39311558,0.03950568,0.040554956,0.032084003,0.35256064,0.007421676
998,0.13804147,0.016391871,0.032886617,0.02568998,0.10515485,-0.0092981085
999,0.22443826,0.035330527,0.06315392,0.044423707,0.16128434,-0.00909318
1000,0.2617865,0.037899353,0.035153598,0.019397581,0.2266329,0.018501772
1001,0.108578555,0.020159496,0.028285494,0.022946544,0.08029306,-0.002787048
1002,0.27430344,0.032799292,0.0472365,0.031454653,0.22706693,0.0013446398
1003,0.3622931,0.057980828,0.07738453,0.06376352,0.28490856,-0.0057826936
1004,0.24932449,0.018260011,0.04316864,0.025624827,0.20615584,-0.007364815
1005,0.31549746,0.041913256,0.04676173,0.033060856,0.26873574,0.0088524
1006,0.3504744,0.024340441,0.048178103,0.031888194,0.30229628,-0.007547753
1007,0.4076903,0.035477493,0.077117935,0.06011797,0.33057237,-0.024640478
1008,0.2649115,0.032311313,0.02398917,0.02260105,0.24092233,0.009710263
1009,0.21999688,0.009640342,0.033366255,0.025181899,0.18663064,-0.015541557
1010,0.35725808,0.05695993,0.05902634,0.04227917,0.29823175,0.014680762
1011,0.3272321,0.04067751,0.0675022,0.04671927,0.2597299,-0.0060417615
1012,0.23674765,0.03974737,0.03426572,0.029840386,0.20248193,0.009906983
1013,0.28268427,0.059615057,0.044811808,0.03522715,0.23787245,0.024387907
1014,0.25606173,0.04613336,0.042975895,0.034333885,0.21308583,0.011799477
1015,0.15555647,0.046454214,0.03839206,0.03302878,0.11716441,0.013425432
1016,0.3141056,0.014950979,0.037605967,0.02724404,0.27649963,-0.012293062
1017,0.33647954,0.03341755,0.049189445,0.032675307,0.2872901,0.00074224174
1018,0.12757356,0.0051703756,0.022545747,0.008098418,0.10502782,-0.0029280423
1019,0.17798084,0.04949205,0.050509848,0.041042306,0.127471,0.008449744
1020,0.31225348,0.047709316,0.036293507,0.031707205,0.27595997,0.016002111
1021,0.28476912,0.037019975,0.06320832,0.044235364,0.2215608,-0.007215388
1022,0.3108168,0.046843175,0.04463354,0.032797948,0.26618326,0.014045227
1023,0.31807527,0.033408467,0.043532003,0.028910208,0.27454326,0.0044982582
1024,0.16018145,0.04715008,0.047966667,0.03328982,0.11221478,0.013860259
1025,0.23131442,0.064663455,0.07175304,0.048676096,0.15956138,0.015987359
1026,0.36663976,0.05218258,0.03116933,0.02912334,0.33547044,0.023059241
1027,0.27818504,0.055591024,0.07151787,0.057973392,0.20666717,-0.0023823678
1028,0.22606054,0.038756724,0.07740991,0.055879407,0.14865063,-0.017122682
1029,0.34924752,0.040652927,0.06301769,0.04888052,0.28622982,-0.008227594
1030,0.0816644,0.037715267,0.026570167,0.021484662,0.05509423,0.016230606
1031,0.2901425,0.050092664,0.045734487,0.032082092,0.24440801,0.018010572
1032,0.23609067,0.02606941,0.03863045,0.030136432,0.19746023,-0.0040670224
1033,0.067862175,0.002536044,0.02343444,0.0096581625,0.044427738,-0.0071221185
1034,0.31712654,0.048781548,0.05759684,0.03888975,0.2595297,0.009891797
1035,0.36680013,0.048935603,0.051987402,0.041750737,0.31481272,0.007184867
1036,0.2842021,0.029236097,0.063667424,0.04406831,0.22053468,-0.0148322135
1037,0.21350902,0.019134508,0.02914173,0.023192555,0.1843673,-0.0040580463
1038,0.36984533,0.04497876,0.061301727,0.044411242,0.3085436,0.0005675182
1039,0.32536134,0.03432453,0.065840416,0.049221538,0.25952092,-0.0148970075
1040,0.23199709,0.052212156,0.04970012,0.036662377,0.18229696,0.015549779
1041,0.3376429,0.034027997,0.06583537,0.046739988,0.27180755,-0.012711991
1042,0.2921802,0.022853993,0.04398363,0.032944508,0.24819657,-0.010090515
1043,0.34097522,0.023817444,0.057578396,0.034314346,0.28339684,-0.010496901
1044,0.38651624,0.025934037,0.06995458,0.046106473,0.31656167,-0.020172436
1045,0.41307932,0.0363707,0.06482868,0.044437688,0.34825063,-0.0080669895
1046,0.22675842,0.071925715,0.0493411,0.036096953,0.17741732,0.03582876
1047,0.18366669,0.020194978,0.027588895,0.024324602,0.1560778,-0.004129624
1048,0.12996352,0.011454207,0.011799549,0.015777137,0.118163966,-0.0043229302
1049,0.32037166,0.07309046,0.08522681,0.060734183,0.23514485,0.012356274
1050,0.34105673,0.09541431,0.06412034,0.0535373,0.2769364,0.04187701
1051,0.20907104,0.02175618,0.03586961,0.021957695,0.17320143,-0.00020151585
1052,0.30621907,0.042494982,0.04311502,0.027972404,0.26310405,0.014522579
1053,0.29081967,0.012319522,0.043623216,0.028119186,0.24719647,-0.015799664
1054,0.22434242,0.024384039,0.03239721,0.02743577,0.19194521,-0.0030517317
1055,0.047326922,0.0136883175,0.012064498,0.00887463,0.035262424,0.004813688
1056,0.31317097,0.030254299,0.039406504,0.029239833,0.27376446,0.0010144655
1057,0.2860549,0.050657462,0.06131016,0.04736697,0.22474475,0.003290493
1058,0.23113494,0.013456128,0.028883714,0.024955614,0.20225123,-0.011499486
1059,0.23790616,0.068389945,0.07164834,0.052610993,0.16625783,0.015778951
1060,0.37076005,0.05685645,0.05074068,0.037733138,0.32001936,0.019123312
1061,0.2982148,0.053124778,0.044277005,0.03856019,0.25393778,0.014564589
1062,0.35253334,0.049020257,0.052577585,0.03703775,0.29995576,0.011982508
1063,0.43236962,0.077683166,0.09769827,0.07692126,0.33467135,0.0007619038
1064,0.43327945,0.09147261,0.08239879,0.055048145,0.35088068,0.036424465
1065,0.2698967,0.06030074,0.07640061,0.06051745,0.19349608,-0.00021670759
1066,0.20373936,0.040653225,0.050228216,0.03800749,0.15351114,0.0026457347
1067,0.32204413,0.023969188,0.056110762,0.034752775,0.26593336,-0.010783587
1068,0.11241415,0.018462079,0.027677322,0.010277839,0.08473683,0.008184239
1069,0.28797278,0.06295966,0.04972138,0.039595194,0.2382514,0.02336447
1070,0.28043476,0.023364691,0.0427143,0.027720323,0.23772046,-0.004355632
1071,0.18292075,-0.0040083444,0.007031621,0.003929543,0.17588913,-0.007937888
1072,0.35446003,0.04193388,0.04933366,0.03275694,0.30512637,0.00917694
1073,0.15425618,0.017804904,0.010775328,0.0094564995,0.14348085,0.008348404
1074,0.37120646,0.03988325,0.043122865,0.030529466,0.3280836,0.009353783
1075,0.28138682,0.022665381,0.0471734,0.03297452,0.23421343,-0.010309137
1076,0.29607663,0.0054471726,0.008919379,0.006148326,0.28715724,-0.00070115365
1077,0.20482677,0.050298315,0.038632073,0.029861521,0.1661947,0.020436794
1078,0.3347166,0.04661089,0.07697661,0.045856625,0.25773996,0.000754267
1079,0.23141325,0.043791715,0.067629,0.04751237,0.16378424,-0.003720656
1080,0.26648462,0.031034455,0.06085279,0.045801964,0.20563182,-0.014767509
1081,0.30478624,0.031845134,0.07073353,0.048963588,0.2340527,-0.017118454
1082,0.37226218,0.046183374,0.061732598,0.04195312,0.3105296,0.0042302534
1083,0.3046312,0.051607482,0.0603006,0.035946358,0.2443306,0.015661124
1084,0.43029144,0.049058367,0.08512689,0.06223897,0.34516454,-0.013180602
1085,0.38443455,0.07297375,0.09174875,0.06235084,0.2926858,0.010622911
1086,0.30122465,0.04444009,0.058700316,0.042615645,0.24252433,0.001824446
1087,0.17674883,0.04151824,0.052720536,0.043375503,0.124028295,-0.0018572621
1088,0.23481096,0.049682885,0.060643367,0.046136767,0.1741676,0.0035461187
1089,0.3150104,0.039265137,0.046003066,0.037207186,0.26900733,0.002057951
1090,0.3682618,0.04846814,0.08182456,0.054143965,0.28643724,-0.005675826
1091,0.36992502,0.052143864,0.06873526,0.054545302,0.30118978,-0.0024014376
1092,0.246874,0.052784316,0.061297935,0.04659373,0.18557607,0.006190587
1093,0.25143582,0.059082564,0.054615982,0.040640134,0.19681984,0.01844243
1094,0.26702505,0.0811043,0.05334582,0.04196062,0.21367922,0.03914368
1095,0.24624304,0.0324989,0.04878421,0.028361673,0.19745883,0.0041372273
1096,0.4977813,0.03229186,0.08193661,0.047078706,0.41584468,-0.014786847
1097,0.39685732,0.03197546,0.05172189,0.040373586,0.34513542,-0.008398127
1098,0.32876343,0.05399721,0.059865005,0.04143406,0.26889843,0.01256315
1099,0.19884688,0.013476306,0.04796182,0.03423021,0.15088506,-0.020753905
1100,0.22720505,0.036082495,0.045176126,0.034908984,0.18202892,0.0011735111
1101,0.33054352,0.056958046,0.048577603,0.039877284,0.2819659,0.017080761
1102,0.20756646,0.05057435,0.05523523,0.040222343,0.15233123,0.010352008
1103,0.28160447,0.02735061,0.05950325,0.026048586,0.22210121,0.0013020243
1104,0.25533846,0.0053382614,0.024178106,0.016326029,0.23116036,-0.010987768
1105,0.32827738,0.0018743647,0.029996037,0.015388718,0.29828134,-0.013514353
1106,0.40366292,0.054573867,0.07444362,0.05190456,0.32921928,0.0026693083
1107,0.23955362,0.054662824,0.0805184,0.061399676,0.1590352,-0.006736852
1108,0.13084584,0.008339006,0.035488065,0.023204718,0.095357776,-0.014865711
1109,0.26006588,0.051259216,0.062437378,0.049404435,0.1976285,0.0018547811
1110,0.34215024,0.056348972,0.057952333,0.04813565,0.2841979,0.008213323
1111,0.31509492,0.030848095,0.05547654,0.037974335,0.25961837,-0.00712624
1112,0.25834832,0.03963349,0.0637983,0.03982267,0.19455001,-0.00018918142
1113,0.24037512,0.03279557,0.03971693,0.029020404,0.20065819,0.0037751663
1114,0.2656223,0.034063246,0.0489647,0.031457916,0.21665758,0.0026053302
1115,0.23040956,0.024459602,0.05421575,0.03626202,0.1761938,-0.011802418
1116,0.29898828,0.056765366,0.06791624,0.04679077,0.23107204,0.009974595
1117,0.2855152,0.053760875,0.08130886,0.05496452,0.20420633,-0.001203645
1118,0.35735333,0.04430248,0.07875331,0.056599237,0.27860004,-0.012296759
1119,0.31372645,0.03347384,0.03862444,0.028336685,0.27510202,0.0051371567
1120,0.12000554,0.011749815,0.015572378,0.013570154,0.104433164,-0.0018203389
1121,0.29915768,0.007792866,0.015061075,0.009234139,0.2840966,-0.0014412729
1122,0.44598553,0.050683666,0.037942432,0.02460339,0.4080431,0.026080277
1123,0.29539195,0.02614673,0.042806804,0.025440048,0.25258514,0.000706682
1124,0.28273046,0.060324416,0.053484082,0.04078,0.22924638,0.019544415
1125,0.4654439,0.035136547,0.08923355,0.059447866,0.37621036,-0.024311319
1126,0.274363,0.02197311,0.043795865,0.024613257,0.23056714,-0.0026401468
1127,0.25878665,0.04718058,0.0551197,0.04094454,0.20366696,0.006236043
1128,0.23240274,0.03354319,0.035844177,0.026442027,0.19655856,0.007101165
1129,0.23276208,0.050193965,0.041678123,0.03262317,0.19108397,0.017570794
1130,0.21453716,0.036158286,0.045474898,0.03355659,0.16906226,0.0026016943
1131,0.29755053,0.049186967,0.055190265,0.04145258,0.24236026,0.007734388
1132,0.2436479,0.05065081,0.056123883,0.039248593,0.18752402,0.011402216
1133,0.20252448,0.018592143,0.025741613,0.016316151,0.17678288,0.0022759922
1134,0.26571137,0.04561121,0.05024795,0.03367213,0.21546341,0.011939079
1135,0.24075383,0.0021615825,0.036323946,0.024183078,0.20442988,-0.022021495
1136,0.29599896,0.0364378,0.068279564,0.045382913,0.2277194,-0.008945115
1137,0.2641463,0.059474386,0.041194625,0.032314196,0.22295168,0.02716019
1138,0.30115804,0.008198477,0.045140248,0.028259054,0.2560178,-0.020060576
1139,0.27237445,0.032005724,0.059979178,0.04155726,0.21239528,-0.009551536
1140,0.18920079,0.009512294,0.025362795,0.020890685,0.163838,-0.011378391
1141,0.19946001,0.022497512,0.041293032,0.029036164,0.15816697,-0.006538652
1142,0.24718882,0.045220666,0.0366,0.024210883,0.21058881,0.021009782
1143,0.42251202,0.038592953,0.078629866,0.051482864,0.34388214,-0.0128899105
1144,0.31496206,0.04001455,0.06461183,0.045852873,0.25035024,-0.0058383234
1145,0.20130424,0.0393539,0.029640859,0.022167426,0.17166339,0.017186474
1146,0.21449997,0.029268082,0.047924686,0.03305152,0.16657528,-0.0037834384
1147,0.2572356,0.04520659,0.054833554,0.037785232,0.20240203,0.0074213594
1148,0.16011362,0.09126844,0.06557211,0.05591016,0.094541505,0.035358284
1149,0.23144397,0.035071842,0.06279169,0.041523766,0.16865228,-0.0064519234
1150,0.16006583,0.019029157,0.023212459,0.020724518,0.13685337,-0.001695361
1151,0.25080374,0.04990648,0.06140443,0.046698812,0.1893993,0.0032076687
1152,0.34868914,0.018944584,0.060080223,0.037964374,0.2886089,-0.01901979
1153,0.310477,0.025466505,0.04151456,0.025922189,0.26896244,-0.0004556831
1154,0.30236933,0.06549153,0.050793894,0.03200489,0.25157544,0.03348664
1155,0.33010003,0.027225414,0.07257855,0.047867622,0.25752148,-0.020642208
1156,0.34592244,0.031819064,0.061509002,0.04932637,0.28441343,-0.017507307
1157,0.3592402,0.037804432,0.04282453,0.031901766,0.31641567,0.0059026666
1158,0.32768348,0.012403714,0.015634501,0.00830923,0.31204897,0.0040944833
1159,0.2992216,0.077351086,0.039217748,0.0264963,0.26000386,0.050854787
1160,0.26264498,0.0048983484,0.04083991,0.026712257,0.22180507,-0.021813909
1161,0.44620338,0.06358741,0.09033674,0.06795636,0.35586664,-0.004368946
1162,0.17962924,0.017646944,0.044592746,0.029679516,0.1350365,-0.012032572
1163,0.24476837,0.016336564,0.04162949,0.031425435,0.20313887,-0.015088871
1164,0.23019959,0.03948776,0.06143877,0.043676943,0.16876082,-0.004189182
1165,0.17795411,0.014686205,0.044418026,0.03133743,0.13353609,-0.016651224
1166,0.25461897,0.029600114,0.03639265,0.03038704,0.21822631,-0.0007869266
1167,0.35543448,0.03971605,0.06277977,0.044962198,0.2926547,-0.0052461475
1168,0.23296517,0.034451637,0.043661933,0.030372674,0.18930323,0.004078964
1169,0.2602189,0.01982331,0.027425235,0.017446974,0.23279366,0.0023763366
1170,0.32485434,0.02541615,0.053582232,0.03815306,0.27127212,-0.012736909
1171,0.3166752,0.0364363,0.056879617,0.04199136,0.25979558,-0.0055550598
1172,0.27229923,0.062551275,0.060216893,0.0375783,0.21208234,0.024972975
1173,0.33593994,0.016542912,0.041133367,0.02380642,0.29480657,-0.0072635077
1174,0.3523473,0.06021008,0.07548661,0.05193343,0.2768607,0.008276649
1175,0.1489681,-0.00019088629,0.016978374,0.010569631,0.13198973,-0.010760518
1176,0.35307938,0.05554056,0.074914224,0.05725686,0.27816516,-0.0017162971
1177,0.28936765,0.013637968,0.03802175,0.020691538,0.2513459,-0.00705357
1178,0.34163412,0.031083332,0.077814914,0.049920525,0.26381922,-0.018837193
1179,0.23266222,0.040860035,0.026371121,0.016791593,0.2062911,0.024068441
1180,0.23688464,0.04119417,0.06511544,0.03299798,0.1717692,0.00819619
1181,0.24481937,0.016664559,0.031020131,0.024238318,0.21379924,-0.007573759
1182,0.12292194,0.002496834,0.015396764,0.0084995525,0.10752518,-0.0060027186
1183,0.33325818,0.015599784,0.052990485,0.036082096,0.2802677,-0.020482313
1184,0.20891094,0.001317258,0.031039635,0.016742846,0.1778713,-0.015425588
1185,0.30300373,0.042684343,0.035506114,0.020858902,0.2674976,0.02182544
1186,0.34747067,0.04097481,0.06003189,0.041776907,0.28743878,-0.000802096
1187,0.40558678,0.07701177,0.114580214,0.07632841,0.29100657,0.0006833598
1188,0.3189927,0.06779782,0.07789842,0.067134365,0.24109429,0.00066345185
1189,0.283108,0.034789275,0.06628538,0.051101077,0.21682262,-0.016311802
1190,0.11502166,0.018472841,0.027212668,0.021165833,0.087809,-0.0026929919
1191,0.17224751,0.014929762,0.02487334,0.009817535,0.14737417,0.005112227
1192,0.2469828,0.028692616,0.050167046,0.030463696,0.19681576,-0.0017710794
1193,0.34043735,0.083139576,0.09478369,0.06783686,0.24565366,0.015302718
1194,0.32768705,0.038579028,0.09226535,0.05118207,0.2354217,-0.012603041
1195,0.3323566,0.023717007,0.042512745,0.03421121,0.28984386,-0.010494204
1196,0.22053759,0.044630338,0.03079502,0.021238111,0.18974257,0.023392227
1197,0.24983549,0.04297008,0.048674934,0.030916303,0.20116055,0.0120537765
1198,0.24482526,0.03967924,0.051232588,0.035728052,0.19359267,0.003951188
1199,0.28630444,0.042771306,0.03750311,0.02396189,0.24880134,0.018809415
1200,0.30185866,0.028534045,0.056217432,0.0362994,0.24564123,-0.0077653546
1201,0.27623123,0.023024246,0.03868594,0.028946742,0.23754528,-0.0059224963
1202,0.288637,0.05466709,0.051338375,0.030339587,0.23729864,0.024327502
1203,0.4851998,0.049360998,0.07837719,0.04733783,0.40682262,0.002023168
1204,0.36628076,0.06356401,0.07058844,0.044259556,0.29569232,0.019304454
1205,0.32902396,0.03981138,0.046204668,0.03358548,0.2828193,0.006225899
1206,0.24252309,0.027368685,0.040714458,0.026702633,0.20180863,0.0006660521
1207,0.25877914,0.05197336,0.08359205,0.05629651,0.17518708,-0.0043231472
1208,0.36069188,0.095353335,0.0836942,0.06558863,0.2769977,0.029764704
1209,0.27813017,0.04553957,0.051666427,0.030595887,0.22646375,0.014943682
1210,0.23501205,0.024205135,0.041676484,0.026925951,0.19333556,-0.002720816
1211,0.2763839,0.030723037,0.024153363,0.017082185,0.25223055,0.013640853
1212,0.30472076,0.015360382,0.041386496,0.030393805,0.26333427,-0.015033423
1213,0.29279846,0.046419606,0.046932813,0.03359001,0.24586564,0.012829594
1214,0.38486174,0.05238381,0.06452164,0.042314116,0.3203401,0.010069694
1215,0.10773271,0.01209587,0.025157118,0.016939087,0.0825756,-0.0048432164
1216,0.28512016,0.029930064,0.041185804,0.030895108,0.24393436,-0.0009650439
1217,0.27598798,0.028727684,0.04148692,0.028086882,0.23450106,0.0006408021
1218,0.33063987,0.04863376,0.06392197,0.05567988,0.2667179,-0.0070461184
1219,0.29871708,0.03689988,0.066509634,0.04104937,0.23220745,-0.004149489
1220,0.2692509,0.051850922,0.07114573,0.052361794,0.19810517,-0.0005108714
1221,0.37670293,0.03700993,0.06480445,0.047298055,0.31189847,-0.010288127
1222,0.29557312,0.01830074,0.045361187,0.03463731,0.25021192,-0.01633657
1223,0.18903765,0.002924738,0.031318426,0.024555523,0.15771922,-0.021630784
1224,0.27667463,0.065656565,0.03914057,0.019824766,0.23753406,0.0458318
1225,0.45218983,0.04193511,0.061010458,0.04440096,0.39117938,-0.0024658516
1226,0.28715158,0.024566153,0.05569722,0.032934148,0.23145436,-0.008367995
1227,0.3515033,0.06034278,0.078765474,0.05281021,0.27273783,0.0075325705
1228,0.19308467,0.047234114,0.04778724,0.040487994,0.14529744,0.0067461208
1229,0.42473948,0.04480427,0.09060154,0.06162743,0.33413795,-0.016823158
1230,0.34960538,0.04511788,0.09962435,0.07107951,0.24998103,-0.025961626
1231,0.37513548,0.03783993,0.046873003,0.034472086,0.32826248,0.003367845
1232,0.34234232,0.0532965,0.06195516,0.0400657,0.28038716,0.013230801
1233,0.18803489,0.0102408165,0.03736939,0.023379108,0.1506655,-0.013138291
1234,0.26290804,0.04861955,0.053902607,0.041377354,0.20900543,0.0072421953
1235,0.20297176,0.015082988,0.03193125,0.026931355,0.1710405,-0.011848367
1236,0.24471663,0.040569816,0.051297963,0.038998522,0.19341867,0.0015712939
1237,0.39722884,0.032782506,0.06316267,0.047029305,0.33406615,-0.014246799
1238,0.40923148,0.027501721,0.053376604,0.03811435,0.35585487,-0.010612629
1239,0.32708007,0.025088672,0.048558053,0.029717904,0.278522,-0.004629232
1240,0.39301115,0.060107585,0.105002664,0.07121072,0.28800848,-0.011103135
1241,0.3564383,0.08077494,0.10755076,0.07037637,0.24888754,0.010398574
1242,0.3740456,0.048421368,0.06990014,0.054080527,0.30414546,-0.0056591593
1243,0.18130822,0.03092584,0.051316388,0.038387336,0.12999183,-0.0074614957
1244,0.28499025,0.04277614,0.07189485,0.048796196,0.2130954,-0.006020054
1245,0.21927597,0.0157641,0.06729828,0.04721599,0.15197769,-0.03145189
1246,0.33175766,0.012427239,0.043086655,0.027726326,0.28867102,-0.015299087
1247,0.28199488,0.03378397,0.056207705,0.036925275,0.22578718,-0.0031413063
1248,0.21122439,0.030100945,0.033189885,0.021918932,0.17803451,0.008182013
1249,0.4713702,0.10456153,0.12656403,0.099978656,0.34480616,0.0045828745
1250,0.32537922,0.06702586,0.058719475,0.042661943,0.26665974,0.02436392
1251,0.27476558,0.020584164,0.048083805,0.032570053,0.22668177,-0.011985889
1252,0.09913448,0.0018560736,0.011727874,0.009257603,0.087406605,-0.0074015297
1253,0.40411922,0.03401929,0.059696436,0.043910693,0.3444228,-0.009891402
1254,0.34349573,0.029719321,0.049006317,0.039495934,0.2944894,-0.009776613
1255,0.23473635,0.042829257,0.037884343,0.03232741,0.19685201,0.010501847
1256,0.26575074,0.039606385,0.03856231,0.02576154,0.22718842,0.013844846
1257,0.30609795,0.043136455,0.06240212,0.040237777,0.24369583,0.0028986782
1258,0.2874487,0.018168831,0.039397642,0.029541727,0.24805106,-0.011372896
1259,0.23144746,0.0003336225,0.031885017,0.024034547,0.19956245,-0.023700925
1260,0.3599845,0.046159394,0.06920358,0.050547324,0.2907809,-0.00438793
1261,0.283242,0.053865157,0.07083338,0.05460587,0.2124086,-0.0007407144
1262,0.17898677,0.029512826,0.07502921,0.038570516,0.10395756,-0.009057689
1263,0.32860994,0.06302717,0.06458533,0.05201013,0.26402462,0.011017043
1264,0.24569124,0.038421918,0.041794606,0.027777731,0.20389664,0.010644186
1265,0.26508555,0.019220298,0.05752762,0.040983167,0.20755793,-0.021762868
1266,0.1927618,0.037865806,0.028503403,0.015029043,0.16425839,0.022836763
1267,0.3035337,0.049724523,0.053759463,0.038285203,0.24977425,0.01143932
1268,0.37743542,0.08021231,0.095933005,0.08115628,0.28150243,-0.00094397366
1269,0.2793105,0.03470254,0.07222636,0.04364758,0.20708413,-0.00894504
1270,0.3302504,0.038964372,0.061838783,0.049168877,0.26841164,-0.010204505
1271,0.22054814,0.041705623,0.038109187,0.025272563,0.18243895,0.01643306
1272,0.20883662,0.034609646,0.05031688,0.038159303,0.15851973,-0.0035496578
1273,0.2941234,0.03948088,0.044524603,0.033726342,0.2495988,0.005754538
1274,0.29494482,0.03322366,0.05603563,0.04072262,0.23890918,-0.007498961
1275,0.15465793,0.0094989445,0.027691543,0.016922833,0.12696639,-0.007423889
1276,0.2658184,0.032751326,0.03610495,0.022003267,0.22971344,0.010748059
1277,0.39062178,0.04855144,0.051495206,0.036116846,0.3391266,0.012434594
1278,0.25015253,0.02744574,0.042802334,0.033223465,0.2073502,-0.005777726
1279,0.2773993,0.02325053,0.046770815,0.03273048,0.23062849,-0.009479949
1280,0.30361214,0.027985707,0.054554485,0.038516734,0.24905765,-0.010531027
1281,0.32612127,0.03588133,0.05398483,0.037698057,0.27213645,-0.0018167272
1282,0.4238696,0.032215696,0.062893756,0.04574897,0.36097586,-0.013533276
1283,0.38319284,0.025426688,0.060587276,0.04014886,0.32260555,-0.014722174
1284,0.3174371,0.07475517,0.092232585,0.07974511,0.22520453,-0.004989937
1285,0.15393615,0.03500218,0.037751056,0.023765158,0.11618509,0.011237022
1286,0.3409378,0.06098985,0.059008002,0.045598686,0.2819298,0.0153911635
1287,0.3714334,0.021514505,0.06127761,0.032855242,0.3101558,-0.011340737
1288,0.16680884,0.043600857,0.038717724,0.027100509,0.12809113,0.016500348
1289,0.24797659,0.040998086,0.045123965,0.037251566,0.20285262,0.0037465207
1290,0.27643424,0.037573077,0.0460905,0.030290067,0.23034374,0.0072830096
1291,0.2676344,0.056574102,0.07033995,0.049920645,0.19729444,0.006653458
1292,0.20599553,0.04139476,0.03550257,0.02596975,0.17049296,0.01542501
1293,0.29299653,0.040885266,0.049596302,0.034139007,0.24340022,0.0067462586
1294,0.20584548,0.029956209,0.041376807,0.03521969,0.16446868,-0.005263483
1295,0.167431,0.005833084,0.01940929,0.016754206,0.14802171,-0.0109211225
1296,0.22852485,0.019297078,0.037098996,0.03010952,0.19142586,-0.010812441
1297,0.34216648,0.049694873,0.045503274,0.03784506,0.29666322,0.011849813
1298,0.15298711,0.008073405,0.018586414,0.0121414615,0.1344007,-0.004068056
1299,0.23744032,0.035703234,0.0490698,0.03161448,0.18837053,0.0040887557
1300,0.26615065,0.038506914,0.050116718,0.033166233,0.21603394,0.0053406805
1301,0.31753665,0.06556277,0.08631046,0.06481675,0.23122619,0.0007460192
1302,0.26166227,0.03539645,0.059875928,0.041840427,0.20178634,-0.0064439774
1303,0.27144298,0.00012283001,0.04084372,0.024837974,0.23059925,-0.024715144
1304,0.40880343,-0.010096048,0.0064694816,0.004515214,0.40233395,-0.014611262
1305,0.2291138,0.069116324,0.046105452,0.0345437,0.18300834,0.034572624
1306,0.24757946,0.049323432,0.06286194,0.04641651,0.1847175,0.0029069223
1307,0.2143764,0.026141187,0.043677833,0.028559122,0.17069857,-0.002417935
1308,0.2914461,0.046436027,0.06280057,0.042456698,0.22864552,0.003979329
1309,0.32899332,0.03912903,0.053286385,0.03680051,0.27570695,0.0023285188
1310,0.29483807,0.03923184,0.046538513,0.034305237,0.24829955,0.0049266033
1311,0.26335627,0.039233156,0.05917306,0.043969534,0.2041832,-0.004736379
1312,0.29114422,0.021152377,0.030092705,0.026987016,0.2610515,-0.005834639
1313,0.30604842,0.032623064,0.050142873,0.034670275,0.25590554,-0.002047211
1314,0.2565503,0.04455246,0.065783486,0.0494573,0.19076683,-0.00490484
1315,0.331181,0.05128495,0.07615844,0.047116563,0.25502256,0.0041683875
1316,0.26559052,0.031065166,0.053183384,0.03404616,0.21240714,-0.0029809922
1317,0.22290364,0.041304976,0.0378929,0.029061291,0.18501073,0.012243684
1318,0.3488524,0.04348938,0.051866185,0.042143352,0.29698622,0.0013460293
1319,0.3156402,0.033187598,0.039740723,0.03186748,0.2758995,0.0013201162
1320,0.19350134,0.020585792,0.03596626,0.02338405,0.15753508,-0.0027982574
1321,0.31799513,0.021493876,0.04741595,0.027860016,0.2705792,-0.0063661393
1322,0.2809239,0.019029163,0.045474924,0.0246896,0.23544899,-0.005660437
1323,0.32188645,0.056169547,0.05283586,0.04058193,0.2690506,0.015587617
1324,0.3368385,0.02938908,0.044353876,0.0358299,0.29248464,-0.006440822
1325,0.4290249,0.067048274,0.09252996,0.0706145,0.33649495,-0.0035662279
1326,0.13272586,0.0034662993,0.015147986,0.013530974,0.11757788,-0.010064675
1327,0.3241272,0.018513354,0.030503463,0.019119414,0.29362375,-0.00060606
1328,0.35822734,0.062365133,0.07713448,0.06295929,0.28109285,-0.0005941577
1329,0.2857164,0.035425298,0.03715985,0.02818557,0.24855657,0.0072397273
1330,0.3581221,0.11201657,0.10935388,0.09782087,0.24876824,0.014195703
1331,0.3142789,0.08778004,0.06598649,0.059349984,0.24829242,0.02843006
1332,0.38811567,0.016419845,0.042200446,0.025850203,0.34591523,-0.009430358
1333,0.22077125,0.07059666,0.062503584,0.036292095,0.15826768,0.034304563
1334,0.069941506,-0.0065825433,0.012622289,0.0053422414,0.057319216,-0.011924785
1335,0.37706766,0.021786984,0.056785323,0.03656014,0.32028234,-0.0147731565
1336,0.25999323,0.025493206,0.0375606,0.029605806,0.22243263,-0.0041125994
1337,0.07977449,0.008149277,0.004293277,0.0046362462,0.07548121,0.0035130312
1338,0.17899734,0.051266707,0.049607936,0.036884695,0.1293894,0.014382012
1339,0.23358169,0.031963706,0.05104796,0.036360044,0.18253374,-0.004396338
1340,0.27529696,0.041996438,0.06822338,0.041348733,0.20707357,0.00064770505
1341,0.15282965,0.00083600916,0.008491481,0.0075513506,0.14433816,-0.0067153415
1342,0.35019052,0.010986147,0.058796775,0.033070993,0.29139376,-0.022084845
1343,0.29514396,0.048260592,0.05826991,0.04360708,0.23687404,0.0046535134
1344,0.273009,0.038788676,0.046487357,0.038522348,0.22652164,0.00026632845
1345,0.28142345,0.040358786,0.04346981,0.037119262,0.23795363,0.0032395236
1346,0.26292408,0.0027008639,0.012044014,0.0054910253,0.25088006,-0.0027901614
1347,0.24822256,0.023032026,0.040704492,0.032013383,0.20751807,-0.008981356
1348,0.3111052,0.064165525,0.068109535,0.054107703,0.24299565,0.010057822
1349,0.3060835,0.047419563,0.072047815,0.049160957,0.23403569,-0.0017413944
1350,0.35019982,0.070462644,0.059342485,0.04685048,0.29085734,0.023612164
1351,0.20573714,0.036623042,0.05243335,0.03731124,0.1533038,-0.00068819895
1352,0.13832176,0.025058217,0.040808734,0.03057931,0.09751302,-0.0055210926
1353,0.298942,0.04444447,0.047636364,0.027833974,0.25130564,0.016610498
1354,0.39986658,0.01933476,0.07157355,0.042376123,0.32829303,-0.023041364
1355,0.28736374,0.05222429,0.050079595,0.04186399,0.23728414,0.010360301
1356,0.14450064,0.015490006,0.033932455,0.024614666,0.11056819,-0.00912466
1357,0.30853963,0.02556602,0.044429928,0.031539083,0.2641097,-0.0059730634
1358,0.2641351,0.019073071,0.05464626,0.036972187,0.20948884,-0.017899117
1359,0.29131615,0.02117523,0.033424526,0.025967836,0.25789163,-0.0047926065
1360,0.18323305,0.02098774,0.03417139,0.023085652,0.14906166,-0.0020979121
1361,0.31731784,0.022780716,0.04931141,0.033077933,0.26800644,-0.0102972165
1362,0.24890672,0.031274308,0.05127732,0.03421357,0.19762939,-0.0029392615
1363,0.4191772,0.026838126,0.046847783,0.032558426,0.3723294,-0.0057203006
1364,0.3075889,0.06573861,0.08851142,0.062058084,0.21907748,0.0036805272
1365,0.36439458,0.040824696,0.043419372,0.038124826,0.3209752,0.0026998706
1366,0.20924877,0.03450551,0.060536467,0.03878249,0.1487123,-0.0042769797
1367,0.2787673,0.061495584,0.050965764,0.035285164,0.22780153,0.02621042
1368,0.2551757,0.028381912,0.045966446,0.037691377,0.20920926,-0.009309465
1369,0.32017565,0.0585543,0.063657135,0.045692984,0.2565185,0.012861315
1370,0.19286342,0.025952188,0.03336743,0.019167189,0.159496,0.0067849997
1371,0.28748876,0.03174649,0.03893791,0.025457328,0.24855085,0.0062891636
1372,0.30883852,0.013181242,0.046204336,0.033048872,0.2626342,-0.019867629
1373,0.31766397,0.042917993,0.053024698,0.04093671,0.26463926,0.0019812845
1374,0.32792717,0.014903258,0.04702442,0.03767119,0.28090274,-0.022767931
1375,0.39984143,0.04660949,0.05009862,0.0374059,0.3497428,0.00920359
1376,0.16458492,0.019374683,0.027254205,0.013913663,0.13733071,0.0054610204
1377,0.25211,0.031925846,0.04272812,0.031640418,0.20938188,0.00028542802
1378,0.25630906,0.021285366,0.027141526,0.013156647,0.22916754,0.008128719
1379,0.30655116,0.019640164,0.03398673,0.028126653,0.27256444,-0.008486489
1380,0.28701386,0.050147794,0.07383989,0.05860252,0.21317397,-0.008454725
1381,0.26493505,0.009517227,0.03797059,0.030115444,0.22696446,-0.020598218
1382,0.16927445,0.02040762,0.03586458,0.029870894,0.13340987,-0.009463273
1383,0.41220003,0.0339852,0.05182736,0.037587747,0.36037266,-0.0036025457
1384,0.22424005,0.0320997,0.070358545,0.047047056,0.1538815,-0.014947355
1385,0.19436169,0.032687787,0.055944562,0.040362008,0.13841712,-0.007674221
1386,0.20335567,0.04649653,0.05876994,0.033369914,0.14458573,0.013126615
1387,0.28194568,0.021924421,0.04962961,0.03105509,0.23231606,-0.009130668
1388,0.3755992,0.046027087,0.046291873,0.0330722,0.32930732,0.012954887
1389,0.07495802,0.0072070886,0.007851243,0.0065056337,0.067106776,0.00070145493
1390,0.21689558,0.04253816,0.05203236,0.044165775,0.16486323,-0.0016276166
1391,0.23801532,0.027250309,0.051370583,0.030310672,0.18664473,-0.0030603632
1392,0.39585412,0.041441362,0.046836935,0.033597805,0.34901717,0.007843558
1393,0.24524724,0.041293047,0.033424716,0.02344196,0.21182252,0.017851088
1394,0.27184254,0.030019784,0.06060394,0.028920267,0.2112386,0.0010995176
1395,0.42431158,0.082816705,0.06194579,0.050319493,0.36236578,0.032497212
1396,0.27275836,0.050636146,0.03855095,0.018993974,0.23420742,0.031642172
1397,0.2562196,0.017602628,0.034720425,0.02466346,0.22149917,-0.0070608314
1398,0.23039551,-0.002106273,0.027654326,0.018475669,0.20274119,-0.020581942
1399,0.22858123,0.04353703,0.05777777,0.050107025,0.17080346,-0.0065699928
1400,0.29885474,0.03843387,0.043608285,0.03144579,0.25524646,0.0069880784
1401,0.24017517,0.027710848,0.05322393,0.03727784,0.18695125,-0.0095669925
1402,0.35599917,0.032556366,0.0416438,0.03492552,0.31435537,-0.0023691542
1403,0.2663568,0.008975577,0.017560763,0.013960168,0.24879603,-0.004984591
1404,0.24835742,0.00047572466,0.02739985,0.017688299,0.22095756,-0.017212573
1405,0.17166604,0.042583782,0.062645376,0.052457802,0.109020665,-0.00987402
1406,0.20001255,0.024573993,0.040569164,0.021989416,0.15944338,0.0025845766
1407,0.31320083,0.032208163,0.058938168,0.038793907,0.25426266,-0.0065857433
1408,0.26596904,0.048050106,0.06198778,0.040498298,0.20398125,0.007551808
1409,0.31853375,0.024250453,0.025193643,0.017734218,0.29334012,0.006516235
1410,0.3505789,0.03635625,0.06757231,0.052860536,0.2830066,-0.016504284
1411,0.38985056,0.04258694,0.08200158,0.057828974,0.307849,-0.015242033
1412,0.21069178,0.017114345,0.03466661,0.023878748,0.17602517,-0.0067644026
1413,0.21629196,0.022002645,0.03358277,0.01890273,0.18270919,0.0030999146
1414,0.23907396,0.021408502,0.058824856,0.04616671,0.18024911,-0.024758209
1415,0.28092098,0.027667528,0.04058296,0.028856602,0.24033803,-0.0011890735
1416,0.32985535,0.05187363,0.06447245,0.04251262,0.2653829,0.00936101
1417,0.2422974,0.018516839,0.035728563,0.029189084,0.20656884,-0.010672245
1418,0.2553664,0.06208433,0.064338624,0.049407803,0.19102779,0.012676526
1419,0.31404388,0.03866085,0.059899192,0.05229655,0.2541447,-0.013635699
1420,0.25229102,0.04760196,0.042590894,0.029416863,0.20970014,0.018185098
1421,0.22208624,0.018126873,0.02890042,0.022485908,0.19318582,-0.004359035
1422,0.30800605,0.027047226,0.04677282,0.03138785,0.26123324,-0.0043406244
1423,0.29671794,0.04351437,0.06340127,0.0394212,0.23331667,0.00409317
1424,0.15492766,0.016249163,0.015953403,0.009917162,0.13897425,0.0063320007
1425,0.31239808,0.04950521,0.041230336,0.029495094,0.27116776,0.020010117
1426,0.19091874,0.04168524,0.06565334,0.042515047,0.1252654,-0.0008298084
1427,0.28171086,0.035464875,0.056971304,0.032912247,0.22473955,0.0025526285
1428,0.344729,0.058010545,0.09830171,0.060711704,0.2464273,-0.0027011596
1429,0.19835325,0.028145747,0.02700766,0.018355759,0.17134559,0.009789988
1430,0.21384741,0.010500253,0.044868313,0.03039001,0.16897911,-0.019889757
1431,0.28066742,0.021240052,0.040593036,0.030723091,0.2400744,-0.009483039
1432,0.23095953,-0.0010204378,0.04253157,0.025305498,0.18842797,-0.026325935
1433,0.39972106,0.04313976,0.047758143,0.034098938,0.35196292,0.009040821
1434,0.2671325,0.02419312,0.047522828,0.027800936,0.21960966,-0.003607817
1435,0.27014348,0.023853755,0.03453158,0.022089513,0.2356119,0.0017642416
1436,0.32442102,0.05695001,0.051176816,0.039815284,0.2732442,0.017134726
1437,0.2616962,0.041437574,0.055483025,0.040655673,0.20621316,0.0007819012
1438,0.4162149,0.029450737,0.057858087,0.043216284,0.35835683,-0.013765547
1439,0.13046634,0.014535486,0.027351487,0.02300414,0.10311486,-0.008468655
1440,0.36619574,0.0013141945,0.010670952,0.008788574,0.35552478,-0.007474379
1441,0.21220742,0.042516988,0.04132876,0.034084637,0.17087866,0.008432351
1442,0.32850543,0.019515797,0.040224247,0.030068344,0.28828117,-0.010552546
1443,0.2695175,0.020231443,0.038647305,0.026998669,0.2308702,-0.0067672264
1444,0.21992908,0.027190786,0.05342544,0.033073734,0.16650364,-0.0058829486
1445,0.3310626,0.04811139,0.06163462,0.04154259,0.26942796,0.0065688007
1446,0.28252745,0.025451269,0.036773805,0.029462526,0.24575365,-0.0040112566
1447,0.10850463,-0.012062404,0.012827392,0.010777459,0.09567724,-0.022839863
1448,0.27724642,0.032065224,0.052130796,0.03335754,0.22511563,-0.0012923144
1449,0.27450567,0.031965468,0.0344664,0.02733028,0.24003927,0.0046351887
1450,0.1943405,0.024161398,0.041126978,0.030162701,0.15321352,-0.006001303
1451,0.24967885,0.024951942,0.052281987,0.036428865,0.19739686,-0.011476923
1452,0.1150524,0.009479241,0.006365031,0.0077259466,0.10868737,0.0017532948
1453,0.49764842,0.057877753,0.071383104,0.0463512,0.4262653,0.011526551
1454,0.3531919,0.05857859,0.09385383,0.072356895,0.25933808,-0.013778303
1455,0.37431762,0.006248624,0.083680935,0.04228545,0.2906367,-0.036036827
1456,0.27775347,0.047016807,0.055327304,0.041918714,0.22242618,0.0050980933
1457,0.29817376,0.029888827,0.08300338,0.047877803,0.21517038,-0.017988976
1458,0.23244576,0.032850325,0.055332195,0.03589409,0.17711356,-0.0030437633
1459,0.15691498,0.042054284,0.05265535,0.043862164,0.104259625,-0.0018078797
1460,0.33134624,0.051716555,0.08630289,0.054635365,0.24504335,-0.0029188097
1461,0.31752145,0.06568712,0.055433504,0.03596981,0.26208794,0.029717311
1462,0.30627695,0.027927384,0.05726234,0.035381686,0.24901462,-0.007454302
1463,0.24876079,0.06512859,0.04704184,0.029227471,0.20171896,0.035901114
1464,0.35208595,0.028717423,0.057416014,0.043183714,0.29466993,-0.014466291
1465,0.23224497,0.029779823,0.025885958,0.018866854,0.20635901,0.01091297
1466,0.32830283,0.033777315,0.03637477,0.028997004,0.29192805,0.004780311
1467,0.3171646,0.023032185,0.030812377,0.02703694,0.28635222,-0.004004756
1468,0.16124618,0.03619285,0.06530127,0.04323517,0.09594491,-0.0070423223
1469,0.29672158,0.03707096,0.01916784,0.017223738,0.27755374,0.019847222
1470,0.30012727,0.037186477,0.045591194,0.032620307,0.25453606,0.0045661703
1471,0.2970028,0.014945703,0.056964688,0.030206442,0.2400381,-0.015260739
1472,0.21152465,0.03131642,0.03483419,0.029650638,0.17669046,0.0016657803
1473,0.32303232,0.010099076,0.068527415,0.033546932,0.25450492,-0.023447856
1474,0.35980448,0.035298977,0.05609833,0.04626624,0.30370614,-0.010967262
1475,0.33017752,0.0115195615,0.038696613,0.021502996,0.2914809,-0.009983434
1476,0.33969375,-0.0067819487,0.012131238,0.008188871,0.3275625,-0.0149708195
1477,0.32233208,0.031374127,0.048910458,0.033285722,0.27342162,-0.0019115955
1478,0.20132892,0.058900803,0.07911708,0.051716726,0.12221184,0.007184077
1479,0.3199761,0.041828427,0.055986546,0.045020908,0.26398954,-0.0031924807
1480,0.27348945,0.051275898,0.042384975,0.033068877,0.23110446,0.018207021
1481,0.30518,0.031040225,0.04154691,0.031314738,0.2636331,-0.00027451292
1482,0.3319456,0.04962308,0.05813657,0.042005833,0.27380902,0.0076172464
1483,0.26394528,0.05248921,0.059663266,0.045318156,0.20428202,0.0071710534
1484,0.32400343,0.026069213,0.05248226,0.030797645,0.27152118,-0.0047284327
1485,0.07888594,0.023667611,0.030358488,0.016375598,0.048527457,0.0072920136
1486,0.26185462,0.07502869,0.06074729,0.04286184,0.20110732,0.032166846
1487,0.29596576,0.022622561,0.051241446,0.036186714,0.24472432,-0.013564153
1488,0.30399597,0.027166417,0.044088762,0.034661222,0.25990722,-0.0074948054
1489,0.30004227,0.025699802,0.030086463,0.023120657,0.2699558,0.0025791451
1490,0.28502336,0.027360227,0.043249696,0.027214933,0.24177366,0.00014529377
1491,0.2077632,0.033222925,0.020048589,0.016416263,0.1877146,0.016806662
1492,0.31633395,0.048556045,0.060862202,0.0370411,0.25547174,0.011514943
1493,0.32159472,0.02062908,0.04365506,0.035934888,0.27793965,-0.015305808
1494,0.22947595,0.0392876,0.03549227,0.027276695,0.19398367,0.012010906
1495,0.20145506,0.022222735,0.031734705,0.020403435,0.16972035,0.0018192995
1496,0.34936818,0.020799514,0.05333119,0.04257745,0.296037,-0.021777935
1497,0.12940824,0.003529982,0.019359726,0.014401819,0.11004852,-0.010871837
1498,0.3881821,0.035746135,0.06654409,0.043984897,0.32163802,-0.008238763
1499,0.372057,0.022052338,0.038991183,0.027574938,0.3330658,-0.0055225994
1500,0.35606077,0.027069464,0.039713092,0.02711446,0.3163477,-4.499592e-05
1501,0.33202645,0.03957353,0.058165003,0.042428367,0.27386144,-0.0028548352
1502,0.31178805,0.01264666,0.012371953,0.0040807547,0.2994161,0.0085659055
1503,0.43115214,0.044580072,0.06837298,0.050618827,0.36277914,-0.006038755
1504,0.3475957,0.0492405,0.055577386,0.035296936,0.2920183,0.013943564
1505,0.255642,0.03023611,0.059361555,0.04505227,0.19628045,-0.014816161
1506,0.48621085,0.06803404,0.07953573,0.061578233,0.40667513,0.006455805
1507,0.29923636,0.03253129,0.035905782,0.030425033,0.26333058,0.0021062586
1508,0.2872368,0.045503635,0.058404606,0.044421516,0.2288322,0.0010821186
1509,0.27839568,0.055250667,0.05010984,0.039978985,0.22828585,0.015271682
1510,0.22695293,0.013887288,0.047502216,0.028002273,0.1794507,-0.014114985
1511,0.27478102,0.06358201,0.06729964,0.04444011,0.20748138,0.019141901
1512,0.31439587,0.056929193,0.07850584,0.058603723,0.23589003,-0.0016745292
1513,0.37943634,0.08637867,0.0984447,0.06701963,0.28099164,0.019359045
1514,0.35303837,0.04132904,0.047922622,0.031066423,0.30511576,0.010262618
1515,0.2708812,0.043588772,0.055629127,0.043295868,0.21525207,0.00029290468
1516,0.16901906,0.012327478,0.026484063,0.012402132,0.142535,-7.4653886e-05
1517,0.11666487,0.035507824,0.03577041,0.017036578,0.08089446,0.018471247
1518,0.33772734,0.03311627,0.05216503,0.04249944,0.2855623,-0.009383172
1519,0.19292763,0.046729222,0.049347274,0.03677345,0.14358035,0.009955771
1520,0.32211736,0.04559661,0.06033454,0.04199524,0.26178282,0.0036013722
1521,0.25696042,0.05693817,0.058455486,0.046571337,0.19850494,0.010366835
1522,0.09222019,0.022877356,0.037596274,0.027150342,0.054623913,-0.004272986
1523,0.5374411,0.07381757,0.06324275,0.055229224,0.47419834,0.01858835
1524,0.2167608,0.0022862272,0.0238528,0.010432077,0.192908,-0.008145849
1525,0.38835454,0.04866714,0.081018105,0.059851736,0.30733645,-0.0111845955
1526,0.33778623,0.12310492,0.12056607,0.09724205,0.21722016,0.025862873
1527,0.29424995,0.047486614,0.075590454,0.057840955,0.21865949,-0.01035434
1528,0.26576912,0.04566421,0.052374236,0.041839007,0.21339488,0.0038252026
1529,0.10999535,0.005052691,0.015652608,0.009490391,0.09434274,-0.0044377004
1530,0.34436363,0.041008223,0.05109918,0.037724473,0.29326445,0.0032837503
1531,0.29882202,0.038961094,0.052943073,0.047604255,0.24587893,-0.0086431615
1532,0.27498612,0.06586088,0.06441442,0.046588484,0.2105717,0.019272398
1533,0.4143854,0.05522087,0.095398754,0.07116003,0.31898665,-0.015939165
1534,0.34932512,0.028983472,0.066201344,0.04385715,0.2831238,-0.014873678
1535,0.40316266,0.048661113,0.040808953,0.030701488,0.3623537,0.017959625
1536,0.20309988,0.033364248,0.04941238,0.03661946,0.15368749,-0.0032552108
1537,0.37211275,0.06783534,0.0789728,0.050880957,0.29313993,0.016954381
1538,0.29484648,0.017202841,0.04078682,0.024749266,0.25405964,-0.007546425
1539,0.19595407,0.03929425,0.045680825,0.036320336,0.15027325,0.0029739141
1540,0.065549545,-0.003993114,0.008971935,0.008378063,0.056577608,-0.012371177
1541,0.29004267,0.038400866,0.049524117,0.035186615,0.24051856,0.0032142513
1542,0.32350078,-0.0025144564,0.032286853,0.016888287,0.29121393,-0.019402742
1543,0.5536621,0.014963662,0.10784842,0.06262182,0.44581372,-0.047658153
1544,0.23162368,0.06321555,0.06412103,0.04810079,0.16750264,0.015114758
1545,0.29913244,0.046222296,0.068773106,0.0520824,0.23035933,-0.005860105
1546,0.348475,0.0258032,0.06698388,0.037219428,0.28149113,-0.011416227
1547,0.320568,0.02159677,0.046049803,0.030163938,0.2745182,-0.008567167
1548,0.25253493,0.03477075,0.056488983,0.041552484,0.19604594,-0.0067817345
1549,0.3842299,0.031540096,0.057791375,0.042090796,0.32643852,-0.0105507
1550,0.30977443,0.033429805,0.05988888,0.028964702,0.24988554,0.004465103
1551,0.19676553,-0.001593019,0.038692564,0.025525525,0.15807296,-0.027118545
1552,0.2959104,0.03967514,0.035903838,0.027437132,0.26000655,0.012238007
1553,0.33358297,0.046470396,0.05384729,0.038268607,0.27973568,0.008201789
1554,0.3092803,0.0147530455,0.04997282,0.025519794,0.25930747,-0.010766748
1555,0.23557201,0.04035604,0.05575379,0.038283408,0.17981821,0.0020726323
1556,0.2877046,0.035802826,0.04288585,0.030745778,0.24481873,0.005057048
1557,0.11969466,0.008055773,0.021582274,0.0130838435,0.09811238,-0.005028071
1558,0.39159602,0.08412302,0.08837682,0.068608984,0.3032192,0.0155140385
1559,0.36752295,0.04030004,0.063298345,0.04417901,0.3042246,-0.0038789697
1560,0.29339835,0.05700459,0.08138805,0.06129981,0.2120103,-0.0042952187
1561,0.2523573,0.0056189727,0.03233369,0.021875001,0.22002362,-0.016256029
1562,0.23092632,0.04015614,0.047067873,0.028341955,0.18385845,0.011814186
1563,0.32255384,0.027236123,0.06857669,0.047569834,0.25397715,-0.020333711
1564,0.27286994,0.0332368,0.043327793,0.034253396,0.22954215,-0.0010165945
1565,0.23848896,0.046318717,0.07577168,0.054909438,0.16271728,-0.008590721
1566,0.33521074,0.060871996,0.093781166,0.07341789,0.24142957,-0.012545891
1567,0.3358448,0.032752085,0.07002133,0.04491992,0.26582348,-0.012167834
1568,0.0988373,0.018851144,0.020798167,0.016474385,0.07803913,0.0023767594
1569,0.25483963,0.020555679,0.029259149,0.016578801,0.22558048,0.003976878
1570,0.27523103,0.03315364,0.04678238,0.020783668,0.22844866,0.01236997
1571,0.2179415,0.027705194,0.046473306,0.02789048,0.17146818,-0.00018528476
1572,0.2984557,0.026992828,0.03218757,0.027830953,0.2662681,-0.0008381251
1573,0.24290024,0.035448436,0.06258977,0.044101633,0.18031046,-0.008653197
1574,0.31567752,0.031005105,0.047005355,0.034289982,0.26867217,-0.0032848772
1575,0.3112857,0.04840215,0.043855995,0.037269857,0.2674297,0.011132292
1576,0.27755287,0.037863735,0.05180242,0.038448915,0.22575045,-0.0005851798
1577,0.3209696,0.0759177,0.09630458,0.071937546,0.22466503,0.0039801523
1578,0.25167254,0.015397567,0.030417886,0.018330466,0.22125465,-0.0029328987
1579,0.27884877,0.018644886,0.037668806,0.028170576,0.24117996,-0.00952569
1580,0.2558486,0.032747474,0.043093193,0.025653075,0.2127554,0.007094398
1581,0.3526198,0.055263683,0.04428809,0.03053222,0.3083317,0.024731463
1582,0.2514057,0.020783829,0.028892547,0.024263352,0.22251314,-0.0034795236
1583,0.37223056,0.051446725,0.07986996,0.05002477,0.2923606,0.0014219545
1584,0.33187905,0.03539451,0.042464204,0.036161,0.28941485,-0.0007664934
1585,0.33758053,0.055889197,0.063431375,0.04896044,0.27414915,0.006928757
1586,0.3152562,0.032290023,0.045512494,0.03050046,0.2697437,0.0017895624
1587,0.29984173,0.04313908,0.050127167,0.037625186,0.24971457,0.0055138953
1588,0.35187888,0.030397002,0.049883306,0.044131864,0.30199558,-0.013734862
1589,0.27197587,0.021484075,0.07682332,0.052684642,0.19515255,-0.031200567
1590,0.28660968,0.041243307,0.054987133,0.041562647,0.23162255,-0.00031933933
1591,0.4155914,-0.00021938691,0.011883741,0.012270624,0.40370765,-0.012490011
1592,0.27401695,0.020516537,0.0604998,0.040784556,0.21351714,-0.02026802
1593,0.34224534,0.016814426,0.06173057,0.043390192,0.28051478,-0.026575767
1594,0.2807247,0.027517825,0.05832522,0.04059971,0.22239949,-0.013081886
1595,0.29452175,0.049232773,0.055122536,0.046152998,0.23939921,0.0030797757
1596,0.34025374,0.02778539,0.062475912,0.045033414,0.27777782,-0.017248023
1597,0.34576148,0.054712072,0.03563353,0.025579164,0.31012794,0.029132908
1598,0.34159657,0.060264595,0.09262905,0.071797706,0.24896753,-0.011533111
1599,0.32244077,0.028859599,0.062009443,0.042597055,0.26043132,-0.013737457
1600,0.27500397,0.018233586,0.03502482,0.01966675,0.23997915,-0.0014331639
1601,0.2497488,0.04148457,0.06076597,0.049460325,0.18898283,-0.007975757
1602,0.3122185,0.058525365,0.08308569,0.061903037,0.2291328,-0.0033776723
1603,0.2879,0.03570305,0.061383594,0.037119824,0.22651641,-0.0014167726
1604,0.25206926,0.011279613,0.04151786,0.02732116,0.21055141,-0.016041547
1605,0.48267788,0.07171075,0.06655399,0.04490676,0.4161239,0.026803989
1606,0.32142794,0.04781294,0.05080595,0.034299586,0.270622,0.013513353
1607,0.26020366,0.022417847,0.04339217,0.036888093,0.2168115,-0.014470246
1608,0.24181308,0.032785237,0.08514579,0.05090066,0.15666729,-0.018115424
1609,0.24473193,0.034501433,0.042752855,0.030150693,0.20197907,0.0043507405
1610,0.467283,0.04532545,0.07257368,0.055077225,0.39470935,-0.009751774
1611,0.36536208,0.07019573,0.0727071,0.06107657,0.292655,0.009119157
1612,0.30332318,0.042379428,0.06667133,0.04771932,0.23665185,-0.0053398907
1613,0.25628862,0.041261215,0.060742997,0.040382467,0.19554561,0.00087874755
1614,0.2953583,0.023302019,0.040464558,0.028588017,0.25489375,-0.005285999
1615,0.19382845,0.021556247,0.037686355,0.022430677,0.15614209,-0.00087442994
1616,0.38277277,0.040693242,0.058476042,0.040755253,0.32429674,-6.201118e-05
1617,0.37457803,0.08647793,0.08931245,0.069982626,0.28526556,0.016495302
1618,0.387399,0.06196359,0.09727815,0.07833774,0.29012084,-0.016374145
1619,0.2471576,0.031264283,0.05251227,0.037816692,0.19464533,-0.0065524094
1620,0.35563242,0.030001732,0.061402768,0.044172604,0.29422966,-0.014170872
1621,0.309612,0.023208939,0.05954478,0.039396066,0.25006723,-0.016187128
1622,0.30651307,0.03412797,0.060067702,0.036445778,0.24644537,-0.0023178086
1623,0.2712903,0.020941487,0.05254525,0.033811476,0.21874505,-0.0128699895
1624,0.26589206,0.057486795,0.055827655,0.039128296,0.21006441,0.018358499
1625,0.18740295,0.040113177,0.04335243,0.030717408,0.14405052,0.009395769
1626,0.19945776,0.047515783,0.053414635,0.038328126,0.14604312,0.009187657
1627,0.36764008,0.04590659,0.040186957,0.033663828,0.32745314,0.0122427605
1628,0.263021,0.030905215,0.051086407,0.040747672,0.21193458,-0.009842457
1629,0.4042854,0.02756646,0.06542506,0.036174595,0.33886033,-0.008608134
1630,0.1486298,0.027498445,0.03655251,0.031562436,0.11207729,-0.004063992
1631,0.3689833,0.027798314,0.050887533,0.033388104,0.31809577,-0.0055897906
1632,0.23345843,0.022070408,0.040156092,0.035595678,0.19330233,-0.01352527
1633,0.3159729,0.05022825,0.06679144,0.051655956,0.24918145,-0.0014277063
1634,0.20504943,0.04294483,0.04917221,0.02737813,0.15587722,0.015566699
1635,0.25487787,0.025289156,0.051497567,0.03781448,0.2033803,-0.012525324
1636,0.29138854,0.06740624,0.06009025,0.041418247,0.2312983,0.02598799
1637,0.18092811,0.018534936,0.054277807,0.031891085,0.1266503,-0.013356149
1638,0.3490555,0.053552374,0.055926103,0.04093137,0.29312938,0.012621004
1639,0.3651253,0.04118489,0.05361905,0.03787304,0.31150624,0.0033118501
1640,0.26664475,0.029781347,0.0455585,0.028386032,0.22108625,0.0013953149
1641,0.37530443,0.06796036,0.062184118,0.0459088,0.3131203,0.022051558
1642,0.3147336,0.039374404,0.06189395,0.046642624,0.25283965,-0.00726822
1643,0.16822852,0.02263799,0.028249765,0.016354935,0.13997875,0.006283054
1644,0.2605152,0.03117882,0.06782227,0.04029609,0.19269294,-0.009117268
1645,0.32988816,0.044273958,0.057869542,0.042623006,0.2720186,0.0016509518
1646,0.25308576,0.022907665,0.031532325,0.025064427,0.22155344,-0.0021567624
1647,0.3015347,0.02550475,0.045329932,0.036265396,0.25620478,-0.010760646
1648,0.24407811,0.027466945,0.035851784,0.021457553,0.20822632,0.0060093924
1649,0.23804845,0.01767717,0.042994052,0.03177828,0.1950544,-0.01410111
1650,0.29124632,0.025436811,0.06046124,0.039127696,0.23078509,-0.013690885
1651,0.36539525,0.039711263,0.065210015,0.048547335,0.30018523,-0.008836072
1652,0.33290517,0.030119501,0.045044895,0.02795493,0.28786027,0.0021645706
1653,0.20658793,0.040611483,0.04976821,0.03567357,0.15681972,0.0049379133
1654,0.26231077,0.031805873,0.024155412,0.014752668,0.23815536,0.017053206
1655,0.35729176,0.06796279,0.08112286,0.058612864,0.27616888,0.009349924
1656,0.38216808,0.02858794,0.051475435,0.033679266,0.33069265,-0.0050913263
1657,0.35016742,0.06157757,0.08814261,0.06169311,0.26202482,-0.00011553988
1658,0.31154138,0.03138259,0.063205615,0.0395466,0.24833576,-0.008164011
1659,0.19027111,0.020388039,0.03998274,0.029880513,0.15028837,-0.009492474
1660,0.23136055,0.0068307826,0.03807911,0.022672795,0.19328144,-0.015842013
1661,0.3173092,0.040497992,0.04699234,0.03746757,0.27031687,0.003030423
1662,0.44441882,0.051275227,0.0857754,0.065221,0.3586434,-0.0139457695
1663,0.19466515,0.027503895,0.04666665,0.026117008,0.1479985,0.0013868865
1664,0.33381408,0.033967726,0.054389905,0.033551913,0.2794242,0.00041581318
1665,0.24615254,0.010273846,0.013841445,0.013342077,0.23231108,-0.003068231
1666,0.22440597,0.006416323,0.03529357,0.027519682,0.1891124,-0.02110336
1667,0.21612936,0.023850752,0.037106257,0.030205393,0.1790231,-0.006354641
1668,0.29297346,0.011641936,0.038214147,0.028805941,0.2547593,-0.017164005
1669,0.34628248,0.059555147,0.0712137,0.053483732,0.2750688,0.006071415
1670,0.3802975,0.044345837,0.05446731,0.0456459,0.3258302,-0.001300063
1671,0.2450247,0.029673636,0.029848495,0.022299852,0.2151762,0.0073737837
1672,0.25157493,-6.889996e-06,0.02085174,0.009478124,0.23072319,-0.009485014
1673,0.36099502,0.022394892,0.02150541,0.0071135587,0.3394896,0.015281333
1674,0.49845082,0.02489909,0.072446264,0.045306496,0.42600456,-0.020407407
1675,0.3556942,0.07298494,0.07759094,0.05382923,0.27810326,0.019155711
1676,0.35531744,0.07577765,0.092043355,0.0802235,0.26327407,-0.004445851
1677,0.3656901,0.017548298,0.05656608,0.035873674,0.30912402,-0.018325375
1678,0.26561219,0.042762045,0.051266003,0.03963647,0.21434619,0.0031255744
1679,0.16074307,0.032331,0.03675843,0.029089358,0.12398464,0.0032416433
1680,0.26787207,0.013648851,0.030810524,0.024270833,0.23706155,-0.010621982
1681,0.34744567,-0.00021202747,0.013376856,0.006316463,0.3340688,-0.0065284907
1682,0.24743211,0.044293094,0.05518335,0.041309454,0.19224876,0.0029836409
1683,0.13157317,0.008854133,0.019267026,0.012092559,0.11230615,-0.0032384256
1684,0.341527,0.059276234,0.043235853,0.035163816,0.29829115,0.024112418
1685,0.3050591,0.05195474,0.05509776,0.039710082,0.24996135,0.012244657
1686,0.32286978,0.036408126,0.05527582,0.032370787,0.26759395,0.0040373392
1687,0.26895678,0.028685836,0.030869845,0.024454508,0.23808694,0.004231328
1688,0.3601448,0.07270409,0.084467664,0.07035072,0.27567714,0.0023533702
1689,0.29982924,0.03599418,0.052288055,0.038352408,0.24754119,-0.002358228
1690,0.27285606,0.04745453,0.037880354,0.029106807,0.2349757,0.018347722
1691,0.24529317,0.037471283,0.032570384,0.021743944,0.21272278,0.01572734
1692,0.28008997,0.03686568,0.04511261,0.033029355,0.23497736,0.0038363263
1693,0.4213613,0.03542117,0.05564002,0.03067089,0.3657213,0.0047502797
1694,0.28542638,0.06316712,0.06350044,0.049005263,0.22192594,0.014161855
1695,0.19418816,0.03132214,0.038482904,0.032480933,0.15570526,-0.0011587925
1696,0.23087919,0.04076995,0.060373086,0.044685103,0.1705061,-0.0039151534
1697,0.22934002,0.019353433,0.038504522,0.025253896,0.19083549,-0.005900463
1698,0.26445544,0.06343065,0.067696825,0.05152019,0.19675861,0.011910461
1699,0.29084277,0.03288718,0.05243532,0.034871228,0.23840745,-0.0019840486
1700,0.3239436,0.035590995,0.056292664,0.0425979,0.26765093,-0.007006906
1701,0.3842565,0.05749402,0.07437928,0.056055762,0.30987722,0.0014382564
1702,0.23760584,0.05064929,0.042913716,0.03239856,0.19469212,0.01825073
1703,0.13859944,0.027905885,0.053826176,0.0388773,0.084773265,-0.010971416
1704,0.3453413,0.025302323,0.045266315,0.034848243,0.300075,-0.00954592
1705,0.2287255,0.009902659,0.03370021,0.027353045,0.19502528,-0.017450385
1706,0.2938466,0.02952738,0.05830909,0.041180335,0.23553751,-0.011652956
1707,0.30612606,0.014042985,0.051814478,0.033336207,0.2543116,-0.019293223
1708,0.23443756,0.04681896,0.06185978,0.041172143,0.17257777,0.0056468174
1709,0.3007768,0.018838696,0.039441347,0.02430383,0.26133546,-0.005465133
1710,0.32034013,0.049591575,0.06769916,0.046816546,0.25264096,0.0027750283
1711,0.35096347,0.028495954,0.05565067,0.037160642,0.2953128,-0.008664688
1712,0.2507195,0.036043864,0.0428159,0.029221183,0.2079036,0.006822681
1713,0.2688858,0.040185973,0.051550735,0.039706606,0.21733506,0.00047936663
1714,0.23171265,0.032015186,0.04126989,0.02592516,0.19044277,0.0060900263
1715,0.32780093,0.026601043,0.07459868,0.05339403,0.25320226,-0.026792988
1716,0.3948943,0.034195393,0.04570758,0.031340532,0.34918672,0.0028548613
1717,0.29782677,0.036295153,0.047657147,0.034391165,0.25016963,0.0019039884
1718,0.2950879,0.03277812,0.07166978,0.047147006,0.22341812,-0.014368884
1719,0.26095986,0.021510035,0.05246197,0.04118196,0.2084979,-0.019671924
1720,0.32775074,0.024886696,0.05674564,0.037023462,0.2710051,-0.012136767
1721,0.3939902,0.0379471,0.06286557,0.044819795,0.3311246,-0.006872695
1722,0.25921008,0.02160371,0.03216908,0.0221704,0.227041,-0.00056669116
1723,0.34487778,0.02673526,0.04838544,0.03740094,0.29649234,-0.010665679
1724,0.38876364,0.038409784,0.06683252,0.044588022,0.32193112,-0.0061782375
1725,0.20677684,0.03514625,0.0459361,0.029642245,0.16084075,0.0055040065
1726,0.2930289,0.002610734,0.008073586,0.010948221,0.2849553,-0.0083374875
1727,0.27161545,0.086031556,0.052483838,0.040295295,0.2191316,0.04573626
1728,0.2569993,0.02483279,0.03347554,0.022000477,0.22352377,0.002832314
1729,0.26070985,0.03789418,0.05046478,0.035378292,0.21024507,0.002515886
1730,0.27774027,0.04223021,0.06783967,0.050805975,0.2099006,-0.008575764
1731,0.2552678,0.025279414,0.043007065,0.033166785,0.21226074,-0.007887371
1732,0.19227119,0.019935999,0.033415854,0.025567695,0.15885533,-0.0056316964
1733,0.32863325,0.026900902,0.027472567,0.021811636,0.3011607,0.005089266
1734,0.19393943,0.028663244,0.048541944,0.030393863,0.14539748,-0.001730619
1735,0.3149575,0.03679827,0.05993668,0.046693362,0.25502083,-0.009895094
1736,0.37221032,0.028981593,0.05984944,0.03824082,0.31236088,-0.009259228
1737,0.302429,0.06421748,0.05987572,0.046467334,0.24255326,0.017750144
1738,0.2994448,0.038051978,0.05618329,0.031371795,0.2432615,0.006680183
1739,0.25333783,0.045264076,0.06716712,0.039330058,0.18617071,0.0059340186
1740,0.2527119,0.0068811127,0.043997236,0.024005312,0.20871466,-0.0171242
1741,0.31274265,0.059712548,0.084747575,0.057839997,0.22799507,0.0018725507
1742,0.35155785,0.04498643,0.068353996,0.043001853,0.28320384,0.0019845776
1743,0.2803242,0.032257672,0.056492873,0.039133508,0.22383133,-0.0068758354
1744,0.20143755,0.030670542,0.039810047,0.031143378,0.1616275,-0.0004728362
1745,0.32431072,0.06911345,0.068680964,0.04903261,0.25562975,0.020080838
1746,0.08095569,0.001617166,0.008727733,0.00657495,0.072227955,-0.004957784
1747,0.24495046,0.046606127,0.046817284,0.024270559,0.19813317,0.022335568
1748,0.23751643,0.04070996,0.042891562,0.03595827,0.19462487,0.0047516897
1749,0.26740754,0.050315145,0.045414705,0.04101646,0.22199284,0.009298686
1750,0.2977025,0.024514236,0.043521535,0.028873807,0.25418097,-0.0043595713
1751,0.26165876,0.05784943,0.042702943,0.031883422,0.21895581,0.025966007
1752,0.15352662,0.00391549,0.0071259155,0.007863152,0.1464007,-0.0039476617
1753,0.3035329,0.044640146,0.047474228,0.03822677,0.25605866,0.006413378
1754,0.2743574,0.0268558,0.040780477,0.029076789,0.23357692,-0.0022209883
1755,0.3184462,0.059301462,0.06805322,0.05556068,0.25039297,0.0037407838
1756,0.2683017,0.024378378,0.027691906,0.023936024,0.2406098,0.000442354
1757,0.28233442,0.0065579126,0.041248158,0.027257834,0.24108626,-0.020699922
1758,0.32095566,0.05799639,0.059614282,0.045755822,0.2613414,0.012240566
1759,0.1759711,0.02446528,0.039266832,0.025261879,0.13670427,-0.0007965993
1760,0.26354817,0.016069595,0.03293912,0.020468857,0.23060904,-0.0043992624
1761,0.29760545,0.046751,0.04832177,0.03897696,0.24928369,0.00777404
1762,0.3033578,0.014015606,0.038383417,0.026075322,0.2649744,-0.0120597165
1763,0.31357914,0.046567656,0.05306221,0.039973915,0.26051694,0.0065937415
1764,0.2171296,0.022619385,0.039688896,0.02786014,0.1774407,-0.005240755
1765,0.2812284,0.017724162,0.041742884,0.032753892,0.2394855,-0.01502973
1766,0.27033293,0.019087229,0.039256275,0.025813878,0.23107666,-0.0067266487
1767,0.3053029,0.026126547,0.04273793,0.025613893,0.26256496,0.00051265396
1768,0.30055293,0.044951085,0.049310807,0.03639411,0.25124213,0.008556973
1769,0.2898661,0.061889555,0.073543094,0.05203361,0.21632299,0.009855945
1770,0.35514238,0.021618914,0.057307858,0.039345477,0.29783452,-0.017726563
1771,0.25925088,0.06086665,0.044673447,0.021815883,0.21457744,0.039050765
1772,0.29173028,0.055103175,0.055095185,0.034871515,0.2366351,0.02023166
1773,0.18635021,0.023488333,0.026407916,0.019179353,0.1599423,0.00430898
1774,0.28299412,0.046522275,0.040547855,0.024872478,0.24244627,0.021649797
1775,0.22900693,0.040872812,0.04943399,0.035619475,0.17957294,0.0052533373
1776,0.20165764,0.0115368115,0.016010566,0.012144206,0.18564707,-0.0006073946
1777,0.24422966,0.052694023,0.049311332,0.03369616,0.19491833,0.018997863
1778,0.23469123,0.04261213,0.049097836,0.033547107,0.1855934,0.009065025
1779,0.30273545,0.029936755,0.06348834,0.04757274,0.23924711,-0.017635984
1780,0.27231923,0.004077515,0.031309184,0.021664128,0.24101004,-0.017586613
1781,0.2682311,0.056956533,0.084791526,0.064133845,0.18343957,-0.007177312
1782,0.36094236,0.052874826,0.04084904,0.033307146,0.32009333,0.01956768
1783,0.38069165,0.0240108,0.0563259,0.045482207,0.32436574,-0.021471407
1784,0.3390838,0.022174057,0.029764429,0.020064047,0.30931938,0.00211001
1785,0.1721263,0.027250744,0.035520002,0.024092179,0.13660629,0.0031585656
1786,0.2972982,0.059032958,0.078505024,0.06443824,0.21879317,-0.0054052807
1787,0.20066512,0.034370724,0.047564108,0.036729664,0.15310101,-0.0023589395
1788,0.17669962,0.045697745,0.039139263,0.025532315,0.13756037,0.02016543
1789,0.30964965,0.035606146,0.04071053,0.026693469,0.2689391,0.008912677
1790,0.35778573,0.051152673,0.059244204,0.03981641,0.29854152,0.011336263
1791,0.28997356,0.046515975,0.05939425,0.043167673,0.2305793,0.003348302
1792,0.20444906,0.029346133,0.03313559,0.029609978,0.17131346,-0.00026384555
1793,0.2787306,0.02010206,0.036625143,0.02985163,0.24210545,-0.009749571
1794,0.10359691,0.033329632,0.035375126,0.030748213,0.068221785,0.0025814194
1795,0.26697266,0.052510936,0.068544425,0.046815187,0.19842824,0.005695749
1796,0.3539478,0.044678375,0.07375268,0.046686787,0.28019512,-0.002008412
1797,0.22047785,0.01677657,0.037243173,0.023900006,0.18323468,-0.007123437
1798,0.3203501,0.035453394,0.053040184,0.040155176,0.26730993,-0.004701782
1799,0.37884614,0.033355653,0.04297694,0.034776926,0.3358692,-0.0014212728
1800,0.316717,0.023604048,0.050308406,0.036082983,0.2664086,-0.012478935
1801,0.25751844,0.01345426,0.042953566,0.028778324,0.21456487,-0.015324064
1802,0.17020112,0.029150184,0.03755186,0.02339116,0.13264926,0.005759025
1803,0.35315004,0.06310445,0.05744601,0.04304254,0.29570404,0.02006191
1804,0.28017262,0.06370361,0.06047541,0.051427882,0.2196972,0.012275729
1805,0.30282614,0.039533265,0.05068305,0.03417126,0.25214309,0.005362004
1806,0.34247172,0.05703414,0.061498277,0.046405695,0.28097343,0.010628443
1807,0.23280728,0.040168725,0.046022344,0.03185652,0.18678494,0.008312207
1808,0.23499507,0.031803086,0.037056476,0.031361304,0.19793859,0.00044178218
1809,0.2444666,0.04751113,0.058168214,0.039993174,0.18629839,0.007517956
1810,0.2899866,-0.0042375913,0.039888278,0.026663136,0.25009835,-0.030900728
1811,0.29728633,0.03866436,0.048209928,0.035488807,0.2490764,0.003175553
1812,0.28308308,0.07772381,0.0663532,0.048430048,0.21672988,0.02929376
1813,0.20805192,0.01391907,0.028379768,0.01864523,0.17967215,-0.0047261603
1814,0.20204253,0.05939141,0.07443293,0.054667525,0.12760961,0.004723884
1815,0.28421873,0.05985567,0.04380442,0.034879107,0.2404143,0.024976563
1816,0.28489923,0.053989515,0.042809118,0.025479788,0.24209012,0.028509727
1817,0.15485358,0.020281063,0.015565649,0.008782952,0.13928793,0.011498111
1818,0.21789704,0.030050911,0.04020663,0.02993668,0.17769042,0.00011423044
1819,0.26409686,0.02366343,0.054266684,0.041403312,0.20983016,-0.017739883
1820,0.21499595,0.04397746,0.043947525,0.02875545,0.17104843,0.015222011
1821,0.15126632,0.038857054,0.038234025,0.031337388,0.1130323,0.007519666
1822,0.25014317,0.037590582,0.043161646,0.034676965,0.20698152,0.0029136166
1823,0.41172677,0.016145155,0.055619024,0.04030799,0.35610774,-0.024162836
1824,0.22861308,0.033592496,0.041302428,0.027636107,0.18731065,0.005956389
1825,0.2241962,0.037330944,0.040135168,0.031031158,0.18406102,0.0062997863
1826,0.26666114,0.0029318943,0.029236022,0.020157123,0.23742512,-0.017225228
1827,0.3894144,0.051982857,0.051215023,0.034540467,0.33819938,0.01744239
1828,0.35079432,0.035555836,0.053682737,0.043430712,0.29711157,-0.007874876
1829,0.23041783,0.0199689,0.0272065,0.01894873,0.20321134,0.0010201707
1830,0.33176067,0.05078776,0.056509566,0.035184138,0.27525112,0.015603624
1831,0.4176568,0.033164557,0.068051465,0.04754564,0.34960535,-0.014381085
1832,0.3231791,0.058222305,0.07887082,0.06430042,0.24430828,-0.006078113
1833,0.22724856,0.017237399,0.03823913,0.027194932,0.18900943,-0.009957533
1834,0.20734365,0.046740856,0.037778612,0.02797864,0.16956504,0.018762216
1835,0.36004588,0.046189893,0.09264226,0.06064884,0.2674036,-0.014458947
1836,0.22741733,0.03580836,0.051341284,0.033237472,0.17607605,0.0025708862
1837,0.38514537,0.06694102,0.07457288,0.052279703,0.31057248,0.01466132
1838,0.05747788,0.0053561702,0.01261594,0.0062865303,0.044861943,-0.00093036005
1839,0.34842753,0.02038954,0.048249118,0.030532274,0.3001784,-0.010142734
1840,0.27986363,0.051435232,0.04546492,0.037071124,0.23439871,0.014364108
1841,0.11438327,0.008839665,0.015091091,0.011904629,0.09929218,-0.003064964
1842,0.28804514,0.067625284,0.051730223,0.038396943,0.23631492,0.02922834
1843,0.28591368,0.04361118,0.053343754,0.040154666,0.23256992,0.0034565143
1844,0.32357723,0.069449805,0.082452394,0.05980478,0.24112484,0.009645026
1845,0.24461058,0.04701816,0.04731945,0.03841178,0.19729114,0.008606378
1846,0.36026156,0.05272583,0.07543343,0.059243996,0.28482813,-0.0065181665
1847,0.38528857,0.058718875,0.08748268,0.052694254,0.29780588,0.0060246214
1848,0.17899348,0.013128535,0.036289953,0.018175535,0.14270353,-0.005047
1849,0.3383225,0.06186644,0.06401573,0.051131845,0.27430677,0.010734595
1850,0.38857478,0.013571498,0.048221406,0.034554534,0.34035337,-0.020983037
1851,0.31580442,0.063356504,0.061111134,0.040586095,0.2546933,0.022770409
1852,0.259701,0.024050828,0.037585773,0.02851742,0.22211525,-0.0044665914
1853,0.41684467,0.04822353,0.083932996,0.0628939,0.33291167,-0.014670368
1854,0.37441888,0.028932327,0.054040145,0.042643707,0.32037875,-0.01371138
1855,0.49551475,0.036563866,0.07065044,0.04622352,0.4248643,-0.009659655
1856,0.3077697,0.012694931,0.04224382,0.025296073,0.26552588,-0.012601143
1857,0.33279213,0.058457438,0.046093203,0.028010145,0.28669894,0.030447293
1858,0.33655825,0.031439785,0.05626502,0.033499658,0.28029323,-0.0020598732
1859,0.3472093,0.03366373,0.05377536,0.03885612,0.29343393,-0.005192388
1860,0.50787014,0.101407215,0.08762609,0.065472655,0.42024404,0.03593456
1861,0.39670002,0.027130682,0.045849413,0.02566295,0.3508506,0.0014677327
1862,0.26950234,0.03572573,0.04121673,0.032737203,0.22828561,0.0029885285
1863,0.2926362,0.0248237,0.045452937,0.029163022,0.24718325,-0.0043393224
1864,0.25366935,0.035884183,0.062565506,0.04137204,0.19110385,-0.0054878555
1865,0.2576451,0.039333455,0.04172951,0.032157045,0.21591559,0.0071764104
1866,0.2758215,0.034707375,0.046785437,0.04004485,0.22903606,-0.0053374767
1867,0.18121514,0.030994223,0.021140184,0.014804602,0.16007495,0.016189622
1868,0.35081849,0.03144921,0.053909082,0.03528329,0.2969094,-0.00383408
1869,0.14736013,0.010169626,0.01769568,0.013202074,0.12966445,-0.0030324478
1870,0.35533938,0.05390409,0.052330494,0.04265604,0.30300888,0.011248048
1871,0.3971323,0.06736849,0.077253245,0.06304364,0.31987906,0.0043248534
1872,0.36367795,0.04161927,0.05826695,0.046114855,0.305411,-0.0044955835
1873,0.13862409,0.030462883,0.037219126,0.0311515,0.101404965,-0.0006886162
1874,0.3123997,0.012028612,0.042797722,0.025822913,0.26960197,-0.013794301
1875,0.26781493,0.034348406,0.026804056,0.016376818,0.24101087,0.017971588
1876,0.17431429,0.027410379,0.045551024,0.029388387,0.12876326,-0.001978008
1877,0.20833422,0.028268462,0.028936308,0.018802648,0.17939791,0.009465814
1878,0.2977201,0.02551908,0.053993493,0.034517217,0.24372661,-0.008998137
1879,0.22745003,0.04153557,0.03151626,0.024281591,0.19593376,0.01725398
1880,0.2826262,0.02455324,0.048801154,0.03570776,0.23382506,-0.011154521
1881,0.30315906,0.051178206,0.06266673,0.0446856,0.24049233,0.0064926073
1882,0.15935639,-0.0050248373,0.003680685,0.001365482,0.1556757,-0.006390319
1883,0.30624315,0.031611253,0.051196057,0.030414749,0.25504708,0.0011965036
1884,0.19261736,0.042620815,0.042180777,0.023760203,0.15043658,0.018860612
1885,0.32981294,0.021234853,0.02400521,0.01745076,0.30580774,0.003784094
1886,0.44439244,0.020076875,0.035146836,0.018804595,0.4092456,0.0012722798
1887,0.2559542,0.050452728,0.052557547,0.0338969,0.20339666,0.016555827
1888,0.20834334,0.03528028,0.043308027,0.024634395,0.1650353,0.010645885
1889,0.20052606,0.028497767,0.03540495,0.032900397,0.16512111,-0.00440263
1890,0.1844648,0.0059573567,0.021233927,0.012469104,0.16323087,-0.006511747
1891,0.2921187,0.020484192,0.044339348,0.023511445,0.24777935,-0.0030272529
1892,0.30311,0.0569392,0.052003194,0.03589297,0.2511068,0.021046229
1893,0.36025518,0.06394244,0.079107404,0.06316966,0.28114778,0.00077278167
1894,0.24439336,0.019410897,0.03151168,0.01747755,0.21288168,0.0019333474
1895,0.34545267,0.0635768,0.051962413,0.04934304,0.29349026,0.014233764
1896,0.2950379,0.077561885,0.08371767,0.06430726,0.21132022,0.013254628
1897,0.32439417,0.032026157,0.052692465,0.03913292,0.2717017,-0.0071067624
1898,0.18213607,0.018574419,0.051786076,0.028611606,0.13035,-0.0100371875
1899,0.26787186,0.039786413,0.05031516,0.034109093,0.2175567,0.00567732
1900,0.21540377,0.03413293,0.05192079,0.040978193,0.16348298,-0.006845262
1901,0.29571652,0.030391317,0.047125507,0.027221512,0.24859102,0.0031698048
1902,0.28826198,0.050113566,0.053532552,0.03148486,0.23472942,0.018628705
1903,0.26262793,0.03709297,0.042025276,0.027232533,0.22060266,0.0098604355
1904,0.22810674,0.010613607,0.04211139,0.023802463,0.18599534,-0.013188856
1905,0.24911289,0.008683844,0.03543452,0.022879323,0.21367836,-0.014195479
1906,0.3435885,0.01841615,0.03577573,0.022877757,0.30781278,-0.004461607
1907,0.21632062,0.044172578,0.03769238,0.027908748,0.17862824,0.01626383
1908,0.36729968,0.018948706,0.04207582,0.031735722,0.32522386,-0.012787016
1909,0.20731074,0.0022257415,0.02592797,0.019812081,0.18138276,-0.01758634
1910,0.2116457,0.044703487,0.05188688,0.040072463,0.1597588,0.004631024
1911,0.29786518,0.093901515,0.059948355,0.040264152,0.23791683,0.053637363
1912,0.3001679,0.043396443,0.034579642,0.02702781,0.26558825,0.016368633
1913,0.40635803,0.0471416,0.0780968,0.051265508,0.32826123,-0.0041239075
1914,0.23251228,0.019461872,0.039262936,0.031047527,0.19324934,-0.011585655
1915,0.23861475,0.031322505,0.04143598,0.030858625,0.19717878,0.0004638806
1916,0.350917,0.02393256,0.044002563,0.031445306,0.30691445,-0.0075127464
1917,0.29808393,0.038614172,0.045089196,0.034614358,0.25299475,0.0039998144
1918,0.29192665,0.04547445,0.06414896,0.044967547,0.22777769,0.000506904
1919,0.29688564,0.0446318,0.06157731,0.03955675,0.23530833,0.0050750524
1920,0.321968,0.03947493,0.03620959,0.029082566,0.2857584,0.010392364
1921,0.3240366,0.026617035,0.056133874,0.034587853,0.26790273,-0.007970817
1922,0.35010153,0.092214234,0.09000313,0.07162271,0.2600984,0.020591527
1923,0.2976982,0.05865093,0.073082976,0.04724338,0.22461522,0.01140755
1924,0.19268723,0.074429594,0.082746014,0.0646614,0.109941214,0.009768195
1925,0.37165916,0.043523714,0.056480654,0.038339578,0.3151785,0.0051841363
1926,0.30976343,0.037363883,0.06797545,0.045837305,0.24178798,-0.008473422
1927,0.4611316,0.035542484,0.058355946,0.04361514,0.40277565,-0.008072656
1928,0.27620518,0.020365681,0.023575298,0.01784747,0.25262988,0.0025182124
1929,0.22884612,0.02394704,0.0415717,0.030507585,0.18727443,-0.0065605454
1930,0.3131358,0.03292701,0.07203223,0.05194807,0.24110357,-0.01902106
1931,0.28625393,0.04219979,0.050782688,0.03930933,0.23547125,0.0028904602
1932,0.31281117,0.0039721373,0.021535445,0.012135569,0.2912757,-0.008163432
1933,0.036897186,0.008064446,0.007498893,0.0070297895,0.029398292,0.0010346565
1934,0.2769004,0.05747267,0.07411516,0.054551046,0.20278525,0.0029216222
1935,0.21046004,0.024521217,0.040675644,0.02490094,0.1697844,-0.00037972257
1936,0.25797722,0.03143384,0.052536376,0.03117561,0.20544085,0.00025822967
1937,0.29963773,0.07815011,0.071650706,0.05613906,0.22798702,0.02201105
1938,0.32017687,0.046503372,0.06263138,0.045777433,0.25754547,0.00072593987
1939,0.110404566,-0.00017924914,0.015019583,0.010546215,0.095384985,-0.010725464
1940,0.18393368,0.018794578,0.019146727,0.015701266,0.16478695,0.0030933116
1941,0.4720455,0.07136001,0.05823173,0.04501654,0.41381377,0.026343469
1942,0.21843942,0.025725322,0.049461287,0.033642966,0.16897812,-0.007917644
1943,0.27562052,0.047425292,0.06369684,0.047118627,0.21192369,0.0003066659
1944,0.18631752,0.039735127,0.05789969,0.03598265,0.12841782,0.0037524775
1945,0.2696752,0.009384848,0.034495406,0.025078166,0.23517978,-0.015693318
1946,0.33412462,0.01995629,0.0392099,0.031782698,0.29491472,-0.011826407
1947,0.3148373,0.0229814,0.07537907,0.0522955,0.23945823,-0.029314099
1948,0.2753295,0.05799125,0.06678999,0.052699514,0.20853952,0.0052917376
1949,0.32211843,0.026850222,0.055481106,0.030430246,0.26663733,-0.0035800245
1950,0.18697555,0.03581358,0.04695678,0.039588567,0.14001878,-0.0037749857
1951,0.35817853,0.028084707,0.059634022,0.041254353,0.2985445,-0.013169646
1952,0.22705816,0.047696795,0.05425203,0.04422443,0.17280613,0.0034723654
1953,0.25453588,0.050143935,0.071741134,0.053656317,0.18279475,-0.0035123825
1954,0.19140783,0.03313481,0.058779538,0.03664689,0.13262829,-0.0035120808
1955,0.084415,-0.00014908535,0.014014495,0.009684755,0.070400506,-0.00983384
1956,0.38909316,0.027185097,0.044772726,0.028312515,0.34432045,-0.0011274181
1957,0.23641352,0.027998874,0.045713734,0.030755002,0.19069979,-0.002756128
1958,0.24060372,0.046937097,0.059675913,0.036741205,0.1809278,0.010195892
1959,0.30774316,0.10228943,0.105095506,0.0810713,0.20264766,0.021218129
1960,0.22177337,0.023674209,0.05851654,0.04065069,0.16325682,-0.016976483
1961,0.22587961,0.021442208,0.029007476,0.020638576,0.19687213,0.00080363266
1962,0.33050925,0.022118477,0.06504235,0.039221253,0.2654669,-0.017102776
1963,0.29875252,0.034060825,0.045990124,0.0416003,0.25276238,-0.007539477
1964,0.26572448,0.045739416,0.051343024,0.037278622,0.21438146,0.008460794
1965,0.28261334,0.027582444,0.04606652,0.036770146,0.23654681,-0.009187702
1966,0.27056655,0.09329989,0.107391074,0.08601041,0.16317548,0.0072894767
1967,0.37403497,0.052400354,0.07392696,0.055780012,0.30010802,-0.0033796579
1968,0.33077592,0.052240297,0.0563144,0.045496963,0.2744615,0.0067433342
1969,0.17874719,0.02622362,0.042229373,0.028069545,0.13651782,-0.0018459242
1970,0.33777133,0.037819646,0.06268954,0.04803323,0.27508178,-0.010213584
1971,0.2595448,0.041603904,0.0485544,0.0315112,0.21099038,0.0100927055
1972,0.4160602,0.018910307,0.011920435,0.011560767,0.4041398,0.0073495405
1973,0.18019192,0.025990944,0.033732124,0.02740035,0.14645979,-0.0014094058
1974,0.3207042,0.054437224,0.054741196,0.04514239,0.265963,0.009294834
1975,0.30394584,0.033738527,0.042010028,0.035891186,0.2619358,-0.002152659
1976,0.44669402,0.05581178,0.08082592,0.051085033,0.3658681,0.004726749
1977,0.09168728,0.004521026,0.012048166,0.010810467,0.07963911,-0.0062894416
1978,0.38710523,0.03353044,0.06695928,0.049492132,0.32014596,-0.015961692
1979,0.276507,0.01921459,0.056789506,0.04305618,0.21971749,-0.02384159
1980,0.32708314,0.04206485,0.07346186,0.053334743,0.25362128,-0.0112698935
1981,0.079052165,0.0067686397,0.016358528,0.0055054827,0.06269364,0.001263157
1982,0.26043457,0.06231434,0.051771123,0.038336203,0.20866345,0.023978136
1983,0.33318967,0.027299197,0.046680722,0.03134925,0.28650895,-0.004050052
1984,0.32431158,0.014930338,0.039549578,0.03129164,0.284762,-0.016361304
1985,0.4234812,0.05676918,0.07626504,0.05463494,0.34721616,0.0021342412
1986,0.350734,0.051865026,0.070176326,0.047715195,0.28055766,0.004149832
1987,0.27070808,0.037127454,0.05235949,0.03595302,0.21834859,0.001174435
1988,0.32231694,0.043662537,0.061596207,0.043742422,0.26072073,-7.9885125e-05
1989,0.21681151,0.041874137,0.047540806,0.027294477,0.1692707,0.014579659
1990,0.18648545,0.020247258,0.038401715,0.02518008,0.14808375,-0.0049328227
1991,0.3745021,0.036401074,0.036985423,0.028504247,0.33751667,0.0078968275
1992,0.3652218,0.04601478,0.07042922,0.042440347,0.2947926,0.003574431
1993,0.23809503,0.03576572,0.051834423,0.038861673,0.18626061,-0.0030959547
1994,0.31218827,0.050771996,0.051249873,0.043874156,0.2609384,0.0068978406
1995,0.3115612,0.022403155,0.048909716,0.035148937,0.26265147,-0.012745783
1996,0.3140213,0.034096092,0.06444602,0.04335695,0.24957527,-0.009260859
1997,0.20705491,0.034225672,0.05022058,0.037744094,0.15683433,-0.0035184212
1998,0.30305472,0.035114914,0.046753112,0.034908663,0.2563016,0.0002062507
1999,0.22755645,0.022186844,0.043980293,0.032106046,0.18357617,-0.009919202
2000,0.3204319,0.057293206,0.043133326,0.035304632,0.27729857,0.021988574
2001,0.36253947,0.0037336017,0.045901187,0.028496142,0.3166383,-0.024762541
2002,0.3623375,0.022326682,0.025704946,0.014091675,0.33663255,0.008235007
2003,0.2879378,0.037576735,0.031884074,0.02750745,0.25605372,0.010069285
2004,0.25882664,0.03039508,0.04598612,0.028828746,0.21284053,0.0015663337
2005,0.12938938,0.03544697,0.034045447,0.020401934,0.09534393,0.0150450375
2006,0.33353263,0.07068942,0.07931946,0.056090187,0.25421315,0.01459923
2007,0.19554526,0.035709992,0.062206216,0.04162691,0.13333905,-0.0059169196
2008,0.15646702,0.0343648,0.04433139,0.031395096,0.112135634,0.0029697046
2009,0.3702318,0.012320205,0.020360213,0.013665982,0.3498716,-0.001345777
2010,0.27967855,0.027416922,0.045820512,0.0256393,0.23385805,0.0017776228
2011,0.18880844,0.02708012,0.036473263,0.028576374,0.15233518,-0.0014962535
2012,0.16010498,0.022756642,0.072287485,0.04255689,0.08781749,-0.019800248
2013,0.20297812,0.014310179,0.033010364,0.025861228,0.16996776,-0.011551049
2014,0.33064678,0.034949925,0.048126627,0.039533217,0.28252015,-0.0045832917
2015,0.2777907,0.021682164,0.047058817,0.031034822,0.23073187,-0.009352658
2016,0.2899198,0.034882937,0.057788394,0.04588095,0.23213139,-0.010998014
2017,0.27396506,0.039644416,0.047914915,0.029732948,0.22605014,0.009911468
2018,0.378567,0.034021262,0.055627603,0.041051872,0.3229394,-0.00703061
2019,0.2236005,0.043892983,0.05882863,0.03861162,0.16477188,0.0052813627
2020,0.12091024,0.045508843,0.043005127,0.03242042,0.07790512,0.013088424
2021,0.2723914,0.019279828,0.028561732,0.021056335,0.24382968,-0.0017765071
2022,0.32281703,0.043121774,0.06854894,0.048557922,0.25426808,-0.0054361485
2023,0.3906259,0.024012558,0.052234877,0.036813267,0.338391,-0.012800708
2024,0.13757257,0.042886797,0.033338875,0.021600569,0.1042337,0.021286229
2025,0.27304512,0.036925208,0.03147815,0.027744547,0.24156697,0.009180661
2026,0.27076626,0.019704185,0.04194483,0.024206962,0.22882143,-0.004502777
2027,0.3233625,0.019870603,0.036793783,0.024647428,0.2865687,-0.0047768243
2028,0.4087306,0.09781805,0.11537995,0.099169835,0.29335064,-0.0013517886
2029,0.34701908,0.020383844,0.060891777,0.039029628,0.2861273,-0.018645784
2030,0.292743,0.041245658,0.063169025,0.044395916,0.22957397,-0.0031502582
2031,0.31379348,0.061191496,0.07110925,0.04881188,0.24268423,0.0123796165
2032,0.2816341,0.04993791,0.060433764,0.04697724,0.22120033,0.0029606707
2033,0.34019804,0.032629877,0.036459267,0.028955441,0.30373877,0.0036744364
2034,0.21800579,0.010784864,0.038721334,0.02460454,0.17928445,-0.013819676
2035,0.25763378,0.03460218,0.047312297,0.030024093,0.21032149,0.0045780875
2036,0.29898745,0.026756028,0.050963916,0.03202974,0.24802354,-0.005273713
2037,0.275356,0.009777865,0.029028848,0.01983634,0.24632715,-0.010058475
2038,0.3249025,0.04113642,0.06454892,0.047600754,0.2603536,-0.0064643323
2039,0.23560598,0.04678975,0.056746952,0.038351037,0.17885903,0.008438714
2040,0.3341139,0.037417017,0.046593234,0.02783664,0.28752065,0.0095803775
2041,0.25593555,0.01210238,0.021145362,0.017324226,0.23479019,-0.0052218456
2042,0.25805262,0.032178152,0.0400955,0.03100892,0.21795711,0.0011692327
2043,0.16692522,0.04144536,0.041523207,0.036841545,0.12540202,0.0046038143
2044,0.3526169,0.024964677,0.07194187,0.046649028,0.28067505,-0.02168435
2045,0.20214608,0.03676072,0.0432007,0.018944772,0.15894538,0.01781595
2046,0.32766086,0.039548494,0.048094396,0.030973574,0.27956647,0.00857492
2047,0.2954836,0.0036317604,0.039077386,0.02916551,0.2564062,-0.02553375
2048,0.35355332,0.043854572,0.06343475,0.04811904,0.29011858,-0.0042644665
2049,0.23155673,0.053830862,0.05928872,0.046765503,0.172268,0.0070653595
2050,0.35822967,0.051853314,0.04535912,0.03116554,0.31287056,0.020687774
2051,0.26669747,0.047209788,0.07234956,0.05555185,0.1943479,-0.008342061
2052,0.3016845,0.016806621,0.035763465,0.018869843,0.26592103,-0.0020632222
2053,0.29925576,0.027151098,0.033702977,0.024012625,0.2655528,0.0031384733
2054,0.21196575,0.054799944,0.051682334,0.042814355,0.16028342,0.011985589
2055,0.4413094,0.061261915,0.08032093,0.05850727,0.36098847,0.0027546436
2056,0.18473902,0.03562089,0.027357947,0.01959022,0.15738107,0.016030671
2057,0.41263464,0.041091003,0.0754698,0.043882556,0.33716485,-0.0027915537
2058,0.33296552,0.029184716,0.050958596,0.02599161,0.28200692,0.0031931065
2059,0.23703931,0.024555564,0.03917375,0.028607035,0.19786556,-0.004051471
2060,0.3826514,0.077713914,0.07059415,0.054025322,0.31205726,0.023688592
2061,0.2853712,0.023820672,0.059007704,0.038750537,0.22636351,-0.014929865
2062,0.20285232,0.023173278,0.047887504,0.029257303,0.15496482,-0.006084025
2063,0.08527499,0.0077027613,0.005252827,0.0056327367,0.080022156,0.0020700246
2064,0.26993912,0.030914696,0.035458777,0.024180038,0.23448035,0.006734658
2065,0.30799824,0.02885944,0.046453394,0.03567474,0.26154485,-0.0068152994
2066,0.19421086,0.018825881,0.0289484,0.023447907,0.16526246,-0.0046220254
2067,0.28112805,0.03325059,0.05137811,0.029920708,0.22974995,0.0033298805
2068,0.32275364,0.005684061,0.033318978,0.021293482,0.28943467,-0.015609421
2069,0.31299952,0.031542636,0.06585105,0.04866354,0.24714847,-0.017120905
2070,0.17397073,0.04908724,0.041937195,0.031863283,0.13203353,0.017223958
2071,0.28651074,0.04028735,0.0486839,0.03421491,0.23782684,0.0060724393
2072,0.21323812,0.030755406,0.035017483,0.025899827,0.17822063,0.0048555788
2073,0.28761348,0.025220772,0.04116435,0.030407885,0.24644913,-0.005187113
2074,0.18299939,0.010928109,0.019640934,0.015355465,0.16335845,-0.0044273557
2075,0.31171,0.030296667,0.04514521,0.035257827,0.2665648,-0.004961161
2076,0.3635583,0.051978208,0.07098101,0.05401642,0.29257727,-0.0020382106
2077,0.30081508,0.07595507,0.095388435,0.070911214,0.20542663,0.005043857
2078,0.27751362,0.049496178,0.06514355,0.050063692,0.21237007,-0.00056751445
2079,0.25852117,0.0152396,0.028791627,0.017922396,0.22972955,-0.0026827957
2080,0.24587882,0.0591825,0.05411724,0.041836068,0.19176158,0.01734643
2081,0.26427716,0.017555632,0.04968739,0.032401063,0.21458977,-0.014845431
2082,0.17327593,0.016058788,0.041953944,0.03380648,0.131322,-0.017747693
2083,0.25412488,0.03279816,0.054257143,0.036290653,0.19986774,-0.0034924932
2084,0.34890762,0.043652814,0.054835755,0.037246138,0.29407185,0.006406676
2085,0.24075842,0.040457636,0.030870732,0.024609212,0.20988768,0.015848424
2086,0.37067074,0.070219085,0.072932094,0.05867208,0.29773864,0.011547003
2087,0.3717799,0.036781117,0.027107397,0.02129807,0.3446725,0.015483048
2088,0.37432083,0.03915424,0.061365545,0.047794025,0.3129553,-0.008639786
2089,0.36595806,0.025276242,0.061972715,0.039320935,0.30398536,-0.014044693
2090,0.21180545,0.032910604,0.042437233,0.025465572,0.16936821,0.007445032
2091,0.33020374,0.102842845,0.054413058,0.032792866,0.2757907,0.07004998
2092,0.3303027,0.043109063,0.068503946,0.055556584,0.26179874,-0.012447521
2093,0.17700444,0.034423906,0.0576592,0.03927132,0.11934524,-0.004847415
2094,0.20837596,0.035711914,0.052916385,0.031668913,0.15545958,0.0040430017
2095,0.27777794,0.022000143,0.037819814,0.022480274,0.23995812,-0.00048013031
2096,0.29583973,0.053063273,0.063104615,0.04706841,0.23273511,0.005994864
2097,0.32811424,0.033368815,0.037585516,0.03140176,0.2905287,0.0019670539
2098,0.29670903,0.0270938,0.029594168,0.02259937,0.26711488,0.0044944305
2099,0.26402667,0.0038615833,0.03290503,0.023061255,0.23112164,-0.019199671
2100,0.35925317,0.03166444,0.07195247,0.04948012,0.2873007,-0.017815683
2101,0.2454568,0.018323544,0.04294467,0.0259906,0.20251213,-0.0076670554
2102,0.3136043,0.037699472,0.04461425,0.031600494,0.26899004,0.006098978
2103,0.31640068,0.031069528,0.050829105,0.030196315,0.26557156,0.00087321363
2104,0.26690012,0.017090369,0.031961363,0.021627065,0.23493876,-0.004536696
2105,0.23909223,0.036314424,0.028615216,0.023039492,0.21047701,0.013274932
2106,0.3529443,0.041497946,0.04281396,0.032349907,0.31013036,0.009148039
2107,0.26239365,0.004588512,0.04447701,0.026642447,0.21791664,-0.022053935
2108,0.29370475,0.047231518,0.07981688,0.060289852,0.21388787,-0.013058335
2109,0.4450432,0.058907125,0.068479165,0.058782615,0.37656403,0.00012451038
2110,0.27836022,0.070343755,0.07274616,0.058636397,0.20561406,0.011707358
2111,0.3621,0.00029567507,0.05480194,0.032287188,0.30729806,-0.03199151
2112,0.24641709,0.03937588,0.042272754,0.031468075,0.20414433,0.007907804
2113,0.3960243,0.058411535,0.06512682,0.044373713,0.33089745,0.014037821
2114,0.18594268,0.057259794,0.04283147,0.03386704,0.14311121,0.023392756
2115,0.24083751,0.040407136,0.045701716,0.026957,0.1951358,0.013450136
2116,0.23504874,0.0032493696,0.043692574,0.02806716,0.19135617,-0.02481779
2117,0.31070524,0.079639725,0.07762705,0.05656129,0.2330782,0.023078434
2118,0.19770303,0.027314398,0.057806294,0.037023254,0.13989674,-0.009708855
2119,0.22845909,0.042225845,0.05455147,0.038924746,0.17390762,0.003301099
2120,0.27076906,0.047569253,0.042295083,0.026454294,0.22847398,0.021114958
2121,0.53333014,0.023422966,0.036208358,0.023857202,0.49712178,-0.0004342366
2122,0.18553768,0.00697653,0.013173727,0.01199465,0.17236395,-0.0050181197
2123,0.27688298,0.03613268,0.060616873,0.04353724,0.2162661,-0.007404562
2124,0.27308604,0.076098025,0.065450475,0.047390528,0.20763557,0.028707497
2125,0.34383178,0.069750644,0.038539045,0.024253134,0.30529273,0.04549751
2126,0.1784972,0.013999572,0.015370297,0.012437654,0.1631269,0.0015619183
2127,0.33831215,0.039875694,0.059416275,0.04163608,0.27889588,-0.0017603859
2128,0.17406672,0.025264634,0.029658983,0.020310674,0.14440773,0.00495396
2129,0.24814858,0.044526946,0.060524154,0.031360384,0.18762442,0.013166562
2130,0.17794928,0.023648318,0.033190984,0.027708512,0.1447583,-0.004060194
2131,0.4326317,0.0038918734,0.008388677,0.004643499,0.42424303,-0.0007516255
2132,0.27026802,0.033208195,0.034784466,0.027521685,0.23548356,0.0056865104
2133,0.21496776,0.033075098,0.04169915,0.036112826,0.17326862,-0.0030377284
2134,0.27018082,0.038945023,0.046021014,0.03101926,0.2241598,0.007925764
2135,0.31298277,0.046714492,0.06698363,0.052733876,0.24599913,-0.0060193837
2136,0.24082848,0.041425418,0.044182718,0.032642078,0.19664577,0.00878334
2137,0.23548041,0.027586287,0.029807985,0.024186602,0.20567243,0.003399685
2138,0.4332823,0.068993896,0.08868106,0.06860263,0.3446012,0.00039126724
2139,0.4258531,0.050685544,0.062155694,0.04685438,0.3636974,0.003831163
2140,0.5145489,0.042106368,0.0834599,0.057402633,0.43108898,-0.0152962655
2141,0.3523036,0.063978024,0.073448345,0.054880142,0.27885526,0.009097882
2142,0.3098082,0.040743027,0.047946084,0.032405116,0.2618621,0.008337911
2143,0.31526673,0.03723958,0.05085828,0.04002013,0.26440844,-0.0027805492
2144,0.16997483,0.03258255,0.044470422,0.03046321,0.1255044,0.0021193419
2145,0.2649603,0.027516883,0.03932368,0.030082598,0.2256366,-0.0025657155
2146,0.31423676,0.021641519,0.050597847,0.034939207,0.2636389,-0.013297688
2147,0.22447126,0.006621188,0.02713589,0.018040443,0.19733536,-0.011419255
2148,0.26254383,0.034374673,0.038748734,0.030449694,0.22379509,0.003924979
2149,0.26308993,0.025623415,0.040799987,0.027049225,0.22228993,-0.0014258102
2150,0.3123729,0.051499628,0.07452012,0.045518063,0.23785278,0.0059815645
2151,0.025584754,0.0048952,0.0027115208,-0.0009632219,0.022873232,0.005858422
2152,0.22500196,0.02068922,0.0266751,0.028250158,0.19832686,-0.0075609386
2153,0.28415176,0.02555467,0.046920434,0.030145371,0.23723133,-0.0045907013
2154,0.32057562,0.050054915,0.06017359,0.047106244,0.26040202,0.0029486716
2155,0.27752668,0.059987478,0.07740481,0.062215954,0.20012186,-0.002228476
2156,0.33270657,0.0262408,0.06756568,0.038677916,0.2651409,-0.012437116
2157,0.17653818,0.026357315,0.028998952,0.02288408,0.14753923,0.0034732353
2158,0.40767887,0.06622881,0.08209509,0.061927654,0.3255838,0.004301153
2159,0.23811617,0.048112843,0.06557292,0.056517445,0.17254326,-0.008404601
2160,0.23637609,0.029032579,0.03459747,0.024044987,0.20177862,0.004987592
2161,0.3482681,0.061758667,0.0575025,0.040095262,0.29076558,0.021663405
2162,0.33057535,0.051277485,0.058504064,0.042539716,0.27207127,0.008737769
2163,0.11381874,0.02002892,0.034094665,0.026427627,0.07972407,-0.0063987058
2164,0.3009209,0.049758233,0.058825206,0.03829027,0.2420957,0.011467963
2165,0.20645349,0.028599346,0.054954566,0.044396617,0.15149891,-0.01579727
2166,0.26146564,0.037725434,0.0518923,0.030096227,0.20957334,0.0076292064
2167,0.1676899,0.025686761,0.042086985,0.030843068,0.12560292,-0.0051563065
2168,0.233472,0.047901493,0.04587871,0.027504185,0.1875933,0.020397307
2169,0.3452607,0.055852838,0.06703135,0.05152738,0.27822936,0.004325457
2170,0.24313799,0.020958195,0.0410576,0.02626949,0.20208038,-0.0053112954
2171,0.28355348,0.052771438,0.049644846,0.037669387,0.23390864,0.015102051
2172,0.21652752,0.009477225,0.027672306,0.016765373,0.18885522,-0.0072881477
2173,0.29400656,0.02223675,0.05773555,0.04092603,0.23627101,-0.018689282
2174,0.38348913,0.024970029,0.059174776,0.03916239,0.32431436,-0.014192361
2175,0.3086844,0.024729563,0.048771158,0.036594503,0.25991327,-0.01186494
2176,0.31426868,0.044624556,0.043267168,0.031057483,0.27100152,0.013567073
2177,0.21186723,0.005201914,0.023384977,0.011074422,0.18848225,-0.005872508
2178,0.11840818,0.019239869,0.032560118,0.022031397,0.08584806,-0.0027915277
2179,0.39434323,0.044832747,0.079231136,0.05454073,0.31511208,-0.009707984
2180,0.30765662,0.0419613,0.06600201,0.045081615,0.2416546,-0.0031203143
2181,0.1952547,0.042892568,0.043170996,0.028628614,0.1520837,0.014263954
2182,0.32837367,0.04653799,0.05724331,0.03849776,0.27113035,0.008040231
2183,0.25058734,0.037015297,0.06601468,0.041826077,0.18457267,-0.0048107803
2184,0.24731924,0.01836464,0.04028731,0.025974164,0.20703194,-0.007609524
2185,0.2972757,0.012607143,0.040725805,0.026001412,0.2565499,-0.013394269
2186,0.3248058,0.030397737,0.04614876,0.03816157,0.27865705,-0.007763831
2187,0.26029062,0.021480316,0.0403504,0.030194718,0.21994022,-0.008714402
2188,0.4369084,0.029116409,0.044971194,0.03360485,0.3919372,-0.00448844
2189,0.3854174,0.05251455,0.037668757,0.027523985,0.34774864,0.024990564
2190,0.4282158,0.012012203,0.046868432,0.032329146,0.38134736,-0.020316944
2191,0.21031222,0.019792143,0.031704523,0.024422724,0.1786077,-0.0046305805
2192,0.22972791,0.006447418,0.0497819,0.02654244,0.179946,-0.020095022
2193,0.26400563,0.034433592,0.058337677,0.037075717,0.20566796,-0.002642125
2194,0.2940249,0.04376645,0.061084427,0.040142536,0.2329405,0.003623914
2195,0.40960154,0.050702136,0.04730185,0.033428762,0.36229968,0.017273374
2196,0.3433498,0.022742074,0.036228027,0.026340604,0.30712178,-0.0035985298
2197,0.23719348,0.024270732,0.03472669,0.026401812,0.20246679,-0.0021310803
2198,0.33761105,0.09862231,0.10817013,0.07537691,0.22944093,0.023245394
2199,0.2384429,0.042020045,0.04161165,0.03248352,0.19683126,0.009536523
2200,0.3979477,0.017269831,0.030180503,0.021072734,0.36776718,-0.003802903
2201,0.28576708,0.03894363,0.073889636,0.043758452,0.21187744,-0.004814822
2202,0.2824991,0.033870954,0.03413012,0.023394367,0.24836898,0.010476587
2203,0.25466424,0.04952442,0.066521145,0.04512417,0.1881431,0.0044002496
2204,0.23354629,0.030322148,0.05236275,0.030323619,0.18118353,-1.4714897e-06
2205,0.21596548,0.02725329,0.053788543,0.037109148,0.16217694,-0.009855857
2206,0.08433828,0.005971602,0.022472084,0.015773833,0.061866194,-0.009802231
2207,0.33019736,0.071268104,0.07076655,0.05523323,0.25943083,0.016034875
2208,0.31501907,0.020556604,0.059735496,0.037991118,0.25528356,-0.017434513
2209,0.31604132,0.03422756,0.051016796,0.031912256,0.2650245,0.0023153052
2210,0.28159255,0.04157901,0.05267027,0.041542433,0.22892228,3.6578625e-05
2211,0.25942838,0.021519179,0.035046507,0.024002593,0.22438188,-0.0024834145
2212,0.28145722,0.03149173,0.04461644,0.035709266,0.23684078,-0.0042175353
2213,0.20402423,0.023266371,0.032691877,0.023760173,0.17133234,-0.00049380213
2214,0.37328324,0.040108826,0.061294675,0.04324565,0.31198856,-0.0031368248
2215,0.19159167,0.02875069,0.037333388,0.02787079,0.15425828,0.00087990053
2216,0.2935761,0.033431124,0.0704608,0.042385276,0.2231153,-0.008954152
2217,0.2575578,0.011831342,0.037066344,0.017682653,0.22049147,-0.0058513107
2218,0.37579027,0.028571395,0.054080985,0.042228654,0.32170928,-0.013657259
2219,0.027975788,-0.00049901824,0.0037230651,0.003208233,0.024252724,-0.0037072513
2220,0.11665291,0.015544689,0.010975411,0.013567418,0.1056775,0.0019772714
2221,0.29967183,0.055191923,0.045627177,0.029887527,0.25404465,0.025304396
2222,0.30777287,0.05940656,0.080942646,0.060445078,0.22683023,-0.0010385178
2223,0.28202778,0.022777425,0.057195198,0.037238073,0.22483258,-0.0144606475
2224,0.2650449,0.04610041,0.05763039,0.03972777,0.20741451,0.006372642
2225,0.3593559,0.02452984,0.03625669,0.019941898,0.3230992,0.0045879427
2226,0.27599126,0.02144143,0.041381635,0.025127444,0.23460963,-0.0036860146
2227,0.37220615,0.028344478,0.073165,0.041414898,0.29904115,-0.013070419
2228,0.21264197,0.039195687,0.04521642,0.03267049,0.16742554,0.006525196
2229,0.27671757,0.04570908,0.056244023,0.0408326,0.22047356,0.0048764795
2230,0.26512808,0.048469074,0.05899664,0.04800276,0.20613143,0.0004663132
2231,0.21179731,0.013597171,0.022176502,0.013101009,0.18962081,0.0004961621
2232,0.4002415,0.07279287,0.051720608,0.03873784,0.34852087,0.03405503
2233,0.08513531,0.021931352,0.014641279,0.012861264,0.07049403,0.009070088
2234,0.23167472,0.036930725,0.043022472,0.03282031,0.18865225,0.0041104145
2235,0.3571008,0.054095004,0.05900507,0.04754186,0.29809573,0.0065531433
2236,0.36656135,0.04245395,0.042147856,0.031364884,0.3244135,0.011089064
2237,0.30850393,0.022858908,0.051357485,0.033118483,0.25714645,-0.010259574
2238,0.22289437,-0.00036149574,0.019808406,0.016324822,0.20308596,-0.016686318
2239,0.19559428,0.027976325,0.039542355,0.02587924,0.15605193,0.0020970851
2240,0.3214886,0.0353941,0.067144886,0.042699102,0.2543437,-0.0073050037
2241,0.22311543,0.022252943,0.027740905,0.019814463,0.19537452,0.00243848
2242,0.43767002,0.045619413,0.084081,0.06132994,0.35358903,-0.015710525
2243,0.19527377,0.03651379,0.049411114,0.03134759,0.14586265,0.005166199
2244,0.24543716,0.04153073,0.07378988,0.042407177,0.17164728,-0.00087644905
2245,0.17258838,0.01781487,0.034471422,0.020550055,0.13811696,-0.0027351845
2246,0.30639267,0.0661759,0.06857034,0.045537315,0.23782232,0.020638585
2247,0.31771854,0.038177192,0.027893692,0.017989151,0.28982484,0.020188041
2248,0.21851161,0.009307501,0.044698626,0.028550547,0.17381299,-0.019243047
2249,0.2253368,0.04178171,0.039241172,0.025903855,0.18609563,0.015877854
2250,0.22171555,0.0031486219,0.00561829,0.0054445625,0.21609727,-0.0022959406
2251,0.19100365,0.012368553,0.030269742,0.022857685,0.16073391,-0.010489131
2252,0.2968835,0.01997911,0.044482842,0.0325152,0.25240064,-0.012536092
2253,0.2907383,0.058768194,0.06757419,0.0547544,0.22316413,0.0040137954
2254,0.23274474,0.055275567,0.0498799,0.034260307,0.18286484,0.02101526
2255,0.38284758,0.058048308,0.078913,0.0532973,0.30393457,0.004751008
2256,0.17822713,0.06649752,0.034144085,0.018915165,0.14408304,0.047582354
2257,0.36689404,0.024421163,0.0598975,0.034797013,0.30699652,-0.01037585
2258,0.29205418,0.0017748269,0.035246722,0.025672117,0.25680745,-0.02389729
2259,0.2472349,0.04663086,0.055457033,0.04032001,0.19177786,0.0063108504
2260,0.37272513,0.04888682,0.061954636,0.046353884,0.31077048,0.0025329366
2261,0.21930169,0.031422894,0.040081434,0.032686196,0.17922026,-0.0012633018
2262,0.2589766,0.053642154,0.06348635,0.048714854,0.19549026,0.0049273
2263,0.30185518,0.052505683,0.05311055,0.040086202,0.24874462,0.012419481
2264,0.047151357,0.03198793,0.025071919,0.017829627,0.022079438,0.014158305
2265,0.3234514,0.0446442,0.049991656,0.03522677,0.27345973,0.00941743
2266,0.36256662,0.038151145,0.071583554,0.05142963,0.29098308,-0.013278484
2267,0.3272419,0.032807518,0.050087977,0.03174266,0.2771539,0.0010648593
2268,0.29128024,0.03602047,0.038142882,0.029368559,0.25313735,0.00665191
2269,0.3232495,0.060387485,0.061510094,0.04422596,0.2617394,0.016161524
2270,0.2990214,0.035276365,0.056310296,0.045978077,0.2427111,-0.010701712
2271,0.4628345,0.007724754,0.022248989,0.014533894,0.44058552,-0.00680914
2272,0.4429359,0.06399724,0.061826717,0.043621086,0.3811092,0.020376153
2273,0.3361469,0.045665927,0.055515397,0.040639903,0.28063148,0.005026024
2274,0.37330908,0.05047845,0.06264368,0.044783555,0.3106654,0.005694896
2275,0.29674578,0.029049946,0.031203592,0.021836417,0.26554218,0.007213529
2276,0.24573028,0.05091226,0.0573181,0.042642035,0.18841219,0.008270226
2277,0.2485071,0.055617914,0.049513947,0.03508395,0.19899315,0.020533964
2278,0.21715748,0.032967895,0.045929484,0.029666927,0.17122799,0.0033009686
2279,0.31680107,0.04254172,0.039181717,0.028269893,0.27761936,0.014271827
2280,0.27086407,0.022832528,0.04245499,0.027848726,0.22840908,-0.0050161984
2281,0.22503643,0.019294912,0.043713793,0.030403163,0.18132263,-0.011108251
2282,0.2890325,0.028810535,0.032530557,0.019557754,0.25650194,0.009252781
2283,0.3036882,0.029173868,0.054193355,0.040975623,0.24949485,-0.011801755
2284,0.34494552,0.021514574,0.036169626,0.025622105,0.3087759,-0.004107531
2285,0.43236306,0.047790665,0.08394152,0.05425949,0.34842154,-0.006468825
2286,0.34620827,0.024771217,0.03748041,0.024870891,0.30872786,-9.967387e-05
2287,0.33523256,0.032584768,0.070394024,0.04620813,0.26483852,-0.013623361
2288,0.3081221,0.045822274,0.048647724,0.032728583,0.25947437,0.013093691
2289,0.307689,0.04381083,0.053306915,0.039660104,0.2543821,0.004150726
2290,0.31865436,0.0019163539,0.030553937,0.022516659,0.28810042,-0.020600304
2291,0.1959442,0.033490058,0.03299181,0.024589436,0.1629524,0.008900622
2292,0.30292982,0.07239568,0.092051744,0.07656501,0.21087807,-0.00416933
2293,0.21675865,0.03299188,0.035892915,0.027659932,0.18086573,0.0053319465
2294,0.26206377,0.046774358,0.037265502,0.027878914,0.22479826,0.018895444
2295,0.3013012,0.043482047,0.044147115,0.027462697,0.2571541,0.01601935
2296,0.24862617,0.038915753,0.07111746,0.050880473,0.17750871,-0.01196472
2297,0.24873172,0.036841433,0.04281021,0.020960249,0.2059215,0.015881184
2298,0.37698734,0.07245929,0.08639213,0.06467748,0.2905952,0.007781811
2299,0.3163159,0.029065706,0.042369194,0.031054895,0.2739467,-0.0019891895
2300,0.36802894,0.083851,0.059871573,0.046176374,0.30815735,0.03767463
2301,0.27280003,-0.001681548,0.033188112,0.018312987,0.23961192,-0.019994535
2302,0.32045668,0.047412843,0.06785066,0.04262089,0.25260603,0.0047919527
2303,0.25312707,0.060169965,0.06110884,0.044534862,0.19201823,0.015635103
2304,0.42706674,0.07392474,0.07968188,0.062810674,0.34738487,0.011114068
2305,0.20066145,0.028231893,0.034811094,0.032647517,0.16585036,-0.004415624
2306,0.31129926,0.05644031,0.056893714,0.04327046,0.25440556,0.013169847
2307,0.32359675,0.056214083,0.023871034,0.01987896,0.2997257,0.036335126
2308,0.5511545,0.06079605,0.09191141,0.072311655,0.4592431,-0.011515606
2309,0.22608213,0.05126467,0.07026701,0.051694285,0.15581512,-0.00042961538
2310,0.35277155,0.06754161,0.07109811,0.052541208,0.28167343,0.015000399
2311,0.37828538,0.07717685,0.068616234,0.04865399,0.30966914,0.028522857
2312,0.2896329,0.0449243,0.076963626,0.051284485,0.21266925,-0.0063601844
2313,0.22517489,0.0656248,0.072161876,0.057757735,0.15301302,0.007867068
2314,0.27984372,0.043276526,0.047240645,0.029941702,0.23260307,0.013334824
2315,0.089100726,0.0025925522,0.004004932,0.0049540387,0.08509579,-0.0023614864
2316,0.14687617,0.009850367,0.031237185,0.015489829,0.115638986,-0.005639462
2317,0.104926094,0.012922878,0.02337838,0.0118343,0.081547715,0.0010885783
2318,0.23920122,0.055188123,0.09091858,0.065342896,0.14828265,-0.010154773
2319,0.25421882,0.038750056,0.041350592,0.027089888,0.21286823,0.011660168
2320,0.305057,0.040047225,0.05367442,0.03960503,0.25138256,0.00044219568
2321,0.22190033,0.052877612,0.0524135,0.04457054,0.16948682,0.008307073
2322,0.32347688,0.020527573,0.039709397,0.029961992,0.2837675,-0.009434419
2323,0.23469621,0.023026228,0.044521313,0.023637129,0.19017489,-0.00061090104
2324,0.3416288,0.016504195,0.040765036,0.027807739,0.30086374,-0.011303544
2325,0.34006095,0.014814894,0.03111803,0.019904774,0.3089429,-0.00508988
2326,0.19469857,0.026566863,0.03188294,0.018564807,0.16281563,0.008002056
2327,0.24478345,0.049749643,0.070062265,0.04683606,0.17472118,0.002913583
2328,0.48568714,0.07740335,0.08969708,0.06742472,0.39599007,0.00997863
2329,0.30906257,0.056888435,0.04315459,0.036421366,0.26590797,0.020467069
2330,0.43490502,0.037278187,0.08597109,0.054341383,0.34893394,-0.017063197
2331,0.29703104,0.067893304,0.055816233,0.04451933,0.24121481,0.023373973
2332,0.22584128,0.011558318,0.039670356,0.025446003,0.18617094,-0.013887686
2333,0.29451934,0.03180448,0.0524723,0.038346104,0.24204704,-0.0065416247
2334,0.25338253,0.03726127,0.036694556,0.024047222,0.21668798,0.013214048
2335,0.30798307,0.04851162,0.06280636,0.046981607,0.2451767,0.001530014
2336,0.28041795,0.06368306,0.066917144,0.055705905,0.2135008,0.007977158
2337,0.39634386,0.096116915,0.092959374,0.06272138,0.30338448,0.033395536
2338,0.29881817,0.041278765,0.08198123,0.047917277,0.21683694,-0.006638512
2339,0.22618502,0.030351559,0.033090025,0.026583012,0.193095,0.0037685465
2340,0.2561664,0.05417158,0.052389123,0.038847707,0.20377728,0.015323874
2341,0.28930148,0.026607094,0.050499707,0.034998234,0.23880178,-0.00839114
2342,0.3355144,0.023853412,0.037344895,0.030921299,0.2981695,-0.007067887
2343,0.25749114,0.07859487,0.047123566,0.03431398,0.21036758,0.04428089
2344,0.33678684,0.073147014,0.07172255,0.05074954,0.2650643,0.022397473
2345,0.26747087,0.045400452,0.037370138,0.021685207,0.23010072,0.023715245
2346,0.04285293,0.0018845886,0.0033925897,0.00402179,0.039460342,-0.0021372014
2347,0.32826343,0.07309189,0.10827261,0.07745549,0.21999082,-0.004363604
2348,0.37531114,0.045682274,0.054055512,0.039097913,0.32125562,0.006584361
2349,0.35794044,0.071479514,0.054629177,0.038057018,0.30331126,0.033422496
2350,0.31062475,0.064640865,0.06263678,0.0550254,0.24798797,0.009615466
2351,0.3193797,0.08063689,0.057381354,0.040094096,0.26199833,0.040542793
2352,0.2940551,0.03711455,0.041765515,0.029149413,0.2522896,0.007965136
2353,0.0014700736,0.009503191,0.0026551974,0.006480838,-0.0011851238,0.0030223532
2354,0.28498924,0.058078982,0.06297067,0.039079435,0.22201857,0.018999547
2355,0.27874145,0.06139309,0.052805793,0.04539556,0.22593565,0.015997529
2356,0.2517916,0.07848169,0.07887256,0.058537655,0.17291903,0.019944035
2357,0.42917076,0.02927791,0.056308426,0.03987875,0.37286234,-0.010600839
2358,0.36072117,0.024897296,0.052163087,0.036144756,0.30855808,-0.01124746
2359,0.2723232,0.042545877,0.039414912,0.027794998,0.23290828,0.014750879
2360,0.34014392,0.016635092,0.044780623,0.035197683,0.2953633,-0.01856259
2361,0.21244535,0.031497486,0.04413369,0.03540819,0.16831166,-0.0039107054
2362,0.110977784,0.016878119,0.013723059,0.011336831,0.09725472,0.0055412874
2363,0.23145689,0.01826598,0.052166738,0.032921113,0.17929015,-0.014655134
2364,0.34750316,0.008756083,0.02920653,0.016453194,0.3182966,-0.00769711
2365,0.33373103,0.038559645,0.06632941,0.05426482,0.2674016,-0.015705176
2366,0.1789677,0.036510486,0.039636187,0.028329622,0.13933152,0.008180864
2367,0.27431864,0.012055863,0.04971696,0.031165704,0.22460167,-0.019109841
2368,0.2786793,0.05947848,0.07435216,0.054062128,0.20432715,0.0054163523
2369,0.22422016,0.03677319,0.041188553,0.03301456,0.1830316,0.0037586316
2370,0.20599161,0.030106515,0.03753163,0.030728433,0.16845998,-0.0006219186
2371,0.38348725,0.039688505,0.06985654,0.04804791,0.3136307,-0.008359406
2372,0.24778569,0.036365937,0.057758965,0.034521632,0.19002673,0.0018443055
2373,0.31794006,0.044567432,0.07558717,0.048142992,0.24235289,-0.0035755597
2374,0.387957,0.054870915,0.04619025,0.041166477,0.34176674,0.013704438
2375,0.16315565,-0.00266558,0.015402755,0.006556286,0.1477529,-0.009221866
2376,0.15359011,0.02662803,0.03430029,0.028279405,0.11928982,-0.0016513746
2377,0.28686458,0.019545477,0.046483114,0.026240176,0.24038146,-0.0066946987
2378,0.36644977,0.039412256,0.05892714,0.04346195,0.30752262,-0.0040496923
2379,0.25938496,0.04671488,0.045377593,0.031878598,0.21400736,0.014836282
2380,0.3176585,0.056861382,0.053694718,0.03751226,0.2639638,0.01934912
2381,0.32418063,0.022405751,0.05499236,0.036522873,0.26918828,-0.014117122
2382,0.34045956,0.05485288,0.058387827,0.035924662,0.28207174,0.018928219
2383,0.32366574,0.038633753,0.057421695,0.033977076,0.26624405,0.004656676
2384,0.31182623,0.03677584,0.067945555,0.04684354,0.24388067,-0.010067701
2385,0.23891795,0.06841086,0.061506845,0.043313246,0.17741111,0.025097612
2386,0.3110526,0.052763216,0.045425244,0.036167737,0.26562735,0.01659548
2387,0.31872958,0.0051067392,0.008991495,0.0074682212,0.3097381,-0.002361482
2388,0.32358718,0.06670154,0.07303269,0.060325526,0.2505545,0.006376013
2389,0.21288115,0.019030854,0.034363534,0.026081776,0.17851761,-0.007050922
2390,0.3033432,0.011907627,0.031943224,0.02292036,0.27139997,-0.011012734
2391,0.24674442,0.022459093,0.041258473,0.03256664,0.20548595,-0.010107547
2392,0.1449354,0.04656711,0.04945919,0.038632106,0.09547621,0.007935002
2393,0.2053342,-0.004710213,0.02701191,0.017716298,0.17832229,-0.02242651
2394,0.18997157,0.057073805,0.054937262,0.045394022,0.13503431,0.011679783
2395,0.126063,0.023208514,0.029488996,0.02112642,0.09657401,0.0020820946
2396,0.31680888,0.017779212,0.030844888,0.025059324,0.28596398,-0.0072801113
2397,0.29311046,0.045486502,0.051793873,0.0377658,0.24131659,0.0077207014
2398,0.35748735,0.050196875,0.054466825,0.049489506,0.30302054,0.0007073693
2399,0.26970756,0.03440948,0.04704036,0.032391615,0.2226672,0.002017863
2400,0.30619577,0.008461885,0.037013974,0.025415871,0.2691818,-0.016953986
2401,0.31494576,0.03903291,0.049487587,0.037795592,0.26545817,0.0012373179
2402,0.18356661,0.022983048,0.04477459,0.02807412,0.13879202,-0.005091071
2403,0.27117717,0.047642414,0.058043193,0.040575385,0.21313398,0.0070670284
2404,0.16564788,0.014452453,0.032010417,0.022846771,0.13363746,-0.008394319
2405,0.36329263,0.047911745,0.0796981,0.059739042,0.28359455,-0.0118272975
2406,0.26723233,0.03264008,0.051508468,0.038164474,0.21572386,-0.005524393
2407,0.18827102,0.031589188,0.037049644,0.031865347,0.15122136,-0.0002761595
2408,0.2848038,0.028757844,0.053421784,0.03808609,0.23138203,-0.009328246
2409,0.25257927,0.06048987,0.07285783,0.057071008,0.17972144,0.0034188628
2410,0.1924083,0.023538223,0.025015598,0.018975388,0.1673927,0.0045628343
2411,0.2856851,0.058327552,0.047204066,0.031202983,0.23848103,0.027124569
2412,0.20900974,0.07689963,0.047489993,0.04171285,0.16151974,0.035186782
2413,0.29808548,0.03494794,0.054141194,0.035725754,0.24394429,-0.00077781454
2414,0.34160644,0.054515474,0.057993032,0.043884464,0.2836134,0.01063101
2415,0.3412841,0.037736136,0.052535146,0.041606177,0.28874895,-0.0038700402
2416,0.25272164,0.04758713,0.07199119,0.051970802,0.18073045,-0.004383672
2417,0.32860598,0.040709913,0.05462291,0.0355069,0.27398306,0.0052030124
2418,0.42477742,0.04061333,0.048057906,0.03921594,0.3767195,0.0013973899
2419,0.39887542,0.012958891,0.04411899,0.023791382,0.3547564,-0.010832491
2420,0.29772824,0.052619416,0.062171392,0.053854477,0.23555684,-0.0012350604
2421,0.52831024,0.07030995,0.12623098,0.07802177,0.40207925,-0.0077118203
2422,0.0878818,0.022931214,0.027381679,0.019546693,0.060500123,0.0033845212
2423,0.2996646,0.015303475,0.06871798,0.035613142,0.2309466,-0.020309668
2424,0.37073374,0.020802269,0.03475385,0.026453275,0.33597988,-0.0056510065
2425,0.2546204,0.006046198,0.05537162,0.036387943,0.19924879,-0.030341744
2426,0.26866844,0.05422921,0.04217015,0.029873703,0.22649829,0.024355508
2427,0.28334272,0.033372656,0.05027014,0.03576922,0.23307258,-0.002396565
2428,0.30531508,0.015507546,0.046729602,0.029591221,0.25858548,-0.014083675
2429,0.2110032,0.03322952,0.03929942,0.030922327,0.17170379,0.0023071915
2430,0.28778967,0.040012047,0.06289938,0.041883215,0.22489029,-0.0018711686
2431,0.2467082,0.04721652,0.060575925,0.03869536,0.18613228,0.008521158
2432,0.2711699,0.041510433,0.06229476,0.03209862,0.20887515,0.009411812
2433,0.31791654,0.015464234,0.059553474,0.034203224,0.25836307,-0.018738989
2434,0.32817924,0.026704745,0.044244606,0.028834198,0.28393462,-0.0021294523
2435,0.31481674,0.036900744,0.035336267,0.022462605,0.2794805,0.014438139
2436,0.2561485,0.04679743,0.0661201,0.04557724,0.19002838,0.001220189
2437,0.109799005,0.0002633666,0.010219472,0.00856225,0.099579535,-0.008298883
2438,0.3060536,0.021602627,0.041706435,0.034697615,0.26434717,-0.013094988
2439,0.24647425,0.0521353,0.040318813,0.034083158,0.20615543,0.018052142
2440,0.28274965,0.045671117,0.07614376,0.0500045,0.2066059,-0.0043333843
2441,0.32604197,0.031053618,0.054029547,0.04240104,0.2720124,-0.011347424
2442,0.309211,0.080306575,0.0943303,0.072355434,0.21488068,0.00795114
2443,0.25954592,0.018474678,0.04409819,0.03539787,0.21544772,-0.016923191
2444,0.32558545,0.048806503,0.08270691,0.059147436,0.24287854,-0.010340933
2445,0.3011765,0.041848,0.035593502,0.02385262,0.26558298,0.01799538
2446,0.2910363,0.051124904,0.06043732,0.039912008,0.23059899,0.011212897
2447,0.2718077,0.028996253,0.04338782,0.02768594,0.22841989,0.0013103131
2448,0.21943073,0.03679666,0.046639577,0.036409058,0.17279115,0.00038760155
2449,0.2772538,0.058786057,0.064285606,0.052042313,0.2129682,0.006743744
2450,0.3911854,0.03939755,0.06614656,0.046014473,0.32503885,-0.006616924
2451,0.14074259,0.006767992,0.019313227,0.00969812,0.121429354,-0.002930128
2452,0.04264932,0.022737125,0.015233849,0.009478154,0.027415473,0.013258971
2453,0.34918073,0.013849286,0.04307987,0.033977997,0.30610085,-0.02012871
2454,0.3386346,0.037355617,0.05429875,0.03978279,0.28433585,-0.002427172
2455,0.2388968,0.021325506,0.03746663,0.026376098,0.20143017,-0.005050592
2456,0.25125304,0.04251741,0.032323174,0.024284044,0.21892986,0.018233364
2457,0.2991615,0.0018211879,0.039034978,0.015721228,0.26012653,-0.01390004
2458,0.11179093,0.0015882307,0.010795223,0.008910107,0.10099571,-0.0073218765
2459,0.37231526,0.038673107,0.041108135,0.028471168,0.33120713,0.010201938
2460,0.1830215,0.02313955,0.034367166,0.027939389,0.14865434,-0.004799839
2461,0.17502457,0.025089983,0.048111893,0.033014305,0.12691268,-0.007924322
2462,0.24990784,0.035601866,0.059495546,0.0327646,0.19041228,0.0028372668
2463,0.41394135,0.015299217,0.054639526,0.0377123,0.35930184,-0.022413082
2464,0.14257433,0.037035007,0.0325002,0.024276052,0.110074125,0.012758955
2465,0.22223474,0.051129565,0.05292102,0.03287927,0.16931373,0.018250294
2466,0.30834383,0.043330688,0.07196378,0.050929762,0.23638004,-0.0075990744
2467,0.30930915,0.044176616,0.052244246,0.03619773,0.2570649,0.007978886
2468,0.22646411,0.022023086,0.0463113,0.03715784,0.1801528,-0.0151347555
2469,0.20204762,0.035596572,0.045656174,0.025620783,0.15639144,0.009975789
2470,0.30396748,0.04527501,0.062273752,0.045676682,0.24169372,-0.00040167198
2471,0.2455741,0.04420661,0.040472932,0.025122795,0.20510116,0.019083817
2472,0.18046114,0.016493263,0.03303895,0.021388361,0.1474222,-0.0048950985
2473,0.22816978,0.0388477,0.03676617,0.030134743,0.19140361,0.008712957
2474,0.35507768,0.092047706,0.10197773,0.0796876,0.25309995,0.012360103
2475,0.32548553,0.054445986,0.0535208,0.04043897,0.27196473,0.014007017
2476,0.36099097,0.022292266,0.051464044,0.038409863,0.30952692,-0.016117597
2477,0.22230823,0.026953256,0.034843512,0.021126604,0.18746471,0.005826652
2478,0.2071454,0.021474339,0.03015174,0.026596446,0.17699365,-0.0051221065
2479,0.259437,0.020258829,0.0525931,0.03904193,0.2068439,-0.0187831
2480,0.37117383,0.031404823,0.032125644,0.020370718,0.33904818,0.011034105
2481,0.25719604,0.0058823605,0.028884303,0.023044601,0.22831173,-0.017162241
2482,0.30597132,0.04108026,0.05749774,0.035817318,0.24847358,0.005262941
2483,0.38395217,0.06306482,0.06979134,0.050264142,0.31416082,0.012800679
2484,0.29658714,0.025367044,0.042138997,0.024595607,0.25444815,0.00077143684
2485,0.04616431,0.00060308765,0.017081816,0.017885648,0.029082496,-0.01728256
2486,0.21364705,0.027053399,0.048020713,0.03365787,0.16562635,-0.006604472
2487,0.3093508,0.052545372,0.07694896,0.05776059,0.23240182,-0.0052152164
2488,0.33200577,0.058486983,0.06193148,0.046081655,0.27007428,0.012405328
2489,0.22749077,0.035632066,0.04718276,0.03390321,0.18030801,0.0017288551
2490,0.24341978,0.0426206,0.046789758,0.031039279,0.19663003,0.01158132
2491,0.3486018,0.04262159,0.05376907,0.03723616,0.2948327,0.0053854287
2492,0.25683364,0.05653473,0.06363044,0.047851875,0.19320321,0.0086828545
2493,0.21533906,0.036887262,0.040347822,0.028933395,0.17499125,0.007953867
2494,0.10476746,0.0108801145,0.021911446,0.019389937,0.082856014,-0.008509822
2495,0.3427313,0.05032671,0.07164403,0.045941874,0.27108726,0.0043848343
2496,0.26504806,0.037294358,0.04383772,0.025911223,0.22121033,0.011383135
2497,0.29716766,0.08178032,0.07543345,0.05622666,0.22173421,0.025553662
2498,0.31052098,0.0076398095,0.022988725,0.014140783,0.28753224,-0.0065009734
2499,0.08814631,0.019074626,0.024646267,0.013565086,0.06350004,0.0055095404
2500,0.33105323,0.029973056,0.04330019,0.033712775,0.28775305,-0.0037397183
2501,0.34090093,0.019535715,0.04855023,0.0314324,0.2923507,-0.011896687
2502,0.11064139,0.01271983,0.019845497,0.01196638,0.09079589,0.0007534493
2503,0.3808333,0.029219624,0.03816252,0.027165726,0.34267077,0.0020538978
2504,0.30717498,0.033328913,0.059567284,0.042807896,0.2476077,-0.009478983
2505,0.024627086,0.011842609,0.0029219338,0.00064338464,0.021705152,0.011199225
2506,0.30209047,0.044295784,0.040169254,0.029571887,0.26192123,0.014723897
2507,0.4756111,0.07164573,0.074989125,0.05049159,0.40062195,0.02115414
2508,0.32865795,0.0077256397,0.04484281,0.025102314,0.28381515,-0.017376674
2509,0.22951287,0.033615306,0.03785245,0.023696879,0.19166042,0.009918427
2510,0.36516336,0.040800594,0.055363607,0.0425919,0.30979976,-0.0017913058
2511,0.32139888,0.05049046,0.0640942,0.053329535,0.25730467,-0.0028390735
2512,0.3313282,0.039637517,0.06854253,0.04678215,0.26278567,-0.0071446337
2513,0.3048729,0.062290855,0.07056366,0.058147013,0.23430924,0.0041438416
2514,0.40345007,0.07244185,0.05786357,0.036587335,0.3455865,0.03585452
2515,0.45203108,-0.00961441,0.016406251,0.0042295475,0.43562484,-0.013843957
2516,0.34387645,0.02533504,0.05771911,0.037342116,0.28615734,-0.012007076
2517,0.06610886,0.008454805,0.010554353,0.0065790266,0.05555451,0.0018757787
2518,0.358109,0.039920475,0.054992605,0.038226563,0.30311638,0.0016939119
2519,0.27005878,0.044347532,0.056642152,0.033993356,0.21341664,0.010354176
2520,0.18871564,0.0511322,0.03250768,0.022163955,0.15620795,0.028968243
2521,0.30108872,0.04179125,0.040217493,0.028099384,0.26087123,0.013691865
2522,0.20248817,0.030569613,0.04792134,0.030624816,0.15456682,-5.5203214e-05
2523,0.372389,0.04930346,0.07901699,0.047403656,0.293372,0.0018998049
2524,0.32740024,0.021972455,0.053948563,0.03380599,0.2734517,-0.011833534
2525,0.2871801,0.024510609,0.03548401,0.028069934,0.25169608,-0.003559325
2526,0.42090034,0.036321424,0.06900023,0.04886093,0.3519001,-0.012539506
2527,0.21724704,0.056278743,0.055519395,0.039462678,0.16172764,0.016816065
2528,0.39209342,0.06614302,0.07152211,0.053645443,0.3205713,0.012497578
2529,0.24211068,0.027721582,0.04721311,0.02807427,0.19489758,-0.00035268813
2530,0.2923822,0.044384398,0.067852,0.055517007,0.22453022,-0.011132609
2531,0.40080786,0.051577114,0.074251615,0.058297485,0.32655624,-0.0067203715
2532,0.24670532,0.020689037,0.043171443,0.02806803,0.20353389,-0.0073789936
2533,0.1408779,0.013304959,0.027804699,0.019976517,0.1130732,-0.006671558
2534,0.25088963,0.023914687,0.035981555,0.03304245,0.21490808,-0.009127762
2535,0.104857035,0.007644521,0.014433017,0.015193775,0.090424016,-0.007549254
2536,0.37873718,0.025172034,0.058421087,0.04076171,0.3203161,-0.015589675
2537,0.06877903,0.010999652,0.016645655,0.011488655,0.052133374,-0.000489003
2538,0.20272842,0.011117934,0.014135567,0.013661662,0.18859285,-0.0025437279
2539,0.33454597,0.03327986,0.0683125,0.041343126,0.26623347,-0.008063268
2540,0.30205008,0.028315706,0.05986471,0.04607182,0.24218537,-0.017756114
2541,0.20432281,0.02643714,0.0403229,0.028954303,0.16399992,-0.0025171638
2542,0.32968712,0.06826238,0.09097065,0.07056908,0.23871647,-0.0023066998
2543,0.11315318,0.012919256,0.017182183,0.014896552,0.095971,-0.0019772956
2544,0.26632586,0.045836896,0.06443859,0.04866344,0.20188728,-0.0028265454
2545,0.20772776,-0.0016106443,0.0046417164,0.002947621,0.20308605,-0.004558265
2546,0.24855332,0.045016754,0.041663133,0.028939586,0.2068902,0.016077168
2547,0.26485106,0.0293025,0.03651266,0.025743803,0.2283384,0.0035586972
2548,0.32050794,0.040385928,0.04754975,0.035521492,0.2729582,0.0048644356
2549,0.27591658,0.03196358,0.03681808,0.03526155,0.23909849,-0.0032979697
2550,0.2835725,0.010447759,0.037838884,0.024408778,0.24573362,-0.013961019
2551,0.25544825,0.02160487,0.025692362,0.014813249,0.2297559,0.0067916205
2552,0.25530306,0.026028126,0.05164235,0.02910069,0.2036607,-0.0030725636
2553,0.32980245,0.022466967,0.051792055,0.037977282,0.2780104,-0.015510315
2554,0.17202623,0.03495312,0.052255087,0.034397084,0.119771145,0.00055603683
2555,0.25047737,0.021718908,0.0434076,0.028340071,0.20706977,-0.0066211633
2556,0.25995436,0.027064502,0.0328928,0.025700133,0.22706157,0.001364369
2557,0.42527217,0.05903783,0.08315613,0.057432454,0.34211603,0.0016053766
2558,0.31774142,0.032216676,0.05076011,0.037339408,0.2669813,-0.0051227324
2559,0.23086806,0.0064804205,0.017377317,0.012415126,0.21349074,-0.0059347055
